[net] backend initialized
Detected Fixed VHD footer -- excluding it from disk geometry
Attached disk C:\VHDs\win10_installer.vhd (16777216 sectors of 512 bytes)
[cpuid] measured host TSC frequency: 1896008050 Hz
[cpuid] leaf 1 override: host EBX=0x04100800 EDX=0xBFEBFBFF -> guest EBX=0x00010800 EDX=0xAFEBFBFF
Loaded 4194304 bytes of UEFI firmware C:\Users\DELL\Downloads\RELEASEX64_OVMF.fd
Mapped UEFI firmware at 0xFFC00000-0xFFFFFFFF, entering run loop
[kd] named pipe \\.\pipe\LocalHostKD ready -- attach WinDbg with -k com:pipe,port=\\.\pipe\LocalHostKD,resets=0,reconnect (COM2, ports 0x2F8-0x2FF)
[kd-reader] outer loop #1: calling ConnectNamedPipe
[pcicfg #1] bus=0 dev=0 func=0 off=0x02 size=2 write=0 val=0x1237 cfg=present
[pcicfg #2] bus=0 dev=1 func=3 off=0x80 size=1 write=0 val=0x0 cfg=present
[pcicfg #3] bus=0 dev=1 func=3 off=0x40 size=4 write=0 val=0x0 cfg=present
[pcicfg #4] bus=0 dev=1 func=3 off=0x40 size=4 write=1 val=0xB000 cfg=present
[pcicfg #5] bus=0 dev=1 func=3 off=0x80 size=1 write=0 val=0x0 cfg=present
[pcicfg #6] bus=0 dev=1 func=3 off=0x80 size=1 write=1 val=0x1 cfg=present
[pcicfg #7] bus=0 dev=0 func=0 off=0x02 size=2 write=0 val=0x1237 cfg=present
[pcicfg #8] bus=0 dev=1 func=3 off=0x80 size=1 write=0 val=0x1 cfg=present
[pcicfg #9] bus=0 dev=1 func=3 off=0x40 size=4 write=0 val=0xB000 cfg=present
[pcicfg #10] bus=0 dev=0 func=0 off=0x02 size=2 write=0 val=0x1237 cfg=present
[pcicfg #11] bus=0 dev=1 func=3 off=0x80 size=1 write=0 val=0x1 cfg=present
[pcicfg #12] bus=0 dev=1 func=3 off=0x40 size=4 write=0 val=0xB000 cfg=present
[pcicfg #13] bus=0 dev=0 func=0 off=0x02 size=2 write=0 val=0x1237 cfg=present
[pcicfg #14] bus=0 dev=1 func=3 off=0x80 size=1 write=0 val=0x1 cfg=present
[pcicfg #15] bus=0 dev=1 func=3 off=0x40 size=4 write=0 val=0xB000 cfg=present
[pcicfg #16] bus=0 dev=0 func=0 off=0x02 size=2 write=0 val=0x1237 cfg=present
[pcicfg #17] bus=0 dev=1 func=3 off=0x80 size=1 write=0 val=0x1 cfg=present
[pcicfg #18] bus=0 dev=1 func=3 off=0x40 size=4 write=0 val=0xB000 cfg=present
[fwcfg] select #1: selector=0x0
[fwcfg] read #1: selector=0x0 offset=0 dataLen=4 stringOp=1 rep=1
[fwcfg] select #2: selector=0x1
[fwcfg] read #2: selector=0x1 offset=0 dataLen=4 stringOp=1 rep=1
[fwcfg] select #3: selector=0x19
[fwcfg] read #3: selector=0x19 offset=0 dataLen=260 stringOp=1 rep=1
[fwcfg] select #4: selector=0x19
[fwcfg] read #4: selector=0x19 offset=0 dataLen=260 stringOp=1 rep=1
[fwcfg] read #5: selector=0x19 offset=4 dataLen=260 stringOp=1 rep=1
[fwcfg] read #6: selector=0x19 offset=8 dataLen=260 stringOp=1 rep=1
[fwcfg] read #7: selector=0x19 offset=10 dataLen=260 stringOp=1 rep=1
[fwcfg] read #8: selector=0x19 offset=12 dataLen=260 stringOp=1 rep=1
[fwcfg] read #9: selector=0x19 offset=68 dataLen=260 stringOp=1 rep=1
[fwcfg] read #10: selector=0x19 offset=72 dataLen=260 stringOp=1 rep=1
[fwcfg] read #11: selector=0x19 offset=74 dataLen=260 stringOp=1 rep=1
[fwcfg] read #12: selector=0x19 offset=76 dataLen=260 stringOp=1 rep=1
[fwcfg] read #13: selector=0x19 offset=132 dataLen=260 stringOp=1 rep=1
[fwcfg] read #14: selector=0x19 offset=136 dataLen=260 stringOp=1 rep=1
[fwcfg] read #15: selector=0x19 offset=138 dataLen=260 stringOp=1 rep=1
[fwcfg] read #16: selector=0x19 offset=140 dataLen=260 stringOp=1 rep=1
[fwcfg] read #17: selector=0x19 offset=196 dataLen=260 stringOp=1 rep=1
[fwcfg] read #18: selector=0x19 offset=200 dataLen=260 stringOp=1 rep=1
[fwcfg] read #19: selector=0x19 offset=202 dataLen=260 stringOp=1 rep=1
[fwcfg] read #20: selector=0x19 offset=204 dataLen=260 stringOp=1 rep=1
[fwcfg] select #5: selector=0x19
[fwcfg] read #21: selector=0x19 offset=0 dataLen=260 stringOp=1 rep=1
[fwcfg] read #22: selector=0x19 offset=4 dataLen=260 stringOp=1 rep=1
[fwcfg] read #23: selector=0x19 offset=8 dataLen=260 stringOp=1 rep=1
[fwcfg] read #24: selector=0x19 offset=10 dataLen=260 stringOp=1 rep=1
[fwcfg] read #25: selector=0x19 offset=12 dataLen=260 stringOp=1 rep=1
[fwcfg] read #26: selector=0x19 offset=68 dataLen=260 stringOp=1 rep=1
[fwcfg] read #27: selector=0x19 offset=72 dataLen=260 stringOp=1 rep=1
[fwcfg] read #28: selector=0x19 offset=74 dataLen=260 stringOp=1 rep=1
[fwcfg] read #29: selector=0x19 offset=76 dataLen=260 stringOp=1 rep=1
[fwcfg] read #30: selector=0x19 offset=132 dataLen=260 stringOp=1 rep=1
[fwcfg] read #31: selector=0x19 offset=136 dataLen=260 stringOp=1 rep=1
[fwcfg] read #32: selector=0x19 offset=138 dataLen=260 stringOp=1 rep=1
[fwcfg] read #33: selector=0x19 offset=140 dataLen=260 stringOp=1 rep=1
[fwcfg] read #34: selector=0x19 offset=196 dataLen=260 stringOp=1 rep=1
[fwcfg] read #35: selector=0x19 offset=200 dataLen=260 stringOp=1 rep=1
[fwcfg] read #36: selector=0x19 offset=202 dataLen=260 stringOp=1 rep=1
[fwcfg] read #37: selector=0x19 offset=204 dataLen=260 stringOp=1 rep=1
[fwcfg] select #6: selector=0x19
[fwcfg] read #38: selector=0x19 offset=0 dataLen=260 stringOp=1 rep=1
[fwcfg] read #39: selector=0x19 offset=4 dataLen=260 stringOp=1 rep=1
[fwcfg] read #40: selector=0x19 offset=8 dataLen=260 stringOp=1 rep=1
[fwcfg] read #41: selector=0x19 offset=10 dataLen=260 stringOp=1 rep=1
[fwcfg] read #42: selector=0x19 offset=12 dataLen=260 stringOp=1 rep=1
[fwcfg] read #43: selector=0x19 offset=68 dataLen=260 stringOp=1 rep=1
[fwcfg] read #44: selector=0x19 offset=72 dataLen=260 stringOp=1 rep=1
[fwcfg] read #45: selector=0x19 offset=74 dataLen=260 stringOp=1 rep=1
[fwcfg] read #46: selector=0x19 offset=76 dataLen=260 stringOp=1 rep=1
[fwcfg] read #47: selector=0x19 offset=132 dataLen=260 stringOp=1 rep=1
[fwcfg] read #48: selector=0x19 offset=136 dataLen=260 stringOp=1 rep=1
[fwcfg] read #49: selector=0x19 offset=138 dataLen=260 stringOp=1 rep=1
[fwcfg] read #50: selector=0x19 offset=140 dataLen=260 stringOp=1 rep=1
[fwcfg] read #51: selector=0x19 offset=196 dataLen=260 stringOp=1 rep=1
[fwcfg] read #52: selector=0x19 offset=200 dataLen=260 stringOp=1 rep=1
[fwcfg] read #53: selector=0x19 offset=202 dataLen=260 stringOp=1 rep=1
[fwcfg] read #54: selector=0x19 offset=204 dataLen=260 stringOp=1 rep=1
[fwcfg] select #7: selector=0x19
[fwcfg] read #55: selector=0x19 offset=0 dataLen=260 stringOp=1 rep=1
[fwcfg] read #56: selector=0x19 offset=4 dataLen=260 stringOp=1 rep=1
[fwcfg] read #57: selector=0x19 offset=8 dataLen=260 stringOp=1 rep=1
[fwcfg] read #58: selector=0x19 offset=10 dataLen=260 stringOp=1 rep=1
[fwcfg] read #59: selector=0x19 offset=12 dataLen=260 stringOp=1 rep=1
[fwcfg] read #60: selector=0x19 offset=68 dataLen=260 stringOp=1 rep=1
[fwcfg] select #8: selector=0x19
[fwcfg] select #9: selector=0x19
[fwcfg] select #10: selector=0x19
[fwcfg] select #11: selector=0x0
[fwcfg] select #12: selector=0x1
[fwcfg] select #13: selector=0x19
[fwcfg] select #14: selector=0xE
[pcicfg #19] bus=0 dev=0 func=0 off=0x02 size=2 write=0 val=0x1237 cfg=present
[fwcfg] select #15: selector=0x5
[pcicfg #20] bus=0 dev=1 func=3 off=0x80 size=1 write=0 val=0x1 cfg=present
[pcicfg #21] bus=0 dev=0 func=0 off=0x02 size=2 write=0 val=0x1237 cfg=present
[pcicfg #22] bus=0 dev=1 func=3 off=0x80 size=1 write=0 val=0x1 cfg=present
[pcicfg #23] bus=0 dev=1 func=3 off=0x40 size=4 write=0 val=0xB000 cfg=present
[pcicfg #24] bus=0 dev=0 func=0 off=0x02 size=2 write=0 val=0x1237 cfg=present
[pcicfg #25] bus=0 dev=1 func=3 off=0x80 size=1 write=0 val=0x1 cfg=present
[pcicfg #26] bus=0 dev=1 func=3 off=0x40 size=4 write=0 val=0xB000 cfg=present
[pcicfg #27] bus=0 dev=0 func=0 off=0x02 size=2 write=0 val=0x1237 cfg=present
[pcicfg #28] bus=0 dev=1 func=3 off=0x80 size=1 write=0 val=0x1 cfg=present
[pcicfg #29] bus=0 dev=1 func=3 off=0x40 size=4 write=0 val=0xB000 cfg=present
[pcicfg #30] bus=0 dev=0 func=0 off=0x02 size=2 write=0 val=0x1237 cfg=present
[pcicfg #31] bus=0 dev=1 func=3 off=0x80 size=1 write=0 val=0x1 cfg=present
[pcicfg #32] bus=0 dev=1 func=3 off=0x40 size=4 write=0 val=0xB000 cfg=present
[pcicfg #33] bus=0 dev=0 func=0 off=0x02 size=2 write=0 val=0x1237 cfg=present
[pcicfg #34] bus=0 dev=1 func=3 off=0x80 size=1 write=0 val=0x1 cfg=present
[pcicfg #35] bus=0 dev=1 func=3 off=0x40 size=4 write=0 val=0xB000 cfg=present
[pcicfg #36] bus=0 dev=1 func=3 off=0x40 size=4 write=0 val=0xB000 cfg=present
[pcicfg #37] bus=0 dev=1 func=3 off=0x40 size=4 write=0 val=0xB000 cfg=present
[pcicfg #38] bus=0 dev=1 func=3 off=0x40 size=4 write=0 val=0xB000 cfg=present
[pcicfg #39] bus=0 dev=1 func=3 off=0x40 size=4 write=0 val=0xB000 cfg=present
[pcicfg #40] bus=0 dev=1 func=3 off=0x40 size=4 write=0 val=0xB000 cfg=present
[pcicfg #41] bus=0 dev=1 func=3 off=0x40 size=4 write=0 val=0xB000 cfg=present
[pcicfg #42] bus=0 dev=1 func=3 off=0x40 size=4 write=0 val=0xB000 cfg=present
[pcicfg #43] bus=0 dev=1 func=3 off=0x40 size=4 write=0 val=0xB000 cfg=present
[pcicfg #44] bus=0 dev=1 func=3 off=0x40 size=4 write=0 val=0xB000 cfg=present
[pcicfg #45] bus=0 dev=1 func=3 off=0x40 size=4 write=0 val=0xB000 cfg=present
[pcicfg #46] bus=0 dev=1 func=3 off=0x40 size=4 write=0 val=0xB000 cfg=present
[pcicfg #47] bus=0 dev=1 func=3 off=0x40 size=4 write=0 val=0xB000 cfg=present
[pcicfg #48] bus=0 dev=1 func=3 off=0x40 size=4 write=0 val=0xB000 cfg=present
[pcicfg #49] bus=0 dev=1 func=3 off=0x40 size=4 write=0 val=0xB000 cfg=present
[fwcfg] select #16: selector=0x23
[ramfb] configured: address=0xBE500000 800x600 stride=3200
[pcicfg #50] bus=0 dev=1 func=3 off=0x40 size=4 write=0 val=0xB000 cfg=present
[pcicfg #51] bus=0 dev=1 func=3 off=0x40 size=4 write=0 val=0xB000 cfg=present
[cmos-ab] write reg=0x0A value=0x26 (RegA=0x26 RegB=0x06, PIE=0)
[cmos-ab] write reg=0x0B value=0x02 (RegA=0x26 RegB=0x02, PIE=0)
[cmos-ab] write reg=0x0B value=0x82 (RegA=0x26 RegB=0x82, PIE=0)
[cmos-ab] write reg=0x0A value=0x76 (RegA=0x76 RegB=0x82, PIE=0)
[cmos-ab] write reg=0x0B value=0x02 (RegA=0x76 RegB=0x02, PIE=0)
[cmos-ab] write reg=0x0A value=0x26 (RegA=0x26 RegB=0x02, PIE=0)
[pcicfg #52] bus=0 dev=1 func=3 off=0x40 size=4 write=0 val=0xB000 cfg=present
[fwcfg] select #17: selector=0x17
[fwcfg] select #18: selector=0x8
[fwcfg] select #19: selector=0xB
[fwcfg] select #20: selector=0x14
[pcicfg #53] bus=0 dev=1 func=3 off=0x40 size=4 write=0 val=0xB000 cfg=present
[pcicfg #54] bus=0 dev=1 func=3 off=0x40 size=4 write=0 val=0xB000 cfg=present
[pcicfg #55] bus=0 dev=1 func=3 off=0x40 size=4 write=0 val=0xB000 cfg=present
[pcicfg #56] bus=0 dev=1 func=3 off=0x40 size=4 write=0 val=0xB000 cfg=present
[pcicfg #57] bus=0 dev=1 func=3 off=0x40 size=4 write=0 val=0xB000 cfg=present
[pcicfg #58] bus=0 dev=1 func=3 off=0x40 size=4 write=0 val=0xB000 cfg=present
[pcicfg #59] bus=0 dev=1 func=3 off=0x40 size=4 write=0 val=0xB000 cfg=present
[pcicfg #60] bus=0 dev=0 func=0 off=0x00 size=4 write=0 val=0x12378086 cfg=present
[pcicfg #61] bus=0 dev=0 func=0 off=0x00 size=4 write=0 val=0x12378086 cfg=present
[pcicfg #62] bus=0 dev=0 func=0 off=0x04 size=4 write=0 val=0x0 cfg=present
[pcicfg #63] bus=0 dev=0 func=0 off=0x08 size=4 write=0 val=0x6000002 cfg=present
[pcicfg #64] bus=0 dev=0 func=0 off=0x0C size=4 write=0 val=0x0 cfg=present
[pcicfg #65] bus=0 dev=0 func=0 off=0x10 size=4 write=0 val=0x0 cfg=present
[pcicfg #66] bus=0 dev=0 func=0 off=0x14 size=4 write=0 val=0x0 cfg=present
[pcicfg #67] bus=0 dev=0 func=0 off=0x18 size=4 write=0 val=0x0 cfg=present
[pcicfg #68] bus=0 dev=0 func=0 off=0x1C size=4 write=0 val=0x0 cfg=present
[pcicfg #69] bus=0 dev=0 func=0 off=0x20 size=4 write=0 val=0x0 cfg=present
[pcicfg #70] bus=0 dev=0 func=0 off=0x24 size=4 write=0 val=0x0 cfg=present
[pcicfg #71] bus=0 dev=0 func=0 off=0x28 size=4 write=0 val=0x0 cfg=present
[pcicfg #72] bus=0 dev=0 func=0 off=0x2C size=4 write=0 val=0x0 cfg=present
[pcicfg #73] bus=0 dev=0 func=0 off=0x30 size=4 write=0 val=0x0 cfg=present
[pcicfg #74] bus=0 dev=0 func=0 off=0x34 size=4 write=0 val=0x0 cfg=present
[pcicfg #75] bus=0 dev=0 func=0 off=0x38 size=4 write=0 val=0x0 cfg=present
[pcicfg #76] bus=0 dev=0 func=0 off=0x3C size=4 write=0 val=0x0 cfg=present
[pcicfg #77] bus=0 dev=1 func=0 off=0x00 size=4 write=0 val=0x70008086 cfg=present
[pcicfg #78] bus=0 dev=1 func=0 off=0x00 size=4 write=0 val=0x70008086 cfg=present
[pcicfg #79] bus=0 dev=1 func=0 off=0x04 size=4 write=0 val=0x0 cfg=present
[pcicfg #80] bus=0 dev=1 func=0 off=0x08 size=4 write=0 val=0x6010000 cfg=present
[pcicfg #81] bus=0 dev=1 func=0 off=0x0C size=4 write=0 val=0x800000 cfg=present
[pcicfg #82] bus=0 dev=1 func=0 off=0x10 size=4 write=0 val=0x0 cfg=present
[pcicfg #83] bus=0 dev=1 func=0 off=0x14 size=4 write=0 val=0x0 cfg=present
[pcicfg #84] bus=0 dev=1 func=0 off=0x18 size=4 write=0 val=0x0 cfg=present
[pcicfg #85] bus=0 dev=1 func=0 off=0x1C size=4 write=0 val=0x0 cfg=present
[pcicfg #86] bus=0 dev=1 func=0 off=0x20 size=4 write=0 val=0x0 cfg=present
[pcicfg #87] bus=0 dev=1 func=0 off=0x24 size=4 write=0 val=0x0 cfg=present
[pcicfg #88] bus=0 dev=1 func=0 off=0x28 size=4 write=0 val=0x0 cfg=present
[pcicfg #89] bus=0 dev=1 func=0 off=0x2C size=4 write=0 val=0x0 cfg=present
[pcicfg #90] bus=0 dev=1 func=0 off=0x30 size=4 write=0 val=0x0 cfg=present
[pcicfg #91] bus=0 dev=1 func=0 off=0x34 size=4 write=0 val=0x0 cfg=present
[pcicfg #92] bus=0 dev=1 func=0 off=0x38 size=4 write=0 val=0x0 cfg=present
[pcicfg #93] bus=0 dev=1 func=0 off=0x3C size=4 write=0 val=0x0 cfg=present
[pcicfg #94] bus=0 dev=1 func=1 off=0x00 size=4 write=0 val=0xFFFFFFFF cfg=absent
[pcicfg #95] bus=0 dev=1 func=2 off=0x00 size=4 write=0 val=0xFFFFFFFF cfg=absent
[pcicfg #96] bus=0 dev=1 func=3 off=0x00 size=4 write=0 val=0x71138086 cfg=present
[pcicfg #97] bus=0 dev=1 func=3 off=0x00 size=4 write=0 val=0x71138086 cfg=present
[pcicfg #98] bus=0 dev=1 func=3 off=0x04 size=4 write=0 val=0x0 cfg=present
[pcicfg #99] bus=0 dev=1 func=3 off=0x08 size=4 write=0 val=0x6800000 cfg=present
[pcicfg #100] bus=0 dev=1 func=3 off=0x0C size=4 write=0 val=0x0 cfg=present
[pcicfg #101] bus=0 dev=1 func=3 off=0x10 size=4 write=0 val=0x0 cfg=present
[pcicfg #102] bus=0 dev=1 func=3 off=0x14 size=4 write=0 val=0x0 cfg=present
[pcicfg #103] bus=0 dev=1 func=3 off=0x18 size=4 write=0 val=0x0 cfg=present
[pcicfg #104] bus=0 dev=1 func=3 off=0x1C size=4 write=0 val=0x0 cfg=present
[pcicfg #105] bus=0 dev=1 func=3 off=0x20 size=4 write=0 val=0x0 cfg=present
[pcicfg #106] bus=0 dev=1 func=3 off=0x24 size=4 write=0 val=0x0 cfg=present
[pcicfg #107] bus=0 dev=1 func=3 off=0x28 size=4 write=0 val=0x0 cfg=present
[pcicfg #108] bus=0 dev=1 func=3 off=0x2C size=4 write=0 val=0x0 cfg=present
[pcicfg #109] bus=0 dev=1 func=3 off=0x30 size=4 write=0 val=0x0 cfg=present
[pcicfg #110] bus=0 dev=1 func=3 off=0x34 size=4 write=0 val=0x0 cfg=present
[pcicfg #111] bus=0 dev=1 func=3 off=0x38 size=4 write=0 val=0x0 cfg=present
[pcicfg #112] bus=0 dev=1 func=3 off=0x3C size=4 write=0 val=0x0 cfg=present
[pcicfg #113] bus=0 dev=1 func=4 off=0x00 size=4 write=0 val=0xFFFFFFFF cfg=absent
[pcicfg #114] bus=0 dev=1 func=5 off=0x00 size=4 write=0 val=0xFFFFFFFF cfg=absent
[pcicfg #115] bus=0 dev=1 func=6 off=0x00 size=4 write=0 val=0xFFFFFFFF cfg=absent
[pcicfg #116] bus=0 dev=1 func=7 off=0x00 size=4 write=0 val=0xFFFFFFFF cfg=absent
[pcicfg #117] bus=0 dev=2 func=0 off=0x00 size=4 write=0 val=0x29228086 cfg=present
[pcicfg #118] bus=0 dev=2 func=0 off=0x00 size=4 write=0 val=0x29228086 cfg=present
[pcicfg #119] bus=0 dev=2 func=0 off=0x04 size=4 write=0 val=0x0 cfg=present
[pcicfg #120] bus=0 dev=2 func=0 off=0x08 size=4 write=0 val=0x1060102 cfg=present
[pcicfg #121] bus=0 dev=2 func=0 off=0x0C size=4 write=0 val=0x0 cfg=present
[pcicfg #122] bus=0 dev=2 func=0 off=0x10 size=4 write=0 val=0x0 cfg=present
[heartbeat: exitCount=5000 elapsedSec=0.0 lastPort=0xCFC write=0 val=0x89]
[pcicfg #123] bus=0 dev=2 func=0 off=0x14 size=4 write=0 val=0x0 cfg=present
[pcicfg #124] bus=0 dev=2 func=0 off=0x18 size=4 write=0 val=0x0 cfg=present
[pcicfg #125] bus=0 dev=2 func=0 off=0x1C size=4 write=0 val=0x0 cfg=present
[pcicfg #126] bus=0 dev=2 func=0 off=0x20 size=4 write=0 val=0x0 cfg=present
[pcicfg #127] bus=0 dev=2 func=0 off=0x24 size=4 write=0 val=0x0 cfg=present
[pcicfg #128] bus=0 dev=2 func=0 off=0x28 size=4 write=0 val=0x0 cfg=present
[pcicfg #129] bus=0 dev=2 func=0 off=0x2C size=4 write=0 val=0x0 cfg=present
[pcicfg #130] bus=0 dev=2 func=0 off=0x30 size=4 write=0 val=0x0 cfg=present
[pcicfg #131] bus=0 dev=2 func=0 off=0x34 size=4 write=0 val=0x0 cfg=present
[pcicfg #132] bus=0 dev=2 func=0 off=0x38 size=4 write=0 val=0x0 cfg=present
[pcicfg #133] bus=0 dev=2 func=0 off=0x3C size=4 write=0 val=0x0 cfg=present
[pcicfg #134] bus=0 dev=3 func=0 off=0x00 size=4 write=0 val=0x813910EC cfg=present
[pcicfg #135] bus=0 dev=3 func=0 off=0x00 size=4 write=0 val=0x813910EC cfg=present
[pcicfg #136] bus=0 dev=3 func=0 off=0x04 size=4 write=0 val=0x0 cfg=present
[pcicfg #137] bus=0 dev=3 func=0 off=0x08 size=4 write=0 val=0x2000010 cfg=present
[pcicfg #138] bus=0 dev=3 func=0 off=0x0C size=4 write=0 val=0x0 cfg=present
[pcicfg #139] bus=0 dev=3 func=0 off=0x10 size=4 write=0 val=0x0 cfg=present
[pcicfg #140] bus=0 dev=3 func=0 off=0x14 size=4 write=0 val=0x0 cfg=present
[pcicfg #141] bus=0 dev=3 func=0 off=0x18 size=4 write=0 val=0x0 cfg=present
[pcicfg #142] bus=0 dev=3 func=0 off=0x1C size=4 write=0 val=0x0 cfg=present
[pcicfg #143] bus=0 dev=3 func=0 off=0x20 size=4 write=0 val=0x0 cfg=present
[pcicfg #144] bus=0 dev=3 func=0 off=0x24 size=4 write=0 val=0x0 cfg=present
[pcicfg #145] bus=0 dev=3 func=0 off=0x28 size=4 write=0 val=0x0 cfg=present
[pcicfg #146] bus=0 dev=3 func=0 off=0x2C size=4 write=0 val=0x0 cfg=present
[pcicfg #147] bus=0 dev=3 func=0 off=0x30 size=4 write=0 val=0x0 cfg=present
[pcicfg #148] bus=0 dev=3 func=0 off=0x34 size=4 write=0 val=0x0 cfg=present
[pcicfg #149] bus=0 dev=3 func=0 off=0x38 size=4 write=0 val=0x0 cfg=present
[pcicfg #150] bus=0 dev=3 func=0 off=0x3C size=4 write=0 val=0x100 cfg=present
[pcicfg #151] bus=0 dev=4 func=0 off=0x00 size=4 write=0 val=0xFFFFFFFF cfg=absent
[pcicfg #152] bus=0 dev=5 func=0 off=0x00 size=4 write=0 val=0xFFFFFFFF cfg=absent
[pcicfg #153] bus=0 dev=6 func=0 off=0x00 size=4 write=0 val=0xFFFFFFFF cfg=absent
[pcicfg #154] bus=0 dev=7 func=0 off=0x00 size=4 write=0 val=0xFFFFFFFF cfg=absent
[pcicfg #155] bus=0 dev=8 func=0 off=0x00 size=4 write=0 val=0xFFFFFFFF cfg=absent
[pcicfg #156] bus=0 dev=9 func=0 off=0x00 size=4 write=0 val=0xFFFFFFFF cfg=absent
[pcicfg #157] bus=0 dev=10 func=0 off=0x00 size=4 write=0 val=0xFFFFFFFF cfg=absent
[pcicfg #158] bus=0 dev=11 func=0 off=0x00 size=4 write=0 val=0xFFFFFFFF cfg=absent
[pcicfg #159] bus=0 dev=12 func=0 off=0x00 size=4 write=0 val=0xFFFFFFFF cfg=absent
[pcicfg #160] bus=0 dev=13 func=0 off=0x00 size=4 write=0 val=0xFFFFFFFF cfg=absent
[pcicfg #161] bus=0 dev=14 func=0 off=0x00 size=4 write=0 val=0xFFFFFFFF cfg=absent
[pcicfg #162] bus=0 dev=15 func=0 off=0x00 size=4 write=0 val=0xFFFFFFFF cfg=absent
[pcicfg #163] bus=0 dev=16 func=0 off=0x00 size=4 write=0 val=0xFFFFFFFF cfg=absent
[pcicfg #164] bus=0 dev=17 func=0 off=0x00 size=4 write=0 val=0xFFFFFFFF cfg=absent
[pcicfg #165] bus=0 dev=18 func=0 off=0x00 size=4 write=0 val=0xFFFFFFFF cfg=absent
[pcicfg #166] bus=0 dev=19 func=0 off=0x00 size=4 write=0 val=0xFFFFFFFF cfg=absent
[pcicfg #167] bus=0 dev=20 func=0 off=0x00 size=4 write=0 val=0xFFFFFFFF cfg=absent
[pcicfg #168] bus=0 dev=21 func=0 off=0x00 size=4 write=0 val=0xFFFFFFFF cfg=absent
[pcicfg #169] bus=0 dev=22 func=0 off=0x00 size=4 write=0 val=0xFFFFFFFF cfg=absent
[pcicfg #170] bus=0 dev=23 func=0 off=0x00 size=4 write=0 val=0xFFFFFFFF cfg=absent
[pcicfg #171] bus=0 dev=24 func=0 off=0x00 size=4 write=0 val=0xFFFFFFFF cfg=absent
[pcicfg #172] bus=0 dev=25 func=0 off=0x00 size=4 write=0 val=0xFFFFFFFF cfg=absent
[pcicfg #173] bus=0 dev=26 func=0 off=0x00 size=4 write=0 val=0xFFFFFFFF cfg=absent
[pcicfg #174] bus=0 dev=27 func=0 off=0x00 size=4 write=0 val=0xFFFFFFFF cfg=absent
[pcicfg #175] bus=0 dev=28 func=0 off=0x00 size=4 write=0 val=0xFFFFFFFF cfg=absent
[pcicfg #176] bus=0 dev=29 func=0 off=0x00 size=4 write=0 val=0xFFFFFFFF cfg=absent
[pcicfg #177] bus=0 dev=30 func=0 off=0x00 size=4 write=0 val=0xFFFFFFFF cfg=absent
[pcicfg #178] bus=0 dev=31 func=0 off=0x00 size=4 write=0 val=0xFFFFFFFF cfg=absent
[pcicfg #179] bus=0 dev=0 func=0 off=0x00 size=4 write=0 val=0x12378086 cfg=present
[pcicfg #180] bus=0 dev=0 func=0 off=0x00 size=4 write=0 val=0x12378086 cfg=present
[pcicfg #181] bus=0 dev=0 func=0 off=0x04 size=4 write=0 val=0x0 cfg=present
[pcicfg #182] bus=0 dev=0 func=0 off=0x08 size=4 write=0 val=0x6000002 cfg=present
[pcicfg #183] bus=0 dev=0 func=0 off=0x0C size=4 write=0 val=0x0 cfg=present
[pcicfg #184] bus=0 dev=0 func=0 off=0x10 size=4 write=0 val=0x0 cfg=present
[pcicfg #185] bus=0 dev=0 func=0 off=0x14 size=4 write=0 val=0x0 cfg=present
[pcicfg #186] bus=0 dev=0 func=0 off=0x18 size=4 write=0 val=0x0 cfg=present
[pcicfg #187] bus=0 dev=0 func=0 off=0x1C size=4 write=0 val=0x0 cfg=present
[pcicfg #188] bus=0 dev=0 func=0 off=0x20 size=4 write=0 val=0x0 cfg=present
[pcicfg #189] bus=0 dev=0 func=0 off=0x24 size=4 write=0 val=0x0 cfg=present
[pcicfg #190] bus=0 dev=0 func=0 off=0x28 size=4 write=0 val=0x0 cfg=present
[pcicfg #191] bus=0 dev=0 func=0 off=0x2C size=4 write=0 val=0x0 cfg=present
[pcicfg #192] bus=0 dev=0 func=0 off=0x30 size=4 write=0 val=0x0 cfg=present
[pcicfg #193] bus=0 dev=0 func=0 off=0x34 size=4 write=0 val=0x0 cfg=present
[pcicfg #194] bus=0 dev=0 func=0 off=0x38 size=4 write=0 val=0x0 cfg=present
[pcicfg #195] bus=0 dev=0 func=0 off=0x3C size=4 write=0 val=0x0 cfg=present
[pcicfg #196] bus=0 dev=0 func=0 off=0x04 size=2 write=0 val=0x0 cfg=present
[pcicfg #197] bus=0 dev=0 func=0 off=0x04 size=2 write=1 val=0x0 cfg=present
[pcicfg #198] bus=0 dev=0 func=0 off=0x10 size=4 write=0 val=0x0 cfg=present
[pcicfg #199] bus=0 dev=0 func=0 off=0x10 size=4 write=1 val=0xFFFFFFFF cfg=present
[pcicfg #200] bus=0 dev=0 func=0 off=0x10 size=4 write=0 val=0x0 cfg=present
[pcicfg #201] bus=0 dev=0 func=0 off=0x10 size=4 write=1 val=0x0 cfg=present
[pcicfg #202] bus=0 dev=0 func=0 off=0x14 size=4 write=0 val=0x0 cfg=present
[pcicfg #203] bus=0 dev=0 func=0 off=0x14 size=4 write=1 val=0xFFFFFFFF cfg=present
[pcicfg #204] bus=0 dev=0 func=0 off=0x14 size=4 write=0 val=0x0 cfg=present
[pcicfg #205] bus=0 dev=0 func=0 off=0x14 size=4 write=1 val=0x0 cfg=present
[pcicfg #206] bus=0 dev=0 func=0 off=0x18 size=4 write=0 val=0x0 cfg=present
[pcicfg #207] bus=0 dev=0 func=0 off=0x18 size=4 write=1 val=0xFFFFFFFF cfg=present
[pcicfg #208] bus=0 dev=0 func=0 off=0x18 size=4 write=0 val=0x0 cfg=present
[pcicfg #209] bus=0 dev=0 func=0 off=0x18 size=4 write=1 val=0x0 cfg=present
[pcicfg #210] bus=0 dev=0 func=0 off=0x1C size=4 write=0 val=0x0 cfg=present
[pcicfg #211] bus=0 dev=0 func=0 off=0x1C size=4 write=1 val=0xFFFFFFFF cfg=present
[pcicfg #212] bus=0 dev=0 func=0 off=0x1C size=4 write=0 val=0x0 cfg=present
[pcicfg #213] bus=0 dev=0 func=0 off=0x1C size=4 write=1 val=0x0 cfg=present
[pcicfg #214] bus=0 dev=0 func=0 off=0x20 size=4 write=0 val=0x0 cfg=present
[pcicfg #215] bus=0 dev=0 func=0 off=0x20 size=4 write=1 val=0xFFFFFFFF cfg=present
[pcicfg #216] bus=0 dev=0 func=0 off=0x20 size=4 write=0 val=0x0 cfg=present
[pcicfg #217] bus=0 dev=0 func=0 off=0x20 size=4 write=1 val=0x0 cfg=present
[pcicfg #218] bus=0 dev=0 func=0 off=0x24 size=4 write=0 val=0x0 cfg=present
[pcicfg #219] bus=0 dev=0 func=0 off=0x24 size=4 write=1 val=0xFFFFFFFF cfg=present
[pcicfg #220] bus=0 dev=0 func=0 off=0x24 size=4 write=0 val=0x0 cfg=present
[pcicfg #221] bus=0 dev=0 func=0 off=0x24 size=4 write=1 val=0x0 cfg=present
[pcicfg #222] bus=0 dev=0 func=0 off=0x30 size=4 write=1 val=0xFFFFFFFE cfg=present
[pcicfg #223] bus=0 dev=0 func=0 off=0x30 size=4 write=0 val=0x0 cfg=present
[pcicfg #224] bus=0 dev=1 func=0 off=0x00 size=4 write=0 val=0x70008086 cfg=present
[pcicfg #225] bus=0 dev=1 func=0 off=0x00 size=4 write=0 val=0x70008086 cfg=present
[pcicfg #226] bus=0 dev=1 func=0 off=0x04 size=4 write=0 val=0x0 cfg=present
[pcicfg #227] bus=0 dev=1 func=0 off=0x08 size=4 write=0 val=0x6010000 cfg=present
[pcicfg #228] bus=0 dev=1 func=0 off=0x0C size=4 write=0 val=0x800000 cfg=present
[pcicfg #229] bus=0 dev=1 func=0 off=0x10 size=4 write=0 val=0x0 cfg=present
[pcicfg #230] bus=0 dev=1 func=0 off=0x14 size=4 write=0 val=0x0 cfg=present
[pcicfg #231] bus=0 dev=1 func=0 off=0x18 size=4 write=0 val=0x0 cfg=present
[pcicfg #232] bus=0 dev=1 func=0 off=0x1C size=4 write=0 val=0x0 cfg=present
[pcicfg #233] bus=0 dev=1 func=0 off=0x20 size=4 write=0 val=0x0 cfg=present
[pcicfg #234] bus=0 dev=1 func=0 off=0x24 size=4 write=0 val=0x0 cfg=present
[pcicfg #235] bus=0 dev=1 func=0 off=0x28 size=4 write=0 val=0x0 cfg=present
[pcicfg #236] bus=0 dev=1 func=0 off=0x2C size=4 write=0 val=0x0 cfg=present
[pcicfg #237] bus=0 dev=1 func=0 off=0x30 size=4 write=0 val=0x0 cfg=present
[pcicfg #238] bus=0 dev=1 func=0 off=0x34 size=4 write=0 val=0x0 cfg=present
[pcicfg #239] bus=0 dev=1 func=0 off=0x38 size=4 write=0 val=0x0 cfg=present
[pcicfg #240] bus=0 dev=1 func=0 off=0x3C size=4 write=0 val=0x0 cfg=present
[pcicfg #241] bus=0 dev=1 func=0 off=0x04 size=2 write=0 val=0x0 cfg=present
[pcicfg #242] bus=0 dev=1 func=0 off=0x04 size=2 write=1 val=0x0 cfg=present
[pcicfg #243] bus=0 dev=1 func=0 off=0x10 size=4 write=0 val=0x0 cfg=present
[pcicfg #244] bus=0 dev=1 func=0 off=0x10 size=4 write=1 val=0xFFFFFFFF cfg=present
[pcicfg #245] bus=0 dev=1 func=0 off=0x10 size=4 write=0 val=0x0 cfg=present
[pcicfg #246] bus=0 dev=1 func=0 off=0x10 size=4 write=1 val=0x0 cfg=present
[pcicfg #247] bus=0 dev=1 func=0 off=0x14 size=4 write=0 val=0x0 cfg=present
[pcicfg #248] bus=0 dev=1 func=0 off=0x14 size=4 write=1 val=0xFFFFFFFF cfg=present
[pcicfg #249] bus=0 dev=1 func=0 off=0x14 size=4 write=0 val=0x0 cfg=present
[pcicfg #250] bus=0 dev=1 func=0 off=0x14 size=4 write=1 val=0x0 cfg=present
[pcicfg #251] bus=0 dev=1 func=0 off=0x18 size=4 write=0 val=0x0 cfg=present
[pcicfg #252] bus=0 dev=1 func=0 off=0x18 size=4 write=1 val=0xFFFFFFFF cfg=present
[pcicfg #253] bus=0 dev=1 func=0 off=0x18 size=4 write=0 val=0x0 cfg=present
[pcicfg #254] bus=0 dev=1 func=0 off=0x18 size=4 write=1 val=0x0 cfg=present
[pcicfg #255] bus=0 dev=1 func=0 off=0x1C size=4 write=0 val=0x0 cfg=present
[pcicfg #256] bus=0 dev=1 func=0 off=0x1C size=4 write=1 val=0xFFFFFFFF cfg=present
[pcicfg #257] bus=0 dev=1 func=0 off=0x1C size=4 write=0 val=0x0 cfg=present
[pcicfg #258] bus=0 dev=1 func=0 off=0x1C size=4 write=1 val=0x0 cfg=present
[pcicfg #259] bus=0 dev=1 func=0 off=0x20 size=4 write=0 val=0x0 cfg=present
[pcicfg #260] bus=0 dev=1 func=0 off=0x20 size=4 write=1 val=0xFFFFFFFF cfg=present
[pcicfg #261] bus=0 dev=1 func=0 off=0x20 size=4 write=0 val=0x0 cfg=present
[pcicfg #262] bus=0 dev=1 func=0 off=0x20 size=4 write=1 val=0x0 cfg=present
[pcicfg #263] bus=0 dev=1 func=0 off=0x24 size=4 write=0 val=0x0 cfg=present
[pcicfg #264] bus=0 dev=1 func=0 off=0x24 size=4 write=1 val=0xFFFFFFFF cfg=present
[pcicfg #265] bus=0 dev=1 func=0 off=0x24 size=4 write=0 val=0x0 cfg=present
[pcicfg #266] bus=0 dev=1 func=0 off=0x24 size=4 write=1 val=0x0 cfg=present
[pcicfg #267] bus=0 dev=1 func=0 off=0x30 size=4 write=1 val=0xFFFFFFFE cfg=present
[pcicfg #268] bus=0 dev=1 func=0 off=0x30 size=4 write=0 val=0x0 cfg=present
[pcicfg #269] bus=0 dev=1 func=1 off=0x00 size=4 write=0 val=0xFFFFFFFF cfg=absent
[pcicfg #270] bus=0 dev=1 func=2 off=0x00 size=4 write=0 val=0xFFFFFFFF cfg=absent
[pcicfg #271] bus=0 dev=1 func=3 off=0x00 size=4 write=0 val=0x71138086 cfg=present
[pcicfg #272] bus=0 dev=1 func=3 off=0x00 size=4 write=0 val=0x71138086 cfg=present
[pcicfg #273] bus=0 dev=1 func=3 off=0x04 size=4 write=0 val=0x0 cfg=present
[pcicfg #274] bus=0 dev=1 func=3 off=0x08 size=4 write=0 val=0x6800000 cfg=present
[pcicfg #275] bus=0 dev=1 func=3 off=0x0C size=4 write=0 val=0x0 cfg=present
[pcicfg #276] bus=0 dev=1 func=3 off=0x10 size=4 write=0 val=0x0 cfg=present
[pcicfg #277] bus=0 dev=1 func=3 off=0x14 size=4 write=0 val=0x0 cfg=present
[pcicfg #278] bus=0 dev=1 func=3 off=0x18 size=4 write=0 val=0x0 cfg=present
[pcicfg #279] bus=0 dev=1 func=3 off=0x1C size=4 write=0 val=0x0 cfg=present
[pcicfg #280] bus=0 dev=1 func=3 off=0x20 size=4 write=0 val=0x0 cfg=present
[pcicfg #281] bus=0 dev=1 func=3 off=0x24 size=4 write=0 val=0x0 cfg=present
[pcicfg #282] bus=0 dev=1 func=3 off=0x28 size=4 write=0 val=0x0 cfg=present
[pcicfg #283] bus=0 dev=1 func=3 off=0x2C size=4 write=0 val=0x0 cfg=present
[pcicfg #284] bus=0 dev=1 func=3 off=0x30 size=4 write=0 val=0x0 cfg=present
[pcicfg #285] bus=0 dev=1 func=3 off=0x34 size=4 write=0 val=0x0 cfg=present
[pcicfg #286] bus=0 dev=1 func=3 off=0x38 size=4 write=0 val=0x0 cfg=present
[pcicfg #287] bus=0 dev=1 func=3 off=0x3C size=4 write=0 val=0x0 cfg=present
[pcicfg #288] bus=0 dev=1 func=3 off=0x04 size=2 write=0 val=0x0 cfg=present
[pcicfg #289] bus=0 dev=1 func=3 off=0x04 size=2 write=1 val=0x0 cfg=present
[pcicfg #290] bus=0 dev=1 func=3 off=0x10 size=4 write=0 val=0x0 cfg=present
[pcicfg #291] bus=0 dev=1 func=3 off=0x10 size=4 write=1 val=0xFFFFFFFF cfg=present
[pcicfg #292] bus=0 dev=1 func=3 off=0x10 size=4 write=0 val=0x0 cfg=present
[pcicfg #293] bus=0 dev=1 func=3 off=0x10 size=4 write=1 val=0x0 cfg=present
[pcicfg #294] bus=0 dev=1 func=3 off=0x14 size=4 write=0 val=0x0 cfg=present
[pcicfg #295] bus=0 dev=1 func=3 off=0x14 size=4 write=1 val=0xFFFFFFFF cfg=present
[pcicfg #296] bus=0 dev=1 func=3 off=0x14 size=4 write=0 val=0x0 cfg=present
[pcicfg #297] bus=0 dev=1 func=3 off=0x14 size=4 write=1 val=0x0 cfg=present
[pcicfg #298] bus=0 dev=1 func=3 off=0x18 size=4 write=0 val=0x0 cfg=present
[pcicfg #299] bus=0 dev=1 func=3 off=0x18 size=4 write=1 val=0xFFFFFFFF cfg=present
[pcicfg #300] bus=0 dev=1 func=3 off=0x18 size=4 write=0 val=0x0 cfg=present
[rtl8139] I/O BAR mapped at 0xC000
[ahci] ABAR mapped at 0xC0000000 (WHvMapGpaRange hr=0x0 OK)
[fwcfg] select #21: selector=0x22
[acpi] acpiBuildTables() firing -- pmBase=0xB000
[fwcfg] select #22: selector=0x20
[fwcfg] select #23: selector=0x21
[heartbeat: exitCount=10000 elapsedSec=0.5 lastPort=0xCF8 write=0 val=0x89]
[2J[001;001H[=3h[2J[001;001H[2J[001;001H[8;056;240t[2J[001;001H[uart2] #1 port=0x2FF write=0 val=0x0
[uart2] #2 port=0x2FF write=1 val=0xAA
[uart2] #3 port=0x2FF write=0 val=0x0
[uart2] #4 port=0x2FF write=1 val=0x55
[uart2] #5 port=0x2FF write=0 val=0x0
[uart2] #6 port=0x2FF write=1 val=0x0
[uart2] #7 port=0x2FD write=0 val=0x0
[uart2] #8 port=0x2FB write=0 val=0x0
[uart2] #9 port=0x2FB write=1 val=0x0
[uart2] #10 port=0x2F9 write=0 val=0x0
[uart2] #11 port=0x2F9 write=1 val=0x0
[uart2] #12 port=0x2FA write=1 val=0x0
[uart2] #13 port=0x2FC write=0 val=0x0
[uart2] #14 port=0x2FC write=1 val=0x0
[uart2] #15 port=0x2FF write=1 val=0x0
[uart2] #16 port=0x2FA write=1 val=0x7
[uart2] #17 port=0x2FD write=0 val=0x0
[uart2] #18 port=0x2FB write=0 val=0x0
[uart2] #19 port=0x2FB write=1 val=0x80
[uart2] #20 port=0x2F8 write=1 val=0x1
[uart2] #21 port=0x2F9 write=1 val=0x0
[uart2] #22 port=0x2FB write=1 val=0x3
[uart2] #23 port=0x2FD write=0 val=0x0
[uart2] #24 port=0x2FC write=0 val=0x0
[uart2] #25 port=0x2FC write=1 val=0x0
[uart2] #26 port=0x2FD write=0 val=0x0
[uart2] #27 port=0x2FB write=0 val=0x0
[uart2] #28 port=0x2FB write=1 val=0x83
[uart2] #29 port=0x2F8 write=1 val=0x1
[uart2] #30 port=0x2F9 write=1 val=0x0
[uart2] #31 port=0x2FB write=1 val=0x3
[uart2] #32 port=0x2FD write=0 val=0x0
[uart2] #33 port=0x2F8 write=1 val=0x1B
[uart2] #34 port=0x2FD write=0 val=0x0
[uart2] #35 port=0x2F8 write=1 val=0x5B
[uart2] #36 port=0x2FD write=0 val=0x0
[uart2] #37 port=0x2F8 write=1 val=0x32
[uart2] #38 port=0x2FD write=0 val=0x0
[uart2] #39 port=0x2F8 write=1 val=0x4A
[uart2] #40 port=0x2FD write=0 val=0x0
[2J[001;001H[=3h[2J[001;001H[2J[001;001H[8;031;100t[2J[001;001H[heartbeat: exitCount=15000 elapsedSec=0.7 lastPort=0xB008 write=0 val=0x89]
[aux] controller: disable AUX port
[heartbeat: exitCount=20000 elapsedSec=0.8 lastPort=0xCF8 write=1 val=0x0]
[ahci] GHC.AE set -- controller enabled
[ahci] PxCMD.ST set -- port 0 started
[ahci] cmd #1: ataCmd=0xEC lba=0 count=1 prdtl=1
[ahci] cmd #2: ataCmd=0xEF lba=0 count=1 prdtl=0
[ahci] cmd #3: ataCmd=0xEC lba=0 count=256 prdtl=1
[ahci] cmd #4: ataCmd=0x20 lba=0 count=1 prdtl=1
[ahci] cmd #5: ataCmd=0x20 lba=1 count=1 prdtl=1
[ahci] cmd #6: ataCmd=0x20 lba=2 count=32 prdtl=1
[ahci] cmd #7: ataCmd=0x20 lba=16777215 count=1 prdtl=1
[ahci] cmd #8: ataCmd=0x20 lba=16777183 count=32 prdtl=1
[ahci] cmd #9: ataCmd=0x20 lba=2 count=32 prdtl=1
[ahci] cmd #10: ataCmd=0x20 lba=34 count=1 prdtl=1
[ahci] cmd #11: ataCmd=0x20 lba=98 count=4 prdtl=1
[ahci] cmd #12: ataCmd=0x20 lba=98 count=1 prdtl=1
[ahci] cmd #13: ataCmd=0x20 lba=34 count=1 prdtl=1
[ahci] cmd #14: ataCmd=0x20 lba=34 count=1 prdtl=1
[ahci] cmd #15: ataCmd=0x20 lba=32768 count=1 prdtl=1
[ahci] cmd #16: ataCmd=0x20 lba=32832 count=4 prdtl=1
[ahci] cmd #17: ataCmd=0x20 lba=32832 count=1 prdtl=1
[ahci] cmd #18: ataCmd=0x20 lba=32768 count=1 prdtl=1
[ahci] cmd #19: ataCmd=0x20 lba=32768 count=1 prdtl=1
[ahci] cmd #20: ataCmd=0x20 lba=33598 count=1 prdtl=1
[ahci] cmd #21: ataCmd=0x20 lba=32769 count=1 prdtl=1
[ahci] cmd #22: ataCmd=0x20 lba=0 count=1 prdtl=1
[ahci] cmd #23: ataCmd=0x20 lba=1 count=1 prdtl=1
[ahci] cmd #24: ataCmd=0x20 lba=2 count=32 prdtl=1
[ahci] cmd #25: ataCmd=0x20 lba=16777215 count=1 prdtl=1
[ahci] cmd #26: ataCmd=0x20 lba=16777183 count=32 prdtl=1
[ahci] cmd #27: ataCmd=0x20 lba=2 count=32 prdtl=1
[ahci] cmd #28: ataCmd=0x20 lba=34 count=1 prdtl=1
[ahci] cmd #29: ataCmd=0x20 lba=98 count=4 prdtl=1
[ahci] cmd #30: ataCmd=0x20 lba=98 count=1 prdtl=1
[ahci] cmd #31: ataCmd=0x20 lba=34 count=1 prdtl=1
[ahci] cmd #32: ataCmd=0x20 lba=34 count=1 prdtl=1
[heartbeat: exitCount=25000 elapsedSec=1.0 lastPort=0xCFD write=0 val=0x0]
[ahci] cmd #33: ataCmd=0x20 lba=0 count=1 prdtl=1
[ahci] cmd #34: ataCmd=0x20 lba=1 count=1 prdtl=1
[ahci] cmd #35: ataCmd=0x20 lba=2 count=32 prdtl=1
[ahci] cmd #36: ataCmd=0x20 lba=16777215 count=1 prdtl=1
[ahci] cmd #37: ataCmd=0x20 lba=16777183 count=32 prdtl=1
[ahci] cmd #38: ataCmd=0x20 lba=2 count=32 prdtl=1
[ahci] cmd #39: ataCmd=0x20 lba=34 count=1 prdtl=1
[ahci] cmd #40: ataCmd=0x20 lba=98 count=4 prdtl=1
[ahci] cmd #41: ataCmd=0x20 lba=98 count=1 prdtl=1
[ahci] cmd #42: ataCmd=0x20 lba=34 count=1 prdtl=1
[ahci] cmd #43: ataCmd=0x20 lba=34 count=1 prdtl=1
[ahci] cmd #44: ataCmd=0x20 lba=0 count=1 prdtl=1
[ahci] cmd #45: ataCmd=0x20 lba=1 count=1 prdtl=1
[ahci] cmd #46: ataCmd=0x20 lba=2 count=32 prdtl=1
[ahci] cmd #47: ataCmd=0x20 lba=16777215 count=1 prdtl=1
[ahci] cmd #48: ataCmd=0x20 lba=16777183 count=32 prdtl=1
[ahci] cmd #49: ataCmd=0x20 lba=2 count=32 prdtl=1
[ahci] cmd #50: ataCmd=0x20 lba=34 count=1 prdtl=1
[ahci] cmd #51: ataCmd=0x20 lba=98 count=4 prdtl=1
[ahci] cmd #52: ataCmd=0x20 lba=98 count=1 prdtl=1
[ahci] cmd #53: ataCmd=0x20 lba=34 count=1 prdtl=1
[ahci] cmd #54: ataCmd=0x20 lba=34 count=1 prdtl=1
[ahci] cmd #55: ataCmd=0x20 lba=34 count=1 prdtl=1
[ahci] cmd #56: ataCmd=0x20 lba=98 count=4 prdtl=1
[ahci] cmd #57: ataCmd=0x20 lba=98 count=1 prdtl=1
[ahci] cmd #58: ataCmd=0x20 lba=34 count=1 prdtl=1
[ahci] cmd #59: ataCmd=0x20 lba=34 count=1 prdtl=1
[ahci] cmd #60: ataCmd=0x20 lba=0 count=1 prdtl=1
[ahci] cmd #61: ataCmd=0x20 lba=1 count=1 prdtl=1
[ahci] cmd #62: ataCmd=0x20 lba=2 count=32 prdtl=1
[ahci] cmd #63: ataCmd=0x20 lba=16777215 count=1 prdtl=1
[ahci] cmd #64: ataCmd=0x20 lba=16777183 count=32 prdtl=1
[ahci] cmd #65: ataCmd=0x20 lba=2 count=32 prdtl=1
[ahci] cmd #66: ataCmd=0x20 lba=34 count=1 prdtl=1
[ahci] cmd #67: ataCmd=0x20 lba=98 count=4 prdtl=1
[ahci] cmd #68: ataCmd=0x20 lba=98 count=1 prdtl=1
[ahci] cmd #69: ataCmd=0x20 lba=34 count=1 prdtl=1
[ahci] cmd #70: ataCmd=0x20 lba=34 count=1 prdtl=1
[ahci] cmd #71: ataCmd=0x20 lba=0 count=1 prdtl=1
[ahci] cmd #72: ataCmd=0x20 lba=33598 count=64 prdtl=1
[ahci] cmd #73: ataCmd=0x20 lba=65536 count=128 prdtl=1
[ahci] cmd #74: ataCmd=0x20 lba=69504 count=128 prdtl=1
[ahci] cmd #75: ataCmd=0x20 lba=69632 count=128 prdtl=1
[ahci] cmd #76: ataCmd=0x20 lba=42814 count=64 prdtl=1
[ahci] cmd #77: ataCmd=0x20 lba=9560960 count=128 prdtl=1
[ahci] cmd #78: ataCmd=0x20 lba=9561088 count=256 prdtl=1
[ahci] cmd #79: ataCmd=0x20 lba=9561344 count=256 prdtl=1
[ahci] cmd #80: ataCmd=0x20 lba=9561600 count=256 prdtl=1
[ahci] cmd #81: ataCmd=0x20 lba=9561856 count=256 prdtl=1
[ahci] cmd #82: ataCmd=0x20 lba=9562112 count=256 prdtl=1
[ahci] cmd #83: ataCmd=0x20 lba=9562368 count=256 prdtl=1
[ahci] cmd #84: ataCmd=0x20 lba=9562624 count=256 prdtl=1
[ahci] cmd #85: ataCmd=0x20 lba=9562880 count=256 prdtl=1
[ahci] cmd #86: ataCmd=0x20 lba=9563136 count=256 prdtl=1
[ahci] cmd #87: ataCmd=0x20 lba=9563392 count=256 prdtl=1
[ahci] cmd #88: ataCmd=0x20 lba=9563648 count=256 prdtl=1
[ahci] cmd #89: ataCmd=0x20 lba=9563904 count=128 prdtl=1
[ahci] cmd #90: ataCmd=0x20 lba=9564032 count=128 prdtl=1
BdsDxe: loading Boot0002 "UEFI LocalHost Virtual Disk LH0001 " from PciRoot(0x0)/Pci(0x2,0x0)/Sata(0x0,0xFFFF,0x0)
BdsDxe: starting Boot0002 "UEFI LocalHost Virtual Disk LH0001 " from PciRoot(0x0)/Pci(0x2,0x0)/Sata(0x0,0xFFFF,0x0)
[ahci] cmd #91: ataCmd=0x20 lba=0 count=1 prdtl=1
[ahci] cmd #92: ataCmd=0x20 lba=1 count=1 prdtl=1
[ahci] cmd #93: ataCmd=0x20 lba=1 count=1 prdtl=1
[ahci] cmd #94: ataCmd=0x20 lba=2 count=32 prdtl=1
[ahci] cmd #95: ataCmd=0x20 lba=0 count=1 prdtl=1
[ahci] cmd #96: ataCmd=0x20 lba=1 count=1 prdtl=1
[ahci] cmd #97: ataCmd=0x20 lba=1 count=1 prdtl=1
[ahci] cmd #98: ataCmd=0x20 lba=2 count=32 prdtl=1
[ahci] cmd #99: ataCmd=0x20 lba=32768 count=16 prdtl=1
[ahci] cmd #100: ataCmd=0x20 lba=0 count=1 prdtl=1
[ahci] cmd #101: ataCmd=0x20 lba=1 count=1 prdtl=1
[ahci] cmd #102: ataCmd=0x20 lba=2 count=32 prdtl=1
[ahci] cmd #103: ataCmd=0x20 lba=32768 count=64 prdtl=1
[ahci] cmd #104: ataCmd=0x20 lba=33536 count=64 prdtl=1
[ahci] cmd #105: ataCmd=0x20 lba=33600 count=64 prdtl=1
[ahci] cmd #106: ataCmd=0x20 lba=65536 count=64 prdtl=1
[ahci] cmd #107: ataCmd=0x20 lba=33601 count=4 prdtl=1
[ahci] cmd #108: ataCmd=0x20 lba=69568 count=64 prdtl=1
[ahci] cmd #109: ataCmd=0x20 lba=69632 count=64 prdtl=1
[ahci] cmd #110: ataCmd=0x20 lba=42874 count=4 prdtl=1
[ahci] cmd #111: ataCmd=0x20 lba=9564096 count=64 prdtl=1
[ahci] cmd #112: ataCmd=0x20 lba=33601 count=4 prdtl=1
[ahci] cmd #113: ataCmd=0x20 lba=42874 count=4 prdtl=1
[heartbeat: exitCount=30000 elapsedSec=1.4 lastPort=0xB008 write=0 val=0x89]
[ahci] cmd #114: ataCmd=0x20 lba=43326 count=4 prdtl=1
[ahci] cmd #115: ataCmd=0x20 lba=10027016 count=40 prdtl=1
[ahci] cmd #116: ataCmd=0x20 lba=42874 count=4 prdtl=1
[ahci] cmd #117: ataCmd=0x20 lba=43056 count=4 prdtl=1
[ahci] cmd #118: ataCmd=0x20 lba=9750952 count=20 prdtl=1
[ahci] cmd #119: ataCmd=0x20 lba=42874 count=4 prdtl=1
[ahci] cmd #120: ataCmd=0x20 lba=33602 count=4 prdtl=1
[ahci] cmd #121: ataCmd=0x20 lba=42870 count=4 prdtl=1
[ahci] cmd #122: ataCmd=0x20 lba=42873 count=4 prdtl=1
[ahci] cmd #123: ataCmd=0x20 lba=9561000 count=256 prdtl=1
[ahci] cmd #124: ataCmd=0x20 lba=9561256 count=256 prdtl=1
[ahci] cmd #125: ataCmd=0x20 lba=9561512 count=256 prdtl=1
[ahci] cmd #126: ataCmd=0x20 lba=9561768 count=256 prdtl=1
[ahci] cmd #127: ataCmd=0x20 lba=9562024 count=256 prdtl=1
[ahci] cmd #128: ataCmd=0x20 lba=9562280 count=256 prdtl=1
[ahci] cmd #129: ataCmd=0x20 lba=9562536 count=256 prdtl=1
[ahci] cmd #130: ataCmd=0x20 lba=9562792 count=256 prdtl=1
[ahci] cmd #131: ataCmd=0x20 lba=9563048 count=256 prdtl=1
[ahci] cmd #132: ataCmd=0x20 lba=9563304 count=256 prdtl=1
[ahci] cmd #133: ataCmd=0x20 lba=9563560 count=256 prdtl=1
[ahci] cmd #134: ataCmd=0x20 lba=9563816 count=256 prdtl=1
[ahci] cmd #135: ataCmd=0x20 lba=9564072 count=35 prdtl=1
[ahci] cmd #136: ataCmd=0x20 lba=33598 count=4 prdtl=1
[ahci] cmd #137: ataCmd=0x20 lba=33602 count=4 prdtl=1
[ahci] cmd #138: ataCmd=0x20 lba=34622 count=4 prdtl=1
[ahci] cmd #139: ataCmd=0x20 lba=1114112 count=64 prdtl=1
[ahci] cmd #140: ataCmd=0x20 lba=42814 count=4 prdtl=1
[ahci] cmd #141: ataCmd=0x20 lba=9502720 count=64 prdtl=1
[ahci] cmd #142: ataCmd=0x20 lba=33602 count=4 prdtl=1
[ahci] cmd #143: ataCmd=0x20 lba=34622 count=4 prdtl=1
[ahci] cmd #144: ataCmd=0x20 lba=42814 count=4 prdtl=1
[ahci] cmd #145: ataCmd=0x20 lba=33602 count=4 prdtl=1
[ahci] cmd #146: ataCmd=0x20 lba=33598 count=4 prdtl=1
[ahci] cmd #147: ataCmd=0x20 lba=33601 count=4 prdtl=1
[ahci] cmd #148: ataCmd=0x20 lba=42874 count=4 prdtl=1
[ahci] cmd #149: ataCmd=0x20 lba=43059 count=4 prdtl=1
[ahci] cmd #150: ataCmd=0x20 lba=9754240 count=64 prdtl=1
[ahci] cmd #151: ataCmd=0x20 lba=43091 count=4 prdtl=1
[ahci] cmd #152: ataCmd=0x20 lba=9786872 count=1 prdtl=1
[ahci] cmd #153: ataCmd=0x20 lba=9786872 count=1 prdtl=1
[ahci] cmd #154: ataCmd=0x20 lba=9786872 count=1 prdtl=1
[ahci] cmd #155: ataCmd=0x20 lba=9786872 count=1 prdtl=1
[ahci] cmd #156: ataCmd=0x20 lba=9786872 count=1 prdtl=1
[ahci] cmd #157: ataCmd=0x20 lba=9786872 count=1 prdtl=1
[ahci] cmd #158: ataCmd=0x20 lba=9786872 count=7 prdtl=1
[ahci] cmd #159: ataCmd=0x20 lba=9786878 count=4 prdtl=1
[ahci] cmd #160: ataCmd=0x20 lba=9786881 count=1 prdtl=1
[ahci] cmd #161: ataCmd=0x20 lba=9786881 count=4 prdtl=1
[ahci] cmd #162: ataCmd=0x20 lba=9786884 count=137 prdtl=1
[ahci] cmd #163: ataCmd=0x20 lba=9787020 count=4 prdtl=1
[ahci] cmd #164: ataCmd=0x20 lba=9787023 count=1 prdtl=1
[ahci] cmd #165: ataCmd=0x20 lba=9787023 count=1 prdtl=1
[ahci] cmd #166: ataCmd=0x20 lba=9787023 count=16 prdtl=1
[ahci] cmd #167: ataCmd=0x20 lba=43059 count=4 prdtl=1
[ahci] cmd #168: ataCmd=0x20 lba=43090 count=4 prdtl=1
[ahci] cmd #169: ataCmd=0x20 lba=9786304 count=1 prdtl=1
[ahci] cmd #170: ataCmd=0x20 lba=9786304 count=1 prdtl=1
[ahci] cmd #171: ataCmd=0x20 lba=9786304 count=1 prdtl=1
[ahci] cmd #172: ataCmd=0x20 lba=9786304 count=1 prdtl=1
[ahci] cmd #173: ataCmd=0x20 lba=9786304 count=1 prdtl=1
[ahci] cmd #174: ataCmd=0x20 lba=9786304 count=1 prdtl=1
[ahci] cmd #175: ataCmd=0x20 lba=9786304 count=4 prdtl=1
[ahci] cmd #176: ataCmd=0x20 lba=9786307 count=2 prdtl=1
[ahci] cmd #177: ataCmd=0x20 lba=9786308 count=3 prdtl=1
[ahci] cmd #178: ataCmd=0x20 lba=9786310 count=63 prdtl=1
[ahci] cmd #179: ataCmd=0x20 lba=9786372 count=3 prdtl=1
[ahci] cmd #180: ataCmd=0x20 lba=9786374 count=1 prdtl=1
[ahci] cmd #181: ataCmd=0x20 lba=9786374 count=16 prdtl=1
[ahci] cmd #182: ataCmd=0x20 lba=43059 count=4 prdtl=1
[ahci] cmd #183: ataCmd=0x20 lba=43091 count=4 prdtl=1
[ahci] cmd #184: ataCmd=0x20 lba=9787040 count=1 prdtl=1
[ahci] cmd #185: ataCmd=0x20 lba=9787040 count=1 prdtl=1
[ahci] cmd #186: ataCmd=0x20 lba=9787040 count=1 prdtl=1
[ahci] cmd #187: ataCmd=0x20 lba=9787040 count=1 prdtl=1
[ahci] cmd #188: ataCmd=0x20 lba=9787040 count=1 prdtl=1
[ahci] cmd #189: ataCmd=0x20 lba=9787040 count=1 prdtl=1
[ahci] cmd #190: ataCmd=0x20 lba=9787040 count=7 prdtl=1
[ahci] cmd #191: ataCmd=0x20 lba=9787046 count=4 prdtl=1
[ahci] cmd #192: ataCmd=0x20 lba=9787049 count=3 prdtl=1
[ahci] cmd #193: ataCmd=0x20 lba=9787051 count=1 prdtl=1
[ahci] cmd #194: ataCmd=0x20 lba=9787051 count=3 prdtl=1
[ahci] cmd #195: ataCmd=0x20 lba=9787053 count=14 prdtl=1
[ahci] cmd #196: ataCmd=0x20 lba=9787066 count=48 prdtl=1
[ahci] cmd #197: ataCmd=0x20 lba=9787113 count=6 prdtl=1
[ahci] cmd #198: ataCmd=0x20 lba=9787118 count=15 prdtl=1
[ahci] cmd #199: ataCmd=0x20 lba=9787040 count=1 prdtl=1
[2J[001;001H[=3h[2J[001;001H[heartbeat: exitCount=35000 elapsedSec=2.0 lastPort=0xB008 write=0 val=0x89]
[heartbeat: exitCount=40000 elapsedSec=2.2 lastPort=0xB008 write=0 val=0x89]
[heartbeat: exitCount=45000 elapsedSec=2.4 lastPort=0xB008 write=0 val=0x89]
[heartbeat: exitCount=50000 elapsedSec=2.7 lastPort=0xB008 write=0 val=0x89]
[heartbeat: exitCount=55000 elapsedSec=3.8 lastPort=0xB008 write=0 val=0x89]
[heartbeat: exitCount=60000 elapsedSec=5.2 lastPort=0xB008 write=0 val=0x89]
[heartbeat: exitCount=65000 elapsedSec=6.3 lastPort=0x3FD write=0 val=0x89]
[heartbeat: exitCount=70000 elapsedSec=7.4 lastPort=0xB008 write=0 val=0x89]
[heartbeat: exitCount=75000 elapsedSec=8.4 lastPort=0xB008 write=0 val=0x89]
[heartbeat: exitCount=80000 elapsedSec=10.3 lastPort=0xB008 write=0 val=0x89]
[heartbeat: exitCount=85000 elapsedSec=11.2 lastPort=0xB008 write=0 val=0x89]
[heartbeat: exitCount=90000 elapsedSec=11.5 lastPort=0xB008 write=0 val=0x89]
[heartbeat: exitCount=95000 elapsedSec=15.6 lastPort=0x71 write=0 val=0x84]
[aux] controller: disable AUX port
[heartbeat: exitCount=100000 elapsedSec=15.7 lastPort=0xCF8 write=1 val=0x0]
[heartbeat: exitCount=105000 elapsedSec=15.8 lastPort=0xCF8 write=1 val=0x0]
[heartbeat: exitCount=110000 elapsedSec=15.9 lastPort=0xCF8 write=1 val=0x0]
[kerneldiag] candidate address 0xFFFFF804359A57DD resolves to module base 0xFFFFF80435600000 (+0x3A57DD into it)
[kerneldiag] debug directory: type=2 codeViewRva=0x40970
[kerneldiag] module PDB name: ntkrnlmp.pdb guid=D9424FC4-861E-47C1-0FAD1B35DEC6DCC8 age=1
[wp] DISCOVERY at exitCount=111571 (pass 1)
[wp] armed breakpoints at module base 0xFFFFF80435600000 (DR2 LFH-check armed=0): DR0=+0x3C3B64 (U34 ExInitializePoolHeapManagement entry, VA=0xFFFFF804359C3B64), DR1=+0x3FD6F0 (KeBugCheckEx, VA=0xFFFFF804359FD6F0), DR2=+0x343B49 (RtlpHpLfhOwnerMoveSubsegment entry, VA=0xFFFFF80435943B49), DR3=+0x9A188F (HalpIommuInitSystem ret, VA=0xFFFFF80435FA188F)
[u32] ExPoolState pool-descriptor fields (pass 1):
[u32]   pool[0] desc@RVA0xC57EC0: +0x08=0x0 +0x10=0x0  <== +0x10 NULL
[u32]   pool[1] desc@RVA0xC59F80: +0x08=0x0 +0x10=0x0  <== +0x10 NULL
[u32]   pool[2] desc@RVA0xC5C040: +0x08=0x0 +0x10=0x0  <== +0x10 NULL
[u32]   pool[3] desc@RVA0xC5E100: +0x08=0x0 +0x10=0x0  <== +0x10 NULL
[u32]   pool[4] desc@RVA0xC601C0: +0x08=0x0 +0x10=0x0  <== +0x10 NULL
[u32]   pool[5] desc@RVA0xC62280: +0x08=0x0 +0x10=0x0  <== +0x10 NULL
[u32]   pool[6] desc@RVA0xC64340: +0x08=0x0 +0x10=0x0  <== +0x10 NULL
[u32]   pool[7] desc@RVA0xC66400: +0x08=0x0 +0x10=0x0  <== +0x10 NULL
[u27] dumped kernel image to ntoskrnl_dump.bin (4096/4096 pages readable)
[u33] baseline pass=1 exitCount=111571 pool[0] +0x08=0x0 +0x10=0x0
[u33] baseline pass=1 exitCount=111571 pool[1] +0x08=0x0 +0x10=0x0
[u33] baseline pass=1 exitCount=111571 pool[2] +0x08=0x0 +0x10=0x0
[u33] baseline pass=1 exitCount=111571 pool[3] +0x08=0x0 +0x10=0x0
[ioapic #1] gpa=0xFEC00000 pageOff=0x0 rip=0xFFFFF804359A57DD write=1 insnLen=0 bytes=16
[ioapic #2] gpa=0xFEC00010 pageOff=0x10 rip=0xFFFFF804359A57E3 write=1 insnLen=0 bytes=16
[ioapic #3] gpa=0xFEC00000 pageOff=0x0 rip=0xFFFFF804359A57EA write=1 insnLen=0 bytes=16
[ioapic #4] gpa=0xFEC00010 pageOff=0x10 rip=0xFFFFF804359A57F0 write=0 insnLen=0 bytes=16
[ioapic #5] gpa=0xFEC00000 pageOff=0x0 rip=0xFFFFF804359A57F3 write=1 insnLen=0 bytes=16
[ioapic #6] gpa=0xFEC00010 pageOff=0x10 rip=0xFFFFF804359A57F9 write=1 insnLen=0 bytes=16
[ioapic #7] gpa=0xFEC00000 pageOff=0x0 rip=0xFFFFF804359A5800 write=1 insnLen=0 bytes=16
[ioapic #8] gpa=0xFEC00010 pageOff=0x10 rip=0xFFFFF804359A5806 write=0 insnLen=0 bytes=16
[ioapic #9] gpa=0xFEC00000 pageOff=0x0 rip=0xFFFFF804359A5835 write=1 insnLen=0 bytes=16
[ioapic #10] gpa=0xFEC00010 pageOff=0x10 rip=0xFFFFF804359A583B write=0 insnLen=0 bytes=16
[ioapic #11] gpa=0xFEC00010 pageOff=0x10 rip=0xFFFFF804359A5846 write=1 insnLen=0 bytes=16
[ioapic #12] gpa=0xFEC00000 pageOff=0x0 rip=0xFFFFF804359A585D write=1 insnLen=0 bytes=16
[ioapic #13] gpa=0xFEC00010 pageOff=0x10 rip=0xFFFFF804359A585F write=0 insnLen=0 bytes=16
[ioapic #14] gpa=0xFEC00010 pageOff=0x10 rip=0xFFFFF804359A587A write=1 insnLen=0 bytes=16
[ioapic #15] gpa=0xFEC00000 pageOff=0x0 rip=0xFFFFF804359A5881 write=1 insnLen=0 bytes=16
[ioapic #16] gpa=0xFEC00010 pageOff=0x10 rip=0xFFFFF804359A5883 write=1 insnLen=0 bytes=16
[ioapic #17] gpa=0xFEC00000 pageOff=0x0 rip=0xFFFFF804359A585D write=1 insnLen=0 bytes=16
[ioapic #18] gpa=0xFEC00010 pageOff=0x10 rip=0xFFFFF804359A585F write=0 insnLen=0 bytes=16
[ioapic #19] gpa=0xFEC00010 pageOff=0x10 rip=0xFFFFF804359A587A write=1 insnLen=0 bytes=16
[ioapic #20] gpa=0xFEC00000 pageOff=0x0 rip=0xFFFFF804359A5881 write=1 insnLen=0 bytes=16
[ioapic #21] gpa=0xFEC00010 pageOff=0x10 rip=0xFFFFF804359A5883 write=1 insnLen=0 bytes=16
[ioapic #22] gpa=0xFEC00000 pageOff=0x0 rip=0xFFFFF804359A585D write=1 insnLen=0 bytes=16
[ioapic #23] gpa=0xFEC00010 pageOff=0x10 rip=0xFFFFF804359A585F write=0 insnLen=0 bytes=16
[ioapic #24] gpa=0xFEC00010 pageOff=0x10 rip=0xFFFFF804359A587A write=1 insnLen=0 bytes=16
[ioapic #25] gpa=0xFEC00000 pageOff=0x0 rip=0xFFFFF804359A5881 write=1 insnLen=0 bytes=16
[ioapic #26] gpa=0xFEC00010 pageOff=0x10 rip=0xFFFFF804359A5883 write=1 insnLen=0 bytes=16
[ioapic #27] gpa=0xFEC00000 pageOff=0x0 rip=0xFFFFF804359A585D write=1 insnLen=0 bytes=16
[ioapic #28] gpa=0xFEC00010 pageOff=0x10 rip=0xFFFFF804359A585F write=0 insnLen=0 bytes=16
[ioapic #29] gpa=0xFEC00010 pageOff=0x10 rip=0xFFFFF804359A587A write=1 insnLen=0 bytes=16
[ioapic #30] gpa=0xFEC00000 pageOff=0x0 rip=0xFFFFF804359A5881 write=1 insnLen=0 bytes=16
[ioapic #31] gpa=0xFEC00010 pageOff=0x10 rip=0xFFFFF804359A5883 write=1 insnLen=0 bytes=16
[ioapic #32] gpa=0xFEC00000 pageOff=0x0 rip=0xFFFFF804359A585D write=1 insnLen=0 bytes=16
[ioapic #33] gpa=0xFEC00010 pageOff=0x10 rip=0xFFFFF804359A585F write=0 insnLen=0 bytes=16
[ioapic #34] gpa=0xFEC00010 pageOff=0x10 rip=0xFFFFF804359A587A write=1 insnLen=0 bytes=16
[ioapic #35] gpa=0xFEC00000 pageOff=0x0 rip=0xFFFFF804359A5881 write=1 insnLen=0 bytes=16
[ioapic #36] gpa=0xFEC00010 pageOff=0x10 rip=0xFFFFF804359A5883 write=1 insnLen=0 bytes=16
[ioapic #37] gpa=0xFEC00000 pageOff=0x0 rip=0xFFFFF804359A585D write=1 insnLen=0 bytes=16
[ioapic #38] gpa=0xFEC00010 pageOff=0x10 rip=0xFFFFF804359A585F write=0 insnLen=0 bytes=16
[ioapic #39] gpa=0xFEC00010 pageOff=0x10 rip=0xFFFFF804359A587A write=1 insnLen=0 bytes=16
[ioapic #40] gpa=0xFEC00000 pageOff=0x0 rip=0xFFFFF804359A5881 write=1 insnLen=0 bytes=16
[ioapic #41] gpa=0xFEC00010 pageOff=0x10 rip=0xFFFFF804359A5883 write=1 insnLen=0 bytes=16
[ioapic #42] gpa=0xFEC00000 pageOff=0x0 rip=0xFFFFF804359A585D write=1 insnLen=0 bytes=16
[ioapic #43] gpa=0xFEC00010 pageOff=0x10 rip=0xFFFFF804359A585F write=0 insnLen=0 bytes=16
[ioapic #44] gpa=0xFEC00010 pageOff=0x10 rip=0xFFFFF804359A587A write=1 insnLen=0 bytes=16
[ioapic #45] gpa=0xFEC00000 pageOff=0x0 rip=0xFFFFF804359A5881 write=1 insnLen=0 bytes=16
[ioapic #46] gpa=0xFEC00010 pageOff=0x10 rip=0xFFFFF804359A5883 write=1 insnLen=0 bytes=16
[ioapic #47] gpa=0xFEC00000 pageOff=0x0 rip=0xFFFFF804359A585D write=1 insnLen=0 bytes=16
[ioapic #48] gpa=0xFEC00010 pageOff=0x10 rip=0xFFFFF804359A585F write=0 insnLen=0 bytes=16
[ioapic #49] gpa=0xFEC00010 pageOff=0x10 rip=0xFFFFF804359A587A write=1 insnLen=0 bytes=16
[ioapic #50] gpa=0xFEC00000 pageOff=0x0 rip=0xFFFFF804359A5881 write=1 insnLen=0 bytes=16
[ioapic #51] gpa=0xFEC00010 pageOff=0x10 rip=0xFFFFF804359A5883 write=1 insnLen=0 bytes=16
[ioapic #52] gpa=0xFEC00000 pageOff=0x0 rip=0xFFFFF804359A585D write=1 insnLen=0 bytes=16
[ioapic #53] gpa=0xFEC00010 pageOff=0x10 rip=0xFFFFF804359A585F write=0 insnLen=0 bytes=16
[ioapic #54] gpa=0xFEC00010 pageOff=0x10 rip=0xFFFFF804359A587A write=1 insnLen=0 bytes=16
[ioapic #55] gpa=0xFEC00000 pageOff=0x0 rip=0xFFFFF804359A5881 write=1 insnLen=0 bytes=16
[ioapic #56] gpa=0xFEC00010 pageOff=0x10 rip=0xFFFFF804359A5883 write=1 insnLen=0 bytes=16
[ioapic #57] gpa=0xFEC00000 pageOff=0x0 rip=0xFFFFF804359A585D write=1 insnLen=0 bytes=16
[ioapic #58] gpa=0xFEC00010 pageOff=0x10 rip=0xFFFFF804359A585F write=0 insnLen=0 bytes=16
[ioapic #59] gpa=0xFEC00010 pageOff=0x10 rip=0xFFFFF804359A587A write=1 insnLen=0 bytes=16
[ioapic #60] gpa=0xFEC00000 pageOff=0x0 rip=0xFFFFF804359A5881 write=1 insnLen=0 bytes=16
[ioapic #61] gpa=0xFEC00010 pageOff=0x10 rip=0xFFFFF804359A5883 write=1 insnLen=0 bytes=16
[ioapic #62] gpa=0xFEC00000 pageOff=0x0 rip=0xFFFFF804359A585D write=1 insnLen=0 bytes=16
[ioapic #63] gpa=0xFEC00010 pageOff=0x10 rip=0xFFFFF804359A585F write=0 insnLen=0 bytes=16
[ioapic #64] gpa=0xFEC00010 pageOff=0x10 rip=0xFFFFF804359A587A write=1 insnLen=0 bytes=16
[ioapic #65] gpa=0xFEC00000 pageOff=0x0 rip=0xFFFFF804359A5881 write=1 insnLen=0 bytes=16
[ioapic #66] gpa=0xFEC00010 pageOff=0x10 rip=0xFFFFF804359A5883 write=1 insnLen=0 bytes=16
[ioapic #67] gpa=0xFEC00000 pageOff=0x0 rip=0xFFFFF804359A585D write=1 insnLen=0 bytes=16
[ioapic #68] gpa=0xFEC00010 pageOff=0x10 rip=0xFFFFF804359A585F write=0 insnLen=0 bytes=16
[ioapic #69] gpa=0xFEC00010 pageOff=0x10 rip=0xFFFFF804359A587A write=1 insnLen=0 bytes=16
[ioapic #70] gpa=0xFEC00000 pageOff=0x0 rip=0xFFFFF804359A5881 write=1 insnLen=0 bytes=16
[ioapic #71] gpa=0xFEC00010 pageOff=0x10 rip=0xFFFFF804359A5883 write=1 insnLen=0 bytes=16
[ioapic #72] gpa=0xFEC00000 pageOff=0x0 rip=0xFFFFF804359A585D write=1 insnLen=0 bytes=16
[ioapic #73] gpa=0xFEC00010 pageOff=0x10 rip=0xFFFFF804359A585F write=0 insnLen=0 bytes=16
[ioapic #74] gpa=0xFEC00010 pageOff=0x10 rip=0xFFFFF804359A587A write=1 insnLen=0 bytes=16
[ioapic #75] gpa=0xFEC00000 pageOff=0x0 rip=0xFFFFF804359A5881 write=1 insnLen=0 bytes=16
[ioapic #76] gpa=0xFEC00010 pageOff=0x10 rip=0xFFFFF804359A5883 write=1 insnLen=0 bytes=16
[ioapic #77] gpa=0xFEC00000 pageOff=0x0 rip=0xFFFFF804359A585D write=1 insnLen=0 bytes=16
[ioapic #78] gpa=0xFEC00010 pageOff=0x10 rip=0xFFFFF804359A585F write=0 insnLen=0 bytes=16
[ioapic #79] gpa=0xFEC00010 pageOff=0x10 rip=0xFFFFF804359A587A write=1 insnLen=0 bytes=16
[ioapic #80] gpa=0xFEC00000 pageOff=0x0 rip=0xFFFFF804359A5881 write=1 insnLen=0 bytes=16
[ioapic #81] gpa=0xFEC00010 pageOff=0x10 rip=0xFFFFF804359A5883 write=1 insnLen=0 bytes=16
[ioapic #82] gpa=0xFEC00000 pageOff=0x0 rip=0xFFFFF804359A585D write=1 insnLen=0 bytes=16
[ioapic #83] gpa=0xFEC00010 pageOff=0x10 rip=0xFFFFF804359A585F write=0 insnLen=0 bytes=16
[ioapic #84] gpa=0xFEC00010 pageOff=0x10 rip=0xFFFFF804359A587A write=1 insnLen=0 bytes=16
[ioapic #85] gpa=0xFEC00000 pageOff=0x0 rip=0xFFFFF804359A5881 write=1 insnLen=0 bytes=16
[ioapic #86] gpa=0xFEC00010 pageOff=0x10 rip=0xFFFFF804359A5883 write=1 insnLen=0 bytes=16
[ioapic #87] gpa=0xFEC00000 pageOff=0x0 rip=0xFFFFF804359A585D write=1 insnLen=0 bytes=16
[ioapic #88] gpa=0xFEC00010 pageOff=0x10 rip=0xFFFFF804359A585F write=0 insnLen=0 bytes=16
[ioapic #89] gpa=0xFEC00010 pageOff=0x10 rip=0xFFFFF804359A587A write=1 insnLen=0 bytes=16
[ioapic #90] gpa=0xFEC00000 pageOff=0x0 rip=0xFFFFF804359A5881 write=1 insnLen=0 bytes=16
[ioapic #91] gpa=0xFEC00010 pageOff=0x10 rip=0xFFFFF804359A5883 write=1 insnLen=0 bytes=16
[ioapic #92] gpa=0xFEC00000 pageOff=0x0 rip=0xFFFFF804359A585D write=1 insnLen=0 bytes=16
[ioapic #93] gpa=0xFEC00010 pageOff=0x10 rip=0xFFFFF804359A585F write=0 insnLen=0 bytes=16
[ioapic #94] gpa=0xFEC00010 pageOff=0x10 rip=0xFFFFF804359A587A write=1 insnLen=0 bytes=16
[ioapic #95] gpa=0xFEC00000 pageOff=0x0 rip=0xFFFFF804359A5881 write=1 insnLen=0 bytes=16
[ioapic #96] gpa=0xFEC00010 pageOff=0x10 rip=0xFFFFF804359A5883 write=1 insnLen=0 bytes=16
[ioapic #97] gpa=0xFEC00000 pageOff=0x0 rip=0xFFFFF804359A585D write=1 insnLen=0 bytes=16
[ioapic #98] gpa=0xFEC00010 pageOff=0x10 rip=0xFFFFF804359A585F write=0 insnLen=0 bytes=16
[ioapic #99] gpa=0xFEC00010 pageOff=0x10 rip=0xFFFFF804359A587A write=1 insnLen=0 bytes=16
[ioapic #100] gpa=0xFEC00000 pageOff=0x0 rip=0xFFFFF804359A5881 write=1 insnLen=0 bytes=16
[iommuret] hit #1: HalpIommuInitSystem returned EAX=0x00000000 (success/other) rsp=0xFFFFF8043A675438 exitCount=111843
[iommuret] hit #2: HalpIommuInitSystem returned EAX=0x00000000 (success/other) rsp=0xFFFFF8043A675438 exitCount=111844
[iommuret] hit #3: HalpIommuInitSystem returned EAX=0x00000000 (success/other) rsp=0xFFFFF8043A675438 exitCount=111845
[iommuret] hit #4: HalpIommuInitSystem returned EAX=0x00000000 (success/other) rsp=0xFFFFF8043A675438 exitCount=111846
[iommuret] hit #5: HalpIommuInitSystem returned EAX=0x00000000 (success/other) rsp=0xFFFFF8043A675438 exitCount=111847
[iommuret] hit #6: HalpIommuInitSystem returned EAX=0x00000000 (success/other) rsp=0xFFFFF8043A675438 exitCount=111848
[iommuret] hit #7: HalpIommuInitSystem returned EAX=0x00000000 (success/other) rsp=0xFFFFF8043A675438 exitCount=111849
[iommuret] hit #8: HalpIommuInitSystem returned EAX=0x00000000 (success/other) rsp=0xFFFFF8043A675438 exitCount=111850
[iommuret] hit #9: HalpIommuInitSystem returned EAX=0x00000000 (success/other) rsp=0xFFFFF8043A675438 exitCount=111851
[iommuret] hit #10: HalpIommuInitSystem returned EAX=0x00000000 (success/other) rsp=0xFFFFF8043A675438 exitCount=111852
[iommuret] hit #11: HalpIommuInitSystem returned EAX=0x00000000 (success/other) rsp=0xFFFFF8043A675438 exitCount=111853
[iommuret] hit #12: HalpIommuInitSystem returned EAX=0x00000000 (success/other) rsp=0xFFFFF8043A675438 exitCount=111854
[iommuret] hit #13: HalpIommuInitSystem returned EAX=0x00000000 (success/other) rsp=0xFFFFF8043A675438 exitCount=111855
[iommuret] hit #14: HalpIommuInitSystem returned EAX=0x00000000 (success/other) rsp=0xFFFFF8043A675438 exitCount=111856
[iommuret] hit #15: HalpIommuInitSystem returned EAX=0x00000000 (success/other) rsp=0xFFFFF8043A675438 exitCount=111857
[iommuret] hit #16: HalpIommuInitSystem returned EAX=0x00000000 (success/other) rsp=0xFFFFF8043A675438 exitCount=111858
[iommuret] hit #17: HalpIommuInitSystem returned EAX=0x00000000 (success/other) rsp=0xFFFFF8043A675438 exitCount=111859
[iommuret] hit #18: HalpIommuInitSystem returned EAX=0x00000000 (success/other) rsp=0xFFFFF8043A675438 exitCount=111860
[iommuret] hit #19: HalpIommuInitSystem returned EAX=0x00000000 (success/other) rsp=0xFFFFF8043A675438 exitCount=111861
[iommuret] hit #20: HalpIommuInitSystem returned EAX=0x00000000 (success/other) rsp=0xFFFFF8043A675438 exitCount=111862
[iommuret] hit #21: HalpIommuInitSystem returned EAX=0x00000000 (success/other) rsp=0xFFFFF8043A675438 exitCount=111863
[iommuret] hit #22: HalpIommuInitSystem returned EAX=0x00000000 (success/other) rsp=0xFFFFF8043A675438 exitCount=111864
[iommuret] hit #23: HalpIommuInitSystem returned EAX=0x00000000 (success/other) rsp=0xFFFFF8043A675438 exitCount=111865
[iommuret] hit #24: HalpIommuInitSystem returned EAX=0x00000000 (success/other) rsp=0xFFFFF8043A675438 exitCount=111866
[iommuret] hit #25: HalpIommuInitSystem returned EAX=0x00000000 (success/other) rsp=0xFFFFF8043A675438 exitCount=111867
[iommuret] hit #26: HalpIommuInitSystem returned EAX=0x00000000 (success/other) rsp=0xFFFFF8043A675438 exitCount=111868
[iommuret] hit #27: HalpIommuInitSystem returned EAX=0x00000000 (success/other) rsp=0xFFFFF8043A675438 exitCount=111869
[iommuret] hit #28: HalpIommuInitSystem returned EAX=0x00000000 (success/other) rsp=0xFFFFF8043A675438 exitCount=111870
[iommuret] hit #29: HalpIommuInitSystem returned EAX=0x00000000 (success/other) rsp=0xFFFFF8043A675438 exitCount=111871
[iommuret] hit #30: HalpIommuInitSystem returned EAX=0x00000000 (success/other) rsp=0xFFFFF8043A675438 exitCount=111872
[iommuret] hit #31: HalpIommuInitSystem returned EAX=0x00000000 (success/other) rsp=0xFFFFF8043A675438 exitCount=111873
[iommuret] hit #32: HalpIommuInitSystem returned EAX=0x00000000 (success/other) rsp=0xFFFFF8043A675438 exitCount=111874
[iommuret] hit #33: HalpIommuInitSystem returned EAX=0x00000000 (success/other) rsp=0xFFFFF8043A675438 exitCount=111875
[iommuret] hit #34: HalpIommuInitSystem returned EAX=0x00000000 (success/other) rsp=0xFFFFF8043A675438 exitCount=111876
[iommuret] hit #35: HalpIommuInitSystem returned EAX=0x00000000 (success/other) rsp=0xFFFFF8043A675438 exitCount=111877
[iommuret] hit #36: HalpIommuInitSystem returned EAX=0x00000000 (success/other) rsp=0xFFFFF8043A675438 exitCount=111878
[iommuret] hit #37: HalpIommuInitSystem returned EAX=0x00000000 (success/other) rsp=0xFFFFF8043A675438 exitCount=111879
[iommuret] hit #38: HalpIommuInitSystem returned EAX=0x00000000 (success/other) rsp=0xFFFFF8043A675438 exitCount=111880
[iommuret] hit #39: HalpIommuInitSystem returned EAX=0x00000000 (success/other) rsp=0xFFFFF8043A675438 exitCount=111881
[iommuret] hit #40: HalpIommuInitSystem returned EAX=0x00000000 (success/other) rsp=0xFFFFF8043A675438 exitCount=111882
[iommuret] hit #41: HalpIommuInitSystem returned EAX=0x00000000 (success/other) rsp=0xFFFFF8043A675438 exitCount=111883
[iommuret] hit #42: HalpIommuInitSystem returned EAX=0x00000000 (success/other) rsp=0xFFFFF8043A675438 exitCount=111884
[iommuret] hit #43: HalpIommuInitSystem returned EAX=0x00000000 (success/other) rsp=0xFFFFF8043A675438 exitCount=111885
[iommuret] hit #44: HalpIommuInitSystem returned EAX=0x00000000 (success/other) rsp=0xFFFFF8043A675438 exitCount=111886
[iommuret] hit #45: HalpIommuInitSystem returned EAX=0x00000000 (success/other) rsp=0xFFFFF8043A675438 exitCount=111887
[iommuret] hit #46: HalpIommuInitSystem returned EAX=0x00000000 (success/other) rsp=0xFFFFF8043A675438 exitCount=111888
[iommuret] hit #47: HalpIommuInitSystem returned EAX=0x00000000 (success/other) rsp=0xFFFFF8043A675438 exitCount=111889
[iommuret] hit #48: HalpIommuInitSystem returned EAX=0x00000000 (success/other) rsp=0xFFFFF8043A675438 exitCount=111890
[iommuret] hit #49: HalpIommuInitSystem returned EAX=0x00000000 (success/other) rsp=0xFFFFF8043A675438 exitCount=111891
[iommuret] hit #50: HalpIommuInitSystem returned EAX=0x00000000 (success/other) rsp=0xFFFFF8043A675438 exitCount=111892
[iommuret] hit #51: HalpIommuInitSystem returned EAX=0x00000000 (success/other) rsp=0xFFFFF8043A675438 exitCount=111893
[iommuret] hit #52: HalpIommuInitSystem returned EAX=0x00000000 (success/other) rsp=0xFFFFF8043A675438 exitCount=111894
[iommuret] hit #53: HalpIommuInitSystem returned EAX=0x00000000 (success/other) rsp=0xFFFFF8043A675438 exitCount=111895
[iommuret] hit #54: HalpIommuInitSystem returned EAX=0x00000000 (success/other) rsp=0xFFFFF8043A675438 exitCount=111896
[iommuret] hit #55: HalpIommuInitSystem returned EAX=0x00000000 (success/other) rsp=0xFFFFF8043A675438 exitCount=111897
[iommuret] hit #56: HalpIommuInitSystem returned EAX=0x00000000 (success/other) rsp=0xFFFFF8043A675438 exitCount=111898
[iommuret] hit #57: HalpIommuInitSystem returned EAX=0x00000000 (success/other) rsp=0xFFFFF8043A675438 exitCount=111899
[iommuret] hit #58: HalpIommuInitSystem returned EAX=0x00000000 (success/other) rsp=0xFFFFF8043A675438 exitCount=111900
[iommuret] hit #59: HalpIommuInitSystem returned EAX=0x00000000 (success/other) rsp=0xFFFFF8043A675438 exitCount=111901
[iommuret] hit #60: HalpIommuInitSystem returned EAX=0x00000000 (success/other) rsp=0xFFFFF8043A675438 exitCount=111902
[iommuret] hit #61: HalpIommuInitSystem returned EAX=0x00000000 (success/other) rsp=0xFFFFF8043A675438 exitCount=111903
[iommuret] hit #62: HalpIommuInitSystem returned EAX=0x00000000 (success/other) rsp=0xFFFFF8043A675438 exitCount=111904
[iommuret] hit #63: HalpIommuInitSystem returned EAX=0x00000000 (success/other) rsp=0xFFFFF8043A675438 exitCount=111905
[iommuret] hit #64: HalpIommuInitSystem returned EAX=0x00000000 (success/other) rsp=0xFFFFF8043A675438 exitCount=111906
[iommuret] hit #65: HalpIommuInitSystem returned EAX=0x00000000 (success/other) rsp=0xFFFFF8043A675438 exitCount=111907
[iommuret] hit #66: HalpIommuInitSystem returned EAX=0x00000000 (success/other) rsp=0xFFFFF8043A675438 exitCount=111908
[iommuret] hit #67: HalpIommuInitSystem returned EAX=0x00000000 (success/other) rsp=0xFFFFF8043A675438 exitCount=111909
[iommuret] hit #68: HalpIommuInitSystem returned EAX=0x00000000 (success/other) rsp=0xFFFFF8043A675438 exitCount=111910
[iommuret] hit #69: HalpIommuInitSystem returned EAX=0x00000000 (success/other) rsp=0xFFFFF8043A675438 exitCount=111911
[iommuret] hit #70: HalpIommuInitSystem returned EAX=0x00000000 (success/other) rsp=0xFFFFF8043A675438 exitCount=111912
[iommuret] hit #71: HalpIommuInitSystem returned EAX=0x00000000 (success/other) rsp=0xFFFFF8043A675438 exitCount=111913
[iommuret] hit #72: HalpIommuInitSystem returned EAX=0x00000000 (success/other) rsp=0xFFFFF8043A675438 exitCount=111914
[iommuret] hit #73: HalpIommuInitSystem returned EAX=0x00000000 (success/other) rsp=0xFFFFF8043A675438 exitCount=111915
[iommuret] hit #74: HalpIommuInitSystem returned EAX=0x00000000 (success/other) rsp=0xFFFFF8043A675438 exitCount=111916
[iommuret] hit #75: HalpIommuInitSystem returned EAX=0x00000000 (success/other) rsp=0xFFFFF8043A675438 exitCount=111917
[iommuret] hit #76: HalpIommuInitSystem returned EAX=0x00000000 (success/other) rsp=0xFFFFF8043A675438 exitCount=111918
[iommuret] hit #77: HalpIommuInitSystem returned EAX=0x00000000 (success/other) rsp=0xFFFFF8043A675438 exitCount=111919
[iommuret] hit #78: HalpIommuInitSystem returned EAX=0x00000000 (success/other) rsp=0xFFFFF8043A675438 exitCount=111920
[iommuret] hit #79: HalpIommuInitSystem returned EAX=0x00000000 (success/other) rsp=0xFFFFF8043A675438 exitCount=111921
[iommuret] hit #80: HalpIommuInitSystem returned EAX=0x00000000 (success/other) rsp=0xFFFFF8043A675438 exitCount=111922
[iommuret] hit #81: HalpIommuInitSystem returned EAX=0x00000000 (success/other) rsp=0xFFFFF8043A675438 exitCount=111923
[iommuret] hit #82: HalpIommuInitSystem returned EAX=0x00000000 (success/other) rsp=0xFFFFF8043A675438 exitCount=111924
[iommuret] hit #83: HalpIommuInitSystem returned EAX=0x00000000 (success/other) rsp=0xFFFFF8043A675438 exitCount=111925
[iommuret] hit #84: HalpIommuInitSystem returned EAX=0x00000000 (success/other) rsp=0xFFFFF8043A675438 exitCount=111926
[iommuret] hit #85: HalpIommuInitSystem returned EAX=0x00000000 (success/other) rsp=0xFFFFF8043A675438 exitCount=111927
[iommuret] hit #86: HalpIommuInitSystem returned EAX=0x00000000 (success/other) rsp=0xFFFFF8043A675438 exitCount=111928
[iommuret] hit #87: HalpIommuInitSystem returned EAX=0x00000000 (success/other) rsp=0xFFFFF8043A675438 exitCount=111929
[iommuret] hit #88: HalpIommuInitSystem returned EAX=0x00000000 (success/other) rsp=0xFFFFF8043A675438 exitCount=111930
[iommuret] hit #89: HalpIommuInitSystem returned EAX=0x00000000 (success/other) rsp=0xFFFFF8043A675438 exitCount=111931
[iommuret] hit #90: HalpIommuInitSystem returned EAX=0x00000000 (success/other) rsp=0xFFFFF8043A675438 exitCount=111932
[iommuret] hit #91: HalpIommuInitSystem returned EAX=0x00000000 (success/other) rsp=0xFFFFF8043A675438 exitCount=111933
[iommuret] hit #92: HalpIommuInitSystem returned EAX=0x00000000 (success/other) rsp=0xFFFFF8043A675438 exitCount=111934
[iommuret] hit #93: HalpIommuInitSystem returned EAX=0x00000000 (success/other) rsp=0xFFFFF8043A675438 exitCount=111935
[iommuret] hit #94: HalpIommuInitSystem returned EAX=0x00000000 (success/other) rsp=0xFFFFF8043A675438 exitCount=111936
[iommuret] hit #95: HalpIommuInitSystem returned EAX=0x00000000 (success/other) rsp=0xFFFFF8043A675438 exitCount=111937
[iommuret] hit #96: HalpIommuInitSystem returned EAX=0x00000000 (success/other) rsp=0xFFFFF8043A675438 exitCount=111938
[iommuret] hit #97: HalpIommuInitSystem returned EAX=0x00000000 (success/other) rsp=0xFFFFF8043A675438 exitCount=111939
[iommuret] hit #98: HalpIommuInitSystem returned EAX=0x00000000 (success/other) rsp=0xFFFFF8043A675438 exitCount=111940
[iommuret] hit #99: HalpIommuInitSystem returned EAX=0x00000000 (success/other) rsp=0xFFFFF8043A675438 exitCount=111941
[iommuret] hit #100: HalpIommuInitSystem returned EAX=0x00000000 (success/other) rsp=0xFFFFF8043A675438 exitCount=111942
[iommuret] hit #101: HalpIommuInitSystem returned EAX=0x00000000 (success/other) rsp=0xFFFFF8043A675438 exitCount=111943
[iommuret] hit #102: HalpIommuInitSystem returned EAX=0x00000000 (success/other) rsp=0xFFFFF8043A675438 exitCount=111944
[iommuret] hit #103: HalpIommuInitSystem returned EAX=0x00000000 (success/other) rsp=0xFFFFF8043A675438 exitCount=111945
[iommuret] hit #104: HalpIommuInitSystem returned EAX=0x00000000 (success/other) rsp=0xFFFFF8043A675438 exitCount=111946
[iommuret] hit #105: HalpIommuInitSystem returned EAX=0x00000000 (success/other) rsp=0xFFFFF8043A675438 exitCount=111947
[iommuret] hit #106: HalpIommuInitSystem returned EAX=0x00000000 (success/other) rsp=0xFFFFF8043A675438 exitCount=111948
[iommuret] hit #107: HalpIommuInitSystem returned EAX=0x00000000 (success/other) rsp=0xFFFFF8043A675438 exitCount=111949
[iommuret] hit #108: HalpIommuInitSystem returned EAX=0x00000000 (success/other) rsp=0xFFFFF8043A675438 exitCount=111950
[iommuret] hit #109: HalpIommuInitSystem returned EAX=0x00000000 (success/other) rsp=0xFFFFF8043A675438 exitCount=111951
[iommuret] hit #110: HalpIommuInitSystem returned EAX=0x00000000 (success/other) rsp=0xFFFFF8043A675438 exitCount=111952
[iommuret] hit #111: HalpIommuInitSystem returned EAX=0x00000000 (success/other) rsp=0xFFFFF8043A675438 exitCount=111953
[iommuret] hit #112: HalpIommuInitSystem returned EAX=0x00000000 (success/other) rsp=0xFFFFF8043A675438 exitCount=111954
[iommuret] hit #113: HalpIommuInitSystem returned EAX=0x00000000 (success/other) rsp=0xFFFFF8043A675438 exitCount=111955
[iommuret] hit #114: HalpIommuInitSystem returned EAX=0x00000000 (success/other) rsp=0xFFFFF8043A675438 exitCount=111956
[iommuret] hit #115: HalpIommuInitSystem returned EAX=0x00000000 (success/other) rsp=0xFFFFF8043A675438 exitCount=111957
[iommuret] hit #116: HalpIommuInitSystem returned EAX=0x00000000 (success/other) rsp=0xFFFFF8043A675438 exitCount=111958
[iommuret] hit #117: HalpIommuInitSystem returned EAX=0x00000000 (success/other) rsp=0xFFFFF8043A675438 exitCount=111959
[iommuret] hit #118: HalpIommuInitSystem returned EAX=0x00000000 (success/other) rsp=0xFFFFF8043A675438 exitCount=111960
[iommuret] hit #119: HalpIommuInitSystem returned EAX=0x00000000 (success/other) rsp=0xFFFFF8043A675438 exitCount=111961
[iommuret] hit #120: HalpIommuInitSystem returned EAX=0x00000000 (success/other) rsp=0xFFFFF8043A675438 exitCount=111962
[iommuret] hit #121: HalpIommuInitSystem returned EAX=0x00000000 (success/other) rsp=0xFFFFF8043A675438 exitCount=111963
[iommuret] hit #122: HalpIommuInitSystem returned EAX=0x00000000 (success/other) rsp=0xFFFFF8043A675438 exitCount=111964
[iommuret] hit #123: HalpIommuInitSystem returned EAX=0x00000000 (success/other) rsp=0xFFFFF8043A675438 exitCount=111965
[iommuret] hit #124: HalpIommuInitSystem returned EAX=0x00000000 (success/other) rsp=0xFFFFF8043A675438 exitCount=111966
[iommuret] hit #125: HalpIommuInitSystem returned EAX=0x00000000 (success/other) rsp=0xFFFFF8043A675438 exitCount=111967
[iommuret] hit #126: HalpIommuInitSystem returned EAX=0x00000000 (success/other) rsp=0xFFFFF8043A675438 exitCount=111968
[iommuret] hit #127: HalpIommuInitSystem returned EAX=0x00000000 (success/other) rsp=0xFFFFF8043A675438 exitCount=111969
[iommuret] hit #128: HalpIommuInitSystem returned EAX=0x00000000 (success/other) rsp=0xFFFFF8043A675438 exitCount=111970
[iommuret] hit #129: HalpIommuInitSystem returned EAX=0x00000000 (success/other) rsp=0xFFFFF8043A675438 exitCount=111971
[iommuret] hit #130: HalpIommuInitSystem returned EAX=0x00000000 (success/other) rsp=0xFFFFF8043A675438 exitCount=111972
[iommuret] hit #131: HalpIommuInitSystem returned EAX=0x00000000 (success/other) rsp=0xFFFFF8043A675438 exitCount=111973
[iommuret] hit #132: HalpIommuInitSystem returned EAX=0x00000000 (success/other) rsp=0xFFFFF8043A675438 exitCount=111974
[iommuret] hit #133: HalpIommuInitSystem returned EAX=0x00000000 (success/other) rsp=0xFFFFF8043A675438 exitCount=111975
[iommuret] hit #134: HalpIommuInitSystem returned EAX=0x00000000 (success/other) rsp=0xFFFFF8043A675438 exitCount=111976
[iommuret] hit #135: HalpIommuInitSystem returned EAX=0x00000000 (success/other) rsp=0xFFFFF8043A675438 exitCount=111977
[iommuret] hit #136: HalpIommuInitSystem returned EAX=0x00000000 (success/other) rsp=0xFFFFF8043A675438 exitCount=111978
[iommuret] hit #137: HalpIommuInitSystem returned EAX=0x00000000 (success/other) rsp=0xFFFFF8043A675438 exitCount=111979
[iommuret] hit #138: HalpIommuInitSystem returned EAX=0x00000000 (success/other) rsp=0xFFFFF8043A675438 exitCount=111980
[iommuret] hit #139: HalpIommuInitSystem returned EAX=0x00000000 (success/other) rsp=0xFFFFF8043A675438 exitCount=111981
[iommuret] hit #140: HalpIommuInitSystem returned EAX=0x00000000 (success/other) rsp=0xFFFFF8043A675438 exitCount=111982
[iommuret] hit #141: HalpIommuInitSystem returned EAX=0x00000000 (success/other) rsp=0xFFFFF8043A675438 exitCount=111983
[iommuret] hit #142: HalpIommuInitSystem returned EAX=0x00000000 (success/other) rsp=0xFFFFF8043A675438 exitCount=111984
[iommuret] hit #143: HalpIommuInitSystem returned EAX=0x00000000 (success/other) rsp=0xFFFFF8043A675438 exitCount=111985
[iommuret] hit #144: HalpIommuInitSystem returned EAX=0x00000000 (success/other) rsp=0xFFFFF8043A675438 exitCount=111986
[iommuret] hit #145: HalpIommuInitSystem returned EAX=0x00000000 (success/other) rsp=0xFFFFF8043A675438 exitCount=111987
[iommuret] hit #146: HalpIommuInitSystem returned EAX=0x00000000 (success/other) rsp=0xFFFFF8043A675438 exitCount=111988
[iommuret] hit #147: HalpIommuInitSystem returned EAX=0x00000000 (success/other) rsp=0xFFFFF8043A675438 exitCount=111989
[iommuret] hit #148: HalpIommuInitSystem returned EAX=0x00000000 (success/other) rsp=0xFFFFF8043A675438 exitCount=111990
[iommuret] hit #149: HalpIommuInitSystem returned EAX=0x00000000 (success/other) rsp=0xFFFFF8043A675438 exitCount=111991
[iommuret] hit #150: HalpIommuInitSystem returned EAX=0x00000000 (success/other) rsp=0xFFFFF8043A675438 exitCount=111992
[iommuret] hit #151: HalpIommuInitSystem returned EAX=0x00000000 (success/other) rsp=0xFFFFF8043A675438 exitCount=111993
[iommuret] hit #152: HalpIommuInitSystem returned EAX=0x00000000 (success/other) rsp=0xFFFFF8043A675438 exitCount=111994
[iommuret] hit #153: HalpIommuInitSystem returned EAX=0x00000000 (success/other) rsp=0xFFFFF8043A675438 exitCount=111995
[iommuret] hit #154: HalpIommuInitSystem returned EAX=0x00000000 (success/other) rsp=0xFFFFF8043A675438 exitCount=111996
[iommuret] hit #155: HalpIommuInitSystem returned EAX=0x00000000 (success/other) rsp=0xFFFFF8043A675438 exitCount=111997
[iommuret] hit #156: HalpIommuInitSystem returned EAX=0x00000000 (success/other) rsp=0xFFFFF8043A675438 exitCount=111998
[iommuret] hit #157: HalpIommuInitSystem returned EAX=0x00000000 (success/other) rsp=0xFFFFF8043A675438 exitCount=111999
[iommuret] hit #158: HalpIommuInitSystem returned EAX=0x00000000 (success/other) rsp=0xFFFFF8043A675438 exitCount=112000
[iommuret] hit #159: HalpIommuInitSystem returned EAX=0x00000000 (success/other) rsp=0xFFFFF8043A675438 exitCount=112001
[iommuret] hit #160: HalpIommuInitSystem returned EAX=0x00000000 (success/other) rsp=0xFFFFF8043A675438 exitCount=112002
[iommuret] hit #161: HalpIommuInitSystem returned EAX=0x00000000 (success/other) rsp=0xFFFFF8043A675438 exitCount=112003
[iommuret] hit #162: HalpIommuInitSystem returned EAX=0x00000000 (success/other) rsp=0xFFFFF8043A675438 exitCount=112004
[iommuret] hit #163: HalpIommuInitSystem returned EAX=0x00000000 (success/other) rsp=0xFFFFF8043A675438 exitCount=112005
[iommuret] hit #164: HalpIommuInitSystem returned EAX=0x00000000 (success/other) rsp=0xFFFFF8043A675438 exitCount=112006
[iommuret] hit #165: HalpIommuInitSystem returned EAX=0x00000000 (success/other) rsp=0xFFFFF8043A675438 exitCount=112007
[iommuret] hit #166: HalpIommuInitSystem returned EAX=0x00000000 (success/other) rsp=0xFFFFF8043A675438 exitCount=112008
[iommuret] hit #167: HalpIommuInitSystem returned EAX=0x00000000 (success/other) rsp=0xFFFFF8043A675438 exitCount=112009
[iommuret] hit #168: HalpIommuInitSystem returned EAX=0x00000000 (success/other) rsp=0xFFFFF8043A675438 exitCount=112010
[iommuret] hit #169: HalpIommuInitSystem returned EAX=0x00000000 (success/other) rsp=0xFFFFF8043A675438 exitCount=112011
[iommuret] hit #170: HalpIommuInitSystem returned EAX=0x00000000 (success/other) rsp=0xFFFFF8043A675438 exitCount=112012
[iommuret] hit #171: HalpIommuInitSystem returned EAX=0x00000000 (success/other) rsp=0xFFFFF8043A675438 exitCount=112013
[iommuret] hit #172: HalpIommuInitSystem returned EAX=0x00000000 (success/other) rsp=0xFFFFF8043A675438 exitCount=112014
[iommuret] hit #173: HalpIommuInitSystem returned EAX=0x00000000 (success/other) rsp=0xFFFFF8043A675438 exitCount=112015
[iommuret] hit #174: HalpIommuInitSystem returned EAX=0x00000000 (success/other) rsp=0xFFFFF8043A675438 exitCount=112016
[iommuret] hit #175: HalpIommuInitSystem returned EAX=0x00000000 (success/other) rsp=0xFFFFF8043A675438 exitCount=112017
[iommuret] hit #176: HalpIommuInitSystem returned EAX=0x00000000 (success/other) rsp=0xFFFFF8043A675438 exitCount=112018
[iommuret] hit #177: HalpIommuInitSystem returned EAX=0x00000000 (success/other) rsp=0xFFFFF8043A675438 exitCount=112019
[iommuret] hit #178: HalpIommuInitSystem returned EAX=0x00000000 (success/other) rsp=0xFFFFF8043A675438 exitCount=112020
[iommuret] hit #179: HalpIommuInitSystem returned EAX=0x00000000 (success/other) rsp=0xFFFFF8043A675438 exitCount=112021
[iommuret] hit #180: HalpIommuInitSystem returned EAX=0x00000000 (success/other) rsp=0xFFFFF8043A675438 exitCount=112022
[iommuret] hit #181: HalpIommuInitSystem returned EAX=0x00000000 (success/other) rsp=0xFFFFF8043A675438 exitCount=112023
[iommuret] hit #182: HalpIommuInitSystem returned EAX=0x00000000 (success/other) rsp=0xFFFFF8043A675438 exitCount=112024
[iommuret] hit #183: HalpIommuInitSystem returned EAX=0x00000000 (success/other) rsp=0xFFFFF8043A675438 exitCount=112025
[iommuret] hit #184: HalpIommuInitSystem returned EAX=0x00000000 (success/other) rsp=0xFFFFF8043A675438 exitCount=112026
[iommuret] hit #185: HalpIommuInitSystem returned EAX=0x00000000 (success/other) rsp=0xFFFFF8043A675438 exitCount=112027
[iommuret] hit #186: HalpIommuInitSystem returned EAX=0x00000000 (success/other) rsp=0xFFFFF8043A675438 exitCount=112028
[iommuret] hit #187: HalpIommuInitSystem returned EAX=0x00000000 (success/other) rsp=0xFFFFF8043A675438 exitCount=112029
[iommuret] hit #188: HalpIommuInitSystem returned EAX=0x00000000 (success/other) rsp=0xFFFFF8043A675438 exitCount=112030
[iommuret] hit #189: HalpIommuInitSystem returned EAX=0x00000000 (success/other) rsp=0xFFFFF8043A675438 exitCount=112031
[iommuret] hit #190: HalpIommuInitSystem returned EAX=0x00000000 (success/other) rsp=0xFFFFF8043A675438 exitCount=112032
[iommuret] hit #191: HalpIommuInitSystem returned EAX=0x00000000 (success/other) rsp=0xFFFFF8043A675438 exitCount=112033
[iommuret] hit #192: HalpIommuInitSystem returned EAX=0x00000000 (success/other) rsp=0xFFFFF8043A675438 exitCount=112034
[iommuret] hit #193: HalpIommuInitSystem returned EAX=0x00000000 (success/other) rsp=0xFFFFF8043A675438 exitCount=112035
[iommuret] hit #194: HalpIommuInitSystem returned EAX=0x00000000 (success/other) rsp=0xFFFFF8043A675438 exitCount=112036
[iommuret] hit #195: HalpIommuInitSystem returned EAX=0x00000000 (success/other) rsp=0xFFFFF8043A675438 exitCount=112037
[iommuret] hit #196: HalpIommuInitSystem returned EAX=0x00000000 (success/other) rsp=0xFFFFF8043A675438 exitCount=112038
[iommuret] hit #197: HalpIommuInitSystem returned EAX=0x00000000 (success/other) rsp=0xFFFFF8043A675438 exitCount=112039
[iommuret] hit #198: HalpIommuInitSystem returned EAX=0x00000000 (success/other) rsp=0xFFFFF8043A675438 exitCount=112040
[iommuret] hit #199: HalpIommuInitSystem returned EAX=0x00000000 (success/other) rsp=0xFFFFF8043A675438 exitCount=112041
[iommuret] hit #200: HalpIommuInitSystem returned EAX=0x00000000 (success/other) rsp=0xFFFFF8043A675438 exitCount=112042
[iommuret] hit #201: HalpIommuInitSystem returned EAX=0x00000000 (success/other) rsp=0xFFFFF8043A675438 exitCount=112043
[iommuret] hit #202: HalpIommuInitSystem returned EAX=0x00000000 (success/other) rsp=0xFFFFF8043A675438 exitCount=112044
[iommuret] hit #203: HalpIommuInitSystem returned EAX=0x00000000 (success/other) rsp=0xFFFFF8043A675438 exitCount=112045
[iommuret] hit #204: HalpIommuInitSystem returned EAX=0x00000000 (success/other) rsp=0xFFFFF8043A675438 exitCount=112046
[iommuret] hit #205: HalpIommuInitSystem returned EAX=0x00000000 (success/other) rsp=0xFFFFF8043A675438 exitCount=112047
[iommuret] hit #206: HalpIommuInitSystem returned EAX=0x00000000 (success/other) rsp=0xFFFFF8043A675438 exitCount=112048
[iommuret] hit #207: HalpIommuInitSystem returned EAX=0x00000000 (success/other) rsp=0xFFFFF8043A675438 exitCount=112049
[iommuret] hit #208: HalpIommuInitSystem returned EAX=0x00000000 (success/other) rsp=0xFFFFF8043A675438 exitCount=112050
[iommuret] hit #209: HalpIommuInitSystem returned EAX=0x00000000 (success/other) rsp=0xFFFFF8043A675438 exitCount=112051
[iommuret] hit #210: HalpIommuInitSystem returned EAX=0x00000000 (success/other) rsp=0xFFFFF8043A675438 exitCount=112052
[iommuret] hit #211: HalpIommuInitSystem returned EAX=0x00000000 (success/other) rsp=0xFFFFF8043A675438 exitCount=112053
[iommuret] hit #212: HalpIommuInitSystem returned EAX=0x00000000 (success/other) rsp=0xFFFFF8043A675438 exitCount=112054
[iommuret] hit #213: HalpIommuInitSystem returned EAX=0x00000000 (success/other) rsp=0xFFFFF8043A675438 exitCount=112055
[iommuret] hit #214: HalpIommuInitSystem returned EAX=0x00000000 (success/other) rsp=0xFFFFF8043A675438 exitCount=112056
[iommuret] hit #215: HalpIommuInitSystem returned EAX=0x00000000 (success/other) rsp=0xFFFFF8043A675438 exitCount=112057
[iommuret] hit #216: HalpIommuInitSystem returned EAX=0x00000000 (success/other) rsp=0xFFFFF8043A675438 exitCount=112058
[iommuret] hit #217: HalpIommuInitSystem returned EAX=0x00000000 (success/other) rsp=0xFFFFF8043A675438 exitCount=112059
[iommuret] hit #218: HalpIommuInitSystem returned EAX=0x00000000 (success/other) rsp=0xFFFFF8043A675438 exitCount=112060
[iommuret] hit #219: HalpIommuInitSystem returned EAX=0x00000000 (success/other) rsp=0xFFFFF8043A675438 exitCount=112061
[iommuret] hit #220: HalpIommuInitSystem returned EAX=0x00000000 (success/other) rsp=0xFFFFF8043A675438 exitCount=112062
[iommuret] hit #221: HalpIommuInitSystem returned EAX=0x00000000 (success/other) rsp=0xFFFFF8043A675438 exitCount=112063
[iommuret] hit #222: HalpIommuInitSystem returned EAX=0x00000000 (success/other) rsp=0xFFFFF8043A675438 exitCount=112064
[iommuret] hit #223: HalpIommuInitSystem returned EAX=0x00000000 (success/other) rsp=0xFFFFF8043A675438 exitCount=112065
[iommuret] hit #224: HalpIommuInitSystem returned EAX=0x00000000 (success/other) rsp=0xFFFFF8043A675438 exitCount=112066
[iommuret] hit #225: HalpIommuInitSystem returned EAX=0x00000000 (success/other) rsp=0xFFFFF8043A675438 exitCount=112067
[iommuret] hit #226: HalpIommuInitSystem returned EAX=0x00000000 (success/other) rsp=0xFFFFF8043A675438 exitCount=112068
[iommuret] hit #227: HalpIommuInitSystem returned EAX=0x00000000 (success/other) rsp=0xFFFFF8043A675438 exitCount=112069
[iommuret] hit #228: HalpIommuInitSystem returned EAX=0x00000000 (success/other) rsp=0xFFFFF8043A675438 exitCount=112070
[iommuret] hit #229: HalpIommuInitSystem returned EAX=0x00000000 (success/other) rsp=0xFFFFF8043A675438 exitCount=112071
[iommuret] hit #230: HalpIommuInitSystem returned EAX=0x00000000 (success/other) rsp=0xFFFFF8043A675438 exitCount=112072
[iommuret] hit #231: HalpIommuInitSystem returned EAX=0x00000000 (success/other) rsp=0xFFFFF8043A675438 exitCount=112073
[iommuret] hit #232: HalpIommuInitSystem returned EAX=0x00000000 (success/other) rsp=0xFFFFF8043A675438 exitCount=112074
[iommuret] hit #233: HalpIommuInitSystem returned EAX=0x00000000 (success/other) rsp=0xFFFFF8043A675438 exitCount=112075
[iommuret] hit #234: HalpIommuInitSystem returned EAX=0x00000000 (success/other) rsp=0xFFFFF8043A675438 exitCount=112076
[iommuret] hit #235: HalpIommuInitSystem returned EAX=0x00000000 (success/other) rsp=0xFFFFF8043A675438 exitCount=112077
[iommuret] hit #236: HalpIommuInitSystem returned EAX=0x00000000 (success/other) rsp=0xFFFFF8043A675438 exitCount=112078
[iommuret] hit #237: HalpIommuInitSystem returned EAX=0x00000000 (success/other) rsp=0xFFFFF8043A675438 exitCount=112079
[iommuret] hit #238: HalpIommuInitSystem returned EAX=0x00000000 (success/other) rsp=0xFFFFF8043A675438 exitCount=112080
[iommuret] hit #239: HalpIommuInitSystem returned EAX=0x00000000 (success/other) rsp=0xFFFFF8043A675438 exitCount=112081
[iommuret] hit #240: HalpIommuInitSystem returned EAX=0x00000000 (success/other) rsp=0xFFFFF8043A675438 exitCount=112082
[iommuret] hit #241: HalpIommuInitSystem returned EAX=0x00000000 (success/other) rsp=0xFFFFF8043A675438 exitCount=112083
[iommuret] hit #242: HalpIommuInitSystem returned EAX=0x00000000 (success/other) rsp=0xFFFFF8043A675438 exitCount=112084
[iommuret] hit #243: HalpIommuInitSystem returned EAX=0x00000000 (success/other) rsp=0xFFFFF8043A675438 exitCount=112085
[iommuret] hit #244: HalpIommuInitSystem returned EAX=0x00000000 (success/other) rsp=0xFFFFF8043A675438 exitCount=112086
[iommuret] hit #245: HalpIommuInitSystem returned EAX=0x00000000 (success/other) rsp=0xFFFFF8043A675438 exitCount=112087
[iommuret] hit #246: HalpIommuInitSystem returned EAX=0x00000000 (success/other) rsp=0xFFFFF8043A675438 exitCount=112088
[iommuret] hit #247: HalpIommuInitSystem returned EAX=0x00000000 (success/other) rsp=0xFFFFF8043A675438 exitCount=112089
[iommuret] hit #248: HalpIommuInitSystem returned EAX=0x00000000 (success/other) rsp=0xFFFFF8043A675438 exitCount=112090
[iommuret] hit #249: HalpIommuInitSystem returned EAX=0x00000000 (success/other) rsp=0xFFFFF8043A675438 exitCount=112091
[iommuret] hit #250: HalpIommuInitSystem returned EAX=0x00000000 (success/other) rsp=0xFFFFF8043A675438 exitCount=112092
[iommuret] hit #251: HalpIommuInitSystem returned EAX=0x00000000 (success/other) rsp=0xFFFFF8043A675438 exitCount=112093
[iommuret] hit #252: HalpIommuInitSystem returned EAX=0x00000000 (success/other) rsp=0xFFFFF8043A675438 exitCount=112094
[iommuret] hit #253: HalpIommuInitSystem returned EAX=0x00000000 (success/other) rsp=0xFFFFF8043A675438 exitCount=112095
[iommuret] hit #254: HalpIommuInitSystem returned EAX=0x00000000 (success/other) rsp=0xFFFFF8043A675438 exitCount=112096
[iommuret] hit #255: HalpIommuInitSystem returned EAX=0x00000000 (success/other) rsp=0xFFFFF8043A675438 exitCount=112097
[iommuret] hit #256: HalpIommuInitSystem returned EAX=0x00000000 (success/other) rsp=0xFFFFF8043A675438 exitCount=112098
[iommuret] hit #257: HalpIommuInitSystem returned EAX=0x00000000 (success/other) rsp=0xFFFFF8043A675438 exitCount=112099
[iommuret] hit #258: HalpIommuInitSystem returned EAX=0x00000000 (success/other) rsp=0xFFFFF8043A675438 exitCount=112100
[iommuret] hit #259: HalpIommuInitSystem returned EAX=0x00000000 (success/other) rsp=0xFFFFF8043A675438 exitCount=112101
[iommuret] hit #260: HalpIommuInitSystem returned EAX=0x00000000 (success/other) rsp=0xFFFFF8043A675438 exitCount=112102
[iommuret] hit #261: HalpIommuInitSystem returned EAX=0x00000000 (success/other) rsp=0xFFFFF8043A675438 exitCount=112103
[iommuret] hit #262: HalpIommuInitSystem returned EAX=0x00000000 (success/other) rsp=0xFFFFF8043A675438 exitCount=112104
[iommuret] hit #263: HalpIommuInitSystem returned EAX=0x00000000 (success/other) rsp=0xFFFFF8043A675438 exitCount=112105
[iommuret] hit #264: HalpIommuInitSystem returned EAX=0x00000000 (success/other) rsp=0xFFFFF8043A675438 exitCount=112106
[iommuret] hit #265: HalpIommuInitSystem returned EAX=0x00000000 (success/other) rsp=0xFFFFF8043A675438 exitCount=112107
[iommuret] hit #266: HalpIommuInitSystem returned EAX=0x00000000 (success/other) rsp=0xFFFFF8043A675438 exitCount=112108
[iommuret] hit #267: HalpIommuInitSystem returned EAX=0x00000000 (success/other) rsp=0xFFFFF8043A675438 exitCount=112109
[iommuret] hit #268: HalpIommuInitSystem returned EAX=0x00000000 (success/other) rsp=0xFFFFF8043A675438 exitCount=112110
[iommuret] hit #269: HalpIommuInitSystem returned EAX=0x00000000 (success/other) rsp=0xFFFFF8043A675438 exitCount=112111
[iommuret] hit #270: HalpIommuInitSystem returned EAX=0x00000000 (success/other) rsp=0xFFFFF8043A675438 exitCount=112112
[iommuret] hit #271: HalpIommuInitSystem returned EAX=0x00000000 (success/other) rsp=0xFFFFF8043A675438 exitCount=112113
[iommuret] hit #272: HalpIommuInitSystem returned EAX=0x00000000 (success/other) rsp=0xFFFFF8043A675438 exitCount=112114
[iommuret] hit #273: HalpIommuInitSystem returned EAX=0x00000000 (success/other) rsp=0xFFFFF8043A675438 exitCount=112115
[iommuret] hit #274: HalpIommuInitSystem returned EAX=0x00000000 (success/other) rsp=0xFFFFF8043A675438 exitCount=112116
[iommuret] hit #275: HalpIommuInitSystem returned EAX=0x00000000 (success/other) rsp=0xFFFFF8043A675438 exitCount=112117
[iommuret] hit #276: HalpIommuInitSystem returned EAX=0x00000000 (success/other) rsp=0xFFFFF8043A675438 exitCount=112118
[iommuret] hit #277: HalpIommuInitSystem returned EAX=0x00000000 (success/other) rsp=0xFFFFF8043A675438 exitCount=112119
[iommuret] hit #278: HalpIommuInitSystem returned EAX=0x00000000 (success/other) rsp=0xFFFFF8043A675438 exitCount=112120
[iommuret] hit #279: HalpIommuInitSystem returned EAX=0x00000000 (success/other) rsp=0xFFFFF8043A675438 exitCount=112121
[iommuret] hit #280: HalpIommuInitSystem returned EAX=0x00000000 (success/other) rsp=0xFFFFF8043A675438 exitCount=112122
[iommuret] hit #281: HalpIommuInitSystem returned EAX=0x00000000 (success/other) rsp=0xFFFFF8043A675438 exitCount=112123
[iommuret] hit #282: HalpIommuInitSystem returned EAX=0x00000000 (success/other) rsp=0xFFFFF8043A675438 exitCount=112124
[iommuret] hit #283: HalpIommuInitSystem returned EAX=0x00000000 (success/other) rsp=0xFFFFF8043A675438 exitCount=112125
[iommuret] hit #284: HalpIommuInitSystem returned EAX=0x00000000 (success/other) rsp=0xFFFFF8043A675438 exitCount=112126
[iommuret] hit #285: HalpIommuInitSystem returned EAX=0x00000000 (success/other) rsp=0xFFFFF8043A675438 exitCount=112127
[iommuret] hit #286: HalpIommuInitSystem returned EAX=0x00000000 (success/other) rsp=0xFFFFF8043A675438 exitCount=112128
[iommuret] hit #287: HalpIommuInitSystem returned EAX=0x00000000 (success/other) rsp=0xFFFFF8043A675438 exitCount=112129
[iommuret] hit #288: HalpIommuInitSystem returned EAX=0x00000000 (success/other) rsp=0xFFFFF8043A675438 exitCount=112130
[iommuret] hit #289: HalpIommuInitSystem returned EAX=0x00000000 (success/other) rsp=0xFFFFF8043A675438 exitCount=112131
[iommuret] hit #290: HalpIommuInitSystem returned EAX=0x00000000 (success/other) rsp=0xFFFFF8043A675438 exitCount=112132
[iommuret] hit #291: HalpIommuInitSystem returned EAX=0x00000000 (success/other) rsp=0xFFFFF8043A675438 exitCount=112133
[iommuret] hit #292: HalpIommuInitSystem returned EAX=0x00000000 (success/other) rsp=0xFFFFF8043A675438 exitCount=112134
[iommuret] hit #293: HalpIommuInitSystem returned EAX=0x00000000 (success/other) rsp=0xFFFFF8043A675438 exitCount=112135
[iommuret] hit #294: HalpIommuInitSystem returned EAX=0x00000000 (success/other) rsp=0xFFFFF8043A675438 exitCount=112136
[iommuret] hit #295: HalpIommuInitSystem returned EAX=0x00000000 (success/other) rsp=0xFFFFF8043A675438 exitCount=112137
[iommuret] hit #296: HalpIommuInitSystem returned EAX=0x00000000 (success/other) rsp=0xFFFFF8043A675438 exitCount=112138
[iommuret] hit #297: HalpIommuInitSystem returned EAX=0x00000000 (success/other) rsp=0xFFFFF8043A675438 exitCount=112139
[iommuret] hit #298: HalpIommuInitSystem returned EAX=0x00000000 (success/other) rsp=0xFFFFF8043A675438 exitCount=112140
[iommuret] hit #299: HalpIommuInitSystem returned EAX=0x00000000 (success/other) rsp=0xFFFFF8043A675438 exitCount=112141
[iommuret] hit #300: HalpIommuInitSystem returned EAX=0x00000000 (success/other) rsp=0xFFFFF8043A675438 exitCount=112142
[iommuret] hit #301: HalpIommuInitSystem returned EAX=0x00000000 (success/other) rsp=0xFFFFF8043A675438 exitCount=112143
[iommuret] hit #302: HalpIommuInitSystem returned EAX=0x00000000 (success/other) rsp=0xFFFFF8043A675438 exitCount=112144
[iommuret] hit #303: HalpIommuInitSystem returned EAX=0x00000000 (success/other) rsp=0xFFFFF8043A675438 exitCount=112145
[iommuret] hit #304: HalpIommuInitSystem returned EAX=0x00000000 (success/other) rsp=0xFFFFF8043A675438 exitCount=112146
[iommuret] hit #305: HalpIommuInitSystem returned EAX=0x00000000 (success/other) rsp=0xFFFFF8043A675438 exitCount=112147
[iommuret] hit #306: HalpIommuInitSystem returned EAX=0x00000000 (success/other) rsp=0xFFFFF8043A675438 exitCount=112148
[iommuret] hit #307: HalpIommuInitSystem returned EAX=0x00000000 (success/other) rsp=0xFFFFF8043A675438 exitCount=112149
[iommuret] hit #308: HalpIommuInitSystem returned EAX=0x00000000 (success/other) rsp=0xFFFFF8043A675438 exitCount=112150
[iommuret] hit #309: HalpIommuInitSystem returned EAX=0x00000000 (success/other) rsp=0xFFFFF8043A675438 exitCount=112151
[iommuret] hit #310: HalpIommuInitSystem returned EAX=0x00000000 (success/other) rsp=0xFFFFF8043A675438 exitCount=112152
[iommuret] hit #311: HalpIommuInitSystem returned EAX=0x00000000 (success/other) rsp=0xFFFFF8043A675438 exitCount=112153
[iommuret] hit #312: HalpIommuInitSystem returned EAX=0x00000000 (success/other) rsp=0xFFFFF8043A675438 exitCount=112154
[iommuret] hit #313: HalpIommuInitSystem returned EAX=0x00000000 (success/other) rsp=0xFFFFF8043A675438 exitCount=112155
[iommuret] hit #314: HalpIommuInitSystem returned EAX=0x00000000 (success/other) rsp=0xFFFFF8043A675438 exitCount=112156
[iommuret] hit #315: HalpIommuInitSystem returned EAX=0x00000000 (success/other) rsp=0xFFFFF8043A675438 exitCount=112157
[iommuret] hit #316: HalpIommuInitSystem returned EAX=0x00000000 (success/other) rsp=0xFFFFF8043A675438 exitCount=112158
[iommuret] hit #317: HalpIommuInitSystem returned EAX=0x00000000 (success/other) rsp=0xFFFFF8043A675438 exitCount=112159
[iommuret] hit #318: HalpIommuInitSystem returned EAX=0x00000000 (success/other) rsp=0xFFFFF8043A675438 exitCount=112160
[iommuret] hit #319: HalpIommuInitSystem returned EAX=0x00000000 (success/other) rsp=0xFFFFF8043A675438 exitCount=112161
[iommuret] hit #320: HalpIommuInitSystem returned EAX=0x00000000 (success/other) rsp=0xFFFFF8043A675438 exitCount=112162
[iommuret] hit #321: HalpIommuInitSystem returned EAX=0x00000000 (success/other) rsp=0xFFFFF8043A675438 exitCount=112163
[iommuret] hit #322: HalpIommuInitSystem returned EAX=0x00000000 (success/other) rsp=0xFFFFF8043A675438 exitCount=112164
[iommuret] hit #323: HalpIommuInitSystem returned EAX=0x00000000 (success/other) rsp=0xFFFFF8043A675438 exitCount=112165
[iommuret] hit #324: HalpIommuInitSystem returned EAX=0x00000000 (success/other) rsp=0xFFFFF8043A675438 exitCount=112166
[iommuret] hit #325: HalpIommuInitSystem returned EAX=0x00000000 (success/other) rsp=0xFFFFF8043A675438 exitCount=112167
[iommuret] hit #326: HalpIommuInitSystem returned EAX=0x00000000 (success/other) rsp=0xFFFFF8043A675438 exitCount=112168
[iommuret] hit #327: HalpIommuInitSystem returned EAX=0x00000000 (success/other) rsp=0xFFFFF8043A675438 exitCount=112169
[iommuret] hit #328: HalpIommuInitSystem returned EAX=0x00000000 (success/other) rsp=0xFFFFF8043A675438 exitCount=112170
[iommuret] hit #329: HalpIommuInitSystem returned EAX=0x00000000 (success/other) rsp=0xFFFFF8043A675438 exitCount=112171
[iommuret] hit #330: HalpIommuInitSystem returned EAX=0x00000000 (success/other) rsp=0xFFFFF8043A675438 exitCount=112172
[iommuret] hit #331: HalpIommuInitSystem returned EAX=0x00000000 (success/other) rsp=0xFFFFF8043A675438 exitCount=112173
[iommuret] hit #332: HalpIommuInitSystem returned EAX=0x00000000 (success/other) rsp=0xFFFFF8043A675438 exitCount=112174
[iommuret] hit #333: HalpIommuInitSystem returned EAX=0x00000000 (success/other) rsp=0xFFFFF8043A675438 exitCount=112175
[iommuret] hit #334: HalpIommuInitSystem returned EAX=0x00000000 (success/other) rsp=0xFFFFF8043A675438 exitCount=112176
[iommuret] hit #335: HalpIommuInitSystem returned EAX=0x00000000 (success/other) rsp=0xFFFFF8043A675438 exitCount=112177
[iommuret] hit #336: HalpIommuInitSystem returned EAX=0x00000000 (success/other) rsp=0xFFFFF8043A675438 exitCount=112178
[iommuret] hit #337: HalpIommuInitSystem returned EAX=0x00000000 (success/other) rsp=0xFFFFF8043A675438 exitCount=112179
[iommuret] hit #338: HalpIommuInitSystem returned EAX=0x00000000 (success/other) rsp=0xFFFFF8043A675438 exitCount=112180
[iommuret] hit #339: HalpIommuInitSystem returned EAX=0x00000000 (success/other) rsp=0xFFFFF8043A675438 exitCount=112181
[iommuret] hit #340: HalpIommuInitSystem returned EAX=0x00000000 (success/other) rsp=0xFFFFF8043A675438 exitCount=112182
[iommuret] hit #341: HalpIommuInitSystem returned EAX=0x00000000 (success/other) rsp=0xFFFFF8043A675438 exitCount=112183
[iommuret] hit #342: HalpIommuInitSystem returned EAX=0x00000000 (success/other) rsp=0xFFFFF8043A675438 exitCount=112184
[iommuret] hit #343: HalpIommuInitSystem returned EAX=0x00000000 (success/other) rsp=0xFFFFF8043A675438 exitCount=112185
[iommuret] hit #344: HalpIommuInitSystem returned EAX=0x00000000 (success/other) rsp=0xFFFFF8043A675438 exitCount=112186
[iommuret] hit #345: HalpIommuInitSystem returned EAX=0x00000000 (success/other) rsp=0xFFFFF8043A675438 exitCount=112187
[iommuret] hit #346: HalpIommuInitSystem returned EAX=0x00000000 (success/other) rsp=0xFFFFF8043A675438 exitCount=112188
[iommuret] hit #347: HalpIommuInitSystem returned EAX=0x00000000 (success/other) rsp=0xFFFFF8043A675438 exitCount=112189
[iommuret] hit #348: HalpIommuInitSystem returned EAX=0x00000000 (success/other) rsp=0xFFFFF8043A675438 exitCount=112190
[iommuret] hit #349: HalpIommuInitSystem returned EAX=0x00000000 (success/other) rsp=0xFFFFF8043A675438 exitCount=112191
[iommuret] hit #350: HalpIommuInitSystem returned EAX=0x00000000 (success/other) rsp=0xFFFFF8043A675438 exitCount=112192
[iommuret] hit #351: HalpIommuInitSystem returned EAX=0x00000000 (success/other) rsp=0xFFFFF8043A675438 exitCount=112193
[iommuret] hit #352: HalpIommuInitSystem returned EAX=0x00000000 (success/other) rsp=0xFFFFF8043A675438 exitCount=112194
[iommuret] hit #353: HalpIommuInitSystem returned EAX=0x00000000 (success/other) rsp=0xFFFFF8043A675438 exitCount=112195
[iommuret] hit #354: HalpIommuInitSystem returned EAX=0x00000000 (success/other) rsp=0xFFFFF8043A675438 exitCount=112196
[iommuret] hit #355: HalpIommuInitSystem returned EAX=0x00000000 (success/other) rsp=0xFFFFF8043A675438 exitCount=112197
[iommuret] hit #356: HalpIommuInitSystem returned EAX=0x00000000 (success/other) rsp=0xFFFFF8043A675438 exitCount=112198
[iommuret] hit #357: HalpIommuInitSystem returned EAX=0x00000000 (success/other) rsp=0xFFFFF8043A675438 exitCount=112199
[iommuret] hit #358: HalpIommuInitSystem returned EAX=0x00000000 (success/other) rsp=0xFFFFF8043A675438 exitCount=112200
[iommuret] hit #359: HalpIommuInitSystem returned EAX=0x00000000 (success/other) rsp=0xFFFFF8043A675438 exitCount=112201
[iommuret] hit #360: HalpIommuInitSystem returned EAX=0x00000000 (success/other) rsp=0xFFFFF8043A675438 exitCount=112202
[iommuret] hit #361: HalpIommuInitSystem returned EAX=0x00000000 (success/other) rsp=0xFFFFF8043A675438 exitCount=112203
[iommuret] hit #362: HalpIommuInitSystem returned EAX=0x00000000 (success/other) rsp=0xFFFFF8043A675438 exitCount=112204
[iommuret] hit #363: HalpIommuInitSystem returned EAX=0x00000000 (success/other) rsp=0xFFFFF8043A675438 exitCount=112205
[iommuret] hit #364: HalpIommuInitSystem returned EAX=0x00000000 (success/other) rsp=0xFFFFF8043A675438 exitCount=112206
[iommuret] hit #365: HalpIommuInitSystem returned EAX=0x00000000 (success/other) rsp=0xFFFFF8043A675438 exitCount=112207
[iommuret] hit #366: HalpIommuInitSystem returned EAX=0x00000000 (success/other) rsp=0xFFFFF8043A675438 exitCount=112208
[iommuret] hit #367: HalpIommuInitSystem returned EAX=0x00000000 (success/other) rsp=0xFFFFF8043A675438 exitCount=112209
[iommuret] hit #368: HalpIommuInitSystem returned EAX=0x00000000 (success/other) rsp=0xFFFFF8043A675438 exitCount=112210
[iommuret] hit #369: HalpIommuInitSystem returned EAX=0x00000000 (success/other) rsp=0xFFFFF8043A675438 exitCount=112211
[iommuret] hit #370: HalpIommuInitSystem returned EAX=0x00000000 (success/other) rsp=0xFFFFF8043A675438 exitCount=112212
[iommuret] hit #371: HalpIommuInitSystem returned EAX=0x00000000 (success/other) rsp=0xFFFFF8043A675438 exitCount=112213
[iommuret] hit #372: HalpIommuInitSystem returned EAX=0x00000000 (success/other) rsp=0xFFFFF8043A675438 exitCount=112214
[iommuret] hit #373: HalpIommuInitSystem returned EAX=0x00000000 (success/other) rsp=0xFFFFF8043A675438 exitCount=112215
[iommuret] hit #374: HalpIommuInitSystem returned EAX=0x00000000 (success/other) rsp=0xFFFFF8043A675438 exitCount=112216
[iommuret] hit #375: HalpIommuInitSystem returned EAX=0x00000000 (success/other) rsp=0xFFFFF8043A675438 exitCount=112217
[iommuret] hit #376: HalpIommuInitSystem returned EAX=0x00000000 (success/other) rsp=0xFFFFF8043A675438 exitCount=112218
[iommuret] hit #377: HalpIommuInitSystem returned EAX=0x00000000 (success/other) rsp=0xFFFFF8043A675438 exitCount=112219
[iommuret] hit #378: HalpIommuInitSystem returned EAX=0x00000000 (success/other) rsp=0xFFFFF8043A675438 exitCount=112220
[iommuret] hit #379: HalpIommuInitSystem returned EAX=0x00000000 (success/other) rsp=0xFFFFF8043A675438 exitCount=112221
[iommuret] hit #380: HalpIommuInitSystem returned EAX=0x00000000 (success/other) rsp=0xFFFFF8043A675438 exitCount=112222
[iommuret] hit #381: HalpIommuInitSystem returned EAX=0x00000000 (success/other) rsp=0xFFFFF8043A675438 exitCount=112223
[iommuret] hit #382: HalpIommuInitSystem returned EAX=0x00000000 (success/other) rsp=0xFFFFF8043A675438 exitCount=112224
[iommuret] hit #383: HalpIommuInitSystem returned EAX=0x00000000 (success/other) rsp=0xFFFFF8043A675438 exitCount=112225
[iommuret] hit #384: HalpIommuInitSystem returned EAX=0x00000000 (success/other) rsp=0xFFFFF8043A675438 exitCount=112226
[iommuret] hit #385: HalpIommuInitSystem returned EAX=0x00000000 (success/other) rsp=0xFFFFF8043A675438 exitCount=112227
[iommuret] hit #386: HalpIommuInitSystem returned EAX=0x00000000 (success/other) rsp=0xFFFFF8043A675438 exitCount=112228
[iommuret] hit #387: HalpIommuInitSystem returned EAX=0x00000000 (success/other) rsp=0xFFFFF8043A675438 exitCount=112229
[iommuret] hit #388: HalpIommuInitSystem returned EAX=0x00000000 (success/other) rsp=0xFFFFF8043A675438 exitCount=112230
[iommuret] hit #389: HalpIommuInitSystem returned EAX=0x00000000 (success/other) rsp=0xFFFFF8043A675438 exitCount=112231
[iommuret] hit #390: HalpIommuInitSystem returned EAX=0x00000000 (success/other) rsp=0xFFFFF8043A675438 exitCount=112232
[iommuret] hit #391: HalpIommuInitSystem returned EAX=0x00000000 (success/other) rsp=0xFFFFF8043A675438 exitCount=112233
[iommuret] hit #392: HalpIommuInitSystem returned EAX=0x00000000 (success/other) rsp=0xFFFFF8043A675438 exitCount=112234
[iommuret] hit #393: HalpIommuInitSystem returned EAX=0x00000000 (success/other) rsp=0xFFFFF8043A675438 exitCount=112235
[iommuret] hit #394: HalpIommuInitSystem returned EAX=0x00000000 (success/other) rsp=0xFFFFF8043A675438 exitCount=112236
[iommuret] hit #395: HalpIommuInitSystem returned EAX=0x00000000 (success/other) rsp=0xFFFFF8043A675438 exitCount=112237
[iommuret] hit #396: HalpIommuInitSystem returned EAX=0x00000000 (success/other) rsp=0xFFFFF8043A675438 exitCount=112238
[iommuret] hit #397: HalpIommuInitSystem returned EAX=0x00000000 (success/other) rsp=0xFFFFF8043A675438 exitCount=112239
[iommuret] hit #398: HalpIommuInitSystem returned EAX=0x00000000 (success/other) rsp=0xFFFFF8043A675438 exitCount=112240
[iommuret] hit #399: HalpIommuInitSystem returned EAX=0x00000000 (success/other) rsp=0xFFFFF8043A675438 exitCount=112241
[iommuret] hit #400: HalpIommuInitSystem returned EAX=0x00000000 (success/other) rsp=0xFFFFF8043A675438 exitCount=112242
[iommuret] hit #401: HalpIommuInitSystem returned EAX=0x00000000 (success/other) rsp=0xFFFFF8043A675438 exitCount=112243
[iommuret] hit #402: HalpIommuInitSystem returned EAX=0x00000000 (success/other) rsp=0xFFFFF8043A675438 exitCount=112244
[iommuret] hit #403: HalpIommuInitSystem returned EAX=0x00000000 (success/other) rsp=0xFFFFF8043A675438 exitCount=112245
[iommuret] hit #404: HalpIommuInitSystem returned EAX=0x00000000 (success/other) rsp=0xFFFFF8043A675438 exitCount=112246
[iommuret] hit #405: HalpIommuInitSystem returned EAX=0x00000000 (success/other) rsp=0xFFFFF8043A675438 exitCount=112247
[iommuret] hit #406: HalpIommuInitSystem returned EAX=0x00000000 (success/other) rsp=0xFFFFF8043A675438 exitCount=112248
[iommuret] hit #407: HalpIommuInitSystem returned EAX=0x00000000 (success/other) rsp=0xFFFFF8043A675438 exitCount=112249
[iommuret] hit #408: HalpIommuInitSystem returned EAX=0x00000000 (success/other) rsp=0xFFFFF8043A675438 exitCount=112250
[iommuret] hit #409: HalpIommuInitSystem returned EAX=0x00000000 (success/other) rsp=0xFFFFF8043A675438 exitCount=112251
[iommuret] hit #410: HalpIommuInitSystem returned EAX=0x00000000 (success/other) rsp=0xFFFFF8043A675438 exitCount=112252
[iommuret] hit #411: HalpIommuInitSystem returned EAX=0x00000000 (success/other) rsp=0xFFFFF8043A675438 exitCount=112253
[iommuret] hit #412: HalpIommuInitSystem returned EAX=0x00000000 (success/other) rsp=0xFFFFF8043A675438 exitCount=112254
[iommuret] hit #413: HalpIommuInitSystem returned EAX=0x00000000 (success/other) rsp=0xFFFFF8043A675438 exitCount=112255
[iommuret] hit #414: HalpIommuInitSystem returned EAX=0x00000000 (success/other) rsp=0xFFFFF8043A675438 exitCount=112256
[iommuret] hit #415: HalpIommuInitSystem returned EAX=0x00000000 (success/other) rsp=0xFFFFF8043A675438 exitCount=112257
[iommuret] hit #416: HalpIommuInitSystem returned EAX=0x00000000 (success/other) rsp=0xFFFFF8043A675438 exitCount=112258
[iommuret] hit #417: HalpIommuInitSystem returned EAX=0x00000000 (success/other) rsp=0xFFFFF8043A675438 exitCount=112259
[iommuret] hit #418: HalpIommuInitSystem returned EAX=0x00000000 (success/other) rsp=0xFFFFF8043A675438 exitCount=112260
[iommuret] hit #419: HalpIommuInitSystem returned EAX=0x00000000 (success/other) rsp=0xFFFFF8043A675438 exitCount=112261
[iommuret] hit #420: HalpIommuInitSystem returned EAX=0x00000000 (success/other) rsp=0xFFFFF8043A675438 exitCount=112262
[iommuret] hit #421: HalpIommuInitSystem returned EAX=0x00000000 (success/other) rsp=0xFFFFF8043A675438 exitCount=112263
[iommuret] hit #422: HalpIommuInitSystem returned EAX=0x00000000 (success/other) rsp=0xFFFFF8043A675438 exitCount=112264
[iommuret] hit #423: HalpIommuInitSystem returned EAX=0x00000000 (success/other) rsp=0xFFFFF8043A675438 exitCount=112265
[iommuret] hit #424: HalpIommuInitSystem returned EAX=0x00000000 (success/other) rsp=0xFFFFF8043A675438 exitCount=112266
[iommuret] hit #425: HalpIommuInitSystem returned EAX=0x00000000 (success/other) rsp=0xFFFFF8043A675438 exitCount=112267
[iommuret] hit #426: HalpIommuInitSystem returned EAX=0x00000000 (success/other) rsp=0xFFFFF8043A675438 exitCount=112268
[iommuret] hit #427: HalpIommuInitSystem returned EAX=0x00000000 (success/other) rsp=0xFFFFF8043A675438 exitCount=112269
[iommuret] hit #428: HalpIommuInitSystem returned EAX=0x00000000 (success/other) rsp=0xFFFFF8043A675438 exitCount=112270
[iommuret] hit #429: HalpIommuInitSystem returned EAX=0x00000000 (success/other) rsp=0xFFFFF8043A675438 exitCount=112271
[iommuret] hit #430: HalpIommuInitSystem returned EAX=0x00000000 (success/other) rsp=0xFFFFF8043A675438 exitCount=112272
[iommuret] hit #431: HalpIommuInitSystem returned EAX=0x00000000 (success/other) rsp=0xFFFFF8043A675438 exitCount=112273
[iommuret] hit #432: HalpIommuInitSystem returned EAX=0x00000000 (success/other) rsp=0xFFFFF8043A675438 exitCount=112274
[iommuret] hit #433: HalpIommuInitSystem returned EAX=0x00000000 (success/other) rsp=0xFFFFF8043A675438 exitCount=112275
[iommuret] hit #434: HalpIommuInitSystem returned EAX=0x00000000 (success/other) rsp=0xFFFFF8043A675438 exitCount=112276
[iommuret] hit #435: HalpIommuInitSystem returned EAX=0x00000000 (success/other) rsp=0xFFFFF8043A675438 exitCount=112277
[iommuret] hit #436: HalpIommuInitSystem returned EAX=0x00000000 (success/other) rsp=0xFFFFF8043A675438 exitCount=112278
[iommuret] hit #437: HalpIommuInitSystem returned EAX=0x00000000 (success/other) rsp=0xFFFFF8043A675438 exitCount=112279
[iommuret] hit #438: HalpIommuInitSystem returned EAX=0x00000000 (success/other) rsp=0xFFFFF8043A675438 exitCount=112280
[iommuret] hit #439: HalpIommuInitSystem returned EAX=0x00000000 (success/other) rsp=0xFFFFF8043A675438 exitCount=112281
[iommuret] hit #440: HalpIommuInitSystem returned EAX=0x00000000 (success/other) rsp=0xFFFFF8043A675438 exitCount=112282
[iommuret] hit #441: HalpIommuInitSystem returned EAX=0x00000000 (success/other) rsp=0xFFFFF8043A675438 exitCount=112283
[iommuret] hit #442: HalpIommuInitSystem returned EAX=0x00000000 (success/other) rsp=0xFFFFF8043A675438 exitCount=112284
[iommuret] hit #443: HalpIommuInitSystem returned EAX=0x00000000 (success/other) rsp=0xFFFFF8043A675438 exitCount=112285
[iommuret] hit #444: HalpIommuInitSystem returned EAX=0x00000000 (success/other) rsp=0xFFFFF8043A675438 exitCount=112286
[iommuret] hit #445: HalpIommuInitSystem returned EAX=0x00000000 (success/other) rsp=0xFFFFF8043A675438 exitCount=112287
[iommuret] hit #446: HalpIommuInitSystem returned EAX=0x00000000 (success/other) rsp=0xFFFFF8043A675438 exitCount=112288
[iommuret] hit #447: HalpIommuInitSystem returned EAX=0x00000000 (success/other) rsp=0xFFFFF8043A675438 exitCount=112289
[iommuret] hit #448: HalpIommuInitSystem returned EAX=0x00000000 (success/other) rsp=0xFFFFF8043A675438 exitCount=112290
[iommuret] hit #449: HalpIommuInitSystem returned EAX=0x00000000 (success/other) rsp=0xFFFFF8043A675438 exitCount=112291
[iommuret] hit #450: HalpIommuInitSystem returned EAX=0x00000000 (success/other) rsp=0xFFFFF8043A675438 exitCount=112292
[iommuret] hit #451: HalpIommuInitSystem returned EAX=0x00000000 (success/other) rsp=0xFFFFF8043A675438 exitCount=112293
[iommuret] hit #452: HalpIommuInitSystem returned EAX=0x00000000 (success/other) rsp=0xFFFFF8043A675438 exitCount=112294
[iommuret] hit #453: HalpIommuInitSystem returned EAX=0x00000000 (success/other) rsp=0xFFFFF8043A675438 exitCount=112295
[iommuret] hit #454: HalpIommuInitSystem returned EAX=0x00000000 (success/other) rsp=0xFFFFF8043A675438 exitCount=112296
[iommuret] hit #455: HalpIommuInitSystem returned EAX=0x00000000 (success/other) rsp=0xFFFFF8043A675438 exitCount=112297
[iommuret] hit #456: HalpIommuInitSystem returned EAX=0x00000000 (success/other) rsp=0xFFFFF8043A675438 exitCount=112298
[iommuret] hit #457: HalpIommuInitSystem returned EAX=0x00000000 (success/other) rsp=0xFFFFF8043A675438 exitCount=112299
[iommuret] hit #458: HalpIommuInitSystem returned EAX=0x00000000 (success/other) rsp=0xFFFFF8043A675438 exitCount=112300
[iommuret] hit #459: HalpIommuInitSystem returned EAX=0x00000000 (success/other) rsp=0xFFFFF8043A675438 exitCount=112301
[iommuret] hit #460: HalpIommuInitSystem returned EAX=0x00000000 (success/other) rsp=0xFFFFF8043A675438 exitCount=112302
[iommuret] hit #461: HalpIommuInitSystem returned EAX=0x00000000 (success/other) rsp=0xFFFFF8043A675438 exitCount=112303
[iommuret] hit #462: HalpIommuInitSystem returned EAX=0x00000000 (success/other) rsp=0xFFFFF8043A675438 exitCount=112304
[iommuret] hit #463: HalpIommuInitSystem returned EAX=0x00000000 (success/other) rsp=0xFFFFF8043A675438 exitCount=112305
[iommuret] hit #464: HalpIommuInitSystem returned EAX=0x00000000 (success/other) rsp=0xFFFFF8043A675438 exitCount=112306
[iommuret] hit #465: HalpIommuInitSystem returned EAX=0x00000000 (success/other) rsp=0xFFFFF8043A675438 exitCount=112307
[iommuret] hit #466: HalpIommuInitSystem returned EAX=0x00000000 (success/other) rsp=0xFFFFF8043A675438 exitCount=112308
[iommuret] hit #467: HalpIommuInitSystem returned EAX=0x00000000 (success/other) rsp=0xFFFFF8043A675438 exitCount=112309
[iommuret] hit #468: HalpIommuInitSystem returned EAX=0x00000000 (success/other) rsp=0xFFFFF8043A675438 exitCount=112310
[iommuret] hit #469: HalpIommuInitSystem returned EAX=0x00000000 (success/other) rsp=0xFFFFF8043A675438 exitCount=112311
[iommuret] hit #470: HalpIommuInitSystem returned EAX=0x00000000 (success/other) rsp=0xFFFFF8043A675438 exitCount=112312
[iommuret] hit #471: HalpIommuInitSystem returned EAX=0x00000000 (success/other) rsp=0xFFFFF8043A675438 exitCount=112313
[iommuret] hit #472: HalpIommuInitSystem returned EAX=0x00000000 (success/other) rsp=0xFFFFF8043A675438 exitCount=112314
[iommuret] hit #473: HalpIommuInitSystem returned EAX=0x00000000 (success/other) rsp=0xFFFFF8043A675438 exitCount=112315
[iommuret] hit #474: HalpIommuInitSystem returned EAX=0x00000000 (success/other) rsp=0xFFFFF8043A675438 exitCount=112316
[iommuret] hit #475: HalpIommuInitSystem returned EAX=0x00000000 (success/other) rsp=0xFFFFF8043A675438 exitCount=112317
[iommuret] hit #476: HalpIommuInitSystem returned EAX=0x00000000 (success/other) rsp=0xFFFFF8043A675438 exitCount=112318
[iommuret] hit #477: HalpIommuInitSystem returned EAX=0x00000000 (success/other) rsp=0xFFFFF8043A675438 exitCount=112319
[iommuret] hit #478: HalpIommuInitSystem returned EAX=0x00000000 (success/other) rsp=0xFFFFF8043A675438 exitCount=112320
[iommuret] hit #479: HalpIommuInitSystem returned EAX=0x00000000 (success/other) rsp=0xFFFFF8043A675438 exitCount=112321
[iommuret] hit #480: HalpIommuInitSystem returned EAX=0x00000000 (success/other) rsp=0xFFFFF8043A675438 exitCount=112322
[iommuret] hit #481: HalpIommuInitSystem returned EAX=0x00000000 (success/other) rsp=0xFFFFF8043A675438 exitCount=112323
[iommuret] hit #482: HalpIommuInitSystem returned EAX=0x00000000 (success/other) rsp=0xFFFFF8043A675438 exitCount=112324
[iommuret] hit #483: HalpIommuInitSystem returned EAX=0x00000000 (success/other) rsp=0xFFFFF8043A675438 exitCount=112325
[iommuret] hit #484: HalpIommuInitSystem returned EAX=0x00000000 (success/other) rsp=0xFFFFF8043A675438 exitCount=112326
[iommuret] hit #485: HalpIommuInitSystem returned EAX=0x00000000 (success/other) rsp=0xFFFFF8043A675438 exitCount=112327
[iommuret] hit #486: HalpIommuInitSystem returned EAX=0x00000000 (success/other) rsp=0xFFFFF8043A675438 exitCount=112328
[iommuret] hit #487: HalpIommuInitSystem returned EAX=0x00000000 (success/other) rsp=0xFFFFF8043A675438 exitCount=112329
[iommuret] hit #488: HalpIommuInitSystem returned EAX=0x00000000 (success/other) rsp=0xFFFFF8043A675438 exitCount=112330
[iommuret] hit #489: HalpIommuInitSystem returned EAX=0x00000000 (success/other) rsp=0xFFFFF8043A675438 exitCount=112331
[iommuret] hit #490: HalpIommuInitSystem returned EAX=0x00000000 (success/other) rsp=0xFFFFF8043A675438 exitCount=112332
[iommuret] hit #491: HalpIommuInitSystem returned EAX=0x00000000 (success/other) rsp=0xFFFFF8043A675438 exitCount=112333
[iommuret] hit #492: HalpIommuInitSystem returned EAX=0x00000000 (success/other) rsp=0xFFFFF8043A675438 exitCount=112334
[iommuret] hit #493: HalpIommuInitSystem returned EAX=0x00000000 (success/other) rsp=0xFFFFF8043A675438 exitCount=112335
[iommuret] hit #494: HalpIommuInitSystem returned EAX=0x00000000 (success/other) rsp=0xFFFFF8043A675438 exitCount=112336
[iommuret] hit #495: HalpIommuInitSystem returned EAX=0x00000000 (success/other) rsp=0xFFFFF8043A675438 exitCount=112337
[iommuret] hit #496: HalpIommuInitSystem returned EAX=0x00000000 (success/other) rsp=0xFFFFF8043A675438 exitCount=112338
[iommuret] hit #497: HalpIommuInitSystem returned EAX=0x00000000 (success/other) rsp=0xFFFFF8043A675438 exitCount=112339
[iommuret] hit #498: HalpIommuInitSystem returned EAX=0x00000000 (success/other) rsp=0xFFFFF8043A675438 exitCount=112340
[iommuret] hit #499: HalpIommuInitSystem returned EAX=0x00000000 (success/other) rsp=0xFFFFF8043A675438 exitCount=112341
[iommuret] hit #500: HalpIommuInitSystem returned EAX=0x00000000 (success/other) rsp=0xFFFFF8043A675438 exitCount=112342
[iommuret] hit #501: HalpIommuInitSystem returned EAX=0x00000000 (success/other) rsp=0xFFFFF8043A675438 exitCount=112343
[iommuret] hit #502: HalpIommuInitSystem returned EAX=0x00000000 (success/other) rsp=0xFFFFF8043A675438 exitCount=112344
[iommuret] hit #503: HalpIommuInitSystem returned EAX=0x00000000 (success/other) rsp=0xFFFFF8043A675438 exitCount=112345
[iommuret] hit #504: HalpIommuInitSystem returned EAX=0x00000000 (success/other) rsp=0xFFFFF8043A675438 exitCount=112346
[iommuret] hit #505: HalpIommuInitSystem returned EAX=0x00000000 (success/other) rsp=0xFFFFF8043A675438 exitCount=112347
[iommuret] hit #506: HalpIommuInitSystem returned EAX=0x00000000 (success/other) rsp=0xFFFFF8043A675438 exitCount=112348
[iommuret] hit #507: HalpIommuInitSystem returned EAX=0x00000000 (success/other) rsp=0xFFFFF8043A675438 exitCount=112349
[iommuret] hit #508: HalpIommuInitSystem returned EAX=0x00000000 (success/other) rsp=0xFFFFF8043A675438 exitCount=112350
[iommuret] hit #509: HalpIommuInitSystem returned EAX=0x00000000 (success/other) rsp=0xFFFFF8043A675438 exitCount=112351
[iommuret] hit #510: HalpIommuInitSystem returned EAX=0x00000000 (success/other) rsp=0xFFFFF8043A675438 exitCount=112352
[iommuret] hit #511: HalpIommuInitSystem returned EAX=0x00000000 (success/other) rsp=0xFFFFF8043A675438 exitCount=112353
[iommuret] hit #512: HalpIommuInitSystem returned EAX=0x00000000 (success/other) rsp=0xFFFFF8043A675438 exitCount=112354
[iommuret] hit #513: HalpIommuInitSystem returned EAX=0x00000000 (success/other) rsp=0xFFFFF8043A675438 exitCount=112355
[iommuret] hit #514: HalpIommuInitSystem returned EAX=0x00000000 (success/other) rsp=0xFFFFF8043A675438 exitCount=112356
[iommuret] hit #515: HalpIommuInitSystem returned EAX=0x00000000 (success/other) rsp=0xFFFFF8043A675438 exitCount=112357
[iommuret] hit #516: HalpIommuInitSystem returned EAX=0x00000000 (success/other) rsp=0xFFFFF8043A675438 exitCount=112358
[iommuret] hit #517: HalpIommuInitSystem returned EAX=0x00000000 (success/other) rsp=0xFFFFF8043A675438 exitCount=112359
[iommuret] hit #518: HalpIommuInitSystem returned EAX=0x00000000 (success/other) rsp=0xFFFFF8043A675438 exitCount=112360
[iommuret] hit #519: HalpIommuInitSystem returned EAX=0x00000000 (success/other) rsp=0xFFFFF8043A675438 exitCount=112361
[iommuret] hit #520: HalpIommuInitSystem returned EAX=0x00000000 (success/other) rsp=0xFFFFF8043A675438 exitCount=112362
[iommuret] hit #521: HalpIommuInitSystem returned EAX=0x00000000 (success/other) rsp=0xFFFFF8043A675438 exitCount=112363
[iommuret] hit #522: HalpIommuInitSystem returned EAX=0x00000000 (success/other) rsp=0xFFFFF8043A675438 exitCount=112364
[iommuret] hit #523: HalpIommuInitSystem returned EAX=0x00000000 (success/other) rsp=0xFFFFF8043A675438 exitCount=112365
[iommuret] hit #524: HalpIommuInitSystem returned EAX=0x00000000 (success/other) rsp=0xFFFFF8043A675438 exitCount=112366
[iommuret] hit #525: HalpIommuInitSystem returned EAX=0x00000000 (success/other) rsp=0xFFFFF8043A675438 exitCount=112367
[iommuret] hit #526: HalpIommuInitSystem returned EAX=0x00000000 (success/other) rsp=0xFFFFF8043A675438 exitCount=112368
[iommuret] hit #527: HalpIommuInitSystem returned EAX=0x00000000 (success/other) rsp=0xFFFFF8043A675438 exitCount=112369
[iommuret] hit #528: HalpIommuInitSystem returned EAX=0x00000000 (success/other) rsp=0xFFFFF8043A675438 exitCount=112370
[iommuret] hit #529: HalpIommuInitSystem returned EAX=0x00000000 (success/other) rsp=0xFFFFF8043A675438 exitCount=112371
[iommuret] hit #530: HalpIommuInitSystem returned EAX=0x00000000 (success/other) rsp=0xFFFFF8043A675438 exitCount=112372
[iommuret] hit #531: HalpIommuInitSystem returned EAX=0x00000000 (success/other) rsp=0xFFFFF8043A675438 exitCount=112373
[iommuret] hit #532: HalpIommuInitSystem returned EAX=0x00000000 (success/other) rsp=0xFFFFF8043A675438 exitCount=112374
[iommuret] hit #533: HalpIommuInitSystem returned EAX=0x00000000 (success/other) rsp=0xFFFFF8043A675438 exitCount=112375
[iommuret] hit #534: HalpIommuInitSystem returned EAX=0x00000000 (success/other) rsp=0xFFFFF8043A675438 exitCount=112376
[iommuret] hit #535: HalpIommuInitSystem returned EAX=0x00000000 (success/other) rsp=0xFFFFF8043A675438 exitCount=112377
[iommuret] hit #536: HalpIommuInitSystem returned EAX=0x00000000 (success/other) rsp=0xFFFFF8043A675438 exitCount=112378
[iommuret] hit #537: HalpIommuInitSystem returned EAX=0x00000000 (success/other) rsp=0xFFFFF8043A675438 exitCount=112379
[iommuret] hit #538: HalpIommuInitSystem returned EAX=0x00000000 (success/other) rsp=0xFFFFF8043A675438 exitCount=112380
[iommuret] hit #539: HalpIommuInitSystem returned EAX=0x00000000 (success/other) rsp=0xFFFFF8043A675438 exitCount=112381
[iommuret] hit #540: HalpIommuInitSystem returned EAX=0x00000000 (success/other) rsp=0xFFFFF8043A675438 exitCount=112382
[iommuret] hit #541: HalpIommuInitSystem returned EAX=0x00000000 (success/other) rsp=0xFFFFF8043A675438 exitCount=112383
[iommuret] hit #542: HalpIommuInitSystem returned EAX=0x00000000 (success/other) rsp=0xFFFFF8043A675438 exitCount=112384
[iommuret] hit #543: HalpIommuInitSystem returned EAX=0x00000000 (success/other) rsp=0xFFFFF8043A675438 exitCount=112385
[iommuret] hit #544: HalpIommuInitSystem returned EAX=0x00000000 (success/other) rsp=0xFFFFF8043A675438 exitCount=112386
[iommuret] hit #545: HalpIommuInitSystem returned EAX=0x00000000 (success/other) rsp=0xFFFFF8043A675438 exitCount=112387
[iommuret] hit #546: HalpIommuInitSystem returned EAX=0x00000000 (success/other) rsp=0xFFFFF8043A675438 exitCount=112388
[iommuret] hit #547: HalpIommuInitSystem returned EAX=0x00000000 (success/other) rsp=0xFFFFF8043A675438 exitCount=112389
[iommuret] hit #548: HalpIommuInitSystem returned EAX=0x00000000 (success/other) rsp=0xFFFFF8043A675438 exitCount=112390
[iommuret] hit #549: HalpIommuInitSystem returned EAX=0x00000000 (success/other) rsp=0xFFFFF8043A675438 exitCount=112391
[iommuret] hit #550: HalpIommuInitSystem returned EAX=0x00000000 (success/other) rsp=0xFFFFF8043A675438 exitCount=112392
[iommuret] hit #551: HalpIommuInitSystem returned EAX=0x00000000 (success/other) rsp=0xFFFFF8043A675438 exitCount=112393
[iommuret] hit #552: HalpIommuInitSystem returned EAX=0x00000000 (success/other) rsp=0xFFFFF8043A675438 exitCount=112394
[iommuret] hit #553: HalpIommuInitSystem returned EAX=0x00000000 (success/other) rsp=0xFFFFF8043A675438 exitCount=112395
[iommuret] hit #554: HalpIommuInitSystem returned EAX=0x00000000 (success/other) rsp=0xFFFFF8043A675438 exitCount=112396
[iommuret] hit #555: HalpIommuInitSystem returned EAX=0x00000000 (success/other) rsp=0xFFFFF8043A675438 exitCount=112397
[iommuret] hit #556: HalpIommuInitSystem returned EAX=0x00000000 (success/other) rsp=0xFFFFF8043A675438 exitCount=112398
[iommuret] hit #557: HalpIommuInitSystem returned EAX=0x00000000 (success/other) rsp=0xFFFFF8043A675438 exitCount=112399
[iommuret] hit #558: HalpIommuInitSystem returned EAX=0x00000000 (success/other) rsp=0xFFFFF8043A675438 exitCount=112400
[iommuret] hit #559: HalpIommuInitSystem returned EAX=0x00000000 (success/other) rsp=0xFFFFF8043A675438 exitCount=112401
[iommuret] hit #560: HalpIommuInitSystem returned EAX=0x00000000 (success/other) rsp=0xFFFFF8043A675438 exitCount=112402
[iommuret] hit #561: HalpIommuInitSystem returned EAX=0x00000000 (success/other) rsp=0xFFFFF8043A675438 exitCount=112403
[iommuret] hit #562: HalpIommuInitSystem returned EAX=0x00000000 (success/other) rsp=0xFFFFF8043A675438 exitCount=112404
[iommuret] hit #563: HalpIommuInitSystem returned EAX=0x00000000 (success/other) rsp=0xFFFFF8043A675438 exitCount=112405
[iommuret] hit #564: HalpIommuInitSystem returned EAX=0x00000000 (success/other) rsp=0xFFFFF8043A675438 exitCount=112406
[iommuret] hit #565: HalpIommuInitSystem returned EAX=0x00000000 (success/other) rsp=0xFFFFF8043A675438 exitCount=112407
[iommuret] hit #566: HalpIommuInitSystem returned EAX=0x00000000 (success/other) rsp=0xFFFFF8043A675438 exitCount=112408
[iommuret] hit #567: HalpIommuInitSystem returned EAX=0x00000000 (success/other) rsp=0xFFFFF8043A675438 exitCount=112409
[iommuret] hit #568: HalpIommuInitSystem returned EAX=0x00000000 (success/other) rsp=0xFFFFF8043A675438 exitCount=112410
[iommuret] hit #569: HalpIommuInitSystem returned EAX=0x00000000 (success/other) rsp=0xFFFFF8043A675438 exitCount=112411
[iommuret] hit #570: HalpIommuInitSystem returned EAX=0x00000000 (success/other) rsp=0xFFFFF8043A675438 exitCount=112412
[iommuret] hit #571: HalpIommuInitSystem returned EAX=0x00000000 (success/other) rsp=0xFFFFF8043A675438 exitCount=112413
[iommuret] hit #572: HalpIommuInitSystem returned EAX=0x00000000 (success/other) rsp=0xFFFFF8043A675438 exitCount=112414
[iommuret] hit #573: HalpIommuInitSystem returned EAX=0x00000000 (success/other) rsp=0xFFFFF8043A675438 exitCount=112415
[iommuret] hit #574: HalpIommuInitSystem returned EAX=0x00000000 (success/other) rsp=0xFFFFF8043A675438 exitCount=112416
[iommuret] hit #575: HalpIommuInitSystem returned EAX=0x00000000 (success/other) rsp=0xFFFFF8043A675438 exitCount=112417
[iommuret] hit #576: HalpIommuInitSystem returned EAX=0x00000000 (success/other) rsp=0xFFFFF8043A675438 exitCount=112418
[iommuret] hit #577: HalpIommuInitSystem returned EAX=0x00000000 (success/other) rsp=0xFFFFF8043A675438 exitCount=112419
[iommuret] hit #578: HalpIommuInitSystem returned EAX=0x00000000 (success/other) rsp=0xFFFFF8043A675438 exitCount=112420
[iommuret] hit #579: HalpIommuInitSystem returned EAX=0x00000000 (success/other) rsp=0xFFFFF8043A675438 exitCount=112421
[iommuret] hit #580: HalpIommuInitSystem returned EAX=0x00000000 (success/other) rsp=0xFFFFF8043A675438 exitCount=112422
[iommuret] hit #581: HalpIommuInitSystem returned EAX=0x00000000 (success/other) rsp=0xFFFFF8043A675438 exitCount=112423
[iommuret] hit #582: HalpIommuInitSystem returned EAX=0x00000000 (success/other) rsp=0xFFFFF8043A675438 exitCount=112424
[iommuret] hit #583: HalpIommuInitSystem returned EAX=0x00000000 (success/other) rsp=0xFFFFF8043A675438 exitCount=112425
[iommuret] hit #584: HalpIommuInitSystem returned EAX=0x00000000 (success/other) rsp=0xFFFFF8043A675438 exitCount=112426
[iommuret] hit #585: HalpIommuInitSystem returned EAX=0x00000000 (success/other) rsp=0xFFFFF8043A675438 exitCount=112427
[iommuret] hit #586: HalpIommuInitSystem returned EAX=0x00000000 (success/other) rsp=0xFFFFF8043A675438 exitCount=112428
[iommuret] hit #587: HalpIommuInitSystem returned EAX=0x00000000 (success/other) rsp=0xFFFFF8043A675438 exitCount=112429
[iommuret] hit #588: HalpIommuInitSystem returned EAX=0x00000000 (success/other) rsp=0xFFFFF8043A675438 exitCount=112430
[iommuret] hit #589: HalpIommuInitSystem returned EAX=0x00000000 (success/other) rsp=0xFFFFF8043A675438 exitCount=112431
[iommuret] hit #590: HalpIommuInitSystem returned EAX=0x00000000 (success/other) rsp=0xFFFFF8043A675438 exitCount=112432
[iommuret] hit #591: HalpIommuInitSystem returned EAX=0x00000000 (success/other) rsp=0xFFFFF8043A675438 exitCount=112433
[iommuret] hit #592: HalpIommuInitSystem returned EAX=0x00000000 (success/other) rsp=0xFFFFF8043A675438 exitCount=112434
[iommuret] hit #593: HalpIommuInitSystem returned EAX=0x00000000 (success/other) rsp=0xFFFFF8043A675438 exitCount=112435
[iommuret] hit #594: HalpIommuInitSystem returned EAX=0x00000000 (success/other) rsp=0xFFFFF8043A675438 exitCount=112436
[iommuret] hit #595: HalpIommuInitSystem returned EAX=0x00000000 (success/other) rsp=0xFFFFF8043A675438 exitCount=112437
[iommuret] hit #596: HalpIommuInitSystem returned EAX=0x00000000 (success/other) rsp=0xFFFFF8043A675438 exitCount=112438
[iommuret] hit #597: HalpIommuInitSystem returned EAX=0x00000000 (success/other) rsp=0xFFFFF8043A675438 exitCount=112439
[iommuret] hit #598: HalpIommuInitSystem returned EAX=0x00000000 (success/other) rsp=0xFFFFF8043A675438 exitCount=112440
[iommuret] hit #599: HalpIommuInitSystem returned EAX=0x00000000 (success/other) rsp=0xFFFFF8043A675438 exitCount=112441
[iommuret] hit #600: HalpIommuInitSystem returned EAX=0x00000000 (success/other) rsp=0xFFFFF8043A675438 exitCount=112442
[iommuret] hit #601: HalpIommuInitSystem returned EAX=0x00000000 (success/other) rsp=0xFFFFF8043A675438 exitCount=112443
[iommuret] hit #602: HalpIommuInitSystem returned EAX=0x00000000 (success/other) rsp=0xFFFFF8043A675438 exitCount=112444
[iommuret] hit #603: HalpIommuInitSystem returned EAX=0x00000000 (success/other) rsp=0xFFFFF8043A675438 exitCount=112445
[iommuret] hit #604: HalpIommuInitSystem returned EAX=0x00000000 (success/other) rsp=0xFFFFF8043A675438 exitCount=112446
[iommuret] hit #605: HalpIommuInitSystem returned EAX=0x00000000 (success/other) rsp=0xFFFFF8043A675438 exitCount=112447
[iommuret] hit #606: HalpIommuInitSystem returned EAX=0x00000000 (success/other) rsp=0xFFFFF8043A675438 exitCount=112448
[iommuret] hit #607: HalpIommuInitSystem returned EAX=0x00000000 (success/other) rsp=0xFFFFF8043A675438 exitCount=112449
[iommuret] hit #608: HalpIommuInitSystem returned EAX=0x00000000 (success/other) rsp=0xFFFFF8043A675438 exitCount=112450
[iommuret] hit #609: HalpIommuInitSystem returned EAX=0x00000000 (success/other) rsp=0xFFFFF8043A675438 exitCount=112451
[iommuret] hit #610: HalpIommuInitSystem returned EAX=0x00000000 (success/other) rsp=0xFFFFF8043A675438 exitCount=112452
[iommuret] hit #611: HalpIommuInitSystem returned EAX=0x00000000 (success/other) rsp=0xFFFFF8043A675438 exitCount=112453
[iommuret] hit #612: HalpIommuInitSystem returned EAX=0x00000000 (success/other) rsp=0xFFFFF8043A675438 exitCount=112454
[iommuret] hit #613: HalpIommuInitSystem returned EAX=0x00000000 (success/other) rsp=0xFFFFF8043A675438 exitCount=112455
[iommuret] hit #614: HalpIommuInitSystem returned EAX=0x00000000 (success/other) rsp=0xFFFFF8043A675438 exitCount=112456
[iommuret] hit #615: HalpIommuInitSystem returned EAX=0x00000000 (success/other) rsp=0xFFFFF8043A675438 exitCount=112457
[iommuret] hit #616: HalpIommuInitSystem returned EAX=0x00000000 (success/other) rsp=0xFFFFF8043A675438 exitCount=112458
[iommuret] hit #617: HalpIommuInitSystem returned EAX=0x00000000 (success/other) rsp=0xFFFFF8043A675438 exitCount=112459
[iommuret] hit #618: HalpIommuInitSystem returned EAX=0x00000000 (success/other) rsp=0xFFFFF8043A675438 exitCount=112460
[iommuret] hit #619: HalpIommuInitSystem returned EAX=0x00000000 (success/other) rsp=0xFFFFF8043A675438 exitCount=112461
[iommuret] hit #620: HalpIommuInitSystem returned EAX=0x00000000 (success/other) rsp=0xFFFFF8043A675438 exitCount=112462
[iommuret] hit #621: HalpIommuInitSystem returned EAX=0x00000000 (success/other) rsp=0xFFFFF8043A675438 exitCount=112463
[iommuret] hit #622: HalpIommuInitSystem returned EAX=0x00000000 (success/other) rsp=0xFFFFF8043A675438 exitCount=112464
[iommuret] hit #623: HalpIommuInitSystem returned EAX=0x00000000 (success/other) rsp=0xFFFFF8043A675438 exitCount=112465
[iommuret] hit #624: HalpIommuInitSystem returned EAX=0x00000000 (success/other) rsp=0xFFFFF8043A675438 exitCount=112466
[iommuret] hit #625: HalpIommuInitSystem returned EAX=0x00000000 (success/other) rsp=0xFFFFF8043A675438 exitCount=112467
[iommuret] hit #626: HalpIommuInitSystem returned EAX=0x00000000 (success/other) rsp=0xFFFFF8043A675438 exitCount=112468
[iommuret] hit #627: HalpIommuInitSystem returned EAX=0x00000000 (success/other) rsp=0xFFFFF8043A675438 exitCount=112469
[iommuret] hit #628: HalpIommuInitSystem returned EAX=0x00000000 (success/other) rsp=0xFFFFF8043A675438 exitCount=112470
[iommuret] hit #629: HalpIommuInitSystem returned EAX=0x00000000 (success/other) rsp=0xFFFFF8043A675438 exitCount=112471
[iommuret] hit #630: HalpIommuInitSystem returned EAX=0x00000000 (success/other) rsp=0xFFFFF8043A675438 exitCount=112472
[iommuret] hit #631: HalpIommuInitSystem returned EAX=0x00000000 (success/other) rsp=0xFFFFF8043A675438 exitCount=112473
[iommuret] hit #632: HalpIommuInitSystem returned EAX=0x00000000 (success/other) rsp=0xFFFFF8043A675438 exitCount=112474
[iommuret] hit #633: HalpIommuInitSystem returned EAX=0x00000000 (success/other) rsp=0xFFFFF8043A675438 exitCount=112475
[iommuret] hit #634: HalpIommuInitSystem returned EAX=0x00000000 (success/other) rsp=0xFFFFF8043A675438 exitCount=112476
[iommuret] hit #635: HalpIommuInitSystem returned EAX=0x00000000 (success/other) rsp=0xFFFFF8043A675438 exitCount=112477
[iommuret] hit #636: HalpIommuInitSystem returned EAX=0x00000000 (success/other) rsp=0xFFFFF8043A675438 exitCount=112478
[iommuret] hit #637: HalpIommuInitSystem returned EAX=0x00000000 (success/other) rsp=0xFFFFF8043A675438 exitCount=112479
[iommuret] hit #638: HalpIommuInitSystem returned EAX=0x00000000 (success/other) rsp=0xFFFFF8043A675438 exitCount=112480
[iommuret] hit #639: HalpIommuInitSystem returned EAX=0x00000000 (success/other) rsp=0xFFFFF8043A675438 exitCount=112481
[iommuret] hit #640: HalpIommuInitSystem returned EAX=0x00000000 (success/other) rsp=0xFFFFF8043A675438 exitCount=112482
[iommuret] hit #641: HalpIommuInitSystem returned EAX=0x00000000 (success/other) rsp=0xFFFFF8043A675438 exitCount=112483
[iommuret] hit #642: HalpIommuInitSystem returned EAX=0x00000000 (success/other) rsp=0xFFFFF8043A675438 exitCount=112484
[iommuret] hit #643: HalpIommuInitSystem returned EAX=0x00000000 (success/other) rsp=0xFFFFF8043A675438 exitCount=112485
[iommuret] hit #644: HalpIommuInitSystem returned EAX=0x00000000 (success/other) rsp=0xFFFFF8043A675438 exitCount=112486
[iommuret] hit #645: HalpIommuInitSystem returned EAX=0x00000000 (success/other) rsp=0xFFFFF8043A675438 exitCount=112487
[iommuret] hit #646: HalpIommuInitSystem returned EAX=0x00000000 (success/other) rsp=0xFFFFF8043A675438 exitCount=112488
[iommuret] hit #647: HalpIommuInitSystem returned EAX=0x00000000 (success/other) rsp=0xFFFFF8043A675438 exitCount=112489
[iommuret] hit #648: HalpIommuInitSystem returned EAX=0x00000000 (success/other) rsp=0xFFFFF8043A675438 exitCount=112490
[iommuret] hit #649: HalpIommuInitSystem returned EAX=0x00000000 (success/other) rsp=0xFFFFF8043A675438 exitCount=112491
[iommuret] hit #650: HalpIommuInitSystem returned EAX=0x00000000 (success/other) rsp=0xFFFFF8043A675438 exitCount=112492
[iommuret] hit #651: HalpIommuInitSystem returned EAX=0x00000000 (success/other) rsp=0xFFFFF8043A675438 exitCount=112493
[iommuret] hit #652: HalpIommuInitSystem returned EAX=0x00000000 (success/other) rsp=0xFFFFF8043A675438 exitCount=112494
[iommuret] hit #653: HalpIommuInitSystem returned EAX=0x00000000 (success/other) rsp=0xFFFFF8043A675438 exitCount=112495
[iommuret] hit #654: HalpIommuInitSystem returned EAX=0x00000000 (success/other) rsp=0xFFFFF8043A675438 exitCount=112496
[iommuret] hit #655: HalpIommuInitSystem returned EAX=0x00000000 (success/other) rsp=0xFFFFF8043A675438 exitCount=112497
[iommuret] hit #656: HalpIommuInitSystem returned EAX=0x00000000 (success/other) rsp=0xFFFFF8043A675438 exitCount=112498
[iommuret] hit #657: HalpIommuInitSystem returned EAX=0x00000000 (success/other) rsp=0xFFFFF8043A675438 exitCount=112499
[iommuret] hit #658: HalpIommuInitSystem returned EAX=0x00000000 (success/other) rsp=0xFFFFF8043A675438 exitCount=112500
[iommuret] hit #659: HalpIommuInitSystem returned EAX=0x00000000 (success/other) rsp=0xFFFFF8043A675438 exitCount=112501
[iommuret] hit #660: HalpIommuInitSystem returned EAX=0x00000000 (success/other) rsp=0xFFFFF8043A675438 exitCount=112502
[iommuret] hit #661: HalpIommuInitSystem returned EAX=0x00000000 (success/other) rsp=0xFFFFF8043A675438 exitCount=112503
[iommuret] hit #662: HalpIommuInitSystem returned EAX=0x00000000 (success/other) rsp=0xFFFFF8043A675438 exitCount=112504
[iommuret] hit #663: HalpIommuInitSystem returned EAX=0x00000000 (success/other) rsp=0xFFFFF8043A675438 exitCount=112505
[iommuret] hit #664: HalpIommuInitSystem returned EAX=0x00000000 (success/other) rsp=0xFFFFF8043A675438 exitCount=112506
[iommuret] hit #665: HalpIommuInitSystem returned EAX=0x00000000 (success/other) rsp=0xFFFFF8043A675438 exitCount=112507
[iommuret] hit #666: HalpIommuInitSystem returned EAX=0x00000000 (success/other) rsp=0xFFFFF8043A675438 exitCount=112508
[iommuret] hit #667: HalpIommuInitSystem returned EAX=0x00000000 (success/other) rsp=0xFFFFF8043A675438 exitCount=112509
[iommuret] hit #668: HalpIommuInitSystem returned EAX=0x00000000 (success/other) rsp=0xFFFFF8043A675438 exitCount=112510
[iommuret] hit #669: HalpIommuInitSystem returned EAX=0x00000000 (success/other) rsp=0xFFFFF8043A675438 exitCount=112511
[iommuret] hit #670: HalpIommuInitSystem returned EAX=0x00000000 (success/other) rsp=0xFFFFF8043A675438 exitCount=112512
[iommuret] hit #671: HalpIommuInitSystem returned EAX=0x00000000 (success/other) rsp=0xFFFFF8043A675438 exitCount=112513
[iommuret] hit #672: HalpIommuInitSystem returned EAX=0x00000000 (success/other) rsp=0xFFFFF8043A675438 exitCount=112514
[iommuret] hit #673: HalpIommuInitSystem returned EAX=0x00000000 (success/other) rsp=0xFFFFF8043A675438 exitCount=112515
[iommuret] hit #674: HalpIommuInitSystem returned EAX=0x00000000 (success/other) rsp=0xFFFFF8043A675438 exitCount=112516
[iommuret] hit #675: HalpIommuInitSystem returned EAX=0x00000000 (success/other) rsp=0xFFFFF8043A675438 exitCount=112517
[iommuret] hit #676: HalpIommuInitSystem returned EAX=0x00000000 (success/other) rsp=0xFFFFF8043A675438 exitCount=112518
[iommuret] hit #677: HalpIommuInitSystem returned EAX=0x00000000 (success/other) rsp=0xFFFFF8043A675438 exitCount=112519
[iommuret] hit #678: HalpIommuInitSystem returned EAX=0x00000000 (success/other) rsp=0xFFFFF8043A675438 exitCount=112520
[iommuret] hit #679: HalpIommuInitSystem returned EAX=0x00000000 (success/other) rsp=0xFFFFF8043A675438 exitCount=112521
[iommuret] hit #680: HalpIommuInitSystem returned EAX=0x00000000 (success/other) rsp=0xFFFFF8043A675438 exitCount=112522
[iommuret] hit #681: HalpIommuInitSystem returned EAX=0x00000000 (success/other) rsp=0xFFFFF8043A675438 exitCount=112523
[iommuret] hit #682: HalpIommuInitSystem returned EAX=0x00000000 (success/other) rsp=0xFFFFF8043A675438 exitCount=112524
[iommuret] hit #683: HalpIommuInitSystem returned EAX=0x00000000 (success/other) rsp=0xFFFFF8043A675438 exitCount=112525
[iommuret] hit #684: HalpIommuInitSystem returned EAX=0x00000000 (success/other) rsp=0xFFFFF8043A675438 exitCount=112526
[iommuret] hit #685: HalpIommuInitSystem returned EAX=0x00000000 (success/other) rsp=0xFFFFF8043A675438 exitCount=112527
[iommuret] hit #686: HalpIommuInitSystem returned EAX=0x00000000 (success/other) rsp=0xFFFFF8043A675438 exitCount=112528
[iommuret] hit #687: HalpIommuInitSystem returned EAX=0x00000000 (success/other) rsp=0xFFFFF8043A675438 exitCount=112529
[iommuret] hit #688: HalpIommuInitSystem returned EAX=0x00000000 (success/other) rsp=0xFFFFF8043A675438 exitCount=112530
[iommuret] hit #689: HalpIommuInitSystem returned EAX=0x00000000 (success/other) rsp=0xFFFFF8043A675438 exitCount=112531
[iommuret] hit #690: HalpIommuInitSystem returned EAX=0x00000000 (success/other) rsp=0xFFFFF8043A675438 exitCount=112532
[iommuret] hit #691: HalpIommuInitSystem returned EAX=0x00000000 (success/other) rsp=0xFFFFF8043A675438 exitCount=112533
[iommuret] hit #692: HalpIommuInitSystem returned EAX=0x00000000 (success/other) rsp=0xFFFFF8043A675438 exitCount=112534
[iommuret] hit #693: HalpIommuInitSystem returned EAX=0x00000000 (success/other) rsp=0xFFFFF8043A675438 exitCount=112535
[iommuret] hit #694: HalpIommuInitSystem returned EAX=0x00000000 (success/other) rsp=0xFFFFF8043A675438 exitCount=112536
[iommuret] hit #695: HalpIommuInitSystem returned EAX=0x00000000 (success/other) rsp=0xFFFFF8043A675438 exitCount=112537
[iommuret] hit #696: HalpIommuInitSystem returned EAX=0x00000000 (success/other) rsp=0xFFFFF8043A675438 exitCount=112538
[iommuret] hit #697: HalpIommuInitSystem returned EAX=0x00000000 (success/other) rsp=0xFFFFF8043A675438 exitCount=112539
[iommuret] hit #698: HalpIommuInitSystem returned EAX=0x00000000 (success/other) rsp=0xFFFFF8043A675438 exitCount=112540
[iommuret] hit #699: HalpIommuInitSystem returned EAX=0x00000000 (success/other) rsp=0xFFFFF8043A675438 exitCount=112541
[iommuret] hit #700: HalpIommuInitSystem returned EAX=0x00000000 (success/other) rsp=0xFFFFF8043A675438 exitCount=112542
[iommuret] hit #701: HalpIommuInitSystem returned EAX=0x00000000 (success/other) rsp=0xFFFFF8043A675438 exitCount=112543
[iommuret] hit #702: HalpIommuInitSystem returned EAX=0x00000000 (success/other) rsp=0xFFFFF8043A675438 exitCount=112544
[iommuret] hit #703: HalpIommuInitSystem returned EAX=0x00000000 (success/other) rsp=0xFFFFF8043A675438 exitCount=112545
[iommuret] hit #704: HalpIommuInitSystem returned EAX=0x00000000 (success/other) rsp=0xFFFFF8043A675438 exitCount=112546
[iommuret] hit #705: HalpIommuInitSystem returned EAX=0x00000000 (success/other) rsp=0xFFFFF8043A675438 exitCount=112547
[iommuret] hit #706: HalpIommuInitSystem returned EAX=0x00000000 (success/other) rsp=0xFFFFF8043A675438 exitCount=112548
[iommuret] hit #707: HalpIommuInitSystem returned EAX=0x00000000 (success/other) rsp=0xFFFFF8043A675438 exitCount=112549
[iommuret] hit #708: HalpIommuInitSystem returned EAX=0x00000000 (success/other) rsp=0xFFFFF8043A675438 exitCount=112550
[iommuret] hit #709: HalpIommuInitSystem returned EAX=0x00000000 (success/other) rsp=0xFFFFF8043A675438 exitCount=112551
[iommuret] hit #710: HalpIommuInitSystem returned EAX=0x00000000 (success/other) rsp=0xFFFFF8043A675438 exitCount=112552
[iommuret] hit #711: HalpIommuInitSystem returned EAX=0x00000000 (success/other) rsp=0xFFFFF8043A675438 exitCount=112553
[iommuret] hit #712: HalpIommuInitSystem returned EAX=0x00000000 (success/other) rsp=0xFFFFF8043A675438 exitCount=112554
[iommuret] hit #713: HalpIommuInitSystem returned EAX=0x00000000 (success/other) rsp=0xFFFFF8043A675438 exitCount=112555
[iommuret] hit #714: HalpIommuInitSystem returned EAX=0x00000000 (success/other) rsp=0xFFFFF8043A675438 exitCount=112556
[iommuret] hit #715: HalpIommuInitSystem returned EAX=0x00000000 (success/other) rsp=0xFFFFF8043A675438 exitCount=112557
[iommuret] hit #716: HalpIommuInitSystem returned EAX=0x00000000 (success/other) rsp=0xFFFFF8043A675438 exitCount=112558
[iommuret] hit #717: HalpIommuInitSystem returned EAX=0x00000000 (success/other) rsp=0xFFFFF8043A675438 exitCount=112559
[iommuret] hit #718: HalpIommuInitSystem returned EAX=0x00000000 (success/other) rsp=0xFFFFF8043A675438 exitCount=112560
[iommuret] hit #719: HalpIommuInitSystem returned EAX=0x00000000 (success/other) rsp=0xFFFFF8043A675438 exitCount=112561
[iommuret] hit #720: HalpIommuInitSystem returned EAX=0x00000000 (success/other) rsp=0xFFFFF8043A675438 exitCount=112562
[iommuret] hit #721: HalpIommuInitSystem returned EAX=0x00000000 (success/other) rsp=0xFFFFF8043A675438 exitCount=112563
[iommuret] hit #722: HalpIommuInitSystem returned EAX=0x00000000 (success/other) rsp=0xFFFFF8043A675438 exitCount=112564
[iommuret] hit #723: HalpIommuInitSystem returned EAX=0x00000000 (success/other) rsp=0xFFFFF8043A675438 exitCount=112565
[iommuret] hit #724: HalpIommuInitSystem returned EAX=0x00000000 (success/other) rsp=0xFFFFF8043A675438 exitCount=112566
[iommuret] hit #725: HalpIommuInitSystem returned EAX=0x00000000 (success/other) rsp=0xFFFFF8043A675438 exitCount=112567
[iommuret] hit #726: HalpIommuInitSystem returned EAX=0x00000000 (success/other) rsp=0xFFFFF8043A675438 exitCount=112568
[iommuret] hit #727: HalpIommuInitSystem returned EAX=0x00000000 (success/other) rsp=0xFFFFF8043A675438 exitCount=112569
[iommuret] hit #728: HalpIommuInitSystem returned EAX=0x00000000 (success/other) rsp=0xFFFFF8043A675438 exitCount=112570
[iommuret] hit #729: HalpIommuInitSystem returned EAX=0x00000000 (success/other) rsp=0xFFFFF8043A675438 exitCount=112571
[iommuret] hit #730: HalpIommuInitSystem returned EAX=0x00000000 (success/other) rsp=0xFFFFF8043A675438 exitCount=112572
[iommuret] hit #731: HalpIommuInitSystem returned EAX=0x00000000 (success/other) rsp=0xFFFFF8043A675438 exitCount=112573
[iommuret] hit #732: HalpIommuInitSystem returned EAX=0x00000000 (success/other) rsp=0xFFFFF8043A675438 exitCount=112574
[iommuret] hit #733: HalpIommuInitSystem returned EAX=0x00000000 (success/other) rsp=0xFFFFF8043A675438 exitCount=112575
[iommuret] hit #734: HalpIommuInitSystem returned EAX=0x00000000 (success/other) rsp=0xFFFFF8043A675438 exitCount=112576
[iommuret] hit #735: HalpIommuInitSystem returned EAX=0x00000000 (success/other) rsp=0xFFFFF8043A675438 exitCount=112577
[iommuret] hit #736: HalpIommuInitSystem returned EAX=0x00000000 (success/other) rsp=0xFFFFF8043A675438 exitCount=112578
[iommuret] hit #737: HalpIommuInitSystem returned EAX=0x00000000 (success/other) rsp=0xFFFFF8043A675438 exitCount=112579
[iommuret] hit #738: HalpIommuInitSystem returned EAX=0x00000000 (success/other) rsp=0xFFFFF8043A675438 exitCount=112580
[iommuret] hit #739: HalpIommuInitSystem returned EAX=0x00000000 (success/other) rsp=0xFFFFF8043A675438 exitCount=112581
[iommuret] hit #740: HalpIommuInitSystem returned EAX=0x00000000 (success/other) rsp=0xFFFFF8043A675438 exitCount=112582
[iommuret] hit #741: HalpIommuInitSystem returned EAX=0x00000000 (success/other) rsp=0xFFFFF8043A675438 exitCount=112583
[iommuret] hit #742: HalpIommuInitSystem returned EAX=0x00000000 (success/other) rsp=0xFFFFF8043A675438 exitCount=112584
[iommuret] hit #743: HalpIommuInitSystem returned EAX=0x00000000 (success/other) rsp=0xFFFFF8043A675438 exitCount=112585
[iommuret] hit #744: HalpIommuInitSystem returned EAX=0x00000000 (success/other) rsp=0xFFFFF8043A675438 exitCount=112586
[iommuret] hit #745: HalpIommuInitSystem returned EAX=0x00000000 (success/other) rsp=0xFFFFF8043A675438 exitCount=112587
[iommuret] hit #746: HalpIommuInitSystem returned EAX=0x00000000 (success/other) rsp=0xFFFFF8043A675438 exitCount=112588
[iommuret] hit #747: HalpIommuInitSystem returned EAX=0x00000000 (success/other) rsp=0xFFFFF8043A675438 exitCount=112589
[iommuret] hit #748: HalpIommuInitSystem returned EAX=0x00000000 (success/other) rsp=0xFFFFF8043A675438 exitCount=112590
[iommuret] hit #749: HalpIommuInitSystem returned EAX=0x00000000 (success/other) rsp=0xFFFFF8043A675438 exitCount=112591
[iommuret] hit #750: HalpIommuInitSystem returned EAX=0x00000000 (success/other) rsp=0xFFFFF8043A675438 exitCount=112592
[iommuret] hit #751: HalpIommuInitSystem returned EAX=0x00000000 (success/other) rsp=0xFFFFF8043A675438 exitCount=112593
[iommuret] hit #752: HalpIommuInitSystem returned EAX=0x00000000 (success/other) rsp=0xFFFFF8043A675438 exitCount=112594
[iommuret] hit #753: HalpIommuInitSystem returned EAX=0x00000000 (success/other) rsp=0xFFFFF8043A675438 exitCount=112595
[iommuret] hit #754: HalpIommuInitSystem returned EAX=0x00000000 (success/other) rsp=0xFFFFF8043A675438 exitCount=112596
[iommuret] hit #755: HalpIommuInitSystem returned EAX=0x00000000 (success/other) rsp=0xFFFFF8043A675438 exitCount=112597
[iommuret] hit #756: HalpIommuInitSystem returned EAX=0x00000000 (success/other) rsp=0xFFFFF8043A675438 exitCount=112598
[iommuret] hit #757: HalpIommuInitSystem returned EAX=0x00000000 (success/other) rsp=0xFFFFF8043A675438 exitCount=112599
[iommuret] hit #758: HalpIommuInitSystem returned EAX=0x00000000 (success/other) rsp=0xFFFFF8043A675438 exitCount=112600
[iommuret] hit #759: HalpIommuInitSystem returned EAX=0x00000000 (success/other) rsp=0xFFFFF8043A675438 exitCount=112601
[iommuret] hit #760: HalpIommuInitSystem returned EAX=0x00000000 (success/other) rsp=0xFFFFF8043A675438 exitCount=112602
[iommuret] hit #761: HalpIommuInitSystem returned EAX=0x00000000 (success/other) rsp=0xFFFFF8043A675438 exitCount=112603
[iommuret] hit #762: HalpIommuInitSystem returned EAX=0x00000000 (success/other) rsp=0xFFFFF8043A675438 exitCount=112604
[iommuret] hit #763: HalpIommuInitSystem returned EAX=0x00000000 (success/other) rsp=0xFFFFF8043A675438 exitCount=112605
[iommuret] hit #764: HalpIommuInitSystem returned EAX=0x00000000 (success/other) rsp=0xFFFFF8043A675438 exitCount=112606
[iommuret] hit #765: HalpIommuInitSystem returned EAX=0x00000000 (success/other) rsp=0xFFFFF8043A675438 exitCount=112607
[iommuret] hit #766: HalpIommuInitSystem returned EAX=0x00000000 (success/other) rsp=0xFFFFF8043A675438 exitCount=112608
[iommuret] hit #767: HalpIommuInitSystem returned EAX=0x00000000 (success/other) rsp=0xFFFFF8043A675438 exitCount=112609
[iommuret] hit #768: HalpIommuInitSystem returned EAX=0x00000000 (success/other) rsp=0xFFFFF8043A675438 exitCount=112610
[iommuret] hit #769: HalpIommuInitSystem returned EAX=0x00000000 (success/other) rsp=0xFFFFF8043A675438 exitCount=112611
[iommuret] hit #770: HalpIommuInitSystem returned EAX=0x00000000 (success/other) rsp=0xFFFFF8043A675438 exitCount=112612
[iommuret] hit #771: HalpIommuInitSystem returned EAX=0x00000000 (success/other) rsp=0xFFFFF8043A675438 exitCount=112613
[iommuret] hit #772: HalpIommuInitSystem returned EAX=0x00000000 (success/other) rsp=0xFFFFF8043A675438 exitCount=112614
[iommuret] hit #773: HalpIommuInitSystem returned EAX=0x00000000 (success/other) rsp=0xFFFFF8043A675438 exitCount=112615
[iommuret] hit #774: HalpIommuInitSystem returned EAX=0x00000000 (success/other) rsp=0xFFFFF8043A675438 exitCount=112616
[iommuret] hit #775: HalpIommuInitSystem returned EAX=0x00000000 (success/other) rsp=0xFFFFF8043A675438 exitCount=112617
[iommuret] hit #776: HalpIommuInitSystem returned EAX=0x00000000 (success/other) rsp=0xFFFFF8043A675438 exitCount=112618
[iommuret] hit #777: HalpIommuInitSystem returned EAX=0x00000000 (success/other) rsp=0xFFFFF8043A675438 exitCount=112619
[iommuret] hit #778: HalpIommuInitSystem returned EAX=0x00000000 (success/other) rsp=0xFFFFF8043A675438 exitCount=112620
[iommuret] hit #779: HalpIommuInitSystem returned EAX=0x00000000 (success/other) rsp=0xFFFFF8043A675438 exitCount=112621
[iommuret] hit #780: HalpIommuInitSystem returned EAX=0x00000000 (success/other) rsp=0xFFFFF8043A675438 exitCount=112622
[iommuret] hit #781: HalpIommuInitSystem returned EAX=0x00000000 (success/other) rsp=0xFFFFF8043A675438 exitCount=112623
[iommuret] hit #782: HalpIommuInitSystem returned EAX=0x00000000 (success/other) rsp=0xFFFFF8043A675438 exitCount=112624
[iommuret] hit #783: HalpIommuInitSystem returned EAX=0x00000000 (success/other) rsp=0xFFFFF8043A675438 exitCount=112625
[iommuret] hit #784: HalpIommuInitSystem returned EAX=0x00000000 (success/other) rsp=0xFFFFF8043A675438 exitCount=112626
[iommuret] hit #785: HalpIommuInitSystem returned EAX=0x00000000 (success/other) rsp=0xFFFFF8043A675438 exitCount=112627
[iommuret] hit #786: HalpIommuInitSystem returned EAX=0x00000000 (success/other) rsp=0xFFFFF8043A675438 exitCount=112628
[iommuret] hit #787: HalpIommuInitSystem returned EAX=0x00000000 (success/other) rsp=0xFFFFF8043A675438 exitCount=112629
[iommuret] hit #788: HalpIommuInitSystem returned EAX=0x00000000 (success/other) rsp=0xFFFFF8043A675438 exitCount=112630
[iommuret] hit #789: HalpIommuInitSystem returned EAX=0x00000000 (success/other) rsp=0xFFFFF8043A675438 exitCount=112631
[iommuret] hit #790: HalpIommuInitSystem returned EAX=0x00000000 (success/other) rsp=0xFFFFF8043A675438 exitCount=112632
[iommuret] hit #791: HalpIommuInitSystem returned EAX=0x00000000 (success/other) rsp=0xFFFFF8043A675438 exitCount=112633
[iommuret] hit #792: HalpIommuInitSystem returned EAX=0x00000000 (success/other) rsp=0xFFFFF8043A675438 exitCount=112634
[iommuret] hit #793: HalpIommuInitSystem returned EAX=0x00000000 (success/other) rsp=0xFFFFF8043A675438 exitCount=112635
[iommuret] hit #794: HalpIommuInitSystem returned EAX=0x00000000 (success/other) rsp=0xFFFFF8043A675438 exitCount=112636
[iommuret] hit #795: HalpIommuInitSystem returned EAX=0x00000000 (success/other) rsp=0xFFFFF8043A675438 exitCount=112637
[iommuret] hit #796: HalpIommuInitSystem returned EAX=0x00000000 (success/other) rsp=0xFFFFF8043A675438 exitCount=112638
[iommuret] hit #797: HalpIommuInitSystem returned EAX=0x00000000 (success/other) rsp=0xFFFFF8043A675438 exitCount=112639
[iommuret] hit #798: HalpIommuInitSystem returned EAX=0x00000000 (success/other) rsp=0xFFFFF8043A675438 exitCount=112640
[iommuret] hit #799: HalpIommuInitSystem returned EAX=0x00000000 (success/other) rsp=0xFFFFF8043A675438 exitCount=112641
[iommuret] hit #800: HalpIommuInitSystem returned EAX=0x00000000 (success/other) rsp=0xFFFFF8043A675438 exitCount=112642
[iommuret] hit #801: HalpIommuInitSystem returned EAX=0x00000000 (success/other) rsp=0xFFFFF8043A675438 exitCount=112643
[iommuret] hit #802: HalpIommuInitSystem returned EAX=0x00000000 (success/other) rsp=0xFFFFF8043A675438 exitCount=112644
[iommuret] hit #803: HalpIommuInitSystem returned EAX=0x00000000 (success/other) rsp=0xFFFFF8043A675438 exitCount=112645
[iommuret] hit #804: HalpIommuInitSystem returned EAX=0x00000000 (success/other) rsp=0xFFFFF8043A675438 exitCount=112646
[iommuret] hit #805: HalpIommuInitSystem returned EAX=0x00000000 (success/other) rsp=0xFFFFF8043A675438 exitCount=112647
[iommuret] hit #806: HalpIommuInitSystem returned EAX=0x00000000 (success/other) rsp=0xFFFFF8043A675438 exitCount=112648
[iommuret] hit #807: HalpIommuInitSystem returned EAX=0x00000000 (success/other) rsp=0xFFFFF8043A675438 exitCount=112649
[iommuret] hit #808: HalpIommuInitSystem returned EAX=0x00000000 (success/other) rsp=0xFFFFF8043A675438 exitCount=112650
[iommuret] hit #809: HalpIommuInitSystem returned EAX=0x00000000 (success/other) rsp=0xFFFFF8043A675438 exitCount=112651
[iommuret] hit #810: HalpIommuInitSystem returned EAX=0x00000000 (success/other) rsp=0xFFFFF8043A675438 exitCount=112652
[iommuret] hit #811: HalpIommuInitSystem returned EAX=0x00000000 (success/other) rsp=0xFFFFF8043A675438 exitCount=112653
[iommuret] hit #812: HalpIommuInitSystem returned EAX=0x00000000 (success/other) rsp=0xFFFFF8043A675438 exitCount=112654
[iommuret] hit #813: HalpIommuInitSystem returned EAX=0x00000000 (success/other) rsp=0xFFFFF8043A675438 exitCount=112655
[iommuret] hit #814: HalpIommuInitSystem returned EAX=0x00000000 (success/other) rsp=0xFFFFF8043A675438 exitCount=112656
[iommuret] hit #815: HalpIommuInitSystem returned EAX=0x00000000 (success/other) rsp=0xFFFFF8043A675438 exitCount=112657
[iommuret] hit #816: HalpIommuInitSystem returned EAX=0x00000000 (success/other) rsp=0xFFFFF8043A675438 exitCount=112658
[iommuret] hit #817: HalpIommuInitSystem returned EAX=0x00000000 (success/other) rsp=0xFFFFF8043A675438 exitCount=112659
[iommuret] hit #818: HalpIommuInitSystem returned EAX=0x00000000 (success/other) rsp=0xFFFFF8043A675438 exitCount=112660
[iommuret] hit #819: HalpIommuInitSystem returned EAX=0x00000000 (success/other) rsp=0xFFFFF8043A675438 exitCount=112661
[iommuret] hit #820: HalpIommuInitSystem returned EAX=0x00000000 (success/other) rsp=0xFFFFF8043A675438 exitCount=112662
[iommuret] hit #821: HalpIommuInitSystem returned EAX=0x00000000 (success/other) rsp=0xFFFFF8043A675438 exitCount=112663
[iommuret] hit #822: HalpIommuInitSystem returned EAX=0x00000000 (success/other) rsp=0xFFFFF8043A675438 exitCount=112664
[iommuret] hit #823: HalpIommuInitSystem returned EAX=0x00000000 (success/other) rsp=0xFFFFF8043A675438 exitCount=112665
[iommuret] hit #824: HalpIommuInitSystem returned EAX=0x00000000 (success/other) rsp=0xFFFFF8043A675438 exitCount=112666
[iommuret] hit #825: HalpIommuInitSystem returned EAX=0x00000000 (success/other) rsp=0xFFFFF8043A675438 exitCount=112667
[iommuret] hit #826: HalpIommuInitSystem returned EAX=0x00000000 (success/other) rsp=0xFFFFF8043A675438 exitCount=112668
[iommuret] hit #827: HalpIommuInitSystem returned EAX=0x00000000 (success/other) rsp=0xFFFFF8043A675438 exitCount=112669
[iommuret] hit #828: HalpIommuInitSystem returned EAX=0x00000000 (success/other) rsp=0xFFFFF8043A675438 exitCount=112670
[iommuret] hit #829: HalpIommuInitSystem returned EAX=0x00000000 (success/other) rsp=0xFFFFF8043A675438 exitCount=112671
[iommuret] hit #830: HalpIommuInitSystem returned EAX=0x00000000 (success/other) rsp=0xFFFFF8043A675438 exitCount=112672
[iommuret] hit #831: HalpIommuInitSystem returned EAX=0x00000000 (success/other) rsp=0xFFFFF8043A675438 exitCount=112673
[iommuret] hit #832: HalpIommuInitSystem returned EAX=0x00000000 (success/other) rsp=0xFFFFF8043A675438 exitCount=112674
[iommuret] hit #833: HalpIommuInitSystem returned EAX=0x00000000 (success/other) rsp=0xFFFFF8043A675438 exitCount=112675
[iommuret] hit #834: HalpIommuInitSystem returned EAX=0x00000000 (success/other) rsp=0xFFFFF8043A675438 exitCount=112676
[iommuret] hit #835: HalpIommuInitSystem returned EAX=0x00000000 (success/other) rsp=0xFFFFF8043A675438 exitCount=112677
[iommuret] hit #836: HalpIommuInitSystem returned EAX=0x00000000 (success/other) rsp=0xFFFFF8043A675438 exitCount=112678
[iommuret] hit #837: HalpIommuInitSystem returned EAX=0x00000000 (success/other) rsp=0xFFFFF8043A675438 exitCount=112679
[iommuret] hit #838: HalpIommuInitSystem returned EAX=0x00000000 (success/other) rsp=0xFFFFF8043A675438 exitCount=112680
[iommuret] hit #839: HalpIommuInitSystem returned EAX=0x00000000 (success/other) rsp=0xFFFFF8043A675438 exitCount=112681
[iommuret] hit #840: HalpIommuInitSystem returned EAX=0x00000000 (success/other) rsp=0xFFFFF8043A675438 exitCount=112682
[iommuret] hit #841: HalpIommuInitSystem returned EAX=0x00000000 (success/other) rsp=0xFFFFF8043A675438 exitCount=112683
[iommuret] hit #842: HalpIommuInitSystem returned EAX=0x00000000 (success/other) rsp=0xFFFFF8043A675438 exitCount=112684
[iommuret] hit #843: HalpIommuInitSystem returned EAX=0x00000000 (success/other) rsp=0xFFFFF8043A675438 exitCount=112685
[iommuret] hit #844: HalpIommuInitSystem returned EAX=0x00000000 (success/other) rsp=0xFFFFF8043A675438 exitCount=112686
[iommuret] hit #845: HalpIommuInitSystem returned EAX=0x00000000 (success/other) rsp=0xFFFFF8043A675438 exitCount=112687
[iommuret] hit #846: HalpIommuInitSystem returned EAX=0x00000000 (success/other) rsp=0xFFFFF8043A675438 exitCount=112688
[iommuret] hit #847: HalpIommuInitSystem returned EAX=0x00000000 (success/other) rsp=0xFFFFF8043A675438 exitCount=112689
[iommuret] hit #848: HalpIommuInitSystem returned EAX=0x00000000 (success/other) rsp=0xFFFFF8043A675438 exitCount=112690
[iommuret] hit #849: HalpIommuInitSystem returned EAX=0x00000000 (success/other) rsp=0xFFFFF8043A675438 exitCount=112691
[iommuret] hit #850: HalpIommuInitSystem returned EAX=0x00000000 (success/other) rsp=0xFFFFF8043A675438 exitCount=112692
[iommuret] hit #851: HalpIommuInitSystem returned EAX=0x00000000 (success/other) rsp=0xFFFFF8043A675438 exitCount=112693
[iommuret] hit #852: HalpIommuInitSystem returned EAX=0x00000000 (success/other) rsp=0xFFFFF8043A675438 exitCount=112694
[iommuret] hit #853: HalpIommuInitSystem returned EAX=0x00000000 (success/other) rsp=0xFFFFF8043A675438 exitCount=112695
[iommuret] hit #854: HalpIommuInitSystem returned EAX=0x00000000 (success/other) rsp=0xFFFFF8043A675438 exitCount=112696
[iommuret] hit #855: HalpIommuInitSystem returned EAX=0x00000000 (success/other) rsp=0xFFFFF8043A675438 exitCount=112697
[iommuret] hit #856: HalpIommuInitSystem returned EAX=0x00000000 (success/other) rsp=0xFFFFF8043A675438 exitCount=112698
[iommuret] hit #857: HalpIommuInitSystem returned EAX=0x00000000 (success/other) rsp=0xFFFFF8043A675438 exitCount=112699
[iommuret] hit #858: HalpIommuInitSystem returned EAX=0x00000000 (success/other) rsp=0xFFFFF8043A675438 exitCount=112700
[iommuret] hit #859: HalpIommuInitSystem returned EAX=0x00000000 (success/other) rsp=0xFFFFF8043A675438 exitCount=112701
[iommuret] hit #860: HalpIommuInitSystem returned EAX=0x00000000 (success/other) rsp=0xFFFFF8043A675438 exitCount=112702
[iommuret] hit #861: HalpIommuInitSystem returned EAX=0x00000000 (success/other) rsp=0xFFFFF8043A675438 exitCount=112703
[iommuret] hit #862: HalpIommuInitSystem returned EAX=0x00000000 (success/other) rsp=0xFFFFF8043A675438 exitCount=112704
[iommuret] hit #863: HalpIommuInitSystem returned EAX=0x00000000 (success/other) rsp=0xFFFFF8043A675438 exitCount=112705
[iommuret] hit #864: HalpIommuInitSystem returned EAX=0x00000000 (success/other) rsp=0xFFFFF8043A675438 exitCount=112706
[iommuret] hit #865: HalpIommuInitSystem returned EAX=0x00000000 (success/other) rsp=0xFFFFF8043A675438 exitCount=112707
[iommuret] hit #866: HalpIommuInitSystem returned EAX=0x00000000 (success/other) rsp=0xFFFFF8043A675438 exitCount=112708
[iommuret] hit #867: HalpIommuInitSystem returned EAX=0x00000000 (success/other) rsp=0xFFFFF8043A675438 exitCount=112709
[iommuret] hit #868: HalpIommuInitSystem returned EAX=0x00000000 (success/other) rsp=0xFFFFF8043A675438 exitCount=112710
[iommuret] hit #869: HalpIommuInitSystem returned EAX=0x00000000 (success/other) rsp=0xFFFFF8043A675438 exitCount=112711
[iommuret] hit #870: HalpIommuInitSystem returned EAX=0x00000000 (success/other) rsp=0xFFFFF8043A675438 exitCount=112712
[iommuret] hit #871: HalpIommuInitSystem returned EAX=0x00000000 (success/other) rsp=0xFFFFF8043A675438 exitCount=112713
[iommuret] hit #872: HalpIommuInitSystem returned EAX=0x00000000 (success/other) rsp=0xFFFFF8043A675438 exitCount=112714
[iommuret] hit #873: HalpIommuInitSystem returned EAX=0x00000000 (success/other) rsp=0xFFFFF8043A675438 exitCount=112715
[iommuret] hit #874: HalpIommuInitSystem returned EAX=0x00000000 (success/other) rsp=0xFFFFF8043A675438 exitCount=112716
[iommuret] hit #875: HalpIommuInitSystem returned EAX=0x00000000 (success/other) rsp=0xFFFFF8043A675438 exitCount=112717
[iommuret] hit #876: HalpIommuInitSystem returned EAX=0x00000000 (success/other) rsp=0xFFFFF8043A675438 exitCount=112718
[iommuret] hit #877: HalpIommuInitSystem returned EAX=0x00000000 (success/other) rsp=0xFFFFF8043A675438 exitCount=112719
[iommuret] hit #878: HalpIommuInitSystem returned EAX=0x00000000 (success/other) rsp=0xFFFFF8043A675438 exitCount=112720
[iommuret] hit #879: HalpIommuInitSystem returned EAX=0x00000000 (success/other) rsp=0xFFFFF8043A675438 exitCount=112721
[iommuret] hit #880: HalpIommuInitSystem returned EAX=0x00000000 (success/other) rsp=0xFFFFF8043A675438 exitCount=112722
[iommuret] hit #881: HalpIommuInitSystem returned EAX=0x00000000 (success/other) rsp=0xFFFFF8043A675438 exitCount=112723
[iommuret] hit #882: HalpIommuInitSystem returned EAX=0x00000000 (success/other) rsp=0xFFFFF8043A675438 exitCount=112724
[iommuret] hit #883: HalpIommuInitSystem returned EAX=0x00000000 (success/other) rsp=0xFFFFF8043A675438 exitCount=112725
[iommuret] hit #884: HalpIommuInitSystem returned EAX=0x00000000 (success/other) rsp=0xFFFFF8043A675438 exitCount=112726
[iommuret] hit #885: HalpIommuInitSystem returned EAX=0x00000000 (success/other) rsp=0xFFFFF8043A675438 exitCount=112727
[iommuret] hit #886: HalpIommuInitSystem returned EAX=0x00000000 (success/other) rsp=0xFFFFF8043A675438 exitCount=112728
[iommuret] hit #887: HalpIommuInitSystem returned EAX=0x00000000 (success/other) rsp=0xFFFFF8043A675438 exitCount=112729
[iommuret] hit #888: HalpIommuInitSystem returned EAX=0x00000000 (success/other) rsp=0xFFFFF8043A675438 exitCount=112730
[iommuret] hit #889: HalpIommuInitSystem returned EAX=0x00000000 (success/other) rsp=0xFFFFF8043A675438 exitCount=112731
[iommuret] hit #890: HalpIommuInitSystem returned EAX=0x00000000 (success/other) rsp=0xFFFFF8043A675438 exitCount=112732
[iommuret] hit #891: HalpIommuInitSystem returned EAX=0x00000000 (success/other) rsp=0xFFFFF8043A675438 exitCount=112733
[iommuret] hit #892: HalpIommuInitSystem returned EAX=0x00000000 (success/other) rsp=0xFFFFF8043A675438 exitCount=112734
[iommuret] hit #893: HalpIommuInitSystem returned EAX=0x00000000 (success/other) rsp=0xFFFFF8043A675438 exitCount=112735
[iommuret] hit #894: HalpIommuInitSystem returned EAX=0x00000000 (success/other) rsp=0xFFFFF8043A675438 exitCount=112736
[iommuret] hit #895: HalpIommuInitSystem returned EAX=0x00000000 (success/other) rsp=0xFFFFF8043A675438 exitCount=112737
[iommuret] hit #896: HalpIommuInitSystem returned EAX=0x00000000 (success/other) rsp=0xFFFFF8043A675438 exitCount=112738
[iommuret] hit #897: HalpIommuInitSystem returned EAX=0x00000000 (success/other) rsp=0xFFFFF8043A675438 exitCount=112739
[iommuret] hit #898: HalpIommuInitSystem returned EAX=0x00000000 (success/other) rsp=0xFFFFF8043A675438 exitCount=112740
[iommuret] hit #899: HalpIommuInitSystem returned EAX=0x00000000 (success/other) rsp=0xFFFFF8043A675438 exitCount=112741
[iommuret] hit #900: HalpIommuInitSystem returned EAX=0x00000000 (success/other) rsp=0xFFFFF8043A675438 exitCount=112742
[iommuret] hit #901: HalpIommuInitSystem returned EAX=0x00000000 (success/other) rsp=0xFFFFF8043A675438 exitCount=112743
[iommuret] hit #902: HalpIommuInitSystem returned EAX=0x00000000 (success/other) rsp=0xFFFFF8043A675438 exitCount=112744
[iommuret] hit #903: HalpIommuInitSystem returned EAX=0x00000000 (success/other) rsp=0xFFFFF8043A675438 exitCount=112745
[iommuret] hit #904: HalpIommuInitSystem returned EAX=0x00000000 (success/other) rsp=0xFFFFF8043A675438 exitCount=112746
[iommuret] hit #905: HalpIommuInitSystem returned EAX=0x00000000 (success/other) rsp=0xFFFFF8043A675438 exitCount=112747
[iommuret] hit #906: HalpIommuInitSystem returned EAX=0x00000000 (success/other) rsp=0xFFFFF8043A675438 exitCount=112748
[iommuret] hit #907: HalpIommuInitSystem returned EAX=0x00000000 (success/other) rsp=0xFFFFF8043A675438 exitCount=112749
[iommuret] hit #908: HalpIommuInitSystem returned EAX=0x00000000 (success/other) rsp=0xFFFFF8043A675438 exitCount=112750
[iommuret] hit #909: HalpIommuInitSystem returned EAX=0x00000000 (success/other) rsp=0xFFFFF8043A675438 exitCount=112751
[iommuret] hit #910: HalpIommuInitSystem returned EAX=0x00000000 (success/other) rsp=0xFFFFF8043A675438 exitCount=112752
[iommuret] hit #911: HalpIommuInitSystem returned EAX=0x00000000 (success/other) rsp=0xFFFFF8043A675438 exitCount=112753
[iommuret] hit #912: HalpIommuInitSystem returned EAX=0x00000000 (success/other) rsp=0xFFFFF8043A675438 exitCount=112754
[iommuret] hit #913: HalpIommuInitSystem returned EAX=0x00000000 (success/other) rsp=0xFFFFF8043A675438 exitCount=112755
[iommuret] hit #914: HalpIommuInitSystem returned EAX=0x00000000 (success/other) rsp=0xFFFFF8043A675438 exitCount=112756
[iommuret] hit #915: HalpIommuInitSystem returned EAX=0x00000000 (success/other) rsp=0xFFFFF8043A675438 exitCount=112757
[iommuret] hit #916: HalpIommuInitSystem returned EAX=0x00000000 (success/other) rsp=0xFFFFF8043A675438 exitCount=112758
[iommuret] hit #917: HalpIommuInitSystem returned EAX=0x00000000 (success/other) rsp=0xFFFFF8043A675438 exitCount=112759
[iommuret] hit #918: HalpIommuInitSystem returned EAX=0x00000000 (success/other) rsp=0xFFFFF8043A675438 exitCount=112760
[iommuret] hit #919: HalpIommuInitSystem returned EAX=0x00000000 (success/other) rsp=0xFFFFF8043A675438 exitCount=112761
[iommuret] hit #920: HalpIommuInitSystem returned EAX=0x00000000 (success/other) rsp=0xFFFFF8043A675438 exitCount=112762
[iommuret] hit #921: HalpIommuInitSystem returned EAX=0x00000000 (success/other) rsp=0xFFFFF8043A675438 exitCount=112763
[iommuret] hit #922: HalpIommuInitSystem returned EAX=0x00000000 (success/other) rsp=0xFFFFF8043A675438 exitCount=112764
[iommuret] hit #923: HalpIommuInitSystem returned EAX=0x00000000 (success/other) rsp=0xFFFFF8043A675438 exitCount=112765
[iommuret] hit #924: HalpIommuInitSystem returned EAX=0x00000000 (success/other) rsp=0xFFFFF8043A675438 exitCount=112766
[iommuret] hit #925: HalpIommuInitSystem returned EAX=0x00000000 (success/other) rsp=0xFFFFF8043A675438 exitCount=112767
[iommuret] hit #926: HalpIommuInitSystem returned EAX=0x00000000 (success/other) rsp=0xFFFFF8043A675438 exitCount=112768
[iommuret] hit #927: HalpIommuInitSystem returned EAX=0x00000000 (success/other) rsp=0xFFFFF8043A675438 exitCount=112769
[iommuret] hit #928: HalpIommuInitSystem returned EAX=0x00000000 (success/other) rsp=0xFFFFF8043A675438 exitCount=112770
[iommuret] hit #929: HalpIommuInitSystem returned EAX=0x00000000 (success/other) rsp=0xFFFFF8043A675438 exitCount=112771
[iommuret] hit #930: HalpIommuInitSystem returned EAX=0x00000000 (success/other) rsp=0xFFFFF8043A675438 exitCount=112772
[iommuret] hit #931: HalpIommuInitSystem returned EAX=0x00000000 (success/other) rsp=0xFFFFF8043A675438 exitCount=112773
[iommuret] hit #932: HalpIommuInitSystem returned EAX=0x00000000 (success/other) rsp=0xFFFFF8043A675438 exitCount=112774
[iommuret] hit #933: HalpIommuInitSystem returned EAX=0x00000000 (success/other) rsp=0xFFFFF8043A675438 exitCount=112775
[iommuret] hit #934: HalpIommuInitSystem returned EAX=0x00000000 (success/other) rsp=0xFFFFF8043A675438 exitCount=112776
[iommuret] hit #935: HalpIommuInitSystem returned EAX=0x00000000 (success/other) rsp=0xFFFFF8043A675438 exitCount=112777
[iommuret] hit #936: HalpIommuInitSystem returned EAX=0x00000000 (success/other) rsp=0xFFFFF8043A675438 exitCount=112778
[iommuret] hit #937: HalpIommuInitSystem returned EAX=0x00000000 (success/other) rsp=0xFFFFF8043A675438 exitCount=112779
[iommuret] hit #938: HalpIommuInitSystem returned EAX=0x00000000 (success/other) rsp=0xFFFFF8043A675438 exitCount=112780
[iommuret] hit #939: HalpIommuInitSystem returned EAX=0x00000000 (success/other) rsp=0xFFFFF8043A675438 exitCount=112781
[iommuret] hit #940: HalpIommuInitSystem returned EAX=0x00000000 (success/other) rsp=0xFFFFF8043A675438 exitCount=112782
[iommuret] hit #941: HalpIommuInitSystem returned EAX=0x00000000 (success/other) rsp=0xFFFFF8043A675438 exitCount=112783
[iommuret] hit #942: HalpIommuInitSystem returned EAX=0x00000000 (success/other) rsp=0xFFFFF8043A675438 exitCount=112784
[iommuret] hit #943: HalpIommuInitSystem returned EAX=0x00000000 (success/other) rsp=0xFFFFF8043A675438 exitCount=112785
[iommuret] hit #944: HalpIommuInitSystem returned EAX=0x00000000 (success/other) rsp=0xFFFFF8043A675438 exitCount=112786
[iommuret] hit #945: HalpIommuInitSystem returned EAX=0x00000000 (success/other) rsp=0xFFFFF8043A675438 exitCount=112787
[iommuret] hit #946: HalpIommuInitSystem returned EAX=0x00000000 (success/other) rsp=0xFFFFF8043A675438 exitCount=112788
[iommuret] hit #947: HalpIommuInitSystem returned EAX=0x00000000 (success/other) rsp=0xFFFFF8043A675438 exitCount=112789
[iommuret] hit #948: HalpIommuInitSystem returned EAX=0x00000000 (success/other) rsp=0xFFFFF8043A675438 exitCount=112790
[iommuret] hit #949: HalpIommuInitSystem returned EAX=0x00000000 (success/other) rsp=0xFFFFF8043A675438 exitCount=112791
[iommuret] hit #950: HalpIommuInitSystem returned EAX=0x00000000 (success/other) rsp=0xFFFFF8043A675438 exitCount=112792
[iommuret] hit #951: HalpIommuInitSystem returned EAX=0x00000000 (success/other) rsp=0xFFFFF8043A675438 exitCount=112793
[iommuret] hit #952: HalpIommuInitSystem returned EAX=0x00000000 (success/other) rsp=0xFFFFF8043A675438 exitCount=112794
[iommuret] hit #953: HalpIommuInitSystem returned EAX=0x00000000 (success/other) rsp=0xFFFFF8043A675438 exitCount=112795
[iommuret] hit #954: HalpIommuInitSystem returned EAX=0x00000000 (success/other) rsp=0xFFFFF8043A675438 exitCount=112796
[iommuret] hit #955: HalpIommuInitSystem returned EAX=0x00000000 (success/other) rsp=0xFFFFF8043A675438 exitCount=112797
[iommuret] hit #956: HalpIommuInitSystem returned EAX=0x00000000 (success/other) rsp=0xFFFFF8043A675438 exitCount=112798
[iommuret] hit #957: HalpIommuInitSystem returned EAX=0x00000000 (success/other) rsp=0xFFFFF8043A675438 exitCount=112799
[iommuret] hit #958: HalpIommuInitSystem returned EAX=0x00000000 (success/other) rsp=0xFFFFF8043A675438 exitCount=112800
[iommuret] hit #959: HalpIommuInitSystem returned EAX=0x00000000 (success/other) rsp=0xFFFFF8043A675438 exitCount=112801
[iommuret] hit #960: HalpIommuInitSystem returned EAX=0x00000000 (success/other) rsp=0xFFFFF8043A675438 exitCount=112802
[iommuret] hit #961: HalpIommuInitSystem returned EAX=0x00000000 (success/other) rsp=0xFFFFF8043A675438 exitCount=112803
[iommuret] hit #962: HalpIommuInitSystem returned EAX=0x00000000 (success/other) rsp=0xFFFFF8043A675438 exitCount=112804
[iommuret] hit #963: HalpIommuInitSystem returned EAX=0x00000000 (success/other) rsp=0xFFFFF8043A675438 exitCount=112805
[iommuret] hit #964: HalpIommuInitSystem returned EAX=0x00000000 (success/other) rsp=0xFFFFF8043A675438 exitCount=112806
[iommuret] hit #965: HalpIommuInitSystem returned EAX=0x00000000 (success/other) rsp=0xFFFFF8043A675438 exitCount=112807
[iommuret] hit #966: HalpIommuInitSystem returned EAX=0x00000000 (success/other) rsp=0xFFFFF8043A675438 exitCount=112808
[iommuret] hit #967: HalpIommuInitSystem returned EAX=0x00000000 (success/other) rsp=0xFFFFF8043A675438 exitCount=112809
[iommuret] hit #968: HalpIommuInitSystem returned EAX=0x00000000 (success/other) rsp=0xFFFFF8043A675438 exitCount=112810
[iommuret] hit #969: HalpIommuInitSystem returned EAX=0x00000000 (success/other) rsp=0xFFFFF8043A675438 exitCount=112811
[iommuret] hit #970: HalpIommuInitSystem returned EAX=0x00000000 (success/other) rsp=0xFFFFF8043A675438 exitCount=112812
[iommuret] hit #971: HalpIommuInitSystem returned EAX=0x00000000 (success/other) rsp=0xFFFFF8043A675438 exitCount=112813
[iommuret] hit #972: HalpIommuInitSystem returned EAX=0x00000000 (success/other) rsp=0xFFFFF8043A675438 exitCount=112814
[iommuret] hit #973: HalpIommuInitSystem returned EAX=0x00000000 (success/other) rsp=0xFFFFF8043A675438 exitCount=112815
[iommuret] hit #974: HalpIommuInitSystem returned EAX=0x00000000 (success/other) rsp=0xFFFFF8043A675438 exitCount=112816
[iommuret] hit #975: HalpIommuInitSystem returned EAX=0x00000000 (success/other) rsp=0xFFFFF8043A675438 exitCount=112817
[iommuret] hit #976: HalpIommuInitSystem returned EAX=0x00000000 (success/other) rsp=0xFFFFF8043A675438 exitCount=112818
[iommuret] hit #977: HalpIommuInitSystem returned EAX=0x00000000 (success/other) rsp=0xFFFFF8043A675438 exitCount=112819
[iommuret] hit #978: HalpIommuInitSystem returned EAX=0x00000000 (success/other) rsp=0xFFFFF8043A675438 exitCount=112820
[iommuret] hit #979: HalpIommuInitSystem returned EAX=0x00000000 (success/other) rsp=0xFFFFF8043A675438 exitCount=112821
[iommuret] hit #980: HalpIommuInitSystem returned EAX=0x00000000 (success/other) rsp=0xFFFFF8043A675438 exitCount=112822
[iommuret] hit #981: HalpIommuInitSystem returned EAX=0x00000000 (success/other) rsp=0xFFFFF8043A675438 exitCount=112823
[iommuret] hit #982: HalpIommuInitSystem returned EAX=0x00000000 (success/other) rsp=0xFFFFF8043A675438 exitCount=112824
[iommuret] hit #983: HalpIommuInitSystem returned EAX=0x00000000 (success/other) rsp=0xFFFFF8043A675438 exitCount=112825
[iommuret] hit #984: HalpIommuInitSystem returned EAX=0x00000000 (success/other) rsp=0xFFFFF8043A675438 exitCount=112826
[iommuret] hit #985: HalpIommuInitSystem returned EAX=0x00000000 (success/other) rsp=0xFFFFF8043A675438 exitCount=112827
[iommuret] hit #986: HalpIommuInitSystem returned EAX=0x00000000 (success/other) rsp=0xFFFFF8043A675438 exitCount=112828
[iommuret] hit #987: HalpIommuInitSystem returned EAX=0x00000000 (success/other) rsp=0xFFFFF8043A675438 exitCount=112829
[iommuret] hit #988: HalpIommuInitSystem returned EAX=0x00000000 (success/other) rsp=0xFFFFF8043A675438 exitCount=112830
[iommuret] hit #989: HalpIommuInitSystem returned EAX=0x00000000 (success/other) rsp=0xFFFFF8043A675438 exitCount=112831
[iommuret] hit #990: HalpIommuInitSystem returned EAX=0x00000000 (success/other) rsp=0xFFFFF8043A675438 exitCount=112832
[iommuret] hit #991: HalpIommuInitSystem returned EAX=0x00000000 (success/other) rsp=0xFFFFF8043A675438 exitCount=112833
[iommuret] hit #992: HalpIommuInitSystem returned EAX=0x00000000 (success/other) rsp=0xFFFFF8043A675438 exitCount=112834
[iommuret] hit #993: HalpIommuInitSystem returned EAX=0x00000000 (success/other) rsp=0xFFFFF8043A675438 exitCount=112835
[iommuret] hit #994: HalpIommuInitSystem returned EAX=0x00000000 (success/other) rsp=0xFFFFF8043A675438 exitCount=112836
[iommuret] hit #995: HalpIommuInitSystem returned EAX=0x00000000 (success/other) rsp=0xFFFFF8043A675438 exitCount=112837
[iommuret] hit #996: HalpIommuInitSystem returned EAX=0x00000000 (success/other) rsp=0xFFFFF8043A675438 exitCount=112838
[iommuret] hit #997: HalpIommuInitSystem returned EAX=0x00000000 (success/other) rsp=0xFFFFF8043A675438 exitCount=112839
[iommuret] hit #998: HalpIommuInitSystem returned EAX=0x00000000 (success/other) rsp=0xFFFFF8043A675438 exitCount=112840
[iommuret] hit #999: HalpIommuInitSystem returned EAX=0x00000000 (success/other) rsp=0xFFFFF8043A675438 exitCount=112841
[iommuret] hit #1000: HalpIommuInitSystem returned EAX=0x00000000 (success/other) rsp=0xFFFFF8043A675438 exitCount=112842
[iommuret] hit #1001: HalpIommuInitSystem returned EAX=0x00000000 (success/other) rsp=0xFFFFF8043A675438 exitCount=112843
[iommuret] hit #1002: HalpIommuInitSystem returned EAX=0x00000000 (success/other) rsp=0xFFFFF8043A675438 exitCount=112844
[iommuret] hit #1003: HalpIommuInitSystem returned EAX=0x00000000 (success/other) rsp=0xFFFFF8043A675438 exitCount=112845
[iommuret] hit #1004: HalpIommuInitSystem returned EAX=0x00000000 (success/other) rsp=0xFFFFF8043A675438 exitCount=112846
[iommuret] hit #1005: HalpIommuInitSystem returned EAX=0x00000000 (success/other) rsp=0xFFFFF8043A675438 exitCount=112847
[iommuret] hit #1006: HalpIommuInitSystem returned EAX=0x00000000 (success/other) rsp=0xFFFFF8043A675438 exitCount=112848
[iommuret] hit #1007: HalpIommuInitSystem returned EAX=0x00000000 (success/other) rsp=0xFFFFF8043A675438 exitCount=112849
[iommuret] hit #1008: HalpIommuInitSystem returned EAX=0x00000000 (success/other) rsp=0xFFFFF8043A675438 exitCount=112850
[iommuret] hit #1009: HalpIommuInitSystem returned EAX=0x00000000 (success/other) rsp=0xFFFFF8043A675438 exitCount=112851
[iommuret] hit #1010: HalpIommuInitSystem returned EAX=0x00000000 (success/other) rsp=0xFFFFF8043A675438 exitCount=112852
[iommuret] hit #1011: HalpIommuInitSystem returned EAX=0x00000000 (success/other) rsp=0xFFFFF8043A675438 exitCount=112853
[iommuret] hit #1012: HalpIommuInitSystem returned EAX=0x00000000 (success/other) rsp=0xFFFFF8043A675438 exitCount=112854
[iommuret] hit #1013: HalpIommuInitSystem returned EAX=0x00000000 (success/other) rsp=0xFFFFF8043A675438 exitCount=112855
[iommuret] hit #1014: HalpIommuInitSystem returned EAX=0x00000000 (success/other) rsp=0xFFFFF8043A675438 exitCount=112856
[iommuret] hit #1015: HalpIommuInitSystem returned EAX=0x00000000 (success/other) rsp=0xFFFFF8043A675438 exitCount=112857
[iommuret] hit #1016: HalpIommuInitSystem returned EAX=0x00000000 (success/other) rsp=0xFFFFF8043A675438 exitCount=112858
[iommuret] hit #1017: HalpIommuInitSystem returned EAX=0x00000000 (success/other) rsp=0xFFFFF8043A675438 exitCount=112859
[iommuret] hit #1018: HalpIommuInitSystem returned EAX=0x00000000 (success/other) rsp=0xFFFFF8043A675438 exitCount=112860
[iommuret] hit #1019: HalpIommuInitSystem returned EAX=0x00000000 (success/other) rsp=0xFFFFF8043A675438 exitCount=112861
[iommuret] hit #1020: HalpIommuInitSystem returned EAX=0x00000000 (success/other) rsp=0xFFFFF8043A675438 exitCount=112862
[iommuret] hit #1021: HalpIommuInitSystem returned EAX=0x00000000 (success/other) rsp=0xFFFFF8043A675438 exitCount=112863
[iommuret] hit #1022: HalpIommuInitSystem returned EAX=0x00000000 (success/other) rsp=0xFFFFF8043A675438 exitCount=112864
[iommuret] hit #1023: HalpIommuInitSystem returned EAX=0x00000000 (success/other) rsp=0xFFFFF8043A675438 exitCount=112865
[iommuret] hit #1024: HalpIommuInitSystem returned EAX=0x00000000 (success/other) rsp=0xFFFFF8043A675438 exitCount=112866
[iommuret] hit #1025: HalpIommuInitSystem returned EAX=0x00000000 (success/other) rsp=0xFFFFF8043A675438 exitCount=112867
[iommuret] hit #1026: HalpIommuInitSystem returned EAX=0x00000000 (success/other) rsp=0xFFFFF8043A675438 exitCount=112868
[iommuret] hit #1027: HalpIommuInitSystem returned EAX=0x00000000 (success/other) rsp=0xFFFFF8043A675438 exitCount=112869
[iommuret] hit #1028: HalpIommuInitSystem returned EAX=0x00000000 (success/other) rsp=0xFFFFF8043A675438 exitCount=112870
[iommuret] hit #1029: HalpIommuInitSystem returned EAX=0x00000000 (success/other) rsp=0xFFFFF8043A675438 exitCount=112871
[iommuret] hit #1030: HalpIommuInitSystem returned EAX=0x00000000 (success/other) rsp=0xFFFFF8043A675438 exitCount=112872
[iommuret] hit #1031: HalpIommuInitSystem returned EAX=0x00000000 (success/other) rsp=0xFFFFF8043A675438 exitCount=112873
[iommuret] hit #1032: HalpIommuInitSystem returned EAX=0x00000000 (success/other) rsp=0xFFFFF8043A675438 exitCount=112874
[iommuret] hit #1033: HalpIommuInitSystem returned EAX=0x00000000 (success/other) rsp=0xFFFFF8043A675438 exitCount=112875
[iommuret] hit #1034: HalpIommuInitSystem returned EAX=0x00000000 (success/other) rsp=0xFFFFF8043A675438 exitCount=112876
[iommuret] hit #1035: HalpIommuInitSystem returned EAX=0x00000000 (success/other) rsp=0xFFFFF8043A675438 exitCount=112877
[iommuret] hit #1036: HalpIommuInitSystem returned EAX=0x00000000 (success/other) rsp=0xFFFFF8043A675438 exitCount=112878
[iommuret] hit #1037: HalpIommuInitSystem returned EAX=0x00000000 (success/other) rsp=0xFFFFF8043A675438 exitCount=112879
[iommuret] hit #1038: HalpIommuInitSystem returned EAX=0x00000000 (success/other) rsp=0xFFFFF8043A675438 exitCount=112880
[iommuret] hit #1039: HalpIommuInitSystem returned EAX=0x00000000 (success/other) rsp=0xFFFFF8043A675438 exitCount=112881
[iommuret] hit #1040: HalpIommuInitSystem returned EAX=0x00000000 (success/other) rsp=0xFFFFF8043A675438 exitCount=112882
[iommuret] hit #1041: HalpIommuInitSystem returned EAX=0x00000000 (success/other) rsp=0xFFFFF8043A675438 exitCount=112883
[iommuret] hit #1042: HalpIommuInitSystem returned EAX=0x00000000 (success/other) rsp=0xFFFFF8043A675438 exitCount=112884
[iommuret] hit #1043: HalpIommuInitSystem returned EAX=0x00000000 (success/other) rsp=0xFFFFF8043A675438 exitCount=112885
[iommuret] hit #1044: HalpIommuInitSystem returned EAX=0x00000000 (success/other) rsp=0xFFFFF8043A675438 exitCount=112886
[iommuret] hit #1045: HalpIommuInitSystem returned EAX=0x00000000 (success/other) rsp=0xFFFFF8043A675438 exitCount=112887
[iommuret] hit #1046: HalpIommuInitSystem returned EAX=0x00000000 (success/other) rsp=0xFFFFF8043A675438 exitCount=112888
[iommuret] hit #1047: HalpIommuInitSystem returned EAX=0x00000000 (success/other) rsp=0xFFFFF8043A675438 exitCount=112889
[iommuret] hit #1048: HalpIommuInitSystem returned EAX=0x00000000 (success/other) rsp=0xFFFFF8043A675438 exitCount=112890
[iommuret] hit #1049: HalpIommuInitSystem returned EAX=0x00000000 (success/other) rsp=0xFFFFF8043A675438 exitCount=112891
[iommuret] hit #1050: HalpIommuInitSystem returned EAX=0x00000000 (success/other) rsp=0xFFFFF8043A675438 exitCount=112892
[iommuret] hit #1051: HalpIommuInitSystem returned EAX=0x00000000 (success/other) rsp=0xFFFFF8043A675438 exitCount=112893
[iommuret] hit #1052: HalpIommuInitSystem returned EAX=0x00000000 (success/other) rsp=0xFFFFF8043A675438 exitCount=112894
[iommuret] hit #1053: HalpIommuInitSystem returned EAX=0x00000000 (success/other) rsp=0xFFFFF8043A675438 exitCount=112895
[iommuret] hit #1054: HalpIommuInitSystem returned EAX=0x00000000 (success/other) rsp=0xFFFFF8043A675438 exitCount=112896
[iommuret] hit #1055: HalpIommuInitSystem returned EAX=0x00000000 (success/other) rsp=0xFFFFF8043A675438 exitCount=112897
[iommuret] hit #1056: HalpIommuInitSystem returned EAX=0x00000000 (success/other) rsp=0xFFFFF8043A675438 exitCount=112898
[iommuret] hit #1057: HalpIommuInitSystem returned EAX=0x00000000 (success/other) rsp=0xFFFFF8043A675438 exitCount=112899
[iommuret] hit #1058: HalpIommuInitSystem returned EAX=0x00000000 (success/other) rsp=0xFFFFF8043A675438 exitCount=112900
[iommuret] hit #1059: HalpIommuInitSystem returned EAX=0x00000000 (success/other) rsp=0xFFFFF8043A675438 exitCount=112901
[iommuret] hit #1060: HalpIommuInitSystem returned EAX=0x00000000 (success/other) rsp=0xFFFFF8043A675438 exitCount=112902
[iommuret] hit #1061: HalpIommuInitSystem returned EAX=0x00000000 (success/other) rsp=0xFFFFF8043A675438 exitCount=112903
[iommuret] hit #1062: HalpIommuInitSystem returned EAX=0x00000000 (success/other) rsp=0xFFFFF8043A675438 exitCount=112904
[iommuret] hit #1063: HalpIommuInitSystem returned EAX=0x00000000 (success/other) rsp=0xFFFFF8043A675438 exitCount=112905
[iommuret] hit #1064: HalpIommuInitSystem returned EAX=0x00000000 (success/other) rsp=0xFFFFF8043A675438 exitCount=112906
[iommuret] hit #1065: HalpIommuInitSystem returned EAX=0x00000000 (success/other) rsp=0xFFFFF8043A675438 exitCount=112907
[iommuret] hit #1066: HalpIommuInitSystem returned EAX=0x00000000 (success/other) rsp=0xFFFFF8043A675438 exitCount=112908
[iommuret] hit #1067: HalpIommuInitSystem returned EAX=0x00000000 (success/other) rsp=0xFFFFF8043A675438 exitCount=112909
[iommuret] hit #1068: HalpIommuInitSystem returned EAX=0x00000000 (success/other) rsp=0xFFFFF8043A675438 exitCount=112910
[iommuret] hit #1069: HalpIommuInitSystem returned EAX=0x00000000 (success/other) rsp=0xFFFFF8043A675438 exitCount=112911
[iommuret] hit #1070: HalpIommuInitSystem returned EAX=0x00000000 (success/other) rsp=0xFFFFF8043A675438 exitCount=112912
[iommuret] hit #1071: HalpIommuInitSystem returned EAX=0x00000000 (success/other) rsp=0xFFFFF8043A675438 exitCount=112913
[iommuret] hit #1072: HalpIommuInitSystem returned EAX=0x00000000 (success/other) rsp=0xFFFFF8043A675438 exitCount=112914
[iommuret] hit #1073: HalpIommuInitSystem returned EAX=0x00000000 (success/other) rsp=0xFFFFF8043A675438 exitCount=112915
[iommuret] hit #1074: HalpIommuInitSystem returned EAX=0x00000000 (success/other) rsp=0xFFFFF8043A675438 exitCount=112916
[iommuret] hit #1075: HalpIommuInitSystem returned EAX=0x00000000 (success/other) rsp=0xFFFFF8043A675438 exitCount=112917
[iommuret] hit #1076: HalpIommuInitSystem returned EAX=0x00000000 (success/other) rsp=0xFFFFF8043A675438 exitCount=112918
[iommuret] hit #1077: HalpIommuInitSystem returned EAX=0x00000000 (success/other) rsp=0xFFFFF8043A675438 exitCount=112919
[iommuret] hit #1078: HalpIommuInitSystem returned EAX=0x00000000 (success/other) rsp=0xFFFFF8043A675438 exitCount=112920
[iommuret] hit #1079: HalpIommuInitSystem returned EAX=0x00000000 (success/other) rsp=0xFFFFF8043A675438 exitCount=112921
[iommuret] hit #1080: HalpIommuInitSystem returned EAX=0x00000000 (success/other) rsp=0xFFFFF8043A675438 exitCount=112922
[iommuret] hit #1081: HalpIommuInitSystem returned EAX=0x00000000 (success/other) rsp=0xFFFFF8043A675438 exitCount=112923
[iommuret] hit #1082: HalpIommuInitSystem returned EAX=0x00000000 (success/other) rsp=0xFFFFF8043A675438 exitCount=112924
[iommuret] hit #1083: HalpIommuInitSystem returned EAX=0x00000000 (success/other) rsp=0xFFFFF8043A675438 exitCount=112925
[iommuret] hit #1084: HalpIommuInitSystem returned EAX=0x00000000 (success/other) rsp=0xFFFFF8043A675438 exitCount=112926
[iommuret] hit #1085: HalpIommuInitSystem returned EAX=0x00000000 (success/other) rsp=0xFFFFF8043A675438 exitCount=112927
[iommuret] hit #1086: HalpIommuInitSystem returned EAX=0x00000000 (success/other) rsp=0xFFFFF8043A675438 exitCount=112928
[iommuret] hit #1087: HalpIommuInitSystem returned EAX=0x00000000 (success/other) rsp=0xFFFFF8043A675438 exitCount=112929
[iommuret] hit #1088: HalpIommuInitSystem returned EAX=0x00000000 (success/other) rsp=0xFFFFF8043A675438 exitCount=112930
[iommuret] hit #1089: HalpIommuInitSystem returned EAX=0x00000000 (success/other) rsp=0xFFFFF8043A675438 exitCount=112931
[iommuret] hit #1090: HalpIommuInitSystem returned EAX=0x00000000 (success/other) rsp=0xFFFFF8043A675438 exitCount=112932
[iommuret] hit #1091: HalpIommuInitSystem returned EAX=0x00000000 (success/other) rsp=0xFFFFF8043A675438 exitCount=112933
[iommuret] hit #1092: HalpIommuInitSystem returned EAX=0x00000000 (success/other) rsp=0xFFFFF8043A675438 exitCount=112934
[iommuret] hit #1093: HalpIommuInitSystem returned EAX=0x00000000 (success/other) rsp=0xFFFFF8043A675438 exitCount=112935
[iommuret] hit #1094: HalpIommuInitSystem returned EAX=0x00000000 (success/other) rsp=0xFFFFF8043A675438 exitCount=112936
[iommuret] hit #1095: HalpIommuInitSystem returned EAX=0x00000000 (success/other) rsp=0xFFFFF8043A675438 exitCount=112937
[iommuret] hit #1096: HalpIommuInitSystem returned EAX=0x00000000 (success/other) rsp=0xFFFFF8043A675438 exitCount=112938
[iommuret] hit #1097: HalpIommuInitSystem returned EAX=0x00000000 (success/other) rsp=0xFFFFF8043A675438 exitCount=112939
[iommuret] hit #1098: HalpIommuInitSystem returned EAX=0x00000000 (success/other) rsp=0xFFFFF8043A675438 exitCount=112940
[iommuret] hit #1099: HalpIommuInitSystem returned EAX=0x00000000 (success/other) rsp=0xFFFFF8043A675438 exitCount=112941
[iommuret] hit #1100: HalpIommuInitSystem returned EAX=0x00000000 (success/other) rsp=0xFFFFF8043A675438 exitCount=112942
[iommuret] hit #1101: HalpIommuInitSystem returned EAX=0x00000000 (success/other) rsp=0xFFFFF8043A675438 exitCount=112943
[iommuret] hit #1102: HalpIommuInitSystem returned EAX=0x00000000 (success/other) rsp=0xFFFFF8043A675438 exitCount=112944
[iommuret] hit #1103: HalpIommuInitSystem returned EAX=0x00000000 (success/other) rsp=0xFFFFF8043A675438 exitCount=112945
[iommuret] hit #1104: HalpIommuInitSystem returned EAX=0x00000000 (success/other) rsp=0xFFFFF8043A675438 exitCount=112946
[iommuret] hit #1105: HalpIommuInitSystem returned EAX=0x00000000 (success/other) rsp=0xFFFFF8043A675438 exitCount=112947
[iommuret] hit #1106: HalpIommuInitSystem returned EAX=0x00000000 (success/other) rsp=0xFFFFF8043A675438 exitCount=112948
[iommuret] hit #1107: HalpIommuInitSystem returned EAX=0x00000000 (success/other) rsp=0xFFFFF8043A675438 exitCount=112949
[iommuret] hit #1108: HalpIommuInitSystem returned EAX=0x00000000 (success/other) rsp=0xFFFFF8043A675438 exitCount=112950
[iommuret] hit #1109: HalpIommuInitSystem returned EAX=0x00000000 (success/other) rsp=0xFFFFF8043A675438 exitCount=112951
[iommuret] hit #1110: HalpIommuInitSystem returned EAX=0x00000000 (success/other) rsp=0xFFFFF8043A675438 exitCount=112952
[iommuret] hit #1111: HalpIommuInitSystem returned EAX=0x00000000 (success/other) rsp=0xFFFFF8043A675438 exitCount=112953
[iommuret] hit #1112: HalpIommuInitSystem returned EAX=0x00000000 (success/other) rsp=0xFFFFF8043A675438 exitCount=112954
[iommuret] hit #1113: HalpIommuInitSystem returned EAX=0x00000000 (success/other) rsp=0xFFFFF8043A675438 exitCount=112955
[iommuret] hit #1114: HalpIommuInitSystem returned EAX=0x00000000 (success/other) rsp=0xFFFFF8043A675438 exitCount=112956
[iommuret] hit #1115: HalpIommuInitSystem returned EAX=0x00000000 (success/other) rsp=0xFFFFF8043A675438 exitCount=112957
[iommuret] hit #1116: HalpIommuInitSystem returned EAX=0x00000000 (success/other) rsp=0xFFFFF8043A675438 exitCount=112958
[iommuret] hit #1117: HalpIommuInitSystem returned EAX=0x00000000 (success/other) rsp=0xFFFFF8043A675438 exitCount=112959
[iommuret] hit #1118: HalpIommuInitSystem returned EAX=0x00000000 (success/other) rsp=0xFFFFF8043A675438 exitCount=112960
[iommuret] hit #1119: HalpIommuInitSystem returned EAX=0x00000000 (success/other) rsp=0xFFFFF8043A675438 exitCount=112961
[iommuret] hit #1120: HalpIommuInitSystem returned EAX=0x00000000 (success/other) rsp=0xFFFFF8043A675438 exitCount=112962
[iommuret] hit #1121: HalpIommuInitSystem returned EAX=0x00000000 (success/other) rsp=0xFFFFF8043A675438 exitCount=112963
[iommuret] hit #1122: HalpIommuInitSystem returned EAX=0x00000000 (success/other) rsp=0xFFFFF8043A675438 exitCount=112964
[iommuret] hit #1123: HalpIommuInitSystem returned EAX=0x00000000 (success/other) rsp=0xFFFFF8043A675438 exitCount=112965
[iommuret] hit #1124: HalpIommuInitSystem returned EAX=0x00000000 (success/other) rsp=0xFFFFF8043A675438 exitCount=112966
[iommuret] hit #1125: HalpIommuInitSystem returned EAX=0x00000000 (success/other) rsp=0xFFFFF8043A675438 exitCount=112967
[iommuret] hit #1126: HalpIommuInitSystem returned EAX=0x00000000 (success/other) rsp=0xFFFFF8043A675438 exitCount=112968
[iommuret] hit #1127: HalpIommuInitSystem returned EAX=0x00000000 (success/other) rsp=0xFFFFF8043A675438 exitCount=112969
[iommuret] hit #1128: HalpIommuInitSystem returned EAX=0x00000000 (success/other) rsp=0xFFFFF8043A675438 exitCount=112970
[iommuret] hit #1129: HalpIommuInitSystem returned EAX=0x00000000 (success/other) rsp=0xFFFFF8043A675438 exitCount=112971
[iommuret] hit #1130: HalpIommuInitSystem returned EAX=0x00000000 (success/other) rsp=0xFFFFF8043A675438 exitCount=112972
[iommuret] hit #1131: HalpIommuInitSystem returned EAX=0x00000000 (success/other) rsp=0xFFFFF8043A675438 exitCount=112973
[iommuret] hit #1132: HalpIommuInitSystem returned EAX=0x00000000 (success/other) rsp=0xFFFFF8043A675438 exitCount=112974
[iommuret] hit #1133: HalpIommuInitSystem returned EAX=0x00000000 (success/other) rsp=0xFFFFF8043A675438 exitCount=112975
[iommuret] hit #1134: HalpIommuInitSystem returned EAX=0x00000000 (success/other) rsp=0xFFFFF8043A675438 exitCount=112976
[iommuret] hit #1135: HalpIommuInitSystem returned EAX=0x00000000 (success/other) rsp=0xFFFFF8043A675438 exitCount=112977
[iommuret] hit #1136: HalpIommuInitSystem returned EAX=0x00000000 (success/other) rsp=0xFFFFF8043A675438 exitCount=112978
[iommuret] hit #1137: HalpIommuInitSystem returned EAX=0x00000000 (success/other) rsp=0xFFFFF8043A675438 exitCount=112979
[iommuret] hit #1138: HalpIommuInitSystem returned EAX=0x00000000 (success/other) rsp=0xFFFFF8043A675438 exitCount=112980
[iommuret] hit #1139: HalpIommuInitSystem returned EAX=0x00000000 (success/other) rsp=0xFFFFF8043A675438 exitCount=112981
[iommuret] hit #1140: HalpIommuInitSystem returned EAX=0x00000000 (success/other) rsp=0xFFFFF8043A675438 exitCount=112982
[iommuret] hit #1141: HalpIommuInitSystem returned EAX=0x00000000 (success/other) rsp=0xFFFFF8043A675438 exitCount=112983
[iommuret] hit #1142: HalpIommuInitSystem returned EAX=0x00000000 (success/other) rsp=0xFFFFF8043A675438 exitCount=112984
[iommuret] hit #1143: HalpIommuInitSystem returned EAX=0x00000000 (success/other) rsp=0xFFFFF8043A675438 exitCount=112985
[iommuret] hit #1144: HalpIommuInitSystem returned EAX=0x00000000 (success/other) rsp=0xFFFFF8043A675438 exitCount=112986
[iommuret] hit #1145: HalpIommuInitSystem returned EAX=0x00000000 (success/other) rsp=0xFFFFF8043A675438 exitCount=112987
[iommuret] hit #1146: HalpIommuInitSystem returned EAX=0x00000000 (success/other) rsp=0xFFFFF8043A675438 exitCount=112988
[iommuret] hit #1147: HalpIommuInitSystem returned EAX=0x00000000 (success/other) rsp=0xFFFFF8043A675438 exitCount=112989
[iommuret] hit #1148: HalpIommuInitSystem returned EAX=0x00000000 (success/other) rsp=0xFFFFF8043A675438 exitCount=112990
[iommuret] hit #1149: HalpIommuInitSystem returned EAX=0x00000000 (success/other) rsp=0xFFFFF8043A675438 exitCount=112991
[iommuret] hit #1150: HalpIommuInitSystem returned EAX=0x00000000 (success/other) rsp=0xFFFFF8043A675438 exitCount=112992
[iommuret] hit #1151: HalpIommuInitSystem returned EAX=0x00000000 (success/other) rsp=0xFFFFF8043A675438 exitCount=112993
[iommuret] hit #1152: HalpIommuInitSystem returned EAX=0x00000000 (success/other) rsp=0xFFFFF8043A675438 exitCount=112994
[iommuret] hit #1153: HalpIommuInitSystem returned EAX=0x00000000 (success/other) rsp=0xFFFFF8043A675438 exitCount=112995
[iommuret] hit #1154: HalpIommuInitSystem returned EAX=0x00000000 (success/other) rsp=0xFFFFF8043A675438 exitCount=112996
[iommuret] hit #1155: HalpIommuInitSystem returned EAX=0x00000000 (success/other) rsp=0xFFFFF8043A675438 exitCount=112997
[iommuret] hit #1156: HalpIommuInitSystem returned EAX=0x00000000 (success/other) rsp=0xFFFFF8043A675438 exitCount=112998
[iommuret] hit #1157: HalpIommuInitSystem returned EAX=0x00000000 (success/other) rsp=0xFFFFF8043A675438 exitCount=112999
[iommuret] hit #1158: HalpIommuInitSystem returned EAX=0x00000000 (success/other) rsp=0xFFFFF8043A675438 exitCount=113000
[iommuret] hit #1159: HalpIommuInitSystem returned EAX=0x00000000 (success/other) rsp=0xFFFFF8043A675438 exitCount=113001
[iommuret] hit #1160: HalpIommuInitSystem returned EAX=0x00000000 (success/other) rsp=0xFFFFF8043A675438 exitCount=113002
[iommuret] hit #1161: HalpIommuInitSystem returned EAX=0x00000000 (success/other) rsp=0xFFFFF8043A675438 exitCount=113003
[iommuret] hit #1162: HalpIommuInitSystem returned EAX=0x00000000 (success/other) rsp=0xFFFFF8043A675438 exitCount=113004
[iommuret] hit #1163: HalpIommuInitSystem returned EAX=0x00000000 (success/other) rsp=0xFFFFF8043A675438 exitCount=113005
[iommuret] hit #1164: HalpIommuInitSystem returned EAX=0x00000000 (success/other) rsp=0xFFFFF8043A675438 exitCount=113006
[iommuret] hit #1165: HalpIommuInitSystem returned EAX=0x00000000 (success/other) rsp=0xFFFFF8043A675438 exitCount=113007
[iommuret] hit #1166: HalpIommuInitSystem returned EAX=0x00000000 (success/other) rsp=0xFFFFF8043A675438 exitCount=113008
[iommuret] hit #1167: HalpIommuInitSystem returned EAX=0x00000000 (success/other) rsp=0xFFFFF8043A675438 exitCount=113009
[iommuret] hit #1168: HalpIommuInitSystem returned EAX=0x00000000 (success/other) rsp=0xFFFFF8043A675438 exitCount=113010
[iommuret] hit #1169: HalpIommuInitSystem returned EAX=0x00000000 (success/other) rsp=0xFFFFF8043A675438 exitCount=113011
[iommuret] hit #1170: HalpIommuInitSystem returned EAX=0x00000000 (success/other) rsp=0xFFFFF8043A675438 exitCount=113012
[iommuret] hit #1171: HalpIommuInitSystem returned EAX=0x00000000 (success/other) rsp=0xFFFFF8043A675438 exitCount=113013
[iommuret] hit #1172: HalpIommuInitSystem returned EAX=0x00000000 (success/other) rsp=0xFFFFF8043A675438 exitCount=113014
[iommuret] hit #1173: HalpIommuInitSystem returned EAX=0x00000000 (success/other) rsp=0xFFFFF8043A675438 exitCount=113015
[iommuret] hit #1174: HalpIommuInitSystem returned EAX=0x00000000 (success/other) rsp=0xFFFFF8043A675438 exitCount=113016
[iommuret] hit #1175: HalpIommuInitSystem returned EAX=0x00000000 (success/other) rsp=0xFFFFF8043A675438 exitCount=113017
[iommuret] hit #1176: HalpIommuInitSystem returned EAX=0x00000000 (success/other) rsp=0xFFFFF8043A675438 exitCount=113018
[iommuret] hit #1177: HalpIommuInitSystem returned EAX=0x00000000 (success/other) rsp=0xFFFFF8043A675438 exitCount=113019
[iommuret] hit #1178: HalpIommuInitSystem returned EAX=0x00000000 (success/other) rsp=0xFFFFF8043A675438 exitCount=113020
[iommuret] hit #1179: HalpIommuInitSystem returned EAX=0x00000000 (success/other) rsp=0xFFFFF8043A675438 exitCount=113021
[iommuret] hit #1180: HalpIommuInitSystem returned EAX=0x00000000 (success/other) rsp=0xFFFFF8043A675438 exitCount=113022
[iommuret] hit #1181: HalpIommuInitSystem returned EAX=0x00000000 (success/other) rsp=0xFFFFF8043A675438 exitCount=113023
[iommuret] hit #1182: HalpIommuInitSystem returned EAX=0x00000000 (success/other) rsp=0xFFFFF8043A675438 exitCount=113024
[iommuret] hit #1183: HalpIommuInitSystem returned EAX=0x00000000 (success/other) rsp=0xFFFFF8043A675438 exitCount=113025
[iommuret] hit #1184: HalpIommuInitSystem returned EAX=0x00000000 (success/other) rsp=0xFFFFF8043A675438 exitCount=113026
[iommuret] hit #1185: HalpIommuInitSystem returned EAX=0x00000000 (success/other) rsp=0xFFFFF8043A675438 exitCount=113027
[iommuret] hit #1186: HalpIommuInitSystem returned EAX=0x00000000 (success/other) rsp=0xFFFFF8043A675438 exitCount=113028
[iommuret] hit #1187: HalpIommuInitSystem returned EAX=0x00000000 (success/other) rsp=0xFFFFF8043A675438 exitCount=113029
[iommuret] hit #1188: HalpIommuInitSystem returned EAX=0x00000000 (success/other) rsp=0xFFFFF8043A675438 exitCount=113030
[iommuret] hit #1189: HalpIommuInitSystem returned EAX=0x00000000 (success/other) rsp=0xFFFFF8043A675438 exitCount=113031
[iommuret] hit #1190: HalpIommuInitSystem returned EAX=0x00000000 (success/other) rsp=0xFFFFF8043A675438 exitCount=113032
[iommuret] hit #1191: HalpIommuInitSystem returned EAX=0x00000000 (success/other) rsp=0xFFFFF8043A675438 exitCount=113033
[iommuret] hit #1192: HalpIommuInitSystem returned EAX=0x00000000 (success/other) rsp=0xFFFFF8043A675438 exitCount=113034
[iommuret] hit #1193: HalpIommuInitSystem returned EAX=0x00000000 (success/other) rsp=0xFFFFF8043A675438 exitCount=113035
[iommuret] hit #1194: HalpIommuInitSystem returned EAX=0x00000000 (success/other) rsp=0xFFFFF8043A675438 exitCount=113036
[iommuret] hit #1195: HalpIommuInitSystem returned EAX=0x00000000 (success/other) rsp=0xFFFFF8043A675438 exitCount=113037
[iommuret] hit #1196: HalpIommuInitSystem returned EAX=0x00000000 (success/other) rsp=0xFFFFF8043A675438 exitCount=113038
[iommuret] hit #1197: HalpIommuInitSystem returned EAX=0x00000000 (success/other) rsp=0xFFFFF8043A675438 exitCount=113039
[iommuret] hit #1198: HalpIommuInitSystem returned EAX=0x00000000 (success/other) rsp=0xFFFFF8043A675438 exitCount=113040
[iommuret] hit #1199: HalpIommuInitSystem returned EAX=0x00000000 (success/other) rsp=0xFFFFF8043A675438 exitCount=113041
[iommuret] hit #1200: HalpIommuInitSystem returned EAX=0x00000000 (success/other) rsp=0xFFFFF8043A675438 exitCount=113042
[iommuret] hit #1201: HalpIommuInitSystem returned EAX=0x00000000 (success/other) rsp=0xFFFFF8043A675438 exitCount=113043
[iommuret] hit #1202: HalpIommuInitSystem returned EAX=0x00000000 (success/other) rsp=0xFFFFF8043A675438 exitCount=113044
[iommuret] hit #1203: HalpIommuInitSystem returned EAX=0x00000000 (success/other) rsp=0xFFFFF8043A675438 exitCount=113045
[iommuret] hit #1204: HalpIommuInitSystem returned EAX=0x00000000 (success/other) rsp=0xFFFFF8043A675438 exitCount=113046
[iommuret] hit #1205: HalpIommuInitSystem returned EAX=0x00000000 (success/other) rsp=0xFFFFF8043A675438 exitCount=113047
[iommuret] hit #1206: HalpIommuInitSystem returned EAX=0x00000000 (success/other) rsp=0xFFFFF8043A675438 exitCount=113048
[iommuret] hit #1207: HalpIommuInitSystem returned EAX=0x00000000 (success/other) rsp=0xFFFFF8043A675438 exitCount=113049
[iommuret] hit #1208: HalpIommuInitSystem returned EAX=0x00000000 (success/other) rsp=0xFFFFF8043A675438 exitCount=113050
[iommuret] hit #1209: HalpIommuInitSystem returned EAX=0x00000000 (success/other) rsp=0xFFFFF8043A675438 exitCount=113051
[iommuret] hit #1210: HalpIommuInitSystem returned EAX=0x00000000 (success/other) rsp=0xFFFFF8043A675438 exitCount=113052
[iommuret] hit #1211: HalpIommuInitSystem returned EAX=0x00000000 (success/other) rsp=0xFFFFF8043A675438 exitCount=113053
[iommuret] hit #1212: HalpIommuInitSystem returned EAX=0x00000000 (success/other) rsp=0xFFFFF8043A675438 exitCount=113054
[iommuret] hit #1213: HalpIommuInitSystem returned EAX=0x00000000 (success/other) rsp=0xFFFFF8043A675438 exitCount=113055
[iommuret] hit #1214: HalpIommuInitSystem returned EAX=0x00000000 (success/other) rsp=0xFFFFF8043A675438 exitCount=113056
[iommuret] hit #1215: HalpIommuInitSystem returned EAX=0x00000000 (success/other) rsp=0xFFFFF8043A675438 exitCount=113057
[iommuret] hit #1216: HalpIommuInitSystem returned EAX=0x00000000 (success/other) rsp=0xFFFFF8043A675438 exitCount=113058
[iommuret] hit #1217: HalpIommuInitSystem returned EAX=0x00000000 (success/other) rsp=0xFFFFF8043A675438 exitCount=113059
[iommuret] hit #1218: HalpIommuInitSystem returned EAX=0x00000000 (success/other) rsp=0xFFFFF8043A675438 exitCount=113060
[iommuret] hit #1219: HalpIommuInitSystem returned EAX=0x00000000 (success/other) rsp=0xFFFFF8043A675438 exitCount=113061
[iommuret] hit #1220: HalpIommuInitSystem returned EAX=0x00000000 (success/other) rsp=0xFFFFF8043A675438 exitCount=113062
[iommuret] hit #1221: HalpIommuInitSystem returned EAX=0x00000000 (success/other) rsp=0xFFFFF8043A675438 exitCount=113063
[iommuret] hit #1222: HalpIommuInitSystem returned EAX=0x00000000 (success/other) rsp=0xFFFFF8043A675438 exitCount=113064
[iommuret] hit #1223: HalpIommuInitSystem returned EAX=0x00000000 (success/other) rsp=0xFFFFF8043A675438 exitCount=113065
[iommuret] hit #1224: HalpIommuInitSystem returned EAX=0x00000000 (success/other) rsp=0xFFFFF8043A675438 exitCount=113066
[iommuret] hit #1225: HalpIommuInitSystem returned EAX=0x00000000 (success/other) rsp=0xFFFFF8043A675438 exitCount=113067
[iommuret] hit #1226: HalpIommuInitSystem returned EAX=0x00000000 (success/other) rsp=0xFFFFF8043A675438 exitCount=113068
[iommuret] hit #1227: HalpIommuInitSystem returned EAX=0x00000000 (success/other) rsp=0xFFFFF8043A675438 exitCount=113069
[iommuret] hit #1228: HalpIommuInitSystem returned EAX=0x00000000 (success/other) rsp=0xFFFFF8043A675438 exitCount=113070
[iommuret] hit #1229: HalpIommuInitSystem returned EAX=0x00000000 (success/other) rsp=0xFFFFF8043A675438 exitCount=113071
[iommuret] hit #1230: HalpIommuInitSystem returned EAX=0x00000000 (success/other) rsp=0xFFFFF8043A675438 exitCount=113072
[iommuret] hit #1231: HalpIommuInitSystem returned EAX=0x00000000 (success/other) rsp=0xFFFFF8043A675438 exitCount=113073
[iommuret] hit #1232: HalpIommuInitSystem returned EAX=0x00000000 (success/other) rsp=0xFFFFF8043A675438 exitCount=113074
[iommuret] hit #1233: HalpIommuInitSystem returned EAX=0x00000000 (success/other) rsp=0xFFFFF8043A675438 exitCount=113075
[iommuret] hit #1234: HalpIommuInitSystem returned EAX=0x00000000 (success/other) rsp=0xFFFFF8043A675438 exitCount=113076
[iommuret] hit #1235: HalpIommuInitSystem returned EAX=0x00000000 (success/other) rsp=0xFFFFF8043A675438 exitCount=113077
[iommuret] hit #1236: HalpIommuInitSystem returned EAX=0x00000000 (success/other) rsp=0xFFFFF8043A675438 exitCount=113078
[iommuret] hit #1237: HalpIommuInitSystem returned EAX=0x00000000 (success/other) rsp=0xFFFFF8043A675438 exitCount=113079
[iommuret] hit #1238: HalpIommuInitSystem returned EAX=0x00000000 (success/other) rsp=0xFFFFF8043A675438 exitCount=113080
[iommuret] hit #1239: HalpIommuInitSystem returned EAX=0x00000000 (success/other) rsp=0xFFFFF8043A675438 exitCount=113081
[iommuret] hit #1240: HalpIommuInitSystem returned EAX=0x00000000 (success/other) rsp=0xFFFFF8043A675438 exitCount=113082
[iommuret] hit #1241: HalpIommuInitSystem returned EAX=0x00000000 (success/other) rsp=0xFFFFF8043A675438 exitCount=113083
[iommuret] hit #1242: HalpIommuInitSystem returned EAX=0x00000000 (success/other) rsp=0xFFFFF8043A675438 exitCount=113084
[iommuret] hit #1243: HalpIommuInitSystem returned EAX=0x00000000 (success/other) rsp=0xFFFFF8043A675438 exitCount=113085
[iommuret] hit #1244: HalpIommuInitSystem returned EAX=0x00000000 (success/other) rsp=0xFFFFF8043A675438 exitCount=113086
[iommuret] hit #1245: HalpIommuInitSystem returned EAX=0x00000000 (success/other) rsp=0xFFFFF8043A675438 exitCount=113087
[iommuret] hit #1246: HalpIommuInitSystem returned EAX=0x00000000 (success/other) rsp=0xFFFFF8043A675438 exitCount=113088
[iommuret] hit #1247: HalpIommuInitSystem returned EAX=0x00000000 (success/other) rsp=0xFFFFF8043A675438 exitCount=113089
[iommuret] hit #1248: HalpIommuInitSystem returned EAX=0x00000000 (success/other) rsp=0xFFFFF8043A675438 exitCount=113090
[iommuret] hit #1249: HalpIommuInitSystem returned EAX=0x00000000 (success/other) rsp=0xFFFFF8043A675438 exitCount=113091
[iommuret] hit #1250: HalpIommuInitSystem returned EAX=0x00000000 (success/other) rsp=0xFFFFF8043A675438 exitCount=113092
[iommuret] hit #1251: HalpIommuInitSystem returned EAX=0x00000000 (success/other) rsp=0xFFFFF8043A675438 exitCount=113093
[iommuret] hit #1252: HalpIommuInitSystem returned EAX=0x00000000 (success/other) rsp=0xFFFFF8043A675438 exitCount=113094
[iommuret] hit #1253: HalpIommuInitSystem returned EAX=0x00000000 (success/other) rsp=0xFFFFF8043A675438 exitCount=113095
[iommuret] hit #1254: HalpIommuInitSystem returned EAX=0x00000000 (success/other) rsp=0xFFFFF8043A675438 exitCount=113096
[iommuret] hit #1255: HalpIommuInitSystem returned EAX=0x00000000 (success/other) rsp=0xFFFFF8043A675438 exitCount=113097
[iommuret] hit #1256: HalpIommuInitSystem returned EAX=0x00000000 (success/other) rsp=0xFFFFF8043A675438 exitCount=113098
[iommuret] hit #1257: HalpIommuInitSystem returned EAX=0x00000000 (success/other) rsp=0xFFFFF8043A675438 exitCount=113099
[iommuret] hit #1258: HalpIommuInitSystem returned EAX=0x00000000 (success/other) rsp=0xFFFFF8043A675438 exitCount=113100
[iommuret] hit #1259: HalpIommuInitSystem returned EAX=0x00000000 (success/other) rsp=0xFFFFF8043A675438 exitCount=113101
[iommuret] hit #1260: HalpIommuInitSystem returned EAX=0x00000000 (success/other) rsp=0xFFFFF8043A675438 exitCount=113102
[iommuret] hit #1261: HalpIommuInitSystem returned EAX=0x00000000 (success/other) rsp=0xFFFFF8043A675438 exitCount=113103
[iommuret] hit #1262: HalpIommuInitSystem returned EAX=0x00000000 (success/other) rsp=0xFFFFF8043A675438 exitCount=113104
[iommuret] hit #1263: HalpIommuInitSystem returned EAX=0x00000000 (success/other) rsp=0xFFFFF8043A675438 exitCount=113105
[iommuret] hit #1264: HalpIommuInitSystem returned EAX=0x00000000 (success/other) rsp=0xFFFFF8043A675438 exitCount=113106
[iommuret] hit #1265: HalpIommuInitSystem returned EAX=0x00000000 (success/other) rsp=0xFFFFF8043A675438 exitCount=113107
[iommuret] hit #1266: HalpIommuInitSystem returned EAX=0x00000000 (success/other) rsp=0xFFFFF8043A675438 exitCount=113108
[iommuret] hit #1267: HalpIommuInitSystem returned EAX=0x00000000 (success/other) rsp=0xFFFFF8043A675438 exitCount=113109
[iommuret] hit #1268: HalpIommuInitSystem returned EAX=0x00000000 (success/other) rsp=0xFFFFF8043A675438 exitCount=113110
[iommuret] hit #1269: HalpIommuInitSystem returned EAX=0x00000000 (success/other) rsp=0xFFFFF8043A675438 exitCount=113111
[iommuret] hit #1270: HalpIommuInitSystem returned EAX=0x00000000 (success/other) rsp=0xFFFFF8043A675438 exitCount=113112
[iommuret] hit #1271: HalpIommuInitSystem returned EAX=0x00000000 (success/other) rsp=0xFFFFF8043A675438 exitCount=113113
[iommuret] hit #1272: HalpIommuInitSystem returned EAX=0x00000000 (success/other) rsp=0xFFFFF8043A675438 exitCount=113114
[iommuret] hit #1273: HalpIommuInitSystem returned EAX=0x00000000 (success/other) rsp=0xFFFFF8043A675438 exitCount=113115
[iommuret] hit #1274: HalpIommuInitSystem returned EAX=0x00000000 (success/other) rsp=0xFFFFF8043A675438 exitCount=113116
[iommuret] hit #1275: HalpIommuInitSystem returned EAX=0x00000000 (success/other) rsp=0xFFFFF8043A675438 exitCount=113117
[iommuret] hit #1276: HalpIommuInitSystem returned EAX=0x00000000 (success/other) rsp=0xFFFFF8043A675438 exitCount=113118
[iommuret] hit #1277: HalpIommuInitSystem returned EAX=0x00000000 (success/other) rsp=0xFFFFF8043A675438 exitCount=113119
[iommuret] hit #1278: HalpIommuInitSystem returned EAX=0x00000000 (success/other) rsp=0xFFFFF8043A675438 exitCount=113120
[iommuret] hit #1279: HalpIommuInitSystem returned EAX=0x00000000 (success/other) rsp=0xFFFFF8043A675438 exitCount=113121
[iommuret] hit #1280: HalpIommuInitSystem returned EAX=0x00000000 (success/other) rsp=0xFFFFF8043A675438 exitCount=113122
[iommuret] hit #1281: HalpIommuInitSystem returned EAX=0x00000000 (success/other) rsp=0xFFFFF8043A675438 exitCount=113123
[iommuret] hit #1282: HalpIommuInitSystem returned EAX=0x00000000 (success/other) rsp=0xFFFFF8043A675438 exitCount=113124
[iommuret] hit #1283: HalpIommuInitSystem returned EAX=0x00000000 (success/other) rsp=0xFFFFF8043A675438 exitCount=113125
[iommuret] hit #1284: HalpIommuInitSystem returned EAX=0x00000000 (success/other) rsp=0xFFFFF8043A675438 exitCount=113126
[iommuret] hit #1285: HalpIommuInitSystem returned EAX=0x00000000 (success/other) rsp=0xFFFFF8043A675438 exitCount=113127
[iommuret] hit #1286: HalpIommuInitSystem returned EAX=0x00000000 (success/other) rsp=0xFFFFF8043A675438 exitCount=113128
[iommuret] hit #1287: HalpIommuInitSystem returned EAX=0x00000000 (success/other) rsp=0xFFFFF8043A675438 exitCount=113129
[iommuret] hit #1288: HalpIommuInitSystem returned EAX=0x00000000 (success/other) rsp=0xFFFFF8043A675438 exitCount=113130
[iommuret] hit #1289: HalpIommuInitSystem returned EAX=0x00000000 (success/other) rsp=0xFFFFF8043A675438 exitCount=113131
[iommuret] hit #1290: HalpIommuInitSystem returned EAX=0x00000000 (success/other) rsp=0xFFFFF8043A675438 exitCount=113132
[iommuret] hit #1291: HalpIommuInitSystem returned EAX=0x00000000 (success/other) rsp=0xFFFFF8043A675438 exitCount=113133
[iommuret] hit #1292: HalpIommuInitSystem returned EAX=0x00000000 (success/other) rsp=0xFFFFF8043A675438 exitCount=113134
[iommuret] hit #1293: HalpIommuInitSystem returned EAX=0x00000000 (success/other) rsp=0xFFFFF8043A675438 exitCount=113135
[iommuret] hit #1294: HalpIommuInitSystem returned EAX=0x00000000 (success/other) rsp=0xFFFFF8043A675438 exitCount=113136
[iommuret] hit #1295: HalpIommuInitSystem returned EAX=0x00000000 (success/other) rsp=0xFFFFF8043A675438 exitCount=113137
[iommuret] hit #1296: HalpIommuInitSystem returned EAX=0x00000000 (success/other) rsp=0xFFFFF8043A675438 exitCount=113138
[iommuret] hit #1297: HalpIommuInitSystem returned EAX=0x00000000 (success/other) rsp=0xFFFFF8043A675438 exitCount=113139
[iommuret] hit #1298: HalpIommuInitSystem returned EAX=0x00000000 (success/other) rsp=0xFFFFF8043A675438 exitCount=113140
[iommuret] hit #1299: HalpIommuInitSystem returned EAX=0x00000000 (success/other) rsp=0xFFFFF8043A675438 exitCount=113141
[iommuret] hit #1300: HalpIommuInitSystem returned EAX=0x00000000 (success/other) rsp=0xFFFFF8043A675438 exitCount=113142
[iommuret] hit #1301: HalpIommuInitSystem returned EAX=0x00000000 (success/other) rsp=0xFFFFF8043A675438 exitCount=113143
[iommuret] hit #1302: HalpIommuInitSystem returned EAX=0x00000000 (success/other) rsp=0xFFFFF8043A675438 exitCount=113144
[iommuret] hit #1303: HalpIommuInitSystem returned EAX=0x00000000 (success/other) rsp=0xFFFFF8043A675438 exitCount=113145
[iommuret] hit #1304: HalpIommuInitSystem returned EAX=0x00000000 (success/other) rsp=0xFFFFF8043A675438 exitCount=113146
[iommuret] hit #1305: HalpIommuInitSystem returned EAX=0x00000000 (success/other) rsp=0xFFFFF8043A675438 exitCount=113147
[iommuret] hit #1306: HalpIommuInitSystem returned EAX=0x00000000 (success/other) rsp=0xFFFFF8043A675438 exitCount=113148
[iommuret] hit #1307: HalpIommuInitSystem returned EAX=0x00000000 (success/other) rsp=0xFFFFF8043A675438 exitCount=113149
[iommuret] hit #1308: HalpIommuInitSystem returned EAX=0x00000000 (success/other) rsp=0xFFFFF8043A675438 exitCount=113150
[iommuret] hit #1309: HalpIommuInitSystem returned EAX=0x00000000 (success/other) rsp=0xFFFFF8043A675438 exitCount=113151
[iommuret] hit #1310: HalpIommuInitSystem returned EAX=0x00000000 (success/other) rsp=0xFFFFF8043A675438 exitCount=113152
[iommuret] hit #1311: HalpIommuInitSystem returned EAX=0x00000000 (success/other) rsp=0xFFFFF8043A675438 exitCount=113153
[iommuret] hit #1312: HalpIommuInitSystem returned EAX=0x00000000 (success/other) rsp=0xFFFFF8043A675438 exitCount=113154
[iommuret] hit #1313: HalpIommuInitSystem returned EAX=0x00000000 (success/other) rsp=0xFFFFF8043A675438 exitCount=113155
[iommuret] hit #1314: HalpIommuInitSystem returned EAX=0x00000000 (success/other) rsp=0xFFFFF8043A675438 exitCount=113156
[iommuret] hit #1315: HalpIommuInitSystem returned EAX=0x00000000 (success/other) rsp=0xFFFFF8043A675438 exitCount=113157
[iommuret] hit #1316: HalpIommuInitSystem returned EAX=0x00000000 (success/other) rsp=0xFFFFF8043A675438 exitCount=113158
[iommuret] hit #1317: HalpIommuInitSystem returned EAX=0x00000000 (success/other) rsp=0xFFFFF8043A675438 exitCount=113159
[iommuret] hit #1318: HalpIommuInitSystem returned EAX=0x00000000 (success/other) rsp=0xFFFFF8043A675438 exitCount=113160
[iommuret] hit #1319: HalpIommuInitSystem returned EAX=0x00000000 (success/other) rsp=0xFFFFF8043A675438 exitCount=113161
[iommuret] hit #1320: HalpIommuInitSystem returned EAX=0x00000000 (success/other) rsp=0xFFFFF8043A675438 exitCount=113162
[iommuret] hit #1321: HalpIommuInitSystem returned EAX=0x00000000 (success/other) rsp=0xFFFFF8043A675438 exitCount=113163
[iommuret] hit #1322: HalpIommuInitSystem returned EAX=0x00000000 (success/other) rsp=0xFFFFF8043A675438 exitCount=113164
[iommuret] hit #1323: HalpIommuInitSystem returned EAX=0x00000000 (success/other) rsp=0xFFFFF8043A675438 exitCount=113165
[iommuret] hit #1324: HalpIommuInitSystem returned EAX=0x00000000 (success/other) rsp=0xFFFFF8043A675438 exitCount=113166
[iommuret] hit #1325: HalpIommuInitSystem returned EAX=0x00000000 (success/other) rsp=0xFFFFF8043A675438 exitCount=113167
[iommuret] hit #1326: HalpIommuInitSystem returned EAX=0x00000000 (success/other) rsp=0xFFFFF8043A675438 exitCount=113168
[iommuret] hit #1327: HalpIommuInitSystem returned EAX=0x00000000 (success/other) rsp=0xFFFFF8043A675438 exitCount=113169
[iommuret] hit #1328: HalpIommuInitSystem returned EAX=0x00000000 (success/other) rsp=0xFFFFF8043A675438 exitCount=113170
[iommuret] hit #1329: HalpIommuInitSystem returned EAX=0x00000000 (success/other) rsp=0xFFFFF8043A675438 exitCount=113171
[iommuret] hit #1330: HalpIommuInitSystem returned EAX=0x00000000 (success/other) rsp=0xFFFFF8043A675438 exitCount=113172
[iommuret] hit #1331: HalpIommuInitSystem returned EAX=0x00000000 (success/other) rsp=0xFFFFF8043A675438 exitCount=113173
[iommuret] hit #1332: HalpIommuInitSystem returned EAX=0x00000000 (success/other) rsp=0xFFFFF8043A675438 exitCount=113174
[iommuret] hit #1333: HalpIommuInitSystem returned EAX=0x00000000 (success/other) rsp=0xFFFFF8043A675438 exitCount=113175
[iommuret] hit #1334: HalpIommuInitSystem returned EAX=0x00000000 (success/other) rsp=0xFFFFF8043A675438 exitCount=113176
[iommuret] hit #1335: HalpIommuInitSystem returned EAX=0x00000000 (success/other) rsp=0xFFFFF8043A675438 exitCount=113177
[iommuret] hit #1336: HalpIommuInitSystem returned EAX=0x00000000 (success/other) rsp=0xFFFFF8043A675438 exitCount=113178
[iommuret] hit #1337: HalpIommuInitSystem returned EAX=0x00000000 (success/other) rsp=0xFFFFF8043A675438 exitCount=113179
[iommuret] hit #1338: HalpIommuInitSystem returned EAX=0x00000000 (success/other) rsp=0xFFFFF8043A675438 exitCount=113180
[iommuret] hit #1339: HalpIommuInitSystem returned EAX=0x00000000 (success/other) rsp=0xFFFFF8043A675438 exitCount=113181
[iommuret] hit #1340: HalpIommuInitSystem returned EAX=0x00000000 (success/other) rsp=0xFFFFF8043A675438 exitCount=113182
[iommuret] hit #1341: HalpIommuInitSystem returned EAX=0x00000000 (success/other) rsp=0xFFFFF8043A675438 exitCount=113183
[iommuret] hit #1342: HalpIommuInitSystem returned EAX=0x00000000 (success/other) rsp=0xFFFFF8043A675438 exitCount=113184
[iommuret] hit #1343: HalpIommuInitSystem returned EAX=0x00000000 (success/other) rsp=0xFFFFF8043A675438 exitCount=113185
[iommuret] hit #1344: HalpIommuInitSystem returned EAX=0x00000000 (success/other) rsp=0xFFFFF8043A675438 exitCount=113186
[iommuret] hit #1345: HalpIommuInitSystem returned EAX=0x00000000 (success/other) rsp=0xFFFFF8043A675438 exitCount=113187
[iommuret] hit #1346: HalpIommuInitSystem returned EAX=0x00000000 (success/other) rsp=0xFFFFF8043A675438 exitCount=113188
[iommuret] hit #1347: HalpIommuInitSystem returned EAX=0x00000000 (success/other) rsp=0xFFFFF8043A675438 exitCount=113189
[iommuret] hit #1348: HalpIommuInitSystem returned EAX=0x00000000 (success/other) rsp=0xFFFFF8043A675438 exitCount=113190
[iommuret] hit #1349: HalpIommuInitSystem returned EAX=0x00000000 (success/other) rsp=0xFFFFF8043A675438 exitCount=113191
[iommuret] hit #1350: HalpIommuInitSystem returned EAX=0x00000000 (success/other) rsp=0xFFFFF8043A675438 exitCount=113192
[iommuret] hit #1351: HalpIommuInitSystem returned EAX=0x00000000 (success/other) rsp=0xFFFFF8043A675438 exitCount=113193
[iommuret] hit #1352: HalpIommuInitSystem returned EAX=0x00000000 (success/other) rsp=0xFFFFF8043A675438 exitCount=113194
[iommuret] hit #1353: HalpIommuInitSystem returned EAX=0x00000000 (success/other) rsp=0xFFFFF8043A675438 exitCount=113195
[iommuret] hit #1354: HalpIommuInitSystem returned EAX=0x00000000 (success/other) rsp=0xFFFFF8043A675438 exitCount=113196
[iommuret] hit #1355: HalpIommuInitSystem returned EAX=0x00000000 (success/other) rsp=0xFFFFF8043A675438 exitCount=113197
[iommuret] hit #1356: HalpIommuInitSystem returned EAX=0x00000000 (success/other) rsp=0xFFFFF8043A675438 exitCount=113198
[iommuret] hit #1357: HalpIommuInitSystem returned EAX=0x00000000 (success/other) rsp=0xFFFFF8043A675438 exitCount=113199
[iommuret] hit #1358: HalpIommuInitSystem returned EAX=0x00000000 (success/other) rsp=0xFFFFF8043A675438 exitCount=113200
[iommuret] hit #1359: HalpIommuInitSystem returned EAX=0x00000000 (success/other) rsp=0xFFFFF8043A675438 exitCount=113201
[iommuret] hit #1360: HalpIommuInitSystem returned EAX=0x00000000 (success/other) rsp=0xFFFFF8043A675438 exitCount=113202
[iommuret] hit #1361: HalpIommuInitSystem returned EAX=0x00000000 (success/other) rsp=0xFFFFF8043A675438 exitCount=113203
[iommuret] hit #1362: HalpIommuInitSystem returned EAX=0x00000000 (success/other) rsp=0xFFFFF8043A675438 exitCount=113204
[iommuret] hit #1363: HalpIommuInitSystem returned EAX=0x00000000 (success/other) rsp=0xFFFFF8043A675438 exitCount=113205
[iommuret] hit #1364: HalpIommuInitSystem returned EAX=0x00000000 (success/other) rsp=0xFFFFF8043A675438 exitCount=113206
[iommuret] hit #1365: HalpIommuInitSystem returned EAX=0x00000000 (success/other) rsp=0xFFFFF8043A675438 exitCount=113207
[iommuret] hit #1366: HalpIommuInitSystem returned EAX=0x00000000 (success/other) rsp=0xFFFFF8043A675438 exitCount=113208
[iommuret] hit #1367: HalpIommuInitSystem returned EAX=0x00000000 (success/other) rsp=0xFFFFF8043A675438 exitCount=113209
[iommuret] hit #1368: HalpIommuInitSystem returned EAX=0x00000000 (success/other) rsp=0xFFFFF8043A675438 exitCount=113210
[iommuret] hit #1369: HalpIommuInitSystem returned EAX=0x00000000 (success/other) rsp=0xFFFFF8043A675438 exitCount=113211
[iommuret] hit #1370: HalpIommuInitSystem returned EAX=0x00000000 (success/other) rsp=0xFFFFF8043A675438 exitCount=113212
[iommuret] hit #1371: HalpIommuInitSystem returned EAX=0x00000000 (success/other) rsp=0xFFFFF8043A675438 exitCount=113213
[iommuret] hit #1372: HalpIommuInitSystem returned EAX=0x00000000 (success/other) rsp=0xFFFFF8043A675438 exitCount=113214
[iommuret] hit #1373: HalpIommuInitSystem returned EAX=0x00000000 (success/other) rsp=0xFFFFF8043A675438 exitCount=113215
[iommuret] hit #1374: HalpIommuInitSystem returned EAX=0x00000000 (success/other) rsp=0xFFFFF8043A675438 exitCount=113216
[iommuret] hit #1375: HalpIommuInitSystem returned EAX=0x00000000 (success/other) rsp=0xFFFFF8043A675438 exitCount=113217
[iommuret] hit #1376: HalpIommuInitSystem returned EAX=0x00000000 (success/other) rsp=0xFFFFF8043A675438 exitCount=113218
[iommuret] hit #1377: HalpIommuInitSystem returned EAX=0x00000000 (success/other) rsp=0xFFFFF8043A675438 exitCount=113219
[iommuret] hit #1378: HalpIommuInitSystem returned EAX=0x00000000 (success/other) rsp=0xFFFFF8043A675438 exitCount=113220
[iommuret] hit #1379: HalpIommuInitSystem returned EAX=0x00000000 (success/other) rsp=0xFFFFF8043A675438 exitCount=113221
[iommuret] hit #1380: HalpIommuInitSystem returned EAX=0x00000000 (success/other) rsp=0xFFFFF8043A675438 exitCount=113222
[iommuret] hit #1381: HalpIommuInitSystem returned EAX=0x00000000 (success/other) rsp=0xFFFFF8043A675438 exitCount=113223
[iommuret] hit #1382: HalpIommuInitSystem returned EAX=0x00000000 (success/other) rsp=0xFFFFF8043A675438 exitCount=113224
[iommuret] hit #1383: HalpIommuInitSystem returned EAX=0x00000000 (success/other) rsp=0xFFFFF8043A675438 exitCount=113225
[iommuret] hit #1384: HalpIommuInitSystem returned EAX=0x00000000 (success/other) rsp=0xFFFFF8043A675438 exitCount=113226
[iommuret] hit #1385: HalpIommuInitSystem returned EAX=0x00000000 (success/other) rsp=0xFFFFF8043A675438 exitCount=113227
[iommuret] hit #1386: HalpIommuInitSystem returned EAX=0x00000000 (success/other) rsp=0xFFFFF8043A675438 exitCount=113228
[iommuret] hit #1387: HalpIommuInitSystem returned EAX=0x00000000 (success/other) rsp=0xFFFFF8043A675438 exitCount=113229
[iommuret] hit #1388: HalpIommuInitSystem returned EAX=0x00000000 (success/other) rsp=0xFFFFF8043A675438 exitCount=113230
[iommuret] hit #1389: HalpIommuInitSystem returned EAX=0x00000000 (success/other) rsp=0xFFFFF8043A675438 exitCount=113231
[iommuret] hit #1390: HalpIommuInitSystem returned EAX=0x00000000 (success/other) rsp=0xFFFFF8043A675438 exitCount=113232
[iommuret] hit #1391: HalpIommuInitSystem returned EAX=0x00000000 (success/other) rsp=0xFFFFF8043A675438 exitCount=113233
[iommuret] hit #1392: HalpIommuInitSystem returned EAX=0x00000000 (success/other) rsp=0xFFFFF8043A675438 exitCount=113234
[iommuret] hit #1393: HalpIommuInitSystem returned EAX=0x00000000 (success/other) rsp=0xFFFFF8043A675438 exitCount=113235
[iommuret] hit #1394: HalpIommuInitSystem returned EAX=0x00000000 (success/other) rsp=0xFFFFF8043A675438 exitCount=113236
[iommuret] hit #1395: HalpIommuInitSystem returned EAX=0x00000000 (success/other) rsp=0xFFFFF8043A675438 exitCount=113237
[iommuret] hit #1396: HalpIommuInitSystem returned EAX=0x00000000 (success/other) rsp=0xFFFFF8043A675438 exitCount=113238
[iommuret] hit #1397: HalpIommuInitSystem returned EAX=0x00000000 (success/other) rsp=0xFFFFF8043A675438 exitCount=113239
[iommuret] hit #1398: HalpIommuInitSystem returned EAX=0x00000000 (success/other) rsp=0xFFFFF8043A675438 exitCount=113240
[iommuret] hit #1399: HalpIommuInitSystem returned EAX=0x00000000 (success/other) rsp=0xFFFFF8043A675438 exitCount=113241
[iommuret] hit #1400: HalpIommuInitSystem returned EAX=0x00000000 (success/other) rsp=0xFFFFF8043A675438 exitCount=113242
[iommuret] hit #1401: HalpIommuInitSystem returned EAX=0x00000000 (success/other) rsp=0xFFFFF8043A675438 exitCount=113243
[iommuret] hit #1402: HalpIommuInitSystem returned EAX=0x00000000 (success/other) rsp=0xFFFFF8043A675438 exitCount=113244
[iommuret] hit #1403: HalpIommuInitSystem returned EAX=0x00000000 (success/other) rsp=0xFFFFF8043A675438 exitCount=113245
[iommuret] hit #1404: HalpIommuInitSystem returned EAX=0x00000000 (success/other) rsp=0xFFFFF8043A675438 exitCount=113246
[iommuret] hit #1405: HalpIommuInitSystem returned EAX=0x00000000 (success/other) rsp=0xFFFFF8043A675438 exitCount=113247
[iommuret] hit #1406: HalpIommuInitSystem returned EAX=0x00000000 (success/other) rsp=0xFFFFF8043A675438 exitCount=113248
[iommuret] hit #1407: HalpIommuInitSystem returned EAX=0x00000000 (success/other) rsp=0xFFFFF8043A675438 exitCount=113249
[iommuret] hit #1408: HalpIommuInitSystem returned EAX=0x00000000 (success/other) rsp=0xFFFFF8043A675438 exitCount=113250
[iommuret] hit #1409: HalpIommuInitSystem returned EAX=0x00000000 (success/other) rsp=0xFFFFF8043A675438 exitCount=113251
[iommuret] hit #1410: HalpIommuInitSystem returned EAX=0x00000000 (success/other) rsp=0xFFFFF8043A675438 exitCount=113252
[iommuret] hit #1411: HalpIommuInitSystem returned EAX=0x00000000 (success/other) rsp=0xFFFFF8043A675438 exitCount=113253
[iommuret] hit #1412: HalpIommuInitSystem returned EAX=0x00000000 (success/other) rsp=0xFFFFF8043A675438 exitCount=113254
[iommuret] hit #1413: HalpIommuInitSystem returned EAX=0x00000000 (success/other) rsp=0xFFFFF8043A675438 exitCount=113255
[iommuret] hit #1414: HalpIommuInitSystem returned EAX=0x00000000 (success/other) rsp=0xFFFFF8043A675438 exitCount=113256
[iommuret] hit #1415: HalpIommuInitSystem returned EAX=0x00000000 (success/other) rsp=0xFFFFF8043A675438 exitCount=113257
[iommuret] hit #1416: HalpIommuInitSystem returned EAX=0x00000000 (success/other) rsp=0xFFFFF8043A675438 exitCount=113258
[iommuret] hit #1417: HalpIommuInitSystem returned EAX=0x00000000 (success/other) rsp=0xFFFFF8043A675438 exitCount=113259
[iommuret] hit #1418: HalpIommuInitSystem returned EAX=0x00000000 (success/other) rsp=0xFFFFF8043A675438 exitCount=113260
[iommuret] hit #1419: HalpIommuInitSystem returned EAX=0x00000000 (success/other) rsp=0xFFFFF8043A675438 exitCount=113261
[iommuret] hit #1420: HalpIommuInitSystem returned EAX=0x00000000 (success/other) rsp=0xFFFFF8043A675438 exitCount=113262
[iommuret] hit #1421: HalpIommuInitSystem returned EAX=0x00000000 (success/other) rsp=0xFFFFF8043A675438 exitCount=113263
[iommuret] hit #1422: HalpIommuInitSystem returned EAX=0x00000000 (success/other) rsp=0xFFFFF8043A675438 exitCount=113264
[iommuret] hit #1423: HalpIommuInitSystem returned EAX=0x00000000 (success/other) rsp=0xFFFFF8043A675438 exitCount=113265
[iommuret] hit #1424: HalpIommuInitSystem returned EAX=0x00000000 (success/other) rsp=0xFFFFF8043A675438 exitCount=113266
[iommuret] hit #1425: HalpIommuInitSystem returned EAX=0x00000000 (success/other) rsp=0xFFFFF8043A675438 exitCount=113267
[iommuret] hit #1426: HalpIommuInitSystem returned EAX=0x00000000 (success/other) rsp=0xFFFFF8043A675438 exitCount=113268
[iommuret] hit #1427: HalpIommuInitSystem returned EAX=0x00000000 (success/other) rsp=0xFFFFF8043A675438 exitCount=113269
[iommuret] hit #1428: HalpIommuInitSystem returned EAX=0x00000000 (success/other) rsp=0xFFFFF8043A675438 exitCount=113270
[iommuret] hit #1429: HalpIommuInitSystem returned EAX=0x00000000 (success/other) rsp=0xFFFFF8043A675438 exitCount=113271
[iommuret] hit #1430: HalpIommuInitSystem returned EAX=0x00000000 (success/other) rsp=0xFFFFF8043A675438 exitCount=113272
[iommuret] hit #1431: HalpIommuInitSystem returned EAX=0x00000000 (success/other) rsp=0xFFFFF8043A675438 exitCount=113273
[iommuret] hit #1432: HalpIommuInitSystem returned EAX=0x00000000 (success/other) rsp=0xFFFFF8043A675438 exitCount=113274
[iommuret] hit #1433: HalpIommuInitSystem returned EAX=0x00000000 (success/other) rsp=0xFFFFF8043A675438 exitCount=113275
[iommuret] hit #1434: HalpIommuInitSystem returned EAX=0x00000000 (success/other) rsp=0xFFFFF8043A675438 exitCount=113276
[iommuret] hit #1435: HalpIommuInitSystem returned EAX=0x00000000 (success/other) rsp=0xFFFFF8043A675438 exitCount=113277
[iommuret] hit #1436: HalpIommuInitSystem returned EAX=0x00000000 (success/other) rsp=0xFFFFF8043A675438 exitCount=113278
[iommuret] hit #1437: HalpIommuInitSystem returned EAX=0x00000000 (success/other) rsp=0xFFFFF8043A675438 exitCount=113279
[iommuret] hit #1438: HalpIommuInitSystem returned EAX=0x00000000 (success/other) rsp=0xFFFFF8043A675438 exitCount=113280
[iommuret] hit #1439: HalpIommuInitSystem returned EAX=0x00000000 (success/other) rsp=0xFFFFF8043A675438 exitCount=113281
[iommuret] hit #1440: HalpIommuInitSystem returned EAX=0x00000000 (success/other) rsp=0xFFFFF8043A675438 exitCount=113282
[iommuret] hit #1441: HalpIommuInitSystem returned EAX=0x00000000 (success/other) rsp=0xFFFFF8043A675438 exitCount=113283
[iommuret] hit #1442: HalpIommuInitSystem returned EAX=0x00000000 (success/other) rsp=0xFFFFF8043A675438 exitCount=113284
[iommuret] hit #1443: HalpIommuInitSystem returned EAX=0x00000000 (success/other) rsp=0xFFFFF8043A675438 exitCount=113285
[iommuret] hit #1444: HalpIommuInitSystem returned EAX=0x00000000 (success/other) rsp=0xFFFFF8043A675438 exitCount=113286
[iommuret] hit #1445: HalpIommuInitSystem returned EAX=0x00000000 (success/other) rsp=0xFFFFF8043A675438 exitCount=113287
[iommuret] hit #1446: HalpIommuInitSystem returned EAX=0x00000000 (success/other) rsp=0xFFFFF8043A675438 exitCount=113288
[iommuret] hit #1447: HalpIommuInitSystem returned EAX=0x00000000 (success/other) rsp=0xFFFFF8043A675438 exitCount=113289
[iommuret] hit #1448: HalpIommuInitSystem returned EAX=0x00000000 (success/other) rsp=0xFFFFF8043A675438 exitCount=113290
[iommuret] hit #1449: HalpIommuInitSystem returned EAX=0x00000000 (success/other) rsp=0xFFFFF8043A675438 exitCount=113291
[iommuret] hit #1450: HalpIommuInitSystem returned EAX=0x00000000 (success/other) rsp=0xFFFFF8043A675438 exitCount=113292
[iommuret] hit #1451: HalpIommuInitSystem returned EAX=0x00000000 (success/other) rsp=0xFFFFF8043A675438 exitCount=113293
[iommuret] hit #1452: HalpIommuInitSystem returned EAX=0x00000000 (success/other) rsp=0xFFFFF8043A675438 exitCount=113294
[iommuret] hit #1453: HalpIommuInitSystem returned EAX=0x00000000 (success/other) rsp=0xFFFFF8043A675438 exitCount=113295
[iommuret] hit #1454: HalpIommuInitSystem returned EAX=0x00000000 (success/other) rsp=0xFFFFF8043A675438 exitCount=113296
[iommuret] hit #1455: HalpIommuInitSystem returned EAX=0x00000000 (success/other) rsp=0xFFFFF8043A675438 exitCount=113297
[iommuret] hit #1456: HalpIommuInitSystem returned EAX=0x00000000 (success/other) rsp=0xFFFFF8043A675438 exitCount=113298
[iommuret] hit #1457: HalpIommuInitSystem returned EAX=0x00000000 (success/other) rsp=0xFFFFF8043A675438 exitCount=113299
[iommuret] hit #1458: HalpIommuInitSystem returned EAX=0x00000000 (success/other) rsp=0xFFFFF8043A675438 exitCount=113300
[iommuret] hit #1459: HalpIommuInitSystem returned EAX=0x00000000 (success/other) rsp=0xFFFFF8043A675438 exitCount=113301
[iommuret] hit #1460: HalpIommuInitSystem returned EAX=0x00000000 (success/other) rsp=0xFFFFF8043A675438 exitCount=113302
[iommuret] hit #1461: HalpIommuInitSystem returned EAX=0x00000000 (success/other) rsp=0xFFFFF8043A675438 exitCount=113303
[iommuret] hit #1462: HalpIommuInitSystem returned EAX=0x00000000 (success/other) rsp=0xFFFFF8043A675438 exitCount=113304
[iommuret] hit #1463: HalpIommuInitSystem returned EAX=0x00000000 (success/other) rsp=0xFFFFF8043A675438 exitCount=113305
[iommuret] hit #1464: HalpIommuInitSystem returned EAX=0x00000000 (success/other) rsp=0xFFFFF8043A675438 exitCount=113306
[iommuret] hit #1465: HalpIommuInitSystem returned EAX=0x00000000 (success/other) rsp=0xFFFFF8043A675438 exitCount=113307
[iommuret] hit #1466: HalpIommuInitSystem returned EAX=0x00000000 (success/other) rsp=0xFFFFF8043A675438 exitCount=113308
[iommuret] hit #1467: HalpIommuInitSystem returned EAX=0x00000000 (success/other) rsp=0xFFFFF8043A675438 exitCount=113309
[iommuret] hit #1468: HalpIommuInitSystem returned EAX=0x00000000 (success/other) rsp=0xFFFFF8043A675438 exitCount=113310
[iommuret] hit #1469: HalpIommuInitSystem returned EAX=0x00000000 (success/other) rsp=0xFFFFF8043A675438 exitCount=113311
[iommuret] hit #1470: HalpIommuInitSystem returned EAX=0x00000000 (success/other) rsp=0xFFFFF8043A675438 exitCount=113312
[iommuret] hit #1471: HalpIommuInitSystem returned EAX=0x00000000 (success/other) rsp=0xFFFFF8043A675438 exitCount=113313
[iommuret] hit #1472: HalpIommuInitSystem returned EAX=0x00000000 (success/other) rsp=0xFFFFF8043A675438 exitCount=113314
[iommuret] hit #1473: HalpIommuInitSystem returned EAX=0x00000000 (success/other) rsp=0xFFFFF8043A675438 exitCount=113315
[iommuret] hit #1474: HalpIommuInitSystem returned EAX=0x00000000 (success/other) rsp=0xFFFFF8043A675438 exitCount=113316
[iommuret] hit #1475: HalpIommuInitSystem returned EAX=0x00000000 (success/other) rsp=0xFFFFF8043A675438 exitCount=113317
[iommuret] hit #1476: HalpIommuInitSystem returned EAX=0x00000000 (success/other) rsp=0xFFFFF8043A675438 exitCount=113318
[iommuret] hit #1477: HalpIommuInitSystem returned EAX=0x00000000 (success/other) rsp=0xFFFFF8043A675438 exitCount=113319
[iommuret] hit #1478: HalpIommuInitSystem returned EAX=0x00000000 (success/other) rsp=0xFFFFF8043A675438 exitCount=113320
[iommuret] hit #1479: HalpIommuInitSystem returned EAX=0x00000000 (success/other) rsp=0xFFFFF8043A675438 exitCount=113321
[iommuret] hit #1480: HalpIommuInitSystem returned EAX=0x00000000 (success/other) rsp=0xFFFFF8043A675438 exitCount=113322
[iommuret] hit #1481: HalpIommuInitSystem returned EAX=0x00000000 (success/other) rsp=0xFFFFF8043A675438 exitCount=113323
[iommuret] hit #1482: HalpIommuInitSystem returned EAX=0x00000000 (success/other) rsp=0xFFFFF8043A675438 exitCount=113324
[iommuret] hit #1483: HalpIommuInitSystem returned EAX=0x00000000 (success/other) rsp=0xFFFFF8043A675438 exitCount=113325
[iommuret] hit #1484: HalpIommuInitSystem returned EAX=0x00000000 (success/other) rsp=0xFFFFF8043A675438 exitCount=113326
[iommuret] hit #1485: HalpIommuInitSystem returned EAX=0x00000000 (success/other) rsp=0xFFFFF8043A675438 exitCount=113327
[iommuret] hit #1486: HalpIommuInitSystem returned EAX=0x00000000 (success/other) rsp=0xFFFFF8043A675438 exitCount=113328
[iommuret] hit #1487: HalpIommuInitSystem returned EAX=0x00000000 (success/other) rsp=0xFFFFF8043A675438 exitCount=113329
[iommuret] hit #1488: HalpIommuInitSystem returned EAX=0x00000000 (success/other) rsp=0xFFFFF8043A675438 exitCount=113330
[iommuret] hit #1489: HalpIommuInitSystem returned EAX=0x00000000 (success/other) rsp=0xFFFFF8043A675438 exitCount=113331
[iommuret] hit #1490: HalpIommuInitSystem returned EAX=0x00000000 (success/other) rsp=0xFFFFF8043A675438 exitCount=113332
[iommuret] hit #1491: HalpIommuInitSystem returned EAX=0x00000000 (success/other) rsp=0xFFFFF8043A675438 exitCount=113333
[iommuret] hit #1492: HalpIommuInitSystem returned EAX=0x00000000 (success/other) rsp=0xFFFFF8043A675438 exitCount=113334
[iommuret] hit #1493: HalpIommuInitSystem returned EAX=0x00000000 (success/other) rsp=0xFFFFF8043A675438 exitCount=113335
[iommuret] hit #1494: HalpIommuInitSystem returned EAX=0x00000000 (success/other) rsp=0xFFFFF8043A675438 exitCount=113336
[iommuret] hit #1495: HalpIommuInitSystem returned EAX=0x00000000 (success/other) rsp=0xFFFFF8043A675438 exitCount=113337
[iommuret] hit #1496: HalpIommuInitSystem returned EAX=0x00000000 (success/other) rsp=0xFFFFF8043A675438 exitCount=113338
[iommuret] hit #1497: HalpIommuInitSystem returned EAX=0x00000000 (success/other) rsp=0xFFFFF8043A675438 exitCount=113339
[iommuret] hit #1498: HalpIommuInitSystem returned EAX=0x00000000 (success/other) rsp=0xFFFFF8043A675438 exitCount=113340
[iommuret] hit #1499: HalpIommuInitSystem returned EAX=0x00000000 (success/other) rsp=0xFFFFF8043A675438 exitCount=113341
[iommuret] hit #1500: HalpIommuInitSystem returned EAX=0x00000000 (success/other) rsp=0xFFFFF8043A675438 exitCount=113342
[iommuret] hit #1501: HalpIommuInitSystem returned EAX=0x00000000 (success/other) rsp=0xFFFFF8043A675438 exitCount=113343
[iommuret] hit #1502: HalpIommuInitSystem returned EAX=0x00000000 (success/other) rsp=0xFFFFF8043A675438 exitCount=113344
[iommuret] hit #1503: HalpIommuInitSystem returned EAX=0x00000000 (success/other) rsp=0xFFFFF8043A675438 exitCount=113345
[iommuret] hit #1504: HalpIommuInitSystem returned EAX=0x00000000 (success/other) rsp=0xFFFFF8043A675438 exitCount=113346
[iommuret] hit #1505: HalpIommuInitSystem returned EAX=0x00000000 (success/other) rsp=0xFFFFF8043A675438 exitCount=113347
[iommuret] hit #1506: HalpIommuInitSystem returned EAX=0x00000000 (success/other) rsp=0xFFFFF8043A675438 exitCount=113348
[iommuret] hit #1507: HalpIommuInitSystem returned EAX=0x00000000 (success/other) rsp=0xFFFFF8043A675438 exitCount=113349
[iommuret] hit #1508: HalpIommuInitSystem returned EAX=0x00000000 (success/other) rsp=0xFFFFF8043A675438 exitCount=113350
[iommuret] hit #1509: HalpIommuInitSystem returned EAX=0x00000000 (success/other) rsp=0xFFFFF8043A675438 exitCount=113351
[iommuret] hit #1510: HalpIommuInitSystem returned EAX=0x00000000 (success/other) rsp=0xFFFFF8043A675438 exitCount=113352
[iommuret] hit #1511: HalpIommuInitSystem returned EAX=0x00000000 (success/other) rsp=0xFFFFF8043A675438 exitCount=113353
[iommuret] hit #1512: HalpIommuInitSystem returned EAX=0x00000000 (success/other) rsp=0xFFFFF8043A675438 exitCount=113354
[iommuret] hit #1513: HalpIommuInitSystem returned EAX=0x00000000 (success/other) rsp=0xFFFFF8043A675438 exitCount=113355
[iommuret] hit #1514: HalpIommuInitSystem returned EAX=0x00000000 (success/other) rsp=0xFFFFF8043A675438 exitCount=113356
[iommuret] hit #1515: HalpIommuInitSystem returned EAX=0x00000000 (success/other) rsp=0xFFFFF8043A675438 exitCount=113357
[iommuret] hit #1516: HalpIommuInitSystem returned EAX=0x00000000 (success/other) rsp=0xFFFFF8043A675438 exitCount=113358
[iommuret] hit #1517: HalpIommuInitSystem returned EAX=0x00000000 (success/other) rsp=0xFFFFF8043A675438 exitCount=113359
[iommuret] hit #1518: HalpIommuInitSystem returned EAX=0x00000000 (success/other) rsp=0xFFFFF8043A675438 exitCount=113360
[iommuret] hit #1519: HalpIommuInitSystem returned EAX=0x00000000 (success/other) rsp=0xFFFFF8043A675438 exitCount=113361
[iommuret] hit #1520: HalpIommuInitSystem returned EAX=0x00000000 (success/other) rsp=0xFFFFF8043A675438 exitCount=113362
[iommuret] hit #1521: HalpIommuInitSystem returned EAX=0x00000000 (success/other) rsp=0xFFFFF8043A675438 exitCount=113363
[iommuret] hit #1522: HalpIommuInitSystem returned EAX=0x00000000 (success/other) rsp=0xFFFFF8043A675438 exitCount=113364
[iommuret] hit #1523: HalpIommuInitSystem returned EAX=0x00000000 (success/other) rsp=0xFFFFF8043A675438 exitCount=113365
[iommuret] hit #1524: HalpIommuInitSystem returned EAX=0x00000000 (success/other) rsp=0xFFFFF8043A675438 exitCount=113366
[iommuret] hit #1525: HalpIommuInitSystem returned EAX=0x00000000 (success/other) rsp=0xFFFFF8043A675438 exitCount=113367
[iommuret] hit #1526: HalpIommuInitSystem returned EAX=0x00000000 (success/other) rsp=0xFFFFF8043A675438 exitCount=113368
[iommuret] hit #1527: HalpIommuInitSystem returned EAX=0x00000000 (success/other) rsp=0xFFFFF8043A675438 exitCount=113369
[iommuret] hit #1528: HalpIommuInitSystem returned EAX=0x00000000 (success/other) rsp=0xFFFFF8043A675438 exitCount=113370
[iommuret] hit #1529: HalpIommuInitSystem returned EAX=0x00000000 (success/other) rsp=0xFFFFF8043A675438 exitCount=113371
[iommuret] hit #1530: HalpIommuInitSystem returned EAX=0x00000000 (success/other) rsp=0xFFFFF8043A675438 exitCount=113372
[iommuret] hit #1531: HalpIommuInitSystem returned EAX=0x00000000 (success/other) rsp=0xFFFFF8043A675438 exitCount=113373
[iommuret] hit #1532: HalpIommuInitSystem returned EAX=0x00000000 (success/other) rsp=0xFFFFF8043A675438 exitCount=113374
[iommuret] hit #1533: HalpIommuInitSystem returned EAX=0x00000000 (success/other) rsp=0xFFFFF8043A675438 exitCount=113375
[iommuret] hit #1534: HalpIommuInitSystem returned EAX=0x00000000 (success/other) rsp=0xFFFFF8043A675438 exitCount=113376
[iommuret] hit #1535: HalpIommuInitSystem returned EAX=0x00000000 (success/other) rsp=0xFFFFF8043A675438 exitCount=113377
[iommuret] hit #1536: HalpIommuInitSystem returned EAX=0x00000000 (success/other) rsp=0xFFFFF8043A675438 exitCount=113378
[iommuret] hit #1537: HalpIommuInitSystem returned EAX=0x00000000 (success/other) rsp=0xFFFFF8043A675438 exitCount=113379
[iommuret] hit #1538: HalpIommuInitSystem returned EAX=0x00000000 (success/other) rsp=0xFFFFF8043A675438 exitCount=113380
[iommuret] hit #1539: HalpIommuInitSystem returned EAX=0x00000000 (success/other) rsp=0xFFFFF8043A675438 exitCount=113381
[iommuret] hit #1540: HalpIommuInitSystem returned EAX=0x00000000 (success/other) rsp=0xFFFFF8043A675438 exitCount=113382
[iommuret] hit #1541: HalpIommuInitSystem returned EAX=0x00000000 (success/other) rsp=0xFFFFF8043A675438 exitCount=113383
[iommuret] hit #1542: HalpIommuInitSystem returned EAX=0x00000000 (success/other) rsp=0xFFFFF8043A675438 exitCount=113384
[iommuret] hit #1543: HalpIommuInitSystem returned EAX=0x00000000 (success/other) rsp=0xFFFFF8043A675438 exitCount=113385
[iommuret] hit #1544: HalpIommuInitSystem returned EAX=0x00000000 (success/other) rsp=0xFFFFF8043A675438 exitCount=113386
[iommuret] hit #1545: HalpIommuInitSystem returned EAX=0x00000000 (success/other) rsp=0xFFFFF8043A675438 exitCount=113387
[iommuret] hit #1546: HalpIommuInitSystem returned EAX=0x00000000 (success/other) rsp=0xFFFFF8043A675438 exitCount=113388
[iommuret] hit #1547: HalpIommuInitSystem returned EAX=0x00000000 (success/other) rsp=0xFFFFF8043A675438 exitCount=113389
[iommuret] hit #1548: HalpIommuInitSystem returned EAX=0x00000000 (success/other) rsp=0xFFFFF8043A675438 exitCount=113390
[iommuret] hit #1549: HalpIommuInitSystem returned EAX=0x00000000 (success/other) rsp=0xFFFFF8043A675438 exitCount=113391
[iommuret] hit #1550: HalpIommuInitSystem returned EAX=0x00000000 (success/other) rsp=0xFFFFF8043A675438 exitCount=113392
[iommuret] hit #1551: HalpIommuInitSystem returned EAX=0x00000000 (success/other) rsp=0xFFFFF8043A675438 exitCount=113393
[iommuret] hit #1552: HalpIommuInitSystem returned EAX=0x00000000 (success/other) rsp=0xFFFFF8043A675438 exitCount=113394
[iommuret] hit #1553: HalpIommuInitSystem returned EAX=0x00000000 (success/other) rsp=0xFFFFF8043A675438 exitCount=113395
[iommuret] hit #1554: HalpIommuInitSystem returned EAX=0x00000000 (success/other) rsp=0xFFFFF8043A675438 exitCount=113396
[iommuret] hit #1555: HalpIommuInitSystem returned EAX=0x00000000 (success/other) rsp=0xFFFFF8043A675438 exitCount=113397
[iommuret] hit #1556: HalpIommuInitSystem returned EAX=0x00000000 (success/other) rsp=0xFFFFF8043A675438 exitCount=113398
[iommuret] hit #1557: HalpIommuInitSystem returned EAX=0x00000000 (success/other) rsp=0xFFFFF8043A675438 exitCount=113399
[iommuret] hit #1558: HalpIommuInitSystem returned EAX=0x00000000 (success/other) rsp=0xFFFFF8043A675438 exitCount=113400
[iommuret] hit #1559: HalpIommuInitSystem returned EAX=0x00000000 (success/other) rsp=0xFFFFF8043A675438 exitCount=113401
[iommuret] hit #1560: HalpIommuInitSystem returned EAX=0x00000000 (success/other) rsp=0xFFFFF8043A675438 exitCount=113402
[iommuret] hit #1561: HalpIommuInitSystem returned EAX=0x00000000 (success/other) rsp=0xFFFFF8043A675438 exitCount=113403
[iommuret] hit #1562: HalpIommuInitSystem returned EAX=0x00000000 (success/other) rsp=0xFFFFF8043A675438 exitCount=113404
[iommuret] hit #1563: HalpIommuInitSystem returned EAX=0x00000000 (success/other) rsp=0xFFFFF8043A675438 exitCount=113405
[iommuret] hit #1564: HalpIommuInitSystem returned EAX=0x00000000 (success/other) rsp=0xFFFFF8043A675438 exitCount=113406
[iommuret] hit #1565: HalpIommuInitSystem returned EAX=0x00000000 (success/other) rsp=0xFFFFF8043A675438 exitCount=113407
[iommuret] hit #1566: HalpIommuInitSystem returned EAX=0x00000000 (success/other) rsp=0xFFFFF8043A675438 exitCount=113408
[iommuret] hit #1567: HalpIommuInitSystem returned EAX=0x00000000 (success/other) rsp=0xFFFFF8043A675438 exitCount=113409
[iommuret] hit #1568: HalpIommuInitSystem returned EAX=0x00000000 (success/other) rsp=0xFFFFF8043A675438 exitCount=113410
[iommuret] hit #1569: HalpIommuInitSystem returned EAX=0x00000000 (success/other) rsp=0xFFFFF8043A675438 exitCount=113411
[iommuret] hit #1570: HalpIommuInitSystem returned EAX=0x00000000 (success/other) rsp=0xFFFFF8043A675438 exitCount=113412
[iommuret] hit #1571: HalpIommuInitSystem returned EAX=0x00000000 (success/other) rsp=0xFFFFF8043A675438 exitCount=113413
[iommuret] hit #1572: HalpIommuInitSystem returned EAX=0x00000000 (success/other) rsp=0xFFFFF8043A675438 exitCount=113414
[iommuret] hit #1573: HalpIommuInitSystem returned EAX=0x00000000 (success/other) rsp=0xFFFFF8043A675438 exitCount=113415
[iommuret] hit #1574: HalpIommuInitSystem returned EAX=0x00000000 (success/other) rsp=0xFFFFF8043A675438 exitCount=113416
[iommuret] hit #1575: HalpIommuInitSystem returned EAX=0x00000000 (success/other) rsp=0xFFFFF8043A675438 exitCount=113417
[iommuret] hit #1576: HalpIommuInitSystem returned EAX=0x00000000 (success/other) rsp=0xFFFFF8043A675438 exitCount=113418
[iommuret] hit #1577: HalpIommuInitSystem returned EAX=0x00000000 (success/other) rsp=0xFFFFF8043A675438 exitCount=113419
[iommuret] hit #1578: HalpIommuInitSystem returned EAX=0x00000000 (success/other) rsp=0xFFFFF8043A675438 exitCount=113420
[iommuret] hit #1579: HalpIommuInitSystem returned EAX=0x00000000 (success/other) rsp=0xFFFFF8043A675438 exitCount=113421
[iommuret] hit #1580: HalpIommuInitSystem returned EAX=0x00000000 (success/other) rsp=0xFFFFF8043A675438 exitCount=113422
[iommuret] hit #1581: HalpIommuInitSystem returned EAX=0x00000000 (success/other) rsp=0xFFFFF8043A675438 exitCount=113423
[iommuret] hit #1582: HalpIommuInitSystem returned EAX=0x00000000 (success/other) rsp=0xFFFFF8043A675438 exitCount=113424
[iommuret] hit #1583: HalpIommuInitSystem returned EAX=0x00000000 (success/other) rsp=0xFFFFF8043A675438 exitCount=113425
[iommuret] hit #1584: HalpIommuInitSystem returned EAX=0x00000000 (success/other) rsp=0xFFFFF8043A675438 exitCount=113426
[iommuret] hit #1585: HalpIommuInitSystem returned EAX=0x00000000 (success/other) rsp=0xFFFFF8043A675438 exitCount=113427
[iommuret] hit #1586: HalpIommuInitSystem returned EAX=0x00000000 (success/other) rsp=0xFFFFF8043A675438 exitCount=113428
[iommuret] hit #1587: HalpIommuInitSystem returned EAX=0x00000000 (success/other) rsp=0xFFFFF8043A675438 exitCount=113429
[iommuret] hit #1588: HalpIommuInitSystem returned EAX=0x00000000 (success/other) rsp=0xFFFFF8043A675438 exitCount=113430
[iommuret] hit #1589: HalpIommuInitSystem returned EAX=0x00000000 (success/other) rsp=0xFFFFF8043A675438 exitCount=113431
[iommuret] hit #1590: HalpIommuInitSystem returned EAX=0x00000000 (success/other) rsp=0xFFFFF8043A675438 exitCount=113432
[iommuret] hit #1591: HalpIommuInitSystem returned EAX=0x00000000 (success/other) rsp=0xFFFFF8043A675438 exitCount=113433
[iommuret] hit #1592: HalpIommuInitSystem returned EAX=0x00000000 (success/other) rsp=0xFFFFF8043A675438 exitCount=113434
[iommuret] hit #1593: HalpIommuInitSystem returned EAX=0x00000000 (success/other) rsp=0xFFFFF8043A675438 exitCount=113435
[iommuret] hit #1594: HalpIommuInitSystem returned EAX=0x00000000 (success/other) rsp=0xFFFFF8043A675438 exitCount=113436
[iommuret] hit #1595: HalpIommuInitSystem returned EAX=0x00000000 (success/other) rsp=0xFFFFF8043A675438 exitCount=113437
[iommuret] hit #1596: HalpIommuInitSystem returned EAX=0x00000000 (success/other) rsp=0xFFFFF8043A675438 exitCount=113438
[iommuret] hit #1597: HalpIommuInitSystem returned EAX=0x00000000 (success/other) rsp=0xFFFFF8043A675438 exitCount=113439
[iommuret] hit #1598: HalpIommuInitSystem returned EAX=0x00000000 (success/other) rsp=0xFFFFF8043A675438 exitCount=113440
[iommuret] hit #1599: HalpIommuInitSystem returned EAX=0x00000000 (success/other) rsp=0xFFFFF8043A675438 exitCount=113441
[iommuret] hit #1600: HalpIommuInitSystem returned EAX=0x00000000 (success/other) rsp=0xFFFFF8043A675438 exitCount=113442
[iommuret] hit #1601: HalpIommuInitSystem returned EAX=0x00000000 (success/other) rsp=0xFFFFF8043A675438 exitCount=113443
[iommuret] hit #1602: HalpIommuInitSystem returned EAX=0x00000000 (success/other) rsp=0xFFFFF8043A675438 exitCount=113444
[iommuret] hit #1603: HalpIommuInitSystem returned EAX=0x00000000 (success/other) rsp=0xFFFFF8043A675438 exitCount=113445
[iommuret] hit #1604: HalpIommuInitSystem returned EAX=0x00000000 (success/other) rsp=0xFFFFF8043A675438 exitCount=113446
[iommuret] hit #1605: HalpIommuInitSystem returned EAX=0x00000000 (success/other) rsp=0xFFFFF8043A675438 exitCount=113447
[iommuret] hit #1606: HalpIommuInitSystem returned EAX=0x00000000 (success/other) rsp=0xFFFFF8043A675438 exitCount=113448
[iommuret] hit #1607: HalpIommuInitSystem returned EAX=0x00000000 (success/other) rsp=0xFFFFF8043A675438 exitCount=113449
[iommuret] hit #1608: HalpIommuInitSystem returned EAX=0x00000000 (success/other) rsp=0xFFFFF8043A675438 exitCount=113450
[iommuret] hit #1609: HalpIommuInitSystem returned EAX=0x00000000 (success/other) rsp=0xFFFFF8043A675438 exitCount=113451
[iommuret] hit #1610: HalpIommuInitSystem returned EAX=0x00000000 (success/other) rsp=0xFFFFF8043A675438 exitCount=113452
[iommuret] hit #1611: HalpIommuInitSystem returned EAX=0x00000000 (success/other) rsp=0xFFFFF8043A675438 exitCount=113453
[iommuret] hit #1612: HalpIommuInitSystem returned EAX=0x00000000 (success/other) rsp=0xFFFFF8043A675438 exitCount=113454
[iommuret] hit #1613: HalpIommuInitSystem returned EAX=0x00000000 (success/other) rsp=0xFFFFF8043A675438 exitCount=113455
[iommuret] hit #1614: HalpIommuInitSystem returned EAX=0x00000000 (success/other) rsp=0xFFFFF8043A675438 exitCount=113456
[iommuret] hit #1615: HalpIommuInitSystem returned EAX=0x00000000 (success/other) rsp=0xFFFFF8043A675438 exitCount=113457
[iommuret] hit #1616: HalpIommuInitSystem returned EAX=0x00000000 (success/other) rsp=0xFFFFF8043A675438 exitCount=113458
[iommuret] hit #1617: HalpIommuInitSystem returned EAX=0x00000000 (success/other) rsp=0xFFFFF8043A675438 exitCount=113459
[iommuret] hit #1618: HalpIommuInitSystem returned EAX=0x00000000 (success/other) rsp=0xFFFFF8043A675438 exitCount=113460
[iommuret] hit #1619: HalpIommuInitSystem returned EAX=0x00000000 (success/other) rsp=0xFFFFF8043A675438 exitCount=113461
[iommuret] hit #1620: HalpIommuInitSystem returned EAX=0x00000000 (success/other) rsp=0xFFFFF8043A675438 exitCount=113462
[iommuret] hit #1621: HalpIommuInitSystem returned EAX=0x00000000 (success/other) rsp=0xFFFFF8043A675438 exitCount=113463
[iommuret] hit #1622: HalpIommuInitSystem returned EAX=0x00000000 (success/other) rsp=0xFFFFF8043A675438 exitCount=113464
[iommuret] hit #1623: HalpIommuInitSystem returned EAX=0x00000000 (success/other) rsp=0xFFFFF8043A675438 exitCount=113465
[iommuret] hit #1624: HalpIommuInitSystem returned EAX=0x00000000 (success/other) rsp=0xFFFFF8043A675438 exitCount=113466
[iommuret] hit #1625: HalpIommuInitSystem returned EAX=0x00000000 (success/other) rsp=0xFFFFF8043A675438 exitCount=113467
[iommuret] hit #1626: HalpIommuInitSystem returned EAX=0x00000000 (success/other) rsp=0xFFFFF8043A675438 exitCount=113468
[iommuret] hit #1627: HalpIommuInitSystem returned EAX=0x00000000 (success/other) rsp=0xFFFFF8043A675438 exitCount=113469
[iommuret] hit #1628: HalpIommuInitSystem returned EAX=0x00000000 (success/other) rsp=0xFFFFF8043A675438 exitCount=113470
[iommuret] hit #1629: HalpIommuInitSystem returned EAX=0x00000000 (success/other) rsp=0xFFFFF8043A675438 exitCount=113471
[iommuret] hit #1630: HalpIommuInitSystem returned EAX=0x00000000 (success/other) rsp=0xFFFFF8043A675438 exitCount=113472
[iommuret] hit #1631: HalpIommuInitSystem returned EAX=0x00000000 (success/other) rsp=0xFFFFF8043A675438 exitCount=113473
[iommuret] hit #1632: HalpIommuInitSystem returned EAX=0x00000000 (success/other) rsp=0xFFFFF8043A675438 exitCount=113474
[iommuret] hit #1633: HalpIommuInitSystem returned EAX=0x00000000 (success/other) rsp=0xFFFFF8043A675438 exitCount=113475
[iommuret] hit #1634: HalpIommuInitSystem returned EAX=0x00000000 (success/other) rsp=0xFFFFF8043A675438 exitCount=113476
[iommuret] hit #1635: HalpIommuInitSystem returned EAX=0x00000000 (success/other) rsp=0xFFFFF8043A675438 exitCount=113477
[iommuret] hit #1636: HalpIommuInitSystem returned EAX=0x00000000 (success/other) rsp=0xFFFFF8043A675438 exitCount=113478
[iommuret] hit #1637: HalpIommuInitSystem returned EAX=0x00000000 (success/other) rsp=0xFFFFF8043A675438 exitCount=113479
[iommuret] hit #1638: HalpIommuInitSystem returned EAX=0x00000000 (success/other) rsp=0xFFFFF8043A675438 exitCount=113480
[iommuret] hit #1639: HalpIommuInitSystem returned EAX=0x00000000 (success/other) rsp=0xFFFFF8043A675438 exitCount=113481
[iommuret] hit #1640: HalpIommuInitSystem returned EAX=0x00000000 (success/other) rsp=0xFFFFF8043A675438 exitCount=113482
[iommuret] hit #1641: HalpIommuInitSystem returned EAX=0x00000000 (success/other) rsp=0xFFFFF8043A675438 exitCount=113483
[iommuret] hit #1642: HalpIommuInitSystem returned EAX=0x00000000 (success/other) rsp=0xFFFFF8043A675438 exitCount=113484
[iommuret] hit #1643: HalpIommuInitSystem returned EAX=0x00000000 (success/other) rsp=0xFFFFF8043A675438 exitCount=113485
[iommuret] hit #1644: HalpIommuInitSystem returned EAX=0x00000000 (success/other) rsp=0xFFFFF8043A675438 exitCount=113486
[iommuret] hit #1645: HalpIommuInitSystem returned EAX=0x00000000 (success/other) rsp=0xFFFFF8043A675438 exitCount=113487
[iommuret] hit #1646: HalpIommuInitSystem returned EAX=0x00000000 (success/other) rsp=0xFFFFF8043A675438 exitCount=113488
[iommuret] hit #1647: HalpIommuInitSystem returned EAX=0x00000000 (success/other) rsp=0xFFFFF8043A675438 exitCount=113489
[iommuret] hit #1648: HalpIommuInitSystem returned EAX=0x00000000 (success/other) rsp=0xFFFFF8043A675438 exitCount=113490
[iommuret] hit #1649: HalpIommuInitSystem returned EAX=0x00000000 (success/other) rsp=0xFFFFF8043A675438 exitCount=113491
[iommuret] hit #1650: HalpIommuInitSystem returned EAX=0x00000000 (success/other) rsp=0xFFFFF8043A675438 exitCount=113492
[iommuret] hit #1651: HalpIommuInitSystem returned EAX=0x00000000 (success/other) rsp=0xFFFFF8043A675438 exitCount=113493
[iommuret] hit #1652: HalpIommuInitSystem returned EAX=0x00000000 (success/other) rsp=0xFFFFF8043A675438 exitCount=113494
[iommuret] hit #1653: HalpIommuInitSystem returned EAX=0x00000000 (success/other) rsp=0xFFFFF8043A675438 exitCount=113495
[iommuret] hit #1654: HalpIommuInitSystem returned EAX=0x00000000 (success/other) rsp=0xFFFFF8043A675438 exitCount=113496
[iommuret] hit #1655: HalpIommuInitSystem returned EAX=0x00000000 (success/other) rsp=0xFFFFF8043A675438 exitCount=113497
[iommuret] hit #1656: HalpIommuInitSystem returned EAX=0x00000000 (success/other) rsp=0xFFFFF8043A675438 exitCount=113498
[iommuret] hit #1657: HalpIommuInitSystem returned EAX=0x00000000 (success/other) rsp=0xFFFFF8043A675438 exitCount=113499
[iommuret] hit #1658: HalpIommuInitSystem returned EAX=0x00000000 (success/other) rsp=0xFFFFF8043A675438 exitCount=113500
[iommuret] hit #1659: HalpIommuInitSystem returned EAX=0x00000000 (success/other) rsp=0xFFFFF8043A675438 exitCount=113501
[iommuret] hit #1660: HalpIommuInitSystem returned EAX=0x00000000 (success/other) rsp=0xFFFFF8043A675438 exitCount=113502
[iommuret] hit #1661: HalpIommuInitSystem returned EAX=0x00000000 (success/other) rsp=0xFFFFF8043A675438 exitCount=113503
[iommuret] hit #1662: HalpIommuInitSystem returned EAX=0x00000000 (success/other) rsp=0xFFFFF8043A675438 exitCount=113504
[iommuret] hit #1663: HalpIommuInitSystem returned EAX=0x00000000 (success/other) rsp=0xFFFFF8043A675438 exitCount=113505
[iommuret] hit #1664: HalpIommuInitSystem returned EAX=0x00000000 (success/other) rsp=0xFFFFF8043A675438 exitCount=113506
[iommuret] hit #1665: HalpIommuInitSystem returned EAX=0x00000000 (success/other) rsp=0xFFFFF8043A675438 exitCount=113507
[iommuret] hit #1666: HalpIommuInitSystem returned EAX=0x00000000 (success/other) rsp=0xFFFFF8043A675438 exitCount=113508
[iommuret] hit #1667: HalpIommuInitSystem returned EAX=0x00000000 (success/other) rsp=0xFFFFF8043A675438 exitCount=113509
[iommuret] hit #1668: HalpIommuInitSystem returned EAX=0x00000000 (success/other) rsp=0xFFFFF8043A675438 exitCount=113510
[iommuret] hit #1669: HalpIommuInitSystem returned EAX=0x00000000 (success/other) rsp=0xFFFFF8043A675438 exitCount=113511
[iommuret] hit #1670: HalpIommuInitSystem returned EAX=0x00000000 (success/other) rsp=0xFFFFF8043A675438 exitCount=113512
[iommuret] hit #1671: HalpIommuInitSystem returned EAX=0x00000000 (success/other) rsp=0xFFFFF8043A675438 exitCount=113513
[iommuret] hit #1672: HalpIommuInitSystem returned EAX=0x00000000 (success/other) rsp=0xFFFFF8043A675438 exitCount=113514
[iommuret] hit #1673: HalpIommuInitSystem returned EAX=0x00000000 (success/other) rsp=0xFFFFF8043A675438 exitCount=113515
[iommuret] hit #1674: HalpIommuInitSystem returned EAX=0x00000000 (success/other) rsp=0xFFFFF8043A675438 exitCount=113516
[iommuret] hit #1675: HalpIommuInitSystem returned EAX=0x00000000 (success/other) rsp=0xFFFFF8043A675438 exitCount=113517
[iommuret] hit #1676: HalpIommuInitSystem returned EAX=0x00000000 (success/other) rsp=0xFFFFF8043A675438 exitCount=113518
[iommuret] hit #1677: HalpIommuInitSystem returned EAX=0x00000000 (success/other) rsp=0xFFFFF8043A675438 exitCount=113519
[iommuret] hit #1678: HalpIommuInitSystem returned EAX=0x00000000 (success/other) rsp=0xFFFFF8043A675438 exitCount=113520
[iommuret] hit #1679: HalpIommuInitSystem returned EAX=0x00000000 (success/other) rsp=0xFFFFF8043A675438 exitCount=113521
[iommuret] hit #1680: HalpIommuInitSystem returned EAX=0x00000000 (success/other) rsp=0xFFFFF8043A675438 exitCount=113522
[iommuret] hit #1681: HalpIommuInitSystem returned EAX=0x00000000 (success/other) rsp=0xFFFFF8043A675438 exitCount=113523
[iommuret] hit #1682: HalpIommuInitSystem returned EAX=0x00000000 (success/other) rsp=0xFFFFF8043A675438 exitCount=113524
[iommuret] hit #1683: HalpIommuInitSystem returned EAX=0x00000000 (success/other) rsp=0xFFFFF8043A675438 exitCount=113525
[iommuret] hit #1684: HalpIommuInitSystem returned EAX=0x00000000 (success/other) rsp=0xFFFFF8043A675438 exitCount=113526
[iommuret] hit #1685: HalpIommuInitSystem returned EAX=0x00000000 (success/other) rsp=0xFFFFF8043A675438 exitCount=113527
[iommuret] hit #1686: HalpIommuInitSystem returned EAX=0x00000000 (success/other) rsp=0xFFFFF8043A675438 exitCount=113528
[iommuret] hit #1687: HalpIommuInitSystem returned EAX=0x00000000 (success/other) rsp=0xFFFFF8043A675438 exitCount=113529
[iommuret] hit #1688: HalpIommuInitSystem returned EAX=0x00000000 (success/other) rsp=0xFFFFF8043A675438 exitCount=113530
[iommuret] hit #1689: HalpIommuInitSystem returned EAX=0x00000000 (success/other) rsp=0xFFFFF8043A675438 exitCount=113531
[iommuret] hit #1690: HalpIommuInitSystem returned EAX=0x00000000 (success/other) rsp=0xFFFFF8043A675438 exitCount=113532
[iommuret] hit #1691: HalpIommuInitSystem returned EAX=0x00000000 (success/other) rsp=0xFFFFF8043A675438 exitCount=113533
[iommuret] hit #1692: HalpIommuInitSystem returned EAX=0x00000000 (success/other) rsp=0xFFFFF8043A675438 exitCount=113534
[iommuret] hit #1693: HalpIommuInitSystem returned EAX=0x00000000 (success/other) rsp=0xFFFFF8043A675438 exitCount=113535
[iommuret] hit #1694: HalpIommuInitSystem returned EAX=0x00000000 (success/other) rsp=0xFFFFF8043A675438 exitCount=113536
[iommuret] hit #1695: HalpIommuInitSystem returned EAX=0x00000000 (success/other) rsp=0xFFFFF8043A675438 exitCount=113537
[iommuret] hit #1696: HalpIommuInitSystem returned EAX=0x00000000 (success/other) rsp=0xFFFFF8043A675438 exitCount=113538
[iommuret] hit #1697: HalpIommuInitSystem returned EAX=0x00000000 (success/other) rsp=0xFFFFF8043A675438 exitCount=113539
[iommuret] hit #1698: HalpIommuInitSystem returned EAX=0x00000000 (success/other) rsp=0xFFFFF8043A675438 exitCount=113540
[iommuret] hit #1699: HalpIommuInitSystem returned EAX=0x00000000 (success/other) rsp=0xFFFFF8043A675438 exitCount=113541
[iommuret] hit #1700: HalpIommuInitSystem returned EAX=0x00000000 (success/other) rsp=0xFFFFF8043A675438 exitCount=113542
[iommuret] hit #1701: HalpIommuInitSystem returned EAX=0x00000000 (success/other) rsp=0xFFFFF8043A675438 exitCount=113543
[iommuret] hit #1702: HalpIommuInitSystem returned EAX=0x00000000 (success/other) rsp=0xFFFFF8043A675438 exitCount=113544
[iommuret] hit #1703: HalpIommuInitSystem returned EAX=0x00000000 (success/other) rsp=0xFFFFF8043A675438 exitCount=113545
[iommuret] hit #1704: HalpIommuInitSystem returned EAX=0x00000000 (success/other) rsp=0xFFFFF8043A675438 exitCount=113546
[iommuret] hit #1705: HalpIommuInitSystem returned EAX=0x00000000 (success/other) rsp=0xFFFFF8043A675438 exitCount=113547
[iommuret] hit #1706: HalpIommuInitSystem returned EAX=0x00000000 (success/other) rsp=0xFFFFF8043A675438 exitCount=113548
[iommuret] hit #1707: HalpIommuInitSystem returned EAX=0x00000000 (success/other) rsp=0xFFFFF8043A675438 exitCount=113549
[iommuret] hit #1708: HalpIommuInitSystem returned EAX=0x00000000 (success/other) rsp=0xFFFFF8043A675438 exitCount=113550
[iommuret] hit #1709: HalpIommuInitSystem returned EAX=0x00000000 (success/other) rsp=0xFFFFF8043A675438 exitCount=113551
[iommuret] hit #1710: HalpIommuInitSystem returned EAX=0x00000000 (success/other) rsp=0xFFFFF8043A675438 exitCount=113552
[iommuret] hit #1711: HalpIommuInitSystem returned EAX=0x00000000 (success/other) rsp=0xFFFFF8043A675438 exitCount=113553
[iommuret] hit #1712: HalpIommuInitSystem returned EAX=0x00000000 (success/other) rsp=0xFFFFF8043A675438 exitCount=113554
[iommuret] hit #1713: HalpIommuInitSystem returned EAX=0x00000000 (success/other) rsp=0xFFFFF8043A675438 exitCount=113555
[iommuret] hit #1714: HalpIommuInitSystem returned EAX=0x00000000 (success/other) rsp=0xFFFFF8043A675438 exitCount=113556
[iommuret] hit #1715: HalpIommuInitSystem returned EAX=0x00000000 (success/other) rsp=0xFFFFF8043A675438 exitCount=113557
[iommuret] hit #1716: HalpIommuInitSystem returned EAX=0x00000000 (success/other) rsp=0xFFFFF8043A675438 exitCount=113558
[iommuret] hit #1717: HalpIommuInitSystem returned EAX=0x00000000 (success/other) rsp=0xFFFFF8043A675438 exitCount=113559
[iommuret] hit #1718: HalpIommuInitSystem returned EAX=0x00000000 (success/other) rsp=0xFFFFF8043A675438 exitCount=113560
[iommuret] hit #1719: HalpIommuInitSystem returned EAX=0x00000000 (success/other) rsp=0xFFFFF8043A675438 exitCount=113561
[iommuret] hit #1720: HalpIommuInitSystem returned EAX=0x00000000 (success/other) rsp=0xFFFFF8043A675438 exitCount=113562
[iommuret] hit #1721: HalpIommuInitSystem returned EAX=0x00000000 (success/other) rsp=0xFFFFF8043A675438 exitCount=113563
[iommuret] hit #1722: HalpIommuInitSystem returned EAX=0x00000000 (success/other) rsp=0xFFFFF8043A675438 exitCount=113564
[iommuret] hit #1723: HalpIommuInitSystem returned EAX=0x00000000 (success/other) rsp=0xFFFFF8043A675438 exitCount=113565
[iommuret] hit #1724: HalpIommuInitSystem returned EAX=0x00000000 (success/other) rsp=0xFFFFF8043A675438 exitCount=113566
[iommuret] hit #1725: HalpIommuInitSystem returned EAX=0x00000000 (success/other) rsp=0xFFFFF8043A675438 exitCount=113567
[iommuret] hit #1726: HalpIommuInitSystem returned EAX=0x00000000 (success/other) rsp=0xFFFFF8043A675438 exitCount=113568
[iommuret] hit #1727: HalpIommuInitSystem returned EAX=0x00000000 (success/other) rsp=0xFFFFF8043A675438 exitCount=113569
[iommuret] hit #1728: HalpIommuInitSystem returned EAX=0x00000000 (success/other) rsp=0xFFFFF8043A675438 exitCount=113570
[iommuret] hit #1729: HalpIommuInitSystem returned EAX=0x00000000 (success/other) rsp=0xFFFFF8043A675438 exitCount=113571
[iommuret] hit #1730: HalpIommuInitSystem returned EAX=0x00000000 (success/other) rsp=0xFFFFF8043A675438 exitCount=113572
[iommuret] hit #1731: HalpIommuInitSystem returned EAX=0x00000000 (success/other) rsp=0xFFFFF8043A675438 exitCount=113573
[iommuret] hit #1732: HalpIommuInitSystem returned EAX=0x00000000 (success/other) rsp=0xFFFFF8043A675438 exitCount=113574
[iommuret] hit #1733: HalpIommuInitSystem returned EAX=0x00000000 (success/other) rsp=0xFFFFF8043A675438 exitCount=113575
[iommuret] hit #1734: HalpIommuInitSystem returned EAX=0x00000000 (success/other) rsp=0xFFFFF8043A675438 exitCount=113576
[iommuret] hit #1735: HalpIommuInitSystem returned EAX=0x00000000 (success/other) rsp=0xFFFFF8043A675438 exitCount=113577
[iommuret] hit #1736: HalpIommuInitSystem returned EAX=0x00000000 (success/other) rsp=0xFFFFF8043A675438 exitCount=113578
[iommuret] hit #1737: HalpIommuInitSystem returned EAX=0x00000000 (success/other) rsp=0xFFFFF8043A675438 exitCount=113579
[iommuret] hit #1738: HalpIommuInitSystem returned EAX=0x00000000 (success/other) rsp=0xFFFFF8043A675438 exitCount=113580
[iommuret] hit #1739: HalpIommuInitSystem returned EAX=0x00000000 (success/other) rsp=0xFFFFF8043A675438 exitCount=113581
[iommuret] hit #1740: HalpIommuInitSystem returned EAX=0x00000000 (success/other) rsp=0xFFFFF8043A675438 exitCount=113582
[iommuret] hit #1741: HalpIommuInitSystem returned EAX=0x00000000 (success/other) rsp=0xFFFFF8043A675438 exitCount=113583
[iommuret] hit #1742: HalpIommuInitSystem returned EAX=0x00000000 (success/other) rsp=0xFFFFF8043A675438 exitCount=113584
[iommuret] hit #1743: HalpIommuInitSystem returned EAX=0x00000000 (success/other) rsp=0xFFFFF8043A675438 exitCount=113585
[iommuret] hit #1744: HalpIommuInitSystem returned EAX=0x00000000 (success/other) rsp=0xFFFFF8043A675438 exitCount=113586
[iommuret] hit #1745: HalpIommuInitSystem returned EAX=0x00000000 (success/other) rsp=0xFFFFF8043A675438 exitCount=113587
[iommuret] hit #1746: HalpIommuInitSystem returned EAX=0x00000000 (success/other) rsp=0xFFFFF8043A675438 exitCount=113588
[iommuret] hit #1747: HalpIommuInitSystem returned EAX=0x00000000 (success/other) rsp=0xFFFFF8043A675438 exitCount=113589
[iommuret] hit #1748: HalpIommuInitSystem returned EAX=0x00000000 (success/other) rsp=0xFFFFF8043A675438 exitCount=113590
[iommuret] hit #1749: HalpIommuInitSystem returned EAX=0x00000000 (success/other) rsp=0xFFFFF8043A675438 exitCount=113591
[iommuret] hit #1750: HalpIommuInitSystem returned EAX=0x00000000 (success/other) rsp=0xFFFFF8043A675438 exitCount=113592
[iommuret] hit #1751: HalpIommuInitSystem returned EAX=0x00000000 (success/other) rsp=0xFFFFF8043A675438 exitCount=113593
[iommuret] hit #1752: HalpIommuInitSystem returned EAX=0x00000000 (success/other) rsp=0xFFFFF8043A675438 exitCount=113594
[iommuret] hit #1753: HalpIommuInitSystem returned EAX=0x00000000 (success/other) rsp=0xFFFFF8043A675438 exitCount=113595
[iommuret] hit #1754: HalpIommuInitSystem returned EAX=0x00000000 (success/other) rsp=0xFFFFF8043A675438 exitCount=113596
[iommuret] hit #1755: HalpIommuInitSystem returned EAX=0x00000000 (success/other) rsp=0xFFFFF8043A675438 exitCount=113597
[iommuret] hit #1756: HalpIommuInitSystem returned EAX=0x00000000 (success/other) rsp=0xFFFFF8043A675438 exitCount=113598
[iommuret] hit #1757: HalpIommuInitSystem returned EAX=0x00000000 (success/other) rsp=0xFFFFF8043A675438 exitCount=113599
[iommuret] hit #1758: HalpIommuInitSystem returned EAX=0x00000000 (success/other) rsp=0xFFFFF8043A675438 exitCount=113600
[iommuret] hit #1759: HalpIommuInitSystem returned EAX=0x00000000 (success/other) rsp=0xFFFFF8043A675438 exitCount=113601
[iommuret] hit #1760: HalpIommuInitSystem returned EAX=0x00000000 (success/other) rsp=0xFFFFF8043A675438 exitCount=113602
[iommuret] hit #1761: HalpIommuInitSystem returned EAX=0x00000000 (success/other) rsp=0xFFFFF8043A675438 exitCount=113603
[iommuret] hit #1762: HalpIommuInitSystem returned EAX=0x00000000 (success/other) rsp=0xFFFFF8043A675438 exitCount=113604
[iommuret] hit #1763: HalpIommuInitSystem returned EAX=0x00000000 (success/other) rsp=0xFFFFF8043A675438 exitCount=113605
[iommuret] hit #1764: HalpIommuInitSystem returned EAX=0x00000000 (success/other) rsp=0xFFFFF8043A675438 exitCount=113606
[iommuret] hit #1765: HalpIommuInitSystem returned EAX=0x00000000 (success/other) rsp=0xFFFFF8043A675438 exitCount=113607
[iommuret] hit #1766: HalpIommuInitSystem returned EAX=0x00000000 (success/other) rsp=0xFFFFF8043A675438 exitCount=113608
[iommuret] hit #1767: HalpIommuInitSystem returned EAX=0x00000000 (success/other) rsp=0xFFFFF8043A675438 exitCount=113609
[iommuret] hit #1768: HalpIommuInitSystem returned EAX=0x00000000 (success/other) rsp=0xFFFFF8043A675438 exitCount=113610
[iommuret] hit #1769: HalpIommuInitSystem returned EAX=0x00000000 (success/other) rsp=0xFFFFF8043A675438 exitCount=113611
[iommuret] hit #1770: HalpIommuInitSystem returned EAX=0x00000000 (success/other) rsp=0xFFFFF8043A675438 exitCount=113612
[iommuret] hit #1771: HalpIommuInitSystem returned EAX=0x00000000 (success/other) rsp=0xFFFFF8043A675438 exitCount=113613
[iommuret] hit #1772: HalpIommuInitSystem returned EAX=0x00000000 (success/other) rsp=0xFFFFF8043A675438 exitCount=113614
[iommuret] hit #1773: HalpIommuInitSystem returned EAX=0x00000000 (success/other) rsp=0xFFFFF8043A675438 exitCount=113615
[iommuret] hit #1774: HalpIommuInitSystem returned EAX=0x00000000 (success/other) rsp=0xFFFFF8043A675438 exitCount=113616
[iommuret] hit #1775: HalpIommuInitSystem returned EAX=0x00000000 (success/other) rsp=0xFFFFF8043A675438 exitCount=113617
[iommuret] hit #1776: HalpIommuInitSystem returned EAX=0x00000000 (success/other) rsp=0xFFFFF8043A675438 exitCount=113618
[iommuret] hit #1777: HalpIommuInitSystem returned EAX=0x00000000 (success/other) rsp=0xFFFFF8043A675438 exitCount=113619
[iommuret] hit #1778: HalpIommuInitSystem returned EAX=0x00000000 (success/other) rsp=0xFFFFF8043A675438 exitCount=113620
[iommuret] hit #1779: HalpIommuInitSystem returned EAX=0x00000000 (success/other) rsp=0xFFFFF8043A675438 exitCount=113621
[iommuret] hit #1780: HalpIommuInitSystem returned EAX=0x00000000 (success/other) rsp=0xFFFFF8043A675438 exitCount=113622
[iommuret] hit #1781: HalpIommuInitSystem returned EAX=0x00000000 (success/other) rsp=0xFFFFF8043A675438 exitCount=113623
[iommuret] hit #1782: HalpIommuInitSystem returned EAX=0x00000000 (success/other) rsp=0xFFFFF8043A675438 exitCount=113624
[iommuret] hit #1783: HalpIommuInitSystem returned EAX=0x00000000 (success/other) rsp=0xFFFFF8043A675438 exitCount=113625
[iommuret] hit #1784: HalpIommuInitSystem returned EAX=0x00000000 (success/other) rsp=0xFFFFF8043A675438 exitCount=113626
[iommuret] hit #1785: HalpIommuInitSystem returned EAX=0x00000000 (success/other) rsp=0xFFFFF8043A675438 exitCount=113627
[iommuret] hit #1786: HalpIommuInitSystem returned EAX=0x00000000 (success/other) rsp=0xFFFFF8043A675438 exitCount=113628
[iommuret] hit #1787: HalpIommuInitSystem returned EAX=0x00000000 (success/other) rsp=0xFFFFF8043A675438 exitCount=113629
[iommuret] hit #1788: HalpIommuInitSystem returned EAX=0x00000000 (success/other) rsp=0xFFFFF8043A675438 exitCount=113630
[iommuret] hit #1789: HalpIommuInitSystem returned EAX=0x00000000 (success/other) rsp=0xFFFFF8043A675438 exitCount=113631
[iommuret] hit #1790: HalpIommuInitSystem returned EAX=0x00000000 (success/other) rsp=0xFFFFF8043A675438 exitCount=113632
[iommuret] hit #1791: HalpIommuInitSystem returned EAX=0x00000000 (success/other) rsp=0xFFFFF8043A675438 exitCount=113633
[iommuret] hit #1792: HalpIommuInitSystem returned EAX=0x00000000 (success/other) rsp=0xFFFFF8043A675438 exitCount=113634
[iommuret] hit #1793: HalpIommuInitSystem returned EAX=0x00000000 (success/other) rsp=0xFFFFF8043A675438 exitCount=113635
[iommuret] hit #1794: HalpIommuInitSystem returned EAX=0x00000000 (success/other) rsp=0xFFFFF8043A675438 exitCount=113636
[iommuret] hit #1795: HalpIommuInitSystem returned EAX=0x00000000 (success/other) rsp=0xFFFFF8043A675438 exitCount=113637
[iommuret] hit #1796: HalpIommuInitSystem returned EAX=0x00000000 (success/other) rsp=0xFFFFF8043A675438 exitCount=113638
[iommuret] hit #1797: HalpIommuInitSystem returned EAX=0x00000000 (success/other) rsp=0xFFFFF8043A675438 exitCount=113639
[iommuret] hit #1798: HalpIommuInitSystem returned EAX=0x00000000 (success/other) rsp=0xFFFFF8043A675438 exitCount=113640
[iommuret] hit #1799: HalpIommuInitSystem returned EAX=0x00000000 (success/other) rsp=0xFFFFF8043A675438 exitCount=113641
[iommuret] hit #1800: HalpIommuInitSystem returned EAX=0x00000000 (success/other) rsp=0xFFFFF8043A675438 exitCount=113642
[iommuret] hit #1801: HalpIommuInitSystem returned EAX=0x00000000 (success/other) rsp=0xFFFFF8043A675438 exitCount=113643
[iommuret] hit #1802: HalpIommuInitSystem returned EAX=0x00000000 (success/other) rsp=0xFFFFF8043A675438 exitCount=113644
[iommuret] hit #1803: HalpIommuInitSystem returned EAX=0x00000000 (success/other) rsp=0xFFFFF8043A675438 exitCount=113645
[iommuret] hit #1804: HalpIommuInitSystem returned EAX=0x00000000 (success/other) rsp=0xFFFFF8043A675438 exitCount=113646
[iommuret] hit #1805: HalpIommuInitSystem returned EAX=0x00000000 (success/other) rsp=0xFFFFF8043A675438 exitCount=113647
[iommuret] hit #1806: HalpIommuInitSystem returned EAX=0x00000000 (success/other) rsp=0xFFFFF8043A675438 exitCount=113648
[iommuret] hit #1807: HalpIommuInitSystem returned EAX=0x00000000 (success/other) rsp=0xFFFFF8043A675438 exitCount=113649
[iommuret] hit #1808: HalpIommuInitSystem returned EAX=0x00000000 (success/other) rsp=0xFFFFF8043A675438 exitCount=113650
[iommuret] hit #1809: HalpIommuInitSystem returned EAX=0x00000000 (success/other) rsp=0xFFFFF8043A675438 exitCount=113651
[iommuret] hit #1810: HalpIommuInitSystem returned EAX=0x00000000 (success/other) rsp=0xFFFFF8043A675438 exitCount=113652
[iommuret] hit #1811: HalpIommuInitSystem returned EAX=0x00000000 (success/other) rsp=0xFFFFF8043A675438 exitCount=113653
[iommuret] hit #1812: HalpIommuInitSystem returned EAX=0x00000000 (success/other) rsp=0xFFFFF8043A675438 exitCount=113654
[iommuret] hit #1813: HalpIommuInitSystem returned EAX=0x00000000 (success/other) rsp=0xFFFFF8043A675438 exitCount=113655
[iommuret] hit #1814: HalpIommuInitSystem returned EAX=0x00000000 (success/other) rsp=0xFFFFF8043A675438 exitCount=113656
[iommuret] hit #1815: HalpIommuInitSystem returned EAX=0x00000000 (success/other) rsp=0xFFFFF8043A675438 exitCount=113657
[iommuret] hit #1816: HalpIommuInitSystem returned EAX=0x00000000 (success/other) rsp=0xFFFFF8043A675438 exitCount=113658
[iommuret] hit #1817: HalpIommuInitSystem returned EAX=0x00000000 (success/other) rsp=0xFFFFF8043A675438 exitCount=113659
[iommuret] hit #1818: HalpIommuInitSystem returned EAX=0x00000000 (success/other) rsp=0xFFFFF8043A675438 exitCount=113660
[iommuret] hit #1819: HalpIommuInitSystem returned EAX=0x00000000 (success/other) rsp=0xFFFFF8043A675438 exitCount=113661
[iommuret] hit #1820: HalpIommuInitSystem returned EAX=0x00000000 (success/other) rsp=0xFFFFF8043A675438 exitCount=113662
[iommuret] hit #1821: HalpIommuInitSystem returned EAX=0x00000000 (success/other) rsp=0xFFFFF8043A675438 exitCount=113663
[iommuret] hit #1822: HalpIommuInitSystem returned EAX=0x00000000 (success/other) rsp=0xFFFFF8043A675438 exitCount=113664
[iommuret] hit #1823: HalpIommuInitSystem returned EAX=0x00000000 (success/other) rsp=0xFFFFF8043A675438 exitCount=113665
[iommuret] hit #1824: HalpIommuInitSystem returned EAX=0x00000000 (success/other) rsp=0xFFFFF8043A675438 exitCount=113666
[iommuret] hit #1825: HalpIommuInitSystem returned EAX=0x00000000 (success/other) rsp=0xFFFFF8043A675438 exitCount=113667
[iommuret] hit #1826: HalpIommuInitSystem returned EAX=0x00000000 (success/other) rsp=0xFFFFF8043A675438 exitCount=113668
[iommuret] hit #1827: HalpIommuInitSystem returned EAX=0x00000000 (success/other) rsp=0xFFFFF8043A675438 exitCount=113669
[iommuret] hit #1828: HalpIommuInitSystem returned EAX=0x00000000 (success/other) rsp=0xFFFFF8043A675438 exitCount=113670
[iommuret] hit #1829: HalpIommuInitSystem returned EAX=0x00000000 (success/other) rsp=0xFFFFF8043A675438 exitCount=113671
[iommuret] hit #1830: HalpIommuInitSystem returned EAX=0x00000000 (success/other) rsp=0xFFFFF8043A675438 exitCount=113672
[iommuret] hit #1831: HalpIommuInitSystem returned EAX=0x00000000 (success/other) rsp=0xFFFFF8043A675438 exitCount=113673
[iommuret] hit #1832: HalpIommuInitSystem returned EAX=0x00000000 (success/other) rsp=0xFFFFF8043A675438 exitCount=113674
[iommuret] hit #1833: HalpIommuInitSystem returned EAX=0x00000000 (success/other) rsp=0xFFFFF8043A675438 exitCount=113675
[iommuret] hit #1834: HalpIommuInitSystem returned EAX=0x00000000 (success/other) rsp=0xFFFFF8043A675438 exitCount=113676
[iommuret] hit #1835: HalpIommuInitSystem returned EAX=0x00000000 (success/other) rsp=0xFFFFF8043A675438 exitCount=113677
[iommuret] hit #1836: HalpIommuInitSystem returned EAX=0x00000000 (success/other) rsp=0xFFFFF8043A675438 exitCount=113678
[iommuret] hit #1837: HalpIommuInitSystem returned EAX=0x00000000 (success/other) rsp=0xFFFFF8043A675438 exitCount=113679
[iommuret] hit #1838: HalpIommuInitSystem returned EAX=0x00000000 (success/other) rsp=0xFFFFF8043A675438 exitCount=113680
[iommuret] hit #1839: HalpIommuInitSystem returned EAX=0x00000000 (success/other) rsp=0xFFFFF8043A675438 exitCount=113681
[iommuret] hit #1840: HalpIommuInitSystem returned EAX=0x00000000 (success/other) rsp=0xFFFFF8043A675438 exitCount=113682
[iommuret] hit #1841: HalpIommuInitSystem returned EAX=0x00000000 (success/other) rsp=0xFFFFF8043A675438 exitCount=113683
[iommuret] hit #1842: HalpIommuInitSystem returned EAX=0x00000000 (success/other) rsp=0xFFFFF8043A675438 exitCount=113684
[iommuret] hit #1843: HalpIommuInitSystem returned EAX=0x00000000 (success/other) rsp=0xFFFFF8043A675438 exitCount=113685
[iommuret] hit #1844: HalpIommuInitSystem returned EAX=0x00000000 (success/other) rsp=0xFFFFF8043A675438 exitCount=113686
[iommuret] hit #1845: HalpIommuInitSystem returned EAX=0x00000000 (success/other) rsp=0xFFFFF8043A675438 exitCount=113687
[iommuret] hit #1846: HalpIommuInitSystem returned EAX=0x00000000 (success/other) rsp=0xFFFFF8043A675438 exitCount=113688
[iommuret] hit #1847: HalpIommuInitSystem returned EAX=0x00000000 (success/other) rsp=0xFFFFF8043A675438 exitCount=113689
[iommuret] hit #1848: HalpIommuInitSystem returned EAX=0x00000000 (success/other) rsp=0xFFFFF8043A675438 exitCount=113690
[iommuret] hit #1849: HalpIommuInitSystem returned EAX=0x00000000 (success/other) rsp=0xFFFFF8043A675438 exitCount=113691
[iommuret] hit #1850: HalpIommuInitSystem returned EAX=0x00000000 (success/other) rsp=0xFFFFF8043A675438 exitCount=113692
[iommuret] hit #1851: HalpIommuInitSystem returned EAX=0x00000000 (success/other) rsp=0xFFFFF8043A675438 exitCount=113693
[iommuret] hit #1852: HalpIommuInitSystem returned EAX=0x00000000 (success/other) rsp=0xFFFFF8043A675438 exitCount=113694
[iommuret] hit #1853: HalpIommuInitSystem returned EAX=0x00000000 (success/other) rsp=0xFFFFF8043A675438 exitCount=113695
[iommuret] hit #1854: HalpIommuInitSystem returned EAX=0x00000000 (success/other) rsp=0xFFFFF8043A675438 exitCount=113696
[iommuret] hit #1855: HalpIommuInitSystem returned EAX=0x00000000 (success/other) rsp=0xFFFFF8043A675438 exitCount=113697
[iommuret] hit #1856: HalpIommuInitSystem returned EAX=0x00000000 (success/other) rsp=0xFFFFF8043A675438 exitCount=113698
[iommuret] hit #1857: HalpIommuInitSystem returned EAX=0x00000000 (success/other) rsp=0xFFFFF8043A675438 exitCount=113699
[iommuret] hit #1858: HalpIommuInitSystem returned EAX=0x00000000 (success/other) rsp=0xFFFFF8043A675438 exitCount=113700
[iommuret] hit #1859: HalpIommuInitSystem returned EAX=0x00000000 (success/other) rsp=0xFFFFF8043A675438 exitCount=113701
[iommuret] hit #1860: HalpIommuInitSystem returned EAX=0x00000000 (success/other) rsp=0xFFFFF8043A675438 exitCount=113702
[iommuret] hit #1861: HalpIommuInitSystem returned EAX=0x00000000 (success/other) rsp=0xFFFFF8043A675438 exitCount=113703
[iommuret] hit #1862: HalpIommuInitSystem returned EAX=0x00000000 (success/other) rsp=0xFFFFF8043A675438 exitCount=113704
[iommuret] hit #1863: HalpIommuInitSystem returned EAX=0x00000000 (success/other) rsp=0xFFFFF8043A675438 exitCount=113705
[iommuret] hit #1864: HalpIommuInitSystem returned EAX=0x00000000 (success/other) rsp=0xFFFFF8043A675438 exitCount=113706
[iommuret] hit #1865: HalpIommuInitSystem returned EAX=0x00000000 (success/other) rsp=0xFFFFF8043A675438 exitCount=113707
[iommuret] hit #1866: HalpIommuInitSystem returned EAX=0x00000000 (success/other) rsp=0xFFFFF8043A675438 exitCount=113708
[iommuret] hit #1867: HalpIommuInitSystem returned EAX=0x00000000 (success/other) rsp=0xFFFFF8043A675438 exitCount=113709
[iommuret] hit #1868: HalpIommuInitSystem returned EAX=0x00000000 (success/other) rsp=0xFFFFF8043A675438 exitCount=113710
[iommuret] hit #1869: HalpIommuInitSystem returned EAX=0x00000000 (success/other) rsp=0xFFFFF8043A675438 exitCount=113711
[iommuret] hit #1870: HalpIommuInitSystem returned EAX=0x00000000 (success/other) rsp=0xFFFFF8043A675438 exitCount=113712
[iommuret] hit #1871: HalpIommuInitSystem returned EAX=0x00000000 (success/other) rsp=0xFFFFF8043A675438 exitCount=113713
[iommuret] hit #1872: HalpIommuInitSystem returned EAX=0x00000000 (success/other) rsp=0xFFFFF8043A675438 exitCount=113714
[iommuret] hit #1873: HalpIommuInitSystem returned EAX=0x00000000 (success/other) rsp=0xFFFFF8043A675438 exitCount=113715
[iommuret] hit #1874: HalpIommuInitSystem returned EAX=0x00000000 (success/other) rsp=0xFFFFF8043A675438 exitCount=113716
[iommuret] hit #1875: HalpIommuInitSystem returned EAX=0x00000000 (success/other) rsp=0xFFFFF8043A675438 exitCount=113717
[iommuret] hit #1876: HalpIommuInitSystem returned EAX=0x00000000 (success/other) rsp=0xFFFFF8043A675438 exitCount=113718
[iommuret] hit #1877: HalpIommuInitSystem returned EAX=0x00000000 (success/other) rsp=0xFFFFF8043A675438 exitCount=113719
[iommuret] hit #1878: HalpIommuInitSystem returned EAX=0x00000000 (success/other) rsp=0xFFFFF8043A675438 exitCount=113720
[iommuret] hit #1879: HalpIommuInitSystem returned EAX=0x00000000 (success/other) rsp=0xFFFFF8043A675438 exitCount=113721
[iommuret] hit #1880: HalpIommuInitSystem returned EAX=0x00000000 (success/other) rsp=0xFFFFF8043A675438 exitCount=113722
[iommuret] hit #1881: HalpIommuInitSystem returned EAX=0x00000000 (success/other) rsp=0xFFFFF8043A675438 exitCount=113723
[iommuret] hit #1882: HalpIommuInitSystem returned EAX=0x00000000 (success/other) rsp=0xFFFFF8043A675438 exitCount=113724
[iommuret] hit #1883: HalpIommuInitSystem returned EAX=0x00000000 (success/other) rsp=0xFFFFF8043A675438 exitCount=113725
[iommuret] hit #1884: HalpIommuInitSystem returned EAX=0x00000000 (success/other) rsp=0xFFFFF8043A675438 exitCount=113726
[iommuret] hit #1885: HalpIommuInitSystem returned EAX=0x00000000 (success/other) rsp=0xFFFFF8043A675438 exitCount=113727
[iommuret] hit #1886: HalpIommuInitSystem returned EAX=0x00000000 (success/other) rsp=0xFFFFF8043A675438 exitCount=113728
[iommuret] hit #1887: HalpIommuInitSystem returned EAX=0x00000000 (success/other) rsp=0xFFFFF8043A675438 exitCount=113729
[iommuret] hit #1888: HalpIommuInitSystem returned EAX=0x00000000 (success/other) rsp=0xFFFFF8043A675438 exitCount=113730
[iommuret] hit #1889: HalpIommuInitSystem returned EAX=0x00000000 (success/other) rsp=0xFFFFF8043A675438 exitCount=113731
[iommuret] hit #1890: HalpIommuInitSystem returned EAX=0x00000000 (success/other) rsp=0xFFFFF8043A675438 exitCount=113732
[iommuret] hit #1891: HalpIommuInitSystem returned EAX=0x00000000 (success/other) rsp=0xFFFFF8043A675438 exitCount=113733
[iommuret] hit #1892: HalpIommuInitSystem returned EAX=0x00000000 (success/other) rsp=0xFFFFF8043A675438 exitCount=113734
[iommuret] hit #1893: HalpIommuInitSystem returned EAX=0x00000000 (success/other) rsp=0xFFFFF8043A675438 exitCount=113735
[iommuret] hit #1894: HalpIommuInitSystem returned EAX=0x00000000 (success/other) rsp=0xFFFFF8043A675438 exitCount=113736
[iommuret] hit #1895: HalpIommuInitSystem returned EAX=0x00000000 (success/other) rsp=0xFFFFF8043A675438 exitCount=113737
[iommuret] hit #1896: HalpIommuInitSystem returned EAX=0x00000000 (success/other) rsp=0xFFFFF8043A675438 exitCount=113738
[iommuret] hit #1897: HalpIommuInitSystem returned EAX=0x00000000 (success/other) rsp=0xFFFFF8043A675438 exitCount=113739
[iommuret] hit #1898: HalpIommuInitSystem returned EAX=0x00000000 (success/other) rsp=0xFFFFF8043A675438 exitCount=113740
[iommuret] hit #1899: HalpIommuInitSystem returned EAX=0x00000000 (success/other) rsp=0xFFFFF8043A675438 exitCount=113741
[iommuret] hit #1900: HalpIommuInitSystem returned EAX=0x00000000 (success/other) rsp=0xFFFFF8043A675438 exitCount=113742
[iommuret] hit #1901: HalpIommuInitSystem returned EAX=0x00000000 (success/other) rsp=0xFFFFF8043A675438 exitCount=113743
[iommuret] hit #1902: HalpIommuInitSystem returned EAX=0x00000000 (success/other) rsp=0xFFFFF8043A675438 exitCount=113744
[iommuret] hit #1903: HalpIommuInitSystem returned EAX=0x00000000 (success/other) rsp=0xFFFFF8043A675438 exitCount=113745
[iommuret] hit #1904: HalpIommuInitSystem returned EAX=0x00000000 (success/other) rsp=0xFFFFF8043A675438 exitCount=113746
[iommuret] hit #1905: HalpIommuInitSystem returned EAX=0x00000000 (success/other) rsp=0xFFFFF8043A675438 exitCount=113747
[iommuret] hit #1906: HalpIommuInitSystem returned EAX=0x00000000 (success/other) rsp=0xFFFFF8043A675438 exitCount=113748
[iommuret] hit #1907: HalpIommuInitSystem returned EAX=0x00000000 (success/other) rsp=0xFFFFF8043A675438 exitCount=113749
[iommuret] hit #1908: HalpIommuInitSystem returned EAX=0x00000000 (success/other) rsp=0xFFFFF8043A675438 exitCount=113750
[iommuret] hit #1909: HalpIommuInitSystem returned EAX=0x00000000 (success/other) rsp=0xFFFFF8043A675438 exitCount=113751
[iommuret] hit #1910: HalpIommuInitSystem returned EAX=0x00000000 (success/other) rsp=0xFFFFF8043A675438 exitCount=113752
[iommuret] hit #1911: HalpIommuInitSystem returned EAX=0x00000000 (success/other) rsp=0xFFFFF8043A675438 exitCount=113753
[iommuret] hit #1912: HalpIommuInitSystem returned EAX=0x00000000 (success/other) rsp=0xFFFFF8043A675438 exitCount=113754
[iommuret] hit #1913: HalpIommuInitSystem returned EAX=0x00000000 (success/other) rsp=0xFFFFF8043A675438 exitCount=113755
[iommuret] hit #1914: HalpIommuInitSystem returned EAX=0x00000000 (success/other) rsp=0xFFFFF8043A675438 exitCount=113756
[iommuret] hit #1915: HalpIommuInitSystem returned EAX=0x00000000 (success/other) rsp=0xFFFFF8043A675438 exitCount=113757
[iommuret] hit #1916: HalpIommuInitSystem returned EAX=0x00000000 (success/other) rsp=0xFFFFF8043A675438 exitCount=113758
[iommuret] hit #1917: HalpIommuInitSystem returned EAX=0x00000000 (success/other) rsp=0xFFFFF8043A675438 exitCount=113759
[iommuret] hit #1918: HalpIommuInitSystem returned EAX=0x00000000 (success/other) rsp=0xFFFFF8043A675438 exitCount=113760
[iommuret] hit #1919: HalpIommuInitSystem returned EAX=0x00000000 (success/other) rsp=0xFFFFF8043A675438 exitCount=113761
[iommuret] hit #1920: HalpIommuInitSystem returned EAX=0x00000000 (success/other) rsp=0xFFFFF8043A675438 exitCount=113762
[iommuret] hit #1921: HalpIommuInitSystem returned EAX=0x00000000 (success/other) rsp=0xFFFFF8043A675438 exitCount=113763
[iommuret] hit #1922: HalpIommuInitSystem returned EAX=0x00000000 (success/other) rsp=0xFFFFF8043A675438 exitCount=113764
[iommuret] hit #1923: HalpIommuInitSystem returned EAX=0x00000000 (success/other) rsp=0xFFFFF8043A675438 exitCount=113765
[iommuret] hit #1924: HalpIommuInitSystem returned EAX=0x00000000 (success/other) rsp=0xFFFFF8043A675438 exitCount=113766
[iommuret] hit #1925: HalpIommuInitSystem returned EAX=0x00000000 (success/other) rsp=0xFFFFF8043A675438 exitCount=113767
[iommuret] hit #1926: HalpIommuInitSystem returned EAX=0x00000000 (success/other) rsp=0xFFFFF8043A675438 exitCount=113768
[iommuret] hit #1927: HalpIommuInitSystem returned EAX=0x00000000 (success/other) rsp=0xFFFFF8043A675438 exitCount=113769
[iommuret] hit #1928: HalpIommuInitSystem returned EAX=0x00000000 (success/other) rsp=0xFFFFF8043A675438 exitCount=113770
[iommuret] hit #1929: HalpIommuInitSystem returned EAX=0x00000000 (success/other) rsp=0xFFFFF8043A675438 exitCount=113771
[iommuret] hit #1930: HalpIommuInitSystem returned EAX=0x00000000 (success/other) rsp=0xFFFFF8043A675438 exitCount=113772
[iommuret] hit #1931: HalpIommuInitSystem returned EAX=0x00000000 (success/other) rsp=0xFFFFF8043A675438 exitCount=113773
[iommuret] hit #1932: HalpIommuInitSystem returned EAX=0x00000000 (success/other) rsp=0xFFFFF8043A675438 exitCount=113774
[iommuret] hit #1933: HalpIommuInitSystem returned EAX=0x00000000 (success/other) rsp=0xFFFFF8043A675438 exitCount=113775
[iommuret] hit #1934: HalpIommuInitSystem returned EAX=0x00000000 (success/other) rsp=0xFFFFF8043A675438 exitCount=113776
[iommuret] hit #1935: HalpIommuInitSystem returned EAX=0x00000000 (success/other) rsp=0xFFFFF8043A675438 exitCount=113777
[iommuret] hit #1936: HalpIommuInitSystem returned EAX=0x00000000 (success/other) rsp=0xFFFFF8043A675438 exitCount=113778
[iommuret] hit #1937: HalpIommuInitSystem returned EAX=0x00000000 (success/other) rsp=0xFFFFF8043A675438 exitCount=113779
[iommuret] hit #1938: HalpIommuInitSystem returned EAX=0x00000000 (success/other) rsp=0xFFFFF8043A675438 exitCount=113780
[iommuret] hit #1939: HalpIommuInitSystem returned EAX=0x00000000 (success/other) rsp=0xFFFFF8043A675438 exitCount=113781
[iommuret] hit #1940: HalpIommuInitSystem returned EAX=0x00000000 (success/other) rsp=0xFFFFF8043A675438 exitCount=113782
[iommuret] hit #1941: HalpIommuInitSystem returned EAX=0x00000000 (success/other) rsp=0xFFFFF8043A675438 exitCount=113783
[iommuret] hit #1942: HalpIommuInitSystem returned EAX=0x00000000 (success/other) rsp=0xFFFFF8043A675438 exitCount=113784
[iommuret] hit #1943: HalpIommuInitSystem returned EAX=0x00000000 (success/other) rsp=0xFFFFF8043A675438 exitCount=113785
[iommuret] hit #1944: HalpIommuInitSystem returned EAX=0x00000000 (success/other) rsp=0xFFFFF8043A675438 exitCount=113786
[iommuret] hit #1945: HalpIommuInitSystem returned EAX=0x00000000 (success/other) rsp=0xFFFFF8043A675438 exitCount=113787
[iommuret] hit #1946: HalpIommuInitSystem returned EAX=0x00000000 (success/other) rsp=0xFFFFF8043A675438 exitCount=113788
[iommuret] hit #1947: HalpIommuInitSystem returned EAX=0x00000000 (success/other) rsp=0xFFFFF8043A675438 exitCount=113789
[iommuret] hit #1948: HalpIommuInitSystem returned EAX=0x00000000 (success/other) rsp=0xFFFFF8043A675438 exitCount=113790
[iommuret] hit #1949: HalpIommuInitSystem returned EAX=0x00000000 (success/other) rsp=0xFFFFF8043A675438 exitCount=113791
[iommuret] hit #1950: HalpIommuInitSystem returned EAX=0x00000000 (success/other) rsp=0xFFFFF8043A675438 exitCount=113792
[iommuret] hit #1951: HalpIommuInitSystem returned EAX=0x00000000 (success/other) rsp=0xFFFFF8043A675438 exitCount=113793
[iommuret] hit #1952: HalpIommuInitSystem returned EAX=0x00000000 (success/other) rsp=0xFFFFF8043A675438 exitCount=113794
[iommuret] hit #1953: HalpIommuInitSystem returned EAX=0x00000000 (success/other) rsp=0xFFFFF8043A675438 exitCount=113795
[iommuret] hit #1954: HalpIommuInitSystem returned EAX=0x00000000 (success/other) rsp=0xFFFFF8043A675438 exitCount=113796
[iommuret] hit #1955: HalpIommuInitSystem returned EAX=0x00000000 (success/other) rsp=0xFFFFF8043A675438 exitCount=113797
[iommuret] hit #1956: HalpIommuInitSystem returned EAX=0x00000000 (success/other) rsp=0xFFFFF8043A675438 exitCount=113798
[iommuret] hit #1957: HalpIommuInitSystem returned EAX=0x00000000 (success/other) rsp=0xFFFFF8043A675438 exitCount=113799
[iommuret] hit #1958: HalpIommuInitSystem returned EAX=0x00000000 (success/other) rsp=0xFFFFF8043A675438 exitCount=113800
[iommuret] hit #1959: HalpIommuInitSystem returned EAX=0x00000000 (success/other) rsp=0xFFFFF8043A675438 exitCount=113801
[iommuret] hit #1960: HalpIommuInitSystem returned EAX=0x00000000 (success/other) rsp=0xFFFFF8043A675438 exitCount=113802
[iommuret] hit #1961: HalpIommuInitSystem returned EAX=0x00000000 (success/other) rsp=0xFFFFF8043A675438 exitCount=113803
[iommuret] hit #1962: HalpIommuInitSystem returned EAX=0x00000000 (success/other) rsp=0xFFFFF8043A675438 exitCount=113804
[iommuret] hit #1963: HalpIommuInitSystem returned EAX=0x00000000 (success/other) rsp=0xFFFFF8043A675438 exitCount=113805
[iommuret] hit #1964: HalpIommuInitSystem returned EAX=0x00000000 (success/other) rsp=0xFFFFF8043A675438 exitCount=113806
[iommuret] hit #1965: HalpIommuInitSystem returned EAX=0x00000000 (success/other) rsp=0xFFFFF8043A675438 exitCount=113807
[iommuret] hit #1966: HalpIommuInitSystem returned EAX=0x00000000 (success/other) rsp=0xFFFFF8043A675438 exitCount=113808
[iommuret] hit #1967: HalpIommuInitSystem returned EAX=0x00000000 (success/other) rsp=0xFFFFF8043A675438 exitCount=113809
[iommuret] hit #1968: HalpIommuInitSystem returned EAX=0x00000000 (success/other) rsp=0xFFFFF8043A675438 exitCount=113810
[iommuret] hit #1969: HalpIommuInitSystem returned EAX=0x00000000 (success/other) rsp=0xFFFFF8043A675438 exitCount=113811
[iommuret] hit #1970: HalpIommuInitSystem returned EAX=0x00000000 (success/other) rsp=0xFFFFF8043A675438 exitCount=113812
[iommuret] hit #1971: HalpIommuInitSystem returned EAX=0x00000000 (success/other) rsp=0xFFFFF8043A675438 exitCount=113813
[iommuret] hit #1972: HalpIommuInitSystem returned EAX=0x00000000 (success/other) rsp=0xFFFFF8043A675438 exitCount=113814
[iommuret] hit #1973: HalpIommuInitSystem returned EAX=0x00000000 (success/other) rsp=0xFFFFF8043A675438 exitCount=113815
[iommuret] hit #1974: HalpIommuInitSystem returned EAX=0x00000000 (success/other) rsp=0xFFFFF8043A675438 exitCount=113816
[iommuret] hit #1975: HalpIommuInitSystem returned EAX=0x00000000 (success/other) rsp=0xFFFFF8043A675438 exitCount=113817
[iommuret] hit #1976: HalpIommuInitSystem returned EAX=0x00000000 (success/other) rsp=0xFFFFF8043A675438 exitCount=113818
[iommuret] hit #1977: HalpIommuInitSystem returned EAX=0x00000000 (success/other) rsp=0xFFFFF8043A675438 exitCount=113819
[iommuret] hit #1978: HalpIommuInitSystem returned EAX=0x00000000 (success/other) rsp=0xFFFFF8043A675438 exitCount=113820
[iommuret] hit #1979: HalpIommuInitSystem returned EAX=0x00000000 (success/other) rsp=0xFFFFF8043A675438 exitCount=113821
[iommuret] hit #1980: HalpIommuInitSystem returned EAX=0x00000000 (success/other) rsp=0xFFFFF8043A675438 exitCount=113822
[iommuret] hit #1981: HalpIommuInitSystem returned EAX=0x00000000 (success/other) rsp=0xFFFFF8043A675438 exitCount=113823
[iommuret] hit #1982: HalpIommuInitSystem returned EAX=0x00000000 (success/other) rsp=0xFFFFF8043A675438 exitCount=113824
[iommuret] hit #1983: HalpIommuInitSystem returned EAX=0x00000000 (success/other) rsp=0xFFFFF8043A675438 exitCount=113825
[iommuret] hit #1984: HalpIommuInitSystem returned EAX=0x00000000 (success/other) rsp=0xFFFFF8043A675438 exitCount=113826
[iommuret] hit #1985: HalpIommuInitSystem returned EAX=0x00000000 (success/other) rsp=0xFFFFF8043A675438 exitCount=113827
[iommuret] hit #1986: HalpIommuInitSystem returned EAX=0x00000000 (success/other) rsp=0xFFFFF8043A675438 exitCount=113828
[iommuret] hit #1987: HalpIommuInitSystem returned EAX=0x00000000 (success/other) rsp=0xFFFFF8043A675438 exitCount=113829
[iommuret] hit #1988: HalpIommuInitSystem returned EAX=0x00000000 (success/other) rsp=0xFFFFF8043A675438 exitCount=113830
[iommuret] hit #1989: HalpIommuInitSystem returned EAX=0x00000000 (success/other) rsp=0xFFFFF8043A675438 exitCount=113831
[iommuret] hit #1990: HalpIommuInitSystem returned EAX=0x00000000 (success/other) rsp=0xFFFFF8043A675438 exitCount=113832
[iommuret] hit #1991: HalpIommuInitSystem returned EAX=0x00000000 (success/other) rsp=0xFFFFF8043A675438 exitCount=113833
[iommuret] hit #1992: HalpIommuInitSystem returned EAX=0x00000000 (success/other) rsp=0xFFFFF8043A675438 exitCount=113834
[iommuret] hit #1993: HalpIommuInitSystem returned EAX=0x00000000 (success/other) rsp=0xFFFFF8043A675438 exitCount=113835
[iommuret] hit #1994: HalpIommuInitSystem returned EAX=0x00000000 (success/other) rsp=0xFFFFF8043A675438 exitCount=113836
[iommuret] hit #1995: HalpIommuInitSystem returned EAX=0x00000000 (success/other) rsp=0xFFFFF8043A675438 exitCount=113837
[iommuret] hit #1996: HalpIommuInitSystem returned EAX=0x00000000 (success/other) rsp=0xFFFFF8043A675438 exitCount=113838
[iommuret] hit #1997: HalpIommuInitSystem returned EAX=0x00000000 (success/other) rsp=0xFFFFF8043A675438 exitCount=113839
[iommuret] hit #1998: HalpIommuInitSystem returned EAX=0x00000000 (success/other) rsp=0xFFFFF8043A675438 exitCount=113840
[iommuret] hit #1999: HalpIommuInitSystem returned EAX=0x00000000 (success/other) rsp=0xFFFFF8043A675438 exitCount=113841
[iommuret] hit #2000: HalpIommuInitSystem returned EAX=0x00000000 (success/other) rsp=0xFFFFF8043A675438 exitCount=113842
[iommuret] hit #2001: HalpIommuInitSystem returned EAX=0x00000000 (success/other) rsp=0xFFFFF8043A675438 exitCount=113843
[iommuret] hit #2002: HalpIommuInitSystem returned EAX=0x00000000 (success/other) rsp=0xFFFFF8043A675438 exitCount=113844
[iommuret] hit #2003: HalpIommuInitSystem returned EAX=0x00000000 (success/other) rsp=0xFFFFF8043A675438 exitCount=113845
[iommuret] hit #2004: HalpIommuInitSystem returned EAX=0x00000000 (success/other) rsp=0xFFFFF8043A675438 exitCount=113846
[iommuret] hit #2005: HalpIommuInitSystem returned EAX=0x00000000 (success/other) rsp=0xFFFFF8043A675438 exitCount=113847
[iommuret] hit #2006: HalpIommuInitSystem returned EAX=0x00000000 (success/other) rsp=0xFFFFF8043A675438 exitCount=113848
[iommuret] hit #2007: HalpIommuInitSystem returned EAX=0x00000000 (success/other) rsp=0xFFFFF8043A675438 exitCount=113849
[iommuret] hit #2008: HalpIommuInitSystem returned EAX=0x00000000 (success/other) rsp=0xFFFFF8043A675438 exitCount=113850
[iommuret] hit #2009: HalpIommuInitSystem returned EAX=0x00000000 (success/other) rsp=0xFFFFF8043A675438 exitCount=113851
[iommuret] hit #2010: HalpIommuInitSystem returned EAX=0x00000000 (success/other) rsp=0xFFFFF8043A675438 exitCount=113852
[iommuret] hit #2011: HalpIommuInitSystem returned EAX=0x00000000 (success/other) rsp=0xFFFFF8043A675438 exitCount=113853
[iommuret] hit #2012: HalpIommuInitSystem returned EAX=0x00000000 (success/other) rsp=0xFFFFF8043A675438 exitCount=113854
[iommuret] hit #2013: HalpIommuInitSystem returned EAX=0x00000000 (success/other) rsp=0xFFFFF8043A675438 exitCount=113855
[iommuret] hit #2014: HalpIommuInitSystem returned EAX=0x00000000 (success/other) rsp=0xFFFFF8043A675438 exitCount=113856
[iommuret] hit #2015: HalpIommuInitSystem returned EAX=0x00000000 (success/other) rsp=0xFFFFF8043A675438 exitCount=113857
[iommuret] hit #2016: HalpIommuInitSystem returned EAX=0x00000000 (success/other) rsp=0xFFFFF8043A675438 exitCount=113858
[iommuret] hit #2017: HalpIommuInitSystem returned EAX=0x00000000 (success/other) rsp=0xFFFFF8043A675438 exitCount=113859
[iommuret] hit #2018: HalpIommuInitSystem returned EAX=0x00000000 (success/other) rsp=0xFFFFF8043A675438 exitCount=113860
[iommuret] hit #2019: HalpIommuInitSystem returned EAX=0x00000000 (success/other) rsp=0xFFFFF8043A675438 exitCount=113861
[iommuret] hit #2020: HalpIommuInitSystem returned EAX=0x00000000 (success/other) rsp=0xFFFFF8043A675438 exitCount=113862
[iommuret] hit #2021: HalpIommuInitSystem returned EAX=0x00000000 (success/other) rsp=0xFFFFF8043A675438 exitCount=113863
[iommuret] hit #2022: HalpIommuInitSystem returned EAX=0x00000000 (success/other) rsp=0xFFFFF8043A675438 exitCount=113864
[iommuret] hit #2023: HalpIommuInitSystem returned EAX=0x00000000 (success/other) rsp=0xFFFFF8043A675438 exitCount=113865
[iommuret] hit #2024: HalpIommuInitSystem returned EAX=0x00000000 (success/other) rsp=0xFFFFF8043A675438 exitCount=113866
[iommuret] hit #2025: HalpIommuInitSystem returned EAX=0x00000000 (success/other) rsp=0xFFFFF8043A675438 exitCount=113867
[iommuret] hit #2026: HalpIommuInitSystem returned EAX=0x00000000 (success/other) rsp=0xFFFFF8043A675438 exitCount=113868
[iommuret] hit #2027: HalpIommuInitSystem returned EAX=0x00000000 (success/other) rsp=0xFFFFF8043A675438 exitCount=113869
[iommuret] hit #2028: HalpIommuInitSystem returned EAX=0x00000000 (success/other) rsp=0xFFFFF8043A675438 exitCount=113870
[iommuret] hit #2029: HalpIommuInitSystem returned EAX=0x00000000 (success/other) rsp=0xFFFFF8043A675438 exitCount=113871
[iommuret] hit #2030: HalpIommuInitSystem returned EAX=0x00000000 (success/other) rsp=0xFFFFF8043A675438 exitCount=113872
[iommuret] hit #2031: HalpIommuInitSystem returned EAX=0x00000000 (success/other) rsp=0xFFFFF8043A675438 exitCount=113873
[iommuret] hit #2032: HalpIommuInitSystem returned EAX=0x00000000 (success/other) rsp=0xFFFFF8043A675438 exitCount=113874
[iommuret] hit #2033: HalpIommuInitSystem returned EAX=0x00000000 (success/other) rsp=0xFFFFF8043A675438 exitCount=113875
[iommuret] hit #2034: HalpIommuInitSystem returned EAX=0x00000000 (success/other) rsp=0xFFFFF8043A675438 exitCount=113876
[iommuret] hit #2035: HalpIommuInitSystem returned EAX=0x00000000 (success/other) rsp=0xFFFFF8043A675438 exitCount=113877
[iommuret] hit #2036: HalpIommuInitSystem returned EAX=0x00000000 (success/other) rsp=0xFFFFF8043A675438 exitCount=113878
[iommuret] hit #2037: HalpIommuInitSystem returned EAX=0x00000000 (success/other) rsp=0xFFFFF8043A675438 exitCount=113879
[iommuret] hit #2038: HalpIommuInitSystem returned EAX=0x00000000 (success/other) rsp=0xFFFFF8043A675438 exitCount=113880
[iommuret] hit #2039: HalpIommuInitSystem returned EAX=0x00000000 (success/other) rsp=0xFFFFF8043A675438 exitCount=113881
[iommuret] hit #2040: HalpIommuInitSystem returned EAX=0x00000000 (success/other) rsp=0xFFFFF8043A675438 exitCount=113882
[iommuret] hit #2041: HalpIommuInitSystem returned EAX=0x00000000 (success/other) rsp=0xFFFFF8043A675438 exitCount=113883
[iommuret] hit #2042: HalpIommuInitSystem returned EAX=0x00000000 (success/other) rsp=0xFFFFF8043A675438 exitCount=113884
[iommuret] hit #2043: HalpIommuInitSystem returned EAX=0x00000000 (success/other) rsp=0xFFFFF8043A675438 exitCount=113885
[iommuret] hit #2044: HalpIommuInitSystem returned EAX=0x00000000 (success/other) rsp=0xFFFFF8043A675438 exitCount=113886
[iommuret] hit #2045: HalpIommuInitSystem returned EAX=0x00000000 (success/other) rsp=0xFFFFF8043A675438 exitCount=113887
[iommuret] hit #2046: HalpIommuInitSystem returned EAX=0x00000000 (success/other) rsp=0xFFFFF8043A675438 exitCount=113888
[iommuret] hit #2047: HalpIommuInitSystem returned EAX=0x00000000 (success/other) rsp=0xFFFFF8043A675438 exitCount=113889
[iommuret] hit #2048: HalpIommuInitSystem returned EAX=0x00000000 (success/other) rsp=0xFFFFF8043A675438 exitCount=113890
[iommuret] hit #2049: HalpIommuInitSystem returned EAX=0x00000000 (success/other) rsp=0xFFFFF8043A675438 exitCount=113891
[iommuret] hit #2050: HalpIommuInitSystem returned EAX=0x00000000 (success/other) rsp=0xFFFFF8043A675438 exitCount=113892
[iommuret] hit #2051: HalpIommuInitSystem returned EAX=0x00000000 (success/other) rsp=0xFFFFF8043A675438 exitCount=113893
[iommuret] hit #2052: HalpIommuInitSystem returned EAX=0x00000000 (success/other) rsp=0xFFFFF8043A675438 exitCount=113894
[iommuret] hit #2053: HalpIommuInitSystem returned EAX=0x00000000 (success/other) rsp=0xFFFFF8043A675438 exitCount=113895
[iommuret] hit #2054: HalpIommuInitSystem returned EAX=0x00000000 (success/other) rsp=0xFFFFF8043A675438 exitCount=113896
[iommuret] hit #2055: HalpIommuInitSystem returned EAX=0x00000000 (success/other) rsp=0xFFFFF8043A675438 exitCount=113897
[iommuret] hit #2056: HalpIommuInitSystem returned EAX=0x00000000 (success/other) rsp=0xFFFFF8043A675438 exitCount=113898
[iommuret] hit #2057: HalpIommuInitSystem returned EAX=0x00000000 (success/other) rsp=0xFFFFF8043A675438 exitCount=113899
[iommuret] hit #2058: HalpIommuInitSystem returned EAX=0x00000000 (success/other) rsp=0xFFFFF8043A675438 exitCount=113900
[iommuret] hit #2059: HalpIommuInitSystem returned EAX=0x00000000 (success/other) rsp=0xFFFFF8043A675438 exitCount=113901
[iommuret] hit #2060: HalpIommuInitSystem returned EAX=0x00000000 (success/other) rsp=0xFFFFF8043A675438 exitCount=113902
[iommuret] hit #2061: HalpIommuInitSystem returned EAX=0x00000000 (success/other) rsp=0xFFFFF8043A675438 exitCount=113903
[iommuret] hit #2062: HalpIommuInitSystem returned EAX=0x00000000 (success/other) rsp=0xFFFFF8043A675438 exitCount=113904
[iommuret] hit #2063: HalpIommuInitSystem returned EAX=0x00000000 (success/other) rsp=0xFFFFF8043A675438 exitCount=113905
[iommuret] hit #2064: HalpIommuInitSystem returned EAX=0x00000000 (success/other) rsp=0xFFFFF8043A675438 exitCount=113906
[iommuret] hit #2065: HalpIommuInitSystem returned EAX=0x00000000 (success/other) rsp=0xFFFFF8043A675438 exitCount=113907
[iommuret] hit #2066: HalpIommuInitSystem returned EAX=0x00000000 (success/other) rsp=0xFFFFF8043A675438 exitCount=113908
[iommuret] hit #2067: HalpIommuInitSystem returned EAX=0x00000000 (success/other) rsp=0xFFFFF8043A675438 exitCount=113909
[iommuret] hit #2068: HalpIommuInitSystem returned EAX=0x00000000 (success/other) rsp=0xFFFFF8043A675438 exitCount=113910
[iommuret] hit #2069: HalpIommuInitSystem returned EAX=0x00000000 (success/other) rsp=0xFFFFF8043A675438 exitCount=113911
[iommuret] hit #2070: HalpIommuInitSystem returned EAX=0x00000000 (success/other) rsp=0xFFFFF8043A675438 exitCount=113912
[iommuret] hit #2071: HalpIommuInitSystem returned EAX=0x00000000 (success/other) rsp=0xFFFFF8043A675438 exitCount=113913
[iommuret] hit #2072: HalpIommuInitSystem returned EAX=0x00000000 (success/other) rsp=0xFFFFF8043A675438 exitCount=113914
[iommuret] hit #2073: HalpIommuInitSystem returned EAX=0x00000000 (success/other) rsp=0xFFFFF8043A675438 exitCount=113915
[iommuret] hit #2074: HalpIommuInitSystem returned EAX=0x00000000 (success/other) rsp=0xFFFFF8043A675438 exitCount=113916
[iommuret] hit #2075: HalpIommuInitSystem returned EAX=0x00000000 (success/other) rsp=0xFFFFF8043A675438 exitCount=113917
[iommuret] hit #2076: HalpIommuInitSystem returned EAX=0x00000000 (success/other) rsp=0xFFFFF8043A675438 exitCount=113918
[iommuret] hit #2077: HalpIommuInitSystem returned EAX=0x00000000 (success/other) rsp=0xFFFFF8043A675438 exitCount=113919
[iommuret] hit #2078: HalpIommuInitSystem returned EAX=0x00000000 (success/other) rsp=0xFFFFF8043A675438 exitCount=113920
[iommuret] hit #2079: HalpIommuInitSystem returned EAX=0x00000000 (success/other) rsp=0xFFFFF8043A675438 exitCount=113921
[iommuret] hit #2080: HalpIommuInitSystem returned EAX=0x00000000 (success/other) rsp=0xFFFFF8043A675438 exitCount=113922
[iommuret] hit #2081: HalpIommuInitSystem returned EAX=0x00000000 (success/other) rsp=0xFFFFF8043A675438 exitCount=113923
[iommuret] hit #2082: HalpIommuInitSystem returned EAX=0x00000000 (success/other) rsp=0xFFFFF8043A675438 exitCount=113924
[iommuret] hit #2083: HalpIommuInitSystem returned EAX=0x00000000 (success/other) rsp=0xFFFFF8043A675438 exitCount=113925
[iommuret] hit #2084: HalpIommuInitSystem returned EAX=0x00000000 (success/other) rsp=0xFFFFF8043A675438 exitCount=113926
[iommuret] hit #2085: HalpIommuInitSystem returned EAX=0x00000000 (success/other) rsp=0xFFFFF8043A675438 exitCount=113927
[iommuret] hit #2086: HalpIommuInitSystem returned EAX=0x00000000 (success/other) rsp=0xFFFFF8043A675438 exitCount=113928
[iommuret] hit #2087: HalpIommuInitSystem returned EAX=0x00000000 (success/other) rsp=0xFFFFF8043A675438 exitCount=113929
[iommuret] hit #2088: HalpIommuInitSystem returned EAX=0x00000000 (success/other) rsp=0xFFFFF8043A675438 exitCount=113930
[iommuret] hit #2089: HalpIommuInitSystem returned EAX=0x00000000 (success/other) rsp=0xFFFFF8043A675438 exitCount=113931
[iommuret] hit #2090: HalpIommuInitSystem returned EAX=0x00000000 (success/other) rsp=0xFFFFF8043A675438 exitCount=113932
[iommuret] hit #2091: HalpIommuInitSystem returned EAX=0x00000000 (success/other) rsp=0xFFFFF8043A675438 exitCount=113933
[iommuret] hit #2092: HalpIommuInitSystem returned EAX=0x00000000 (success/other) rsp=0xFFFFF8043A675438 exitCount=113934
[iommuret] hit #2093: HalpIommuInitSystem returned EAX=0x00000000 (success/other) rsp=0xFFFFF8043A675438 exitCount=113935
[iommuret] hit #2094: HalpIommuInitSystem returned EAX=0x00000000 (success/other) rsp=0xFFFFF8043A675438 exitCount=113936
[iommuret] hit #2095: HalpIommuInitSystem returned EAX=0x00000000 (success/other) rsp=0xFFFFF8043A675438 exitCount=113937
[iommuret] hit #2096: HalpIommuInitSystem returned EAX=0x00000000 (success/other) rsp=0xFFFFF8043A675438 exitCount=113938
[iommuret] hit #2097: HalpIommuInitSystem returned EAX=0x00000000 (success/other) rsp=0xFFFFF8043A675438 exitCount=113939
[iommuret] hit #2098: HalpIommuInitSystem returned EAX=0x00000000 (success/other) rsp=0xFFFFF8043A675438 exitCount=113940
[iommuret] hit #2099: HalpIommuInitSystem returned EAX=0x00000000 (success/other) rsp=0xFFFFF8043A675438 exitCount=113941
[iommuret] hit #2100: HalpIommuInitSystem returned EAX=0x00000000 (success/other) rsp=0xFFFFF8043A675438 exitCount=113942
[iommuret] hit #2101: HalpIommuInitSystem returned EAX=0x00000000 (success/other) rsp=0xFFFFF8043A675438 exitCount=113943
[iommuret] hit #2102: HalpIommuInitSystem returned EAX=0x00000000 (success/other) rsp=0xFFFFF8043A675438 exitCount=113944
[iommuret] hit #2103: HalpIommuInitSystem returned EAX=0x00000000 (success/other) rsp=0xFFFFF8043A675438 exitCount=113945
[iommuret] hit #2104: HalpIommuInitSystem returned EAX=0x00000000 (success/other) rsp=0xFFFFF8043A675438 exitCount=113946
[iommuret] hit #2105: HalpIommuInitSystem returned EAX=0x00000000 (success/other) rsp=0xFFFFF8043A675438 exitCount=113947
[iommuret] hit #2106: HalpIommuInitSystem returned EAX=0x00000000 (success/other) rsp=0xFFFFF8043A675438 exitCount=113948
[iommuret] hit #2107: HalpIommuInitSystem returned EAX=0x00000000 (success/other) rsp=0xFFFFF8043A675438 exitCount=113949
[iommuret] hit #2108: HalpIommuInitSystem returned EAX=0x00000000 (success/other) rsp=0xFFFFF8043A675438 exitCount=113950
[iommuret] hit #2109: HalpIommuInitSystem returned EAX=0x00000000 (success/other) rsp=0xFFFFF8043A675438 exitCount=113951
[iommuret] hit #2110: HalpIommuInitSystem returned EAX=0x00000000 (success/other) rsp=0xFFFFF8043A675438 exitCount=113952
[iommuret] hit #2111: HalpIommuInitSystem returned EAX=0x00000000 (success/other) rsp=0xFFFFF8043A675438 exitCount=113953
[iommuret] hit #2112: HalpIommuInitSystem returned EAX=0x00000000 (success/other) rsp=0xFFFFF8043A675438 exitCount=113954
[iommuret] hit #2113: HalpIommuInitSystem returned EAX=0x00000000 (success/other) rsp=0xFFFFF8043A675438 exitCount=113955
[iommuret] hit #2114: HalpIommuInitSystem returned EAX=0x00000000 (success/other) rsp=0xFFFFF8043A675438 exitCount=113956
[iommuret] hit #2115: HalpIommuInitSystem returned EAX=0x00000000 (success/other) rsp=0xFFFFF8043A675438 exitCount=113957
[iommuret] hit #2116: HalpIommuInitSystem returned EAX=0x00000000 (success/other) rsp=0xFFFFF8043A675438 exitCount=113958
[iommuret] hit #2117: HalpIommuInitSystem returned EAX=0x00000000 (success/other) rsp=0xFFFFF8043A675438 exitCount=113959
[iommuret] hit #2118: HalpIommuInitSystem returned EAX=0x00000000 (success/other) rsp=0xFFFFF8043A675438 exitCount=113960
[iommuret] hit #2119: HalpIommuInitSystem returned EAX=0x00000000 (success/other) rsp=0xFFFFF8043A675438 exitCount=113961
[iommuret] hit #2120: HalpIommuInitSystem returned EAX=0x00000000 (success/other) rsp=0xFFFFF8043A675438 exitCount=113962
[iommuret] hit #2121: HalpIommuInitSystem returned EAX=0x00000000 (success/other) rsp=0xFFFFF8043A675438 exitCount=113963
[iommuret] hit #2122: HalpIommuInitSystem returned EAX=0x00000000 (success/other) rsp=0xFFFFF8043A675438 exitCount=113964
[iommuret] hit #2123: HalpIommuInitSystem returned EAX=0x00000000 (success/other) rsp=0xFFFFF8043A675438 exitCount=113965
[iommuret] hit #2124: HalpIommuInitSystem returned EAX=0x00000000 (success/other) rsp=0xFFFFF8043A675438 exitCount=113966
[iommuret] hit #2125: HalpIommuInitSystem returned EAX=0x00000000 (success/other) rsp=0xFFFFF8043A675438 exitCount=113967
[iommuret] hit #2126: HalpIommuInitSystem returned EAX=0x00000000 (success/other) rsp=0xFFFFF8043A675438 exitCount=113968
[iommuret] hit #2127: HalpIommuInitSystem returned EAX=0x00000000 (success/other) rsp=0xFFFFF8043A675438 exitCount=113969
[iommuret] hit #2128: HalpIommuInitSystem returned EAX=0x00000000 (success/other) rsp=0xFFFFF8043A675438 exitCount=113970
[iommuret] hit #2129: HalpIommuInitSystem returned EAX=0x00000000 (success/other) rsp=0xFFFFF8043A675438 exitCount=113971
[iommuret] hit #2130: HalpIommuInitSystem returned EAX=0x00000000 (success/other) rsp=0xFFFFF8043A675438 exitCount=113972
[iommuret] hit #2131: HalpIommuInitSystem returned EAX=0x00000000 (success/other) rsp=0xFFFFF8043A675438 exitCount=113973
[iommuret] hit #2132: HalpIommuInitSystem returned EAX=0x00000000 (success/other) rsp=0xFFFFF8043A675438 exitCount=113974
[iommuret] hit #2133: HalpIommuInitSystem returned EAX=0x00000000 (success/other) rsp=0xFFFFF8043A675438 exitCount=113975
[iommuret] hit #2134: HalpIommuInitSystem returned EAX=0x00000000 (success/other) rsp=0xFFFFF8043A675438 exitCount=113976
[iommuret] hit #2135: HalpIommuInitSystem returned EAX=0x00000000 (success/other) rsp=0xFFFFF8043A675438 exitCount=113977
[iommuret] hit #2136: HalpIommuInitSystem returned EAX=0x00000000 (success/other) rsp=0xFFFFF8043A675438 exitCount=113978
[iommuret] hit #2137: HalpIommuInitSystem returned EAX=0x00000000 (success/other) rsp=0xFFFFF8043A675438 exitCount=113979
[iommuret] hit #2138: HalpIommuInitSystem returned EAX=0x00000000 (success/other) rsp=0xFFFFF8043A675438 exitCount=113980
[iommuret] hit #2139: HalpIommuInitSystem returned EAX=0x00000000 (success/other) rsp=0xFFFFF8043A675438 exitCount=113981
[iommuret] hit #2140: HalpIommuInitSystem returned EAX=0x00000000 (success/other) rsp=0xFFFFF8043A675438 exitCount=113982
[iommuret] hit #2141: HalpIommuInitSystem returned EAX=0x00000000 (success/other) rsp=0xFFFFF8043A675438 exitCount=113983
[iommuret] hit #2142: HalpIommuInitSystem returned EAX=0x00000000 (success/other) rsp=0xFFFFF8043A675438 exitCount=113984
[iommuret] hit #2143: HalpIommuInitSystem returned EAX=0x00000000 (success/other) rsp=0xFFFFF8043A675438 exitCount=113985
[iommuret] hit #2144: HalpIommuInitSystem returned EAX=0x00000000 (success/other) rsp=0xFFFFF8043A675438 exitCount=113986
[iommuret] hit #2145: HalpIommuInitSystem returned EAX=0x00000000 (success/other) rsp=0xFFFFF8043A675438 exitCount=113987
[iommuret] hit #2146: HalpIommuInitSystem returned EAX=0x00000000 (success/other) rsp=0xFFFFF8043A675438 exitCount=113988
[iommuret] hit #2147: HalpIommuInitSystem returned EAX=0x00000000 (success/other) rsp=0xFFFFF8043A675438 exitCount=113989
[iommuret] hit #2148: HalpIommuInitSystem returned EAX=0x00000000 (success/other) rsp=0xFFFFF8043A675438 exitCount=113990
[iommuret] hit #2149: HalpIommuInitSystem returned EAX=0x00000000 (success/other) rsp=0xFFFFF8043A675438 exitCount=113991
[iommuret] hit #2150: HalpIommuInitSystem returned EAX=0x00000000 (success/other) rsp=0xFFFFF8043A675438 exitCount=113992
[iommuret] hit #2151: HalpIommuInitSystem returned EAX=0x00000000 (success/other) rsp=0xFFFFF8043A675438 exitCount=113993
[iommuret] hit #2152: HalpIommuInitSystem returned EAX=0x00000000 (success/other) rsp=0xFFFFF8043A675438 exitCount=113994
[iommuret] hit #2153: HalpIommuInitSystem returned EAX=0x00000000 (success/other) rsp=0xFFFFF8043A675438 exitCount=113995
[iommuret] hit #2154: HalpIommuInitSystem returned EAX=0x00000000 (success/other) rsp=0xFFFFF8043A675438 exitCount=113996
[iommuret] hit #2155: HalpIommuInitSystem returned EAX=0x00000000 (success/other) rsp=0xFFFFF8043A675438 exitCount=113997
[iommuret] hit #2156: HalpIommuInitSystem returned EAX=0x00000000 (success/other) rsp=0xFFFFF8043A675438 exitCount=113998
[iommuret] hit #2157: HalpIommuInitSystem returned EAX=0x00000000 (success/other) rsp=0xFFFFF8043A675438 exitCount=113999
[iommuret] hit #2158: HalpIommuInitSystem returned EAX=0x00000000 (success/other) rsp=0xFFFFF8043A675438 exitCount=114000
[iommuret] hit #2159: HalpIommuInitSystem returned EAX=0x00000000 (success/other) rsp=0xFFFFF8043A675438 exitCount=114001
[iommuret] hit #2160: HalpIommuInitSystem returned EAX=0x00000000 (success/other) rsp=0xFFFFF8043A675438 exitCount=114002
[iommuret] hit #2161: HalpIommuInitSystem returned EAX=0x00000000 (success/other) rsp=0xFFFFF8043A675438 exitCount=114003
[iommuret] hit #2162: HalpIommuInitSystem returned EAX=0x00000000 (success/other) rsp=0xFFFFF8043A675438 exitCount=114004
[iommuret] hit #2163: HalpIommuInitSystem returned EAX=0x00000000 (success/other) rsp=0xFFFFF8043A675438 exitCount=114005
[iommuret] hit #2164: HalpIommuInitSystem returned EAX=0x00000000 (success/other) rsp=0xFFFFF8043A675438 exitCount=114006
[iommuret] hit #2165: HalpIommuInitSystem returned EAX=0x00000000 (success/other) rsp=0xFFFFF8043A675438 exitCount=114007
[iommuret] hit #2166: HalpIommuInitSystem returned EAX=0x00000000 (success/other) rsp=0xFFFFF8043A675438 exitCount=114008
[iommuret] hit #2167: HalpIommuInitSystem returned EAX=0x00000000 (success/other) rsp=0xFFFFF8043A675438 exitCount=114009
[iommuret] hit #2168: HalpIommuInitSystem returned EAX=0x00000000 (success/other) rsp=0xFFFFF8043A675438 exitCount=114010
[iommuret] hit #2169: HalpIommuInitSystem returned EAX=0x00000000 (success/other) rsp=0xFFFFF8043A675438 exitCount=114011
[iommuret] hit #2170: HalpIommuInitSystem returned EAX=0x00000000 (success/other) rsp=0xFFFFF8043A675438 exitCount=114012
[iommuret] hit #2171: HalpIommuInitSystem returned EAX=0x00000000 (success/other) rsp=0xFFFFF8043A675438 exitCount=114013
[iommuret] hit #2172: HalpIommuInitSystem returned EAX=0x00000000 (success/other) rsp=0xFFFFF8043A675438 exitCount=114014
[iommuret] hit #2173: HalpIommuInitSystem returned EAX=0x00000000 (success/other) rsp=0xFFFFF8043A675438 exitCount=114015
[iommuret] hit #2174: HalpIommuInitSystem returned EAX=0x00000000 (success/other) rsp=0xFFFFF8043A675438 exitCount=114016
[iommuret] hit #2175: HalpIommuInitSystem returned EAX=0x00000000 (success/other) rsp=0xFFFFF8043A675438 exitCount=114017
[iommuret] hit #2176: HalpIommuInitSystem returned EAX=0x00000000 (success/other) rsp=0xFFFFF8043A675438 exitCount=114018
[iommuret] hit #2177: HalpIommuInitSystem returned EAX=0x00000000 (success/other) rsp=0xFFFFF8043A675438 exitCount=114019
[iommuret] hit #2178: HalpIommuInitSystem returned EAX=0x00000000 (success/other) rsp=0xFFFFF8043A675438 exitCount=114020
[iommuret] hit #2179: HalpIommuInitSystem returned EAX=0x00000000 (success/other) rsp=0xFFFFF8043A675438 exitCount=114021
[iommuret] hit #2180: HalpIommuInitSystem returned EAX=0x00000000 (success/other) rsp=0xFFFFF8043A675438 exitCount=114022
[iommuret] hit #2181: HalpIommuInitSystem returned EAX=0x00000000 (success/other) rsp=0xFFFFF8043A675438 exitCount=114023
[iommuret] hit #2182: HalpIommuInitSystem returned EAX=0x00000000 (success/other) rsp=0xFFFFF8043A675438 exitCount=114024
[iommuret] hit #2183: HalpIommuInitSystem returned EAX=0x00000000 (success/other) rsp=0xFFFFF8043A675438 exitCount=114025
[iommuret] hit #2184: HalpIommuInitSystem returned EAX=0x00000000 (success/other) rsp=0xFFFFF8043A675438 exitCount=114026
[iommuret] hit #2185: HalpIommuInitSystem returned EAX=0x00000000 (success/other) rsp=0xFFFFF8043A675438 exitCount=114027
[iommuret] hit #2186: HalpIommuInitSystem returned EAX=0x00000000 (success/other) rsp=0xFFFFF8043A675438 exitCount=114028
[iommuret] hit #2187: HalpIommuInitSystem returned EAX=0x00000000 (success/other) rsp=0xFFFFF8043A675438 exitCount=114029
[iommuret] hit #2188: HalpIommuInitSystem returned EAX=0x00000000 (success/other) rsp=0xFFFFF8043A675438 exitCount=114030
[iommuret] hit #2189: HalpIommuInitSystem returned EAX=0x00000000 (success/other) rsp=0xFFFFF8043A675438 exitCount=114031
[iommuret] hit #2190: HalpIommuInitSystem returned EAX=0x00000000 (success/other) rsp=0xFFFFF8043A675438 exitCount=114032
[iommuret] hit #2191: HalpIommuInitSystem returned EAX=0x00000000 (success/other) rsp=0xFFFFF8043A675438 exitCount=114033
[iommuret] hit #2192: HalpIommuInitSystem returned EAX=0x00000000 (success/other) rsp=0xFFFFF8043A675438 exitCount=114034
[iommuret] hit #2193: HalpIommuInitSystem returned EAX=0x00000000 (success/other) rsp=0xFFFFF8043A675438 exitCount=114035
[iommuret] hit #2194: HalpIommuInitSystem returned EAX=0x00000000 (success/other) rsp=0xFFFFF8043A675438 exitCount=114036
[iommuret] hit #2195: HalpIommuInitSystem returned EAX=0x00000000 (success/other) rsp=0xFFFFF8043A675438 exitCount=114037
[iommuret] hit #2196: HalpIommuInitSystem returned EAX=0x00000000 (success/other) rsp=0xFFFFF8043A675438 exitCount=114038
[iommuret] hit #2197: HalpIommuInitSystem returned EAX=0x00000000 (success/other) rsp=0xFFFFF8043A675438 exitCount=114039
[iommuret] hit #2198: HalpIommuInitSystem returned EAX=0x00000000 (success/other) rsp=0xFFFFF8043A675438 exitCount=114040
[iommuret] hit #2199: HalpIommuInitSystem returned EAX=0x00000000 (success/other) rsp=0xFFFFF8043A675438 exitCount=114041
[iommuret] hit #2200: HalpIommuInitSystem returned EAX=0x00000000 (success/other) rsp=0xFFFFF8043A675438 exitCount=114042
[iommuret] hit #2201: HalpIommuInitSystem returned EAX=0x00000000 (success/other) rsp=0xFFFFF8043A675438 exitCount=114043
[iommuret] hit #2202: HalpIommuInitSystem returned EAX=0x00000000 (success/other) rsp=0xFFFFF8043A675438 exitCount=114044
[iommuret] hit #2203: HalpIommuInitSystem returned EAX=0x00000000 (success/other) rsp=0xFFFFF8043A675438 exitCount=114045
[iommuret] hit #2204: HalpIommuInitSystem returned EAX=0x00000000 (success/other) rsp=0xFFFFF8043A675438 exitCount=114046
[iommuret] hit #2205: HalpIommuInitSystem returned EAX=0x00000000 (success/other) rsp=0xFFFFF8043A675438 exitCount=114047
[iommuret] hit #2206: HalpIommuInitSystem returned EAX=0x00000000 (success/other) rsp=0xFFFFF8043A675438 exitCount=114048
[iommuret] hit #2207: HalpIommuInitSystem returned EAX=0x00000000 (success/other) rsp=0xFFFFF8043A675438 exitCount=114049
[iommuret] hit #2208: HalpIommuInitSystem returned EAX=0x00000000 (success/other) rsp=0xFFFFF8043A675438 exitCount=114050
[iommuret] hit #2209: HalpIommuInitSystem returned EAX=0x00000000 (success/other) rsp=0xFFFFF8043A675438 exitCount=114051
[iommuret] hit #2210: HalpIommuInitSystem returned EAX=0x00000000 (success/other) rsp=0xFFFFF8043A675438 exitCount=114052
[iommuret] hit #2211: HalpIommuInitSystem returned EAX=0x00000000 (success/other) rsp=0xFFFFF8043A675438 exitCount=114053
[iommuret] hit #2212: HalpIommuInitSystem returned EAX=0x00000000 (success/other) rsp=0xFFFFF8043A675438 exitCount=114054
[iommuret] hit #2213: HalpIommuInitSystem returned EAX=0x00000000 (success/other) rsp=0xFFFFF8043A675438 exitCount=114055
[iommuret] hit #2214: HalpIommuInitSystem returned EAX=0x00000000 (success/other) rsp=0xFFFFF8043A675438 exitCount=114056
[iommuret] hit #2215: HalpIommuInitSystem returned EAX=0x00000000 (success/other) rsp=0xFFFFF8043A675438 exitCount=114057
[iommuret] hit #2216: HalpIommuInitSystem returned EAX=0x00000000 (success/other) rsp=0xFFFFF8043A675438 exitCount=114058
[iommuret] hit #2217: HalpIommuInitSystem returned EAX=0x00000000 (success/other) rsp=0xFFFFF8043A675438 exitCount=114059
[iommuret] hit #2218: HalpIommuInitSystem returned EAX=0x00000000 (success/other) rsp=0xFFFFF8043A675438 exitCount=114060
[iommuret] hit #2219: HalpIommuInitSystem returned EAX=0x00000000 (success/other) rsp=0xFFFFF8043A675438 exitCount=114061
[iommuret] hit #2220: HalpIommuInitSystem returned EAX=0x00000000 (success/other) rsp=0xFFFFF8043A675438 exitCount=114062
[iommuret] hit #2221: HalpIommuInitSystem returned EAX=0x00000000 (success/other) rsp=0xFFFFF8043A675438 exitCount=114063
[iommuret] hit #2222: HalpIommuInitSystem returned EAX=0x00000000 (success/other) rsp=0xFFFFF8043A675438 exitCount=114064
[iommuret] hit #2223: HalpIommuInitSystem returned EAX=0x00000000 (success/other) rsp=0xFFFFF8043A675438 exitCount=114065
[iommuret] hit #2224: HalpIommuInitSystem returned EAX=0x00000000 (success/other) rsp=0xFFFFF8043A675438 exitCount=114066
[iommuret] hit #2225: HalpIommuInitSystem returned EAX=0x00000000 (success/other) rsp=0xFFFFF8043A675438 exitCount=114067
[iommuret] hit #2226: HalpIommuInitSystem returned EAX=0x00000000 (success/other) rsp=0xFFFFF8043A675438 exitCount=114068
[iommuret] hit #2227: HalpIommuInitSystem returned EAX=0x00000000 (success/other) rsp=0xFFFFF8043A675438 exitCount=114069
[iommuret] hit #2228: HalpIommuInitSystem returned EAX=0x00000000 (success/other) rsp=0xFFFFF8043A675438 exitCount=114070
[iommuret] hit #2229: HalpIommuInitSystem returned EAX=0x00000000 (success/other) rsp=0xFFFFF8043A675438 exitCount=114071
[iommuret] hit #2230: HalpIommuInitSystem returned EAX=0x00000000 (success/other) rsp=0xFFFFF8043A675438 exitCount=114072
[iommuret] hit #2231: HalpIommuInitSystem returned EAX=0x00000000 (success/other) rsp=0xFFFFF8043A675438 exitCount=114073
[iommuret] hit #2232: HalpIommuInitSystem returned EAX=0x00000000 (success/other) rsp=0xFFFFF8043A675438 exitCount=114074
[iommuret] hit #2233: HalpIommuInitSystem returned EAX=0x00000000 (success/other) rsp=0xFFFFF8043A675438 exitCount=114075
[iommuret] hit #2234: HalpIommuInitSystem returned EAX=0x00000000 (success/other) rsp=0xFFFFF8043A675438 exitCount=114076
[iommuret] hit #2235: HalpIommuInitSystem returned EAX=0x00000000 (success/other) rsp=0xFFFFF8043A675438 exitCount=114077
[iommuret] hit #2236: HalpIommuInitSystem returned EAX=0x00000000 (success/other) rsp=0xFFFFF8043A675438 exitCount=114078
[iommuret] hit #2237: HalpIommuInitSystem returned EAX=0x00000000 (success/other) rsp=0xFFFFF8043A675438 exitCount=114079
[iommuret] hit #2238: HalpIommuInitSystem returned EAX=0x00000000 (success/other) rsp=0xFFFFF8043A675438 exitCount=114080
[iommuret] hit #2239: HalpIommuInitSystem returned EAX=0x00000000 (success/other) rsp=0xFFFFF8043A675438 exitCount=114081
[iommuret] hit #2240: HalpIommuInitSystem returned EAX=0x00000000 (success/other) rsp=0xFFFFF8043A675438 exitCount=114082
[iommuret] hit #2241: HalpIommuInitSystem returned EAX=0x00000000 (success/other) rsp=0xFFFFF8043A675438 exitCount=114083
[iommuret] hit #2242: HalpIommuInitSystem returned EAX=0x00000000 (success/other) rsp=0xFFFFF8043A675438 exitCount=114084
[iommuret] hit #2243: HalpIommuInitSystem returned EAX=0x00000000 (success/other) rsp=0xFFFFF8043A675438 exitCount=114085
[iommuret] hit #2244: HalpIommuInitSystem returned EAX=0x00000000 (success/other) rsp=0xFFFFF8043A675438 exitCount=114086
[iommuret] hit #2245: HalpIommuInitSystem returned EAX=0x00000000 (success/other) rsp=0xFFFFF8043A675438 exitCount=114087
[iommuret] hit #2246: HalpIommuInitSystem returned EAX=0x00000000 (success/other) rsp=0xFFFFF8043A675438 exitCount=114088
[iommuret] hit #2247: HalpIommuInitSystem returned EAX=0x00000000 (success/other) rsp=0xFFFFF8043A675438 exitCount=114089
[iommuret] hit #2248: HalpIommuInitSystem returned EAX=0x00000000 (success/other) rsp=0xFFFFF8043A675438 exitCount=114090
[iommuret] hit #2249: HalpIommuInitSystem returned EAX=0x00000000 (success/other) rsp=0xFFFFF8043A675438 exitCount=114091
[iommuret] hit #2250: HalpIommuInitSystem returned EAX=0x00000000 (success/other) rsp=0xFFFFF8043A675438 exitCount=114092
[iommuret] hit #2251: HalpIommuInitSystem returned EAX=0x00000000 (success/other) rsp=0xFFFFF8043A675438 exitCount=114093
[iommuret] hit #2252: HalpIommuInitSystem returned EAX=0x00000000 (success/other) rsp=0xFFFFF8043A675438 exitCount=114094
[iommuret] hit #2253: HalpIommuInitSystem returned EAX=0x00000000 (success/other) rsp=0xFFFFF8043A675438 exitCount=114095
[iommuret] hit #2254: HalpIommuInitSystem returned EAX=0x00000000 (success/other) rsp=0xFFFFF8043A675438 exitCount=114096
[iommuret] hit #2255: HalpIommuInitSystem returned EAX=0x00000000 (success/other) rsp=0xFFFFF8043A675438 exitCount=114097
[iommuret] hit #2256: HalpIommuInitSystem returned EAX=0x00000000 (success/other) rsp=0xFFFFF8043A675438 exitCount=114098
[iommuret] hit #2257: HalpIommuInitSystem returned EAX=0x00000000 (success/other) rsp=0xFFFFF8043A675438 exitCount=114099
[iommuret] hit #2258: HalpIommuInitSystem returned EAX=0x00000000 (success/other) rsp=0xFFFFF8043A675438 exitCount=114100
[iommuret] hit #2259: HalpIommuInitSystem returned EAX=0x00000000 (success/other) rsp=0xFFFFF8043A675438 exitCount=114101
[iommuret] hit #2260: HalpIommuInitSystem returned EAX=0x00000000 (success/other) rsp=0xFFFFF8043A675438 exitCount=114102
[iommuret] hit #2261: HalpIommuInitSystem returned EAX=0x00000000 (success/other) rsp=0xFFFFF8043A675438 exitCount=114103
[iommuret] hit #2262: HalpIommuInitSystem returned EAX=0x00000000 (success/other) rsp=0xFFFFF8043A675438 exitCount=114104
[iommuret] hit #2263: HalpIommuInitSystem returned EAX=0x00000000 (success/other) rsp=0xFFFFF8043A675438 exitCount=114105
[iommuret] hit #2264: HalpIommuInitSystem returned EAX=0x00000000 (success/other) rsp=0xFFFFF8043A675438 exitCount=114106
[iommuret] hit #2265: HalpIommuInitSystem returned EAX=0x00000000 (success/other) rsp=0xFFFFF8043A675438 exitCount=114107
[iommuret] hit #2266: HalpIommuInitSystem returned EAX=0x00000000 (success/other) rsp=0xFFFFF8043A675438 exitCount=114108
[iommuret] hit #2267: HalpIommuInitSystem returned EAX=0x00000000 (success/other) rsp=0xFFFFF8043A675438 exitCount=114109
[iommuret] hit #2268: HalpIommuInitSystem returned EAX=0x00000000 (success/other) rsp=0xFFFFF8043A675438 exitCount=114110
[iommuret] hit #2269: HalpIommuInitSystem returned EAX=0x00000000 (success/other) rsp=0xFFFFF8043A675438 exitCount=114111
[iommuret] hit #2270: HalpIommuInitSystem returned EAX=0x00000000 (success/other) rsp=0xFFFFF8043A675438 exitCount=114112
[iommuret] hit #2271: HalpIommuInitSystem returned EAX=0x00000000 (success/other) rsp=0xFFFFF8043A675438 exitCount=114113
[iommuret] hit #2272: HalpIommuInitSystem returned EAX=0x00000000 (success/other) rsp=0xFFFFF8043A675438 exitCount=114114
[iommuret] hit #2273: HalpIommuInitSystem returned EAX=0x00000000 (success/other) rsp=0xFFFFF8043A675438 exitCount=114115
[iommuret] hit #2274: HalpIommuInitSystem returned EAX=0x00000000 (success/other) rsp=0xFFFFF8043A675438 exitCount=114116
[iommuret] hit #2275: HalpIommuInitSystem returned EAX=0x00000000 (success/other) rsp=0xFFFFF8043A675438 exitCount=114117
[iommuret] hit #2276: HalpIommuInitSystem returned EAX=0x00000000 (success/other) rsp=0xFFFFF8043A675438 exitCount=114118
[iommuret] hit #2277: HalpIommuInitSystem returned EAX=0x00000000 (success/other) rsp=0xFFFFF8043A675438 exitCount=114119
[iommuret] hit #2278: HalpIommuInitSystem returned EAX=0x00000000 (success/other) rsp=0xFFFFF8043A675438 exitCount=114120
[iommuret] hit #2279: HalpIommuInitSystem returned EAX=0x00000000 (success/other) rsp=0xFFFFF8043A675438 exitCount=114121
[iommuret] hit #2280: HalpIommuInitSystem returned EAX=0x00000000 (success/other) rsp=0xFFFFF8043A675438 exitCount=114122
[iommuret] hit #2281: HalpIommuInitSystem returned EAX=0x00000000 (success/other) rsp=0xFFFFF8043A675438 exitCount=114123
[iommuret] hit #2282: HalpIommuInitSystem returned EAX=0x00000000 (success/other) rsp=0xFFFFF8043A675438 exitCount=114124
[iommuret] hit #2283: HalpIommuInitSystem returned EAX=0x00000000 (success/other) rsp=0xFFFFF8043A675438 exitCount=114125
[iommuret] hit #2284: HalpIommuInitSystem returned EAX=0x00000000 (success/other) rsp=0xFFFFF8043A675438 exitCount=114126
[iommuret] hit #2285: HalpIommuInitSystem returned EAX=0x00000000 (success/other) rsp=0xFFFFF8043A675438 exitCount=114127
[iommuret] hit #2286: HalpIommuInitSystem returned EAX=0x00000000 (success/other) rsp=0xFFFFF8043A675438 exitCount=114128
[iommuret] hit #2287: HalpIommuInitSystem returned EAX=0x00000000 (success/other) rsp=0xFFFFF8043A675438 exitCount=114129
[iommuret] hit #2288: HalpIommuInitSystem returned EAX=0x00000000 (success/other) rsp=0xFFFFF8043A675438 exitCount=114130
[iommuret] hit #2289: HalpIommuInitSystem returned EAX=0x00000000 (success/other) rsp=0xFFFFF8043A675438 exitCount=114131
[iommuret] hit #2290: HalpIommuInitSystem returned EAX=0x00000000 (success/other) rsp=0xFFFFF8043A675438 exitCount=114132
[iommuret] hit #2291: HalpIommuInitSystem returned EAX=0x00000000 (success/other) rsp=0xFFFFF8043A675438 exitCount=114133
[iommuret] hit #2292: HalpIommuInitSystem returned EAX=0x00000000 (success/other) rsp=0xFFFFF8043A675438 exitCount=114134
[iommuret] hit #2293: HalpIommuInitSystem returned EAX=0x00000000 (success/other) rsp=0xFFFFF8043A675438 exitCount=114135
[iommuret] hit #2294: HalpIommuInitSystem returned EAX=0x00000000 (success/other) rsp=0xFFFFF8043A675438 exitCount=114136
[iommuret] hit #2295: HalpIommuInitSystem returned EAX=0x00000000 (success/other) rsp=0xFFFFF8043A675438 exitCount=114137
[iommuret] hit #2296: HalpIommuInitSystem returned EAX=0x00000000 (success/other) rsp=0xFFFFF8043A675438 exitCount=114138
[iommuret] hit #2297: HalpIommuInitSystem returned EAX=0x00000000 (success/other) rsp=0xFFFFF8043A675438 exitCount=114139
[iommuret] hit #2298: HalpIommuInitSystem returned EAX=0x00000000 (success/other) rsp=0xFFFFF8043A675438 exitCount=114140
[iommuret] hit #2299: HalpIommuInitSystem returned EAX=0x00000000 (success/other) rsp=0xFFFFF8043A675438 exitCount=114141
[iommuret] hit #2300: HalpIommuInitSystem returned EAX=0x00000000 (success/other) rsp=0xFFFFF8043A675438 exitCount=114142
[iommuret] hit #2301: HalpIommuInitSystem returned EAX=0x00000000 (success/other) rsp=0xFFFFF8043A675438 exitCount=114143
[iommuret] hit #2302: HalpIommuInitSystem returned EAX=0x00000000 (success/other) rsp=0xFFFFF8043A675438 exitCount=114144
[iommuret] hit #2303: HalpIommuInitSystem returned EAX=0x00000000 (success/other) rsp=0xFFFFF8043A675438 exitCount=114145
[iommuret] hit #2304: HalpIommuInitSystem returned EAX=0x00000000 (success/other) rsp=0xFFFFF8043A675438 exitCount=114146
[iommuret] hit #2305: HalpIommuInitSystem returned EAX=0x00000000 (success/other) rsp=0xFFFFF8043A675438 exitCount=114147
[iommuret] hit #2306: HalpIommuInitSystem returned EAX=0x00000000 (success/other) rsp=0xFFFFF8043A675438 exitCount=114148
[iommuret] hit #2307: HalpIommuInitSystem returned EAX=0x00000000 (success/other) rsp=0xFFFFF8043A675438 exitCount=114149
[iommuret] hit #2308: HalpIommuInitSystem returned EAX=0x00000000 (success/other) rsp=0xFFFFF8043A675438 exitCount=114150
[iommuret] hit #2309: HalpIommuInitSystem returned EAX=0x00000000 (success/other) rsp=0xFFFFF8043A675438 exitCount=114151
[iommuret] hit #2310: HalpIommuInitSystem returned EAX=0x00000000 (success/other) rsp=0xFFFFF8043A675438 exitCount=114152
[iommuret] hit #2311: HalpIommuInitSystem returned EAX=0x00000000 (success/other) rsp=0xFFFFF8043A675438 exitCount=114153
[iommuret] hit #2312: HalpIommuInitSystem returned EAX=0x00000000 (success/other) rsp=0xFFFFF8043A675438 exitCount=114154
[iommuret] hit #2313: HalpIommuInitSystem returned EAX=0x00000000 (success/other) rsp=0xFFFFF8043A675438 exitCount=114155
[iommuret] hit #2314: HalpIommuInitSystem returned EAX=0x00000000 (success/other) rsp=0xFFFFF8043A675438 exitCount=114156
[iommuret] hit #2315: HalpIommuInitSystem returned EAX=0x00000000 (success/other) rsp=0xFFFFF8043A675438 exitCount=114157
[iommuret] hit #2316: HalpIommuInitSystem returned EAX=0x00000000 (success/other) rsp=0xFFFFF8043A675438 exitCount=114158
[iommuret] hit #2317: HalpIommuInitSystem returned EAX=0x00000000 (success/other) rsp=0xFFFFF8043A675438 exitCount=114159
[iommuret] hit #2318: HalpIommuInitSystem returned EAX=0x00000000 (success/other) rsp=0xFFFFF8043A675438 exitCount=114160
[iommuret] hit #2319: HalpIommuInitSystem returned EAX=0x00000000 (success/other) rsp=0xFFFFF8043A675438 exitCount=114161
[iommuret] hit #2320: HalpIommuInitSystem returned EAX=0x00000000 (success/other) rsp=0xFFFFF8043A675438 exitCount=114162
[iommuret] hit #2321: HalpIommuInitSystem returned EAX=0x00000000 (success/other) rsp=0xFFFFF8043A675438 exitCount=114163
[iommuret] hit #2322: HalpIommuInitSystem returned EAX=0x00000000 (success/other) rsp=0xFFFFF8043A675438 exitCount=114164
[iommuret] hit #2323: HalpIommuInitSystem returned EAX=0x00000000 (success/other) rsp=0xFFFFF8043A675438 exitCount=114165
[iommuret] hit #2324: HalpIommuInitSystem returned EAX=0x00000000 (success/other) rsp=0xFFFFF8043A675438 exitCount=114166
[iommuret] hit #2325: HalpIommuInitSystem returned EAX=0x00000000 (success/other) rsp=0xFFFFF8043A675438 exitCount=114167
[iommuret] hit #2326: HalpIommuInitSystem returned EAX=0x00000000 (success/other) rsp=0xFFFFF8043A675438 exitCount=114168
[iommuret] hit #2327: HalpIommuInitSystem returned EAX=0x00000000 (success/other) rsp=0xFFFFF8043A675438 exitCount=114169
[iommuret] hit #2328: HalpIommuInitSystem returned EAX=0x00000000 (success/other) rsp=0xFFFFF8043A675438 exitCount=114170
[iommuret] hit #2329: HalpIommuInitSystem returned EAX=0x00000000 (success/other) rsp=0xFFFFF8043A675438 exitCount=114171
[iommuret] hit #2330: HalpIommuInitSystem returned EAX=0x00000000 (success/other) rsp=0xFFFFF8043A675438 exitCount=114172
[iommuret] hit #2331: HalpIommuInitSystem returned EAX=0x00000000 (success/other) rsp=0xFFFFF8043A675438 exitCount=114173
[iommuret] hit #2332: HalpIommuInitSystem returned EAX=0x00000000 (success/other) rsp=0xFFFFF8043A675438 exitCount=114174
[iommuret] hit #2333: HalpIommuInitSystem returned EAX=0x00000000 (success/other) rsp=0xFFFFF8043A675438 exitCount=114175
[iommuret] hit #2334: HalpIommuInitSystem returned EAX=0x00000000 (success/other) rsp=0xFFFFF8043A675438 exitCount=114176
[iommuret] hit #2335: HalpIommuInitSystem returned EAX=0x00000000 (success/other) rsp=0xFFFFF8043A675438 exitCount=114177
[iommuret] hit #2336: HalpIommuInitSystem returned EAX=0x00000000 (success/other) rsp=0xFFFFF8043A675438 exitCount=114178
[iommuret] hit #2337: HalpIommuInitSystem returned EAX=0x00000000 (success/other) rsp=0xFFFFF8043A675438 exitCount=114179
[iommuret] hit #2338: HalpIommuInitSystem returned EAX=0x00000000 (success/other) rsp=0xFFFFF8043A675438 exitCount=114180
[iommuret] hit #2339: HalpIommuInitSystem returned EAX=0x00000000 (success/other) rsp=0xFFFFF8043A675438 exitCount=114181
[iommuret] hit #2340: HalpIommuInitSystem returned EAX=0x00000000 (success/other) rsp=0xFFFFF8043A675438 exitCount=114182
[iommuret] hit #2341: HalpIommuInitSystem returned EAX=0x00000000 (success/other) rsp=0xFFFFF8043A675438 exitCount=114183
[iommuret] hit #2342: HalpIommuInitSystem returned EAX=0x00000000 (success/other) rsp=0xFFFFF8043A675438 exitCount=114184
[iommuret] hit #2343: HalpIommuInitSystem returned EAX=0x00000000 (success/other) rsp=0xFFFFF8043A675438 exitCount=114185
[iommuret] hit #2344: HalpIommuInitSystem returned EAX=0x00000000 (success/other) rsp=0xFFFFF8043A675438 exitCount=114186
[iommuret] hit #2345: HalpIommuInitSystem returned EAX=0x00000000 (success/other) rsp=0xFFFFF8043A675438 exitCount=114187
[iommuret] hit #2346: HalpIommuInitSystem returned EAX=0x00000000 (success/other) rsp=0xFFFFF8043A675438 exitCount=114188
[iommuret] hit #2347: HalpIommuInitSystem returned EAX=0x00000000 (success/other) rsp=0xFFFFF8043A675438 exitCount=114189
[iommuret] hit #2348: HalpIommuInitSystem returned EAX=0x00000000 (success/other) rsp=0xFFFFF8043A675438 exitCount=114190
[iommuret] hit #2349: HalpIommuInitSystem returned EAX=0x00000000 (success/other) rsp=0xFFFFF8043A675438 exitCount=114191
[iommuret] hit #2350: HalpIommuInitSystem returned EAX=0x00000000 (success/other) rsp=0xFFFFF8043A675438 exitCount=114192
[iommuret] hit #2351: HalpIommuInitSystem returned EAX=0x00000000 (success/other) rsp=0xFFFFF8043A675438 exitCount=114193
[iommuret] hit #2352: HalpIommuInitSystem returned EAX=0x00000000 (success/other) rsp=0xFFFFF8043A675438 exitCount=114194
[iommuret] hit #2353: HalpIommuInitSystem returned EAX=0x00000000 (success/other) rsp=0xFFFFF8043A675438 exitCount=114195
[iommuret] hit #2354: HalpIommuInitSystem returned EAX=0x00000000 (success/other) rsp=0xFFFFF8043A675438 exitCount=114196
[iommuret] hit #2355: HalpIommuInitSystem returned EAX=0x00000000 (success/other) rsp=0xFFFFF8043A675438 exitCount=114197
[iommuret] hit #2356: HalpIommuInitSystem returned EAX=0x00000000 (success/other) rsp=0xFFFFF8043A675438 exitCount=114198
[iommuret] hit #2357: HalpIommuInitSystem returned EAX=0x00000000 (success/other) rsp=0xFFFFF8043A675438 exitCount=114199
[iommuret] hit #2358: HalpIommuInitSystem returned EAX=0x00000000 (success/other) rsp=0xFFFFF8043A675438 exitCount=114200
[iommuret] hit #2359: HalpIommuInitSystem returned EAX=0x00000000 (success/other) rsp=0xFFFFF8043A675438 exitCount=114201
[iommuret] hit #2360: HalpIommuInitSystem returned EAX=0x00000000 (success/other) rsp=0xFFFFF8043A675438 exitCount=114202
[iommuret] hit #2361: HalpIommuInitSystem returned EAX=0x00000000 (success/other) rsp=0xFFFFF8043A675438 exitCount=114203
[iommuret] hit #2362: HalpIommuInitSystem returned EAX=0x00000000 (success/other) rsp=0xFFFFF8043A675438 exitCount=114204
[iommuret] hit #2363: HalpIommuInitSystem returned EAX=0x00000000 (success/other) rsp=0xFFFFF8043A675438 exitCount=114205
[iommuret] hit #2364: HalpIommuInitSystem returned EAX=0x00000000 (success/other) rsp=0xFFFFF8043A675438 exitCount=114206
[iommuret] hit #2365: HalpIommuInitSystem returned EAX=0x00000000 (success/other) rsp=0xFFFFF8043A675438 exitCount=114207
[iommuret] hit #2366: HalpIommuInitSystem returned EAX=0x00000000 (success/other) rsp=0xFFFFF8043A675438 exitCount=114208
[iommuret] hit #2367: HalpIommuInitSystem returned EAX=0x00000000 (success/other) rsp=0xFFFFF8043A675438 exitCount=114209
[iommuret] hit #2368: HalpIommuInitSystem returned EAX=0x00000000 (success/other) rsp=0xFFFFF8043A675438 exitCount=114210
[iommuret] hit #2369: HalpIommuInitSystem returned EAX=0x00000000 (success/other) rsp=0xFFFFF8043A675438 exitCount=114211
[iommuret] hit #2370: HalpIommuInitSystem returned EAX=0x00000000 (success/other) rsp=0xFFFFF8043A675438 exitCount=114212
[iommuret] hit #2371: HalpIommuInitSystem returned EAX=0x00000000 (success/other) rsp=0xFFFFF8043A675438 exitCount=114213
[iommuret] hit #2372: HalpIommuInitSystem returned EAX=0x00000000 (success/other) rsp=0xFFFFF8043A675438 exitCount=114214
[iommuret] hit #2373: HalpIommuInitSystem returned EAX=0x00000000 (success/other) rsp=0xFFFFF8043A675438 exitCount=114215
[iommuret] hit #2374: HalpIommuInitSystem returned EAX=0x00000000 (success/other) rsp=0xFFFFF8043A675438 exitCount=114216
[iommuret] hit #2375: HalpIommuInitSystem returned EAX=0x00000000 (success/other) rsp=0xFFFFF8043A675438 exitCount=114217
[iommuret] hit #2376: HalpIommuInitSystem returned EAX=0x00000000 (success/other) rsp=0xFFFFF8043A675438 exitCount=114218
[iommuret] hit #2377: HalpIommuInitSystem returned EAX=0x00000000 (success/other) rsp=0xFFFFF8043A675438 exitCount=114219
[iommuret] hit #2378: HalpIommuInitSystem returned EAX=0x00000000 (success/other) rsp=0xFFFFF8043A675438 exitCount=114220
[iommuret] hit #2379: HalpIommuInitSystem returned EAX=0x00000000 (success/other) rsp=0xFFFFF8043A675438 exitCount=114221
[iommuret] hit #2380: HalpIommuInitSystem returned EAX=0x00000000 (success/other) rsp=0xFFFFF8043A675438 exitCount=114222
[iommuret] hit #2381: HalpIommuInitSystem returned EAX=0x00000000 (success/other) rsp=0xFFFFF8043A675438 exitCount=114223
[iommuret] hit #2382: HalpIommuInitSystem returned EAX=0x00000000 (success/other) rsp=0xFFFFF8043A675438 exitCount=114224
[iommuret] hit #2383: HalpIommuInitSystem returned EAX=0x00000000 (success/other) rsp=0xFFFFF8043A675438 exitCount=114225
[iommuret] hit #2384: HalpIommuInitSystem returned EAX=0x00000000 (success/other) rsp=0xFFFFF8043A675438 exitCount=114226
[iommuret] hit #2385: HalpIommuInitSystem returned EAX=0x00000000 (success/other) rsp=0xFFFFF8043A675438 exitCount=114227
[iommuret] hit #2386: HalpIommuInitSystem returned EAX=0x00000000 (success/other) rsp=0xFFFFF8043A675438 exitCount=114228
[iommuret] hit #2387: HalpIommuInitSystem returned EAX=0x00000000 (success/other) rsp=0xFFFFF8043A675438 exitCount=114229
[iommuret] hit #2388: HalpIommuInitSystem returned EAX=0x00000000 (success/other) rsp=0xFFFFF8043A675438 exitCount=114230
[iommuret] hit #2389: HalpIommuInitSystem returned EAX=0x00000000 (success/other) rsp=0xFFFFF8043A675438 exitCount=114231
[iommuret] hit #2390: HalpIommuInitSystem returned EAX=0x00000000 (success/other) rsp=0xFFFFF8043A675438 exitCount=114232
[iommuret] hit #2391: HalpIommuInitSystem returned EAX=0x00000000 (success/other) rsp=0xFFFFF8043A675438 exitCount=114233
[iommuret] hit #2392: HalpIommuInitSystem returned EAX=0x00000000 (success/other) rsp=0xFFFFF8043A675438 exitCount=114234
[iommuret] hit #2393: HalpIommuInitSystem returned EAX=0x00000000 (success/other) rsp=0xFFFFF8043A675438 exitCount=114235
[iommuret] hit #2394: HalpIommuInitSystem returned EAX=0x00000000 (success/other) rsp=0xFFFFF8043A675438 exitCount=114236
[iommuret] hit #2395: HalpIommuInitSystem returned EAX=0x00000000 (success/other) rsp=0xFFFFF8043A675438 exitCount=114237
[iommuret] hit #2396: HalpIommuInitSystem returned EAX=0x00000000 (success/other) rsp=0xFFFFF8043A675438 exitCount=114238
[iommuret] hit #2397: HalpIommuInitSystem returned EAX=0x00000000 (success/other) rsp=0xFFFFF8043A675438 exitCount=114239
[iommuret] hit #2398: HalpIommuInitSystem returned EAX=0x00000000 (success/other) rsp=0xFFFFF8043A675438 exitCount=114240
[iommuret] hit #2399: HalpIommuInitSystem returned EAX=0x00000000 (success/other) rsp=0xFFFFF8043A675438 exitCount=114241
[iommuret] hit #2400: HalpIommuInitSystem returned EAX=0x00000000 (success/other) rsp=0xFFFFF8043A675438 exitCount=114242
[iommuret] hit #2401: HalpIommuInitSystem returned EAX=0x00000000 (success/other) rsp=0xFFFFF8043A675438 exitCount=114243
[iommuret] hit #2402: HalpIommuInitSystem returned EAX=0x00000000 (success/other) rsp=0xFFFFF8043A675438 exitCount=114244
[iommuret] hit #2403: HalpIommuInitSystem returned EAX=0x00000000 (success/other) rsp=0xFFFFF8043A675438 exitCount=114245
[iommuret] hit #2404: HalpIommuInitSystem returned EAX=0x00000000 (success/other) rsp=0xFFFFF8043A675438 exitCount=114246
[iommuret] hit #2405: HalpIommuInitSystem returned EAX=0x00000000 (success/other) rsp=0xFFFFF8043A675438 exitCount=114247
[iommuret] hit #2406: HalpIommuInitSystem returned EAX=0x00000000 (success/other) rsp=0xFFFFF8043A675438 exitCount=114248
[iommuret] hit #2407: HalpIommuInitSystem returned EAX=0x00000000 (success/other) rsp=0xFFFFF8043A675438 exitCount=114249
[iommuret] hit #2408: HalpIommuInitSystem returned EAX=0x00000000 (success/other) rsp=0xFFFFF8043A675438 exitCount=114250
[iommuret] hit #2409: HalpIommuInitSystem returned EAX=0x00000000 (success/other) rsp=0xFFFFF8043A675438 exitCount=114251
[iommuret] hit #2410: HalpIommuInitSystem returned EAX=0x00000000 (success/other) rsp=0xFFFFF8043A675438 exitCount=114252
[iommuret] hit #2411: HalpIommuInitSystem returned EAX=0x00000000 (success/other) rsp=0xFFFFF8043A675438 exitCount=114253
[iommuret] hit #2412: HalpIommuInitSystem returned EAX=0x00000000 (success/other) rsp=0xFFFFF8043A675438 exitCount=114254
[iommuret] hit #2413: HalpIommuInitSystem returned EAX=0x00000000 (success/other) rsp=0xFFFFF8043A675438 exitCount=114255
[iommuret] hit #2414: HalpIommuInitSystem returned EAX=0x00000000 (success/other) rsp=0xFFFFF8043A675438 exitCount=114256
[iommuret] hit #2415: HalpIommuInitSystem returned EAX=0x00000000 (success/other) rsp=0xFFFFF8043A675438 exitCount=114257
[iommuret] hit #2416: HalpIommuInitSystem returned EAX=0x00000000 (success/other) rsp=0xFFFFF8043A675438 exitCount=114258
[iommuret] hit #2417: HalpIommuInitSystem returned EAX=0x00000000 (success/other) rsp=0xFFFFF8043A675438 exitCount=114259
[iommuret] hit #2418: HalpIommuInitSystem returned EAX=0x00000000 (success/other) rsp=0xFFFFF8043A675438 exitCount=114260
[iommuret] hit #2419: HalpIommuInitSystem returned EAX=0x00000000 (success/other) rsp=0xFFFFF8043A675438 exitCount=114261
[iommuret] hit #2420: HalpIommuInitSystem returned EAX=0x00000000 (success/other) rsp=0xFFFFF8043A675438 exitCount=114262
[iommuret] hit #2421: HalpIommuInitSystem returned EAX=0x00000000 (success/other) rsp=0xFFFFF8043A675438 exitCount=114263
[iommuret] hit #2422: HalpIommuInitSystem returned EAX=0x00000000 (success/other) rsp=0xFFFFF8043A675438 exitCount=114264
[iommuret] hit #2423: HalpIommuInitSystem returned EAX=0x00000000 (success/other) rsp=0xFFFFF8043A675438 exitCount=114265
[iommuret] hit #2424: HalpIommuInitSystem returned EAX=0x00000000 (success/other) rsp=0xFFFFF8043A675438 exitCount=114266
[iommuret] hit #2425: HalpIommuInitSystem returned EAX=0x00000000 (success/other) rsp=0xFFFFF8043A675438 exitCount=114267
[iommuret] hit #2426: HalpIommuInitSystem returned EAX=0x00000000 (success/other) rsp=0xFFFFF8043A675438 exitCount=114268
[iommuret] hit #2427: HalpIommuInitSystem returned EAX=0x00000000 (success/other) rsp=0xFFFFF8043A675438 exitCount=114269
[iommuret] hit #2428: HalpIommuInitSystem returned EAX=0x00000000 (success/other) rsp=0xFFFFF8043A675438 exitCount=114270
[iommuret] hit #2429: HalpIommuInitSystem returned EAX=0x00000000 (success/other) rsp=0xFFFFF8043A675438 exitCount=114271
[iommuret] hit #2430: HalpIommuInitSystem returned EAX=0x00000000 (success/other) rsp=0xFFFFF8043A675438 exitCount=114272
[iommuret] hit #2431: HalpIommuInitSystem returned EAX=0x00000000 (success/other) rsp=0xFFFFF8043A675438 exitCount=114273
[iommuret] hit #2432: HalpIommuInitSystem returned EAX=0x00000000 (success/other) rsp=0xFFFFF8043A675438 exitCount=114274
[iommuret] hit #2433: HalpIommuInitSystem returned EAX=0x00000000 (success/other) rsp=0xFFFFF8043A675438 exitCount=114275
[iommuret] hit #2434: HalpIommuInitSystem returned EAX=0x00000000 (success/other) rsp=0xFFFFF8043A675438 exitCount=114276
[iommuret] hit #2435: HalpIommuInitSystem returned EAX=0x00000000 (success/other) rsp=0xFFFFF8043A675438 exitCount=114277
[iommuret] hit #2436: HalpIommuInitSystem returned EAX=0x00000000 (success/other) rsp=0xFFFFF8043A675438 exitCount=114278
[iommuret] hit #2437: HalpIommuInitSystem returned EAX=0x00000000 (success/other) rsp=0xFFFFF8043A675438 exitCount=114279
[iommuret] hit #2438: HalpIommuInitSystem returned EAX=0x00000000 (success/other) rsp=0xFFFFF8043A675438 exitCount=114280
[iommuret] hit #2439: HalpIommuInitSystem returned EAX=0x00000000 (success/other) rsp=0xFFFFF8043A675438 exitCount=114281
[iommuret] hit #2440: HalpIommuInitSystem returned EAX=0x00000000 (success/other) rsp=0xFFFFF8043A675438 exitCount=114282
[iommuret] hit #2441: HalpIommuInitSystem returned EAX=0x00000000 (success/other) rsp=0xFFFFF8043A675438 exitCount=114283
[iommuret] hit #2442: HalpIommuInitSystem returned EAX=0x00000000 (success/other) rsp=0xFFFFF8043A675438 exitCount=114284
[iommuret] hit #2443: HalpIommuInitSystem returned EAX=0x00000000 (success/other) rsp=0xFFFFF8043A675438 exitCount=114285
[iommuret] hit #2444: HalpIommuInitSystem returned EAX=0x00000000 (success/other) rsp=0xFFFFF8043A675438 exitCount=114286
[iommuret] hit #2445: HalpIommuInitSystem returned EAX=0x00000000 (success/other) rsp=0xFFFFF8043A675438 exitCount=114287
[iommuret] hit #2446: HalpIommuInitSystem returned EAX=0x00000000 (success/other) rsp=0xFFFFF8043A675438 exitCount=114288
[iommuret] hit #2447: HalpIommuInitSystem returned EAX=0x00000000 (success/other) rsp=0xFFFFF8043A675438 exitCount=114289
[iommuret] hit #2448: HalpIommuInitSystem returned EAX=0x00000000 (success/other) rsp=0xFFFFF8043A675438 exitCount=114290
[iommuret] hit #2449: HalpIommuInitSystem returned EAX=0x00000000 (success/other) rsp=0xFFFFF8043A675438 exitCount=114291
[iommuret] hit #2450: HalpIommuInitSystem returned EAX=0x00000000 (success/other) rsp=0xFFFFF8043A675438 exitCount=114292
[iommuret] hit #2451: HalpIommuInitSystem returned EAX=0x00000000 (success/other) rsp=0xFFFFF8043A675438 exitCount=114293
[iommuret] hit #2452: HalpIommuInitSystem returned EAX=0x00000000 (success/other) rsp=0xFFFFF8043A675438 exitCount=114294
[iommuret] hit #2453: HalpIommuInitSystem returned EAX=0x00000000 (success/other) rsp=0xFFFFF8043A675438 exitCount=114295
[iommuret] hit #2454: HalpIommuInitSystem returned EAX=0x00000000 (success/other) rsp=0xFFFFF8043A675438 exitCount=114296
[iommuret] hit #2455: HalpIommuInitSystem returned EAX=0x00000000 (success/other) rsp=0xFFFFF8043A675438 exitCount=114297
[iommuret] hit #2456: HalpIommuInitSystem returned EAX=0x00000000 (success/other) rsp=0xFFFFF8043A675438 exitCount=114298
[iommuret] hit #2457: HalpIommuInitSystem returned EAX=0x00000000 (success/other) rsp=0xFFFFF8043A675438 exitCount=114299
[iommuret] hit #2458: HalpIommuInitSystem returned EAX=0x00000000 (success/other) rsp=0xFFFFF8043A675438 exitCount=114300
[iommuret] hit #2459: HalpIommuInitSystem returned EAX=0x00000000 (success/other) rsp=0xFFFFF8043A675438 exitCount=114301
[iommuret] hit #2460: HalpIommuInitSystem returned EAX=0x00000000 (success/other) rsp=0xFFFFF8043A675438 exitCount=114302
[iommuret] hit #2461: HalpIommuInitSystem returned EAX=0x00000000 (success/other) rsp=0xFFFFF8043A675438 exitCount=114303
[iommuret] hit #2462: HalpIommuInitSystem returned EAX=0x00000000 (success/other) rsp=0xFFFFF8043A675438 exitCount=114304
[iommuret] hit #2463: HalpIommuInitSystem returned EAX=0x00000000 (success/other) rsp=0xFFFFF8043A675438 exitCount=114305
[iommuret] hit #2464: HalpIommuInitSystem returned EAX=0x00000000 (success/other) rsp=0xFFFFF8043A675438 exitCount=114306
[iommuret] hit #2465: HalpIommuInitSystem returned EAX=0x00000000 (success/other) rsp=0xFFFFF8043A675438 exitCount=114307
[iommuret] hit #2466: HalpIommuInitSystem returned EAX=0x00000000 (success/other) rsp=0xFFFFF8043A675438 exitCount=114308
[iommuret] hit #2467: HalpIommuInitSystem returned EAX=0x00000000 (success/other) rsp=0xFFFFF8043A675438 exitCount=114309
[iommuret] hit #2468: HalpIommuInitSystem returned EAX=0x00000000 (success/other) rsp=0xFFFFF8043A675438 exitCount=114310
[iommuret] hit #2469: HalpIommuInitSystem returned EAX=0x00000000 (success/other) rsp=0xFFFFF8043A675438 exitCount=114311
[iommuret] hit #2470: HalpIommuInitSystem returned EAX=0x00000000 (success/other) rsp=0xFFFFF8043A675438 exitCount=114312
[iommuret] hit #2471: HalpIommuInitSystem returned EAX=0x00000000 (success/other) rsp=0xFFFFF8043A675438 exitCount=114313
[iommuret] hit #2472: HalpIommuInitSystem returned EAX=0x00000000 (success/other) rsp=0xFFFFF8043A675438 exitCount=114314
[iommuret] hit #2473: HalpIommuInitSystem returned EAX=0x00000000 (success/other) rsp=0xFFFFF8043A675438 exitCount=114315
[iommuret] hit #2474: HalpIommuInitSystem returned EAX=0x00000000 (success/other) rsp=0xFFFFF8043A675438 exitCount=114316
[iommuret] hit #2475: HalpIommuInitSystem returned EAX=0x00000000 (success/other) rsp=0xFFFFF8043A675438 exitCount=114317
[iommuret] hit #2476: HalpIommuInitSystem returned EAX=0x00000000 (success/other) rsp=0xFFFFF8043A675438 exitCount=114318
[iommuret] hit #2477: HalpIommuInitSystem returned EAX=0x00000000 (success/other) rsp=0xFFFFF8043A675438 exitCount=114319
[iommuret] hit #2478: HalpIommuInitSystem returned EAX=0x00000000 (success/other) rsp=0xFFFFF8043A675438 exitCount=114320
[iommuret] hit #2479: HalpIommuInitSystem returned EAX=0x00000000 (success/other) rsp=0xFFFFF8043A675438 exitCount=114321
[iommuret] hit #2480: HalpIommuInitSystem returned EAX=0x00000000 (success/other) rsp=0xFFFFF8043A675438 exitCount=114322
[iommuret] hit #2481: HalpIommuInitSystem returned EAX=0x00000000 (success/other) rsp=0xFFFFF8043A675438 exitCount=114323
[iommuret] hit #2482: HalpIommuInitSystem returned EAX=0x00000000 (success/other) rsp=0xFFFFF8043A675438 exitCount=114324
[iommuret] hit #2483: HalpIommuInitSystem returned EAX=0x00000000 (success/other) rsp=0xFFFFF8043A675438 exitCount=114325
[iommuret] hit #2484: HalpIommuInitSystem returned EAX=0x00000000 (success/other) rsp=0xFFFFF8043A675438 exitCount=114326
[iommuret] hit #2485: HalpIommuInitSystem returned EAX=0x00000000 (success/other) rsp=0xFFFFF8043A675438 exitCount=114327
[iommuret] hit #2486: HalpIommuInitSystem returned EAX=0x00000000 (success/other) rsp=0xFFFFF8043A675438 exitCount=114328
[iommuret] hit #2487: HalpIommuInitSystem returned EAX=0x00000000 (success/other) rsp=0xFFFFF8043A675438 exitCount=114329
[iommuret] hit #2488: HalpIommuInitSystem returned EAX=0x00000000 (success/other) rsp=0xFFFFF8043A675438 exitCount=114330
[iommuret] hit #2489: HalpIommuInitSystem returned EAX=0x00000000 (success/other) rsp=0xFFFFF8043A675438 exitCount=114331
[iommuret] hit #2490: HalpIommuInitSystem returned EAX=0x00000000 (success/other) rsp=0xFFFFF8043A675438 exitCount=114332
[iommuret] hit #2491: HalpIommuInitSystem returned EAX=0x00000000 (success/other) rsp=0xFFFFF8043A675438 exitCount=114333
[iommuret] hit #2492: HalpIommuInitSystem returned EAX=0x00000000 (success/other) rsp=0xFFFFF8043A675438 exitCount=114334
[iommuret] hit #2493: HalpIommuInitSystem returned EAX=0x00000000 (success/other) rsp=0xFFFFF8043A675438 exitCount=114335
[iommuret] hit #2494: HalpIommuInitSystem returned EAX=0x00000000 (success/other) rsp=0xFFFFF8043A675438 exitCount=114336
[iommuret] hit #2495: HalpIommuInitSystem returned EAX=0x00000000 (success/other) rsp=0xFFFFF8043A675438 exitCount=114337
[iommuret] hit #2496: HalpIommuInitSystem returned EAX=0x00000000 (success/other) rsp=0xFFFFF8043A675438 exitCount=114338
[iommuret] hit #2497: HalpIommuInitSystem returned EAX=0x00000000 (success/other) rsp=0xFFFFF8043A675438 exitCount=114339
[iommuret] hit #2498: HalpIommuInitSystem returned EAX=0x00000000 (success/other) rsp=0xFFFFF8043A675438 exitCount=114340
[iommuret] hit #2499: HalpIommuInitSystem returned EAX=0x00000000 (success/other) rsp=0xFFFFF8043A675438 exitCount=114341
[iommuret] hit #2500: HalpIommuInitSystem returned EAX=0x00000000 (success/other) rsp=0xFFFFF8043A675438 exitCount=114342
[iommuret] hit #2501: HalpIommuInitSystem returned EAX=0x00000000 (success/other) rsp=0xFFFFF8043A675438 exitCount=114343
[iommuret] hit #2502: HalpIommuInitSystem returned EAX=0x00000000 (success/other) rsp=0xFFFFF8043A675438 exitCount=114344
[iommuret] hit #2503: HalpIommuInitSystem returned EAX=0x00000000 (success/other) rsp=0xFFFFF8043A675438 exitCount=114345
[iommuret] hit #2504: HalpIommuInitSystem returned EAX=0x00000000 (success/other) rsp=0xFFFFF8043A675438 exitCount=114346
[iommuret] hit #2505: HalpIommuInitSystem returned EAX=0x00000000 (success/other) rsp=0xFFFFF8043A675438 exitCount=114347
[iommuret] hit #2506: HalpIommuInitSystem returned EAX=0x00000000 (success/other) rsp=0xFFFFF8043A675438 exitCount=114348
[iommuret] hit #2507: HalpIommuInitSystem returned EAX=0x00000000 (success/other) rsp=0xFFFFF8043A675438 exitCount=114349
[iommuret] hit #2508: HalpIommuInitSystem returned EAX=0x00000000 (success/other) rsp=0xFFFFF8043A675438 exitCount=114350
[iommuret] hit #2509: HalpIommuInitSystem returned EAX=0x00000000 (success/other) rsp=0xFFFFF8043A675438 exitCount=114351
[iommuret] hit #2510: HalpIommuInitSystem returned EAX=0x00000000 (success/other) rsp=0xFFFFF8043A675438 exitCount=114352
[iommuret] hit #2511: HalpIommuInitSystem returned EAX=0x00000000 (success/other) rsp=0xFFFFF8043A675438 exitCount=114353
[iommuret] hit #2512: HalpIommuInitSystem returned EAX=0x00000000 (success/other) rsp=0xFFFFF8043A675438 exitCount=114354
[iommuret] hit #2513: HalpIommuInitSystem returned EAX=0x00000000 (success/other) rsp=0xFFFFF8043A675438 exitCount=114355
[iommuret] hit #2514: HalpIommuInitSystem returned EAX=0x00000000 (success/other) rsp=0xFFFFF8043A675438 exitCount=114356
[iommuret] hit #2515: HalpIommuInitSystem returned EAX=0x00000000 (success/other) rsp=0xFFFFF8043A675438 exitCount=114357
[iommuret] hit #2516: HalpIommuInitSystem returned EAX=0x00000000 (success/other) rsp=0xFFFFF8043A675438 exitCount=114358
[iommuret] hit #2517: HalpIommuInitSystem returned EAX=0x00000000 (success/other) rsp=0xFFFFF8043A675438 exitCount=114359
[iommuret] hit #2518: HalpIommuInitSystem returned EAX=0x00000000 (success/other) rsp=0xFFFFF8043A675438 exitCount=114360
[iommuret] hit #2519: HalpIommuInitSystem returned EAX=0x00000000 (success/other) rsp=0xFFFFF8043A675438 exitCount=114361
[iommuret] hit #2520: HalpIommuInitSystem returned EAX=0x00000000 (success/other) rsp=0xFFFFF8043A675438 exitCount=114362
[iommuret] hit #2521: HalpIommuInitSystem returned EAX=0x00000000 (success/other) rsp=0xFFFFF8043A675438 exitCount=114363
[iommuret] hit #2522: HalpIommuInitSystem returned EAX=0x00000000 (success/other) rsp=0xFFFFF8043A675438 exitCount=114364
[iommuret] hit #2523: HalpIommuInitSystem returned EAX=0x00000000 (success/other) rsp=0xFFFFF8043A675438 exitCount=114365
[iommuret] hit #2524: HalpIommuInitSystem returned EAX=0x00000000 (success/other) rsp=0xFFFFF8043A675438 exitCount=114366
[iommuret] hit #2525: HalpIommuInitSystem returned EAX=0x00000000 (success/other) rsp=0xFFFFF8043A675438 exitCount=114367
[iommuret] hit #2526: HalpIommuInitSystem returned EAX=0x00000000 (success/other) rsp=0xFFFFF8043A675438 exitCount=114368
[iommuret] hit #2527: HalpIommuInitSystem returned EAX=0x00000000 (success/other) rsp=0xFFFFF8043A675438 exitCount=114369
[iommuret] hit #2528: HalpIommuInitSystem returned EAX=0x00000000 (success/other) rsp=0xFFFFF8043A675438 exitCount=114370
[iommuret] hit #2529: HalpIommuInitSystem returned EAX=0x00000000 (success/other) rsp=0xFFFFF8043A675438 exitCount=114371
[iommuret] hit #2530: HalpIommuInitSystem returned EAX=0x00000000 (success/other) rsp=0xFFFFF8043A675438 exitCount=114372
[iommuret] hit #2531: HalpIommuInitSystem returned EAX=0x00000000 (success/other) rsp=0xFFFFF8043A675438 exitCount=114373
[iommuret] hit #2532: HalpIommuInitSystem returned EAX=0x00000000 (success/other) rsp=0xFFFFF8043A675438 exitCount=114374
[iommuret] hit #2533: HalpIommuInitSystem returned EAX=0x00000000 (success/other) rsp=0xFFFFF8043A675438 exitCount=114375
[iommuret] hit #2534: HalpIommuInitSystem returned EAX=0x00000000 (success/other) rsp=0xFFFFF8043A675438 exitCount=114376
[iommuret] hit #2535: HalpIommuInitSystem returned EAX=0x00000000 (success/other) rsp=0xFFFFF8043A675438 exitCount=114377
[iommuret] hit #2536: HalpIommuInitSystem returned EAX=0x00000000 (success/other) rsp=0xFFFFF8043A675438 exitCount=114378
[iommuret] hit #2537: HalpIommuInitSystem returned EAX=0x00000000 (success/other) rsp=0xFFFFF8043A675438 exitCount=114379
[iommuret] hit #2538: HalpIommuInitSystem returned EAX=0x00000000 (success/other) rsp=0xFFFFF8043A675438 exitCount=114380
[iommuret] hit #2539: HalpIommuInitSystem returned EAX=0x00000000 (success/other) rsp=0xFFFFF8043A675438 exitCount=114381
[iommuret] hit #2540: HalpIommuInitSystem returned EAX=0x00000000 (success/other) rsp=0xFFFFF8043A675438 exitCount=114382
[iommuret] hit #2541: HalpIommuInitSystem returned EAX=0x00000000 (success/other) rsp=0xFFFFF8043A675438 exitCount=114383
[iommuret] hit #2542: HalpIommuInitSystem returned EAX=0x00000000 (success/other) rsp=0xFFFFF8043A675438 exitCount=114384
[iommuret] hit #2543: HalpIommuInitSystem returned EAX=0x00000000 (success/other) rsp=0xFFFFF8043A675438 exitCount=114385
[iommuret] hit #2544: HalpIommuInitSystem returned EAX=0x00000000 (success/other) rsp=0xFFFFF8043A675438 exitCount=114386
[iommuret] hit #2545: HalpIommuInitSystem returned EAX=0x00000000 (success/other) rsp=0xFFFFF8043A675438 exitCount=114387
[iommuret] hit #2546: HalpIommuInitSystem returned EAX=0x00000000 (success/other) rsp=0xFFFFF8043A675438 exitCount=114388
[iommuret] hit #2547: HalpIommuInitSystem returned EAX=0x00000000 (success/other) rsp=0xFFFFF8043A675438 exitCount=114389
[iommuret] hit #2548: HalpIommuInitSystem returned EAX=0x00000000 (success/other) rsp=0xFFFFF8043A675438 exitCount=114390
[iommuret] hit #2549: HalpIommuInitSystem returned EAX=0x00000000 (success/other) rsp=0xFFFFF8043A675438 exitCount=114391
[iommuret] hit #2550: HalpIommuInitSystem returned EAX=0x00000000 (success/other) rsp=0xFFFFF8043A675438 exitCount=114392
[iommuret] hit #2551: HalpIommuInitSystem returned EAX=0x00000000 (success/other) rsp=0xFFFFF8043A675438 exitCount=114393
[iommuret] hit #2552: HalpIommuInitSystem returned EAX=0x00000000 (success/other) rsp=0xFFFFF8043A675438 exitCount=114394
[iommuret] hit #2553: HalpIommuInitSystem returned EAX=0x00000000 (success/other) rsp=0xFFFFF8043A675438 exitCount=114395
[iommuret] hit #2554: HalpIommuInitSystem returned EAX=0x00000000 (success/other) rsp=0xFFFFF8043A675438 exitCount=114396
[iommuret] hit #2555: HalpIommuInitSystem returned EAX=0x00000000 (success/other) rsp=0xFFFFF8043A675438 exitCount=114397
[iommuret] hit #2556: HalpIommuInitSystem returned EAX=0x00000000 (success/other) rsp=0xFFFFF8043A675438 exitCount=114398
[iommuret] hit #2557: HalpIommuInitSystem returned EAX=0x00000000 (success/other) rsp=0xFFFFF8043A675438 exitCount=114399
[iommuret] hit #2558: HalpIommuInitSystem returned EAX=0x00000000 (success/other) rsp=0xFFFFF8043A675438 exitCount=114400
[iommuret] hit #2559: HalpIommuInitSystem returned EAX=0x00000000 (success/other) rsp=0xFFFFF8043A675438 exitCount=114401
[iommuret] hit #2560: HalpIommuInitSystem returned EAX=0x00000000 (success/other) rsp=0xFFFFF8043A675438 exitCount=114402
[iommuret] hit #2561: HalpIommuInitSystem returned EAX=0x00000000 (success/other) rsp=0xFFFFF8043A675438 exitCount=114403
[iommuret] hit #2562: HalpIommuInitSystem returned EAX=0x00000000 (success/other) rsp=0xFFFFF8043A675438 exitCount=114404
[iommuret] hit #2563: HalpIommuInitSystem returned EAX=0x00000000 (success/other) rsp=0xFFFFF8043A675438 exitCount=114405
[iommuret] hit #2564: HalpIommuInitSystem returned EAX=0x00000000 (success/other) rsp=0xFFFFF8043A675438 exitCount=114406
[iommuret] hit #2565: HalpIommuInitSystem returned EAX=0x00000000 (success/other) rsp=0xFFFFF8043A675438 exitCount=114407
[iommuret] hit #2566: HalpIommuInitSystem returned EAX=0x00000000 (success/other) rsp=0xFFFFF8043A675438 exitCount=114408
[iommuret] hit #2567: HalpIommuInitSystem returned EAX=0x00000000 (success/other) rsp=0xFFFFF8043A675438 exitCount=114409
[iommuret] hit #2568: HalpIommuInitSystem returned EAX=0x00000000 (success/other) rsp=0xFFFFF8043A675438 exitCount=114410
[iommuret] hit #2569: HalpIommuInitSystem returned EAX=0x00000000 (success/other) rsp=0xFFFFF8043A675438 exitCount=114411
[iommuret] hit #2570: HalpIommuInitSystem returned EAX=0x00000000 (success/other) rsp=0xFFFFF8043A675438 exitCount=114412
[iommuret] hit #2571: HalpIommuInitSystem returned EAX=0x00000000 (success/other) rsp=0xFFFFF8043A675438 exitCount=114413
[iommuret] hit #2572: HalpIommuInitSystem returned EAX=0x00000000 (success/other) rsp=0xFFFFF8043A675438 exitCount=114414
[iommuret] hit #2573: HalpIommuInitSystem returned EAX=0x00000000 (success/other) rsp=0xFFFFF8043A675438 exitCount=114415
[iommuret] hit #2574: HalpIommuInitSystem returned EAX=0x00000000 (success/other) rsp=0xFFFFF8043A675438 exitCount=114416
[iommuret] hit #2575: HalpIommuInitSystem returned EAX=0x00000000 (success/other) rsp=0xFFFFF8043A675438 exitCount=114417
[iommuret] hit #2576: HalpIommuInitSystem returned EAX=0x00000000 (success/other) rsp=0xFFFFF8043A675438 exitCount=114418
[iommuret] hit #2577: HalpIommuInitSystem returned EAX=0x00000000 (success/other) rsp=0xFFFFF8043A675438 exitCount=114419
[iommuret] hit #2578: HalpIommuInitSystem returned EAX=0x00000000 (success/other) rsp=0xFFFFF8043A675438 exitCount=114420
[iommuret] hit #2579: HalpIommuInitSystem returned EAX=0x00000000 (success/other) rsp=0xFFFFF8043A675438 exitCount=114421
[iommuret] hit #2580: HalpIommuInitSystem returned EAX=0x00000000 (success/other) rsp=0xFFFFF8043A675438 exitCount=114422
[iommuret] hit #2581: HalpIommuInitSystem returned EAX=0x00000000 (success/other) rsp=0xFFFFF8043A675438 exitCount=114423
[iommuret] hit #2582: HalpIommuInitSystem returned EAX=0x00000000 (success/other) rsp=0xFFFFF8043A675438 exitCount=114424
[iommuret] hit #2583: HalpIommuInitSystem returned EAX=0x00000000 (success/other) rsp=0xFFFFF8043A675438 exitCount=114425
[iommuret] hit #2584: HalpIommuInitSystem returned EAX=0x00000000 (success/other) rsp=0xFFFFF8043A675438 exitCount=114426
[iommuret] hit #2585: HalpIommuInitSystem returned EAX=0x00000000 (success/other) rsp=0xFFFFF8043A675438 exitCount=114427
[iommuret] hit #2586: HalpIommuInitSystem returned EAX=0x00000000 (success/other) rsp=0xFFFFF8043A675438 exitCount=114428
[iommuret] hit #2587: HalpIommuInitSystem returned EAX=0x00000000 (success/other) rsp=0xFFFFF8043A675438 exitCount=114429
[iommuret] hit #2588: HalpIommuInitSystem returned EAX=0x00000000 (success/other) rsp=0xFFFFF8043A675438 exitCount=114430
[iommuret] hit #2589: HalpIommuInitSystem returned EAX=0x00000000 (success/other) rsp=0xFFFFF8043A675438 exitCount=114431
[iommuret] hit #2590: HalpIommuInitSystem returned EAX=0x00000000 (success/other) rsp=0xFFFFF8043A675438 exitCount=114432
[iommuret] hit #2591: HalpIommuInitSystem returned EAX=0x00000000 (success/other) rsp=0xFFFFF8043A675438 exitCount=114433
[iommuret] hit #2592: HalpIommuInitSystem returned EAX=0x00000000 (success/other) rsp=0xFFFFF8043A675438 exitCount=114434
[iommuret] hit #2593: HalpIommuInitSystem returned EAX=0x00000000 (success/other) rsp=0xFFFFF8043A675438 exitCount=114435
[iommuret] hit #2594: HalpIommuInitSystem returned EAX=0x00000000 (success/other) rsp=0xFFFFF8043A675438 exitCount=114436
[iommuret] hit #2595: HalpIommuInitSystem returned EAX=0x00000000 (success/other) rsp=0xFFFFF8043A675438 exitCount=114437
[iommuret] hit #2596: HalpIommuInitSystem returned EAX=0x00000000 (success/other) rsp=0xFFFFF8043A675438 exitCount=114438
[iommuret] hit #2597: HalpIommuInitSystem returned EAX=0x00000000 (success/other) rsp=0xFFFFF8043A675438 exitCount=114439
[iommuret] hit #2598: HalpIommuInitSystem returned EAX=0x00000000 (success/other) rsp=0xFFFFF8043A675438 exitCount=114440
[iommuret] hit #2599: HalpIommuInitSystem returned EAX=0x00000000 (success/other) rsp=0xFFFFF8043A675438 exitCount=114441
[iommuret] hit #2600: HalpIommuInitSystem returned EAX=0x00000000 (success/other) rsp=0xFFFFF8043A675438 exitCount=114442
[iommuret] hit #2601: HalpIommuInitSystem returned EAX=0x00000000 (success/other) rsp=0xFFFFF8043A675438 exitCount=114443
[iommuret] hit #2602: HalpIommuInitSystem returned EAX=0x00000000 (success/other) rsp=0xFFFFF8043A675438 exitCount=114444
[iommuret] hit #2603: HalpIommuInitSystem returned EAX=0x00000000 (success/other) rsp=0xFFFFF8043A675438 exitCount=114445
[iommuret] hit #2604: HalpIommuInitSystem returned EAX=0x00000000 (success/other) rsp=0xFFFFF8043A675438 exitCount=114446
[iommuret] hit #2605: HalpIommuInitSystem returned EAX=0x00000000 (success/other) rsp=0xFFFFF8043A675438 exitCount=114447
[iommuret] hit #2606: HalpIommuInitSystem returned EAX=0x00000000 (success/other) rsp=0xFFFFF8043A675438 exitCount=114448
[iommuret] hit #2607: HalpIommuInitSystem returned EAX=0x00000000 (success/other) rsp=0xFFFFF8043A675438 exitCount=114449
[iommuret] hit #2608: HalpIommuInitSystem returned EAX=0x00000000 (success/other) rsp=0xFFFFF8043A675438 exitCount=114450
[iommuret] hit #2609: HalpIommuInitSystem returned EAX=0x00000000 (success/other) rsp=0xFFFFF8043A675438 exitCount=114451
[iommuret] hit #2610: HalpIommuInitSystem returned EAX=0x00000000 (success/other) rsp=0xFFFFF8043A675438 exitCount=114452
[iommuret] hit #2611: HalpIommuInitSystem returned EAX=0x00000000 (success/other) rsp=0xFFFFF8043A675438 exitCount=114453
[iommuret] hit #2612: HalpIommuInitSystem returned EAX=0x00000000 (success/other) rsp=0xFFFFF8043A675438 exitCount=114454
[iommuret] hit #2613: HalpIommuInitSystem returned EAX=0x00000000 (success/other) rsp=0xFFFFF8043A675438 exitCount=114455
[iommuret] hit #2614: HalpIommuInitSystem returned EAX=0x00000000 (success/other) rsp=0xFFFFF8043A675438 exitCount=114456
[iommuret] hit #2615: HalpIommuInitSystem returned EAX=0x00000000 (success/other) rsp=0xFFFFF8043A675438 exitCount=114457
[iommuret] hit #2616: HalpIommuInitSystem returned EAX=0x00000000 (success/other) rsp=0xFFFFF8043A675438 exitCount=114458
[iommuret] hit #2617: HalpIommuInitSystem returned EAX=0x00000000 (success/other) rsp=0xFFFFF8043A675438 exitCount=114459
[iommuret] hit #2618: HalpIommuInitSystem returned EAX=0x00000000 (success/other) rsp=0xFFFFF8043A675438 exitCount=114460
[iommuret] hit #2619: HalpIommuInitSystem returned EAX=0x00000000 (success/other) rsp=0xFFFFF8043A675438 exitCount=114461
[iommuret] hit #2620: HalpIommuInitSystem returned EAX=0x00000000 (success/other) rsp=0xFFFFF8043A675438 exitCount=114462
[iommuret] hit #2621: HalpIommuInitSystem returned EAX=0x00000000 (success/other) rsp=0xFFFFF8043A675438 exitCount=114463
[iommuret] hit #2622: HalpIommuInitSystem returned EAX=0x00000000 (success/other) rsp=0xFFFFF8043A675438 exitCount=114464
[iommuret] hit #2623: HalpIommuInitSystem returned EAX=0x00000000 (success/other) rsp=0xFFFFF8043A675438 exitCount=114465
[iommuret] hit #2624: HalpIommuInitSystem returned EAX=0x00000000 (success/other) rsp=0xFFFFF8043A675438 exitCount=114466
[iommuret] hit #2625: HalpIommuInitSystem returned EAX=0x00000000 (success/other) rsp=0xFFFFF8043A675438 exitCount=114467
[iommuret] hit #2626: HalpIommuInitSystem returned EAX=0x00000000 (success/other) rsp=0xFFFFF8043A675438 exitCount=114468
[iommuret] hit #2627: HalpIommuInitSystem returned EAX=0x00000000 (success/other) rsp=0xFFFFF8043A675438 exitCount=114469
[iommuret] hit #2628: HalpIommuInitSystem returned EAX=0x00000000 (success/other) rsp=0xFFFFF8043A675438 exitCount=114470
[iommuret] hit #2629: HalpIommuInitSystem returned EAX=0x00000000 (success/other) rsp=0xFFFFF8043A675438 exitCount=114471
[iommuret] hit #2630: HalpIommuInitSystem returned EAX=0x00000000 (success/other) rsp=0xFFFFF8043A675438 exitCount=114472
[iommuret] hit #2631: HalpIommuInitSystem returned EAX=0x00000000 (success/other) rsp=0xFFFFF8043A675438 exitCount=114473
[iommuret] hit #2632: HalpIommuInitSystem returned EAX=0x00000000 (success/other) rsp=0xFFFFF8043A675438 exitCount=114474
[iommuret] hit #2633: HalpIommuInitSystem returned EAX=0x00000000 (success/other) rsp=0xFFFFF8043A675438 exitCount=114475
[iommuret] hit #2634: HalpIommuInitSystem returned EAX=0x00000000 (success/other) rsp=0xFFFFF8043A675438 exitCount=114476
[iommuret] hit #2635: HalpIommuInitSystem returned EAX=0x00000000 (success/other) rsp=0xFFFFF8043A675438 exitCount=114477
[iommuret] hit #2636: HalpIommuInitSystem returned EAX=0x00000000 (success/other) rsp=0xFFFFF8043A675438 exitCount=114478
[iommuret] hit #2637: HalpIommuInitSystem returned EAX=0x00000000 (success/other) rsp=0xFFFFF8043A675438 exitCount=114479
[iommuret] hit #2638: HalpIommuInitSystem returned EAX=0x00000000 (success/other) rsp=0xFFFFF8043A675438 exitCount=114480
[iommuret] hit #2639: HalpIommuInitSystem returned EAX=0x00000000 (success/other) rsp=0xFFFFF8043A675438 exitCount=114481
[iommuret] hit #2640: HalpIommuInitSystem returned EAX=0x00000000 (success/other) rsp=0xFFFFF8043A675438 exitCount=114482
[iommuret] hit #2641: HalpIommuInitSystem returned EAX=0x00000000 (success/other) rsp=0xFFFFF8043A675438 exitCount=114483
[iommuret] hit #2642: HalpIommuInitSystem returned EAX=0x00000000 (success/other) rsp=0xFFFFF8043A675438 exitCount=114484
[iommuret] hit #2643: HalpIommuInitSystem returned EAX=0x00000000 (success/other) rsp=0xFFFFF8043A675438 exitCount=114485
[iommuret] hit #2644: HalpIommuInitSystem returned EAX=0x00000000 (success/other) rsp=0xFFFFF8043A675438 exitCount=114486
[iommuret] hit #2645: HalpIommuInitSystem returned EAX=0x00000000 (success/other) rsp=0xFFFFF8043A675438 exitCount=114487
[iommuret] hit #2646: HalpIommuInitSystem returned EAX=0x00000000 (success/other) rsp=0xFFFFF8043A675438 exitCount=114488
[iommuret] hit #2647: HalpIommuInitSystem returned EAX=0x00000000 (success/other) rsp=0xFFFFF8043A675438 exitCount=114489
[iommuret] hit #2648: HalpIommuInitSystem returned EAX=0x00000000 (success/other) rsp=0xFFFFF8043A675438 exitCount=114490
[iommuret] hit #2649: HalpIommuInitSystem returned EAX=0x00000000 (success/other) rsp=0xFFFFF8043A675438 exitCount=114491
[iommuret] hit #2650: HalpIommuInitSystem returned EAX=0x00000000 (success/other) rsp=0xFFFFF8043A675438 exitCount=114492
[iommuret] hit #2651: HalpIommuInitSystem returned EAX=0x00000000 (success/other) rsp=0xFFFFF8043A675438 exitCount=114493
[iommuret] hit #2652: HalpIommuInitSystem returned EAX=0x00000000 (success/other) rsp=0xFFFFF8043A675438 exitCount=114494
[iommuret] hit #2653: HalpIommuInitSystem returned EAX=0x00000000 (success/other) rsp=0xFFFFF8043A675438 exitCount=114495
[iommuret] hit #2654: HalpIommuInitSystem returned EAX=0x00000000 (success/other) rsp=0xFFFFF8043A675438 exitCount=114496
[iommuret] hit #2655: HalpIommuInitSystem returned EAX=0x00000000 (success/other) rsp=0xFFFFF8043A675438 exitCount=114497
[iommuret] hit #2656: HalpIommuInitSystem returned EAX=0x00000000 (success/other) rsp=0xFFFFF8043A675438 exitCount=114498
[iommuret] hit #2657: HalpIommuInitSystem returned EAX=0x00000000 (success/other) rsp=0xFFFFF8043A675438 exitCount=114499
[iommuret] hit #2658: HalpIommuInitSystem returned EAX=0x00000000 (success/other) rsp=0xFFFFF8043A675438 exitCount=114500
[iommuret] hit #2659: HalpIommuInitSystem returned EAX=0x00000000 (success/other) rsp=0xFFFFF8043A675438 exitCount=114501
[iommuret] hit #2660: HalpIommuInitSystem returned EAX=0x00000000 (success/other) rsp=0xFFFFF8043A675438 exitCount=114502
[iommuret] hit #2661: HalpIommuInitSystem returned EAX=0x00000000 (success/other) rsp=0xFFFFF8043A675438 exitCount=114503
[iommuret] hit #2662: HalpIommuInitSystem returned EAX=0x00000000 (success/other) rsp=0xFFFFF8043A675438 exitCount=114504
[iommuret] hit #2663: HalpIommuInitSystem returned EAX=0x00000000 (success/other) rsp=0xFFFFF8043A675438 exitCount=114505
[iommuret] hit #2664: HalpIommuInitSystem returned EAX=0x00000000 (success/other) rsp=0xFFFFF8043A675438 exitCount=114506
[iommuret] hit #2665: HalpIommuInitSystem returned EAX=0x00000000 (success/other) rsp=0xFFFFF8043A675438 exitCount=114507
[iommuret] hit #2666: HalpIommuInitSystem returned EAX=0x00000000 (success/other) rsp=0xFFFFF8043A675438 exitCount=114508
[iommuret] hit #2667: HalpIommuInitSystem returned EAX=0x00000000 (success/other) rsp=0xFFFFF8043A675438 exitCount=114509
[iommuret] hit #2668: HalpIommuInitSystem returned EAX=0x00000000 (success/other) rsp=0xFFFFF8043A675438 exitCount=114510
[iommuret] hit #2669: HalpIommuInitSystem returned EAX=0x00000000 (success/other) rsp=0xFFFFF8043A675438 exitCount=114511
[iommuret] hit #2670: HalpIommuInitSystem returned EAX=0x00000000 (success/other) rsp=0xFFFFF8043A675438 exitCount=114512
[iommuret] hit #2671: HalpIommuInitSystem returned EAX=0x00000000 (success/other) rsp=0xFFFFF8043A675438 exitCount=114513
[iommuret] hit #2672: HalpIommuInitSystem returned EAX=0x00000000 (success/other) rsp=0xFFFFF8043A675438 exitCount=114514
[iommuret] hit #2673: HalpIommuInitSystem returned EAX=0x00000000 (success/other) rsp=0xFFFFF8043A675438 exitCount=114515
[iommuret] hit #2674: HalpIommuInitSystem returned EAX=0x00000000 (success/other) rsp=0xFFFFF8043A675438 exitCount=114516
[iommuret] hit #2675: HalpIommuInitSystem returned EAX=0x00000000 (success/other) rsp=0xFFFFF8043A675438 exitCount=114517
[iommuret] hit #2676: HalpIommuInitSystem returned EAX=0x00000000 (success/other) rsp=0xFFFFF8043A675438 exitCount=114518
[iommuret] hit #2677: HalpIommuInitSystem returned EAX=0x00000000 (success/other) rsp=0xFFFFF8043A675438 exitCount=114519
[iommuret] hit #2678: HalpIommuInitSystem returned EAX=0x00000000 (success/other) rsp=0xFFFFF8043A675438 exitCount=114520
[iommuret] hit #2679: HalpIommuInitSystem returned EAX=0x00000000 (success/other) rsp=0xFFFFF8043A675438 exitCount=114521
[iommuret] hit #2680: HalpIommuInitSystem returned EAX=0x00000000 (success/other) rsp=0xFFFFF8043A675438 exitCount=114522
[iommuret] hit #2681: HalpIommuInitSystem returned EAX=0x00000000 (success/other) rsp=0xFFFFF8043A675438 exitCount=114523
[iommuret] hit #2682: HalpIommuInitSystem returned EAX=0x00000000 (success/other) rsp=0xFFFFF8043A675438 exitCount=114524
[iommuret] hit #2683: HalpIommuInitSystem returned EAX=0x00000000 (success/other) rsp=0xFFFFF8043A675438 exitCount=114525
[iommuret] hit #2684: HalpIommuInitSystem returned EAX=0x00000000 (success/other) rsp=0xFFFFF8043A675438 exitCount=114526
[iommuret] hit #2685: HalpIommuInitSystem returned EAX=0x00000000 (success/other) rsp=0xFFFFF8043A675438 exitCount=114527
[iommuret] hit #2686: HalpIommuInitSystem returned EAX=0x00000000 (success/other) rsp=0xFFFFF8043A675438 exitCount=114528
[iommuret] hit #2687: HalpIommuInitSystem returned EAX=0x00000000 (success/other) rsp=0xFFFFF8043A675438 exitCount=114529
[iommuret] hit #2688: HalpIommuInitSystem returned EAX=0x00000000 (success/other) rsp=0xFFFFF8043A675438 exitCount=114530
[iommuret] hit #2689: HalpIommuInitSystem returned EAX=0x00000000 (success/other) rsp=0xFFFFF8043A675438 exitCount=114531
[iommuret] hit #2690: HalpIommuInitSystem returned EAX=0x00000000 (success/other) rsp=0xFFFFF8043A675438 exitCount=114532
[iommuret] hit #2691: HalpIommuInitSystem returned EAX=0x00000000 (success/other) rsp=0xFFFFF8043A675438 exitCount=114533
[iommuret] hit #2692: HalpIommuInitSystem returned EAX=0x00000000 (success/other) rsp=0xFFFFF8043A675438 exitCount=114534
[iommuret] hit #2693: HalpIommuInitSystem returned EAX=0x00000000 (success/other) rsp=0xFFFFF8043A675438 exitCount=114535
[iommuret] hit #2694: HalpIommuInitSystem returned EAX=0x00000000 (success/other) rsp=0xFFFFF8043A675438 exitCount=114536
[iommuret] hit #2695: HalpIommuInitSystem returned EAX=0x00000000 (success/other) rsp=0xFFFFF8043A675438 exitCount=114537
[iommuret] hit #2696: HalpIommuInitSystem returned EAX=0x00000000 (success/other) rsp=0xFFFFF8043A675438 exitCount=114538
[iommuret] hit #2697: HalpIommuInitSystem returned EAX=0x00000000 (success/other) rsp=0xFFFFF8043A675438 exitCount=114539
[iommuret] hit #2698: HalpIommuInitSystem returned EAX=0x00000000 (success/other) rsp=0xFFFFF8043A675438 exitCount=114540
[iommuret] hit #2699: HalpIommuInitSystem returned EAX=0x00000000 (success/other) rsp=0xFFFFF8043A675438 exitCount=114541
[iommuret] hit #2700: HalpIommuInitSystem returned EAX=0x00000000 (success/other) rsp=0xFFFFF8043A675438 exitCount=114542
[iommuret] hit #2701: HalpIommuInitSystem returned EAX=0x00000000 (success/other) rsp=0xFFFFF8043A675438 exitCount=114543
[iommuret] hit #2702: HalpIommuInitSystem returned EAX=0x00000000 (success/other) rsp=0xFFFFF8043A675438 exitCount=114544
[iommuret] hit #2703: HalpIommuInitSystem returned EAX=0x00000000 (success/other) rsp=0xFFFFF8043A675438 exitCount=114545
[iommuret] hit #2704: HalpIommuInitSystem returned EAX=0x00000000 (success/other) rsp=0xFFFFF8043A675438 exitCount=114546
[iommuret] hit #2705: HalpIommuInitSystem returned EAX=0x00000000 (success/other) rsp=0xFFFFF8043A675438 exitCount=114547
[iommuret] hit #2706: HalpIommuInitSystem returned EAX=0x00000000 (success/other) rsp=0xFFFFF8043A675438 exitCount=114548
[iommuret] hit #2707: HalpIommuInitSystem returned EAX=0x00000000 (success/other) rsp=0xFFFFF8043A675438 exitCount=114549
[iommuret] hit #2708: HalpIommuInitSystem returned EAX=0x00000000 (success/other) rsp=0xFFFFF8043A675438 exitCount=114550
[iommuret] hit #2709: HalpIommuInitSystem returned EAX=0x00000000 (success/other) rsp=0xFFFFF8043A675438 exitCount=114551
[iommuret] hit #2710: HalpIommuInitSystem returned EAX=0x00000000 (success/other) rsp=0xFFFFF8043A675438 exitCount=114552
[iommuret] hit #2711: HalpIommuInitSystem returned EAX=0x00000000 (success/other) rsp=0xFFFFF8043A675438 exitCount=114553
[iommuret] hit #2712: HalpIommuInitSystem returned EAX=0x00000000 (success/other) rsp=0xFFFFF8043A675438 exitCount=114554
[iommuret] hit #2713: HalpIommuInitSystem returned EAX=0x00000000 (success/other) rsp=0xFFFFF8043A675438 exitCount=114555
[iommuret] hit #2714: HalpIommuInitSystem returned EAX=0x00000000 (success/other) rsp=0xFFFFF8043A675438 exitCount=114556
[iommuret] hit #2715: HalpIommuInitSystem returned EAX=0x00000000 (success/other) rsp=0xFFFFF8043A675438 exitCount=114557
[iommuret] hit #2716: HalpIommuInitSystem returned EAX=0x00000000 (success/other) rsp=0xFFFFF8043A675438 exitCount=114558
[iommuret] hit #2717: HalpIommuInitSystem returned EAX=0x00000000 (success/other) rsp=0xFFFFF8043A675438 exitCount=114559
[iommuret] hit #2718: HalpIommuInitSystem returned EAX=0x00000000 (success/other) rsp=0xFFFFF8043A675438 exitCount=114560
[iommuret] hit #2719: HalpIommuInitSystem returned EAX=0x00000000 (success/other) rsp=0xFFFFF8043A675438 exitCount=114561
[iommuret] hit #2720: HalpIommuInitSystem returned EAX=0x00000000 (success/other) rsp=0xFFFFF8043A675438 exitCount=114562
[iommuret] hit #2721: HalpIommuInitSystem returned EAX=0x00000000 (success/other) rsp=0xFFFFF8043A675438 exitCount=114563
[iommuret] hit #2722: HalpIommuInitSystem returned EAX=0x00000000 (success/other) rsp=0xFFFFF8043A675438 exitCount=114564
[iommuret] hit #2723: HalpIommuInitSystem returned EAX=0x00000000 (success/other) rsp=0xFFFFF8043A675438 exitCount=114565
[iommuret] hit #2724: HalpIommuInitSystem returned EAX=0x00000000 (success/other) rsp=0xFFFFF8043A675438 exitCount=114566
[iommuret] hit #2725: HalpIommuInitSystem returned EAX=0x00000000 (success/other) rsp=0xFFFFF8043A675438 exitCount=114567
[iommuret] hit #2726: HalpIommuInitSystem returned EAX=0x00000000 (success/other) rsp=0xFFFFF8043A675438 exitCount=114568
[iommuret] hit #2727: HalpIommuInitSystem returned EAX=0x00000000 (success/other) rsp=0xFFFFF8043A675438 exitCount=114569
[iommuret] hit #2728: HalpIommuInitSystem returned EAX=0x00000000 (success/other) rsp=0xFFFFF8043A675438 exitCount=114570
[iommuret] hit #2729: HalpIommuInitSystem returned EAX=0x00000000 (success/other) rsp=0xFFFFF8043A675438 exitCount=114571
[iommuret] hit #2730: HalpIommuInitSystem returned EAX=0x00000000 (success/other) rsp=0xFFFFF8043A675438 exitCount=114572
[iommuret] hit #2731: HalpIommuInitSystem returned EAX=0x00000000 (success/other) rsp=0xFFFFF8043A675438 exitCount=114573
[iommuret] hit #2732: HalpIommuInitSystem returned EAX=0x00000000 (success/other) rsp=0xFFFFF8043A675438 exitCount=114574
[iommuret] hit #2733: HalpIommuInitSystem returned EAX=0x00000000 (success/other) rsp=0xFFFFF8043A675438 exitCount=114575
[iommuret] hit #2734: HalpIommuInitSystem returned EAX=0x00000000 (success/other) rsp=0xFFFFF8043A675438 exitCount=114576
[iommuret] hit #2735: HalpIommuInitSystem returned EAX=0x00000000 (success/other) rsp=0xFFFFF8043A675438 exitCount=114577
[iommuret] hit #2736: HalpIommuInitSystem returned EAX=0x00000000 (success/other) rsp=0xFFFFF8043A675438 exitCount=114578
[iommuret] hit #2737: HalpIommuInitSystem returned EAX=0x00000000 (success/other) rsp=0xFFFFF8043A675438 exitCount=114579
[iommuret] hit #2738: HalpIommuInitSystem returned EAX=0x00000000 (success/other) rsp=0xFFFFF8043A675438 exitCount=114580
[iommuret] hit #2739: HalpIommuInitSystem returned EAX=0x00000000 (success/other) rsp=0xFFFFF8043A675438 exitCount=114581
[iommuret] hit #2740: HalpIommuInitSystem returned EAX=0x00000000 (success/other) rsp=0xFFFFF8043A675438 exitCount=114582
[iommuret] hit #2741: HalpIommuInitSystem returned EAX=0x00000000 (success/other) rsp=0xFFFFF8043A675438 exitCount=114583
[iommuret] hit #2742: HalpIommuInitSystem returned EAX=0x00000000 (success/other) rsp=0xFFFFF8043A675438 exitCount=114584
[iommuret] hit #2743: HalpIommuInitSystem returned EAX=0x00000000 (success/other) rsp=0xFFFFF8043A675438 exitCount=114585
[iommuret] hit #2744: HalpIommuInitSystem returned EAX=0x00000000 (success/other) rsp=0xFFFFF8043A675438 exitCount=114586
[iommuret] hit #2745: HalpIommuInitSystem returned EAX=0x00000000 (success/other) rsp=0xFFFFF8043A675438 exitCount=114587
[iommuret] hit #2746: HalpIommuInitSystem returned EAX=0x00000000 (success/other) rsp=0xFFFFF8043A675438 exitCount=114588
[iommuret] hit #2747: HalpIommuInitSystem returned EAX=0x00000000 (success/other) rsp=0xFFFFF8043A675438 exitCount=114589
[iommuret] hit #2748: HalpIommuInitSystem returned EAX=0x00000000 (success/other) rsp=0xFFFFF8043A675438 exitCount=114590
[iommuret] hit #2749: HalpIommuInitSystem returned EAX=0x00000000 (success/other) rsp=0xFFFFF8043A675438 exitCount=114591
[iommuret] hit #2750: HalpIommuInitSystem returned EAX=0x00000000 (success/other) rsp=0xFFFFF8043A675438 exitCount=114592
[iommuret] hit #2751: HalpIommuInitSystem returned EAX=0x00000000 (success/other) rsp=0xFFFFF8043A675438 exitCount=114593
[iommuret] hit #2752: HalpIommuInitSystem returned EAX=0x00000000 (success/other) rsp=0xFFFFF8043A675438 exitCount=114594
[iommuret] hit #2753: HalpIommuInitSystem returned EAX=0x00000000 (success/other) rsp=0xFFFFF8043A675438 exitCount=114595
[iommuret] hit #2754: HalpIommuInitSystem returned EAX=0x00000000 (success/other) rsp=0xFFFFF8043A675438 exitCount=114596
[iommuret] hit #2755: HalpIommuInitSystem returned EAX=0x00000000 (success/other) rsp=0xFFFFF8043A675438 exitCount=114597
[iommuret] hit #2756: HalpIommuInitSystem returned EAX=0x00000000 (success/other) rsp=0xFFFFF8043A675438 exitCount=114598
[iommuret] hit #2757: HalpIommuInitSystem returned EAX=0x00000000 (success/other) rsp=0xFFFFF8043A675438 exitCount=114599
[iommuret] hit #2758: HalpIommuInitSystem returned EAX=0x00000000 (success/other) rsp=0xFFFFF8043A675438 exitCount=114600
[iommuret] hit #2759: HalpIommuInitSystem returned EAX=0x00000000 (success/other) rsp=0xFFFFF8043A675438 exitCount=114601
[iommuret] hit #2760: HalpIommuInitSystem returned EAX=0x00000000 (success/other) rsp=0xFFFFF8043A675438 exitCount=114602
[iommuret] hit #2761: HalpIommuInitSystem returned EAX=0x00000000 (success/other) rsp=0xFFFFF8043A675438 exitCount=114603
[iommuret] hit #2762: HalpIommuInitSystem returned EAX=0x00000000 (success/other) rsp=0xFFFFF8043A675438 exitCount=114604
[iommuret] hit #2763: HalpIommuInitSystem returned EAX=0x00000000 (success/other) rsp=0xFFFFF8043A675438 exitCount=114605
[iommuret] hit #2764: HalpIommuInitSystem returned EAX=0x00000000 (success/other) rsp=0xFFFFF8043A675438 exitCount=114606
[iommuret] hit #2765: HalpIommuInitSystem returned EAX=0x00000000 (success/other) rsp=0xFFFFF8043A675438 exitCount=114607
[iommuret] hit #2766: HalpIommuInitSystem returned EAX=0x00000000 (success/other) rsp=0xFFFFF8043A675438 exitCount=114608
[iommuret] hit #2767: HalpIommuInitSystem returned EAX=0x00000000 (success/other) rsp=0xFFFFF8043A675438 exitCount=114609
[iommuret] hit #2768: HalpIommuInitSystem returned EAX=0x00000000 (success/other) rsp=0xFFFFF8043A675438 exitCount=114610
[iommuret] hit #2769: HalpIommuInitSystem returned EAX=0x00000000 (success/other) rsp=0xFFFFF8043A675438 exitCount=114611
[iommuret] hit #2770: HalpIommuInitSystem returned EAX=0x00000000 (success/other) rsp=0xFFFFF8043A675438 exitCount=114612
[iommuret] hit #2771: HalpIommuInitSystem returned EAX=0x00000000 (success/other) rsp=0xFFFFF8043A675438 exitCount=114613
[iommuret] hit #2772: HalpIommuInitSystem returned EAX=0x00000000 (success/other) rsp=0xFFFFF8043A675438 exitCount=114614
[iommuret] hit #2773: HalpIommuInitSystem returned EAX=0x00000000 (success/other) rsp=0xFFFFF8043A675438 exitCount=114615
[iommuret] hit #2774: HalpIommuInitSystem returned EAX=0x00000000 (success/other) rsp=0xFFFFF8043A675438 exitCount=114616
[iommuret] hit #2775: HalpIommuInitSystem returned EAX=0x00000000 (success/other) rsp=0xFFFFF8043A675438 exitCount=114617
[iommuret] hit #2776: HalpIommuInitSystem returned EAX=0x00000000 (success/other) rsp=0xFFFFF8043A675438 exitCount=114618
[iommuret] hit #2777: HalpIommuInitSystem returned EAX=0x00000000 (success/other) rsp=0xFFFFF8043A675438 exitCount=114619
[iommuret] hit #2778: HalpIommuInitSystem returned EAX=0x00000000 (success/other) rsp=0xFFFFF8043A675438 exitCount=114620
[iommuret] hit #2779: HalpIommuInitSystem returned EAX=0x00000000 (success/other) rsp=0xFFFFF8043A675438 exitCount=114621
[iommuret] hit #2780: HalpIommuInitSystem returned EAX=0x00000000 (success/other) rsp=0xFFFFF8043A675438 exitCount=114622
[iommuret] hit #2781: HalpIommuInitSystem returned EAX=0x00000000 (success/other) rsp=0xFFFFF8043A675438 exitCount=114623
[iommuret] hit #2782: HalpIommuInitSystem returned EAX=0x00000000 (success/other) rsp=0xFFFFF8043A675438 exitCount=114624
[iommuret] hit #2783: HalpIommuInitSystem returned EAX=0x00000000 (success/other) rsp=0xFFFFF8043A675438 exitCount=114625
[iommuret] hit #2784: HalpIommuInitSystem returned EAX=0x00000000 (success/other) rsp=0xFFFFF8043A675438 exitCount=114626
[iommuret] hit #2785: HalpIommuInitSystem returned EAX=0x00000000 (success/other) rsp=0xFFFFF8043A675438 exitCount=114627
[iommuret] hit #2786: HalpIommuInitSystem returned EAX=0x00000000 (success/other) rsp=0xFFFFF8043A675438 exitCount=114628
[iommuret] hit #2787: HalpIommuInitSystem returned EAX=0x00000000 (success/other) rsp=0xFFFFF8043A675438 exitCount=114629
[iommuret] hit #2788: HalpIommuInitSystem returned EAX=0x00000000 (success/other) rsp=0xFFFFF8043A675438 exitCount=114630
[iommuret] hit #2789: HalpIommuInitSystem returned EAX=0x00000000 (success/other) rsp=0xFFFFF8043A675438 exitCount=114631
[iommuret] hit #2790: HalpIommuInitSystem returned EAX=0x00000000 (success/other) rsp=0xFFFFF8043A675438 exitCount=114632
[iommuret] hit #2791: HalpIommuInitSystem returned EAX=0x00000000 (success/other) rsp=0xFFFFF8043A675438 exitCount=114633
[iommuret] hit #2792: HalpIommuInitSystem returned EAX=0x00000000 (success/other) rsp=0xFFFFF8043A675438 exitCount=114634
[iommuret] hit #2793: HalpIommuInitSystem returned EAX=0x00000000 (success/other) rsp=0xFFFFF8043A675438 exitCount=114635
[iommuret] hit #2794: HalpIommuInitSystem returned EAX=0x00000000 (success/other) rsp=0xFFFFF8043A675438 exitCount=114636
[iommuret] hit #2795: HalpIommuInitSystem returned EAX=0x00000000 (success/other) rsp=0xFFFFF8043A675438 exitCount=114637
[iommuret] hit #2796: HalpIommuInitSystem returned EAX=0x00000000 (success/other) rsp=0xFFFFF8043A675438 exitCount=114638
[iommuret] hit #2797: HalpIommuInitSystem returned EAX=0x00000000 (success/other) rsp=0xFFFFF8043A675438 exitCount=114639
[iommuret] hit #2798: HalpIommuInitSystem returned EAX=0x00000000 (success/other) rsp=0xFFFFF8043A675438 exitCount=114640
[iommuret] hit #2799: HalpIommuInitSystem returned EAX=0x00000000 (success/other) rsp=0xFFFFF8043A675438 exitCount=114641
[iommuret] hit #2800: HalpIommuInitSystem returned EAX=0x00000000 (success/other) rsp=0xFFFFF8043A675438 exitCount=114642
[iommuret] hit #2801: HalpIommuInitSystem returned EAX=0x00000000 (success/other) rsp=0xFFFFF8043A675438 exitCount=114643
[iommuret] hit #2802: HalpIommuInitSystem returned EAX=0x00000000 (success/other) rsp=0xFFFFF8043A675438 exitCount=114644
[iommuret] hit #2803: HalpIommuInitSystem returned EAX=0x00000000 (success/other) rsp=0xFFFFF8043A675438 exitCount=114645
[iommuret] hit #2804: HalpIommuInitSystem returned EAX=0x00000000 (success/other) rsp=0xFFFFF8043A675438 exitCount=114646
[iommuret] hit #2805: HalpIommuInitSystem returned EAX=0x00000000 (success/other) rsp=0xFFFFF8043A675438 exitCount=114647
[iommuret] hit #2806: HalpIommuInitSystem returned EAX=0x00000000 (success/other) rsp=0xFFFFF8043A675438 exitCount=114648
[iommuret] hit #2807: HalpIommuInitSystem returned EAX=0x00000000 (success/other) rsp=0xFFFFF8043A675438 exitCount=114649
[iommuret] hit #2808: HalpIommuInitSystem returned EAX=0x00000000 (success/other) rsp=0xFFFFF8043A675438 exitCount=114650
[iommuret] hit #2809: HalpIommuInitSystem returned EAX=0x00000000 (success/other) rsp=0xFFFFF8043A675438 exitCount=114651
[iommuret] hit #2810: HalpIommuInitSystem returned EAX=0x00000000 (success/other) rsp=0xFFFFF8043A675438 exitCount=114652
[iommuret] hit #2811: HalpIommuInitSystem returned EAX=0x00000000 (success/other) rsp=0xFFFFF8043A675438 exitCount=114653
[iommuret] hit #2812: HalpIommuInitSystem returned EAX=0x00000000 (success/other) rsp=0xFFFFF8043A675438 exitCount=114654
[iommuret] hit #2813: HalpIommuInitSystem returned EAX=0x00000000 (success/other) rsp=0xFFFFF8043A675438 exitCount=114655
[iommuret] hit #2814: HalpIommuInitSystem returned EAX=0x00000000 (success/other) rsp=0xFFFFF8043A675438 exitCount=114656
[iommuret] hit #2815: HalpIommuInitSystem returned EAX=0x00000000 (success/other) rsp=0xFFFFF8043A675438 exitCount=114657
[iommuret] hit #2816: HalpIommuInitSystem returned EAX=0x00000000 (success/other) rsp=0xFFFFF8043A675438 exitCount=114658
[iommuret] hit #2817: HalpIommuInitSystem returned EAX=0x00000000 (success/other) rsp=0xFFFFF8043A675438 exitCount=114659
[iommuret] hit #2818: HalpIommuInitSystem returned EAX=0x00000000 (success/other) rsp=0xFFFFF8043A675438 exitCount=114660
[iommuret] hit #2819: HalpIommuInitSystem returned EAX=0x00000000 (success/other) rsp=0xFFFFF8043A675438 exitCount=114661
[iommuret] hit #2820: HalpIommuInitSystem returned EAX=0x00000000 (success/other) rsp=0xFFFFF8043A675438 exitCount=114662
[iommuret] hit #2821: HalpIommuInitSystem returned EAX=0x00000000 (success/other) rsp=0xFFFFF8043A675438 exitCount=114663
[iommuret] hit #2822: HalpIommuInitSystem returned EAX=0x00000000 (success/other) rsp=0xFFFFF8043A675438 exitCount=114664
[iommuret] hit #2823: HalpIommuInitSystem returned EAX=0x00000000 (success/other) rsp=0xFFFFF8043A675438 exitCount=114665
[iommuret] hit #2824: HalpIommuInitSystem returned EAX=0x00000000 (success/other) rsp=0xFFFFF8043A675438 exitCount=114666
[iommuret] hit #2825: HalpIommuInitSystem returned EAX=0x00000000 (success/other) rsp=0xFFFFF8043A675438 exitCount=114667
[iommuret] hit #2826: HalpIommuInitSystem returned EAX=0x00000000 (success/other) rsp=0xFFFFF8043A675438 exitCount=114668
[iommuret] hit #2827: HalpIommuInitSystem returned EAX=0x00000000 (success/other) rsp=0xFFFFF8043A675438 exitCount=114669
[iommuret] hit #2828: HalpIommuInitSystem returned EAX=0x00000000 (success/other) rsp=0xFFFFF8043A675438 exitCount=114670
[iommuret] hit #2829: HalpIommuInitSystem returned EAX=0x00000000 (success/other) rsp=0xFFFFF8043A675438 exitCount=114671
[iommuret] hit #2830: HalpIommuInitSystem returned EAX=0x00000000 (success/other) rsp=0xFFFFF8043A675438 exitCount=114672
[iommuret] hit #2831: HalpIommuInitSystem returned EAX=0x00000000 (success/other) rsp=0xFFFFF8043A675438 exitCount=114673
[iommuret] hit #2832: HalpIommuInitSystem returned EAX=0x00000000 (success/other) rsp=0xFFFFF8043A675438 exitCount=114674
[iommuret] hit #2833: HalpIommuInitSystem returned EAX=0x00000000 (success/other) rsp=0xFFFFF8043A675438 exitCount=114675
[iommuret] hit #2834: HalpIommuInitSystem returned EAX=0x00000000 (success/other) rsp=0xFFFFF8043A675438 exitCount=114676
[iommuret] hit #2835: HalpIommuInitSystem returned EAX=0x00000000 (success/other) rsp=0xFFFFF8043A675438 exitCount=114677
[iommuret] hit #2836: HalpIommuInitSystem returned EAX=0x00000000 (success/other) rsp=0xFFFFF8043A675438 exitCount=114678
[iommuret] hit #2837: HalpIommuInitSystem returned EAX=0x00000000 (success/other) rsp=0xFFFFF8043A675438 exitCount=114679
[iommuret] hit #2838: HalpIommuInitSystem returned EAX=0x00000000 (success/other) rsp=0xFFFFF8043A675438 exitCount=114680
[iommuret] hit #2839: HalpIommuInitSystem returned EAX=0x00000000 (success/other) rsp=0xFFFFF8043A675438 exitCount=114681
[iommuret] hit #2840: HalpIommuInitSystem returned EAX=0x00000000 (success/other) rsp=0xFFFFF8043A675438 exitCount=114682
[iommuret] hit #2841: HalpIommuInitSystem returned EAX=0x00000000 (success/other) rsp=0xFFFFF8043A675438 exitCount=114683
[iommuret] hit #2842: HalpIommuInitSystem returned EAX=0x00000000 (success/other) rsp=0xFFFFF8043A675438 exitCount=114684
[iommuret] hit #2843: HalpIommuInitSystem returned EAX=0x00000000 (success/other) rsp=0xFFFFF8043A675438 exitCount=114685
[iommuret] hit #2844: HalpIommuInitSystem returned EAX=0x00000000 (success/other) rsp=0xFFFFF8043A675438 exitCount=114686
[iommuret] hit #2845: HalpIommuInitSystem returned EAX=0x00000000 (success/other) rsp=0xFFFFF8043A675438 exitCount=114687
[iommuret] hit #2846: HalpIommuInitSystem returned EAX=0x00000000 (success/other) rsp=0xFFFFF8043A675438 exitCount=114688
[iommuret] hit #2847: HalpIommuInitSystem returned EAX=0x00000000 (success/other) rsp=0xFFFFF8043A675438 exitCount=114689
[iommuret] hit #2848: HalpIommuInitSystem returned EAX=0x00000000 (success/other) rsp=0xFFFFF8043A675438 exitCount=114690
[iommuret] hit #2849: HalpIommuInitSystem returned EAX=0x00000000 (success/other) rsp=0xFFFFF8043A675438 exitCount=114691
[iommuret] hit #2850: HalpIommuInitSystem returned EAX=0x00000000 (success/other) rsp=0xFFFFF8043A675438 exitCount=114692
[iommuret] hit #2851: HalpIommuInitSystem returned EAX=0x00000000 (success/other) rsp=0xFFFFF8043A675438 exitCount=114693
[iommuret] hit #2852: HalpIommuInitSystem returned EAX=0x00000000 (success/other) rsp=0xFFFFF8043A675438 exitCount=114694
[iommuret] hit #2853: HalpIommuInitSystem returned EAX=0x00000000 (success/other) rsp=0xFFFFF8043A675438 exitCount=114695
[iommuret] hit #2854: HalpIommuInitSystem returned EAX=0x00000000 (success/other) rsp=0xFFFFF8043A675438 exitCount=114696
[iommuret] hit #2855: HalpIommuInitSystem returned EAX=0x00000000 (success/other) rsp=0xFFFFF8043A675438 exitCount=114697
[iommuret] hit #2856: HalpIommuInitSystem returned EAX=0x00000000 (success/other) rsp=0xFFFFF8043A675438 exitCount=114698
[iommuret] hit #2857: HalpIommuInitSystem returned EAX=0x00000000 (success/other) rsp=0xFFFFF8043A675438 exitCount=114699
[iommuret] hit #2858: HalpIommuInitSystem returned EAX=0x00000000 (success/other) rsp=0xFFFFF8043A675438 exitCount=114700
[iommuret] hit #2859: HalpIommuInitSystem returned EAX=0x00000000 (success/other) rsp=0xFFFFF8043A675438 exitCount=114701
[iommuret] hit #2860: HalpIommuInitSystem returned EAX=0x00000000 (success/other) rsp=0xFFFFF8043A675438 exitCount=114702
[iommuret] hit #2861: HalpIommuInitSystem returned EAX=0x00000000 (success/other) rsp=0xFFFFF8043A675438 exitCount=114703
[iommuret] hit #2862: HalpIommuInitSystem returned EAX=0x00000000 (success/other) rsp=0xFFFFF8043A675438 exitCount=114704
[iommuret] hit #2863: HalpIommuInitSystem returned EAX=0x00000000 (success/other) rsp=0xFFFFF8043A675438 exitCount=114705
[iommuret] hit #2864: HalpIommuInitSystem returned EAX=0x00000000 (success/other) rsp=0xFFFFF8043A675438 exitCount=114706
[iommuret] hit #2865: HalpIommuInitSystem returned EAX=0x00000000 (success/other) rsp=0xFFFFF8043A675438 exitCount=114707
[iommuret] hit #2866: HalpIommuInitSystem returned EAX=0x00000000 (success/other) rsp=0xFFFFF8043A675438 exitCount=114708
[iommuret] hit #2867: HalpIommuInitSystem returned EAX=0x00000000 (success/other) rsp=0xFFFFF8043A675438 exitCount=114709
[iommuret] hit #2868: HalpIommuInitSystem returned EAX=0x00000000 (success/other) rsp=0xFFFFF8043A675438 exitCount=114710
[iommuret] hit #2869: HalpIommuInitSystem returned EAX=0x00000000 (success/other) rsp=0xFFFFF8043A675438 exitCount=114711
[iommuret] hit #2870: HalpIommuInitSystem returned EAX=0x00000000 (success/other) rsp=0xFFFFF8043A675438 exitCount=114712
[iommuret] hit #2871: HalpIommuInitSystem returned EAX=0x00000000 (success/other) rsp=0xFFFFF8043A675438 exitCount=114713
[iommuret] hit #2872: HalpIommuInitSystem returned EAX=0x00000000 (success/other) rsp=0xFFFFF8043A675438 exitCount=114714
[iommuret] hit #2873: HalpIommuInitSystem returned EAX=0x00000000 (success/other) rsp=0xFFFFF8043A675438 exitCount=114715
[iommuret] hit #2874: HalpIommuInitSystem returned EAX=0x00000000 (success/other) rsp=0xFFFFF8043A675438 exitCount=114716
[iommuret] hit #2875: HalpIommuInitSystem returned EAX=0x00000000 (success/other) rsp=0xFFFFF8043A675438 exitCount=114717
[iommuret] hit #2876: HalpIommuInitSystem returned EAX=0x00000000 (success/other) rsp=0xFFFFF8043A675438 exitCount=114718
[iommuret] hit #2877: HalpIommuInitSystem returned EAX=0x00000000 (success/other) rsp=0xFFFFF8043A675438 exitCount=114719
[iommuret] hit #2878: HalpIommuInitSystem returned EAX=0x00000000 (success/other) rsp=0xFFFFF8043A675438 exitCount=114720
[iommuret] hit #2879: HalpIommuInitSystem returned EAX=0x00000000 (success/other) rsp=0xFFFFF8043A675438 exitCount=114721
[iommuret] hit #2880: HalpIommuInitSystem returned EAX=0x00000000 (success/other) rsp=0xFFFFF8043A675438 exitCount=114722
[iommuret] hit #2881: HalpIommuInitSystem returned EAX=0x00000000 (success/other) rsp=0xFFFFF8043A675438 exitCount=114723
[iommuret] hit #2882: HalpIommuInitSystem returned EAX=0x00000000 (success/other) rsp=0xFFFFF8043A675438 exitCount=114724
[iommuret] hit #2883: HalpIommuInitSystem returned EAX=0x00000000 (success/other) rsp=0xFFFFF8043A675438 exitCount=114725
[iommuret] hit #2884: HalpIommuInitSystem returned EAX=0x00000000 (success/other) rsp=0xFFFFF8043A675438 exitCount=114726
[iommuret] hit #2885: HalpIommuInitSystem returned EAX=0x00000000 (success/other) rsp=0xFFFFF8043A675438 exitCount=114727
[iommuret] hit #2886: HalpIommuInitSystem returned EAX=0x00000000 (success/other) rsp=0xFFFFF8043A675438 exitCount=114728
[iommuret] hit #2887: HalpIommuInitSystem returned EAX=0x00000000 (success/other) rsp=0xFFFFF8043A675438 exitCount=114729
[iommuret] hit #2888: HalpIommuInitSystem returned EAX=0x00000000 (success/other) rsp=0xFFFFF8043A675438 exitCount=114730
[iommuret] hit #2889: HalpIommuInitSystem returned EAX=0x00000000 (success/other) rsp=0xFFFFF8043A675438 exitCount=114731
[iommuret] hit #2890: HalpIommuInitSystem returned EAX=0x00000000 (success/other) rsp=0xFFFFF8043A675438 exitCount=114732
[iommuret] hit #2891: HalpIommuInitSystem returned EAX=0x00000000 (success/other) rsp=0xFFFFF8043A675438 exitCount=114733
[iommuret] hit #2892: HalpIommuInitSystem returned EAX=0x00000000 (success/other) rsp=0xFFFFF8043A675438 exitCount=114734
[iommuret] hit #2893: HalpIommuInitSystem returned EAX=0x00000000 (success/other) rsp=0xFFFFF8043A675438 exitCount=114735
[iommuret] hit #2894: HalpIommuInitSystem returned EAX=0x00000000 (success/other) rsp=0xFFFFF8043A675438 exitCount=114736
[iommuret] hit #2895: HalpIommuInitSystem returned EAX=0x00000000 (success/other) rsp=0xFFFFF8043A675438 exitCount=114737
[iommuret] hit #2896: HalpIommuInitSystem returned EAX=0x00000000 (success/other) rsp=0xFFFFF8043A675438 exitCount=114738
[iommuret] hit #2897: HalpIommuInitSystem returned EAX=0x00000000 (success/other) rsp=0xFFFFF8043A675438 exitCount=114739
[iommuret] hit #2898: HalpIommuInitSystem returned EAX=0x00000000 (success/other) rsp=0xFFFFF8043A675438 exitCount=114740
[iommuret] hit #2899: HalpIommuInitSystem returned EAX=0x00000000 (success/other) rsp=0xFFFFF8043A675438 exitCount=114741
[iommuret] hit #2900: HalpIommuInitSystem returned EAX=0x00000000 (success/other) rsp=0xFFFFF8043A675438 exitCount=114742
[iommuret] hit #2901: HalpIommuInitSystem returned EAX=0x00000000 (success/other) rsp=0xFFFFF8043A675438 exitCount=114743
[iommuret] hit #2902: HalpIommuInitSystem returned EAX=0x00000000 (success/other) rsp=0xFFFFF8043A675438 exitCount=114744
[iommuret] hit #2903: HalpIommuInitSystem returned EAX=0x00000000 (success/other) rsp=0xFFFFF8043A675438 exitCount=114745
[iommuret] hit #2904: HalpIommuInitSystem returned EAX=0x00000000 (success/other) rsp=0xFFFFF8043A675438 exitCount=114746
[iommuret] hit #2905: HalpIommuInitSystem returned EAX=0x00000000 (success/other) rsp=0xFFFFF8043A675438 exitCount=114747
[iommuret] hit #2906: HalpIommuInitSystem returned EAX=0x00000000 (success/other) rsp=0xFFFFF8043A675438 exitCount=114748
[iommuret] hit #2907: HalpIommuInitSystem returned EAX=0x00000000 (success/other) rsp=0xFFFFF8043A675438 exitCount=114749
[iommuret] hit #2908: HalpIommuInitSystem returned EAX=0x00000000 (success/other) rsp=0xFFFFF8043A675438 exitCount=114750
[iommuret] hit #2909: HalpIommuInitSystem returned EAX=0x00000000 (success/other) rsp=0xFFFFF8043A675438 exitCount=114751
[iommuret] hit #2910: HalpIommuInitSystem returned EAX=0x00000000 (success/other) rsp=0xFFFFF8043A675438 exitCount=114752
[iommuret] hit #2911: HalpIommuInitSystem returned EAX=0x00000000 (success/other) rsp=0xFFFFF8043A675438 exitCount=114753
[iommuret] hit #2912: HalpIommuInitSystem returned EAX=0x00000000 (success/other) rsp=0xFFFFF8043A675438 exitCount=114754
[iommuret] hit #2913: HalpIommuInitSystem returned EAX=0x00000000 (success/other) rsp=0xFFFFF8043A675438 exitCount=114755
[iommuret] hit #2914: HalpIommuInitSystem returned EAX=0x00000000 (success/other) rsp=0xFFFFF8043A675438 exitCount=114756
[iommuret] hit #2915: HalpIommuInitSystem returned EAX=0x00000000 (success/other) rsp=0xFFFFF8043A675438 exitCount=114757
[iommuret] hit #2916: HalpIommuInitSystem returned EAX=0x00000000 (success/other) rsp=0xFFFFF8043A675438 exitCount=114758
[iommuret] hit #2917: HalpIommuInitSystem returned EAX=0x00000000 (success/other) rsp=0xFFFFF8043A675438 exitCount=114759
[iommuret] hit #2918: HalpIommuInitSystem returned EAX=0x00000000 (success/other) rsp=0xFFFFF8043A675438 exitCount=114760
[iommuret] hit #2919: HalpIommuInitSystem returned EAX=0x00000000 (success/other) rsp=0xFFFFF8043A675438 exitCount=114761
[iommuret] hit #2920: HalpIommuInitSystem returned EAX=0x00000000 (success/other) rsp=0xFFFFF8043A675438 exitCount=114762
[iommuret] hit #2921: HalpIommuInitSystem returned EAX=0x00000000 (success/other) rsp=0xFFFFF8043A675438 exitCount=114763
[iommuret] hit #2922: HalpIommuInitSystem returned EAX=0x00000000 (success/other) rsp=0xFFFFF8043A675438 exitCount=114764
[iommuret] hit #2923: HalpIommuInitSystem returned EAX=0x00000000 (success/other) rsp=0xFFFFF8043A675438 exitCount=114765
[iommuret] hit #2924: HalpIommuInitSystem returned EAX=0x00000000 (success/other) rsp=0xFFFFF8043A675438 exitCount=114766
[iommuret] hit #2925: HalpIommuInitSystem returned EAX=0x00000000 (success/other) rsp=0xFFFFF8043A675438 exitCount=114767
[iommuret] hit #2926: HalpIommuInitSystem returned EAX=0x00000000 (success/other) rsp=0xFFFFF8043A675438 exitCount=114768
[iommuret] hit #2927: HalpIommuInitSystem returned EAX=0x00000000 (success/other) rsp=0xFFFFF8043A675438 exitCount=114769
[iommuret] hit #2928: HalpIommuInitSystem returned EAX=0x00000000 (success/other) rsp=0xFFFFF8043A675438 exitCount=114770
[iommuret] hit #2929: HalpIommuInitSystem returned EAX=0x00000000 (success/other) rsp=0xFFFFF8043A675438 exitCount=114771
[iommuret] hit #2930: HalpIommuInitSystem returned EAX=0x00000000 (success/other) rsp=0xFFFFF8043A675438 exitCount=114772
[iommuret] hit #2931: HalpIommuInitSystem returned EAX=0x00000000 (success/other) rsp=0xFFFFF8043A675438 exitCount=114773
[iommuret] hit #2932: HalpIommuInitSystem returned EAX=0x00000000 (success/other) rsp=0xFFFFF8043A675438 exitCount=114774
[iommuret] hit #2933: HalpIommuInitSystem returned EAX=0x00000000 (success/other) rsp=0xFFFFF8043A675438 exitCount=114775
[iommuret] hit #2934: HalpIommuInitSystem returned EAX=0x00000000 (success/other) rsp=0xFFFFF8043A675438 exitCount=114776
[iommuret] hit #2935: HalpIommuInitSystem returned EAX=0x00000000 (success/other) rsp=0xFFFFF8043A675438 exitCount=114777
[iommuret] hit #2936: HalpIommuInitSystem returned EAX=0x00000000 (success/other) rsp=0xFFFFF8043A675438 exitCount=114778
[iommuret] hit #2937: HalpIommuInitSystem returned EAX=0x00000000 (success/other) rsp=0xFFFFF8043A675438 exitCount=114779
[iommuret] hit #2938: HalpIommuInitSystem returned EAX=0x00000000 (success/other) rsp=0xFFFFF8043A675438 exitCount=114780
[iommuret] hit #2939: HalpIommuInitSystem returned EAX=0x00000000 (success/other) rsp=0xFFFFF8043A675438 exitCount=114781
[iommuret] hit #2940: HalpIommuInitSystem returned EAX=0x00000000 (success/other) rsp=0xFFFFF8043A675438 exitCount=114782
[iommuret] hit #2941: HalpIommuInitSystem returned EAX=0x00000000 (success/other) rsp=0xFFFFF8043A675438 exitCount=114783
[iommuret] hit #2942: HalpIommuInitSystem returned EAX=0x00000000 (success/other) rsp=0xFFFFF8043A675438 exitCount=114784
[iommuret] hit #2943: HalpIommuInitSystem returned EAX=0x00000000 (success/other) rsp=0xFFFFF8043A675438 exitCount=114785
[iommuret] hit #2944: HalpIommuInitSystem returned EAX=0x00000000 (success/other) rsp=0xFFFFF8043A675438 exitCount=114786
[iommuret] hit #2945: HalpIommuInitSystem returned EAX=0x00000000 (success/other) rsp=0xFFFFF8043A675438 exitCount=114787
[iommuret] hit #2946: HalpIommuInitSystem returned EAX=0x00000000 (success/other) rsp=0xFFFFF8043A675438 exitCount=114788
[iommuret] hit #2947: HalpIommuInitSystem returned EAX=0x00000000 (success/other) rsp=0xFFFFF8043A675438 exitCount=114789
[iommuret] hit #2948: HalpIommuInitSystem returned EAX=0x00000000 (success/other) rsp=0xFFFFF8043A675438 exitCount=114790
[iommuret] hit #2949: HalpIommuInitSystem returned EAX=0x00000000 (success/other) rsp=0xFFFFF8043A675438 exitCount=114791
[iommuret] hit #2950: HalpIommuInitSystem returned EAX=0x00000000 (success/other) rsp=0xFFFFF8043A675438 exitCount=114792
[iommuret] hit #2951: HalpIommuInitSystem returned EAX=0x00000000 (success/other) rsp=0xFFFFF8043A675438 exitCount=114793
[iommuret] hit #2952: HalpIommuInitSystem returned EAX=0x00000000 (success/other) rsp=0xFFFFF8043A675438 exitCount=114794
[iommuret] hit #2953: HalpIommuInitSystem returned EAX=0x00000000 (success/other) rsp=0xFFFFF8043A675438 exitCount=114795
[iommuret] hit #2954: HalpIommuInitSystem returned EAX=0x00000000 (success/other) rsp=0xFFFFF8043A675438 exitCount=114796
[iommuret] hit #2955: HalpIommuInitSystem returned EAX=0x00000000 (success/other) rsp=0xFFFFF8043A675438 exitCount=114797
[iommuret] hit #2956: HalpIommuInitSystem returned EAX=0x00000000 (success/other) rsp=0xFFFFF8043A675438 exitCount=114798
[iommuret] hit #2957: HalpIommuInitSystem returned EAX=0x00000000 (success/other) rsp=0xFFFFF8043A675438 exitCount=114799
[iommuret] hit #2958: HalpIommuInitSystem returned EAX=0x00000000 (success/other) rsp=0xFFFFF8043A675438 exitCount=114800
[iommuret] hit #2959: HalpIommuInitSystem returned EAX=0x00000000 (success/other) rsp=0xFFFFF8043A675438 exitCount=114801
[iommuret] hit #2960: HalpIommuInitSystem returned EAX=0x00000000 (success/other) rsp=0xFFFFF8043A675438 exitCount=114802
[iommuret] hit #2961: HalpIommuInitSystem returned EAX=0x00000000 (success/other) rsp=0xFFFFF8043A675438 exitCount=114803
[iommuret] hit #2962: HalpIommuInitSystem returned EAX=0x00000000 (success/other) rsp=0xFFFFF8043A675438 exitCount=114804
[iommuret] hit #2963: HalpIommuInitSystem returned EAX=0x00000000 (success/other) rsp=0xFFFFF8043A675438 exitCount=114805
[iommuret] hit #2964: HalpIommuInitSystem returned EAX=0x00000000 (success/other) rsp=0xFFFFF8043A675438 exitCount=114806
[iommuret] hit #2965: HalpIommuInitSystem returned EAX=0x00000000 (success/other) rsp=0xFFFFF8043A675438 exitCount=114807
[iommuret] hit #2966: HalpIommuInitSystem returned EAX=0x00000000 (success/other) rsp=0xFFFFF8043A675438 exitCount=114808
[iommuret] hit #2967: HalpIommuInitSystem returned EAX=0x00000000 (success/other) rsp=0xFFFFF8043A675438 exitCount=114809
[iommuret] hit #2968: HalpIommuInitSystem returned EAX=0x00000000 (success/other) rsp=0xFFFFF8043A675438 exitCount=114810
[iommuret] hit #2969: HalpIommuInitSystem returned EAX=0x00000000 (success/other) rsp=0xFFFFF8043A675438 exitCount=114811
[iommuret] hit #2970: HalpIommuInitSystem returned EAX=0x00000000 (success/other) rsp=0xFFFFF8043A675438 exitCount=114812
[iommuret] hit #2971: HalpIommuInitSystem returned EAX=0x00000000 (success/other) rsp=0xFFFFF8043A675438 exitCount=114813
[iommuret] hit #2972: HalpIommuInitSystem returned EAX=0x00000000 (success/other) rsp=0xFFFFF8043A675438 exitCount=114814
[iommuret] hit #2973: HalpIommuInitSystem returned EAX=0x00000000 (success/other) rsp=0xFFFFF8043A675438 exitCount=114815
[iommuret] hit #2974: HalpIommuInitSystem returned EAX=0x00000000 (success/other) rsp=0xFFFFF8043A675438 exitCount=114816
[iommuret] hit #2975: HalpIommuInitSystem returned EAX=0x00000000 (success/other) rsp=0xFFFFF8043A675438 exitCount=114817
[iommuret] hit #2976: HalpIommuInitSystem returned EAX=0x00000000 (success/other) rsp=0xFFFFF8043A675438 exitCount=114818
[iommuret] hit #2977: HalpIommuInitSystem returned EAX=0x00000000 (success/other) rsp=0xFFFFF8043A675438 exitCount=114819
[iommuret] hit #2978: HalpIommuInitSystem returned EAX=0x00000000 (success/other) rsp=0xFFFFF8043A675438 exitCount=114820
[iommuret] hit #2979: HalpIommuInitSystem returned EAX=0x00000000 (success/other) rsp=0xFFFFF8043A675438 exitCount=114821
[iommuret] hit #2980: HalpIommuInitSystem returned EAX=0x00000000 (success/other) rsp=0xFFFFF8043A675438 exitCount=114822
[iommuret] hit #2981: HalpIommuInitSystem returned EAX=0x00000000 (success/other) rsp=0xFFFFF8043A675438 exitCount=114823
[iommuret] hit #2982: HalpIommuInitSystem returned EAX=0x00000000 (success/other) rsp=0xFFFFF8043A675438 exitCount=114824
[iommuret] hit #2983: HalpIommuInitSystem returned EAX=0x00000000 (success/other) rsp=0xFFFFF8043A675438 exitCount=114825
[iommuret] hit #2984: HalpIommuInitSystem returned EAX=0x00000000 (success/other) rsp=0xFFFFF8043A675438 exitCount=114826
[iommuret] hit #2985: HalpIommuInitSystem returned EAX=0x00000000 (success/other) rsp=0xFFFFF8043A675438 exitCount=114827
[iommuret] hit #2986: HalpIommuInitSystem returned EAX=0x00000000 (success/other) rsp=0xFFFFF8043A675438 exitCount=114828
[iommuret] hit #2987: HalpIommuInitSystem returned EAX=0x00000000 (success/other) rsp=0xFFFFF8043A675438 exitCount=114829
[iommuret] hit #2988: HalpIommuInitSystem returned EAX=0x00000000 (success/other) rsp=0xFFFFF8043A675438 exitCount=114830
[iommuret] hit #2989: HalpIommuInitSystem returned EAX=0x00000000 (success/other) rsp=0xFFFFF8043A675438 exitCount=114831
[iommuret] hit #2990: HalpIommuInitSystem returned EAX=0x00000000 (success/other) rsp=0xFFFFF8043A675438 exitCount=114832
[iommuret] hit #2991: HalpIommuInitSystem returned EAX=0x00000000 (success/other) rsp=0xFFFFF8043A675438 exitCount=114833
[iommuret] hit #2992: HalpIommuInitSystem returned EAX=0x00000000 (success/other) rsp=0xFFFFF8043A675438 exitCount=114834
[iommuret] hit #2993: HalpIommuInitSystem returned EAX=0x00000000 (success/other) rsp=0xFFFFF8043A675438 exitCount=114835
[iommuret] hit #2994: HalpIommuInitSystem returned EAX=0x00000000 (success/other) rsp=0xFFFFF8043A675438 exitCount=114836
[iommuret] hit #2995: HalpIommuInitSystem returned EAX=0x00000000 (success/other) rsp=0xFFFFF8043A675438 exitCount=114837
[iommuret] hit #2996: HalpIommuInitSystem returned EAX=0x00000000 (success/other) rsp=0xFFFFF8043A675438 exitCount=114838
[iommuret] hit #2997: HalpIommuInitSystem returned EAX=0x00000000 (success/other) rsp=0xFFFFF8043A675438 exitCount=114839
[iommuret] hit #2998: HalpIommuInitSystem returned EAX=0x00000000 (success/other) rsp=0xFFFFF8043A675438 exitCount=114840
[iommuret] hit #2999: HalpIommuInitSystem returned EAX=0x00000000 (success/other) rsp=0xFFFFF8043A675438 exitCount=114841
[iommuret] hit #3000: HalpIommuInitSystem returned EAX=0x00000000 (success/other) rsp=0xFFFFF8043A675438 exitCount=114842
[iommuret] cap reached (3000 hits) -- disabling DR3 for this pass
[heartbeat: exitCount=115000 elapsedSec=18.7 lastPort=0xB008 write=0 val=0xFF]
[cmos-ab] write reg=0x0A value=0x25 (RegA=0x25 RegB=0x02, PIE=0)
[ioapic-rte] controller id=1 entry=8 reg=0x20 value=0x000008D1 -> full RTE now 0x01000000000008D1 (vector=0xD1 masked=0)
[cmos-ab] write reg=0x0B value=0x02 (RegA=0x25 RegB=0x02, PIE=0)
[ioapic-rte] controller id=1 entry=8 reg=0x21 value=0x01000000 -> full RTE now 0x01000000000008D1 (vector=0xD1 masked=0)
[ioapic-rte] controller id=1 entry=8 reg=0x20 value=0x000008D1 -> full RTE now 0x01000000000008D1 (vector=0xD1 masked=0)
[cmos-ab] write reg=0x0B value=0x42 (RegA=0x25 RegB=0x42, PIE=1)
[heartbeat: exitCount=120000 elapsedSec=18.8 lastPort=0xB008 write=0 val=0xC]
[rtc-diag] tick #1 FIRED vector=0xD1, skippedTotal=0 firedTotal=1
[rtc-diag] tick #2 FIRED vector=0xD1, skippedTotal=0 firedTotal=2
[rtc-diag] tick #3 FIRED vector=0xD1, skippedTotal=0 firedTotal=3
[rtc-diag] tick #4 FIRED vector=0xD1, skippedTotal=0 firedTotal=4
[rtc-diag] tick #5 FIRED vector=0xD1, skippedTotal=0 firedTotal=5
[rtc-diag] tick #6 FIRED vector=0xD1, skippedTotal=0 firedTotal=6
[rtc-diag] tick #7 FIRED vector=0xD1, skippedTotal=0 firedTotal=7
[rtc-diag] tick #8 FIRED vector=0xD1, skippedTotal=0 firedTotal=8
[rtc-diag] tick #9 FIRED vector=0xD1, skippedTotal=0 firedTotal=9
[rtc-diag] tick #10 FIRED vector=0xD1, skippedTotal=0 firedTotal=10
[rtc-diag] tick #11 FIRED vector=0xD1, skippedTotal=0 firedTotal=11
[rtc-diag] tick #12 FIRED vector=0xD1, skippedTotal=0 firedTotal=12
[rtc-diag] tick #13 FIRED vector=0xD1, skippedTotal=0 firedTotal=13
[rtc-diag] tick #14 FIRED vector=0xD1, skippedTotal=0 firedTotal=14
[rtc-diag] tick #15 FIRED vector=0xD1, skippedTotal=0 firedTotal=15
[rtc-diag] tick #16 FIRED vector=0xD1, skippedTotal=0 firedTotal=16
[rtc-diag] tick #17 FIRED vector=0xD1, skippedTotal=0 firedTotal=17
[rtc-diag] tick #18 FIRED vector=0xD1, skippedTotal=0 firedTotal=18
[rtc-diag] tick #19 FIRED vector=0xD1, skippedTotal=0 firedTotal=19
[rtc-diag] tick #20 FIRED vector=0xD1, skippedTotal=0 firedTotal=20
[rtc-diag] tick #21 FIRED vector=0xD1, skippedTotal=0 firedTotal=21
[rtc-diag] tick #22 FIRED vector=0xD1, skippedTotal=0 firedTotal=22
[rtc-diag] tick #23 FIRED vector=0xD1, skippedTotal=0 firedTotal=23
[rtc-diag] tick #24 FIRED vector=0xD1, skippedTotal=0 firedTotal=24
[rtc-diag] tick #25 FIRED vector=0xD1, skippedTotal=0 firedTotal=25
[rtc-diag] tick #26 FIRED vector=0xD1, skippedTotal=0 firedTotal=26
[rtc-diag] tick #27 FIRED vector=0xD1, skippedTotal=0 firedTotal=27
[rtc-diag] tick #28 FIRED vector=0xD1, skippedTotal=0 firedTotal=28
[rtc-diag] tick #29 FIRED vector=0xD1, skippedTotal=0 firedTotal=29
[rtc-diag] tick #30 FIRED vector=0xD1, skippedTotal=0 firedTotal=30
[u34] *** ExInitializePoolHeapManagement ENTERED *** pass=1 exitCount=123360
[u34]   args rcx=0x0 rdx=0x85FC874D r8=0x20 r9=0x85FC874D rsp=0xFFFFF8043A675408
[u34]   caller chain (resolve RVAs with tools/pdbsym.py rva <rva>):
[u34]     [rsp+0x00]=0xFFFFF804360458EF[kerneldiag] candidate address 0xFFFFF804360458EF resolves to module base 0xFFFFF80435600000 (+0xA458EF into it)
[kerneldiag] debug directory: type=2 codeViewRva=0x40970
[kerneldiag] module PDB name: ntkrnlmp.pdb guid=D9424FC4-861E-47C1-0FAD1B35DEC6DCC8 age=1
  (base 0xFFFFF80435600000 RVA 0xA458EF)
[u34]     [rsp+0x08]=0xFFFFC5E2F178BC58[kerneldiag] no PE header found scanning VA back from 0xFFFFC5E2F178BC58

[u34]     [rsp+0x28]=0xFFFF91F7DC3F2C8F[kerneldiag] no PE header found scanning VA back from 0xFFFF91F7DC3F2C8F

[u34]     [rsp+0x30]=0xFFFFF80435814E12[kerneldiag] candidate address 0xFFFFF80435814E12 resolves to module base 0xFFFFF80435600000 (+0x214E12 into it)
[kerneldiag] debug directory: type=2 codeViewRva=0x40970
[kerneldiag] module PDB name: ntkrnlmp.pdb guid=D9424FC4-861E-47C1-0FAD1B35DEC6DCC8 age=1
  (base 0xFFFFF80435600000 RVA 0x214E12)
[u34]     [rsp+0x48]=0xFFFFF8043624DCA8[kerneldiag] candidate address 0xFFFFF8043624DCA8 resolves to module base 0xFFFFF80435600000 (+0xC4DCA8 into it)
[kerneldiag] debug directory: type=2 codeViewRva=0x40970
[kerneldiag] module PDB name: ntkrnlmp.pdb guid=D9424FC4-861E-47C1-0FAD1B35DEC6DCC8 age=1
  (base 0xFFFFF80435600000 RVA 0xC4DCA8)
[u34]     [rsp+0x50]=0xFFFFF804362046D0[kerneldiag] candidate address 0xFFFFF804362046D0 resolves to module base 0xFFFFF80435600000 (+0xC046D0 into it)
[kerneldiag] debug directory: type=2 codeViewRva=0x40970
[kerneldiag] module PDB name: ntkrnlmp.pdb guid=D9424FC4-861E-47C1-0FAD1B35DEC6DCC8 age=1
  (base 0xFFFFF80435600000 RVA 0xC046D0)
[u34]     [rsp+0x60]=0xFFFFF8043A6754F0[kerneldiag] candidate address 0xFFFFF8043A6754F0 resolves to module base 0xFFFFF8043A3F0000 (+0x2854F0 into it)
[kerneldiag] debug directory: type=2 codeViewRva=0x2174
[kerneldiag] module PDB name: volume.pdb guid=AAF65608-ADE9-794A-A208A2E6534FF85E age=1
  (base 0xFFFFF8043A3F0000 RVA 0x2854F0)
[u34]     [rsp+0x70]=0xFFFFF80435A023D0[kerneldiag] candidate address 0xFFFFF80435A023D0 resolves to module base 0xFFFFF80435600000 (+0x4023D0 into it)
[kerneldiag] debug directory: type=2 codeViewRva=0x40970
[kerneldiag] module PDB name: ntkrnlmp.pdb guid=D9424FC4-861E-47C1-0FAD1B35DEC6DCC8 age=1
  (base 0xFFFFF80435600000 RVA 0x4023D0)
[u34] one-shot fired (1 hit) -- disarming DR0 for this pass
[cmos-ab] write reg=0x0B value=0x02 (RegA=0x25 RegB=0x02, PIE=0)
[u33] EDGE pass=1 exitCount=123571 pool[0]: +0x08 0x0->0xFFFF9F8F9FC02000 +0x10 0x0->0xFFFFCA0A17600000 +0x08 INIT(null->set) +0x10 INIT(null->set)
[heartbeat: exitCount=125000 elapsedSec=19.7 lastPort=0xCFC write=0 val=0xC]
[heartbeat: exitCount=130000 elapsedSec=19.8 lastPort=0xCF8 write=1 val=0xC]
[heartbeat: exitCount=135000 elapsedSec=19.9 lastPort=0xCF8 write=1 val=0xC]
[heartbeat: exitCount=140000 elapsedSec=20.0 lastPort=0xCFC write=0 val=0xC]
[heartbeat: exitCount=145000 elapsedSec=20.1 lastPort=0xCF8 write=1 val=0xC]
[cmos-ab] write reg=0x0B value=0x02 (RegA=0x25 RegB=0x02, PIE=0)
[ioapic-rte] controller id=1 entry=8 reg=0x21 value=0x01000000 -> full RTE now 0x01000000000008D1 (vector=0xD1 masked=0)
[ioapic-rte] controller id=1 entry=8 reg=0x20 value=0x000008D1 -> full RTE now 0x01000000000008D1 (vector=0xD1 masked=0)
[cmos-ab] write reg=0x0B value=0x42 (RegA=0x25 RegB=0x42, PIE=1)
[heartbeat: exitCount=150000 elapsedSec=20.2 lastPort=0xB008 write=0 val=0x9]
[heartbeat: exitCount=155000 elapsedSec=20.3 lastPort=0xB008 write=0 val=0x9]
[cmos-ab] write reg=0x0B value=0x02 (RegA=0x25 RegB=0x02, PIE=0)
[cmos-ab] write reg=0x0B value=0x42 (RegA=0x25 RegB=0x42, PIE=1)

[BUGCHECK] hit #1: KeBugCheckEx code=0xA5 p1=0x11 p2=0x3 p3=0x0 exitCount=157391
[BUGCHECK]   p4=0x0  caller(return)=0xFFFFF80437DC0454[kerneldiag] candidate address 0xFFFFF80437DC0454 resolves to module base 0xFFFFF80437D00000 (+0xC0454 into it)
[kerneldiag] debug directory: type=2 codeViewRva=0x73F3C
[kerneldiag] module PDB name: acpi.pdb guid=662B8231-E47D-1FF9-F7E8C8FD1B44A572 age=1
  (base 0xFFFFF80437D00000 RVA 0xC0454)
[BUGCHECK]   stack (canonical kernel qwords):
[BUGCHECK]     [rsp+0x00]=0xFFFFF80437DC0454[kerneldiag] candidate address 0xFFFFF80437DC0454 resolves to module base 0xFFFFF80437D00000 (+0xC0454 into it)
[kerneldiag] debug directory: type=2 codeViewRva=0x73F3C
[kerneldiag] module PDB name: acpi.pdb guid=662B8231-E47D-1FF9-F7E8C8FD1B44A572 age=1
  (RVA 0xC0454)
[BUGCHECK]     [rsp+0x10]=0xFFFFF80437D701CA[kerneldiag] candidate address 0xFFFFF80437D701CA resolves to module base 0xFFFFF80437D00000 (+0x701CA into it)
[kerneldiag] debug directory: type=2 codeViewRva=0x73F3C
[kerneldiag] module PDB name: acpi.pdb guid=662B8231-E47D-1FF9-F7E8C8FD1B44A572 age=1
  (RVA 0x701CA)
[BUGCHECK]     [rsp+0x18]=0xFFFF9F8FA046E9A0[kerneldiag] no PE header found scanning VA back from 0xFFFF9F8FA046E9A0

[BUGCHECK]     [rsp+0x20]=0xFFFF9F8FA0281960[kerneldiag] no PE header found scanning VA back from 0xFFFF9F8FA0281960

[BUGCHECK]     [rsp+0x30]=0xFFFFF804C0140019[kerneldiag] no PE header found scanning VA back from 0xFFFFF804C0140019

[heartbeat: exitCount=160000 elapsedSec=21.0 lastPort=0xB008 write=0 val=0xC]
[heartbeat: exitCount=165000 elapsedSec=21.1 lastPort=0xB008 write=0 val=0xC]
[heartbeat: exitCount=170000 elapsedSec=21.2 lastPort=0xB008 write=0 val=0xC]
[heartbeat: exitCount=175000 elapsedSec=21.3 lastPort=0xB008 write=0 val=0xC]
[heartbeat: exitCount=180000 elapsedSec=21.3 lastPort=0xB008 write=0 val=0xC]
[heartbeat: exitCount=185000 elapsedSec=21.4 lastPort=0xB008 write=0 val=0xC]
[heartbeat: exitCount=190000 elapsedSec=21.5 lastPort=0xB008 write=0 val=0xC]
[heartbeat: exitCount=195000 elapsedSec=21.6 lastPort=0xB008 write=0 val=0xC]
[heartbeat: exitCount=200000 elapsedSec=21.7 lastPort=0xB008 write=0 val=0xC]
[heartbeat: exitCount=205000 elapsedSec=21.7 lastPort=0xB008 write=0 val=0xC]
[heartbeat: exitCount=210000 elapsedSec=21.8 lastPort=0xB008 write=0 val=0xC]
[heartbeat: exitCount=215000 elapsedSec=21.9 lastPort=0xB008 write=0 val=0xC]
[heartbeat: exitCount=220000 elapsedSec=22.0 lastPort=0xB008 write=0 val=0xC]
[heartbeat: exitCount=225000 elapsedSec=22.1 lastPort=0xB008 write=0 val=0xC]
[heartbeat: exitCount=230000 elapsedSec=22.1 lastPort=0xB008 write=0 val=0xC]
[heartbeat: exitCount=235000 elapsedSec=22.2 lastPort=0xB008 write=0 val=0xC]
[heartbeat: exitCount=240000 elapsedSec=22.3 lastPort=0xB008 write=0 val=0xC]
[heartbeat: exitCount=245000 elapsedSec=22.4 lastPort=0xB008 write=0 val=0xC]
[heartbeat: exitCount=250000 elapsedSec=22.5 lastPort=0xB008 write=0 val=0xC]
[heartbeat: exitCount=255000 elapsedSec=22.6 lastPort=0xB008 write=0 val=0xC]
[heartbeat: exitCount=260000 elapsedSec=22.6 lastPort=0xB008 write=0 val=0xC]
[heartbeat: exitCount=265000 elapsedSec=22.7 lastPort=0xB008 write=0 val=0xC]
[heartbeat: exitCount=270000 elapsedSec=22.8 lastPort=0xB008 write=0 val=0xC]
[heartbeat: exitCount=275000 elapsedSec=22.9 lastPort=0xB008 write=0 val=0xC]
[heartbeat: exitCount=280000 elapsedSec=23.0 lastPort=0xB008 write=0 val=0xC]
[heartbeat: exitCount=285000 elapsedSec=23.0 lastPort=0xB008 write=0 val=0xC]
[heartbeat: exitCount=290000 elapsedSec=23.1 lastPort=0xB008 write=0 val=0xC]
[heartbeat: exitCount=295000 elapsedSec=23.2 lastPort=0xB008 write=0 val=0xC]
[heartbeat: exitCount=300000 elapsedSec=23.3 lastPort=0xB008 write=0 val=0xC]
[heartbeat: exitCount=305000 elapsedSec=23.4 lastPort=0xB008 write=0 val=0xC]
[heartbeat: exitCount=310000 elapsedSec=23.5 lastPort=0xB008 write=0 val=0xC]
[heartbeat: exitCount=315000 elapsedSec=23.6 lastPort=0xB008 write=0 val=0xC]
[heartbeat: exitCount=320000 elapsedSec=23.6 lastPort=0xB008 write=0 val=0xC]
[heartbeat: exitCount=325000 elapsedSec=23.7 lastPort=0xB008 write=0 val=0xC]
[heartbeat: exitCount=330000 elapsedSec=23.8 lastPort=0xB008 write=0 val=0xC]
[heartbeat: exitCount=335000 elapsedSec=23.9 lastPort=0xB008 write=0 val=0xC]
[heartbeat: exitCount=340000 elapsedSec=24.0 lastPort=0xB008 write=0 val=0xC]
[heartbeat: exitCount=345000 elapsedSec=24.0 lastPort=0xB008 write=0 val=0xC]
[heartbeat: exitCount=350000 elapsedSec=24.1 lastPort=0xB008 write=0 val=0xC]
[heartbeat: exitCount=355000 elapsedSec=24.2 lastPort=0xB008 write=0 val=0xC]
[heartbeat: exitCount=360000 elapsedSec=24.3 lastPort=0xB008 write=0 val=0xC]
[heartbeat: exitCount=365000 elapsedSec=24.4 lastPort=0xB008 write=0 val=0xC]
[heartbeat: exitCount=370000 elapsedSec=24.4 lastPort=0xB008 write=0 val=0xC]
[heartbeat: exitCount=375000 elapsedSec=24.5 lastPort=0xB008 write=0 val=0xC]
[heartbeat: exitCount=380000 elapsedSec=24.6 lastPort=0xB008 write=0 val=0xC]
[heartbeat: exitCount=385000 elapsedSec=24.7 lastPort=0xB008 write=0 val=0xC]
[heartbeat: exitCount=390000 elapsedSec=24.8 lastPort=0xB008 write=0 val=0xC]
[heartbeat: exitCount=395000 elapsedSec=24.9 lastPort=0xB008 write=0 val=0xC]
[heartbeat: exitCount=400000 elapsedSec=24.9 lastPort=0xB008 write=0 val=0xC]
[heartbeat: exitCount=405000 elapsedSec=25.0 lastPort=0xB008 write=0 val=0xC]
[heartbeat: exitCount=410000 elapsedSec=25.1 lastPort=0xB008 write=0 val=0xC]
[heartbeat: exitCount=415000 elapsedSec=25.2 lastPort=0xB008 write=0 val=0xC]
[heartbeat: exitCount=420000 elapsedSec=25.3 lastPort=0xB008 write=0 val=0xC]
[heartbeat: exitCount=425000 elapsedSec=25.3 lastPort=0xB008 write=0 val=0xC]
[heartbeat: exitCount=430000 elapsedSec=25.4 lastPort=0xB008 write=0 val=0xC]
[heartbeat: exitCount=435000 elapsedSec=25.5 lastPort=0xB008 write=0 val=0xC]
[heartbeat: exitCount=440000 elapsedSec=25.6 lastPort=0xB008 write=0 val=0xC]
[heartbeat: exitCount=445000 elapsedSec=25.7 lastPort=0xB008 write=0 val=0xC]
[heartbeat: exitCount=450000 elapsedSec=25.7 lastPort=0xB008 write=0 val=0xC]
[heartbeat: exitCount=455000 elapsedSec=25.8 lastPort=0xB008 write=0 val=0xC]
[heartbeat: exitCount=460000 elapsedSec=25.9 lastPort=0xB008 write=0 val=0xC]
[heartbeat: exitCount=465000 elapsedSec=26.0 lastPort=0xB008 write=0 val=0xC]
[heartbeat: exitCount=470000 elapsedSec=26.1 lastPort=0xB008 write=0 val=0xC]
[heartbeat: exitCount=475000 elapsedSec=26.2 lastPort=0xB008 write=0 val=0xC]
[heartbeat: exitCount=480000 elapsedSec=26.2 lastPort=0xB008 write=0 val=0xC]
[heartbeat: exitCount=485000 elapsedSec=26.3 lastPort=0xB008 write=0 val=0xC]
[heartbeat: exitCount=490000 elapsedSec=26.4 lastPort=0xB008 write=0 val=0xC]
[heartbeat: exitCount=495000 elapsedSec=26.5 lastPort=0xB008 write=0 val=0xC]
[heartbeat: exitCount=500000 elapsedSec=26.6 lastPort=0xB008 write=0 val=0xC]
[heartbeat: exitCount=505000 elapsedSec=26.7 lastPort=0xB008 write=0 val=0xC]
[heartbeat: exitCount=510000 elapsedSec=26.7 lastPort=0xB008 write=0 val=0xC]
[heartbeat: exitCount=515000 elapsedSec=26.8 lastPort=0xB008 write=0 val=0xC]
[heartbeat: exitCount=520000 elapsedSec=26.9 lastPort=0xB008 write=0 val=0xC]
[heartbeat: exitCount=525000 elapsedSec=27.0 lastPort=0xB008 write=0 val=0xC]
[heartbeat: exitCount=530000 elapsedSec=27.1 lastPort=0xB008 write=0 val=0xC]
[heartbeat: exitCount=535000 elapsedSec=27.1 lastPort=0xB008 write=0 val=0xC]
[heartbeat: exitCount=540000 elapsedSec=27.2 lastPort=0xB008 write=0 val=0xC]
[heartbeat: exitCount=545000 elapsedSec=27.3 lastPort=0xB008 write=0 val=0xC]
[rtc-diag] tick #500 SKIPPED (interrupts disabled), skippedTotal=425 firedTotal=75
[heartbeat: exitCount=550000 elapsedSec=27.4 lastPort=0xB008 write=0 val=0xC]
[heartbeat: exitCount=555000 elapsedSec=27.5 lastPort=0xB008 write=0 val=0xC]
[heartbeat: exitCount=560000 elapsedSec=27.6 lastPort=0xB008 write=0 val=0xC]
[heartbeat: exitCount=565000 elapsedSec=27.7 lastPort=0xB008 write=0 val=0xC]
[heartbeat: exitCount=570000 elapsedSec=27.8 lastPort=0xB008 write=0 val=0xC]
[heartbeat: exitCount=575000 elapsedSec=27.9 lastPort=0xB008 write=0 val=0xC]
[heartbeat: exitCount=580000 elapsedSec=28.0 lastPort=0xB008 write=0 val=0xC]
[heartbeat: exitCount=585000 elapsedSec=28.1 lastPort=0xB008 write=0 val=0xC]
[heartbeat: exitCount=590000 elapsedSec=28.1 lastPort=0xB008 write=0 val=0xC]
[heartbeat: exitCount=595000 elapsedSec=28.2 lastPort=0xB008 write=0 val=0xC]
[heartbeat: exitCount=600000 elapsedSec=28.3 lastPort=0xB008 write=0 val=0xC]
[heartbeat: exitCount=605000 elapsedSec=28.4 lastPort=0xB008 write=0 val=0xC]
[heartbeat: exitCount=610000 elapsedSec=28.5 lastPort=0xB008 write=0 val=0xC]
[heartbeat: exitCount=615000 elapsedSec=28.6 lastPort=0xB008 write=0 val=0xC]
[heartbeat: exitCount=620000 elapsedSec=28.7 lastPort=0xB008 write=0 val=0xC]
[heartbeat: exitCount=625000 elapsedSec=28.7 lastPort=0xB008 write=0 val=0xC]
[heartbeat: exitCount=630000 elapsedSec=28.8 lastPort=0xB008 write=0 val=0xC]
[heartbeat: exitCount=635000 elapsedSec=28.9 lastPort=0xB008 write=0 val=0xC]
[heartbeat: exitCount=640000 elapsedSec=29.0 lastPort=0xB008 write=0 val=0xC]
[heartbeat: exitCount=645000 elapsedSec=29.1 lastPort=0xB008 write=0 val=0xC]
[heartbeat: exitCount=650000 elapsedSec=29.2 lastPort=0xB008 write=0 val=0xC]
[heartbeat: exitCount=655000 elapsedSec=29.3 lastPort=0xB008 write=0 val=0xC]
[heartbeat: exitCount=660000 elapsedSec=29.4 lastPort=0xB008 write=0 val=0xC]
[heartbeat: exitCount=665000 elapsedSec=29.5 lastPort=0xB008 write=0 val=0xC]
[heartbeat: exitCount=670000 elapsedSec=29.6 lastPort=0xB008 write=0 val=0xC]
[heartbeat: exitCount=675000 elapsedSec=29.6 lastPort=0xB008 write=0 val=0xC]
[heartbeat: exitCount=680000 elapsedSec=29.7 lastPort=0xB008 write=0 val=0xC]
[heartbeat: exitCount=685000 elapsedSec=29.8 lastPort=0xB008 write=0 val=0xC]
[heartbeat: exitCount=690000 elapsedSec=29.9 lastPort=0xB008 write=0 val=0xC]
[heartbeat: exitCount=695000 elapsedSec=30.0 lastPort=0xB008 write=0 val=0xC]
[heartbeat: exitCount=700000 elapsedSec=30.0 lastPort=0xB008 write=0 val=0xC]
[heartbeat: exitCount=705000 elapsedSec=30.1 lastPort=0xB008 write=0 val=0xC]
[heartbeat: exitCount=710000 elapsedSec=30.2 lastPort=0xB008 write=0 val=0xC]
[heartbeat: exitCount=715000 elapsedSec=30.3 lastPort=0xB008 write=0 val=0xC]
[heartbeat: exitCount=720000 elapsedSec=30.4 lastPort=0xB008 write=0 val=0xC]
[heartbeat: exitCount=725000 elapsedSec=30.5 lastPort=0xB008 write=0 val=0xC]
[heartbeat: exitCount=730000 elapsedSec=30.6 lastPort=0xB008 write=0 val=0xC]
[heartbeat: exitCount=735000 elapsedSec=30.7 lastPort=0xB008 write=0 val=0xC]
[heartbeat: exitCount=740000 elapsedSec=30.7 lastPort=0xB008 write=0 val=0xC]
[heartbeat: exitCount=745000 elapsedSec=30.8 lastPort=0xB008 write=0 val=0xC]
[heartbeat: exitCount=750000 elapsedSec=30.9 lastPort=0xB008 write=0 val=0xC]
[cmos-ab] write reg=0x0B value=0x02 (RegA=0x25 RegB=0x02, PIE=0)
[cmos-ab] write reg=0x0B value=0x02 (RegA=0x25 RegB=0x02, PIE=0)
[reset] port 0x64/0xFE keyboard-controller reset pulse honored -- vCPU restarted at reset vector (exitCount=753879)
[fwcfg] select #24: selector=0x0
[fwcfg] select #25: selector=0x1
[fwcfg] select #26: selector=0x19
[fwcfg] select #27: selector=0x19
[fwcfg] select #28: selector=0x19
[fwcfg] select #29: selector=0x19
[fwcfg] select #30: selector=0x19
[fwcfg] select #31: selector=0x19
[fwcfg] select #32: selector=0x19
[fwcfg] select #33: selector=0x19
[fwcfg] select #34: selector=0x0
[fwcfg] select #35: selector=0x1
[fwcfg] select #36: selector=0x19
[fwcfg] select #37: selector=0xE
[fwcfg] select #38: selector=0x5
[heartbeat: exitCount=755000 elapsedSec=31.2 lastPort=0xB008 write=0 val=0x2]
[heartbeat: exitCount=760000 elapsedSec=31.3 lastPort=0xB008 write=0 val=0x2]
[fwcfg] select #39: selector=0x23
[ramfb] configured: address=0xBE500000 800x600 stride=3200
[cmos-ab] write reg=0x0A value=0x26 (RegA=0x26 RegB=0x02, PIE=0)
[fwcfg] select #40: selector=0x17
[heartbeat: exitCount=765000 elapsedSec=31.4 lastPort=0xCF8 write=1 val=0x89]
[2J[001;001H[=3h[2J[001;001H[2J[001;001H[8;056;240t[2J[001;001H[2J[001;001H[=3h[2J[001;001H[2J[001;001H[8;031;100t[2J[001;001H[aux] controller: disable AUX port
[heartbeat: exitCount=770000 elapsedSec=31.6 lastPort=0xCF8 write=0 val=0x0]
[heartbeat: exitCount=775000 elapsedSec=31.7 lastPort=0xB008 write=0 val=0x0]
BdsDxe: loading Boot0002 "UEFI LocalHost Virtual Disk LH0001 " from PciRoot(0x0)/Pci(0x2,0x0)/Sata(0x0,0xFFFF,0x0)
BdsDxe: starting Boot0002 "UEFI LocalHost Virtual Disk LH0001 " from PciRoot(0x0)/Pci(0x2,0x0)/Sata(0x0,0xFFFF,0x0)
[heartbeat: exitCount=780000 elapsedSec=32.0 lastPort=0xB008 write=0 val=0x89]
[2J[001;001H[=3h[2J[001;001H[heartbeat: exitCount=785000 elapsedSec=32.1 lastPort=0xB008 write=0 val=0x89]
[heartbeat: exitCount=790000 elapsedSec=32.2 lastPort=0xB008 write=0 val=0x89]
[heartbeat: exitCount=795000 elapsedSec=32.4 lastPort=0xB008 write=0 val=0x89]
[heartbeat: exitCount=800000 elapsedSec=32.5 lastPort=0xB008 write=0 val=0x89]
[heartbeat: exitCount=805000 elapsedSec=32.7 lastPort=0xB008 write=0 val=0x89]
[heartbeat: exitCount=810000 elapsedSec=32.8 lastPort=0xB008 write=0 val=0x89]
[heartbeat: exitCount=815000 elapsedSec=33.1 lastPort=0xB008 write=0 val=0x89]
[heartbeat: exitCount=820000 elapsedSec=33.3 lastPort=0xB008 write=0 val=0x89]
[heartbeat: exitCount=825000 elapsedSec=33.5 lastPort=0xB008 write=0 val=0x89]
[heartbeat: exitCount=830000 elapsedSec=33.7 lastPort=0xB008 write=0 val=0x89]
[heartbeat: exitCount=835000 elapsedSec=33.9 lastPort=0xB008 write=0 val=0x89]
[heartbeat: exitCount=840000 elapsedSec=34.0 lastPort=0xB008 write=0 val=0x89]
[heartbeat: exitCount=845000 elapsedSec=34.2 lastPort=0xB008 write=0 val=0x89]
[heartbeat: exitCount=850000 elapsedSec=34.5 lastPort=0xB008 write=0 val=0x2]
[aux] controller: disable AUX port
[heartbeat: exitCount=855000 elapsedSec=37.0 lastPort=0xCFC write=0 val=0x0]
[heartbeat: exitCount=860000 elapsedSec=37.3 lastPort=0xCFC write=0 val=0x0]
[heartbeat: exitCount=865000 elapsedSec=37.5 lastPort=0xCFC write=0 val=0x0]
[heartbeat: exitCount=870000 elapsedSec=37.7 lastPort=0xCFC write=0 val=0x0]
[kerneldiag] candidate address 0xFFFFF805269A57DD resolves to module base 0xFFFFF80526600000 (+0x3A57DD into it)
[kerneldiag] debug directory: type=2 codeViewRva=0x40970
[kerneldiag] module PDB name: ntkrnlmp.pdb guid=D9424FC4-861E-47C1-0FAD1B35DEC6DCC8 age=1
[wp] DISCOVERY at exitCount=871076 (pass 2)
[wp] armed breakpoints at module base 0xFFFFF80526600000 (DR2 LFH-check armed=1): DR0=+0x3C3B64 (U34 ExInitializePoolHeapManagement entry, VA=0xFFFFF805269C3B64), DR1=+0x3FD6F0 (KeBugCheckEx, VA=0xFFFFF805269FD6F0), DR2=+0x343B49 (RtlpHpLfhOwnerMoveSubsegment entry, VA=0xFFFFF80526943B49), DR3=+0x9A188F (HalpIommuInitSystem ret, VA=0xFFFFF80526FA188F)
[u32] ExPoolState pool-descriptor fields (pass 2):
[u32]   pool[0] desc@RVA0xC57EC0: +0x08=0x0 +0x10=0x0  <== +0x10 NULL
[u32]   pool[1] desc@RVA0xC59F80: +0x08=0x0 +0x10=0x0  <== +0x10 NULL
[u32]   pool[2] desc@RVA0xC5C040: +0x08=0x0 +0x10=0x0  <== +0x10 NULL
[u32]   pool[3] desc@RVA0xC5E100: +0x08=0x0 +0x10=0x0  <== +0x10 NULL
[u32]   pool[4] desc@RVA0xC601C0: +0x08=0x0 +0x10=0x0  <== +0x10 NULL
[u32]   pool[5] desc@RVA0xC62280: +0x08=0x0 +0x10=0x0  <== +0x10 NULL
[u32]   pool[6] desc@RVA0xC64340: +0x08=0x0 +0x10=0x0  <== +0x10 NULL
[u32]   pool[7] desc@RVA0xC66400: +0x08=0x0 +0x10=0x0  <== +0x10 NULL
[u33] pass boundary -- re-baselining pool-descriptor tracker for pass 2
[u33] baseline pass=2 exitCount=871076 pool[0] +0x08=0x0 +0x10=0x0
[u33] baseline pass=2 exitCount=871076 pool[1] +0x08=0x0 +0x10=0x0
[u33] baseline pass=2 exitCount=871076 pool[2] +0x08=0x0 +0x10=0x0
[u33] baseline pass=2 exitCount=871076 pool[3] +0x08=0x0 +0x10=0x0
[iommuret] hit #1: HalpIommuInitSystem returned EAX=0x00000000 (success/other) rsp=0xFFFFF8052BE75438 exitCount=871348
[iommuret] hit #2: HalpIommuInitSystem returned EAX=0x00000000 (success/other) rsp=0xFFFFF8052BE75438 exitCount=871349
[iommuret] hit #3: HalpIommuInitSystem returned EAX=0x00000000 (success/other) rsp=0xFFFFF8052BE75438 exitCount=871350
[iommuret] hit #4: HalpIommuInitSystem returned EAX=0x00000000 (success/other) rsp=0xFFFFF8052BE75438 exitCount=871351
[iommuret] hit #5: HalpIommuInitSystem returned EAX=0x00000000 (success/other) rsp=0xFFFFF8052BE75438 exitCount=871352
[iommuret] hit #6: HalpIommuInitSystem returned EAX=0x00000000 (success/other) rsp=0xFFFFF8052BE75438 exitCount=871353
[iommuret] hit #7: HalpIommuInitSystem returned EAX=0x00000000 (success/other) rsp=0xFFFFF8052BE75438 exitCount=871354
[iommuret] hit #8: HalpIommuInitSystem returned EAX=0x00000000 (success/other) rsp=0xFFFFF8052BE75438 exitCount=871355
[iommuret] hit #9: HalpIommuInitSystem returned EAX=0x00000000 (success/other) rsp=0xFFFFF8052BE75438 exitCount=871356
[iommuret] hit #10: HalpIommuInitSystem returned EAX=0x00000000 (success/other) rsp=0xFFFFF8052BE75438 exitCount=871357
[iommuret] hit #11: HalpIommuInitSystem returned EAX=0x00000000 (success/other) rsp=0xFFFFF8052BE75438 exitCount=871358
[iommuret] hit #12: HalpIommuInitSystem returned EAX=0x00000000 (success/other) rsp=0xFFFFF8052BE75438 exitCount=871359
[iommuret] hit #13: HalpIommuInitSystem returned EAX=0x00000000 (success/other) rsp=0xFFFFF8052BE75438 exitCount=871360
[iommuret] hit #14: HalpIommuInitSystem returned EAX=0x00000000 (success/other) rsp=0xFFFFF8052BE75438 exitCount=871361
[iommuret] hit #15: HalpIommuInitSystem returned EAX=0x00000000 (success/other) rsp=0xFFFFF8052BE75438 exitCount=871362
[iommuret] hit #16: HalpIommuInitSystem returned EAX=0x00000000 (success/other) rsp=0xFFFFF8052BE75438 exitCount=871363
[iommuret] hit #17: HalpIommuInitSystem returned EAX=0x00000000 (success/other) rsp=0xFFFFF8052BE75438 exitCount=871364
[iommuret] hit #18: HalpIommuInitSystem returned EAX=0x00000000 (success/other) rsp=0xFFFFF8052BE75438 exitCount=871365
[iommuret] hit #19: HalpIommuInitSystem returned EAX=0x00000000 (success/other) rsp=0xFFFFF8052BE75438 exitCount=871366
[iommuret] hit #20: HalpIommuInitSystem returned EAX=0x00000000 (success/other) rsp=0xFFFFF8052BE75438 exitCount=871367
[iommuret] hit #21: HalpIommuInitSystem returned EAX=0x00000000 (success/other) rsp=0xFFFFF8052BE75438 exitCount=871368
[iommuret] hit #22: HalpIommuInitSystem returned EAX=0x00000000 (success/other) rsp=0xFFFFF8052BE75438 exitCount=871369
[iommuret] hit #23: HalpIommuInitSystem returned EAX=0x00000000 (success/other) rsp=0xFFFFF8052BE75438 exitCount=871370
[iommuret] hit #24: HalpIommuInitSystem returned EAX=0x00000000 (success/other) rsp=0xFFFFF8052BE75438 exitCount=871371
[iommuret] hit #25: HalpIommuInitSystem returned EAX=0x00000000 (success/other) rsp=0xFFFFF8052BE75438 exitCount=871372
[iommuret] hit #26: HalpIommuInitSystem returned EAX=0x00000000 (success/other) rsp=0xFFFFF8052BE75438 exitCount=871373
[iommuret] hit #27: HalpIommuInitSystem returned EAX=0x00000000 (success/other) rsp=0xFFFFF8052BE75438 exitCount=871374
[iommuret] hit #28: HalpIommuInitSystem returned EAX=0x00000000 (success/other) rsp=0xFFFFF8052BE75438 exitCount=871375
[iommuret] hit #29: HalpIommuInitSystem returned EAX=0x00000000 (success/other) rsp=0xFFFFF8052BE75438 exitCount=871376
[iommuret] hit #30: HalpIommuInitSystem returned EAX=0x00000000 (success/other) rsp=0xFFFFF8052BE75438 exitCount=871377
[iommuret] hit #31: HalpIommuInitSystem returned EAX=0x00000000 (success/other) rsp=0xFFFFF8052BE75438 exitCount=871378
[iommuret] hit #32: HalpIommuInitSystem returned EAX=0x00000000 (success/other) rsp=0xFFFFF8052BE75438 exitCount=871379
[iommuret] hit #33: HalpIommuInitSystem returned EAX=0x00000000 (success/other) rsp=0xFFFFF8052BE75438 exitCount=871380
[iommuret] hit #34: HalpIommuInitSystem returned EAX=0x00000000 (success/other) rsp=0xFFFFF8052BE75438 exitCount=871381
[iommuret] hit #35: HalpIommuInitSystem returned EAX=0x00000000 (success/other) rsp=0xFFFFF8052BE75438 exitCount=871382
[iommuret] hit #36: HalpIommuInitSystem returned EAX=0x00000000 (success/other) rsp=0xFFFFF8052BE75438 exitCount=871383
[iommuret] hit #37: HalpIommuInitSystem returned EAX=0x00000000 (success/other) rsp=0xFFFFF8052BE75438 exitCount=871384
[iommuret] hit #38: HalpIommuInitSystem returned EAX=0x00000000 (success/other) rsp=0xFFFFF8052BE75438 exitCount=871385
[iommuret] hit #39: HalpIommuInitSystem returned EAX=0x00000000 (success/other) rsp=0xFFFFF8052BE75438 exitCount=871386
[iommuret] hit #40: HalpIommuInitSystem returned EAX=0x00000000 (success/other) rsp=0xFFFFF8052BE75438 exitCount=871387
[iommuret] hit #41: HalpIommuInitSystem returned EAX=0x00000000 (success/other) rsp=0xFFFFF8052BE75438 exitCount=871388
[iommuret] hit #42: HalpIommuInitSystem returned EAX=0x00000000 (success/other) rsp=0xFFFFF8052BE75438 exitCount=871389
[iommuret] hit #43: HalpIommuInitSystem returned EAX=0x00000000 (success/other) rsp=0xFFFFF8052BE75438 exitCount=871390
[iommuret] hit #44: HalpIommuInitSystem returned EAX=0x00000000 (success/other) rsp=0xFFFFF8052BE75438 exitCount=871391
[iommuret] hit #45: HalpIommuInitSystem returned EAX=0x00000000 (success/other) rsp=0xFFFFF8052BE75438 exitCount=871392
[iommuret] hit #46: HalpIommuInitSystem returned EAX=0x00000000 (success/other) rsp=0xFFFFF8052BE75438 exitCount=871393
[iommuret] hit #47: HalpIommuInitSystem returned EAX=0x00000000 (success/other) rsp=0xFFFFF8052BE75438 exitCount=871394
[iommuret] hit #48: HalpIommuInitSystem returned EAX=0x00000000 (success/other) rsp=0xFFFFF8052BE75438 exitCount=871395
[iommuret] hit #49: HalpIommuInitSystem returned EAX=0x00000000 (success/other) rsp=0xFFFFF8052BE75438 exitCount=871396
[iommuret] hit #50: HalpIommuInitSystem returned EAX=0x00000000 (success/other) rsp=0xFFFFF8052BE75438 exitCount=871397
[iommuret] hit #51: HalpIommuInitSystem returned EAX=0x00000000 (success/other) rsp=0xFFFFF8052BE75438 exitCount=871398
[iommuret] hit #52: HalpIommuInitSystem returned EAX=0x00000000 (success/other) rsp=0xFFFFF8052BE75438 exitCount=871399
[iommuret] hit #53: HalpIommuInitSystem returned EAX=0x00000000 (success/other) rsp=0xFFFFF8052BE75438 exitCount=871400
[iommuret] hit #54: HalpIommuInitSystem returned EAX=0x00000000 (success/other) rsp=0xFFFFF8052BE75438 exitCount=871401
[iommuret] hit #55: HalpIommuInitSystem returned EAX=0x00000000 (success/other) rsp=0xFFFFF8052BE75438 exitCount=871402
[iommuret] hit #56: HalpIommuInitSystem returned EAX=0x00000000 (success/other) rsp=0xFFFFF8052BE75438 exitCount=871403
[iommuret] hit #57: HalpIommuInitSystem returned EAX=0x00000000 (success/other) rsp=0xFFFFF8052BE75438 exitCount=871404
[iommuret] hit #58: HalpIommuInitSystem returned EAX=0x00000000 (success/other) rsp=0xFFFFF8052BE75438 exitCount=871405
[iommuret] hit #59: HalpIommuInitSystem returned EAX=0x00000000 (success/other) rsp=0xFFFFF8052BE75438 exitCount=871406
[iommuret] hit #60: HalpIommuInitSystem returned EAX=0x00000000 (success/other) rsp=0xFFFFF8052BE75438 exitCount=871407
[iommuret] hit #61: HalpIommuInitSystem returned EAX=0x00000000 (success/other) rsp=0xFFFFF8052BE75438 exitCount=871408
[iommuret] hit #62: HalpIommuInitSystem returned EAX=0x00000000 (success/other) rsp=0xFFFFF8052BE75438 exitCount=871409
[iommuret] hit #63: HalpIommuInitSystem returned EAX=0x00000000 (success/other) rsp=0xFFFFF8052BE75438 exitCount=871410
[iommuret] hit #64: HalpIommuInitSystem returned EAX=0x00000000 (success/other) rsp=0xFFFFF8052BE75438 exitCount=871411
[iommuret] hit #65: HalpIommuInitSystem returned EAX=0x00000000 (success/other) rsp=0xFFFFF8052BE75438 exitCount=871412
[iommuret] hit #66: HalpIommuInitSystem returned EAX=0x00000000 (success/other) rsp=0xFFFFF8052BE75438 exitCount=871413
[iommuret] hit #67: HalpIommuInitSystem returned EAX=0x00000000 (success/other) rsp=0xFFFFF8052BE75438 exitCount=871414
[iommuret] hit #68: HalpIommuInitSystem returned EAX=0x00000000 (success/other) rsp=0xFFFFF8052BE75438 exitCount=871415
[iommuret] hit #69: HalpIommuInitSystem returned EAX=0x00000000 (success/other) rsp=0xFFFFF8052BE75438 exitCount=871416
[iommuret] hit #70: HalpIommuInitSystem returned EAX=0x00000000 (success/other) rsp=0xFFFFF8052BE75438 exitCount=871417
[iommuret] hit #71: HalpIommuInitSystem returned EAX=0x00000000 (success/other) rsp=0xFFFFF8052BE75438 exitCount=871418
[iommuret] hit #72: HalpIommuInitSystem returned EAX=0x00000000 (success/other) rsp=0xFFFFF8052BE75438 exitCount=871419
[iommuret] hit #73: HalpIommuInitSystem returned EAX=0x00000000 (success/other) rsp=0xFFFFF8052BE75438 exitCount=871420
[iommuret] hit #74: HalpIommuInitSystem returned EAX=0x00000000 (success/other) rsp=0xFFFFF8052BE75438 exitCount=871421
[iommuret] hit #75: HalpIommuInitSystem returned EAX=0x00000000 (success/other) rsp=0xFFFFF8052BE75438 exitCount=871422
[iommuret] hit #76: HalpIommuInitSystem returned EAX=0x00000000 (success/other) rsp=0xFFFFF8052BE75438 exitCount=871423
[iommuret] hit #77: HalpIommuInitSystem returned EAX=0x00000000 (success/other) rsp=0xFFFFF8052BE75438 exitCount=871424
[iommuret] hit #78: HalpIommuInitSystem returned EAX=0x00000000 (success/other) rsp=0xFFFFF8052BE75438 exitCount=871425
[iommuret] hit #79: HalpIommuInitSystem returned EAX=0x00000000 (success/other) rsp=0xFFFFF8052BE75438 exitCount=871426
[iommuret] hit #80: HalpIommuInitSystem returned EAX=0x00000000 (success/other) rsp=0xFFFFF8052BE75438 exitCount=871427
[iommuret] hit #81: HalpIommuInitSystem returned EAX=0x00000000 (success/other) rsp=0xFFFFF8052BE75438 exitCount=871428
[iommuret] hit #82: HalpIommuInitSystem returned EAX=0x00000000 (success/other) rsp=0xFFFFF8052BE75438 exitCount=871429
[iommuret] hit #83: HalpIommuInitSystem returned EAX=0x00000000 (success/other) rsp=0xFFFFF8052BE75438 exitCount=871430
[iommuret] hit #84: HalpIommuInitSystem returned EAX=0x00000000 (success/other) rsp=0xFFFFF8052BE75438 exitCount=871431
[iommuret] hit #85: HalpIommuInitSystem returned EAX=0x00000000 (success/other) rsp=0xFFFFF8052BE75438 exitCount=871432
[iommuret] hit #86: HalpIommuInitSystem returned EAX=0x00000000 (success/other) rsp=0xFFFFF8052BE75438 exitCount=871433
[iommuret] hit #87: HalpIommuInitSystem returned EAX=0x00000000 (success/other) rsp=0xFFFFF8052BE75438 exitCount=871434
[iommuret] hit #88: HalpIommuInitSystem returned EAX=0x00000000 (success/other) rsp=0xFFFFF8052BE75438 exitCount=871435
[iommuret] hit #89: HalpIommuInitSystem returned EAX=0x00000000 (success/other) rsp=0xFFFFF8052BE75438 exitCount=871436
[iommuret] hit #90: HalpIommuInitSystem returned EAX=0x00000000 (success/other) rsp=0xFFFFF8052BE75438 exitCount=871437
[iommuret] hit #91: HalpIommuInitSystem returned EAX=0x00000000 (success/other) rsp=0xFFFFF8052BE75438 exitCount=871438
[iommuret] hit #92: HalpIommuInitSystem returned EAX=0x00000000 (success/other) rsp=0xFFFFF8052BE75438 exitCount=871439
[iommuret] hit #93: HalpIommuInitSystem returned EAX=0x00000000 (success/other) rsp=0xFFFFF8052BE75438 exitCount=871440
[iommuret] hit #94: HalpIommuInitSystem returned EAX=0x00000000 (success/other) rsp=0xFFFFF8052BE75438 exitCount=871441
[iommuret] hit #95: HalpIommuInitSystem returned EAX=0x00000000 (success/other) rsp=0xFFFFF8052BE75438 exitCount=871442
[iommuret] hit #96: HalpIommuInitSystem returned EAX=0x00000000 (success/other) rsp=0xFFFFF8052BE75438 exitCount=871443
[iommuret] hit #97: HalpIommuInitSystem returned EAX=0x00000000 (success/other) rsp=0xFFFFF8052BE75438 exitCount=871444
[iommuret] hit #98: HalpIommuInitSystem returned EAX=0x00000000 (success/other) rsp=0xFFFFF8052BE75438 exitCount=871445
[iommuret] hit #99: HalpIommuInitSystem returned EAX=0x00000000 (success/other) rsp=0xFFFFF8052BE75438 exitCount=871446
[iommuret] hit #100: HalpIommuInitSystem returned EAX=0x00000000 (success/other) rsp=0xFFFFF8052BE75438 exitCount=871447
[iommuret] hit #101: HalpIommuInitSystem returned EAX=0x00000000 (success/other) rsp=0xFFFFF8052BE75438 exitCount=871448
[iommuret] hit #102: HalpIommuInitSystem returned EAX=0x00000000 (success/other) rsp=0xFFFFF8052BE75438 exitCount=871449
[iommuret] hit #103: HalpIommuInitSystem returned EAX=0x00000000 (success/other) rsp=0xFFFFF8052BE75438 exitCount=871450
[iommuret] hit #104: HalpIommuInitSystem returned EAX=0x00000000 (success/other) rsp=0xFFFFF8052BE75438 exitCount=871451
[iommuret] hit #105: HalpIommuInitSystem returned EAX=0x00000000 (success/other) rsp=0xFFFFF8052BE75438 exitCount=871452
[iommuret] hit #106: HalpIommuInitSystem returned EAX=0x00000000 (success/other) rsp=0xFFFFF8052BE75438 exitCount=871453
[iommuret] hit #107: HalpIommuInitSystem returned EAX=0x00000000 (success/other) rsp=0xFFFFF8052BE75438 exitCount=871454
[iommuret] hit #108: HalpIommuInitSystem returned EAX=0x00000000 (success/other) rsp=0xFFFFF8052BE75438 exitCount=871455
[iommuret] hit #109: HalpIommuInitSystem returned EAX=0x00000000 (success/other) rsp=0xFFFFF8052BE75438 exitCount=871456
[iommuret] hit #110: HalpIommuInitSystem returned EAX=0x00000000 (success/other) rsp=0xFFFFF8052BE75438 exitCount=871457
[iommuret] hit #111: HalpIommuInitSystem returned EAX=0x00000000 (success/other) rsp=0xFFFFF8052BE75438 exitCount=871458
[iommuret] hit #112: HalpIommuInitSystem returned EAX=0x00000000 (success/other) rsp=0xFFFFF8052BE75438 exitCount=871459
[iommuret] hit #113: HalpIommuInitSystem returned EAX=0x00000000 (success/other) rsp=0xFFFFF8052BE75438 exitCount=871460
[iommuret] hit #114: HalpIommuInitSystem returned EAX=0x00000000 (success/other) rsp=0xFFFFF8052BE75438 exitCount=871461
[iommuret] hit #115: HalpIommuInitSystem returned EAX=0x00000000 (success/other) rsp=0xFFFFF8052BE75438 exitCount=871462
[iommuret] hit #116: HalpIommuInitSystem returned EAX=0x00000000 (success/other) rsp=0xFFFFF8052BE75438 exitCount=871463
[iommuret] hit #117: HalpIommuInitSystem returned EAX=0x00000000 (success/other) rsp=0xFFFFF8052BE75438 exitCount=871464
[iommuret] hit #118: HalpIommuInitSystem returned EAX=0x00000000 (success/other) rsp=0xFFFFF8052BE75438 exitCount=871465
[iommuret] hit #119: HalpIommuInitSystem returned EAX=0x00000000 (success/other) rsp=0xFFFFF8052BE75438 exitCount=871466
[iommuret] hit #120: HalpIommuInitSystem returned EAX=0x00000000 (success/other) rsp=0xFFFFF8052BE75438 exitCount=871467
[iommuret] hit #121: HalpIommuInitSystem returned EAX=0x00000000 (success/other) rsp=0xFFFFF8052BE75438 exitCount=871468
[iommuret] hit #122: HalpIommuInitSystem returned EAX=0x00000000 (success/other) rsp=0xFFFFF8052BE75438 exitCount=871469
[iommuret] hit #123: HalpIommuInitSystem returned EAX=0x00000000 (success/other) rsp=0xFFFFF8052BE75438 exitCount=871470
[iommuret] hit #124: HalpIommuInitSystem returned EAX=0x00000000 (success/other) rsp=0xFFFFF8052BE75438 exitCount=871471
[iommuret] hit #125: HalpIommuInitSystem returned EAX=0x00000000 (success/other) rsp=0xFFFFF8052BE75438 exitCount=871472
[iommuret] hit #126: HalpIommuInitSystem returned EAX=0x00000000 (success/other) rsp=0xFFFFF8052BE75438 exitCount=871473
[iommuret] hit #127: HalpIommuInitSystem returned EAX=0x00000000 (success/other) rsp=0xFFFFF8052BE75438 exitCount=871474
[iommuret] hit #128: HalpIommuInitSystem returned EAX=0x00000000 (success/other) rsp=0xFFFFF8052BE75438 exitCount=871475
[iommuret] hit #129: HalpIommuInitSystem returned EAX=0x00000000 (success/other) rsp=0xFFFFF8052BE75438 exitCount=871476
[iommuret] hit #130: HalpIommuInitSystem returned EAX=0x00000000 (success/other) rsp=0xFFFFF8052BE75438 exitCount=871477
[iommuret] hit #131: HalpIommuInitSystem returned EAX=0x00000000 (success/other) rsp=0xFFFFF8052BE75438 exitCount=871478
[iommuret] hit #132: HalpIommuInitSystem returned EAX=0x00000000 (success/other) rsp=0xFFFFF8052BE75438 exitCount=871479
[iommuret] hit #133: HalpIommuInitSystem returned EAX=0x00000000 (success/other) rsp=0xFFFFF8052BE75438 exitCount=871480
[iommuret] hit #134: HalpIommuInitSystem returned EAX=0x00000000 (success/other) rsp=0xFFFFF8052BE75438 exitCount=871481
[iommuret] hit #135: HalpIommuInitSystem returned EAX=0x00000000 (success/other) rsp=0xFFFFF8052BE75438 exitCount=871482
[iommuret] hit #136: HalpIommuInitSystem returned EAX=0x00000000 (success/other) rsp=0xFFFFF8052BE75438 exitCount=871483
[iommuret] hit #137: HalpIommuInitSystem returned EAX=0x00000000 (success/other) rsp=0xFFFFF8052BE75438 exitCount=871484
[iommuret] hit #138: HalpIommuInitSystem returned EAX=0x00000000 (success/other) rsp=0xFFFFF8052BE75438 exitCount=871485
[iommuret] hit #139: HalpIommuInitSystem returned EAX=0x00000000 (success/other) rsp=0xFFFFF8052BE75438 exitCount=871486
[iommuret] hit #140: HalpIommuInitSystem returned EAX=0x00000000 (success/other) rsp=0xFFFFF8052BE75438 exitCount=871487
[iommuret] hit #141: HalpIommuInitSystem returned EAX=0x00000000 (success/other) rsp=0xFFFFF8052BE75438 exitCount=871488
[iommuret] hit #142: HalpIommuInitSystem returned EAX=0x00000000 (success/other) rsp=0xFFFFF8052BE75438 exitCount=871489
[iommuret] hit #143: HalpIommuInitSystem returned EAX=0x00000000 (success/other) rsp=0xFFFFF8052BE75438 exitCount=871490
[iommuret] hit #144: HalpIommuInitSystem returned EAX=0x00000000 (success/other) rsp=0xFFFFF8052BE75438 exitCount=871491
[iommuret] hit #145: HalpIommuInitSystem returned EAX=0x00000000 (success/other) rsp=0xFFFFF8052BE75438 exitCount=871492
[iommuret] hit #146: HalpIommuInitSystem returned EAX=0x00000000 (success/other) rsp=0xFFFFF8052BE75438 exitCount=871493
[iommuret] hit #147: HalpIommuInitSystem returned EAX=0x00000000 (success/other) rsp=0xFFFFF8052BE75438 exitCount=871494
[iommuret] hit #148: HalpIommuInitSystem returned EAX=0x00000000 (success/other) rsp=0xFFFFF8052BE75438 exitCount=871495
[iommuret] hit #149: HalpIommuInitSystem returned EAX=0x00000000 (success/other) rsp=0xFFFFF8052BE75438 exitCount=871496
[iommuret] hit #150: HalpIommuInitSystem returned EAX=0x00000000 (success/other) rsp=0xFFFFF8052BE75438 exitCount=871497
[iommuret] hit #151: HalpIommuInitSystem returned EAX=0x00000000 (success/other) rsp=0xFFFFF8052BE75438 exitCount=871498
[iommuret] hit #152: HalpIommuInitSystem returned EAX=0x00000000 (success/other) rsp=0xFFFFF8052BE75438 exitCount=871499
[iommuret] hit #153: HalpIommuInitSystem returned EAX=0x00000000 (success/other) rsp=0xFFFFF8052BE75438 exitCount=871500
[iommuret] hit #154: HalpIommuInitSystem returned EAX=0x00000000 (success/other) rsp=0xFFFFF8052BE75438 exitCount=871501
[iommuret] hit #155: HalpIommuInitSystem returned EAX=0x00000000 (success/other) rsp=0xFFFFF8052BE75438 exitCount=871502
[iommuret] hit #156: HalpIommuInitSystem returned EAX=0x00000000 (success/other) rsp=0xFFFFF8052BE75438 exitCount=871503
[iommuret] hit #157: HalpIommuInitSystem returned EAX=0x00000000 (success/other) rsp=0xFFFFF8052BE75438 exitCount=871504
[iommuret] hit #158: HalpIommuInitSystem returned EAX=0x00000000 (success/other) rsp=0xFFFFF8052BE75438 exitCount=871505
[iommuret] hit #159: HalpIommuInitSystem returned EAX=0x00000000 (success/other) rsp=0xFFFFF8052BE75438 exitCount=871506
[iommuret] hit #160: HalpIommuInitSystem returned EAX=0x00000000 (success/other) rsp=0xFFFFF8052BE75438 exitCount=871507
[iommuret] hit #161: HalpIommuInitSystem returned EAX=0x00000000 (success/other) rsp=0xFFFFF8052BE75438 exitCount=871508
[iommuret] hit #162: HalpIommuInitSystem returned EAX=0x00000000 (success/other) rsp=0xFFFFF8052BE75438 exitCount=871509
[iommuret] hit #163: HalpIommuInitSystem returned EAX=0x00000000 (success/other) rsp=0xFFFFF8052BE75438 exitCount=871510
[iommuret] hit #164: HalpIommuInitSystem returned EAX=0x00000000 (success/other) rsp=0xFFFFF8052BE75438 exitCount=871511
[iommuret] hit #165: HalpIommuInitSystem returned EAX=0x00000000 (success/other) rsp=0xFFFFF8052BE75438 exitCount=871512
[iommuret] hit #166: HalpIommuInitSystem returned EAX=0x00000000 (success/other) rsp=0xFFFFF8052BE75438 exitCount=871513
[iommuret] hit #167: HalpIommuInitSystem returned EAX=0x00000000 (success/other) rsp=0xFFFFF8052BE75438 exitCount=871514
[iommuret] hit #168: HalpIommuInitSystem returned EAX=0x00000000 (success/other) rsp=0xFFFFF8052BE75438 exitCount=871515
[iommuret] hit #169: HalpIommuInitSystem returned EAX=0x00000000 (success/other) rsp=0xFFFFF8052BE75438 exitCount=871516
[iommuret] hit #170: HalpIommuInitSystem returned EAX=0x00000000 (success/other) rsp=0xFFFFF8052BE75438 exitCount=871517
[iommuret] hit #171: HalpIommuInitSystem returned EAX=0x00000000 (success/other) rsp=0xFFFFF8052BE75438 exitCount=871518
[iommuret] hit #172: HalpIommuInitSystem returned EAX=0x00000000 (success/other) rsp=0xFFFFF8052BE75438 exitCount=871519
[iommuret] hit #173: HalpIommuInitSystem returned EAX=0x00000000 (success/other) rsp=0xFFFFF8052BE75438 exitCount=871520
[iommuret] hit #174: HalpIommuInitSystem returned EAX=0x00000000 (success/other) rsp=0xFFFFF8052BE75438 exitCount=871521
[iommuret] hit #175: HalpIommuInitSystem returned EAX=0x00000000 (success/other) rsp=0xFFFFF8052BE75438 exitCount=871522
[iommuret] hit #176: HalpIommuInitSystem returned EAX=0x00000000 (success/other) rsp=0xFFFFF8052BE75438 exitCount=871523
[iommuret] hit #177: HalpIommuInitSystem returned EAX=0x00000000 (success/other) rsp=0xFFFFF8052BE75438 exitCount=871524
[iommuret] hit #178: HalpIommuInitSystem returned EAX=0x00000000 (success/other) rsp=0xFFFFF8052BE75438 exitCount=871525
[iommuret] hit #179: HalpIommuInitSystem returned EAX=0x00000000 (success/other) rsp=0xFFFFF8052BE75438 exitCount=871526
[iommuret] hit #180: HalpIommuInitSystem returned EAX=0x00000000 (success/other) rsp=0xFFFFF8052BE75438 exitCount=871527
[iommuret] hit #181: HalpIommuInitSystem returned EAX=0x00000000 (success/other) rsp=0xFFFFF8052BE75438 exitCount=871528
[iommuret] hit #182: HalpIommuInitSystem returned EAX=0x00000000 (success/other) rsp=0xFFFFF8052BE75438 exitCount=871529
[iommuret] hit #183: HalpIommuInitSystem returned EAX=0x00000000 (success/other) rsp=0xFFFFF8052BE75438 exitCount=871530
[iommuret] hit #184: HalpIommuInitSystem returned EAX=0x00000000 (success/other) rsp=0xFFFFF8052BE75438 exitCount=871531
[iommuret] hit #185: HalpIommuInitSystem returned EAX=0x00000000 (success/other) rsp=0xFFFFF8052BE75438 exitCount=871532
[iommuret] hit #186: HalpIommuInitSystem returned EAX=0x00000000 (success/other) rsp=0xFFFFF8052BE75438 exitCount=871533
[iommuret] hit #187: HalpIommuInitSystem returned EAX=0x00000000 (success/other) rsp=0xFFFFF8052BE75438 exitCount=871534
[iommuret] hit #188: HalpIommuInitSystem returned EAX=0x00000000 (success/other) rsp=0xFFFFF8052BE75438 exitCount=871535
[iommuret] hit #189: HalpIommuInitSystem returned EAX=0x00000000 (success/other) rsp=0xFFFFF8052BE75438 exitCount=871536
[iommuret] hit #190: HalpIommuInitSystem returned EAX=0x00000000 (success/other) rsp=0xFFFFF8052BE75438 exitCount=871537
[iommuret] hit #191: HalpIommuInitSystem returned EAX=0x00000000 (success/other) rsp=0xFFFFF8052BE75438 exitCount=871538
[iommuret] hit #192: HalpIommuInitSystem returned EAX=0x00000000 (success/other) rsp=0xFFFFF8052BE75438 exitCount=871539
[iommuret] hit #193: HalpIommuInitSystem returned EAX=0x00000000 (success/other) rsp=0xFFFFF8052BE75438 exitCount=871540
[iommuret] hit #194: HalpIommuInitSystem returned EAX=0x00000000 (success/other) rsp=0xFFFFF8052BE75438 exitCount=871541
[iommuret] hit #195: HalpIommuInitSystem returned EAX=0x00000000 (success/other) rsp=0xFFFFF8052BE75438 exitCount=871542
[iommuret] hit #196: HalpIommuInitSystem returned EAX=0x00000000 (success/other) rsp=0xFFFFF8052BE75438 exitCount=871543
[iommuret] hit #197: HalpIommuInitSystem returned EAX=0x00000000 (success/other) rsp=0xFFFFF8052BE75438 exitCount=871544
[iommuret] hit #198: HalpIommuInitSystem returned EAX=0x00000000 (success/other) rsp=0xFFFFF8052BE75438 exitCount=871545
[iommuret] hit #199: HalpIommuInitSystem returned EAX=0x00000000 (success/other) rsp=0xFFFFF8052BE75438 exitCount=871546
[iommuret] hit #200: HalpIommuInitSystem returned EAX=0x00000000 (success/other) rsp=0xFFFFF8052BE75438 exitCount=871547
[iommuret] hit #201: HalpIommuInitSystem returned EAX=0x00000000 (success/other) rsp=0xFFFFF8052BE75438 exitCount=871548
[iommuret] hit #202: HalpIommuInitSystem returned EAX=0x00000000 (success/other) rsp=0xFFFFF8052BE75438 exitCount=871549
[iommuret] hit #203: HalpIommuInitSystem returned EAX=0x00000000 (success/other) rsp=0xFFFFF8052BE75438 exitCount=871550
[iommuret] hit #204: HalpIommuInitSystem returned EAX=0x00000000 (success/other) rsp=0xFFFFF8052BE75438 exitCount=871551
[iommuret] hit #205: HalpIommuInitSystem returned EAX=0x00000000 (success/other) rsp=0xFFFFF8052BE75438 exitCount=871552
[iommuret] hit #206: HalpIommuInitSystem returned EAX=0x00000000 (success/other) rsp=0xFFFFF8052BE75438 exitCount=871553
[iommuret] hit #207: HalpIommuInitSystem returned EAX=0x00000000 (success/other) rsp=0xFFFFF8052BE75438 exitCount=871554
[iommuret] hit #208: HalpIommuInitSystem returned EAX=0x00000000 (success/other) rsp=0xFFFFF8052BE75438 exitCount=871555
[iommuret] hit #209: HalpIommuInitSystem returned EAX=0x00000000 (success/other) rsp=0xFFFFF8052BE75438 exitCount=871556
[iommuret] hit #210: HalpIommuInitSystem returned EAX=0x00000000 (success/other) rsp=0xFFFFF8052BE75438 exitCount=871557
[iommuret] hit #211: HalpIommuInitSystem returned EAX=0x00000000 (success/other) rsp=0xFFFFF8052BE75438 exitCount=871558
[iommuret] hit #212: HalpIommuInitSystem returned EAX=0x00000000 (success/other) rsp=0xFFFFF8052BE75438 exitCount=871559
[iommuret] hit #213: HalpIommuInitSystem returned EAX=0x00000000 (success/other) rsp=0xFFFFF8052BE75438 exitCount=871560
[iommuret] hit #214: HalpIommuInitSystem returned EAX=0x00000000 (success/other) rsp=0xFFFFF8052BE75438 exitCount=871561
[iommuret] hit #215: HalpIommuInitSystem returned EAX=0x00000000 (success/other) rsp=0xFFFFF8052BE75438 exitCount=871562
[iommuret] hit #216: HalpIommuInitSystem returned EAX=0x00000000 (success/other) rsp=0xFFFFF8052BE75438 exitCount=871563
[iommuret] hit #217: HalpIommuInitSystem returned EAX=0x00000000 (success/other) rsp=0xFFFFF8052BE75438 exitCount=871564
[iommuret] hit #218: HalpIommuInitSystem returned EAX=0x00000000 (success/other) rsp=0xFFFFF8052BE75438 exitCount=871565
[iommuret] hit #219: HalpIommuInitSystem returned EAX=0x00000000 (success/other) rsp=0xFFFFF8052BE75438 exitCount=871566
[iommuret] hit #220: HalpIommuInitSystem returned EAX=0x00000000 (success/other) rsp=0xFFFFF8052BE75438 exitCount=871567
[iommuret] hit #221: HalpIommuInitSystem returned EAX=0x00000000 (success/other) rsp=0xFFFFF8052BE75438 exitCount=871568
[iommuret] hit #222: HalpIommuInitSystem returned EAX=0x00000000 (success/other) rsp=0xFFFFF8052BE75438 exitCount=871569
[iommuret] hit #223: HalpIommuInitSystem returned EAX=0x00000000 (success/other) rsp=0xFFFFF8052BE75438 exitCount=871570
[iommuret] hit #224: HalpIommuInitSystem returned EAX=0x00000000 (success/other) rsp=0xFFFFF8052BE75438 exitCount=871571
[iommuret] hit #225: HalpIommuInitSystem returned EAX=0x00000000 (success/other) rsp=0xFFFFF8052BE75438 exitCount=871572
[iommuret] hit #226: HalpIommuInitSystem returned EAX=0x00000000 (success/other) rsp=0xFFFFF8052BE75438 exitCount=871573
[iommuret] hit #227: HalpIommuInitSystem returned EAX=0x00000000 (success/other) rsp=0xFFFFF8052BE75438 exitCount=871574
[iommuret] hit #228: HalpIommuInitSystem returned EAX=0x00000000 (success/other) rsp=0xFFFFF8052BE75438 exitCount=871575
[iommuret] hit #229: HalpIommuInitSystem returned EAX=0x00000000 (success/other) rsp=0xFFFFF8052BE75438 exitCount=871576
[iommuret] hit #230: HalpIommuInitSystem returned EAX=0x00000000 (success/other) rsp=0xFFFFF8052BE75438 exitCount=871577
[iommuret] hit #231: HalpIommuInitSystem returned EAX=0x00000000 (success/other) rsp=0xFFFFF8052BE75438 exitCount=871578
[iommuret] hit #232: HalpIommuInitSystem returned EAX=0x00000000 (success/other) rsp=0xFFFFF8052BE75438 exitCount=871579
[iommuret] hit #233: HalpIommuInitSystem returned EAX=0x00000000 (success/other) rsp=0xFFFFF8052BE75438 exitCount=871580
[iommuret] hit #234: HalpIommuInitSystem returned EAX=0x00000000 (success/other) rsp=0xFFFFF8052BE75438 exitCount=871581
[iommuret] hit #235: HalpIommuInitSystem returned EAX=0x00000000 (success/other) rsp=0xFFFFF8052BE75438 exitCount=871582
[iommuret] hit #236: HalpIommuInitSystem returned EAX=0x00000000 (success/other) rsp=0xFFFFF8052BE75438 exitCount=871583
[iommuret] hit #237: HalpIommuInitSystem returned EAX=0x00000000 (success/other) rsp=0xFFFFF8052BE75438 exitCount=871584
[iommuret] hit #238: HalpIommuInitSystem returned EAX=0x00000000 (success/other) rsp=0xFFFFF8052BE75438 exitCount=871585
[iommuret] hit #239: HalpIommuInitSystem returned EAX=0x00000000 (success/other) rsp=0xFFFFF8052BE75438 exitCount=871586
[iommuret] hit #240: HalpIommuInitSystem returned EAX=0x00000000 (success/other) rsp=0xFFFFF8052BE75438 exitCount=871587
[iommuret] hit #241: HalpIommuInitSystem returned EAX=0x00000000 (success/other) rsp=0xFFFFF8052BE75438 exitCount=871588
[iommuret] hit #242: HalpIommuInitSystem returned EAX=0x00000000 (success/other) rsp=0xFFFFF8052BE75438 exitCount=871589
[iommuret] hit #243: HalpIommuInitSystem returned EAX=0x00000000 (success/other) rsp=0xFFFFF8052BE75438 exitCount=871590
[iommuret] hit #244: HalpIommuInitSystem returned EAX=0x00000000 (success/other) rsp=0xFFFFF8052BE75438 exitCount=871591
[iommuret] hit #245: HalpIommuInitSystem returned EAX=0x00000000 (success/other) rsp=0xFFFFF8052BE75438 exitCount=871592
[iommuret] hit #246: HalpIommuInitSystem returned EAX=0x00000000 (success/other) rsp=0xFFFFF8052BE75438 exitCount=871593
[iommuret] hit #247: HalpIommuInitSystem returned EAX=0x00000000 (success/other) rsp=0xFFFFF8052BE75438 exitCount=871594
[iommuret] hit #248: HalpIommuInitSystem returned EAX=0x00000000 (success/other) rsp=0xFFFFF8052BE75438 exitCount=871595
[iommuret] hit #249: HalpIommuInitSystem returned EAX=0x00000000 (success/other) rsp=0xFFFFF8052BE75438 exitCount=871596
[iommuret] hit #250: HalpIommuInitSystem returned EAX=0x00000000 (success/other) rsp=0xFFFFF8052BE75438 exitCount=871597
[iommuret] hit #251: HalpIommuInitSystem returned EAX=0x00000000 (success/other) rsp=0xFFFFF8052BE75438 exitCount=871598
[iommuret] hit #252: HalpIommuInitSystem returned EAX=0x00000000 (success/other) rsp=0xFFFFF8052BE75438 exitCount=871599
[iommuret] hit #253: HalpIommuInitSystem returned EAX=0x00000000 (success/other) rsp=0xFFFFF8052BE75438 exitCount=871600
[iommuret] hit #254: HalpIommuInitSystem returned EAX=0x00000000 (success/other) rsp=0xFFFFF8052BE75438 exitCount=871601
[iommuret] hit #255: HalpIommuInitSystem returned EAX=0x00000000 (success/other) rsp=0xFFFFF8052BE75438 exitCount=871602
[iommuret] hit #256: HalpIommuInitSystem returned EAX=0x00000000 (success/other) rsp=0xFFFFF8052BE75438 exitCount=871603
[iommuret] hit #257: HalpIommuInitSystem returned EAX=0x00000000 (success/other) rsp=0xFFFFF8052BE75438 exitCount=871604
[iommuret] hit #258: HalpIommuInitSystem returned EAX=0x00000000 (success/other) rsp=0xFFFFF8052BE75438 exitCount=871605
[iommuret] hit #259: HalpIommuInitSystem returned EAX=0x00000000 (success/other) rsp=0xFFFFF8052BE75438 exitCount=871606
[iommuret] hit #260: HalpIommuInitSystem returned EAX=0x00000000 (success/other) rsp=0xFFFFF8052BE75438 exitCount=871607
[iommuret] hit #261: HalpIommuInitSystem returned EAX=0x00000000 (success/other) rsp=0xFFFFF8052BE75438 exitCount=871608
[iommuret] hit #262: HalpIommuInitSystem returned EAX=0x00000000 (success/other) rsp=0xFFFFF8052BE75438 exitCount=871609
[iommuret] hit #263: HalpIommuInitSystem returned EAX=0x00000000 (success/other) rsp=0xFFFFF8052BE75438 exitCount=871610
[iommuret] hit #264: HalpIommuInitSystem returned EAX=0x00000000 (success/other) rsp=0xFFFFF8052BE75438 exitCount=871611
[iommuret] hit #265: HalpIommuInitSystem returned EAX=0x00000000 (success/other) rsp=0xFFFFF8052BE75438 exitCount=871612
[iommuret] hit #266: HalpIommuInitSystem returned EAX=0x00000000 (success/other) rsp=0xFFFFF8052BE75438 exitCount=871613
[iommuret] hit #267: HalpIommuInitSystem returned EAX=0x00000000 (success/other) rsp=0xFFFFF8052BE75438 exitCount=871614
[iommuret] hit #268: HalpIommuInitSystem returned EAX=0x00000000 (success/other) rsp=0xFFFFF8052BE75438 exitCount=871615
[iommuret] hit #269: HalpIommuInitSystem returned EAX=0x00000000 (success/other) rsp=0xFFFFF8052BE75438 exitCount=871616
[iommuret] hit #270: HalpIommuInitSystem returned EAX=0x00000000 (success/other) rsp=0xFFFFF8052BE75438 exitCount=871617
[iommuret] hit #271: HalpIommuInitSystem returned EAX=0x00000000 (success/other) rsp=0xFFFFF8052BE75438 exitCount=871618
[iommuret] hit #272: HalpIommuInitSystem returned EAX=0x00000000 (success/other) rsp=0xFFFFF8052BE75438 exitCount=871619
[iommuret] hit #273: HalpIommuInitSystem returned EAX=0x00000000 (success/other) rsp=0xFFFFF8052BE75438 exitCount=871620
[iommuret] hit #274: HalpIommuInitSystem returned EAX=0x00000000 (success/other) rsp=0xFFFFF8052BE75438 exitCount=871621
[iommuret] hit #275: HalpIommuInitSystem returned EAX=0x00000000 (success/other) rsp=0xFFFFF8052BE75438 exitCount=871622
[iommuret] hit #276: HalpIommuInitSystem returned EAX=0x00000000 (success/other) rsp=0xFFFFF8052BE75438 exitCount=871623
[iommuret] hit #277: HalpIommuInitSystem returned EAX=0x00000000 (success/other) rsp=0xFFFFF8052BE75438 exitCount=871624
[iommuret] hit #278: HalpIommuInitSystem returned EAX=0x00000000 (success/other) rsp=0xFFFFF8052BE75438 exitCount=871625
[iommuret] hit #279: HalpIommuInitSystem returned EAX=0x00000000 (success/other) rsp=0xFFFFF8052BE75438 exitCount=871626
[iommuret] hit #280: HalpIommuInitSystem returned EAX=0x00000000 (success/other) rsp=0xFFFFF8052BE75438 exitCount=871627
[iommuret] hit #281: HalpIommuInitSystem returned EAX=0x00000000 (success/other) rsp=0xFFFFF8052BE75438 exitCount=871628
[iommuret] hit #282: HalpIommuInitSystem returned EAX=0x00000000 (success/other) rsp=0xFFFFF8052BE75438 exitCount=871629
[iommuret] hit #283: HalpIommuInitSystem returned EAX=0x00000000 (success/other) rsp=0xFFFFF8052BE75438 exitCount=871630
[iommuret] hit #284: HalpIommuInitSystem returned EAX=0x00000000 (success/other) rsp=0xFFFFF8052BE75438 exitCount=871631
[iommuret] hit #285: HalpIommuInitSystem returned EAX=0x00000000 (success/other) rsp=0xFFFFF8052BE75438 exitCount=871632
[iommuret] hit #286: HalpIommuInitSystem returned EAX=0x00000000 (success/other) rsp=0xFFFFF8052BE75438 exitCount=871633
[iommuret] hit #287: HalpIommuInitSystem returned EAX=0x00000000 (success/other) rsp=0xFFFFF8052BE75438 exitCount=871634
[iommuret] hit #288: HalpIommuInitSystem returned EAX=0x00000000 (success/other) rsp=0xFFFFF8052BE75438 exitCount=871635
[iommuret] hit #289: HalpIommuInitSystem returned EAX=0x00000000 (success/other) rsp=0xFFFFF8052BE75438 exitCount=871636
[iommuret] hit #290: HalpIommuInitSystem returned EAX=0x00000000 (success/other) rsp=0xFFFFF8052BE75438 exitCount=871637
[iommuret] hit #291: HalpIommuInitSystem returned EAX=0x00000000 (success/other) rsp=0xFFFFF8052BE75438 exitCount=871638
[iommuret] hit #292: HalpIommuInitSystem returned EAX=0x00000000 (success/other) rsp=0xFFFFF8052BE75438 exitCount=871639
[iommuret] hit #293: HalpIommuInitSystem returned EAX=0x00000000 (success/other) rsp=0xFFFFF8052BE75438 exitCount=871640
[iommuret] hit #294: HalpIommuInitSystem returned EAX=0x00000000 (success/other) rsp=0xFFFFF8052BE75438 exitCount=871641
[iommuret] hit #295: HalpIommuInitSystem returned EAX=0x00000000 (success/other) rsp=0xFFFFF8052BE75438 exitCount=871642
[iommuret] hit #296: HalpIommuInitSystem returned EAX=0x00000000 (success/other) rsp=0xFFFFF8052BE75438 exitCount=871643
[iommuret] hit #297: HalpIommuInitSystem returned EAX=0x00000000 (success/other) rsp=0xFFFFF8052BE75438 exitCount=871644
[iommuret] hit #298: HalpIommuInitSystem returned EAX=0x00000000 (success/other) rsp=0xFFFFF8052BE75438 exitCount=871645
[iommuret] hit #299: HalpIommuInitSystem returned EAX=0x00000000 (success/other) rsp=0xFFFFF8052BE75438 exitCount=871646
[iommuret] hit #300: HalpIommuInitSystem returned EAX=0x00000000 (success/other) rsp=0xFFFFF8052BE75438 exitCount=871647
[iommuret] hit #301: HalpIommuInitSystem returned EAX=0x00000000 (success/other) rsp=0xFFFFF8052BE75438 exitCount=871648
[iommuret] hit #302: HalpIommuInitSystem returned EAX=0x00000000 (success/other) rsp=0xFFFFF8052BE75438 exitCount=871649
[iommuret] hit #303: HalpIommuInitSystem returned EAX=0x00000000 (success/other) rsp=0xFFFFF8052BE75438 exitCount=871650
[iommuret] hit #304: HalpIommuInitSystem returned EAX=0x00000000 (success/other) rsp=0xFFFFF8052BE75438 exitCount=871651
[iommuret] hit #305: HalpIommuInitSystem returned EAX=0x00000000 (success/other) rsp=0xFFFFF8052BE75438 exitCount=871652
[iommuret] hit #306: HalpIommuInitSystem returned EAX=0x00000000 (success/other) rsp=0xFFFFF8052BE75438 exitCount=871653
[iommuret] hit #307: HalpIommuInitSystem returned EAX=0x00000000 (success/other) rsp=0xFFFFF8052BE75438 exitCount=871654
[iommuret] hit #308: HalpIommuInitSystem returned EAX=0x00000000 (success/other) rsp=0xFFFFF8052BE75438 exitCount=871655
[iommuret] hit #309: HalpIommuInitSystem returned EAX=0x00000000 (success/other) rsp=0xFFFFF8052BE75438 exitCount=871656
[iommuret] hit #310: HalpIommuInitSystem returned EAX=0x00000000 (success/other) rsp=0xFFFFF8052BE75438 exitCount=871657
[iommuret] hit #311: HalpIommuInitSystem returned EAX=0x00000000 (success/other) rsp=0xFFFFF8052BE75438 exitCount=871658
[iommuret] hit #312: HalpIommuInitSystem returned EAX=0x00000000 (success/other) rsp=0xFFFFF8052BE75438 exitCount=871659
[iommuret] hit #313: HalpIommuInitSystem returned EAX=0x00000000 (success/other) rsp=0xFFFFF8052BE75438 exitCount=871660
[iommuret] hit #314: HalpIommuInitSystem returned EAX=0x00000000 (success/other) rsp=0xFFFFF8052BE75438 exitCount=871661
[iommuret] hit #315: HalpIommuInitSystem returned EAX=0x00000000 (success/other) rsp=0xFFFFF8052BE75438 exitCount=871662
[iommuret] hit #316: HalpIommuInitSystem returned EAX=0x00000000 (success/other) rsp=0xFFFFF8052BE75438 exitCount=871663
[iommuret] hit #317: HalpIommuInitSystem returned EAX=0x00000000 (success/other) rsp=0xFFFFF8052BE75438 exitCount=871664
[iommuret] hit #318: HalpIommuInitSystem returned EAX=0x00000000 (success/other) rsp=0xFFFFF8052BE75438 exitCount=871665
[iommuret] hit #319: HalpIommuInitSystem returned EAX=0x00000000 (success/other) rsp=0xFFFFF8052BE75438 exitCount=871666
[iommuret] hit #320: HalpIommuInitSystem returned EAX=0x00000000 (success/other) rsp=0xFFFFF8052BE75438 exitCount=871667
[iommuret] hit #321: HalpIommuInitSystem returned EAX=0x00000000 (success/other) rsp=0xFFFFF8052BE75438 exitCount=871668
[iommuret] hit #322: HalpIommuInitSystem returned EAX=0x00000000 (success/other) rsp=0xFFFFF8052BE75438 exitCount=871669
[iommuret] hit #323: HalpIommuInitSystem returned EAX=0x00000000 (success/other) rsp=0xFFFFF8052BE75438 exitCount=871670
[iommuret] hit #324: HalpIommuInitSystem returned EAX=0x00000000 (success/other) rsp=0xFFFFF8052BE75438 exitCount=871671
[iommuret] hit #325: HalpIommuInitSystem returned EAX=0x00000000 (success/other) rsp=0xFFFFF8052BE75438 exitCount=871672
[iommuret] hit #326: HalpIommuInitSystem returned EAX=0x00000000 (success/other) rsp=0xFFFFF8052BE75438 exitCount=871673
[iommuret] hit #327: HalpIommuInitSystem returned EAX=0x00000000 (success/other) rsp=0xFFFFF8052BE75438 exitCount=871674
[iommuret] hit #328: HalpIommuInitSystem returned EAX=0x00000000 (success/other) rsp=0xFFFFF8052BE75438 exitCount=871675
[iommuret] hit #329: HalpIommuInitSystem returned EAX=0x00000000 (success/other) rsp=0xFFFFF8052BE75438 exitCount=871676
[iommuret] hit #330: HalpIommuInitSystem returned EAX=0x00000000 (success/other) rsp=0xFFFFF8052BE75438 exitCount=871677
[iommuret] hit #331: HalpIommuInitSystem returned EAX=0x00000000 (success/other) rsp=0xFFFFF8052BE75438 exitCount=871678
[iommuret] hit #332: HalpIommuInitSystem returned EAX=0x00000000 (success/other) rsp=0xFFFFF8052BE75438 exitCount=871679
[iommuret] hit #333: HalpIommuInitSystem returned EAX=0x00000000 (success/other) rsp=0xFFFFF8052BE75438 exitCount=871680
[iommuret] hit #334: HalpIommuInitSystem returned EAX=0x00000000 (success/other) rsp=0xFFFFF8052BE75438 exitCount=871681
[iommuret] hit #335: HalpIommuInitSystem returned EAX=0x00000000 (success/other) rsp=0xFFFFF8052BE75438 exitCount=871682
[iommuret] hit #336: HalpIommuInitSystem returned EAX=0x00000000 (success/other) rsp=0xFFFFF8052BE75438 exitCount=871683
[iommuret] hit #337: HalpIommuInitSystem returned EAX=0x00000000 (success/other) rsp=0xFFFFF8052BE75438 exitCount=871684
[iommuret] hit #338: HalpIommuInitSystem returned EAX=0x00000000 (success/other) rsp=0xFFFFF8052BE75438 exitCount=871685
[iommuret] hit #339: HalpIommuInitSystem returned EAX=0x00000000 (success/other) rsp=0xFFFFF8052BE75438 exitCount=871686
[iommuret] hit #340: HalpIommuInitSystem returned EAX=0x00000000 (success/other) rsp=0xFFFFF8052BE75438 exitCount=871687
[iommuret] hit #341: HalpIommuInitSystem returned EAX=0x00000000 (success/other) rsp=0xFFFFF8052BE75438 exitCount=871688
[iommuret] hit #342: HalpIommuInitSystem returned EAX=0x00000000 (success/other) rsp=0xFFFFF8052BE75438 exitCount=871689
[iommuret] hit #343: HalpIommuInitSystem returned EAX=0x00000000 (success/other) rsp=0xFFFFF8052BE75438 exitCount=871690
[iommuret] hit #344: HalpIommuInitSystem returned EAX=0x00000000 (success/other) rsp=0xFFFFF8052BE75438 exitCount=871691
[iommuret] hit #345: HalpIommuInitSystem returned EAX=0x00000000 (success/other) rsp=0xFFFFF8052BE75438 exitCount=871692
[iommuret] hit #346: HalpIommuInitSystem returned EAX=0x00000000 (success/other) rsp=0xFFFFF8052BE75438 exitCount=871693
[iommuret] hit #347: HalpIommuInitSystem returned EAX=0x00000000 (success/other) rsp=0xFFFFF8052BE75438 exitCount=871694
[iommuret] hit #348: HalpIommuInitSystem returned EAX=0x00000000 (success/other) rsp=0xFFFFF8052BE75438 exitCount=871695
[iommuret] hit #349: HalpIommuInitSystem returned EAX=0x00000000 (success/other) rsp=0xFFFFF8052BE75438 exitCount=871696
[iommuret] hit #350: HalpIommuInitSystem returned EAX=0x00000000 (success/other) rsp=0xFFFFF8052BE75438 exitCount=871697
[iommuret] hit #351: HalpIommuInitSystem returned EAX=0x00000000 (success/other) rsp=0xFFFFF8052BE75438 exitCount=871698
[iommuret] hit #352: HalpIommuInitSystem returned EAX=0x00000000 (success/other) rsp=0xFFFFF8052BE75438 exitCount=871699
[iommuret] hit #353: HalpIommuInitSystem returned EAX=0x00000000 (success/other) rsp=0xFFFFF8052BE75438 exitCount=871700
[iommuret] hit #354: HalpIommuInitSystem returned EAX=0x00000000 (success/other) rsp=0xFFFFF8052BE75438 exitCount=871701
[iommuret] hit #355: HalpIommuInitSystem returned EAX=0x00000000 (success/other) rsp=0xFFFFF8052BE75438 exitCount=871702
[iommuret] hit #356: HalpIommuInitSystem returned EAX=0x00000000 (success/other) rsp=0xFFFFF8052BE75438 exitCount=871703
[iommuret] hit #357: HalpIommuInitSystem returned EAX=0x00000000 (success/other) rsp=0xFFFFF8052BE75438 exitCount=871704
[iommuret] hit #358: HalpIommuInitSystem returned EAX=0x00000000 (success/other) rsp=0xFFFFF8052BE75438 exitCount=871705
[iommuret] hit #359: HalpIommuInitSystem returned EAX=0x00000000 (success/other) rsp=0xFFFFF8052BE75438 exitCount=871706
[iommuret] hit #360: HalpIommuInitSystem returned EAX=0x00000000 (success/other) rsp=0xFFFFF8052BE75438 exitCount=871707
[iommuret] hit #361: HalpIommuInitSystem returned EAX=0x00000000 (success/other) rsp=0xFFFFF8052BE75438 exitCount=871708
[iommuret] hit #362: HalpIommuInitSystem returned EAX=0x00000000 (success/other) rsp=0xFFFFF8052BE75438 exitCount=871709
[iommuret] hit #363: HalpIommuInitSystem returned EAX=0x00000000 (success/other) rsp=0xFFFFF8052BE75438 exitCount=871710
[iommuret] hit #364: HalpIommuInitSystem returned EAX=0x00000000 (success/other) rsp=0xFFFFF8052BE75438 exitCount=871711
[iommuret] hit #365: HalpIommuInitSystem returned EAX=0x00000000 (success/other) rsp=0xFFFFF8052BE75438 exitCount=871712
[iommuret] hit #366: HalpIommuInitSystem returned EAX=0x00000000 (success/other) rsp=0xFFFFF8052BE75438 exitCount=871713
[iommuret] hit #367: HalpIommuInitSystem returned EAX=0x00000000 (success/other) rsp=0xFFFFF8052BE75438 exitCount=871714
[iommuret] hit #368: HalpIommuInitSystem returned EAX=0x00000000 (success/other) rsp=0xFFFFF8052BE75438 exitCount=871715
[iommuret] hit #369: HalpIommuInitSystem returned EAX=0x00000000 (success/other) rsp=0xFFFFF8052BE75438 exitCount=871716
[iommuret] hit #370: HalpIommuInitSystem returned EAX=0x00000000 (success/other) rsp=0xFFFFF8052BE75438 exitCount=871717
[iommuret] hit #371: HalpIommuInitSystem returned EAX=0x00000000 (success/other) rsp=0xFFFFF8052BE75438 exitCount=871718
[iommuret] hit #372: HalpIommuInitSystem returned EAX=0x00000000 (success/other) rsp=0xFFFFF8052BE75438 exitCount=871719
[iommuret] hit #373: HalpIommuInitSystem returned EAX=0x00000000 (success/other) rsp=0xFFFFF8052BE75438 exitCount=871720
[iommuret] hit #374: HalpIommuInitSystem returned EAX=0x00000000 (success/other) rsp=0xFFFFF8052BE75438 exitCount=871721
[iommuret] hit #375: HalpIommuInitSystem returned EAX=0x00000000 (success/other) rsp=0xFFFFF8052BE75438 exitCount=871722
[iommuret] hit #376: HalpIommuInitSystem returned EAX=0x00000000 (success/other) rsp=0xFFFFF8052BE75438 exitCount=871723
[iommuret] hit #377: HalpIommuInitSystem returned EAX=0x00000000 (success/other) rsp=0xFFFFF8052BE75438 exitCount=871724
[iommuret] hit #378: HalpIommuInitSystem returned EAX=0x00000000 (success/other) rsp=0xFFFFF8052BE75438 exitCount=871725
[iommuret] hit #379: HalpIommuInitSystem returned EAX=0x00000000 (success/other) rsp=0xFFFFF8052BE75438 exitCount=871726
[iommuret] hit #380: HalpIommuInitSystem returned EAX=0x00000000 (success/other) rsp=0xFFFFF8052BE75438 exitCount=871727
[iommuret] hit #381: HalpIommuInitSystem returned EAX=0x00000000 (success/other) rsp=0xFFFFF8052BE75438 exitCount=871728
[iommuret] hit #382: HalpIommuInitSystem returned EAX=0x00000000 (success/other) rsp=0xFFFFF8052BE75438 exitCount=871729
[iommuret] hit #383: HalpIommuInitSystem returned EAX=0x00000000 (success/other) rsp=0xFFFFF8052BE75438 exitCount=871730
[iommuret] hit #384: HalpIommuInitSystem returned EAX=0x00000000 (success/other) rsp=0xFFFFF8052BE75438 exitCount=871731
[iommuret] hit #385: HalpIommuInitSystem returned EAX=0x00000000 (success/other) rsp=0xFFFFF8052BE75438 exitCount=871732
[iommuret] hit #386: HalpIommuInitSystem returned EAX=0x00000000 (success/other) rsp=0xFFFFF8052BE75438 exitCount=871733
[iommuret] hit #387: HalpIommuInitSystem returned EAX=0x00000000 (success/other) rsp=0xFFFFF8052BE75438 exitCount=871734
[iommuret] hit #388: HalpIommuInitSystem returned EAX=0x00000000 (success/other) rsp=0xFFFFF8052BE75438 exitCount=871735
[iommuret] hit #389: HalpIommuInitSystem returned EAX=0x00000000 (success/other) rsp=0xFFFFF8052BE75438 exitCount=871736
[iommuret] hit #390: HalpIommuInitSystem returned EAX=0x00000000 (success/other) rsp=0xFFFFF8052BE75438 exitCount=871737
[iommuret] hit #391: HalpIommuInitSystem returned EAX=0x00000000 (success/other) rsp=0xFFFFF8052BE75438 exitCount=871738
[iommuret] hit #392: HalpIommuInitSystem returned EAX=0x00000000 (success/other) rsp=0xFFFFF8052BE75438 exitCount=871739
[iommuret] hit #393: HalpIommuInitSystem returned EAX=0x00000000 (success/other) rsp=0xFFFFF8052BE75438 exitCount=871740
[iommuret] hit #394: HalpIommuInitSystem returned EAX=0x00000000 (success/other) rsp=0xFFFFF8052BE75438 exitCount=871741
[iommuret] hit #395: HalpIommuInitSystem returned EAX=0x00000000 (success/other) rsp=0xFFFFF8052BE75438 exitCount=871742
[iommuret] hit #396: HalpIommuInitSystem returned EAX=0x00000000 (success/other) rsp=0xFFFFF8052BE75438 exitCount=871743
[iommuret] hit #397: HalpIommuInitSystem returned EAX=0x00000000 (success/other) rsp=0xFFFFF8052BE75438 exitCount=871744
[iommuret] hit #398: HalpIommuInitSystem returned EAX=0x00000000 (success/other) rsp=0xFFFFF8052BE75438 exitCount=871745
[iommuret] hit #399: HalpIommuInitSystem returned EAX=0x00000000 (success/other) rsp=0xFFFFF8052BE75438 exitCount=871746
[iommuret] hit #400: HalpIommuInitSystem returned EAX=0x00000000 (success/other) rsp=0xFFFFF8052BE75438 exitCount=871747
[iommuret] hit #401: HalpIommuInitSystem returned EAX=0x00000000 (success/other) rsp=0xFFFFF8052BE75438 exitCount=871748
[iommuret] hit #402: HalpIommuInitSystem returned EAX=0x00000000 (success/other) rsp=0xFFFFF8052BE75438 exitCount=871749
[iommuret] hit #403: HalpIommuInitSystem returned EAX=0x00000000 (success/other) rsp=0xFFFFF8052BE75438 exitCount=871750
[iommuret] hit #404: HalpIommuInitSystem returned EAX=0x00000000 (success/other) rsp=0xFFFFF8052BE75438 exitCount=871751
[iommuret] hit #405: HalpIommuInitSystem returned EAX=0x00000000 (success/other) rsp=0xFFFFF8052BE75438 exitCount=871752
[iommuret] hit #406: HalpIommuInitSystem returned EAX=0x00000000 (success/other) rsp=0xFFFFF8052BE75438 exitCount=871753
[iommuret] hit #407: HalpIommuInitSystem returned EAX=0x00000000 (success/other) rsp=0xFFFFF8052BE75438 exitCount=871754
[iommuret] hit #408: HalpIommuInitSystem returned EAX=0x00000000 (success/other) rsp=0xFFFFF8052BE75438 exitCount=871755
[iommuret] hit #409: HalpIommuInitSystem returned EAX=0x00000000 (success/other) rsp=0xFFFFF8052BE75438 exitCount=871756
[iommuret] hit #410: HalpIommuInitSystem returned EAX=0x00000000 (success/other) rsp=0xFFFFF8052BE75438 exitCount=871757
[iommuret] hit #411: HalpIommuInitSystem returned EAX=0x00000000 (success/other) rsp=0xFFFFF8052BE75438 exitCount=871758
[iommuret] hit #412: HalpIommuInitSystem returned EAX=0x00000000 (success/other) rsp=0xFFFFF8052BE75438 exitCount=871759
[iommuret] hit #413: HalpIommuInitSystem returned EAX=0x00000000 (success/other) rsp=0xFFFFF8052BE75438 exitCount=871760
[iommuret] hit #414: HalpIommuInitSystem returned EAX=0x00000000 (success/other) rsp=0xFFFFF8052BE75438 exitCount=871761
[iommuret] hit #415: HalpIommuInitSystem returned EAX=0x00000000 (success/other) rsp=0xFFFFF8052BE75438 exitCount=871762
[iommuret] hit #416: HalpIommuInitSystem returned EAX=0x00000000 (success/other) rsp=0xFFFFF8052BE75438 exitCount=871763
[iommuret] hit #417: HalpIommuInitSystem returned EAX=0x00000000 (success/other) rsp=0xFFFFF8052BE75438 exitCount=871764
[iommuret] hit #418: HalpIommuInitSystem returned EAX=0x00000000 (success/other) rsp=0xFFFFF8052BE75438 exitCount=871765
[iommuret] hit #419: HalpIommuInitSystem returned EAX=0x00000000 (success/other) rsp=0xFFFFF8052BE75438 exitCount=871766
[iommuret] hit #420: HalpIommuInitSystem returned EAX=0x00000000 (success/other) rsp=0xFFFFF8052BE75438 exitCount=871767
[iommuret] hit #421: HalpIommuInitSystem returned EAX=0x00000000 (success/other) rsp=0xFFFFF8052BE75438 exitCount=871768
[iommuret] hit #422: HalpIommuInitSystem returned EAX=0x00000000 (success/other) rsp=0xFFFFF8052BE75438 exitCount=871769
[iommuret] hit #423: HalpIommuInitSystem returned EAX=0x00000000 (success/other) rsp=0xFFFFF8052BE75438 exitCount=871770
[iommuret] hit #424: HalpIommuInitSystem returned EAX=0x00000000 (success/other) rsp=0xFFFFF8052BE75438 exitCount=871771
[iommuret] hit #425: HalpIommuInitSystem returned EAX=0x00000000 (success/other) rsp=0xFFFFF8052BE75438 exitCount=871772
[iommuret] hit #426: HalpIommuInitSystem returned EAX=0x00000000 (success/other) rsp=0xFFFFF8052BE75438 exitCount=871773
[iommuret] hit #427: HalpIommuInitSystem returned EAX=0x00000000 (success/other) rsp=0xFFFFF8052BE75438 exitCount=871774
[iommuret] hit #428: HalpIommuInitSystem returned EAX=0x00000000 (success/other) rsp=0xFFFFF8052BE75438 exitCount=871775
[iommuret] hit #429: HalpIommuInitSystem returned EAX=0x00000000 (success/other) rsp=0xFFFFF8052BE75438 exitCount=871776
[iommuret] hit #430: HalpIommuInitSystem returned EAX=0x00000000 (success/other) rsp=0xFFFFF8052BE75438 exitCount=871777
[iommuret] hit #431: HalpIommuInitSystem returned EAX=0x00000000 (success/other) rsp=0xFFFFF8052BE75438 exitCount=871778
[iommuret] hit #432: HalpIommuInitSystem returned EAX=0x00000000 (success/other) rsp=0xFFFFF8052BE75438 exitCount=871779
[iommuret] hit #433: HalpIommuInitSystem returned EAX=0x00000000 (success/other) rsp=0xFFFFF8052BE75438 exitCount=871780
[iommuret] hit #434: HalpIommuInitSystem returned EAX=0x00000000 (success/other) rsp=0xFFFFF8052BE75438 exitCount=871781
[iommuret] hit #435: HalpIommuInitSystem returned EAX=0x00000000 (success/other) rsp=0xFFFFF8052BE75438 exitCount=871782
[iommuret] hit #436: HalpIommuInitSystem returned EAX=0x00000000 (success/other) rsp=0xFFFFF8052BE75438 exitCount=871783
[iommuret] hit #437: HalpIommuInitSystem returned EAX=0x00000000 (success/other) rsp=0xFFFFF8052BE75438 exitCount=871784
[iommuret] hit #438: HalpIommuInitSystem returned EAX=0x00000000 (success/other) rsp=0xFFFFF8052BE75438 exitCount=871785
[iommuret] hit #439: HalpIommuInitSystem returned EAX=0x00000000 (success/other) rsp=0xFFFFF8052BE75438 exitCount=871786
[iommuret] hit #440: HalpIommuInitSystem returned EAX=0x00000000 (success/other) rsp=0xFFFFF8052BE75438 exitCount=871787
[iommuret] hit #441: HalpIommuInitSystem returned EAX=0x00000000 (success/other) rsp=0xFFFFF8052BE75438 exitCount=871788
[iommuret] hit #442: HalpIommuInitSystem returned EAX=0x00000000 (success/other) rsp=0xFFFFF8052BE75438 exitCount=871789
[iommuret] hit #443: HalpIommuInitSystem returned EAX=0x00000000 (success/other) rsp=0xFFFFF8052BE75438 exitCount=871790
[iommuret] hit #444: HalpIommuInitSystem returned EAX=0x00000000 (success/other) rsp=0xFFFFF8052BE75438 exitCount=871791
[iommuret] hit #445: HalpIommuInitSystem returned EAX=0x00000000 (success/other) rsp=0xFFFFF8052BE75438 exitCount=871792
[iommuret] hit #446: HalpIommuInitSystem returned EAX=0x00000000 (success/other) rsp=0xFFFFF8052BE75438 exitCount=871793
[iommuret] hit #447: HalpIommuInitSystem returned EAX=0x00000000 (success/other) rsp=0xFFFFF8052BE75438 exitCount=871794
[iommuret] hit #448: HalpIommuInitSystem returned EAX=0x00000000 (success/other) rsp=0xFFFFF8052BE75438 exitCount=871795
[iommuret] hit #449: HalpIommuInitSystem returned EAX=0x00000000 (success/other) rsp=0xFFFFF8052BE75438 exitCount=871796
[iommuret] hit #450: HalpIommuInitSystem returned EAX=0x00000000 (success/other) rsp=0xFFFFF8052BE75438 exitCount=871797
[iommuret] hit #451: HalpIommuInitSystem returned EAX=0x00000000 (success/other) rsp=0xFFFFF8052BE75438 exitCount=871798
[iommuret] hit #452: HalpIommuInitSystem returned EAX=0x00000000 (success/other) rsp=0xFFFFF8052BE75438 exitCount=871799
[iommuret] hit #453: HalpIommuInitSystem returned EAX=0x00000000 (success/other) rsp=0xFFFFF8052BE75438 exitCount=871800
[iommuret] hit #454: HalpIommuInitSystem returned EAX=0x00000000 (success/other) rsp=0xFFFFF8052BE75438 exitCount=871801
[iommuret] hit #455: HalpIommuInitSystem returned EAX=0x00000000 (success/other) rsp=0xFFFFF8052BE75438 exitCount=871802
[iommuret] hit #456: HalpIommuInitSystem returned EAX=0x00000000 (success/other) rsp=0xFFFFF8052BE75438 exitCount=871803
[iommuret] hit #457: HalpIommuInitSystem returned EAX=0x00000000 (success/other) rsp=0xFFFFF8052BE75438 exitCount=871804
[iommuret] hit #458: HalpIommuInitSystem returned EAX=0x00000000 (success/other) rsp=0xFFFFF8052BE75438 exitCount=871805
[iommuret] hit #459: HalpIommuInitSystem returned EAX=0x00000000 (success/other) rsp=0xFFFFF8052BE75438 exitCount=871806
[iommuret] hit #460: HalpIommuInitSystem returned EAX=0x00000000 (success/other) rsp=0xFFFFF8052BE75438 exitCount=871807
[iommuret] hit #461: HalpIommuInitSystem returned EAX=0x00000000 (success/other) rsp=0xFFFFF8052BE75438 exitCount=871808
[iommuret] hit #462: HalpIommuInitSystem returned EAX=0x00000000 (success/other) rsp=0xFFFFF8052BE75438 exitCount=871809
[iommuret] hit #463: HalpIommuInitSystem returned EAX=0x00000000 (success/other) rsp=0xFFFFF8052BE75438 exitCount=871810
[iommuret] hit #464: HalpIommuInitSystem returned EAX=0x00000000 (success/other) rsp=0xFFFFF8052BE75438 exitCount=871811
[iommuret] hit #465: HalpIommuInitSystem returned EAX=0x00000000 (success/other) rsp=0xFFFFF8052BE75438 exitCount=871812
[iommuret] hit #466: HalpIommuInitSystem returned EAX=0x00000000 (success/other) rsp=0xFFFFF8052BE75438 exitCount=871813
[iommuret] hit #467: HalpIommuInitSystem returned EAX=0x00000000 (success/other) rsp=0xFFFFF8052BE75438 exitCount=871814
[iommuret] hit #468: HalpIommuInitSystem returned EAX=0x00000000 (success/other) rsp=0xFFFFF8052BE75438 exitCount=871815
[iommuret] hit #469: HalpIommuInitSystem returned EAX=0x00000000 (success/other) rsp=0xFFFFF8052BE75438 exitCount=871816
[iommuret] hit #470: HalpIommuInitSystem returned EAX=0x00000000 (success/other) rsp=0xFFFFF8052BE75438 exitCount=871817
[iommuret] hit #471: HalpIommuInitSystem returned EAX=0x00000000 (success/other) rsp=0xFFFFF8052BE75438 exitCount=871818
[iommuret] hit #472: HalpIommuInitSystem returned EAX=0x00000000 (success/other) rsp=0xFFFFF8052BE75438 exitCount=871819
[iommuret] hit #473: HalpIommuInitSystem returned EAX=0x00000000 (success/other) rsp=0xFFFFF8052BE75438 exitCount=871820
[iommuret] hit #474: HalpIommuInitSystem returned EAX=0x00000000 (success/other) rsp=0xFFFFF8052BE75438 exitCount=871821
[iommuret] hit #475: HalpIommuInitSystem returned EAX=0x00000000 (success/other) rsp=0xFFFFF8052BE75438 exitCount=871822
[iommuret] hit #476: HalpIommuInitSystem returned EAX=0x00000000 (success/other) rsp=0xFFFFF8052BE75438 exitCount=871823
[iommuret] hit #477: HalpIommuInitSystem returned EAX=0x00000000 (success/other) rsp=0xFFFFF8052BE75438 exitCount=871824
[iommuret] hit #478: HalpIommuInitSystem returned EAX=0x00000000 (success/other) rsp=0xFFFFF8052BE75438 exitCount=871825
[iommuret] hit #479: HalpIommuInitSystem returned EAX=0x00000000 (success/other) rsp=0xFFFFF8052BE75438 exitCount=871826
[iommuret] hit #480: HalpIommuInitSystem returned EAX=0x00000000 (success/other) rsp=0xFFFFF8052BE75438 exitCount=871827
[iommuret] hit #481: HalpIommuInitSystem returned EAX=0x00000000 (success/other) rsp=0xFFFFF8052BE75438 exitCount=871828
[iommuret] hit #482: HalpIommuInitSystem returned EAX=0x00000000 (success/other) rsp=0xFFFFF8052BE75438 exitCount=871829
[iommuret] hit #483: HalpIommuInitSystem returned EAX=0x00000000 (success/other) rsp=0xFFFFF8052BE75438 exitCount=871830
[iommuret] hit #484: HalpIommuInitSystem returned EAX=0x00000000 (success/other) rsp=0xFFFFF8052BE75438 exitCount=871831
[iommuret] hit #485: HalpIommuInitSystem returned EAX=0x00000000 (success/other) rsp=0xFFFFF8052BE75438 exitCount=871832
[iommuret] hit #486: HalpIommuInitSystem returned EAX=0x00000000 (success/other) rsp=0xFFFFF8052BE75438 exitCount=871833
[iommuret] hit #487: HalpIommuInitSystem returned EAX=0x00000000 (success/other) rsp=0xFFFFF8052BE75438 exitCount=871834
[iommuret] hit #488: HalpIommuInitSystem returned EAX=0x00000000 (success/other) rsp=0xFFFFF8052BE75438 exitCount=871835
[iommuret] hit #489: HalpIommuInitSystem returned EAX=0x00000000 (success/other) rsp=0xFFFFF8052BE75438 exitCount=871836
[iommuret] hit #490: HalpIommuInitSystem returned EAX=0x00000000 (success/other) rsp=0xFFFFF8052BE75438 exitCount=871837
[iommuret] hit #491: HalpIommuInitSystem returned EAX=0x00000000 (success/other) rsp=0xFFFFF8052BE75438 exitCount=871838
[iommuret] hit #492: HalpIommuInitSystem returned EAX=0x00000000 (success/other) rsp=0xFFFFF8052BE75438 exitCount=871839
[iommuret] hit #493: HalpIommuInitSystem returned EAX=0x00000000 (success/other) rsp=0xFFFFF8052BE75438 exitCount=871840
[iommuret] hit #494: HalpIommuInitSystem returned EAX=0x00000000 (success/other) rsp=0xFFFFF8052BE75438 exitCount=871841
[iommuret] hit #495: HalpIommuInitSystem returned EAX=0x00000000 (success/other) rsp=0xFFFFF8052BE75438 exitCount=871842
[iommuret] hit #496: HalpIommuInitSystem returned EAX=0x00000000 (success/other) rsp=0xFFFFF8052BE75438 exitCount=871843
[iommuret] hit #497: HalpIommuInitSystem returned EAX=0x00000000 (success/other) rsp=0xFFFFF8052BE75438 exitCount=871844
[iommuret] hit #498: HalpIommuInitSystem returned EAX=0x00000000 (success/other) rsp=0xFFFFF8052BE75438 exitCount=871845
[iommuret] hit #499: HalpIommuInitSystem returned EAX=0x00000000 (success/other) rsp=0xFFFFF8052BE75438 exitCount=871846
[iommuret] hit #500: HalpIommuInitSystem returned EAX=0x00000000 (success/other) rsp=0xFFFFF8052BE75438 exitCount=871847
[iommuret] hit #501: HalpIommuInitSystem returned EAX=0x00000000 (success/other) rsp=0xFFFFF8052BE75438 exitCount=871848
[iommuret] hit #502: HalpIommuInitSystem returned EAX=0x00000000 (success/other) rsp=0xFFFFF8052BE75438 exitCount=871849
[iommuret] hit #503: HalpIommuInitSystem returned EAX=0x00000000 (success/other) rsp=0xFFFFF8052BE75438 exitCount=871850
[iommuret] hit #504: HalpIommuInitSystem returned EAX=0x00000000 (success/other) rsp=0xFFFFF8052BE75438 exitCount=871851
[iommuret] hit #505: HalpIommuInitSystem returned EAX=0x00000000 (success/other) rsp=0xFFFFF8052BE75438 exitCount=871852
[iommuret] hit #506: HalpIommuInitSystem returned EAX=0x00000000 (success/other) rsp=0xFFFFF8052BE75438 exitCount=871853
[iommuret] hit #507: HalpIommuInitSystem returned EAX=0x00000000 (success/other) rsp=0xFFFFF8052BE75438 exitCount=871854
[iommuret] hit #508: HalpIommuInitSystem returned EAX=0x00000000 (success/other) rsp=0xFFFFF8052BE75438 exitCount=871855
[iommuret] hit #509: HalpIommuInitSystem returned EAX=0x00000000 (success/other) rsp=0xFFFFF8052BE75438 exitCount=871856
[iommuret] hit #510: HalpIommuInitSystem returned EAX=0x00000000 (success/other) rsp=0xFFFFF8052BE75438 exitCount=871857
[iommuret] hit #511: HalpIommuInitSystem returned EAX=0x00000000 (success/other) rsp=0xFFFFF8052BE75438 exitCount=871858
[iommuret] hit #512: HalpIommuInitSystem returned EAX=0x00000000 (success/other) rsp=0xFFFFF8052BE75438 exitCount=871859
[iommuret] hit #513: HalpIommuInitSystem returned EAX=0x00000000 (success/other) rsp=0xFFFFF8052BE75438 exitCount=871860
[iommuret] hit #514: HalpIommuInitSystem returned EAX=0x00000000 (success/other) rsp=0xFFFFF8052BE75438 exitCount=871861
[iommuret] hit #515: HalpIommuInitSystem returned EAX=0x00000000 (success/other) rsp=0xFFFFF8052BE75438 exitCount=871862
[iommuret] hit #516: HalpIommuInitSystem returned EAX=0x00000000 (success/other) rsp=0xFFFFF8052BE75438 exitCount=871863
[iommuret] hit #517: HalpIommuInitSystem returned EAX=0x00000000 (success/other) rsp=0xFFFFF8052BE75438 exitCount=871864
[iommuret] hit #518: HalpIommuInitSystem returned EAX=0x00000000 (success/other) rsp=0xFFFFF8052BE75438 exitCount=871865
[iommuret] hit #519: HalpIommuInitSystem returned EAX=0x00000000 (success/other) rsp=0xFFFFF8052BE75438 exitCount=871866
[iommuret] hit #520: HalpIommuInitSystem returned EAX=0x00000000 (success/other) rsp=0xFFFFF8052BE75438 exitCount=871867
[iommuret] hit #521: HalpIommuInitSystem returned EAX=0x00000000 (success/other) rsp=0xFFFFF8052BE75438 exitCount=871868
[iommuret] hit #522: HalpIommuInitSystem returned EAX=0x00000000 (success/other) rsp=0xFFFFF8052BE75438 exitCount=871869
[iommuret] hit #523: HalpIommuInitSystem returned EAX=0x00000000 (success/other) rsp=0xFFFFF8052BE75438 exitCount=871870
[iommuret] hit #524: HalpIommuInitSystem returned EAX=0x00000000 (success/other) rsp=0xFFFFF8052BE75438 exitCount=871871
[iommuret] hit #525: HalpIommuInitSystem returned EAX=0x00000000 (success/other) rsp=0xFFFFF8052BE75438 exitCount=871872
[iommuret] hit #526: HalpIommuInitSystem returned EAX=0x00000000 (success/other) rsp=0xFFFFF8052BE75438 exitCount=871873
[iommuret] hit #527: HalpIommuInitSystem returned EAX=0x00000000 (success/other) rsp=0xFFFFF8052BE75438 exitCount=871874
[iommuret] hit #528: HalpIommuInitSystem returned EAX=0x00000000 (success/other) rsp=0xFFFFF8052BE75438 exitCount=871875
[iommuret] hit #529: HalpIommuInitSystem returned EAX=0x00000000 (success/other) rsp=0xFFFFF8052BE75438 exitCount=871876
[iommuret] hit #530: HalpIommuInitSystem returned EAX=0x00000000 (success/other) rsp=0xFFFFF8052BE75438 exitCount=871877
[iommuret] hit #531: HalpIommuInitSystem returned EAX=0x00000000 (success/other) rsp=0xFFFFF8052BE75438 exitCount=871878
[iommuret] hit #532: HalpIommuInitSystem returned EAX=0x00000000 (success/other) rsp=0xFFFFF8052BE75438 exitCount=871879
[iommuret] hit #533: HalpIommuInitSystem returned EAX=0x00000000 (success/other) rsp=0xFFFFF8052BE75438 exitCount=871880
[iommuret] hit #534: HalpIommuInitSystem returned EAX=0x00000000 (success/other) rsp=0xFFFFF8052BE75438 exitCount=871881
[iommuret] hit #535: HalpIommuInitSystem returned EAX=0x00000000 (success/other) rsp=0xFFFFF8052BE75438 exitCount=871882
[iommuret] hit #536: HalpIommuInitSystem returned EAX=0x00000000 (success/other) rsp=0xFFFFF8052BE75438 exitCount=871883
[iommuret] hit #537: HalpIommuInitSystem returned EAX=0x00000000 (success/other) rsp=0xFFFFF8052BE75438 exitCount=871884
[iommuret] hit #538: HalpIommuInitSystem returned EAX=0x00000000 (success/other) rsp=0xFFFFF8052BE75438 exitCount=871885
[iommuret] hit #539: HalpIommuInitSystem returned EAX=0x00000000 (success/other) rsp=0xFFFFF8052BE75438 exitCount=871886
[iommuret] hit #540: HalpIommuInitSystem returned EAX=0x00000000 (success/other) rsp=0xFFFFF8052BE75438 exitCount=871887
[iommuret] hit #541: HalpIommuInitSystem returned EAX=0x00000000 (success/other) rsp=0xFFFFF8052BE75438 exitCount=871888
[iommuret] hit #542: HalpIommuInitSystem returned EAX=0x00000000 (success/other) rsp=0xFFFFF8052BE75438 exitCount=871889
[iommuret] hit #543: HalpIommuInitSystem returned EAX=0x00000000 (success/other) rsp=0xFFFFF8052BE75438 exitCount=871890
[iommuret] hit #544: HalpIommuInitSystem returned EAX=0x00000000 (success/other) rsp=0xFFFFF8052BE75438 exitCount=871891
[iommuret] hit #545: HalpIommuInitSystem returned EAX=0x00000000 (success/other) rsp=0xFFFFF8052BE75438 exitCount=871892
[iommuret] hit #546: HalpIommuInitSystem returned EAX=0x00000000 (success/other) rsp=0xFFFFF8052BE75438 exitCount=871893
[iommuret] hit #547: HalpIommuInitSystem returned EAX=0x00000000 (success/other) rsp=0xFFFFF8052BE75438 exitCount=871894
[iommuret] hit #548: HalpIommuInitSystem returned EAX=0x00000000 (success/other) rsp=0xFFFFF8052BE75438 exitCount=871895
[iommuret] hit #549: HalpIommuInitSystem returned EAX=0x00000000 (success/other) rsp=0xFFFFF8052BE75438 exitCount=871896
[iommuret] hit #550: HalpIommuInitSystem returned EAX=0x00000000 (success/other) rsp=0xFFFFF8052BE75438 exitCount=871897
[iommuret] hit #551: HalpIommuInitSystem returned EAX=0x00000000 (success/other) rsp=0xFFFFF8052BE75438 exitCount=871898
[iommuret] hit #552: HalpIommuInitSystem returned EAX=0x00000000 (success/other) rsp=0xFFFFF8052BE75438 exitCount=871899
[iommuret] hit #553: HalpIommuInitSystem returned EAX=0x00000000 (success/other) rsp=0xFFFFF8052BE75438 exitCount=871900
[iommuret] hit #554: HalpIommuInitSystem returned EAX=0x00000000 (success/other) rsp=0xFFFFF8052BE75438 exitCount=871901
[iommuret] hit #555: HalpIommuInitSystem returned EAX=0x00000000 (success/other) rsp=0xFFFFF8052BE75438 exitCount=871902
[iommuret] hit #556: HalpIommuInitSystem returned EAX=0x00000000 (success/other) rsp=0xFFFFF8052BE75438 exitCount=871903
[iommuret] hit #557: HalpIommuInitSystem returned EAX=0x00000000 (success/other) rsp=0xFFFFF8052BE75438 exitCount=871904
[iommuret] hit #558: HalpIommuInitSystem returned EAX=0x00000000 (success/other) rsp=0xFFFFF8052BE75438 exitCount=871905
[iommuret] hit #559: HalpIommuInitSystem returned EAX=0x00000000 (success/other) rsp=0xFFFFF8052BE75438 exitCount=871906
[iommuret] hit #560: HalpIommuInitSystem returned EAX=0x00000000 (success/other) rsp=0xFFFFF8052BE75438 exitCount=871907
[iommuret] hit #561: HalpIommuInitSystem returned EAX=0x00000000 (success/other) rsp=0xFFFFF8052BE75438 exitCount=871908
[iommuret] hit #562: HalpIommuInitSystem returned EAX=0x00000000 (success/other) rsp=0xFFFFF8052BE75438 exitCount=871909
[iommuret] hit #563: HalpIommuInitSystem returned EAX=0x00000000 (success/other) rsp=0xFFFFF8052BE75438 exitCount=871910
[iommuret] hit #564: HalpIommuInitSystem returned EAX=0x00000000 (success/other) rsp=0xFFFFF8052BE75438 exitCount=871911
[iommuret] hit #565: HalpIommuInitSystem returned EAX=0x00000000 (success/other) rsp=0xFFFFF8052BE75438 exitCount=871912
[iommuret] hit #566: HalpIommuInitSystem returned EAX=0x00000000 (success/other) rsp=0xFFFFF8052BE75438 exitCount=871913
[iommuret] hit #567: HalpIommuInitSystem returned EAX=0x00000000 (success/other) rsp=0xFFFFF8052BE75438 exitCount=871914
[iommuret] hit #568: HalpIommuInitSystem returned EAX=0x00000000 (success/other) rsp=0xFFFFF8052BE75438 exitCount=871915
[iommuret] hit #569: HalpIommuInitSystem returned EAX=0x00000000 (success/other) rsp=0xFFFFF8052BE75438 exitCount=871916
[iommuret] hit #570: HalpIommuInitSystem returned EAX=0x00000000 (success/other) rsp=0xFFFFF8052BE75438 exitCount=871917
[iommuret] hit #571: HalpIommuInitSystem returned EAX=0x00000000 (success/other) rsp=0xFFFFF8052BE75438 exitCount=871918
[iommuret] hit #572: HalpIommuInitSystem returned EAX=0x00000000 (success/other) rsp=0xFFFFF8052BE75438 exitCount=871919
[iommuret] hit #573: HalpIommuInitSystem returned EAX=0x00000000 (success/other) rsp=0xFFFFF8052BE75438 exitCount=871920
[iommuret] hit #574: HalpIommuInitSystem returned EAX=0x00000000 (success/other) rsp=0xFFFFF8052BE75438 exitCount=871921
[iommuret] hit #575: HalpIommuInitSystem returned EAX=0x00000000 (success/other) rsp=0xFFFFF8052BE75438 exitCount=871922
[iommuret] hit #576: HalpIommuInitSystem returned EAX=0x00000000 (success/other) rsp=0xFFFFF8052BE75438 exitCount=871923
[iommuret] hit #577: HalpIommuInitSystem returned EAX=0x00000000 (success/other) rsp=0xFFFFF8052BE75438 exitCount=871924
[iommuret] hit #578: HalpIommuInitSystem returned EAX=0x00000000 (success/other) rsp=0xFFFFF8052BE75438 exitCount=871925
[iommuret] hit #579: HalpIommuInitSystem returned EAX=0x00000000 (success/other) rsp=0xFFFFF8052BE75438 exitCount=871926
[iommuret] hit #580: HalpIommuInitSystem returned EAX=0x00000000 (success/other) rsp=0xFFFFF8052BE75438 exitCount=871927
[iommuret] hit #581: HalpIommuInitSystem returned EAX=0x00000000 (success/other) rsp=0xFFFFF8052BE75438 exitCount=871928
[iommuret] hit #582: HalpIommuInitSystem returned EAX=0x00000000 (success/other) rsp=0xFFFFF8052BE75438 exitCount=871929
[iommuret] hit #583: HalpIommuInitSystem returned EAX=0x00000000 (success/other) rsp=0xFFFFF8052BE75438 exitCount=871930
[iommuret] hit #584: HalpIommuInitSystem returned EAX=0x00000000 (success/other) rsp=0xFFFFF8052BE75438 exitCount=871931
[iommuret] hit #585: HalpIommuInitSystem returned EAX=0x00000000 (success/other) rsp=0xFFFFF8052BE75438 exitCount=871932
[iommuret] hit #586: HalpIommuInitSystem returned EAX=0x00000000 (success/other) rsp=0xFFFFF8052BE75438 exitCount=871933
[iommuret] hit #587: HalpIommuInitSystem returned EAX=0x00000000 (success/other) rsp=0xFFFFF8052BE75438 exitCount=871934
[iommuret] hit #588: HalpIommuInitSystem returned EAX=0x00000000 (success/other) rsp=0xFFFFF8052BE75438 exitCount=871935
[iommuret] hit #589: HalpIommuInitSystem returned EAX=0x00000000 (success/other) rsp=0xFFFFF8052BE75438 exitCount=871936
[iommuret] hit #590: HalpIommuInitSystem returned EAX=0x00000000 (success/other) rsp=0xFFFFF8052BE75438 exitCount=871937
[iommuret] hit #591: HalpIommuInitSystem returned EAX=0x00000000 (success/other) rsp=0xFFFFF8052BE75438 exitCount=871938
[iommuret] hit #592: HalpIommuInitSystem returned EAX=0x00000000 (success/other) rsp=0xFFFFF8052BE75438 exitCount=871939
[iommuret] hit #593: HalpIommuInitSystem returned EAX=0x00000000 (success/other) rsp=0xFFFFF8052BE75438 exitCount=871940
[iommuret] hit #594: HalpIommuInitSystem returned EAX=0x00000000 (success/other) rsp=0xFFFFF8052BE75438 exitCount=871941
[iommuret] hit #595: HalpIommuInitSystem returned EAX=0x00000000 (success/other) rsp=0xFFFFF8052BE75438 exitCount=871942
[iommuret] hit #596: HalpIommuInitSystem returned EAX=0x00000000 (success/other) rsp=0xFFFFF8052BE75438 exitCount=871943
[iommuret] hit #597: HalpIommuInitSystem returned EAX=0x00000000 (success/other) rsp=0xFFFFF8052BE75438 exitCount=871944
[iommuret] hit #598: HalpIommuInitSystem returned EAX=0x00000000 (success/other) rsp=0xFFFFF8052BE75438 exitCount=871945
[iommuret] hit #599: HalpIommuInitSystem returned EAX=0x00000000 (success/other) rsp=0xFFFFF8052BE75438 exitCount=871946
[iommuret] hit #600: HalpIommuInitSystem returned EAX=0x00000000 (success/other) rsp=0xFFFFF8052BE75438 exitCount=871947
[iommuret] hit #601: HalpIommuInitSystem returned EAX=0x00000000 (success/other) rsp=0xFFFFF8052BE75438 exitCount=871948
[iommuret] hit #602: HalpIommuInitSystem returned EAX=0x00000000 (success/other) rsp=0xFFFFF8052BE75438 exitCount=871949
[iommuret] hit #603: HalpIommuInitSystem returned EAX=0x00000000 (success/other) rsp=0xFFFFF8052BE75438 exitCount=871950
[iommuret] hit #604: HalpIommuInitSystem returned EAX=0x00000000 (success/other) rsp=0xFFFFF8052BE75438 exitCount=871951
[iommuret] hit #605: HalpIommuInitSystem returned EAX=0x00000000 (success/other) rsp=0xFFFFF8052BE75438 exitCount=871952
[iommuret] hit #606: HalpIommuInitSystem returned EAX=0x00000000 (success/other) rsp=0xFFFFF8052BE75438 exitCount=871953
[iommuret] hit #607: HalpIommuInitSystem returned EAX=0x00000000 (success/other) rsp=0xFFFFF8052BE75438 exitCount=871954
[iommuret] hit #608: HalpIommuInitSystem returned EAX=0x00000000 (success/other) rsp=0xFFFFF8052BE75438 exitCount=871955
[iommuret] hit #609: HalpIommuInitSystem returned EAX=0x00000000 (success/other) rsp=0xFFFFF8052BE75438 exitCount=871956
[iommuret] hit #610: HalpIommuInitSystem returned EAX=0x00000000 (success/other) rsp=0xFFFFF8052BE75438 exitCount=871957
[iommuret] hit #611: HalpIommuInitSystem returned EAX=0x00000000 (success/other) rsp=0xFFFFF8052BE75438 exitCount=871958
[iommuret] hit #612: HalpIommuInitSystem returned EAX=0x00000000 (success/other) rsp=0xFFFFF8052BE75438 exitCount=871959
[iommuret] hit #613: HalpIommuInitSystem returned EAX=0x00000000 (success/other) rsp=0xFFFFF8052BE75438 exitCount=871960
[iommuret] hit #614: HalpIommuInitSystem returned EAX=0x00000000 (success/other) rsp=0xFFFFF8052BE75438 exitCount=871961
[iommuret] hit #615: HalpIommuInitSystem returned EAX=0x00000000 (success/other) rsp=0xFFFFF8052BE75438 exitCount=871962
[iommuret] hit #616: HalpIommuInitSystem returned EAX=0x00000000 (success/other) rsp=0xFFFFF8052BE75438 exitCount=871963
[iommuret] hit #617: HalpIommuInitSystem returned EAX=0x00000000 (success/other) rsp=0xFFFFF8052BE75438 exitCount=871964
[iommuret] hit #618: HalpIommuInitSystem returned EAX=0x00000000 (success/other) rsp=0xFFFFF8052BE75438 exitCount=871965
[iommuret] hit #619: HalpIommuInitSystem returned EAX=0x00000000 (success/other) rsp=0xFFFFF8052BE75438 exitCount=871966
[iommuret] hit #620: HalpIommuInitSystem returned EAX=0x00000000 (success/other) rsp=0xFFFFF8052BE75438 exitCount=871967
[iommuret] hit #621: HalpIommuInitSystem returned EAX=0x00000000 (success/other) rsp=0xFFFFF8052BE75438 exitCount=871968
[iommuret] hit #622: HalpIommuInitSystem returned EAX=0x00000000 (success/other) rsp=0xFFFFF8052BE75438 exitCount=871969
[iommuret] hit #623: HalpIommuInitSystem returned EAX=0x00000000 (success/other) rsp=0xFFFFF8052BE75438 exitCount=871970
[iommuret] hit #624: HalpIommuInitSystem returned EAX=0x00000000 (success/other) rsp=0xFFFFF8052BE75438 exitCount=871971
[iommuret] hit #625: HalpIommuInitSystem returned EAX=0x00000000 (success/other) rsp=0xFFFFF8052BE75438 exitCount=871972
[iommuret] hit #626: HalpIommuInitSystem returned EAX=0x00000000 (success/other) rsp=0xFFFFF8052BE75438 exitCount=871973
[iommuret] hit #627: HalpIommuInitSystem returned EAX=0x00000000 (success/other) rsp=0xFFFFF8052BE75438 exitCount=871974
[iommuret] hit #628: HalpIommuInitSystem returned EAX=0x00000000 (success/other) rsp=0xFFFFF8052BE75438 exitCount=871975
[iommuret] hit #629: HalpIommuInitSystem returned EAX=0x00000000 (success/other) rsp=0xFFFFF8052BE75438 exitCount=871976
[iommuret] hit #630: HalpIommuInitSystem returned EAX=0x00000000 (success/other) rsp=0xFFFFF8052BE75438 exitCount=871977
[iommuret] hit #631: HalpIommuInitSystem returned EAX=0x00000000 (success/other) rsp=0xFFFFF8052BE75438 exitCount=871978
[iommuret] hit #632: HalpIommuInitSystem returned EAX=0x00000000 (success/other) rsp=0xFFFFF8052BE75438 exitCount=871979
[iommuret] hit #633: HalpIommuInitSystem returned EAX=0x00000000 (success/other) rsp=0xFFFFF8052BE75438 exitCount=871980
[iommuret] hit #634: HalpIommuInitSystem returned EAX=0x00000000 (success/other) rsp=0xFFFFF8052BE75438 exitCount=871981
[iommuret] hit #635: HalpIommuInitSystem returned EAX=0x00000000 (success/other) rsp=0xFFFFF8052BE75438 exitCount=871982
[iommuret] hit #636: HalpIommuInitSystem returned EAX=0x00000000 (success/other) rsp=0xFFFFF8052BE75438 exitCount=871983
[iommuret] hit #637: HalpIommuInitSystem returned EAX=0x00000000 (success/other) rsp=0xFFFFF8052BE75438 exitCount=871984
[iommuret] hit #638: HalpIommuInitSystem returned EAX=0x00000000 (success/other) rsp=0xFFFFF8052BE75438 exitCount=871985
[iommuret] hit #639: HalpIommuInitSystem returned EAX=0x00000000 (success/other) rsp=0xFFFFF8052BE75438 exitCount=871986
[iommuret] hit #640: HalpIommuInitSystem returned EAX=0x00000000 (success/other) rsp=0xFFFFF8052BE75438 exitCount=871987
[iommuret] hit #641: HalpIommuInitSystem returned EAX=0x00000000 (success/other) rsp=0xFFFFF8052BE75438 exitCount=871988
[iommuret] hit #642: HalpIommuInitSystem returned EAX=0x00000000 (success/other) rsp=0xFFFFF8052BE75438 exitCount=871989
[iommuret] hit #643: HalpIommuInitSystem returned EAX=0x00000000 (success/other) rsp=0xFFFFF8052BE75438 exitCount=871990
[iommuret] hit #644: HalpIommuInitSystem returned EAX=0x00000000 (success/other) rsp=0xFFFFF8052BE75438 exitCount=871991
[iommuret] hit #645: HalpIommuInitSystem returned EAX=0x00000000 (success/other) rsp=0xFFFFF8052BE75438 exitCount=871992
[iommuret] hit #646: HalpIommuInitSystem returned EAX=0x00000000 (success/other) rsp=0xFFFFF8052BE75438 exitCount=871993
[iommuret] hit #647: HalpIommuInitSystem returned EAX=0x00000000 (success/other) rsp=0xFFFFF8052BE75438 exitCount=871994
[iommuret] hit #648: HalpIommuInitSystem returned EAX=0x00000000 (success/other) rsp=0xFFFFF8052BE75438 exitCount=871995
[iommuret] hit #649: HalpIommuInitSystem returned EAX=0x00000000 (success/other) rsp=0xFFFFF8052BE75438 exitCount=871996
[iommuret] hit #650: HalpIommuInitSystem returned EAX=0x00000000 (success/other) rsp=0xFFFFF8052BE75438 exitCount=871997
[iommuret] hit #651: HalpIommuInitSystem returned EAX=0x00000000 (success/other) rsp=0xFFFFF8052BE75438 exitCount=871998
[iommuret] hit #652: HalpIommuInitSystem returned EAX=0x00000000 (success/other) rsp=0xFFFFF8052BE75438 exitCount=871999
[iommuret] hit #653: HalpIommuInitSystem returned EAX=0x00000000 (success/other) rsp=0xFFFFF8052BE75438 exitCount=872000
[iommuret] hit #654: HalpIommuInitSystem returned EAX=0x00000000 (success/other) rsp=0xFFFFF8052BE75438 exitCount=872001
[iommuret] hit #655: HalpIommuInitSystem returned EAX=0x00000000 (success/other) rsp=0xFFFFF8052BE75438 exitCount=872002
[iommuret] hit #656: HalpIommuInitSystem returned EAX=0x00000000 (success/other) rsp=0xFFFFF8052BE75438 exitCount=872003
[iommuret] hit #657: HalpIommuInitSystem returned EAX=0x00000000 (success/other) rsp=0xFFFFF8052BE75438 exitCount=872004
[iommuret] hit #658: HalpIommuInitSystem returned EAX=0x00000000 (success/other) rsp=0xFFFFF8052BE75438 exitCount=872005
[iommuret] hit #659: HalpIommuInitSystem returned EAX=0x00000000 (success/other) rsp=0xFFFFF8052BE75438 exitCount=872006
[iommuret] hit #660: HalpIommuInitSystem returned EAX=0x00000000 (success/other) rsp=0xFFFFF8052BE75438 exitCount=872007
[iommuret] hit #661: HalpIommuInitSystem returned EAX=0x00000000 (success/other) rsp=0xFFFFF8052BE75438 exitCount=872008
[iommuret] hit #662: HalpIommuInitSystem returned EAX=0x00000000 (success/other) rsp=0xFFFFF8052BE75438 exitCount=872009
[iommuret] hit #663: HalpIommuInitSystem returned EAX=0x00000000 (success/other) rsp=0xFFFFF8052BE75438 exitCount=872010
[iommuret] hit #664: HalpIommuInitSystem returned EAX=0x00000000 (success/other) rsp=0xFFFFF8052BE75438 exitCount=872011
[iommuret] hit #665: HalpIommuInitSystem returned EAX=0x00000000 (success/other) rsp=0xFFFFF8052BE75438 exitCount=872012
[iommuret] hit #666: HalpIommuInitSystem returned EAX=0x00000000 (success/other) rsp=0xFFFFF8052BE75438 exitCount=872013
[iommuret] hit #667: HalpIommuInitSystem returned EAX=0x00000000 (success/other) rsp=0xFFFFF8052BE75438 exitCount=872014
[iommuret] hit #668: HalpIommuInitSystem returned EAX=0x00000000 (success/other) rsp=0xFFFFF8052BE75438 exitCount=872015
[iommuret] hit #669: HalpIommuInitSystem returned EAX=0x00000000 (success/other) rsp=0xFFFFF8052BE75438 exitCount=872016
[iommuret] hit #670: HalpIommuInitSystem returned EAX=0x00000000 (success/other) rsp=0xFFFFF8052BE75438 exitCount=872017
[iommuret] hit #671: HalpIommuInitSystem returned EAX=0x00000000 (success/other) rsp=0xFFFFF8052BE75438 exitCount=872018
[iommuret] hit #672: HalpIommuInitSystem returned EAX=0x00000000 (success/other) rsp=0xFFFFF8052BE75438 exitCount=872019
[iommuret] hit #673: HalpIommuInitSystem returned EAX=0x00000000 (success/other) rsp=0xFFFFF8052BE75438 exitCount=872020
[iommuret] hit #674: HalpIommuInitSystem returned EAX=0x00000000 (success/other) rsp=0xFFFFF8052BE75438 exitCount=872021
[iommuret] hit #675: HalpIommuInitSystem returned EAX=0x00000000 (success/other) rsp=0xFFFFF8052BE75438 exitCount=872022
[iommuret] hit #676: HalpIommuInitSystem returned EAX=0x00000000 (success/other) rsp=0xFFFFF8052BE75438 exitCount=872023
[iommuret] hit #677: HalpIommuInitSystem returned EAX=0x00000000 (success/other) rsp=0xFFFFF8052BE75438 exitCount=872024
[iommuret] hit #678: HalpIommuInitSystem returned EAX=0x00000000 (success/other) rsp=0xFFFFF8052BE75438 exitCount=872025
[iommuret] hit #679: HalpIommuInitSystem returned EAX=0x00000000 (success/other) rsp=0xFFFFF8052BE75438 exitCount=872026
[iommuret] hit #680: HalpIommuInitSystem returned EAX=0x00000000 (success/other) rsp=0xFFFFF8052BE75438 exitCount=872027
[iommuret] hit #681: HalpIommuInitSystem returned EAX=0x00000000 (success/other) rsp=0xFFFFF8052BE75438 exitCount=872028
[iommuret] hit #682: HalpIommuInitSystem returned EAX=0x00000000 (success/other) rsp=0xFFFFF8052BE75438 exitCount=872029
[iommuret] hit #683: HalpIommuInitSystem returned EAX=0x00000000 (success/other) rsp=0xFFFFF8052BE75438 exitCount=872030
[iommuret] hit #684: HalpIommuInitSystem returned EAX=0x00000000 (success/other) rsp=0xFFFFF8052BE75438 exitCount=872031
[iommuret] hit #685: HalpIommuInitSystem returned EAX=0x00000000 (success/other) rsp=0xFFFFF8052BE75438 exitCount=872032
[iommuret] hit #686: HalpIommuInitSystem returned EAX=0x00000000 (success/other) rsp=0xFFFFF8052BE75438 exitCount=872033
[iommuret] hit #687: HalpIommuInitSystem returned EAX=0x00000000 (success/other) rsp=0xFFFFF8052BE75438 exitCount=872034
[iommuret] hit #688: HalpIommuInitSystem returned EAX=0x00000000 (success/other) rsp=0xFFFFF8052BE75438 exitCount=872035
[iommuret] hit #689: HalpIommuInitSystem returned EAX=0x00000000 (success/other) rsp=0xFFFFF8052BE75438 exitCount=872036
[iommuret] hit #690: HalpIommuInitSystem returned EAX=0x00000000 (success/other) rsp=0xFFFFF8052BE75438 exitCount=872037
[iommuret] hit #691: HalpIommuInitSystem returned EAX=0x00000000 (success/other) rsp=0xFFFFF8052BE75438 exitCount=872038
[iommuret] hit #692: HalpIommuInitSystem returned EAX=0x00000000 (success/other) rsp=0xFFFFF8052BE75438 exitCount=872039
[iommuret] hit #693: HalpIommuInitSystem returned EAX=0x00000000 (success/other) rsp=0xFFFFF8052BE75438 exitCount=872040
[iommuret] hit #694: HalpIommuInitSystem returned EAX=0x00000000 (success/other) rsp=0xFFFFF8052BE75438 exitCount=872041
[iommuret] hit #695: HalpIommuInitSystem returned EAX=0x00000000 (success/other) rsp=0xFFFFF8052BE75438 exitCount=872042
[iommuret] hit #696: HalpIommuInitSystem returned EAX=0x00000000 (success/other) rsp=0xFFFFF8052BE75438 exitCount=872043
[iommuret] hit #697: HalpIommuInitSystem returned EAX=0x00000000 (success/other) rsp=0xFFFFF8052BE75438 exitCount=872044
[iommuret] hit #698: HalpIommuInitSystem returned EAX=0x00000000 (success/other) rsp=0xFFFFF8052BE75438 exitCount=872045
[iommuret] hit #699: HalpIommuInitSystem returned EAX=0x00000000 (success/other) rsp=0xFFFFF8052BE75438 exitCount=872046
[iommuret] hit #700: HalpIommuInitSystem returned EAX=0x00000000 (success/other) rsp=0xFFFFF8052BE75438 exitCount=872047
[iommuret] hit #701: HalpIommuInitSystem returned EAX=0x00000000 (success/other) rsp=0xFFFFF8052BE75438 exitCount=872048
[iommuret] hit #702: HalpIommuInitSystem returned EAX=0x00000000 (success/other) rsp=0xFFFFF8052BE75438 exitCount=872049
[iommuret] hit #703: HalpIommuInitSystem returned EAX=0x00000000 (success/other) rsp=0xFFFFF8052BE75438 exitCount=872050
[iommuret] hit #704: HalpIommuInitSystem returned EAX=0x00000000 (success/other) rsp=0xFFFFF8052BE75438 exitCount=872051
[iommuret] hit #705: HalpIommuInitSystem returned EAX=0x00000000 (success/other) rsp=0xFFFFF8052BE75438 exitCount=872052
[iommuret] hit #706: HalpIommuInitSystem returned EAX=0x00000000 (success/other) rsp=0xFFFFF8052BE75438 exitCount=872053
[iommuret] hit #707: HalpIommuInitSystem returned EAX=0x00000000 (success/other) rsp=0xFFFFF8052BE75438 exitCount=872054
[iommuret] hit #708: HalpIommuInitSystem returned EAX=0x00000000 (success/other) rsp=0xFFFFF8052BE75438 exitCount=872055
[iommuret] hit #709: HalpIommuInitSystem returned EAX=0x00000000 (success/other) rsp=0xFFFFF8052BE75438 exitCount=872056
[iommuret] hit #710: HalpIommuInitSystem returned EAX=0x00000000 (success/other) rsp=0xFFFFF8052BE75438 exitCount=872057
[iommuret] hit #711: HalpIommuInitSystem returned EAX=0x00000000 (success/other) rsp=0xFFFFF8052BE75438 exitCount=872058
[iommuret] hit #712: HalpIommuInitSystem returned EAX=0x00000000 (success/other) rsp=0xFFFFF8052BE75438 exitCount=872059
[iommuret] hit #713: HalpIommuInitSystem returned EAX=0x00000000 (success/other) rsp=0xFFFFF8052BE75438 exitCount=872060
[iommuret] hit #714: HalpIommuInitSystem returned EAX=0x00000000 (success/other) rsp=0xFFFFF8052BE75438 exitCount=872061
[iommuret] hit #715: HalpIommuInitSystem returned EAX=0x00000000 (success/other) rsp=0xFFFFF8052BE75438 exitCount=872062
[iommuret] hit #716: HalpIommuInitSystem returned EAX=0x00000000 (success/other) rsp=0xFFFFF8052BE75438 exitCount=872063
[iommuret] hit #717: HalpIommuInitSystem returned EAX=0x00000000 (success/other) rsp=0xFFFFF8052BE75438 exitCount=872064
[iommuret] hit #718: HalpIommuInitSystem returned EAX=0x00000000 (success/other) rsp=0xFFFFF8052BE75438 exitCount=872065
[iommuret] hit #719: HalpIommuInitSystem returned EAX=0x00000000 (success/other) rsp=0xFFFFF8052BE75438 exitCount=872066
[iommuret] hit #720: HalpIommuInitSystem returned EAX=0x00000000 (success/other) rsp=0xFFFFF8052BE75438 exitCount=872067
[iommuret] hit #721: HalpIommuInitSystem returned EAX=0x00000000 (success/other) rsp=0xFFFFF8052BE75438 exitCount=872068
[iommuret] hit #722: HalpIommuInitSystem returned EAX=0x00000000 (success/other) rsp=0xFFFFF8052BE75438 exitCount=872069
[iommuret] hit #723: HalpIommuInitSystem returned EAX=0x00000000 (success/other) rsp=0xFFFFF8052BE75438 exitCount=872070
[iommuret] hit #724: HalpIommuInitSystem returned EAX=0x00000000 (success/other) rsp=0xFFFFF8052BE75438 exitCount=872071
[iommuret] hit #725: HalpIommuInitSystem returned EAX=0x00000000 (success/other) rsp=0xFFFFF8052BE75438 exitCount=872072
[iommuret] hit #726: HalpIommuInitSystem returned EAX=0x00000000 (success/other) rsp=0xFFFFF8052BE75438 exitCount=872073
[iommuret] hit #727: HalpIommuInitSystem returned EAX=0x00000000 (success/other) rsp=0xFFFFF8052BE75438 exitCount=872074
[iommuret] hit #728: HalpIommuInitSystem returned EAX=0x00000000 (success/other) rsp=0xFFFFF8052BE75438 exitCount=872075
[iommuret] hit #729: HalpIommuInitSystem returned EAX=0x00000000 (success/other) rsp=0xFFFFF8052BE75438 exitCount=872076
[iommuret] hit #730: HalpIommuInitSystem returned EAX=0x00000000 (success/other) rsp=0xFFFFF8052BE75438 exitCount=872077
[iommuret] hit #731: HalpIommuInitSystem returned EAX=0x00000000 (success/other) rsp=0xFFFFF8052BE75438 exitCount=872078
[iommuret] hit #732: HalpIommuInitSystem returned EAX=0x00000000 (success/other) rsp=0xFFFFF8052BE75438 exitCount=872079
[iommuret] hit #733: HalpIommuInitSystem returned EAX=0x00000000 (success/other) rsp=0xFFFFF8052BE75438 exitCount=872080
[iommuret] hit #734: HalpIommuInitSystem returned EAX=0x00000000 (success/other) rsp=0xFFFFF8052BE75438 exitCount=872081
[iommuret] hit #735: HalpIommuInitSystem returned EAX=0x00000000 (success/other) rsp=0xFFFFF8052BE75438 exitCount=872082
[iommuret] hit #736: HalpIommuInitSystem returned EAX=0x00000000 (success/other) rsp=0xFFFFF8052BE75438 exitCount=872083
[iommuret] hit #737: HalpIommuInitSystem returned EAX=0x00000000 (success/other) rsp=0xFFFFF8052BE75438 exitCount=872084
[iommuret] hit #738: HalpIommuInitSystem returned EAX=0x00000000 (success/other) rsp=0xFFFFF8052BE75438 exitCount=872085
[iommuret] hit #739: HalpIommuInitSystem returned EAX=0x00000000 (success/other) rsp=0xFFFFF8052BE75438 exitCount=872086
[iommuret] hit #740: HalpIommuInitSystem returned EAX=0x00000000 (success/other) rsp=0xFFFFF8052BE75438 exitCount=872087
[iommuret] hit #741: HalpIommuInitSystem returned EAX=0x00000000 (success/other) rsp=0xFFFFF8052BE75438 exitCount=872088
[iommuret] hit #742: HalpIommuInitSystem returned EAX=0x00000000 (success/other) rsp=0xFFFFF8052BE75438 exitCount=872089
[iommuret] hit #743: HalpIommuInitSystem returned EAX=0x00000000 (success/other) rsp=0xFFFFF8052BE75438 exitCount=872090
[iommuret] hit #744: HalpIommuInitSystem returned EAX=0x00000000 (success/other) rsp=0xFFFFF8052BE75438 exitCount=872091
[iommuret] hit #745: HalpIommuInitSystem returned EAX=0x00000000 (success/other) rsp=0xFFFFF8052BE75438 exitCount=872092
[iommuret] hit #746: HalpIommuInitSystem returned EAX=0x00000000 (success/other) rsp=0xFFFFF8052BE75438 exitCount=872093
[iommuret] hit #747: HalpIommuInitSystem returned EAX=0x00000000 (success/other) rsp=0xFFFFF8052BE75438 exitCount=872094
[iommuret] hit #748: HalpIommuInitSystem returned EAX=0x00000000 (success/other) rsp=0xFFFFF8052BE75438 exitCount=872095
[iommuret] hit #749: HalpIommuInitSystem returned EAX=0x00000000 (success/other) rsp=0xFFFFF8052BE75438 exitCount=872096
[iommuret] hit #750: HalpIommuInitSystem returned EAX=0x00000000 (success/other) rsp=0xFFFFF8052BE75438 exitCount=872097
[iommuret] hit #751: HalpIommuInitSystem returned EAX=0x00000000 (success/other) rsp=0xFFFFF8052BE75438 exitCount=872098
[iommuret] hit #752: HalpIommuInitSystem returned EAX=0x00000000 (success/other) rsp=0xFFFFF8052BE75438 exitCount=872099
[iommuret] hit #753: HalpIommuInitSystem returned EAX=0x00000000 (success/other) rsp=0xFFFFF8052BE75438 exitCount=872100
[iommuret] hit #754: HalpIommuInitSystem returned EAX=0x00000000 (success/other) rsp=0xFFFFF8052BE75438 exitCount=872101
[iommuret] hit #755: HalpIommuInitSystem returned EAX=0x00000000 (success/other) rsp=0xFFFFF8052BE75438 exitCount=872102
[iommuret] hit #756: HalpIommuInitSystem returned EAX=0x00000000 (success/other) rsp=0xFFFFF8052BE75438 exitCount=872103
[iommuret] hit #757: HalpIommuInitSystem returned EAX=0x00000000 (success/other) rsp=0xFFFFF8052BE75438 exitCount=872104
[iommuret] hit #758: HalpIommuInitSystem returned EAX=0x00000000 (success/other) rsp=0xFFFFF8052BE75438 exitCount=872105
[iommuret] hit #759: HalpIommuInitSystem returned EAX=0x00000000 (success/other) rsp=0xFFFFF8052BE75438 exitCount=872106
[iommuret] hit #760: HalpIommuInitSystem returned EAX=0x00000000 (success/other) rsp=0xFFFFF8052BE75438 exitCount=872107
[iommuret] hit #761: HalpIommuInitSystem returned EAX=0x00000000 (success/other) rsp=0xFFFFF8052BE75438 exitCount=872108
[iommuret] hit #762: HalpIommuInitSystem returned EAX=0x00000000 (success/other) rsp=0xFFFFF8052BE75438 exitCount=872109
[iommuret] hit #763: HalpIommuInitSystem returned EAX=0x00000000 (success/other) rsp=0xFFFFF8052BE75438 exitCount=872110
[iommuret] hit #764: HalpIommuInitSystem returned EAX=0x00000000 (success/other) rsp=0xFFFFF8052BE75438 exitCount=872111
[iommuret] hit #765: HalpIommuInitSystem returned EAX=0x00000000 (success/other) rsp=0xFFFFF8052BE75438 exitCount=872112
[iommuret] hit #766: HalpIommuInitSystem returned EAX=0x00000000 (success/other) rsp=0xFFFFF8052BE75438 exitCount=872113
[iommuret] hit #767: HalpIommuInitSystem returned EAX=0x00000000 (success/other) rsp=0xFFFFF8052BE75438 exitCount=872114
[iommuret] hit #768: HalpIommuInitSystem returned EAX=0x00000000 (success/other) rsp=0xFFFFF8052BE75438 exitCount=872115
[iommuret] hit #769: HalpIommuInitSystem returned EAX=0x00000000 (success/other) rsp=0xFFFFF8052BE75438 exitCount=872116
[iommuret] hit #770: HalpIommuInitSystem returned EAX=0x00000000 (success/other) rsp=0xFFFFF8052BE75438 exitCount=872117
[iommuret] hit #771: HalpIommuInitSystem returned EAX=0x00000000 (success/other) rsp=0xFFFFF8052BE75438 exitCount=872118
[iommuret] hit #772: HalpIommuInitSystem returned EAX=0x00000000 (success/other) rsp=0xFFFFF8052BE75438 exitCount=872119
[iommuret] hit #773: HalpIommuInitSystem returned EAX=0x00000000 (success/other) rsp=0xFFFFF8052BE75438 exitCount=872120
[iommuret] hit #774: HalpIommuInitSystem returned EAX=0x00000000 (success/other) rsp=0xFFFFF8052BE75438 exitCount=872121
[iommuret] hit #775: HalpIommuInitSystem returned EAX=0x00000000 (success/other) rsp=0xFFFFF8052BE75438 exitCount=872122
[iommuret] hit #776: HalpIommuInitSystem returned EAX=0x00000000 (success/other) rsp=0xFFFFF8052BE75438 exitCount=872123
[iommuret] hit #777: HalpIommuInitSystem returned EAX=0x00000000 (success/other) rsp=0xFFFFF8052BE75438 exitCount=872124
[iommuret] hit #778: HalpIommuInitSystem returned EAX=0x00000000 (success/other) rsp=0xFFFFF8052BE75438 exitCount=872125
[iommuret] hit #779: HalpIommuInitSystem returned EAX=0x00000000 (success/other) rsp=0xFFFFF8052BE75438 exitCount=872126
[iommuret] hit #780: HalpIommuInitSystem returned EAX=0x00000000 (success/other) rsp=0xFFFFF8052BE75438 exitCount=872127
[iommuret] hit #781: HalpIommuInitSystem returned EAX=0x00000000 (success/other) rsp=0xFFFFF8052BE75438 exitCount=872128
[iommuret] hit #782: HalpIommuInitSystem returned EAX=0x00000000 (success/other) rsp=0xFFFFF8052BE75438 exitCount=872129
[iommuret] hit #783: HalpIommuInitSystem returned EAX=0x00000000 (success/other) rsp=0xFFFFF8052BE75438 exitCount=872130
[iommuret] hit #784: HalpIommuInitSystem returned EAX=0x00000000 (success/other) rsp=0xFFFFF8052BE75438 exitCount=872131
[iommuret] hit #785: HalpIommuInitSystem returned EAX=0x00000000 (success/other) rsp=0xFFFFF8052BE75438 exitCount=872132
[iommuret] hit #786: HalpIommuInitSystem returned EAX=0x00000000 (success/other) rsp=0xFFFFF8052BE75438 exitCount=872133
[iommuret] hit #787: HalpIommuInitSystem returned EAX=0x00000000 (success/other) rsp=0xFFFFF8052BE75438 exitCount=872134
[iommuret] hit #788: HalpIommuInitSystem returned EAX=0x00000000 (success/other) rsp=0xFFFFF8052BE75438 exitCount=872135
[iommuret] hit #789: HalpIommuInitSystem returned EAX=0x00000000 (success/other) rsp=0xFFFFF8052BE75438 exitCount=872136
[iommuret] hit #790: HalpIommuInitSystem returned EAX=0x00000000 (success/other) rsp=0xFFFFF8052BE75438 exitCount=872137
[iommuret] hit #791: HalpIommuInitSystem returned EAX=0x00000000 (success/other) rsp=0xFFFFF8052BE75438 exitCount=872138
[iommuret] hit #792: HalpIommuInitSystem returned EAX=0x00000000 (success/other) rsp=0xFFFFF8052BE75438 exitCount=872139
[iommuret] hit #793: HalpIommuInitSystem returned EAX=0x00000000 (success/other) rsp=0xFFFFF8052BE75438 exitCount=872140
[iommuret] hit #794: HalpIommuInitSystem returned EAX=0x00000000 (success/other) rsp=0xFFFFF8052BE75438 exitCount=872141
[iommuret] hit #795: HalpIommuInitSystem returned EAX=0x00000000 (success/other) rsp=0xFFFFF8052BE75438 exitCount=872142
[iommuret] hit #796: HalpIommuInitSystem returned EAX=0x00000000 (success/other) rsp=0xFFFFF8052BE75438 exitCount=872143
[iommuret] hit #797: HalpIommuInitSystem returned EAX=0x00000000 (success/other) rsp=0xFFFFF8052BE75438 exitCount=872144
[iommuret] hit #798: HalpIommuInitSystem returned EAX=0x00000000 (success/other) rsp=0xFFFFF8052BE75438 exitCount=872145
[iommuret] hit #799: HalpIommuInitSystem returned EAX=0x00000000 (success/other) rsp=0xFFFFF8052BE75438 exitCount=872146
[iommuret] hit #800: HalpIommuInitSystem returned EAX=0x00000000 (success/other) rsp=0xFFFFF8052BE75438 exitCount=872147
[iommuret] hit #801: HalpIommuInitSystem returned EAX=0x00000000 (success/other) rsp=0xFFFFF8052BE75438 exitCount=872148
[iommuret] hit #802: HalpIommuInitSystem returned EAX=0x00000000 (success/other) rsp=0xFFFFF8052BE75438 exitCount=872149
[iommuret] hit #803: HalpIommuInitSystem returned EAX=0x00000000 (success/other) rsp=0xFFFFF8052BE75438 exitCount=872150
[iommuret] hit #804: HalpIommuInitSystem returned EAX=0x00000000 (success/other) rsp=0xFFFFF8052BE75438 exitCount=872151
[iommuret] hit #805: HalpIommuInitSystem returned EAX=0x00000000 (success/other) rsp=0xFFFFF8052BE75438 exitCount=872152
[iommuret] hit #806: HalpIommuInitSystem returned EAX=0x00000000 (success/other) rsp=0xFFFFF8052BE75438 exitCount=872153
[iommuret] hit #807: HalpIommuInitSystem returned EAX=0x00000000 (success/other) rsp=0xFFFFF8052BE75438 exitCount=872154
[iommuret] hit #808: HalpIommuInitSystem returned EAX=0x00000000 (success/other) rsp=0xFFFFF8052BE75438 exitCount=872155
[iommuret] hit #809: HalpIommuInitSystem returned EAX=0x00000000 (success/other) rsp=0xFFFFF8052BE75438 exitCount=872156
[iommuret] hit #810: HalpIommuInitSystem returned EAX=0x00000000 (success/other) rsp=0xFFFFF8052BE75438 exitCount=872157
[iommuret] hit #811: HalpIommuInitSystem returned EAX=0x00000000 (success/other) rsp=0xFFFFF8052BE75438 exitCount=872158
[iommuret] hit #812: HalpIommuInitSystem returned EAX=0x00000000 (success/other) rsp=0xFFFFF8052BE75438 exitCount=872159
[iommuret] hit #813: HalpIommuInitSystem returned EAX=0x00000000 (success/other) rsp=0xFFFFF8052BE75438 exitCount=872160
[iommuret] hit #814: HalpIommuInitSystem returned EAX=0x00000000 (success/other) rsp=0xFFFFF8052BE75438 exitCount=872161
[iommuret] hit #815: HalpIommuInitSystem returned EAX=0x00000000 (success/other) rsp=0xFFFFF8052BE75438 exitCount=872162
[iommuret] hit #816: HalpIommuInitSystem returned EAX=0x00000000 (success/other) rsp=0xFFFFF8052BE75438 exitCount=872163
[iommuret] hit #817: HalpIommuInitSystem returned EAX=0x00000000 (success/other) rsp=0xFFFFF8052BE75438 exitCount=872164
[iommuret] hit #818: HalpIommuInitSystem returned EAX=0x00000000 (success/other) rsp=0xFFFFF8052BE75438 exitCount=872165
[iommuret] hit #819: HalpIommuInitSystem returned EAX=0x00000000 (success/other) rsp=0xFFFFF8052BE75438 exitCount=872166
[iommuret] hit #820: HalpIommuInitSystem returned EAX=0x00000000 (success/other) rsp=0xFFFFF8052BE75438 exitCount=872167
[iommuret] hit #821: HalpIommuInitSystem returned EAX=0x00000000 (success/other) rsp=0xFFFFF8052BE75438 exitCount=872168
[iommuret] hit #822: HalpIommuInitSystem returned EAX=0x00000000 (success/other) rsp=0xFFFFF8052BE75438 exitCount=872169
[iommuret] hit #823: HalpIommuInitSystem returned EAX=0x00000000 (success/other) rsp=0xFFFFF8052BE75438 exitCount=872170
[iommuret] hit #824: HalpIommuInitSystem returned EAX=0x00000000 (success/other) rsp=0xFFFFF8052BE75438 exitCount=872171
[iommuret] hit #825: HalpIommuInitSystem returned EAX=0x00000000 (success/other) rsp=0xFFFFF8052BE75438 exitCount=872172
[iommuret] hit #826: HalpIommuInitSystem returned EAX=0x00000000 (success/other) rsp=0xFFFFF8052BE75438 exitCount=872173
[iommuret] hit #827: HalpIommuInitSystem returned EAX=0x00000000 (success/other) rsp=0xFFFFF8052BE75438 exitCount=872174
[iommuret] hit #828: HalpIommuInitSystem returned EAX=0x00000000 (success/other) rsp=0xFFFFF8052BE75438 exitCount=872175
[iommuret] hit #829: HalpIommuInitSystem returned EAX=0x00000000 (success/other) rsp=0xFFFFF8052BE75438 exitCount=872176
[iommuret] hit #830: HalpIommuInitSystem returned EAX=0x00000000 (success/other) rsp=0xFFFFF8052BE75438 exitCount=872177
[iommuret] hit #831: HalpIommuInitSystem returned EAX=0x00000000 (success/other) rsp=0xFFFFF8052BE75438 exitCount=872178
[iommuret] hit #832: HalpIommuInitSystem returned EAX=0x00000000 (success/other) rsp=0xFFFFF8052BE75438 exitCount=872179
[iommuret] hit #833: HalpIommuInitSystem returned EAX=0x00000000 (success/other) rsp=0xFFFFF8052BE75438 exitCount=872180
[iommuret] hit #834: HalpIommuInitSystem returned EAX=0x00000000 (success/other) rsp=0xFFFFF8052BE75438 exitCount=872181
[iommuret] hit #835: HalpIommuInitSystem returned EAX=0x00000000 (success/other) rsp=0xFFFFF8052BE75438 exitCount=872182
[iommuret] hit #836: HalpIommuInitSystem returned EAX=0x00000000 (success/other) rsp=0xFFFFF8052BE75438 exitCount=872183
[iommuret] hit #837: HalpIommuInitSystem returned EAX=0x00000000 (success/other) rsp=0xFFFFF8052BE75438 exitCount=872184
[iommuret] hit #838: HalpIommuInitSystem returned EAX=0x00000000 (success/other) rsp=0xFFFFF8052BE75438 exitCount=872185
[iommuret] hit #839: HalpIommuInitSystem returned EAX=0x00000000 (success/other) rsp=0xFFFFF8052BE75438 exitCount=872186
[iommuret] hit #840: HalpIommuInitSystem returned EAX=0x00000000 (success/other) rsp=0xFFFFF8052BE75438 exitCount=872187
[iommuret] hit #841: HalpIommuInitSystem returned EAX=0x00000000 (success/other) rsp=0xFFFFF8052BE75438 exitCount=872188
[iommuret] hit #842: HalpIommuInitSystem returned EAX=0x00000000 (success/other) rsp=0xFFFFF8052BE75438 exitCount=872189
[iommuret] hit #843: HalpIommuInitSystem returned EAX=0x00000000 (success/other) rsp=0xFFFFF8052BE75438 exitCount=872190
[iommuret] hit #844: HalpIommuInitSystem returned EAX=0x00000000 (success/other) rsp=0xFFFFF8052BE75438 exitCount=872191
[iommuret] hit #845: HalpIommuInitSystem returned EAX=0x00000000 (success/other) rsp=0xFFFFF8052BE75438 exitCount=872192
[iommuret] hit #846: HalpIommuInitSystem returned EAX=0x00000000 (success/other) rsp=0xFFFFF8052BE75438 exitCount=872193
[iommuret] hit #847: HalpIommuInitSystem returned EAX=0x00000000 (success/other) rsp=0xFFFFF8052BE75438 exitCount=872194
[iommuret] hit #848: HalpIommuInitSystem returned EAX=0x00000000 (success/other) rsp=0xFFFFF8052BE75438 exitCount=872195
[iommuret] hit #849: HalpIommuInitSystem returned EAX=0x00000000 (success/other) rsp=0xFFFFF8052BE75438 exitCount=872196
[iommuret] hit #850: HalpIommuInitSystem returned EAX=0x00000000 (success/other) rsp=0xFFFFF8052BE75438 exitCount=872197
[iommuret] hit #851: HalpIommuInitSystem returned EAX=0x00000000 (success/other) rsp=0xFFFFF8052BE75438 exitCount=872198
[iommuret] hit #852: HalpIommuInitSystem returned EAX=0x00000000 (success/other) rsp=0xFFFFF8052BE75438 exitCount=872199
[iommuret] hit #853: HalpIommuInitSystem returned EAX=0x00000000 (success/other) rsp=0xFFFFF8052BE75438 exitCount=872200
[iommuret] hit #854: HalpIommuInitSystem returned EAX=0x00000000 (success/other) rsp=0xFFFFF8052BE75438 exitCount=872201
[iommuret] hit #855: HalpIommuInitSystem returned EAX=0x00000000 (success/other) rsp=0xFFFFF8052BE75438 exitCount=872202
[iommuret] hit #856: HalpIommuInitSystem returned EAX=0x00000000 (success/other) rsp=0xFFFFF8052BE75438 exitCount=872203
[iommuret] hit #857: HalpIommuInitSystem returned EAX=0x00000000 (success/other) rsp=0xFFFFF8052BE75438 exitCount=872204
[iommuret] hit #858: HalpIommuInitSystem returned EAX=0x00000000 (success/other) rsp=0xFFFFF8052BE75438 exitCount=872205
[iommuret] hit #859: HalpIommuInitSystem returned EAX=0x00000000 (success/other) rsp=0xFFFFF8052BE75438 exitCount=872206
[iommuret] hit #860: HalpIommuInitSystem returned EAX=0x00000000 (success/other) rsp=0xFFFFF8052BE75438 exitCount=872207
[iommuret] hit #861: HalpIommuInitSystem returned EAX=0x00000000 (success/other) rsp=0xFFFFF8052BE75438 exitCount=872208
[iommuret] hit #862: HalpIommuInitSystem returned EAX=0x00000000 (success/other) rsp=0xFFFFF8052BE75438 exitCount=872209
[iommuret] hit #863: HalpIommuInitSystem returned EAX=0x00000000 (success/other) rsp=0xFFFFF8052BE75438 exitCount=872210
[iommuret] hit #864: HalpIommuInitSystem returned EAX=0x00000000 (success/other) rsp=0xFFFFF8052BE75438 exitCount=872211
[iommuret] hit #865: HalpIommuInitSystem returned EAX=0x00000000 (success/other) rsp=0xFFFFF8052BE75438 exitCount=872212
[iommuret] hit #866: HalpIommuInitSystem returned EAX=0x00000000 (success/other) rsp=0xFFFFF8052BE75438 exitCount=872213
[iommuret] hit #867: HalpIommuInitSystem returned EAX=0x00000000 (success/other) rsp=0xFFFFF8052BE75438 exitCount=872214
[iommuret] hit #868: HalpIommuInitSystem returned EAX=0x00000000 (success/other) rsp=0xFFFFF8052BE75438 exitCount=872215
[iommuret] hit #869: HalpIommuInitSystem returned EAX=0x00000000 (success/other) rsp=0xFFFFF8052BE75438 exitCount=872216
[iommuret] hit #870: HalpIommuInitSystem returned EAX=0x00000000 (success/other) rsp=0xFFFFF8052BE75438 exitCount=872217
[iommuret] hit #871: HalpIommuInitSystem returned EAX=0x00000000 (success/other) rsp=0xFFFFF8052BE75438 exitCount=872218
[iommuret] hit #872: HalpIommuInitSystem returned EAX=0x00000000 (success/other) rsp=0xFFFFF8052BE75438 exitCount=872219
[iommuret] hit #873: HalpIommuInitSystem returned EAX=0x00000000 (success/other) rsp=0xFFFFF8052BE75438 exitCount=872220
[iommuret] hit #874: HalpIommuInitSystem returned EAX=0x00000000 (success/other) rsp=0xFFFFF8052BE75438 exitCount=872221
[iommuret] hit #875: HalpIommuInitSystem returned EAX=0x00000000 (success/other) rsp=0xFFFFF8052BE75438 exitCount=872222
[iommuret] hit #876: HalpIommuInitSystem returned EAX=0x00000000 (success/other) rsp=0xFFFFF8052BE75438 exitCount=872223
[iommuret] hit #877: HalpIommuInitSystem returned EAX=0x00000000 (success/other) rsp=0xFFFFF8052BE75438 exitCount=872224
[iommuret] hit #878: HalpIommuInitSystem returned EAX=0x00000000 (success/other) rsp=0xFFFFF8052BE75438 exitCount=872225
[iommuret] hit #879: HalpIommuInitSystem returned EAX=0x00000000 (success/other) rsp=0xFFFFF8052BE75438 exitCount=872226
[iommuret] hit #880: HalpIommuInitSystem returned EAX=0x00000000 (success/other) rsp=0xFFFFF8052BE75438 exitCount=872227
[iommuret] hit #881: HalpIommuInitSystem returned EAX=0x00000000 (success/other) rsp=0xFFFFF8052BE75438 exitCount=872228
[iommuret] hit #882: HalpIommuInitSystem returned EAX=0x00000000 (success/other) rsp=0xFFFFF8052BE75438 exitCount=872229
[iommuret] hit #883: HalpIommuInitSystem returned EAX=0x00000000 (success/other) rsp=0xFFFFF8052BE75438 exitCount=872230
[iommuret] hit #884: HalpIommuInitSystem returned EAX=0x00000000 (success/other) rsp=0xFFFFF8052BE75438 exitCount=872231
[iommuret] hit #885: HalpIommuInitSystem returned EAX=0x00000000 (success/other) rsp=0xFFFFF8052BE75438 exitCount=872232
[iommuret] hit #886: HalpIommuInitSystem returned EAX=0x00000000 (success/other) rsp=0xFFFFF8052BE75438 exitCount=872233
[iommuret] hit #887: HalpIommuInitSystem returned EAX=0x00000000 (success/other) rsp=0xFFFFF8052BE75438 exitCount=872234
[iommuret] hit #888: HalpIommuInitSystem returned EAX=0x00000000 (success/other) rsp=0xFFFFF8052BE75438 exitCount=872235
[iommuret] hit #889: HalpIommuInitSystem returned EAX=0x00000000 (success/other) rsp=0xFFFFF8052BE75438 exitCount=872236
[iommuret] hit #890: HalpIommuInitSystem returned EAX=0x00000000 (success/other) rsp=0xFFFFF8052BE75438 exitCount=872237
[iommuret] hit #891: HalpIommuInitSystem returned EAX=0x00000000 (success/other) rsp=0xFFFFF8052BE75438 exitCount=872238
[iommuret] hit #892: HalpIommuInitSystem returned EAX=0x00000000 (success/other) rsp=0xFFFFF8052BE75438 exitCount=872239
[iommuret] hit #893: HalpIommuInitSystem returned EAX=0x00000000 (success/other) rsp=0xFFFFF8052BE75438 exitCount=872240
[iommuret] hit #894: HalpIommuInitSystem returned EAX=0x00000000 (success/other) rsp=0xFFFFF8052BE75438 exitCount=872241
[iommuret] hit #895: HalpIommuInitSystem returned EAX=0x00000000 (success/other) rsp=0xFFFFF8052BE75438 exitCount=872242
[iommuret] hit #896: HalpIommuInitSystem returned EAX=0x00000000 (success/other) rsp=0xFFFFF8052BE75438 exitCount=872243
[iommuret] hit #897: HalpIommuInitSystem returned EAX=0x00000000 (success/other) rsp=0xFFFFF8052BE75438 exitCount=872244
[iommuret] hit #898: HalpIommuInitSystem returned EAX=0x00000000 (success/other) rsp=0xFFFFF8052BE75438 exitCount=872245
[iommuret] hit #899: HalpIommuInitSystem returned EAX=0x00000000 (success/other) rsp=0xFFFFF8052BE75438 exitCount=872246
[iommuret] hit #900: HalpIommuInitSystem returned EAX=0x00000000 (success/other) rsp=0xFFFFF8052BE75438 exitCount=872247
[iommuret] hit #901: HalpIommuInitSystem returned EAX=0x00000000 (success/other) rsp=0xFFFFF8052BE75438 exitCount=872248
[iommuret] hit #902: HalpIommuInitSystem returned EAX=0x00000000 (success/other) rsp=0xFFFFF8052BE75438 exitCount=872249
[iommuret] hit #903: HalpIommuInitSystem returned EAX=0x00000000 (success/other) rsp=0xFFFFF8052BE75438 exitCount=872250
[iommuret] hit #904: HalpIommuInitSystem returned EAX=0x00000000 (success/other) rsp=0xFFFFF8052BE75438 exitCount=872251
[iommuret] hit #905: HalpIommuInitSystem returned EAX=0x00000000 (success/other) rsp=0xFFFFF8052BE75438 exitCount=872252
[iommuret] hit #906: HalpIommuInitSystem returned EAX=0x00000000 (success/other) rsp=0xFFFFF8052BE75438 exitCount=872253
[iommuret] hit #907: HalpIommuInitSystem returned EAX=0x00000000 (success/other) rsp=0xFFFFF8052BE75438 exitCount=872254
[iommuret] hit #908: HalpIommuInitSystem returned EAX=0x00000000 (success/other) rsp=0xFFFFF8052BE75438 exitCount=872255
[iommuret] hit #909: HalpIommuInitSystem returned EAX=0x00000000 (success/other) rsp=0xFFFFF8052BE75438 exitCount=872256
[iommuret] hit #910: HalpIommuInitSystem returned EAX=0x00000000 (success/other) rsp=0xFFFFF8052BE75438 exitCount=872257
[iommuret] hit #911: HalpIommuInitSystem returned EAX=0x00000000 (success/other) rsp=0xFFFFF8052BE75438 exitCount=872258
[iommuret] hit #912: HalpIommuInitSystem returned EAX=0x00000000 (success/other) rsp=0xFFFFF8052BE75438 exitCount=872259
[iommuret] hit #913: HalpIommuInitSystem returned EAX=0x00000000 (success/other) rsp=0xFFFFF8052BE75438 exitCount=872260
[iommuret] hit #914: HalpIommuInitSystem returned EAX=0x00000000 (success/other) rsp=0xFFFFF8052BE75438 exitCount=872261
[iommuret] hit #915: HalpIommuInitSystem returned EAX=0x00000000 (success/other) rsp=0xFFFFF8052BE75438 exitCount=872262
[iommuret] hit #916: HalpIommuInitSystem returned EAX=0x00000000 (success/other) rsp=0xFFFFF8052BE75438 exitCount=872263
[iommuret] hit #917: HalpIommuInitSystem returned EAX=0x00000000 (success/other) rsp=0xFFFFF8052BE75438 exitCount=872264
[iommuret] hit #918: HalpIommuInitSystem returned EAX=0x00000000 (success/other) rsp=0xFFFFF8052BE75438 exitCount=872265
[iommuret] hit #919: HalpIommuInitSystem returned EAX=0x00000000 (success/other) rsp=0xFFFFF8052BE75438 exitCount=872266
[iommuret] hit #920: HalpIommuInitSystem returned EAX=0x00000000 (success/other) rsp=0xFFFFF8052BE75438 exitCount=872267
[iommuret] hit #921: HalpIommuInitSystem returned EAX=0x00000000 (success/other) rsp=0xFFFFF8052BE75438 exitCount=872268
[iommuret] hit #922: HalpIommuInitSystem returned EAX=0x00000000 (success/other) rsp=0xFFFFF8052BE75438 exitCount=872269
[iommuret] hit #923: HalpIommuInitSystem returned EAX=0x00000000 (success/other) rsp=0xFFFFF8052BE75438 exitCount=872270
[iommuret] hit #924: HalpIommuInitSystem returned EAX=0x00000000 (success/other) rsp=0xFFFFF8052BE75438 exitCount=872271
[iommuret] hit #925: HalpIommuInitSystem returned EAX=0x00000000 (success/other) rsp=0xFFFFF8052BE75438 exitCount=872272
[iommuret] hit #926: HalpIommuInitSystem returned EAX=0x00000000 (success/other) rsp=0xFFFFF8052BE75438 exitCount=872273
[iommuret] hit #927: HalpIommuInitSystem returned EAX=0x00000000 (success/other) rsp=0xFFFFF8052BE75438 exitCount=872274
[iommuret] hit #928: HalpIommuInitSystem returned EAX=0x00000000 (success/other) rsp=0xFFFFF8052BE75438 exitCount=872275
[iommuret] hit #929: HalpIommuInitSystem returned EAX=0x00000000 (success/other) rsp=0xFFFFF8052BE75438 exitCount=872276
[iommuret] hit #930: HalpIommuInitSystem returned EAX=0x00000000 (success/other) rsp=0xFFFFF8052BE75438 exitCount=872277
[iommuret] hit #931: HalpIommuInitSystem returned EAX=0x00000000 (success/other) rsp=0xFFFFF8052BE75438 exitCount=872278
[iommuret] hit #932: HalpIommuInitSystem returned EAX=0x00000000 (success/other) rsp=0xFFFFF8052BE75438 exitCount=872279
[iommuret] hit #933: HalpIommuInitSystem returned EAX=0x00000000 (success/other) rsp=0xFFFFF8052BE75438 exitCount=872280
[iommuret] hit #934: HalpIommuInitSystem returned EAX=0x00000000 (success/other) rsp=0xFFFFF8052BE75438 exitCount=872281
[iommuret] hit #935: HalpIommuInitSystem returned EAX=0x00000000 (success/other) rsp=0xFFFFF8052BE75438 exitCount=872282
[iommuret] hit #936: HalpIommuInitSystem returned EAX=0x00000000 (success/other) rsp=0xFFFFF8052BE75438 exitCount=872283
[iommuret] hit #937: HalpIommuInitSystem returned EAX=0x00000000 (success/other) rsp=0xFFFFF8052BE75438 exitCount=872284
[iommuret] hit #938: HalpIommuInitSystem returned EAX=0x00000000 (success/other) rsp=0xFFFFF8052BE75438 exitCount=872285
[iommuret] hit #939: HalpIommuInitSystem returned EAX=0x00000000 (success/other) rsp=0xFFFFF8052BE75438 exitCount=872286
[iommuret] hit #940: HalpIommuInitSystem returned EAX=0x00000000 (success/other) rsp=0xFFFFF8052BE75438 exitCount=872287
[iommuret] hit #941: HalpIommuInitSystem returned EAX=0x00000000 (success/other) rsp=0xFFFFF8052BE75438 exitCount=872288
[iommuret] hit #942: HalpIommuInitSystem returned EAX=0x00000000 (success/other) rsp=0xFFFFF8052BE75438 exitCount=872289
[iommuret] hit #943: HalpIommuInitSystem returned EAX=0x00000000 (success/other) rsp=0xFFFFF8052BE75438 exitCount=872290
[iommuret] hit #944: HalpIommuInitSystem returned EAX=0x00000000 (success/other) rsp=0xFFFFF8052BE75438 exitCount=872291
[iommuret] hit #945: HalpIommuInitSystem returned EAX=0x00000000 (success/other) rsp=0xFFFFF8052BE75438 exitCount=872292
[iommuret] hit #946: HalpIommuInitSystem returned EAX=0x00000000 (success/other) rsp=0xFFFFF8052BE75438 exitCount=872293
[iommuret] hit #947: HalpIommuInitSystem returned EAX=0x00000000 (success/other) rsp=0xFFFFF8052BE75438 exitCount=872294
[iommuret] hit #948: HalpIommuInitSystem returned EAX=0x00000000 (success/other) rsp=0xFFFFF8052BE75438 exitCount=872295
[iommuret] hit #949: HalpIommuInitSystem returned EAX=0x00000000 (success/other) rsp=0xFFFFF8052BE75438 exitCount=872296
[iommuret] hit #950: HalpIommuInitSystem returned EAX=0x00000000 (success/other) rsp=0xFFFFF8052BE75438 exitCount=872297
[iommuret] hit #951: HalpIommuInitSystem returned EAX=0x00000000 (success/other) rsp=0xFFFFF8052BE75438 exitCount=872298
[iommuret] hit #952: HalpIommuInitSystem returned EAX=0x00000000 (success/other) rsp=0xFFFFF8052BE75438 exitCount=872299
[iommuret] hit #953: HalpIommuInitSystem returned EAX=0x00000000 (success/other) rsp=0xFFFFF8052BE75438 exitCount=872300
[iommuret] hit #954: HalpIommuInitSystem returned EAX=0x00000000 (success/other) rsp=0xFFFFF8052BE75438 exitCount=872301
[iommuret] hit #955: HalpIommuInitSystem returned EAX=0x00000000 (success/other) rsp=0xFFFFF8052BE75438 exitCount=872302
[iommuret] hit #956: HalpIommuInitSystem returned EAX=0x00000000 (success/other) rsp=0xFFFFF8052BE75438 exitCount=872303
[iommuret] hit #957: HalpIommuInitSystem returned EAX=0x00000000 (success/other) rsp=0xFFFFF8052BE75438 exitCount=872304
[iommuret] hit #958: HalpIommuInitSystem returned EAX=0x00000000 (success/other) rsp=0xFFFFF8052BE75438 exitCount=872305
[iommuret] hit #959: HalpIommuInitSystem returned EAX=0x00000000 (success/other) rsp=0xFFFFF8052BE75438 exitCount=872306
[iommuret] hit #960: HalpIommuInitSystem returned EAX=0x00000000 (success/other) rsp=0xFFFFF8052BE75438 exitCount=872307
[iommuret] hit #961: HalpIommuInitSystem returned EAX=0x00000000 (success/other) rsp=0xFFFFF8052BE75438 exitCount=872308
[iommuret] hit #962: HalpIommuInitSystem returned EAX=0x00000000 (success/other) rsp=0xFFFFF8052BE75438 exitCount=872309
[iommuret] hit #963: HalpIommuInitSystem returned EAX=0x00000000 (success/other) rsp=0xFFFFF8052BE75438 exitCount=872310
[iommuret] hit #964: HalpIommuInitSystem returned EAX=0x00000000 (success/other) rsp=0xFFFFF8052BE75438 exitCount=872311
[iommuret] hit #965: HalpIommuInitSystem returned EAX=0x00000000 (success/other) rsp=0xFFFFF8052BE75438 exitCount=872312
[iommuret] hit #966: HalpIommuInitSystem returned EAX=0x00000000 (success/other) rsp=0xFFFFF8052BE75438 exitCount=872313
[iommuret] hit #967: HalpIommuInitSystem returned EAX=0x00000000 (success/other) rsp=0xFFFFF8052BE75438 exitCount=872314
[iommuret] hit #968: HalpIommuInitSystem returned EAX=0x00000000 (success/other) rsp=0xFFFFF8052BE75438 exitCount=872315
[iommuret] hit #969: HalpIommuInitSystem returned EAX=0x00000000 (success/other) rsp=0xFFFFF8052BE75438 exitCount=872316
[iommuret] hit #970: HalpIommuInitSystem returned EAX=0x00000000 (success/other) rsp=0xFFFFF8052BE75438 exitCount=872317
[iommuret] hit #971: HalpIommuInitSystem returned EAX=0x00000000 (success/other) rsp=0xFFFFF8052BE75438 exitCount=872318
[iommuret] hit #972: HalpIommuInitSystem returned EAX=0x00000000 (success/other) rsp=0xFFFFF8052BE75438 exitCount=872319
[iommuret] hit #973: HalpIommuInitSystem returned EAX=0x00000000 (success/other) rsp=0xFFFFF8052BE75438 exitCount=872320
[iommuret] hit #974: HalpIommuInitSystem returned EAX=0x00000000 (success/other) rsp=0xFFFFF8052BE75438 exitCount=872321
[iommuret] hit #975: HalpIommuInitSystem returned EAX=0x00000000 (success/other) rsp=0xFFFFF8052BE75438 exitCount=872322
[iommuret] hit #976: HalpIommuInitSystem returned EAX=0x00000000 (success/other) rsp=0xFFFFF8052BE75438 exitCount=872323
[iommuret] hit #977: HalpIommuInitSystem returned EAX=0x00000000 (success/other) rsp=0xFFFFF8052BE75438 exitCount=872324
[iommuret] hit #978: HalpIommuInitSystem returned EAX=0x00000000 (success/other) rsp=0xFFFFF8052BE75438 exitCount=872325
[iommuret] hit #979: HalpIommuInitSystem returned EAX=0x00000000 (success/other) rsp=0xFFFFF8052BE75438 exitCount=872326
[iommuret] hit #980: HalpIommuInitSystem returned EAX=0x00000000 (success/other) rsp=0xFFFFF8052BE75438 exitCount=872327
[iommuret] hit #981: HalpIommuInitSystem returned EAX=0x00000000 (success/other) rsp=0xFFFFF8052BE75438 exitCount=872328
[iommuret] hit #982: HalpIommuInitSystem returned EAX=0x00000000 (success/other) rsp=0xFFFFF8052BE75438 exitCount=872329
[iommuret] hit #983: HalpIommuInitSystem returned EAX=0x00000000 (success/other) rsp=0xFFFFF8052BE75438 exitCount=872330
[iommuret] hit #984: HalpIommuInitSystem returned EAX=0x00000000 (success/other) rsp=0xFFFFF8052BE75438 exitCount=872331
[iommuret] hit #985: HalpIommuInitSystem returned EAX=0x00000000 (success/other) rsp=0xFFFFF8052BE75438 exitCount=872332
[iommuret] hit #986: HalpIommuInitSystem returned EAX=0x00000000 (success/other) rsp=0xFFFFF8052BE75438 exitCount=872333
[iommuret] hit #987: HalpIommuInitSystem returned EAX=0x00000000 (success/other) rsp=0xFFFFF8052BE75438 exitCount=872334
[iommuret] hit #988: HalpIommuInitSystem returned EAX=0x00000000 (success/other) rsp=0xFFFFF8052BE75438 exitCount=872335
[iommuret] hit #989: HalpIommuInitSystem returned EAX=0x00000000 (success/other) rsp=0xFFFFF8052BE75438 exitCount=872336
[iommuret] hit #990: HalpIommuInitSystem returned EAX=0x00000000 (success/other) rsp=0xFFFFF8052BE75438 exitCount=872337
[iommuret] hit #991: HalpIommuInitSystem returned EAX=0x00000000 (success/other) rsp=0xFFFFF8052BE75438 exitCount=872338
[iommuret] hit #992: HalpIommuInitSystem returned EAX=0x00000000 (success/other) rsp=0xFFFFF8052BE75438 exitCount=872339
[iommuret] hit #993: HalpIommuInitSystem returned EAX=0x00000000 (success/other) rsp=0xFFFFF8052BE75438 exitCount=872340
[iommuret] hit #994: HalpIommuInitSystem returned EAX=0x00000000 (success/other) rsp=0xFFFFF8052BE75438 exitCount=872341
[iommuret] hit #995: HalpIommuInitSystem returned EAX=0x00000000 (success/other) rsp=0xFFFFF8052BE75438 exitCount=872342
[iommuret] hit #996: HalpIommuInitSystem returned EAX=0x00000000 (success/other) rsp=0xFFFFF8052BE75438 exitCount=872343
[iommuret] hit #997: HalpIommuInitSystem returned EAX=0x00000000 (success/other) rsp=0xFFFFF8052BE75438 exitCount=872344
[iommuret] hit #998: HalpIommuInitSystem returned EAX=0x00000000 (success/other) rsp=0xFFFFF8052BE75438 exitCount=872345
[iommuret] hit #999: HalpIommuInitSystem returned EAX=0x00000000 (success/other) rsp=0xFFFFF8052BE75438 exitCount=872346
[iommuret] hit #1000: HalpIommuInitSystem returned EAX=0x00000000 (success/other) rsp=0xFFFFF8052BE75438 exitCount=872347
[iommuret] hit #1001: HalpIommuInitSystem returned EAX=0x00000000 (success/other) rsp=0xFFFFF8052BE75438 exitCount=872348
[iommuret] hit #1002: HalpIommuInitSystem returned EAX=0x00000000 (success/other) rsp=0xFFFFF8052BE75438 exitCount=872349
[iommuret] hit #1003: HalpIommuInitSystem returned EAX=0x00000000 (success/other) rsp=0xFFFFF8052BE75438 exitCount=872350
[iommuret] hit #1004: HalpIommuInitSystem returned EAX=0x00000000 (success/other) rsp=0xFFFFF8052BE75438 exitCount=872351
[iommuret] hit #1005: HalpIommuInitSystem returned EAX=0x00000000 (success/other) rsp=0xFFFFF8052BE75438 exitCount=872352
[iommuret] hit #1006: HalpIommuInitSystem returned EAX=0x00000000 (success/other) rsp=0xFFFFF8052BE75438 exitCount=872353
[iommuret] hit #1007: HalpIommuInitSystem returned EAX=0x00000000 (success/other) rsp=0xFFFFF8052BE75438 exitCount=872354
[iommuret] hit #1008: HalpIommuInitSystem returned EAX=0x00000000 (success/other) rsp=0xFFFFF8052BE75438 exitCount=872355
[iommuret] hit #1009: HalpIommuInitSystem returned EAX=0x00000000 (success/other) rsp=0xFFFFF8052BE75438 exitCount=872356
[iommuret] hit #1010: HalpIommuInitSystem returned EAX=0x00000000 (success/other) rsp=0xFFFFF8052BE75438 exitCount=872357
[iommuret] hit #1011: HalpIommuInitSystem returned EAX=0x00000000 (success/other) rsp=0xFFFFF8052BE75438 exitCount=872358
[iommuret] hit #1012: HalpIommuInitSystem returned EAX=0x00000000 (success/other) rsp=0xFFFFF8052BE75438 exitCount=872359
[iommuret] hit #1013: HalpIommuInitSystem returned EAX=0x00000000 (success/other) rsp=0xFFFFF8052BE75438 exitCount=872360
[iommuret] hit #1014: HalpIommuInitSystem returned EAX=0x00000000 (success/other) rsp=0xFFFFF8052BE75438 exitCount=872361
[iommuret] hit #1015: HalpIommuInitSystem returned EAX=0x00000000 (success/other) rsp=0xFFFFF8052BE75438 exitCount=872362
[iommuret] hit #1016: HalpIommuInitSystem returned EAX=0x00000000 (success/other) rsp=0xFFFFF8052BE75438 exitCount=872363
[iommuret] hit #1017: HalpIommuInitSystem returned EAX=0x00000000 (success/other) rsp=0xFFFFF8052BE75438 exitCount=872364
[iommuret] hit #1018: HalpIommuInitSystem returned EAX=0x00000000 (success/other) rsp=0xFFFFF8052BE75438 exitCount=872365
[iommuret] hit #1019: HalpIommuInitSystem returned EAX=0x00000000 (success/other) rsp=0xFFFFF8052BE75438 exitCount=872366
[iommuret] hit #1020: HalpIommuInitSystem returned EAX=0x00000000 (success/other) rsp=0xFFFFF8052BE75438 exitCount=872367
[iommuret] hit #1021: HalpIommuInitSystem returned EAX=0x00000000 (success/other) rsp=0xFFFFF8052BE75438 exitCount=872368
[iommuret] hit #1022: HalpIommuInitSystem returned EAX=0x00000000 (success/other) rsp=0xFFFFF8052BE75438 exitCount=872369
[iommuret] hit #1023: HalpIommuInitSystem returned EAX=0x00000000 (success/other) rsp=0xFFFFF8052BE75438 exitCount=872370
[iommuret] hit #1024: HalpIommuInitSystem returned EAX=0x00000000 (success/other) rsp=0xFFFFF8052BE75438 exitCount=872371
[iommuret] hit #1025: HalpIommuInitSystem returned EAX=0x00000000 (success/other) rsp=0xFFFFF8052BE75438 exitCount=872372
[iommuret] hit #1026: HalpIommuInitSystem returned EAX=0x00000000 (success/other) rsp=0xFFFFF8052BE75438 exitCount=872373
[iommuret] hit #1027: HalpIommuInitSystem returned EAX=0x00000000 (success/other) rsp=0xFFFFF8052BE75438 exitCount=872374
[iommuret] hit #1028: HalpIommuInitSystem returned EAX=0x00000000 (success/other) rsp=0xFFFFF8052BE75438 exitCount=872375
[iommuret] hit #1029: HalpIommuInitSystem returned EAX=0x00000000 (success/other) rsp=0xFFFFF8052BE75438 exitCount=872376
[iommuret] hit #1030: HalpIommuInitSystem returned EAX=0x00000000 (success/other) rsp=0xFFFFF8052BE75438 exitCount=872377
[iommuret] hit #1031: HalpIommuInitSystem returned EAX=0x00000000 (success/other) rsp=0xFFFFF8052BE75438 exitCount=872378
[iommuret] hit #1032: HalpIommuInitSystem returned EAX=0x00000000 (success/other) rsp=0xFFFFF8052BE75438 exitCount=872379
[iommuret] hit #1033: HalpIommuInitSystem returned EAX=0x00000000 (success/other) rsp=0xFFFFF8052BE75438 exitCount=872380
[iommuret] hit #1034: HalpIommuInitSystem returned EAX=0x00000000 (success/other) rsp=0xFFFFF8052BE75438 exitCount=872381
[iommuret] hit #1035: HalpIommuInitSystem returned EAX=0x00000000 (success/other) rsp=0xFFFFF8052BE75438 exitCount=872382
[iommuret] hit #1036: HalpIommuInitSystem returned EAX=0x00000000 (success/other) rsp=0xFFFFF8052BE75438 exitCount=872383
[iommuret] hit #1037: HalpIommuInitSystem returned EAX=0x00000000 (success/other) rsp=0xFFFFF8052BE75438 exitCount=872384
[iommuret] hit #1038: HalpIommuInitSystem returned EAX=0x00000000 (success/other) rsp=0xFFFFF8052BE75438 exitCount=872385
[iommuret] hit #1039: HalpIommuInitSystem returned EAX=0x00000000 (success/other) rsp=0xFFFFF8052BE75438 exitCount=872386
[iommuret] hit #1040: HalpIommuInitSystem returned EAX=0x00000000 (success/other) rsp=0xFFFFF8052BE75438 exitCount=872387
[iommuret] hit #1041: HalpIommuInitSystem returned EAX=0x00000000 (success/other) rsp=0xFFFFF8052BE75438 exitCount=872388
[iommuret] hit #1042: HalpIommuInitSystem returned EAX=0x00000000 (success/other) rsp=0xFFFFF8052BE75438 exitCount=872389
[iommuret] hit #1043: HalpIommuInitSystem returned EAX=0x00000000 (success/other) rsp=0xFFFFF8052BE75438 exitCount=872390
[iommuret] hit #1044: HalpIommuInitSystem returned EAX=0x00000000 (success/other) rsp=0xFFFFF8052BE75438 exitCount=872391
[iommuret] hit #1045: HalpIommuInitSystem returned EAX=0x00000000 (success/other) rsp=0xFFFFF8052BE75438 exitCount=872392
[iommuret] hit #1046: HalpIommuInitSystem returned EAX=0x00000000 (success/other) rsp=0xFFFFF8052BE75438 exitCount=872393
[iommuret] hit #1047: HalpIommuInitSystem returned EAX=0x00000000 (success/other) rsp=0xFFFFF8052BE75438 exitCount=872394
[iommuret] hit #1048: HalpIommuInitSystem returned EAX=0x00000000 (success/other) rsp=0xFFFFF8052BE75438 exitCount=872395
[iommuret] hit #1049: HalpIommuInitSystem returned EAX=0x00000000 (success/other) rsp=0xFFFFF8052BE75438 exitCount=872396
[iommuret] hit #1050: HalpIommuInitSystem returned EAX=0x00000000 (success/other) rsp=0xFFFFF8052BE75438 exitCount=872397
[iommuret] hit #1051: HalpIommuInitSystem returned EAX=0x00000000 (success/other) rsp=0xFFFFF8052BE75438 exitCount=872398
[iommuret] hit #1052: HalpIommuInitSystem returned EAX=0x00000000 (success/other) rsp=0xFFFFF8052BE75438 exitCount=872399
[iommuret] hit #1053: HalpIommuInitSystem returned EAX=0x00000000 (success/other) rsp=0xFFFFF8052BE75438 exitCount=872400
[iommuret] hit #1054: HalpIommuInitSystem returned EAX=0x00000000 (success/other) rsp=0xFFFFF8052BE75438 exitCount=872401
[iommuret] hit #1055: HalpIommuInitSystem returned EAX=0x00000000 (success/other) rsp=0xFFFFF8052BE75438 exitCount=872402
[iommuret] hit #1056: HalpIommuInitSystem returned EAX=0x00000000 (success/other) rsp=0xFFFFF8052BE75438 exitCount=872403
[iommuret] hit #1057: HalpIommuInitSystem returned EAX=0x00000000 (success/other) rsp=0xFFFFF8052BE75438 exitCount=872404
[iommuret] hit #1058: HalpIommuInitSystem returned EAX=0x00000000 (success/other) rsp=0xFFFFF8052BE75438 exitCount=872405
[iommuret] hit #1059: HalpIommuInitSystem returned EAX=0x00000000 (success/other) rsp=0xFFFFF8052BE75438 exitCount=872406
[iommuret] hit #1060: HalpIommuInitSystem returned EAX=0x00000000 (success/other) rsp=0xFFFFF8052BE75438 exitCount=872407
[iommuret] hit #1061: HalpIommuInitSystem returned EAX=0x00000000 (success/other) rsp=0xFFFFF8052BE75438 exitCount=872408
[iommuret] hit #1062: HalpIommuInitSystem returned EAX=0x00000000 (success/other) rsp=0xFFFFF8052BE75438 exitCount=872409
[iommuret] hit #1063: HalpIommuInitSystem returned EAX=0x00000000 (success/other) rsp=0xFFFFF8052BE75438 exitCount=872410
[iommuret] hit #1064: HalpIommuInitSystem returned EAX=0x00000000 (success/other) rsp=0xFFFFF8052BE75438 exitCount=872411
[iommuret] hit #1065: HalpIommuInitSystem returned EAX=0x00000000 (success/other) rsp=0xFFFFF8052BE75438 exitCount=872412
[iommuret] hit #1066: HalpIommuInitSystem returned EAX=0x00000000 (success/other) rsp=0xFFFFF8052BE75438 exitCount=872413
[iommuret] hit #1067: HalpIommuInitSystem returned EAX=0x00000000 (success/other) rsp=0xFFFFF8052BE75438 exitCount=872414
[iommuret] hit #1068: HalpIommuInitSystem returned EAX=0x00000000 (success/other) rsp=0xFFFFF8052BE75438 exitCount=872415
[iommuret] hit #1069: HalpIommuInitSystem returned EAX=0x00000000 (success/other) rsp=0xFFFFF8052BE75438 exitCount=872416
[iommuret] hit #1070: HalpIommuInitSystem returned EAX=0x00000000 (success/other) rsp=0xFFFFF8052BE75438 exitCount=872417
[iommuret] hit #1071: HalpIommuInitSystem returned EAX=0x00000000 (success/other) rsp=0xFFFFF8052BE75438 exitCount=872418
[iommuret] hit #1072: HalpIommuInitSystem returned EAX=0x00000000 (success/other) rsp=0xFFFFF8052BE75438 exitCount=872419
[iommuret] hit #1073: HalpIommuInitSystem returned EAX=0x00000000 (success/other) rsp=0xFFFFF8052BE75438 exitCount=872420
[iommuret] hit #1074: HalpIommuInitSystem returned EAX=0x00000000 (success/other) rsp=0xFFFFF8052BE75438 exitCount=872421
[iommuret] hit #1075: HalpIommuInitSystem returned EAX=0x00000000 (success/other) rsp=0xFFFFF8052BE75438 exitCount=872422
[iommuret] hit #1076: HalpIommuInitSystem returned EAX=0x00000000 (success/other) rsp=0xFFFFF8052BE75438 exitCount=872423
[iommuret] hit #1077: HalpIommuInitSystem returned EAX=0x00000000 (success/other) rsp=0xFFFFF8052BE75438 exitCount=872424
[iommuret] hit #1078: HalpIommuInitSystem returned EAX=0x00000000 (success/other) rsp=0xFFFFF8052BE75438 exitCount=872425
[iommuret] hit #1079: HalpIommuInitSystem returned EAX=0x00000000 (success/other) rsp=0xFFFFF8052BE75438 exitCount=872426
[iommuret] hit #1080: HalpIommuInitSystem returned EAX=0x00000000 (success/other) rsp=0xFFFFF8052BE75438 exitCount=872427
[iommuret] hit #1081: HalpIommuInitSystem returned EAX=0x00000000 (success/other) rsp=0xFFFFF8052BE75438 exitCount=872428
[iommuret] hit #1082: HalpIommuInitSystem returned EAX=0x00000000 (success/other) rsp=0xFFFFF8052BE75438 exitCount=872429
[iommuret] hit #1083: HalpIommuInitSystem returned EAX=0x00000000 (success/other) rsp=0xFFFFF8052BE75438 exitCount=872430
[iommuret] hit #1084: HalpIommuInitSystem returned EAX=0x00000000 (success/other) rsp=0xFFFFF8052BE75438 exitCount=872431
[iommuret] hit #1085: HalpIommuInitSystem returned EAX=0x00000000 (success/other) rsp=0xFFFFF8052BE75438 exitCount=872432
[iommuret] hit #1086: HalpIommuInitSystem returned EAX=0x00000000 (success/other) rsp=0xFFFFF8052BE75438 exitCount=872433
[iommuret] hit #1087: HalpIommuInitSystem returned EAX=0x00000000 (success/other) rsp=0xFFFFF8052BE75438 exitCount=872434
[iommuret] hit #1088: HalpIommuInitSystem returned EAX=0x00000000 (success/other) rsp=0xFFFFF8052BE75438 exitCount=872435
[iommuret] hit #1089: HalpIommuInitSystem returned EAX=0x00000000 (success/other) rsp=0xFFFFF8052BE75438 exitCount=872436
[iommuret] hit #1090: HalpIommuInitSystem returned EAX=0x00000000 (success/other) rsp=0xFFFFF8052BE75438 exitCount=872437
[iommuret] hit #1091: HalpIommuInitSystem returned EAX=0x00000000 (success/other) rsp=0xFFFFF8052BE75438 exitCount=872438
[iommuret] hit #1092: HalpIommuInitSystem returned EAX=0x00000000 (success/other) rsp=0xFFFFF8052BE75438 exitCount=872439
[iommuret] hit #1093: HalpIommuInitSystem returned EAX=0x00000000 (success/other) rsp=0xFFFFF8052BE75438 exitCount=872440
[iommuret] hit #1094: HalpIommuInitSystem returned EAX=0x00000000 (success/other) rsp=0xFFFFF8052BE75438 exitCount=872441
[iommuret] hit #1095: HalpIommuInitSystem returned EAX=0x00000000 (success/other) rsp=0xFFFFF8052BE75438 exitCount=872442
[iommuret] hit #1096: HalpIommuInitSystem returned EAX=0x00000000 (success/other) rsp=0xFFFFF8052BE75438 exitCount=872443
[iommuret] hit #1097: HalpIommuInitSystem returned EAX=0x00000000 (success/other) rsp=0xFFFFF8052BE75438 exitCount=872444
[iommuret] hit #1098: HalpIommuInitSystem returned EAX=0x00000000 (success/other) rsp=0xFFFFF8052BE75438 exitCount=872445
[iommuret] hit #1099: HalpIommuInitSystem returned EAX=0x00000000 (success/other) rsp=0xFFFFF8052BE75438 exitCount=872446
[iommuret] hit #1100: HalpIommuInitSystem returned EAX=0x00000000 (success/other) rsp=0xFFFFF8052BE75438 exitCount=872447
[iommuret] hit #1101: HalpIommuInitSystem returned EAX=0x00000000 (success/other) rsp=0xFFFFF8052BE75438 exitCount=872448
[iommuret] hit #1102: HalpIommuInitSystem returned EAX=0x00000000 (success/other) rsp=0xFFFFF8052BE75438 exitCount=872449
[iommuret] hit #1103: HalpIommuInitSystem returned EAX=0x00000000 (success/other) rsp=0xFFFFF8052BE75438 exitCount=872450
[iommuret] hit #1104: HalpIommuInitSystem returned EAX=0x00000000 (success/other) rsp=0xFFFFF8052BE75438 exitCount=872451
[iommuret] hit #1105: HalpIommuInitSystem returned EAX=0x00000000 (success/other) rsp=0xFFFFF8052BE75438 exitCount=872452
[iommuret] hit #1106: HalpIommuInitSystem returned EAX=0x00000000 (success/other) rsp=0xFFFFF8052BE75438 exitCount=872453
[iommuret] hit #1107: HalpIommuInitSystem returned EAX=0x00000000 (success/other) rsp=0xFFFFF8052BE75438 exitCount=872454
[iommuret] hit #1108: HalpIommuInitSystem returned EAX=0x00000000 (success/other) rsp=0xFFFFF8052BE75438 exitCount=872455
[iommuret] hit #1109: HalpIommuInitSystem returned EAX=0x00000000 (success/other) rsp=0xFFFFF8052BE75438 exitCount=872456
[iommuret] hit #1110: HalpIommuInitSystem returned EAX=0x00000000 (success/other) rsp=0xFFFFF8052BE75438 exitCount=872457
[iommuret] hit #1111: HalpIommuInitSystem returned EAX=0x00000000 (success/other) rsp=0xFFFFF8052BE75438 exitCount=872458
[iommuret] hit #1112: HalpIommuInitSystem returned EAX=0x00000000 (success/other) rsp=0xFFFFF8052BE75438 exitCount=872459
[iommuret] hit #1113: HalpIommuInitSystem returned EAX=0x00000000 (success/other) rsp=0xFFFFF8052BE75438 exitCount=872460
[iommuret] hit #1114: HalpIommuInitSystem returned EAX=0x00000000 (success/other) rsp=0xFFFFF8052BE75438 exitCount=872461
[iommuret] hit #1115: HalpIommuInitSystem returned EAX=0x00000000 (success/other) rsp=0xFFFFF8052BE75438 exitCount=872462
[iommuret] hit #1116: HalpIommuInitSystem returned EAX=0x00000000 (success/other) rsp=0xFFFFF8052BE75438 exitCount=872463
[iommuret] hit #1117: HalpIommuInitSystem returned EAX=0x00000000 (success/other) rsp=0xFFFFF8052BE75438 exitCount=872464
[iommuret] hit #1118: HalpIommuInitSystem returned EAX=0x00000000 (success/other) rsp=0xFFFFF8052BE75438 exitCount=872465
[iommuret] hit #1119: HalpIommuInitSystem returned EAX=0x00000000 (success/other) rsp=0xFFFFF8052BE75438 exitCount=872466
[iommuret] hit #1120: HalpIommuInitSystem returned EAX=0x00000000 (success/other) rsp=0xFFFFF8052BE75438 exitCount=872467
[iommuret] hit #1121: HalpIommuInitSystem returned EAX=0x00000000 (success/other) rsp=0xFFFFF8052BE75438 exitCount=872468
[iommuret] hit #1122: HalpIommuInitSystem returned EAX=0x00000000 (success/other) rsp=0xFFFFF8052BE75438 exitCount=872469
[iommuret] hit #1123: HalpIommuInitSystem returned EAX=0x00000000 (success/other) rsp=0xFFFFF8052BE75438 exitCount=872470
[iommuret] hit #1124: HalpIommuInitSystem returned EAX=0x00000000 (success/other) rsp=0xFFFFF8052BE75438 exitCount=872471
[iommuret] hit #1125: HalpIommuInitSystem returned EAX=0x00000000 (success/other) rsp=0xFFFFF8052BE75438 exitCount=872472
[iommuret] hit #1126: HalpIommuInitSystem returned EAX=0x00000000 (success/other) rsp=0xFFFFF8052BE75438 exitCount=872473
[iommuret] hit #1127: HalpIommuInitSystem returned EAX=0x00000000 (success/other) rsp=0xFFFFF8052BE75438 exitCount=872474
[iommuret] hit #1128: HalpIommuInitSystem returned EAX=0x00000000 (success/other) rsp=0xFFFFF8052BE75438 exitCount=872475
[iommuret] hit #1129: HalpIommuInitSystem returned EAX=0x00000000 (success/other) rsp=0xFFFFF8052BE75438 exitCount=872476
[iommuret] hit #1130: HalpIommuInitSystem returned EAX=0x00000000 (success/other) rsp=0xFFFFF8052BE75438 exitCount=872477
[iommuret] hit #1131: HalpIommuInitSystem returned EAX=0x00000000 (success/other) rsp=0xFFFFF8052BE75438 exitCount=872478
[iommuret] hit #1132: HalpIommuInitSystem returned EAX=0x00000000 (success/other) rsp=0xFFFFF8052BE75438 exitCount=872479
[iommuret] hit #1133: HalpIommuInitSystem returned EAX=0x00000000 (success/other) rsp=0xFFFFF8052BE75438 exitCount=872480
[iommuret] hit #1134: HalpIommuInitSystem returned EAX=0x00000000 (success/other) rsp=0xFFFFF8052BE75438 exitCount=872481
[iommuret] hit #1135: HalpIommuInitSystem returned EAX=0x00000000 (success/other) rsp=0xFFFFF8052BE75438 exitCount=872482
[iommuret] hit #1136: HalpIommuInitSystem returned EAX=0x00000000 (success/other) rsp=0xFFFFF8052BE75438 exitCount=872483
[iommuret] hit #1137: HalpIommuInitSystem returned EAX=0x00000000 (success/other) rsp=0xFFFFF8052BE75438 exitCount=872484
[iommuret] hit #1138: HalpIommuInitSystem returned EAX=0x00000000 (success/other) rsp=0xFFFFF8052BE75438 exitCount=872485
[iommuret] hit #1139: HalpIommuInitSystem returned EAX=0x00000000 (success/other) rsp=0xFFFFF8052BE75438 exitCount=872486
[iommuret] hit #1140: HalpIommuInitSystem returned EAX=0x00000000 (success/other) rsp=0xFFFFF8052BE75438 exitCount=872487
[iommuret] hit #1141: HalpIommuInitSystem returned EAX=0x00000000 (success/other) rsp=0xFFFFF8052BE75438 exitCount=872488
[iommuret] hit #1142: HalpIommuInitSystem returned EAX=0x00000000 (success/other) rsp=0xFFFFF8052BE75438 exitCount=872489
[iommuret] hit #1143: HalpIommuInitSystem returned EAX=0x00000000 (success/other) rsp=0xFFFFF8052BE75438 exitCount=872490
[iommuret] hit #1144: HalpIommuInitSystem returned EAX=0x00000000 (success/other) rsp=0xFFFFF8052BE75438 exitCount=872491
[iommuret] hit #1145: HalpIommuInitSystem returned EAX=0x00000000 (success/other) rsp=0xFFFFF8052BE75438 exitCount=872492
[iommuret] hit #1146: HalpIommuInitSystem returned EAX=0x00000000 (success/other) rsp=0xFFFFF8052BE75438 exitCount=872493
[iommuret] hit #1147: HalpIommuInitSystem returned EAX=0x00000000 (success/other) rsp=0xFFFFF8052BE75438 exitCount=872494
[iommuret] hit #1148: HalpIommuInitSystem returned EAX=0x00000000 (success/other) rsp=0xFFFFF8052BE75438 exitCount=872495
[iommuret] hit #1149: HalpIommuInitSystem returned EAX=0x00000000 (success/other) rsp=0xFFFFF8052BE75438 exitCount=872496
[iommuret] hit #1150: HalpIommuInitSystem returned EAX=0x00000000 (success/other) rsp=0xFFFFF8052BE75438 exitCount=872497
[iommuret] hit #1151: HalpIommuInitSystem returned EAX=0x00000000 (success/other) rsp=0xFFFFF8052BE75438 exitCount=872498
[iommuret] hit #1152: HalpIommuInitSystem returned EAX=0x00000000 (success/other) rsp=0xFFFFF8052BE75438 exitCount=872499
[iommuret] hit #1153: HalpIommuInitSystem returned EAX=0x00000000 (success/other) rsp=0xFFFFF8052BE75438 exitCount=872500
[iommuret] hit #1154: HalpIommuInitSystem returned EAX=0x00000000 (success/other) rsp=0xFFFFF8052BE75438 exitCount=872501
[iommuret] hit #1155: HalpIommuInitSystem returned EAX=0x00000000 (success/other) rsp=0xFFFFF8052BE75438 exitCount=872502
[iommuret] hit #1156: HalpIommuInitSystem returned EAX=0x00000000 (success/other) rsp=0xFFFFF8052BE75438 exitCount=872503
[iommuret] hit #1157: HalpIommuInitSystem returned EAX=0x00000000 (success/other) rsp=0xFFFFF8052BE75438 exitCount=872504
[iommuret] hit #1158: HalpIommuInitSystem returned EAX=0x00000000 (success/other) rsp=0xFFFFF8052BE75438 exitCount=872505
[iommuret] hit #1159: HalpIommuInitSystem returned EAX=0x00000000 (success/other) rsp=0xFFFFF8052BE75438 exitCount=872506
[iommuret] hit #1160: HalpIommuInitSystem returned EAX=0x00000000 (success/other) rsp=0xFFFFF8052BE75438 exitCount=872507
[iommuret] hit #1161: HalpIommuInitSystem returned EAX=0x00000000 (success/other) rsp=0xFFFFF8052BE75438 exitCount=872508
[iommuret] hit #1162: HalpIommuInitSystem returned EAX=0x00000000 (success/other) rsp=0xFFFFF8052BE75438 exitCount=872509
[iommuret] hit #1163: HalpIommuInitSystem returned EAX=0x00000000 (success/other) rsp=0xFFFFF8052BE75438 exitCount=872510
[iommuret] hit #1164: HalpIommuInitSystem returned EAX=0x00000000 (success/other) rsp=0xFFFFF8052BE75438 exitCount=872511
[iommuret] hit #1165: HalpIommuInitSystem returned EAX=0x00000000 (success/other) rsp=0xFFFFF8052BE75438 exitCount=872512
[iommuret] hit #1166: HalpIommuInitSystem returned EAX=0x00000000 (success/other) rsp=0xFFFFF8052BE75438 exitCount=872513
[iommuret] hit #1167: HalpIommuInitSystem returned EAX=0x00000000 (success/other) rsp=0xFFFFF8052BE75438 exitCount=872514
[iommuret] hit #1168: HalpIommuInitSystem returned EAX=0x00000000 (success/other) rsp=0xFFFFF8052BE75438 exitCount=872515
[iommuret] hit #1169: HalpIommuInitSystem returned EAX=0x00000000 (success/other) rsp=0xFFFFF8052BE75438 exitCount=872516
[iommuret] hit #1170: HalpIommuInitSystem returned EAX=0x00000000 (success/other) rsp=0xFFFFF8052BE75438 exitCount=872517
[iommuret] hit #1171: HalpIommuInitSystem returned EAX=0x00000000 (success/other) rsp=0xFFFFF8052BE75438 exitCount=872518
[iommuret] hit #1172: HalpIommuInitSystem returned EAX=0x00000000 (success/other) rsp=0xFFFFF8052BE75438 exitCount=872519
[iommuret] hit #1173: HalpIommuInitSystem returned EAX=0x00000000 (success/other) rsp=0xFFFFF8052BE75438 exitCount=872520
[iommuret] hit #1174: HalpIommuInitSystem returned EAX=0x00000000 (success/other) rsp=0xFFFFF8052BE75438 exitCount=872521
[iommuret] hit #1175: HalpIommuInitSystem returned EAX=0x00000000 (success/other) rsp=0xFFFFF8052BE75438 exitCount=872522
[iommuret] hit #1176: HalpIommuInitSystem returned EAX=0x00000000 (success/other) rsp=0xFFFFF8052BE75438 exitCount=872523
[iommuret] hit #1177: HalpIommuInitSystem returned EAX=0x00000000 (success/other) rsp=0xFFFFF8052BE75438 exitCount=872524
[iommuret] hit #1178: HalpIommuInitSystem returned EAX=0x00000000 (success/other) rsp=0xFFFFF8052BE75438 exitCount=872525
[iommuret] hit #1179: HalpIommuInitSystem returned EAX=0x00000000 (success/other) rsp=0xFFFFF8052BE75438 exitCount=872526
[iommuret] hit #1180: HalpIommuInitSystem returned EAX=0x00000000 (success/other) rsp=0xFFFFF8052BE75438 exitCount=872527
[iommuret] hit #1181: HalpIommuInitSystem returned EAX=0x00000000 (success/other) rsp=0xFFFFF8052BE75438 exitCount=872528
[iommuret] hit #1182: HalpIommuInitSystem returned EAX=0x00000000 (success/other) rsp=0xFFFFF8052BE75438 exitCount=872529
[iommuret] hit #1183: HalpIommuInitSystem returned EAX=0x00000000 (success/other) rsp=0xFFFFF8052BE75438 exitCount=872530
[iommuret] hit #1184: HalpIommuInitSystem returned EAX=0x00000000 (success/other) rsp=0xFFFFF8052BE75438 exitCount=872531
[iommuret] hit #1185: HalpIommuInitSystem returned EAX=0x00000000 (success/other) rsp=0xFFFFF8052BE75438 exitCount=872532
[iommuret] hit #1186: HalpIommuInitSystem returned EAX=0x00000000 (success/other) rsp=0xFFFFF8052BE75438 exitCount=872533
[iommuret] hit #1187: HalpIommuInitSystem returned EAX=0x00000000 (success/other) rsp=0xFFFFF8052BE75438 exitCount=872534
[iommuret] hit #1188: HalpIommuInitSystem returned EAX=0x00000000 (success/other) rsp=0xFFFFF8052BE75438 exitCount=872535
[iommuret] hit #1189: HalpIommuInitSystem returned EAX=0x00000000 (success/other) rsp=0xFFFFF8052BE75438 exitCount=872536
[iommuret] hit #1190: HalpIommuInitSystem returned EAX=0x00000000 (success/other) rsp=0xFFFFF8052BE75438 exitCount=872537
[iommuret] hit #1191: HalpIommuInitSystem returned EAX=0x00000000 (success/other) rsp=0xFFFFF8052BE75438 exitCount=872538
[iommuret] hit #1192: HalpIommuInitSystem returned EAX=0x00000000 (success/other) rsp=0xFFFFF8052BE75438 exitCount=872539
[iommuret] hit #1193: HalpIommuInitSystem returned EAX=0x00000000 (success/other) rsp=0xFFFFF8052BE75438 exitCount=872540
[iommuret] hit #1194: HalpIommuInitSystem returned EAX=0x00000000 (success/other) rsp=0xFFFFF8052BE75438 exitCount=872541
[iommuret] hit #1195: HalpIommuInitSystem returned EAX=0x00000000 (success/other) rsp=0xFFFFF8052BE75438 exitCount=872542
[iommuret] hit #1196: HalpIommuInitSystem returned EAX=0x00000000 (success/other) rsp=0xFFFFF8052BE75438 exitCount=872543
[iommuret] hit #1197: HalpIommuInitSystem returned EAX=0x00000000 (success/other) rsp=0xFFFFF8052BE75438 exitCount=872544
[iommuret] hit #1198: HalpIommuInitSystem returned EAX=0x00000000 (success/other) rsp=0xFFFFF8052BE75438 exitCount=872545
[iommuret] hit #1199: HalpIommuInitSystem returned EAX=0x00000000 (success/other) rsp=0xFFFFF8052BE75438 exitCount=872546
[iommuret] hit #1200: HalpIommuInitSystem returned EAX=0x00000000 (success/other) rsp=0xFFFFF8052BE75438 exitCount=872547
[iommuret] hit #1201: HalpIommuInitSystem returned EAX=0x00000000 (success/other) rsp=0xFFFFF8052BE75438 exitCount=872548
[iommuret] hit #1202: HalpIommuInitSystem returned EAX=0x00000000 (success/other) rsp=0xFFFFF8052BE75438 exitCount=872549
[iommuret] hit #1203: HalpIommuInitSystem returned EAX=0x00000000 (success/other) rsp=0xFFFFF8052BE75438 exitCount=872550
[iommuret] hit #1204: HalpIommuInitSystem returned EAX=0x00000000 (success/other) rsp=0xFFFFF8052BE75438 exitCount=872551
[iommuret] hit #1205: HalpIommuInitSystem returned EAX=0x00000000 (success/other) rsp=0xFFFFF8052BE75438 exitCount=872552
[iommuret] hit #1206: HalpIommuInitSystem returned EAX=0x00000000 (success/other) rsp=0xFFFFF8052BE75438 exitCount=872553
[iommuret] hit #1207: HalpIommuInitSystem returned EAX=0x00000000 (success/other) rsp=0xFFFFF8052BE75438 exitCount=872554
[iommuret] hit #1208: HalpIommuInitSystem returned EAX=0x00000000 (success/other) rsp=0xFFFFF8052BE75438 exitCount=872555
[iommuret] hit #1209: HalpIommuInitSystem returned EAX=0x00000000 (success/other) rsp=0xFFFFF8052BE75438 exitCount=872556
[iommuret] hit #1210: HalpIommuInitSystem returned EAX=0x00000000 (success/other) rsp=0xFFFFF8052BE75438 exitCount=872557
[iommuret] hit #1211: HalpIommuInitSystem returned EAX=0x00000000 (success/other) rsp=0xFFFFF8052BE75438 exitCount=872558
[iommuret] hit #1212: HalpIommuInitSystem returned EAX=0x00000000 (success/other) rsp=0xFFFFF8052BE75438 exitCount=872559
[iommuret] hit #1213: HalpIommuInitSystem returned EAX=0x00000000 (success/other) rsp=0xFFFFF8052BE75438 exitCount=872560
[iommuret] hit #1214: HalpIommuInitSystem returned EAX=0x00000000 (success/other) rsp=0xFFFFF8052BE75438 exitCount=872561
[iommuret] hit #1215: HalpIommuInitSystem returned EAX=0x00000000 (success/other) rsp=0xFFFFF8052BE75438 exitCount=872562
[iommuret] hit #1216: HalpIommuInitSystem returned EAX=0x00000000 (success/other) rsp=0xFFFFF8052BE75438 exitCount=872563
[iommuret] hit #1217: HalpIommuInitSystem returned EAX=0x00000000 (success/other) rsp=0xFFFFF8052BE75438 exitCount=872564
[iommuret] hit #1218: HalpIommuInitSystem returned EAX=0x00000000 (success/other) rsp=0xFFFFF8052BE75438 exitCount=872565
[iommuret] hit #1219: HalpIommuInitSystem returned EAX=0x00000000 (success/other) rsp=0xFFFFF8052BE75438 exitCount=872566
[iommuret] hit #1220: HalpIommuInitSystem returned EAX=0x00000000 (success/other) rsp=0xFFFFF8052BE75438 exitCount=872567
[iommuret] hit #1221: HalpIommuInitSystem returned EAX=0x00000000 (success/other) rsp=0xFFFFF8052BE75438 exitCount=872568
[iommuret] hit #1222: HalpIommuInitSystem returned EAX=0x00000000 (success/other) rsp=0xFFFFF8052BE75438 exitCount=872569
[iommuret] hit #1223: HalpIommuInitSystem returned EAX=0x00000000 (success/other) rsp=0xFFFFF8052BE75438 exitCount=872570
[iommuret] hit #1224: HalpIommuInitSystem returned EAX=0x00000000 (success/other) rsp=0xFFFFF8052BE75438 exitCount=872571
[iommuret] hit #1225: HalpIommuInitSystem returned EAX=0x00000000 (success/other) rsp=0xFFFFF8052BE75438 exitCount=872572
[iommuret] hit #1226: HalpIommuInitSystem returned EAX=0x00000000 (success/other) rsp=0xFFFFF8052BE75438 exitCount=872573
[iommuret] hit #1227: HalpIommuInitSystem returned EAX=0x00000000 (success/other) rsp=0xFFFFF8052BE75438 exitCount=872574
[iommuret] hit #1228: HalpIommuInitSystem returned EAX=0x00000000 (success/other) rsp=0xFFFFF8052BE75438 exitCount=872575
[iommuret] hit #1229: HalpIommuInitSystem returned EAX=0x00000000 (success/other) rsp=0xFFFFF8052BE75438 exitCount=872576
[iommuret] hit #1230: HalpIommuInitSystem returned EAX=0x00000000 (success/other) rsp=0xFFFFF8052BE75438 exitCount=872577
[iommuret] hit #1231: HalpIommuInitSystem returned EAX=0x00000000 (success/other) rsp=0xFFFFF8052BE75438 exitCount=872578
[iommuret] hit #1232: HalpIommuInitSystem returned EAX=0x00000000 (success/other) rsp=0xFFFFF8052BE75438 exitCount=872579
[iommuret] hit #1233: HalpIommuInitSystem returned EAX=0x00000000 (success/other) rsp=0xFFFFF8052BE75438 exitCount=872580
[iommuret] hit #1234: HalpIommuInitSystem returned EAX=0x00000000 (success/other) rsp=0xFFFFF8052BE75438 exitCount=872581
[iommuret] hit #1235: HalpIommuInitSystem returned EAX=0x00000000 (success/other) rsp=0xFFFFF8052BE75438 exitCount=872582
[iommuret] hit #1236: HalpIommuInitSystem returned EAX=0x00000000 (success/other) rsp=0xFFFFF8052BE75438 exitCount=872583
[iommuret] hit #1237: HalpIommuInitSystem returned EAX=0x00000000 (success/other) rsp=0xFFFFF8052BE75438 exitCount=872584
[iommuret] hit #1238: HalpIommuInitSystem returned EAX=0x00000000 (success/other) rsp=0xFFFFF8052BE75438 exitCount=872585
[iommuret] hit #1239: HalpIommuInitSystem returned EAX=0x00000000 (success/other) rsp=0xFFFFF8052BE75438 exitCount=872586
[iommuret] hit #1240: HalpIommuInitSystem returned EAX=0x00000000 (success/other) rsp=0xFFFFF8052BE75438 exitCount=872587
[iommuret] hit #1241: HalpIommuInitSystem returned EAX=0x00000000 (success/other) rsp=0xFFFFF8052BE75438 exitCount=872588
[iommuret] hit #1242: HalpIommuInitSystem returned EAX=0x00000000 (success/other) rsp=0xFFFFF8052BE75438 exitCount=872589
[iommuret] hit #1243: HalpIommuInitSystem returned EAX=0x00000000 (success/other) rsp=0xFFFFF8052BE75438 exitCount=872590
[iommuret] hit #1244: HalpIommuInitSystem returned EAX=0x00000000 (success/other) rsp=0xFFFFF8052BE75438 exitCount=872591
[iommuret] hit #1245: HalpIommuInitSystem returned EAX=0x00000000 (success/other) rsp=0xFFFFF8052BE75438 exitCount=872592
[iommuret] hit #1246: HalpIommuInitSystem returned EAX=0x00000000 (success/other) rsp=0xFFFFF8052BE75438 exitCount=872593
[iommuret] hit #1247: HalpIommuInitSystem returned EAX=0x00000000 (success/other) rsp=0xFFFFF8052BE75438 exitCount=872594
[iommuret] hit #1248: HalpIommuInitSystem returned EAX=0x00000000 (success/other) rsp=0xFFFFF8052BE75438 exitCount=872595
[iommuret] hit #1249: HalpIommuInitSystem returned EAX=0x00000000 (success/other) rsp=0xFFFFF8052BE75438 exitCount=872596
[iommuret] hit #1250: HalpIommuInitSystem returned EAX=0x00000000 (success/other) rsp=0xFFFFF8052BE75438 exitCount=872597
[iommuret] hit #1251: HalpIommuInitSystem returned EAX=0x00000000 (success/other) rsp=0xFFFFF8052BE75438 exitCount=872598
[iommuret] hit #1252: HalpIommuInitSystem returned EAX=0x00000000 (success/other) rsp=0xFFFFF8052BE75438 exitCount=872599
[iommuret] hit #1253: HalpIommuInitSystem returned EAX=0x00000000 (success/other) rsp=0xFFFFF8052BE75438 exitCount=872600
[iommuret] hit #1254: HalpIommuInitSystem returned EAX=0x00000000 (success/other) rsp=0xFFFFF8052BE75438 exitCount=872601
[iommuret] hit #1255: HalpIommuInitSystem returned EAX=0x00000000 (success/other) rsp=0xFFFFF8052BE75438 exitCount=872602
[iommuret] hit #1256: HalpIommuInitSystem returned EAX=0x00000000 (success/other) rsp=0xFFFFF8052BE75438 exitCount=872603
[iommuret] hit #1257: HalpIommuInitSystem returned EAX=0x00000000 (success/other) rsp=0xFFFFF8052BE75438 exitCount=872604
[iommuret] hit #1258: HalpIommuInitSystem returned EAX=0x00000000 (success/other) rsp=0xFFFFF8052BE75438 exitCount=872605
[iommuret] hit #1259: HalpIommuInitSystem returned EAX=0x00000000 (success/other) rsp=0xFFFFF8052BE75438 exitCount=872606
[iommuret] hit #1260: HalpIommuInitSystem returned EAX=0x00000000 (success/other) rsp=0xFFFFF8052BE75438 exitCount=872607
[iommuret] hit #1261: HalpIommuInitSystem returned EAX=0x00000000 (success/other) rsp=0xFFFFF8052BE75438 exitCount=872608
[iommuret] hit #1262: HalpIommuInitSystem returned EAX=0x00000000 (success/other) rsp=0xFFFFF8052BE75438 exitCount=872609
[iommuret] hit #1263: HalpIommuInitSystem returned EAX=0x00000000 (success/other) rsp=0xFFFFF8052BE75438 exitCount=872610
[iommuret] hit #1264: HalpIommuInitSystem returned EAX=0x00000000 (success/other) rsp=0xFFFFF8052BE75438 exitCount=872611
[iommuret] hit #1265: HalpIommuInitSystem returned EAX=0x00000000 (success/other) rsp=0xFFFFF8052BE75438 exitCount=872612
[iommuret] hit #1266: HalpIommuInitSystem returned EAX=0x00000000 (success/other) rsp=0xFFFFF8052BE75438 exitCount=872613
[iommuret] hit #1267: HalpIommuInitSystem returned EAX=0x00000000 (success/other) rsp=0xFFFFF8052BE75438 exitCount=872614
[iommuret] hit #1268: HalpIommuInitSystem returned EAX=0x00000000 (success/other) rsp=0xFFFFF8052BE75438 exitCount=872615
[iommuret] hit #1269: HalpIommuInitSystem returned EAX=0x00000000 (success/other) rsp=0xFFFFF8052BE75438 exitCount=872616
[iommuret] hit #1270: HalpIommuInitSystem returned EAX=0x00000000 (success/other) rsp=0xFFFFF8052BE75438 exitCount=872617
[iommuret] hit #1271: HalpIommuInitSystem returned EAX=0x00000000 (success/other) rsp=0xFFFFF8052BE75438 exitCount=872618
[iommuret] hit #1272: HalpIommuInitSystem returned EAX=0x00000000 (success/other) rsp=0xFFFFF8052BE75438 exitCount=872619
[iommuret] hit #1273: HalpIommuInitSystem returned EAX=0x00000000 (success/other) rsp=0xFFFFF8052BE75438 exitCount=872620
[iommuret] hit #1274: HalpIommuInitSystem returned EAX=0x00000000 (success/other) rsp=0xFFFFF8052BE75438 exitCount=872621
[iommuret] hit #1275: HalpIommuInitSystem returned EAX=0x00000000 (success/other) rsp=0xFFFFF8052BE75438 exitCount=872622
[iommuret] hit #1276: HalpIommuInitSystem returned EAX=0x00000000 (success/other) rsp=0xFFFFF8052BE75438 exitCount=872623
[iommuret] hit #1277: HalpIommuInitSystem returned EAX=0x00000000 (success/other) rsp=0xFFFFF8052BE75438 exitCount=872624
[iommuret] hit #1278: HalpIommuInitSystem returned EAX=0x00000000 (success/other) rsp=0xFFFFF8052BE75438 exitCount=872625
[iommuret] hit #1279: HalpIommuInitSystem returned EAX=0x00000000 (success/other) rsp=0xFFFFF8052BE75438 exitCount=872626
[iommuret] hit #1280: HalpIommuInitSystem returned EAX=0x00000000 (success/other) rsp=0xFFFFF8052BE75438 exitCount=872627
[iommuret] hit #1281: HalpIommuInitSystem returned EAX=0x00000000 (success/other) rsp=0xFFFFF8052BE75438 exitCount=872628
[iommuret] hit #1282: HalpIommuInitSystem returned EAX=0x00000000 (success/other) rsp=0xFFFFF8052BE75438 exitCount=872629
[iommuret] hit #1283: HalpIommuInitSystem returned EAX=0x00000000 (success/other) rsp=0xFFFFF8052BE75438 exitCount=872630
[iommuret] hit #1284: HalpIommuInitSystem returned EAX=0x00000000 (success/other) rsp=0xFFFFF8052BE75438 exitCount=872631
[iommuret] hit #1285: HalpIommuInitSystem returned EAX=0x00000000 (success/other) rsp=0xFFFFF8052BE75438 exitCount=872632
[iommuret] hit #1286: HalpIommuInitSystem returned EAX=0x00000000 (success/other) rsp=0xFFFFF8052BE75438 exitCount=872633
[iommuret] hit #1287: HalpIommuInitSystem returned EAX=0x00000000 (success/other) rsp=0xFFFFF8052BE75438 exitCount=872634
[iommuret] hit #1288: HalpIommuInitSystem returned EAX=0x00000000 (success/other) rsp=0xFFFFF8052BE75438 exitCount=872635
[iommuret] hit #1289: HalpIommuInitSystem returned EAX=0x00000000 (success/other) rsp=0xFFFFF8052BE75438 exitCount=872636
[iommuret] hit #1290: HalpIommuInitSystem returned EAX=0x00000000 (success/other) rsp=0xFFFFF8052BE75438 exitCount=872637
[iommuret] hit #1291: HalpIommuInitSystem returned EAX=0x00000000 (success/other) rsp=0xFFFFF8052BE75438 exitCount=872638
[iommuret] hit #1292: HalpIommuInitSystem returned EAX=0x00000000 (success/other) rsp=0xFFFFF8052BE75438 exitCount=872639
[iommuret] hit #1293: HalpIommuInitSystem returned EAX=0x00000000 (success/other) rsp=0xFFFFF8052BE75438 exitCount=872640
[iommuret] hit #1294: HalpIommuInitSystem returned EAX=0x00000000 (success/other) rsp=0xFFFFF8052BE75438 exitCount=872641
[iommuret] hit #1295: HalpIommuInitSystem returned EAX=0x00000000 (success/other) rsp=0xFFFFF8052BE75438 exitCount=872642
[iommuret] hit #1296: HalpIommuInitSystem returned EAX=0x00000000 (success/other) rsp=0xFFFFF8052BE75438 exitCount=872643
[iommuret] hit #1297: HalpIommuInitSystem returned EAX=0x00000000 (success/other) rsp=0xFFFFF8052BE75438 exitCount=872644
[iommuret] hit #1298: HalpIommuInitSystem returned EAX=0x00000000 (success/other) rsp=0xFFFFF8052BE75438 exitCount=872645
[iommuret] hit #1299: HalpIommuInitSystem returned EAX=0x00000000 (success/other) rsp=0xFFFFF8052BE75438 exitCount=872646
[iommuret] hit #1300: HalpIommuInitSystem returned EAX=0x00000000 (success/other) rsp=0xFFFFF8052BE75438 exitCount=872647
[iommuret] hit #1301: HalpIommuInitSystem returned EAX=0x00000000 (success/other) rsp=0xFFFFF8052BE75438 exitCount=872648
[iommuret] hit #1302: HalpIommuInitSystem returned EAX=0x00000000 (success/other) rsp=0xFFFFF8052BE75438 exitCount=872649
[iommuret] hit #1303: HalpIommuInitSystem returned EAX=0x00000000 (success/other) rsp=0xFFFFF8052BE75438 exitCount=872650
[iommuret] hit #1304: HalpIommuInitSystem returned EAX=0x00000000 (success/other) rsp=0xFFFFF8052BE75438 exitCount=872651
[iommuret] hit #1305: HalpIommuInitSystem returned EAX=0x00000000 (success/other) rsp=0xFFFFF8052BE75438 exitCount=872652
[iommuret] hit #1306: HalpIommuInitSystem returned EAX=0x00000000 (success/other) rsp=0xFFFFF8052BE75438 exitCount=872653
[iommuret] hit #1307: HalpIommuInitSystem returned EAX=0x00000000 (success/other) rsp=0xFFFFF8052BE75438 exitCount=872654
[iommuret] hit #1308: HalpIommuInitSystem returned EAX=0x00000000 (success/other) rsp=0xFFFFF8052BE75438 exitCount=872655
[iommuret] hit #1309: HalpIommuInitSystem returned EAX=0x00000000 (success/other) rsp=0xFFFFF8052BE75438 exitCount=872656
[iommuret] hit #1310: HalpIommuInitSystem returned EAX=0x00000000 (success/other) rsp=0xFFFFF8052BE75438 exitCount=872657
[iommuret] hit #1311: HalpIommuInitSystem returned EAX=0x00000000 (success/other) rsp=0xFFFFF8052BE75438 exitCount=872658
[iommuret] hit #1312: HalpIommuInitSystem returned EAX=0x00000000 (success/other) rsp=0xFFFFF8052BE75438 exitCount=872659
[iommuret] hit #1313: HalpIommuInitSystem returned EAX=0x00000000 (success/other) rsp=0xFFFFF8052BE75438 exitCount=872660
[iommuret] hit #1314: HalpIommuInitSystem returned EAX=0x00000000 (success/other) rsp=0xFFFFF8052BE75438 exitCount=872661
[iommuret] hit #1315: HalpIommuInitSystem returned EAX=0x00000000 (success/other) rsp=0xFFFFF8052BE75438 exitCount=872662
[iommuret] hit #1316: HalpIommuInitSystem returned EAX=0x00000000 (success/other) rsp=0xFFFFF8052BE75438 exitCount=872663
[iommuret] hit #1317: HalpIommuInitSystem returned EAX=0x00000000 (success/other) rsp=0xFFFFF8052BE75438 exitCount=872664
[iommuret] hit #1318: HalpIommuInitSystem returned EAX=0x00000000 (success/other) rsp=0xFFFFF8052BE75438 exitCount=872665
[iommuret] hit #1319: HalpIommuInitSystem returned EAX=0x00000000 (success/other) rsp=0xFFFFF8052BE75438 exitCount=872666
[iommuret] hit #1320: HalpIommuInitSystem returned EAX=0x00000000 (success/other) rsp=0xFFFFF8052BE75438 exitCount=872667
[iommuret] hit #1321: HalpIommuInitSystem returned EAX=0x00000000 (success/other) rsp=0xFFFFF8052BE75438 exitCount=872668
[iommuret] hit #1322: HalpIommuInitSystem returned EAX=0x00000000 (success/other) rsp=0xFFFFF8052BE75438 exitCount=872669
[iommuret] hit #1323: HalpIommuInitSystem returned EAX=0x00000000 (success/other) rsp=0xFFFFF8052BE75438 exitCount=872670
[iommuret] hit #1324: HalpIommuInitSystem returned EAX=0x00000000 (success/other) rsp=0xFFFFF8052BE75438 exitCount=872671
[iommuret] hit #1325: HalpIommuInitSystem returned EAX=0x00000000 (success/other) rsp=0xFFFFF8052BE75438 exitCount=872672
[iommuret] hit #1326: HalpIommuInitSystem returned EAX=0x00000000 (success/other) rsp=0xFFFFF8052BE75438 exitCount=872673
[iommuret] hit #1327: HalpIommuInitSystem returned EAX=0x00000000 (success/other) rsp=0xFFFFF8052BE75438 exitCount=872674
[iommuret] hit #1328: HalpIommuInitSystem returned EAX=0x00000000 (success/other) rsp=0xFFFFF8052BE75438 exitCount=872675
[iommuret] hit #1329: HalpIommuInitSystem returned EAX=0x00000000 (success/other) rsp=0xFFFFF8052BE75438 exitCount=872676
[iommuret] hit #1330: HalpIommuInitSystem returned EAX=0x00000000 (success/other) rsp=0xFFFFF8052BE75438 exitCount=872677
[iommuret] hit #1331: HalpIommuInitSystem returned EAX=0x00000000 (success/other) rsp=0xFFFFF8052BE75438 exitCount=872678
[iommuret] hit #1332: HalpIommuInitSystem returned EAX=0x00000000 (success/other) rsp=0xFFFFF8052BE75438 exitCount=872679
[iommuret] hit #1333: HalpIommuInitSystem returned EAX=0x00000000 (success/other) rsp=0xFFFFF8052BE75438 exitCount=872680
[iommuret] hit #1334: HalpIommuInitSystem returned EAX=0x00000000 (success/other) rsp=0xFFFFF8052BE75438 exitCount=872681
[iommuret] hit #1335: HalpIommuInitSystem returned EAX=0x00000000 (success/other) rsp=0xFFFFF8052BE75438 exitCount=872682
[iommuret] hit #1336: HalpIommuInitSystem returned EAX=0x00000000 (success/other) rsp=0xFFFFF8052BE75438 exitCount=872683
[iommuret] hit #1337: HalpIommuInitSystem returned EAX=0x00000000 (success/other) rsp=0xFFFFF8052BE75438 exitCount=872684
[iommuret] hit #1338: HalpIommuInitSystem returned EAX=0x00000000 (success/other) rsp=0xFFFFF8052BE75438 exitCount=872685
[iommuret] hit #1339: HalpIommuInitSystem returned EAX=0x00000000 (success/other) rsp=0xFFFFF8052BE75438 exitCount=872686
[iommuret] hit #1340: HalpIommuInitSystem returned EAX=0x00000000 (success/other) rsp=0xFFFFF8052BE75438 exitCount=872687
[iommuret] hit #1341: HalpIommuInitSystem returned EAX=0x00000000 (success/other) rsp=0xFFFFF8052BE75438 exitCount=872688
[iommuret] hit #1342: HalpIommuInitSystem returned EAX=0x00000000 (success/other) rsp=0xFFFFF8052BE75438 exitCount=872689
[iommuret] hit #1343: HalpIommuInitSystem returned EAX=0x00000000 (success/other) rsp=0xFFFFF8052BE75438 exitCount=872690
[iommuret] hit #1344: HalpIommuInitSystem returned EAX=0x00000000 (success/other) rsp=0xFFFFF8052BE75438 exitCount=872691
[iommuret] hit #1345: HalpIommuInitSystem returned EAX=0x00000000 (success/other) rsp=0xFFFFF8052BE75438 exitCount=872692
[iommuret] hit #1346: HalpIommuInitSystem returned EAX=0x00000000 (success/other) rsp=0xFFFFF8052BE75438 exitCount=872693
[iommuret] hit #1347: HalpIommuInitSystem returned EAX=0x00000000 (success/other) rsp=0xFFFFF8052BE75438 exitCount=872694
[iommuret] hit #1348: HalpIommuInitSystem returned EAX=0x00000000 (success/other) rsp=0xFFFFF8052BE75438 exitCount=872695
[iommuret] hit #1349: HalpIommuInitSystem returned EAX=0x00000000 (success/other) rsp=0xFFFFF8052BE75438 exitCount=872696
[iommuret] hit #1350: HalpIommuInitSystem returned EAX=0x00000000 (success/other) rsp=0xFFFFF8052BE75438 exitCount=872697
[iommuret] hit #1351: HalpIommuInitSystem returned EAX=0x00000000 (success/other) rsp=0xFFFFF8052BE75438 exitCount=872698
[iommuret] hit #1352: HalpIommuInitSystem returned EAX=0x00000000 (success/other) rsp=0xFFFFF8052BE75438 exitCount=872699
[iommuret] hit #1353: HalpIommuInitSystem returned EAX=0x00000000 (success/other) rsp=0xFFFFF8052BE75438 exitCount=872700
[iommuret] hit #1354: HalpIommuInitSystem returned EAX=0x00000000 (success/other) rsp=0xFFFFF8052BE75438 exitCount=872701
[iommuret] hit #1355: HalpIommuInitSystem returned EAX=0x00000000 (success/other) rsp=0xFFFFF8052BE75438 exitCount=872702
[iommuret] hit #1356: HalpIommuInitSystem returned EAX=0x00000000 (success/other) rsp=0xFFFFF8052BE75438 exitCount=872703
[iommuret] hit #1357: HalpIommuInitSystem returned EAX=0x00000000 (success/other) rsp=0xFFFFF8052BE75438 exitCount=872704
[iommuret] hit #1358: HalpIommuInitSystem returned EAX=0x00000000 (success/other) rsp=0xFFFFF8052BE75438 exitCount=872705
[iommuret] hit #1359: HalpIommuInitSystem returned EAX=0x00000000 (success/other) rsp=0xFFFFF8052BE75438 exitCount=872706
[iommuret] hit #1360: HalpIommuInitSystem returned EAX=0x00000000 (success/other) rsp=0xFFFFF8052BE75438 exitCount=872707
[iommuret] hit #1361: HalpIommuInitSystem returned EAX=0x00000000 (success/other) rsp=0xFFFFF8052BE75438 exitCount=872708
[iommuret] hit #1362: HalpIommuInitSystem returned EAX=0x00000000 (success/other) rsp=0xFFFFF8052BE75438 exitCount=872709
[iommuret] hit #1363: HalpIommuInitSystem returned EAX=0x00000000 (success/other) rsp=0xFFFFF8052BE75438 exitCount=872710
[iommuret] hit #1364: HalpIommuInitSystem returned EAX=0x00000000 (success/other) rsp=0xFFFFF8052BE75438 exitCount=872711
[iommuret] hit #1365: HalpIommuInitSystem returned EAX=0x00000000 (success/other) rsp=0xFFFFF8052BE75438 exitCount=872712
[iommuret] hit #1366: HalpIommuInitSystem returned EAX=0x00000000 (success/other) rsp=0xFFFFF8052BE75438 exitCount=872713
[iommuret] hit #1367: HalpIommuInitSystem returned EAX=0x00000000 (success/other) rsp=0xFFFFF8052BE75438 exitCount=872714
[iommuret] hit #1368: HalpIommuInitSystem returned EAX=0x00000000 (success/other) rsp=0xFFFFF8052BE75438 exitCount=872715
[iommuret] hit #1369: HalpIommuInitSystem returned EAX=0x00000000 (success/other) rsp=0xFFFFF8052BE75438 exitCount=872716
[iommuret] hit #1370: HalpIommuInitSystem returned EAX=0x00000000 (success/other) rsp=0xFFFFF8052BE75438 exitCount=872717
[iommuret] hit #1371: HalpIommuInitSystem returned EAX=0x00000000 (success/other) rsp=0xFFFFF8052BE75438 exitCount=872718
[iommuret] hit #1372: HalpIommuInitSystem returned EAX=0x00000000 (success/other) rsp=0xFFFFF8052BE75438 exitCount=872719
[iommuret] hit #1373: HalpIommuInitSystem returned EAX=0x00000000 (success/other) rsp=0xFFFFF8052BE75438 exitCount=872720
[iommuret] hit #1374: HalpIommuInitSystem returned EAX=0x00000000 (success/other) rsp=0xFFFFF8052BE75438 exitCount=872721
[iommuret] hit #1375: HalpIommuInitSystem returned EAX=0x00000000 (success/other) rsp=0xFFFFF8052BE75438 exitCount=872722
[iommuret] hit #1376: HalpIommuInitSystem returned EAX=0x00000000 (success/other) rsp=0xFFFFF8052BE75438 exitCount=872723
[iommuret] hit #1377: HalpIommuInitSystem returned EAX=0x00000000 (success/other) rsp=0xFFFFF8052BE75438 exitCount=872724
[iommuret] hit #1378: HalpIommuInitSystem returned EAX=0x00000000 (success/other) rsp=0xFFFFF8052BE75438 exitCount=872725
[iommuret] hit #1379: HalpIommuInitSystem returned EAX=0x00000000 (success/other) rsp=0xFFFFF8052BE75438 exitCount=872726
[iommuret] hit #1380: HalpIommuInitSystem returned EAX=0x00000000 (success/other) rsp=0xFFFFF8052BE75438 exitCount=872727
[iommuret] hit #1381: HalpIommuInitSystem returned EAX=0x00000000 (success/other) rsp=0xFFFFF8052BE75438 exitCount=872728
[iommuret] hit #1382: HalpIommuInitSystem returned EAX=0x00000000 (success/other) rsp=0xFFFFF8052BE75438 exitCount=872729
[iommuret] hit #1383: HalpIommuInitSystem returned EAX=0x00000000 (success/other) rsp=0xFFFFF8052BE75438 exitCount=872730
[iommuret] hit #1384: HalpIommuInitSystem returned EAX=0x00000000 (success/other) rsp=0xFFFFF8052BE75438 exitCount=872731
[iommuret] hit #1385: HalpIommuInitSystem returned EAX=0x00000000 (success/other) rsp=0xFFFFF8052BE75438 exitCount=872732
[iommuret] hit #1386: HalpIommuInitSystem returned EAX=0x00000000 (success/other) rsp=0xFFFFF8052BE75438 exitCount=872733
[iommuret] hit #1387: HalpIommuInitSystem returned EAX=0x00000000 (success/other) rsp=0xFFFFF8052BE75438 exitCount=872734
[iommuret] hit #1388: HalpIommuInitSystem returned EAX=0x00000000 (success/other) rsp=0xFFFFF8052BE75438 exitCount=872735
[iommuret] hit #1389: HalpIommuInitSystem returned EAX=0x00000000 (success/other) rsp=0xFFFFF8052BE75438 exitCount=872736
[iommuret] hit #1390: HalpIommuInitSystem returned EAX=0x00000000 (success/other) rsp=0xFFFFF8052BE75438 exitCount=872737
[iommuret] hit #1391: HalpIommuInitSystem returned EAX=0x00000000 (success/other) rsp=0xFFFFF8052BE75438 exitCount=872738
[iommuret] hit #1392: HalpIommuInitSystem returned EAX=0x00000000 (success/other) rsp=0xFFFFF8052BE75438 exitCount=872739
[iommuret] hit #1393: HalpIommuInitSystem returned EAX=0x00000000 (success/other) rsp=0xFFFFF8052BE75438 exitCount=872740
[iommuret] hit #1394: HalpIommuInitSystem returned EAX=0x00000000 (success/other) rsp=0xFFFFF8052BE75438 exitCount=872741
[iommuret] hit #1395: HalpIommuInitSystem returned EAX=0x00000000 (success/other) rsp=0xFFFFF8052BE75438 exitCount=872742
[iommuret] hit #1396: HalpIommuInitSystem returned EAX=0x00000000 (success/other) rsp=0xFFFFF8052BE75438 exitCount=872743
[iommuret] hit #1397: HalpIommuInitSystem returned EAX=0x00000000 (success/other) rsp=0xFFFFF8052BE75438 exitCount=872744
[iommuret] hit #1398: HalpIommuInitSystem returned EAX=0x00000000 (success/other) rsp=0xFFFFF8052BE75438 exitCount=872745
[iommuret] hit #1399: HalpIommuInitSystem returned EAX=0x00000000 (success/other) rsp=0xFFFFF8052BE75438 exitCount=872746
[iommuret] hit #1400: HalpIommuInitSystem returned EAX=0x00000000 (success/other) rsp=0xFFFFF8052BE75438 exitCount=872747
[iommuret] hit #1401: HalpIommuInitSystem returned EAX=0x00000000 (success/other) rsp=0xFFFFF8052BE75438 exitCount=872748
[iommuret] hit #1402: HalpIommuInitSystem returned EAX=0x00000000 (success/other) rsp=0xFFFFF8052BE75438 exitCount=872749
[iommuret] hit #1403: HalpIommuInitSystem returned EAX=0x00000000 (success/other) rsp=0xFFFFF8052BE75438 exitCount=872750
[iommuret] hit #1404: HalpIommuInitSystem returned EAX=0x00000000 (success/other) rsp=0xFFFFF8052BE75438 exitCount=872751
[iommuret] hit #1405: HalpIommuInitSystem returned EAX=0x00000000 (success/other) rsp=0xFFFFF8052BE75438 exitCount=872752
[iommuret] hit #1406: HalpIommuInitSystem returned EAX=0x00000000 (success/other) rsp=0xFFFFF8052BE75438 exitCount=872753
[iommuret] hit #1407: HalpIommuInitSystem returned EAX=0x00000000 (success/other) rsp=0xFFFFF8052BE75438 exitCount=872754
[iommuret] hit #1408: HalpIommuInitSystem returned EAX=0x00000000 (success/other) rsp=0xFFFFF8052BE75438 exitCount=872755
[iommuret] hit #1409: HalpIommuInitSystem returned EAX=0x00000000 (success/other) rsp=0xFFFFF8052BE75438 exitCount=872756
[iommuret] hit #1410: HalpIommuInitSystem returned EAX=0x00000000 (success/other) rsp=0xFFFFF8052BE75438 exitCount=872757
[iommuret] hit #1411: HalpIommuInitSystem returned EAX=0x00000000 (success/other) rsp=0xFFFFF8052BE75438 exitCount=872758
[iommuret] hit #1412: HalpIommuInitSystem returned EAX=0x00000000 (success/other) rsp=0xFFFFF8052BE75438 exitCount=872759
[iommuret] hit #1413: HalpIommuInitSystem returned EAX=0x00000000 (success/other) rsp=0xFFFFF8052BE75438 exitCount=872760
[iommuret] hit #1414: HalpIommuInitSystem returned EAX=0x00000000 (success/other) rsp=0xFFFFF8052BE75438 exitCount=872761
[iommuret] hit #1415: HalpIommuInitSystem returned EAX=0x00000000 (success/other) rsp=0xFFFFF8052BE75438 exitCount=872762
[iommuret] hit #1416: HalpIommuInitSystem returned EAX=0x00000000 (success/other) rsp=0xFFFFF8052BE75438 exitCount=872763
[iommuret] hit #1417: HalpIommuInitSystem returned EAX=0x00000000 (success/other) rsp=0xFFFFF8052BE75438 exitCount=872764
[iommuret] hit #1418: HalpIommuInitSystem returned EAX=0x00000000 (success/other) rsp=0xFFFFF8052BE75438 exitCount=872765
[iommuret] hit #1419: HalpIommuInitSystem returned EAX=0x00000000 (success/other) rsp=0xFFFFF8052BE75438 exitCount=872766
[iommuret] hit #1420: HalpIommuInitSystem returned EAX=0x00000000 (success/other) rsp=0xFFFFF8052BE75438 exitCount=872767
[iommuret] hit #1421: HalpIommuInitSystem returned EAX=0x00000000 (success/other) rsp=0xFFFFF8052BE75438 exitCount=872768
[iommuret] hit #1422: HalpIommuInitSystem returned EAX=0x00000000 (success/other) rsp=0xFFFFF8052BE75438 exitCount=872769
[iommuret] hit #1423: HalpIommuInitSystem returned EAX=0x00000000 (success/other) rsp=0xFFFFF8052BE75438 exitCount=872770
[iommuret] hit #1424: HalpIommuInitSystem returned EAX=0x00000000 (success/other) rsp=0xFFFFF8052BE75438 exitCount=872771
[iommuret] hit #1425: HalpIommuInitSystem returned EAX=0x00000000 (success/other) rsp=0xFFFFF8052BE75438 exitCount=872772
[iommuret] hit #1426: HalpIommuInitSystem returned EAX=0x00000000 (success/other) rsp=0xFFFFF8052BE75438 exitCount=872773
[iommuret] hit #1427: HalpIommuInitSystem returned EAX=0x00000000 (success/other) rsp=0xFFFFF8052BE75438 exitCount=872774
[iommuret] hit #1428: HalpIommuInitSystem returned EAX=0x00000000 (success/other) rsp=0xFFFFF8052BE75438 exitCount=872775
[iommuret] hit #1429: HalpIommuInitSystem returned EAX=0x00000000 (success/other) rsp=0xFFFFF8052BE75438 exitCount=872776
[iommuret] hit #1430: HalpIommuInitSystem returned EAX=0x00000000 (success/other) rsp=0xFFFFF8052BE75438 exitCount=872777
[iommuret] hit #1431: HalpIommuInitSystem returned EAX=0x00000000 (success/other) rsp=0xFFFFF8052BE75438 exitCount=872778
[iommuret] hit #1432: HalpIommuInitSystem returned EAX=0x00000000 (success/other) rsp=0xFFFFF8052BE75438 exitCount=872779
[iommuret] hit #1433: HalpIommuInitSystem returned EAX=0x00000000 (success/other) rsp=0xFFFFF8052BE75438 exitCount=872780
[iommuret] hit #1434: HalpIommuInitSystem returned EAX=0x00000000 (success/other) rsp=0xFFFFF8052BE75438 exitCount=872781
[iommuret] hit #1435: HalpIommuInitSystem returned EAX=0x00000000 (success/other) rsp=0xFFFFF8052BE75438 exitCount=872782
[iommuret] hit #1436: HalpIommuInitSystem returned EAX=0x00000000 (success/other) rsp=0xFFFFF8052BE75438 exitCount=872783
[iommuret] hit #1437: HalpIommuInitSystem returned EAX=0x00000000 (success/other) rsp=0xFFFFF8052BE75438 exitCount=872784
[iommuret] hit #1438: HalpIommuInitSystem returned EAX=0x00000000 (success/other) rsp=0xFFFFF8052BE75438 exitCount=872785
[iommuret] hit #1439: HalpIommuInitSystem returned EAX=0x00000000 (success/other) rsp=0xFFFFF8052BE75438 exitCount=872786
[iommuret] hit #1440: HalpIommuInitSystem returned EAX=0x00000000 (success/other) rsp=0xFFFFF8052BE75438 exitCount=872787
[iommuret] hit #1441: HalpIommuInitSystem returned EAX=0x00000000 (success/other) rsp=0xFFFFF8052BE75438 exitCount=872788
[iommuret] hit #1442: HalpIommuInitSystem returned EAX=0x00000000 (success/other) rsp=0xFFFFF8052BE75438 exitCount=872789
[iommuret] hit #1443: HalpIommuInitSystem returned EAX=0x00000000 (success/other) rsp=0xFFFFF8052BE75438 exitCount=872790
[iommuret] hit #1444: HalpIommuInitSystem returned EAX=0x00000000 (success/other) rsp=0xFFFFF8052BE75438 exitCount=872791
[iommuret] hit #1445: HalpIommuInitSystem returned EAX=0x00000000 (success/other) rsp=0xFFFFF8052BE75438 exitCount=872792
[iommuret] hit #1446: HalpIommuInitSystem returned EAX=0x00000000 (success/other) rsp=0xFFFFF8052BE75438 exitCount=872793
[iommuret] hit #1447: HalpIommuInitSystem returned EAX=0x00000000 (success/other) rsp=0xFFFFF8052BE75438 exitCount=872794
[iommuret] hit #1448: HalpIommuInitSystem returned EAX=0x00000000 (success/other) rsp=0xFFFFF8052BE75438 exitCount=872795
[iommuret] hit #1449: HalpIommuInitSystem returned EAX=0x00000000 (success/other) rsp=0xFFFFF8052BE75438 exitCount=872796
[iommuret] hit #1450: HalpIommuInitSystem returned EAX=0x00000000 (success/other) rsp=0xFFFFF8052BE75438 exitCount=872797
[iommuret] hit #1451: HalpIommuInitSystem returned EAX=0x00000000 (success/other) rsp=0xFFFFF8052BE75438 exitCount=872798
[iommuret] hit #1452: HalpIommuInitSystem returned EAX=0x00000000 (success/other) rsp=0xFFFFF8052BE75438 exitCount=872799
[iommuret] hit #1453: HalpIommuInitSystem returned EAX=0x00000000 (success/other) rsp=0xFFFFF8052BE75438 exitCount=872800
[iommuret] hit #1454: HalpIommuInitSystem returned EAX=0x00000000 (success/other) rsp=0xFFFFF8052BE75438 exitCount=872801
[iommuret] hit #1455: HalpIommuInitSystem returned EAX=0x00000000 (success/other) rsp=0xFFFFF8052BE75438 exitCount=872802
[iommuret] hit #1456: HalpIommuInitSystem returned EAX=0x00000000 (success/other) rsp=0xFFFFF8052BE75438 exitCount=872803
[iommuret] hit #1457: HalpIommuInitSystem returned EAX=0x00000000 (success/other) rsp=0xFFFFF8052BE75438 exitCount=872804
[iommuret] hit #1458: HalpIommuInitSystem returned EAX=0x00000000 (success/other) rsp=0xFFFFF8052BE75438 exitCount=872805
[iommuret] hit #1459: HalpIommuInitSystem returned EAX=0x00000000 (success/other) rsp=0xFFFFF8052BE75438 exitCount=872806
[iommuret] hit #1460: HalpIommuInitSystem returned EAX=0x00000000 (success/other) rsp=0xFFFFF8052BE75438 exitCount=872807
[iommuret] hit #1461: HalpIommuInitSystem returned EAX=0x00000000 (success/other) rsp=0xFFFFF8052BE75438 exitCount=872808
[iommuret] hit #1462: HalpIommuInitSystem returned EAX=0x00000000 (success/other) rsp=0xFFFFF8052BE75438 exitCount=872809
[iommuret] hit #1463: HalpIommuInitSystem returned EAX=0x00000000 (success/other) rsp=0xFFFFF8052BE75438 exitCount=872810
[iommuret] hit #1464: HalpIommuInitSystem returned EAX=0x00000000 (success/other) rsp=0xFFFFF8052BE75438 exitCount=872811
[iommuret] hit #1465: HalpIommuInitSystem returned EAX=0x00000000 (success/other) rsp=0xFFFFF8052BE75438 exitCount=872812
[iommuret] hit #1466: HalpIommuInitSystem returned EAX=0x00000000 (success/other) rsp=0xFFFFF8052BE75438 exitCount=872813
[iommuret] hit #1467: HalpIommuInitSystem returned EAX=0x00000000 (success/other) rsp=0xFFFFF8052BE75438 exitCount=872814
[iommuret] hit #1468: HalpIommuInitSystem returned EAX=0x00000000 (success/other) rsp=0xFFFFF8052BE75438 exitCount=872815
[iommuret] hit #1469: HalpIommuInitSystem returned EAX=0x00000000 (success/other) rsp=0xFFFFF8052BE75438 exitCount=872816
[iommuret] hit #1470: HalpIommuInitSystem returned EAX=0x00000000 (success/other) rsp=0xFFFFF8052BE75438 exitCount=872817
[iommuret] hit #1471: HalpIommuInitSystem returned EAX=0x00000000 (success/other) rsp=0xFFFFF8052BE75438 exitCount=872818
[iommuret] hit #1472: HalpIommuInitSystem returned EAX=0x00000000 (success/other) rsp=0xFFFFF8052BE75438 exitCount=872819
[iommuret] hit #1473: HalpIommuInitSystem returned EAX=0x00000000 (success/other) rsp=0xFFFFF8052BE75438 exitCount=872820
[iommuret] hit #1474: HalpIommuInitSystem returned EAX=0x00000000 (success/other) rsp=0xFFFFF8052BE75438 exitCount=872821
[iommuret] hit #1475: HalpIommuInitSystem returned EAX=0x00000000 (success/other) rsp=0xFFFFF8052BE75438 exitCount=872822
[iommuret] hit #1476: HalpIommuInitSystem returned EAX=0x00000000 (success/other) rsp=0xFFFFF8052BE75438 exitCount=872823
[iommuret] hit #1477: HalpIommuInitSystem returned EAX=0x00000000 (success/other) rsp=0xFFFFF8052BE75438 exitCount=872824
[iommuret] hit #1478: HalpIommuInitSystem returned EAX=0x00000000 (success/other) rsp=0xFFFFF8052BE75438 exitCount=872825
[iommuret] hit #1479: HalpIommuInitSystem returned EAX=0x00000000 (success/other) rsp=0xFFFFF8052BE75438 exitCount=872826
[iommuret] hit #1480: HalpIommuInitSystem returned EAX=0x00000000 (success/other) rsp=0xFFFFF8052BE75438 exitCount=872827
[iommuret] hit #1481: HalpIommuInitSystem returned EAX=0x00000000 (success/other) rsp=0xFFFFF8052BE75438 exitCount=872828
[iommuret] hit #1482: HalpIommuInitSystem returned EAX=0x00000000 (success/other) rsp=0xFFFFF8052BE75438 exitCount=872829
[iommuret] hit #1483: HalpIommuInitSystem returned EAX=0x00000000 (success/other) rsp=0xFFFFF8052BE75438 exitCount=872830
[iommuret] hit #1484: HalpIommuInitSystem returned EAX=0x00000000 (success/other) rsp=0xFFFFF8052BE75438 exitCount=872831
[iommuret] hit #1485: HalpIommuInitSystem returned EAX=0x00000000 (success/other) rsp=0xFFFFF8052BE75438 exitCount=872832
[iommuret] hit #1486: HalpIommuInitSystem returned EAX=0x00000000 (success/other) rsp=0xFFFFF8052BE75438 exitCount=872833
[iommuret] hit #1487: HalpIommuInitSystem returned EAX=0x00000000 (success/other) rsp=0xFFFFF8052BE75438 exitCount=872834
[iommuret] hit #1488: HalpIommuInitSystem returned EAX=0x00000000 (success/other) rsp=0xFFFFF8052BE75438 exitCount=872835
[iommuret] hit #1489: HalpIommuInitSystem returned EAX=0x00000000 (success/other) rsp=0xFFFFF8052BE75438 exitCount=872836
[iommuret] hit #1490: HalpIommuInitSystem returned EAX=0x00000000 (success/other) rsp=0xFFFFF8052BE75438 exitCount=872837
[iommuret] hit #1491: HalpIommuInitSystem returned EAX=0x00000000 (success/other) rsp=0xFFFFF8052BE75438 exitCount=872838
[iommuret] hit #1492: HalpIommuInitSystem returned EAX=0x00000000 (success/other) rsp=0xFFFFF8052BE75438 exitCount=872839
[iommuret] hit #1493: HalpIommuInitSystem returned EAX=0x00000000 (success/other) rsp=0xFFFFF8052BE75438 exitCount=872840
[iommuret] hit #1494: HalpIommuInitSystem returned EAX=0x00000000 (success/other) rsp=0xFFFFF8052BE75438 exitCount=872841
[iommuret] hit #1495: HalpIommuInitSystem returned EAX=0x00000000 (success/other) rsp=0xFFFFF8052BE75438 exitCount=872842
[iommuret] hit #1496: HalpIommuInitSystem returned EAX=0x00000000 (success/other) rsp=0xFFFFF8052BE75438 exitCount=872843
[iommuret] hit #1497: HalpIommuInitSystem returned EAX=0x00000000 (success/other) rsp=0xFFFFF8052BE75438 exitCount=872844
[iommuret] hit #1498: HalpIommuInitSystem returned EAX=0x00000000 (success/other) rsp=0xFFFFF8052BE75438 exitCount=872845
[iommuret] hit #1499: HalpIommuInitSystem returned EAX=0x00000000 (success/other) rsp=0xFFFFF8052BE75438 exitCount=872846
[iommuret] hit #1500: HalpIommuInitSystem returned EAX=0x00000000 (success/other) rsp=0xFFFFF8052BE75438 exitCount=872847
[iommuret] hit #1501: HalpIommuInitSystem returned EAX=0x00000000 (success/other) rsp=0xFFFFF8052BE75438 exitCount=872848
[iommuret] hit #1502: HalpIommuInitSystem returned EAX=0x00000000 (success/other) rsp=0xFFFFF8052BE75438 exitCount=872849
[iommuret] hit #1503: HalpIommuInitSystem returned EAX=0x00000000 (success/other) rsp=0xFFFFF8052BE75438 exitCount=872850
[iommuret] hit #1504: HalpIommuInitSystem returned EAX=0x00000000 (success/other) rsp=0xFFFFF8052BE75438 exitCount=872851
[iommuret] hit #1505: HalpIommuInitSystem returned EAX=0x00000000 (success/other) rsp=0xFFFFF8052BE75438 exitCount=872852
[iommuret] hit #1506: HalpIommuInitSystem returned EAX=0x00000000 (success/other) rsp=0xFFFFF8052BE75438 exitCount=872853
[iommuret] hit #1507: HalpIommuInitSystem returned EAX=0x00000000 (success/other) rsp=0xFFFFF8052BE75438 exitCount=872854
[iommuret] hit #1508: HalpIommuInitSystem returned EAX=0x00000000 (success/other) rsp=0xFFFFF8052BE75438 exitCount=872855
[iommuret] hit #1509: HalpIommuInitSystem returned EAX=0x00000000 (success/other) rsp=0xFFFFF8052BE75438 exitCount=872856
[iommuret] hit #1510: HalpIommuInitSystem returned EAX=0x00000000 (success/other) rsp=0xFFFFF8052BE75438 exitCount=872857
[iommuret] hit #1511: HalpIommuInitSystem returned EAX=0x00000000 (success/other) rsp=0xFFFFF8052BE75438 exitCount=872858
[iommuret] hit #1512: HalpIommuInitSystem returned EAX=0x00000000 (success/other) rsp=0xFFFFF8052BE75438 exitCount=872859
[iommuret] hit #1513: HalpIommuInitSystem returned EAX=0x00000000 (success/other) rsp=0xFFFFF8052BE75438 exitCount=872860
[iommuret] hit #1514: HalpIommuInitSystem returned EAX=0x00000000 (success/other) rsp=0xFFFFF8052BE75438 exitCount=872861
[iommuret] hit #1515: HalpIommuInitSystem returned EAX=0x00000000 (success/other) rsp=0xFFFFF8052BE75438 exitCount=872862
[iommuret] hit #1516: HalpIommuInitSystem returned EAX=0x00000000 (success/other) rsp=0xFFFFF8052BE75438 exitCount=872863
[iommuret] hit #1517: HalpIommuInitSystem returned EAX=0x00000000 (success/other) rsp=0xFFFFF8052BE75438 exitCount=872864
[iommuret] hit #1518: HalpIommuInitSystem returned EAX=0x00000000 (success/other) rsp=0xFFFFF8052BE75438 exitCount=872865
[iommuret] hit #1519: HalpIommuInitSystem returned EAX=0x00000000 (success/other) rsp=0xFFFFF8052BE75438 exitCount=872866
[iommuret] hit #1520: HalpIommuInitSystem returned EAX=0x00000000 (success/other) rsp=0xFFFFF8052BE75438 exitCount=872867
[iommuret] hit #1521: HalpIommuInitSystem returned EAX=0x00000000 (success/other) rsp=0xFFFFF8052BE75438 exitCount=872868
[iommuret] hit #1522: HalpIommuInitSystem returned EAX=0x00000000 (success/other) rsp=0xFFFFF8052BE75438 exitCount=872869
[iommuret] hit #1523: HalpIommuInitSystem returned EAX=0x00000000 (success/other) rsp=0xFFFFF8052BE75438 exitCount=872870
[iommuret] hit #1524: HalpIommuInitSystem returned EAX=0x00000000 (success/other) rsp=0xFFFFF8052BE75438 exitCount=872871
[iommuret] hit #1525: HalpIommuInitSystem returned EAX=0x00000000 (success/other) rsp=0xFFFFF8052BE75438 exitCount=872872
[iommuret] hit #1526: HalpIommuInitSystem returned EAX=0x00000000 (success/other) rsp=0xFFFFF8052BE75438 exitCount=872873
[iommuret] hit #1527: HalpIommuInitSystem returned EAX=0x00000000 (success/other) rsp=0xFFFFF8052BE75438 exitCount=872874
[iommuret] hit #1528: HalpIommuInitSystem returned EAX=0x00000000 (success/other) rsp=0xFFFFF8052BE75438 exitCount=872875
[iommuret] hit #1529: HalpIommuInitSystem returned EAX=0x00000000 (success/other) rsp=0xFFFFF8052BE75438 exitCount=872876
[iommuret] hit #1530: HalpIommuInitSystem returned EAX=0x00000000 (success/other) rsp=0xFFFFF8052BE75438 exitCount=872877
[iommuret] hit #1531: HalpIommuInitSystem returned EAX=0x00000000 (success/other) rsp=0xFFFFF8052BE75438 exitCount=872878
[iommuret] hit #1532: HalpIommuInitSystem returned EAX=0x00000000 (success/other) rsp=0xFFFFF8052BE75438 exitCount=872879
[iommuret] hit #1533: HalpIommuInitSystem returned EAX=0x00000000 (success/other) rsp=0xFFFFF8052BE75438 exitCount=872880
[iommuret] hit #1534: HalpIommuInitSystem returned EAX=0x00000000 (success/other) rsp=0xFFFFF8052BE75438 exitCount=872881
[iommuret] hit #1535: HalpIommuInitSystem returned EAX=0x00000000 (success/other) rsp=0xFFFFF8052BE75438 exitCount=872882
[iommuret] hit #1536: HalpIommuInitSystem returned EAX=0x00000000 (success/other) rsp=0xFFFFF8052BE75438 exitCount=872883
[iommuret] hit #1537: HalpIommuInitSystem returned EAX=0x00000000 (success/other) rsp=0xFFFFF8052BE75438 exitCount=872884
[iommuret] hit #1538: HalpIommuInitSystem returned EAX=0x00000000 (success/other) rsp=0xFFFFF8052BE75438 exitCount=872885
[iommuret] hit #1539: HalpIommuInitSystem returned EAX=0x00000000 (success/other) rsp=0xFFFFF8052BE75438 exitCount=872886
[iommuret] hit #1540: HalpIommuInitSystem returned EAX=0x00000000 (success/other) rsp=0xFFFFF8052BE75438 exitCount=872887
[iommuret] hit #1541: HalpIommuInitSystem returned EAX=0x00000000 (success/other) rsp=0xFFFFF8052BE75438 exitCount=872888
[iommuret] hit #1542: HalpIommuInitSystem returned EAX=0x00000000 (success/other) rsp=0xFFFFF8052BE75438 exitCount=872889
[iommuret] hit #1543: HalpIommuInitSystem returned EAX=0x00000000 (success/other) rsp=0xFFFFF8052BE75438 exitCount=872890
[iommuret] hit #1544: HalpIommuInitSystem returned EAX=0x00000000 (success/other) rsp=0xFFFFF8052BE75438 exitCount=872891
[iommuret] hit #1545: HalpIommuInitSystem returned EAX=0x00000000 (success/other) rsp=0xFFFFF8052BE75438 exitCount=872892
[iommuret] hit #1546: HalpIommuInitSystem returned EAX=0x00000000 (success/other) rsp=0xFFFFF8052BE75438 exitCount=872893
[iommuret] hit #1547: HalpIommuInitSystem returned EAX=0x00000000 (success/other) rsp=0xFFFFF8052BE75438 exitCount=872894
[iommuret] hit #1548: HalpIommuInitSystem returned EAX=0x00000000 (success/other) rsp=0xFFFFF8052BE75438 exitCount=872895
[iommuret] hit #1549: HalpIommuInitSystem returned EAX=0x00000000 (success/other) rsp=0xFFFFF8052BE75438 exitCount=872896
[iommuret] hit #1550: HalpIommuInitSystem returned EAX=0x00000000 (success/other) rsp=0xFFFFF8052BE75438 exitCount=872897
[iommuret] hit #1551: HalpIommuInitSystem returned EAX=0x00000000 (success/other) rsp=0xFFFFF8052BE75438 exitCount=872898
[iommuret] hit #1552: HalpIommuInitSystem returned EAX=0x00000000 (success/other) rsp=0xFFFFF8052BE75438 exitCount=872899
[iommuret] hit #1553: HalpIommuInitSystem returned EAX=0x00000000 (success/other) rsp=0xFFFFF8052BE75438 exitCount=872900
[iommuret] hit #1554: HalpIommuInitSystem returned EAX=0x00000000 (success/other) rsp=0xFFFFF8052BE75438 exitCount=872901
[iommuret] hit #1555: HalpIommuInitSystem returned EAX=0x00000000 (success/other) rsp=0xFFFFF8052BE75438 exitCount=872902
[iommuret] hit #1556: HalpIommuInitSystem returned EAX=0x00000000 (success/other) rsp=0xFFFFF8052BE75438 exitCount=872903
[iommuret] hit #1557: HalpIommuInitSystem returned EAX=0x00000000 (success/other) rsp=0xFFFFF8052BE75438 exitCount=872904
[iommuret] hit #1558: HalpIommuInitSystem returned EAX=0x00000000 (success/other) rsp=0xFFFFF8052BE75438 exitCount=872905
[iommuret] hit #1559: HalpIommuInitSystem returned EAX=0x00000000 (success/other) rsp=0xFFFFF8052BE75438 exitCount=872906
[iommuret] hit #1560: HalpIommuInitSystem returned EAX=0x00000000 (success/other) rsp=0xFFFFF8052BE75438 exitCount=872907
[iommuret] hit #1561: HalpIommuInitSystem returned EAX=0x00000000 (success/other) rsp=0xFFFFF8052BE75438 exitCount=872908
[iommuret] hit #1562: HalpIommuInitSystem returned EAX=0x00000000 (success/other) rsp=0xFFFFF8052BE75438 exitCount=872909
[iommuret] hit #1563: HalpIommuInitSystem returned EAX=0x00000000 (success/other) rsp=0xFFFFF8052BE75438 exitCount=872910
[iommuret] hit #1564: HalpIommuInitSystem returned EAX=0x00000000 (success/other) rsp=0xFFFFF8052BE75438 exitCount=872911
[iommuret] hit #1565: HalpIommuInitSystem returned EAX=0x00000000 (success/other) rsp=0xFFFFF8052BE75438 exitCount=872912
[iommuret] hit #1566: HalpIommuInitSystem returned EAX=0x00000000 (success/other) rsp=0xFFFFF8052BE75438 exitCount=872913
[iommuret] hit #1567: HalpIommuInitSystem returned EAX=0x00000000 (success/other) rsp=0xFFFFF8052BE75438 exitCount=872914
[iommuret] hit #1568: HalpIommuInitSystem returned EAX=0x00000000 (success/other) rsp=0xFFFFF8052BE75438 exitCount=872915
[iommuret] hit #1569: HalpIommuInitSystem returned EAX=0x00000000 (success/other) rsp=0xFFFFF8052BE75438 exitCount=872916
[iommuret] hit #1570: HalpIommuInitSystem returned EAX=0x00000000 (success/other) rsp=0xFFFFF8052BE75438 exitCount=872917
[iommuret] hit #1571: HalpIommuInitSystem returned EAX=0x00000000 (success/other) rsp=0xFFFFF8052BE75438 exitCount=872918
[iommuret] hit #1572: HalpIommuInitSystem returned EAX=0x00000000 (success/other) rsp=0xFFFFF8052BE75438 exitCount=872919
[iommuret] hit #1573: HalpIommuInitSystem returned EAX=0x00000000 (success/other) rsp=0xFFFFF8052BE75438 exitCount=872920
[iommuret] hit #1574: HalpIommuInitSystem returned EAX=0x00000000 (success/other) rsp=0xFFFFF8052BE75438 exitCount=872921
[iommuret] hit #1575: HalpIommuInitSystem returned EAX=0x00000000 (success/other) rsp=0xFFFFF8052BE75438 exitCount=872922
[iommuret] hit #1576: HalpIommuInitSystem returned EAX=0x00000000 (success/other) rsp=0xFFFFF8052BE75438 exitCount=872923
[iommuret] hit #1577: HalpIommuInitSystem returned EAX=0x00000000 (success/other) rsp=0xFFFFF8052BE75438 exitCount=872924
[iommuret] hit #1578: HalpIommuInitSystem returned EAX=0x00000000 (success/other) rsp=0xFFFFF8052BE75438 exitCount=872925
[iommuret] hit #1579: HalpIommuInitSystem returned EAX=0x00000000 (success/other) rsp=0xFFFFF8052BE75438 exitCount=872926
[iommuret] hit #1580: HalpIommuInitSystem returned EAX=0x00000000 (success/other) rsp=0xFFFFF8052BE75438 exitCount=872927
[iommuret] hit #1581: HalpIommuInitSystem returned EAX=0x00000000 (success/other) rsp=0xFFFFF8052BE75438 exitCount=872928
[iommuret] hit #1582: HalpIommuInitSystem returned EAX=0x00000000 (success/other) rsp=0xFFFFF8052BE75438 exitCount=872929
[iommuret] hit #1583: HalpIommuInitSystem returned EAX=0x00000000 (success/other) rsp=0xFFFFF8052BE75438 exitCount=872930
[iommuret] hit #1584: HalpIommuInitSystem returned EAX=0x00000000 (success/other) rsp=0xFFFFF8052BE75438 exitCount=872931
[iommuret] hit #1585: HalpIommuInitSystem returned EAX=0x00000000 (success/other) rsp=0xFFFFF8052BE75438 exitCount=872932
[iommuret] hit #1586: HalpIommuInitSystem returned EAX=0x00000000 (success/other) rsp=0xFFFFF8052BE75438 exitCount=872933
[iommuret] hit #1587: HalpIommuInitSystem returned EAX=0x00000000 (success/other) rsp=0xFFFFF8052BE75438 exitCount=872934
[iommuret] hit #1588: HalpIommuInitSystem returned EAX=0x00000000 (success/other) rsp=0xFFFFF8052BE75438 exitCount=872935
[iommuret] hit #1589: HalpIommuInitSystem returned EAX=0x00000000 (success/other) rsp=0xFFFFF8052BE75438 exitCount=872936
[iommuret] hit #1590: HalpIommuInitSystem returned EAX=0x00000000 (success/other) rsp=0xFFFFF8052BE75438 exitCount=872937
[iommuret] hit #1591: HalpIommuInitSystem returned EAX=0x00000000 (success/other) rsp=0xFFFFF8052BE75438 exitCount=872938
[iommuret] hit #1592: HalpIommuInitSystem returned EAX=0x00000000 (success/other) rsp=0xFFFFF8052BE75438 exitCount=872939
[iommuret] hit #1593: HalpIommuInitSystem returned EAX=0x00000000 (success/other) rsp=0xFFFFF8052BE75438 exitCount=872940
[iommuret] hit #1594: HalpIommuInitSystem returned EAX=0x00000000 (success/other) rsp=0xFFFFF8052BE75438 exitCount=872941
[iommuret] hit #1595: HalpIommuInitSystem returned EAX=0x00000000 (success/other) rsp=0xFFFFF8052BE75438 exitCount=872942
[iommuret] hit #1596: HalpIommuInitSystem returned EAX=0x00000000 (success/other) rsp=0xFFFFF8052BE75438 exitCount=872943
[iommuret] hit #1597: HalpIommuInitSystem returned EAX=0x00000000 (success/other) rsp=0xFFFFF8052BE75438 exitCount=872944
[iommuret] hit #1598: HalpIommuInitSystem returned EAX=0x00000000 (success/other) rsp=0xFFFFF8052BE75438 exitCount=872945
[iommuret] hit #1599: HalpIommuInitSystem returned EAX=0x00000000 (success/other) rsp=0xFFFFF8052BE75438 exitCount=872946
[iommuret] hit #1600: HalpIommuInitSystem returned EAX=0x00000000 (success/other) rsp=0xFFFFF8052BE75438 exitCount=872947
[iommuret] hit #1601: HalpIommuInitSystem returned EAX=0x00000000 (success/other) rsp=0xFFFFF8052BE75438 exitCount=872948
[iommuret] hit #1602: HalpIommuInitSystem returned EAX=0x00000000 (success/other) rsp=0xFFFFF8052BE75438 exitCount=872949
[iommuret] hit #1603: HalpIommuInitSystem returned EAX=0x00000000 (success/other) rsp=0xFFFFF8052BE75438 exitCount=872950
[iommuret] hit #1604: HalpIommuInitSystem returned EAX=0x00000000 (success/other) rsp=0xFFFFF8052BE75438 exitCount=872951
[iommuret] hit #1605: HalpIommuInitSystem returned EAX=0x00000000 (success/other) rsp=0xFFFFF8052BE75438 exitCount=872952
[iommuret] hit #1606: HalpIommuInitSystem returned EAX=0x00000000 (success/other) rsp=0xFFFFF8052BE75438 exitCount=872953
[iommuret] hit #1607: HalpIommuInitSystem returned EAX=0x00000000 (success/other) rsp=0xFFFFF8052BE75438 exitCount=872954
[iommuret] hit #1608: HalpIommuInitSystem returned EAX=0x00000000 (success/other) rsp=0xFFFFF8052BE75438 exitCount=872955
[iommuret] hit #1609: HalpIommuInitSystem returned EAX=0x00000000 (success/other) rsp=0xFFFFF8052BE75438 exitCount=872956
[iommuret] hit #1610: HalpIommuInitSystem returned EAX=0x00000000 (success/other) rsp=0xFFFFF8052BE75438 exitCount=872957
[iommuret] hit #1611: HalpIommuInitSystem returned EAX=0x00000000 (success/other) rsp=0xFFFFF8052BE75438 exitCount=872958
[iommuret] hit #1612: HalpIommuInitSystem returned EAX=0x00000000 (success/other) rsp=0xFFFFF8052BE75438 exitCount=872959
[iommuret] hit #1613: HalpIommuInitSystem returned EAX=0x00000000 (success/other) rsp=0xFFFFF8052BE75438 exitCount=872960
[iommuret] hit #1614: HalpIommuInitSystem returned EAX=0x00000000 (success/other) rsp=0xFFFFF8052BE75438 exitCount=872961
[iommuret] hit #1615: HalpIommuInitSystem returned EAX=0x00000000 (success/other) rsp=0xFFFFF8052BE75438 exitCount=872962
[iommuret] hit #1616: HalpIommuInitSystem returned EAX=0x00000000 (success/other) rsp=0xFFFFF8052BE75438 exitCount=872963
[iommuret] hit #1617: HalpIommuInitSystem returned EAX=0x00000000 (success/other) rsp=0xFFFFF8052BE75438 exitCount=872964
[iommuret] hit #1618: HalpIommuInitSystem returned EAX=0x00000000 (success/other) rsp=0xFFFFF8052BE75438 exitCount=872965
[iommuret] hit #1619: HalpIommuInitSystem returned EAX=0x00000000 (success/other) rsp=0xFFFFF8052BE75438 exitCount=872966
[iommuret] hit #1620: HalpIommuInitSystem returned EAX=0x00000000 (success/other) rsp=0xFFFFF8052BE75438 exitCount=872967
[iommuret] hit #1621: HalpIommuInitSystem returned EAX=0x00000000 (success/other) rsp=0xFFFFF8052BE75438 exitCount=872968
[iommuret] hit #1622: HalpIommuInitSystem returned EAX=0x00000000 (success/other) rsp=0xFFFFF8052BE75438 exitCount=872969
[iommuret] hit #1623: HalpIommuInitSystem returned EAX=0x00000000 (success/other) rsp=0xFFFFF8052BE75438 exitCount=872970
[iommuret] hit #1624: HalpIommuInitSystem returned EAX=0x00000000 (success/other) rsp=0xFFFFF8052BE75438 exitCount=872971
[iommuret] hit #1625: HalpIommuInitSystem returned EAX=0x00000000 (success/other) rsp=0xFFFFF8052BE75438 exitCount=872972
[iommuret] hit #1626: HalpIommuInitSystem returned EAX=0x00000000 (success/other) rsp=0xFFFFF8052BE75438 exitCount=872973
[iommuret] hit #1627: HalpIommuInitSystem returned EAX=0x00000000 (success/other) rsp=0xFFFFF8052BE75438 exitCount=872974
[iommuret] hit #1628: HalpIommuInitSystem returned EAX=0x00000000 (success/other) rsp=0xFFFFF8052BE75438 exitCount=872975
[iommuret] hit #1629: HalpIommuInitSystem returned EAX=0x00000000 (success/other) rsp=0xFFFFF8052BE75438 exitCount=872976
[iommuret] hit #1630: HalpIommuInitSystem returned EAX=0x00000000 (success/other) rsp=0xFFFFF8052BE75438 exitCount=872977
[iommuret] hit #1631: HalpIommuInitSystem returned EAX=0x00000000 (success/other) rsp=0xFFFFF8052BE75438 exitCount=872978
[iommuret] hit #1632: HalpIommuInitSystem returned EAX=0x00000000 (success/other) rsp=0xFFFFF8052BE75438 exitCount=872979
[iommuret] hit #1633: HalpIommuInitSystem returned EAX=0x00000000 (success/other) rsp=0xFFFFF8052BE75438 exitCount=872980
[iommuret] hit #1634: HalpIommuInitSystem returned EAX=0x00000000 (success/other) rsp=0xFFFFF8052BE75438 exitCount=872981
[iommuret] hit #1635: HalpIommuInitSystem returned EAX=0x00000000 (success/other) rsp=0xFFFFF8052BE75438 exitCount=872982
[iommuret] hit #1636: HalpIommuInitSystem returned EAX=0x00000000 (success/other) rsp=0xFFFFF8052BE75438 exitCount=872983
[iommuret] hit #1637: HalpIommuInitSystem returned EAX=0x00000000 (success/other) rsp=0xFFFFF8052BE75438 exitCount=872984
[iommuret] hit #1638: HalpIommuInitSystem returned EAX=0x00000000 (success/other) rsp=0xFFFFF8052BE75438 exitCount=872985
[iommuret] hit #1639: HalpIommuInitSystem returned EAX=0x00000000 (success/other) rsp=0xFFFFF8052BE75438 exitCount=872986
[iommuret] hit #1640: HalpIommuInitSystem returned EAX=0x00000000 (success/other) rsp=0xFFFFF8052BE75438 exitCount=872987
[iommuret] hit #1641: HalpIommuInitSystem returned EAX=0x00000000 (success/other) rsp=0xFFFFF8052BE75438 exitCount=872988
[iommuret] hit #1642: HalpIommuInitSystem returned EAX=0x00000000 (success/other) rsp=0xFFFFF8052BE75438 exitCount=872989
[iommuret] hit #1643: HalpIommuInitSystem returned EAX=0x00000000 (success/other) rsp=0xFFFFF8052BE75438 exitCount=872990
[iommuret] hit #1644: HalpIommuInitSystem returned EAX=0x00000000 (success/other) rsp=0xFFFFF8052BE75438 exitCount=872991
[iommuret] hit #1645: HalpIommuInitSystem returned EAX=0x00000000 (success/other) rsp=0xFFFFF8052BE75438 exitCount=872992
[iommuret] hit #1646: HalpIommuInitSystem returned EAX=0x00000000 (success/other) rsp=0xFFFFF8052BE75438 exitCount=872993
[iommuret] hit #1647: HalpIommuInitSystem returned EAX=0x00000000 (success/other) rsp=0xFFFFF8052BE75438 exitCount=872994
[iommuret] hit #1648: HalpIommuInitSystem returned EAX=0x00000000 (success/other) rsp=0xFFFFF8052BE75438 exitCount=872995
[iommuret] hit #1649: HalpIommuInitSystem returned EAX=0x00000000 (success/other) rsp=0xFFFFF8052BE75438 exitCount=872996
[iommuret] hit #1650: HalpIommuInitSystem returned EAX=0x00000000 (success/other) rsp=0xFFFFF8052BE75438 exitCount=872997
[iommuret] hit #1651: HalpIommuInitSystem returned EAX=0x00000000 (success/other) rsp=0xFFFFF8052BE75438 exitCount=872998
[iommuret] hit #1652: HalpIommuInitSystem returned EAX=0x00000000 (success/other) rsp=0xFFFFF8052BE75438 exitCount=872999
[iommuret] hit #1653: HalpIommuInitSystem returned EAX=0x00000000 (success/other) rsp=0xFFFFF8052BE75438 exitCount=873000
[iommuret] hit #1654: HalpIommuInitSystem returned EAX=0x00000000 (success/other) rsp=0xFFFFF8052BE75438 exitCount=873001
[iommuret] hit #1655: HalpIommuInitSystem returned EAX=0x00000000 (success/other) rsp=0xFFFFF8052BE75438 exitCount=873002
[iommuret] hit #1656: HalpIommuInitSystem returned EAX=0x00000000 (success/other) rsp=0xFFFFF8052BE75438 exitCount=873003
[iommuret] hit #1657: HalpIommuInitSystem returned EAX=0x00000000 (success/other) rsp=0xFFFFF8052BE75438 exitCount=873004
[iommuret] hit #1658: HalpIommuInitSystem returned EAX=0x00000000 (success/other) rsp=0xFFFFF8052BE75438 exitCount=873005
[iommuret] hit #1659: HalpIommuInitSystem returned EAX=0x00000000 (success/other) rsp=0xFFFFF8052BE75438 exitCount=873006
[iommuret] hit #1660: HalpIommuInitSystem returned EAX=0x00000000 (success/other) rsp=0xFFFFF8052BE75438 exitCount=873007
[iommuret] hit #1661: HalpIommuInitSystem returned EAX=0x00000000 (success/other) rsp=0xFFFFF8052BE75438 exitCount=873008
[iommuret] hit #1662: HalpIommuInitSystem returned EAX=0x00000000 (success/other) rsp=0xFFFFF8052BE75438 exitCount=873009
[iommuret] hit #1663: HalpIommuInitSystem returned EAX=0x00000000 (success/other) rsp=0xFFFFF8052BE75438 exitCount=873010
[iommuret] hit #1664: HalpIommuInitSystem returned EAX=0x00000000 (success/other) rsp=0xFFFFF8052BE75438 exitCount=873011
[iommuret] hit #1665: HalpIommuInitSystem returned EAX=0x00000000 (success/other) rsp=0xFFFFF8052BE75438 exitCount=873012
[iommuret] hit #1666: HalpIommuInitSystem returned EAX=0x00000000 (success/other) rsp=0xFFFFF8052BE75438 exitCount=873013
[iommuret] hit #1667: HalpIommuInitSystem returned EAX=0x00000000 (success/other) rsp=0xFFFFF8052BE75438 exitCount=873014
[iommuret] hit #1668: HalpIommuInitSystem returned EAX=0x00000000 (success/other) rsp=0xFFFFF8052BE75438 exitCount=873015
[iommuret] hit #1669: HalpIommuInitSystem returned EAX=0x00000000 (success/other) rsp=0xFFFFF8052BE75438 exitCount=873016
[iommuret] hit #1670: HalpIommuInitSystem returned EAX=0x00000000 (success/other) rsp=0xFFFFF8052BE75438 exitCount=873017
[iommuret] hit #1671: HalpIommuInitSystem returned EAX=0x00000000 (success/other) rsp=0xFFFFF8052BE75438 exitCount=873018
[iommuret] hit #1672: HalpIommuInitSystem returned EAX=0x00000000 (success/other) rsp=0xFFFFF8052BE75438 exitCount=873019
[iommuret] hit #1673: HalpIommuInitSystem returned EAX=0x00000000 (success/other) rsp=0xFFFFF8052BE75438 exitCount=873020
[iommuret] hit #1674: HalpIommuInitSystem returned EAX=0x00000000 (success/other) rsp=0xFFFFF8052BE75438 exitCount=873021
[iommuret] hit #1675: HalpIommuInitSystem returned EAX=0x00000000 (success/other) rsp=0xFFFFF8052BE75438 exitCount=873022
[iommuret] hit #1676: HalpIommuInitSystem returned EAX=0x00000000 (success/other) rsp=0xFFFFF8052BE75438 exitCount=873023
[iommuret] hit #1677: HalpIommuInitSystem returned EAX=0x00000000 (success/other) rsp=0xFFFFF8052BE75438 exitCount=873024
[iommuret] hit #1678: HalpIommuInitSystem returned EAX=0x00000000 (success/other) rsp=0xFFFFF8052BE75438 exitCount=873025
[iommuret] hit #1679: HalpIommuInitSystem returned EAX=0x00000000 (success/other) rsp=0xFFFFF8052BE75438 exitCount=873026
[iommuret] hit #1680: HalpIommuInitSystem returned EAX=0x00000000 (success/other) rsp=0xFFFFF8052BE75438 exitCount=873027
[iommuret] hit #1681: HalpIommuInitSystem returned EAX=0x00000000 (success/other) rsp=0xFFFFF8052BE75438 exitCount=873028
[iommuret] hit #1682: HalpIommuInitSystem returned EAX=0x00000000 (success/other) rsp=0xFFFFF8052BE75438 exitCount=873029
[iommuret] hit #1683: HalpIommuInitSystem returned EAX=0x00000000 (success/other) rsp=0xFFFFF8052BE75438 exitCount=873030
[iommuret] hit #1684: HalpIommuInitSystem returned EAX=0x00000000 (success/other) rsp=0xFFFFF8052BE75438 exitCount=873031
[iommuret] hit #1685: HalpIommuInitSystem returned EAX=0x00000000 (success/other) rsp=0xFFFFF8052BE75438 exitCount=873032
[iommuret] hit #1686: HalpIommuInitSystem returned EAX=0x00000000 (success/other) rsp=0xFFFFF8052BE75438 exitCount=873033
[iommuret] hit #1687: HalpIommuInitSystem returned EAX=0x00000000 (success/other) rsp=0xFFFFF8052BE75438 exitCount=873034
[iommuret] hit #1688: HalpIommuInitSystem returned EAX=0x00000000 (success/other) rsp=0xFFFFF8052BE75438 exitCount=873035
[iommuret] hit #1689: HalpIommuInitSystem returned EAX=0x00000000 (success/other) rsp=0xFFFFF8052BE75438 exitCount=873036
[iommuret] hit #1690: HalpIommuInitSystem returned EAX=0x00000000 (success/other) rsp=0xFFFFF8052BE75438 exitCount=873037
[iommuret] hit #1691: HalpIommuInitSystem returned EAX=0x00000000 (success/other) rsp=0xFFFFF8052BE75438 exitCount=873038
[iommuret] hit #1692: HalpIommuInitSystem returned EAX=0x00000000 (success/other) rsp=0xFFFFF8052BE75438 exitCount=873039
[iommuret] hit #1693: HalpIommuInitSystem returned EAX=0x00000000 (success/other) rsp=0xFFFFF8052BE75438 exitCount=873040
[iommuret] hit #1694: HalpIommuInitSystem returned EAX=0x00000000 (success/other) rsp=0xFFFFF8052BE75438 exitCount=873041
[iommuret] hit #1695: HalpIommuInitSystem returned EAX=0x00000000 (success/other) rsp=0xFFFFF8052BE75438 exitCount=873042
[iommuret] hit #1696: HalpIommuInitSystem returned EAX=0x00000000 (success/other) rsp=0xFFFFF8052BE75438 exitCount=873043
[iommuret] hit #1697: HalpIommuInitSystem returned EAX=0x00000000 (success/other) rsp=0xFFFFF8052BE75438 exitCount=873044
[iommuret] hit #1698: HalpIommuInitSystem returned EAX=0x00000000 (success/other) rsp=0xFFFFF8052BE75438 exitCount=873045
[iommuret] hit #1699: HalpIommuInitSystem returned EAX=0x00000000 (success/other) rsp=0xFFFFF8052BE75438 exitCount=873046
[iommuret] hit #1700: HalpIommuInitSystem returned EAX=0x00000000 (success/other) rsp=0xFFFFF8052BE75438 exitCount=873047
[iommuret] hit #1701: HalpIommuInitSystem returned EAX=0x00000000 (success/other) rsp=0xFFFFF8052BE75438 exitCount=873048
[iommuret] hit #1702: HalpIommuInitSystem returned EAX=0x00000000 (success/other) rsp=0xFFFFF8052BE75438 exitCount=873049
[iommuret] hit #1703: HalpIommuInitSystem returned EAX=0x00000000 (success/other) rsp=0xFFFFF8052BE75438 exitCount=873050
[iommuret] hit #1704: HalpIommuInitSystem returned EAX=0x00000000 (success/other) rsp=0xFFFFF8052BE75438 exitCount=873051
[iommuret] hit #1705: HalpIommuInitSystem returned EAX=0x00000000 (success/other) rsp=0xFFFFF8052BE75438 exitCount=873052
[iommuret] hit #1706: HalpIommuInitSystem returned EAX=0x00000000 (success/other) rsp=0xFFFFF8052BE75438 exitCount=873053
[iommuret] hit #1707: HalpIommuInitSystem returned EAX=0x00000000 (success/other) rsp=0xFFFFF8052BE75438 exitCount=873054
[iommuret] hit #1708: HalpIommuInitSystem returned EAX=0x00000000 (success/other) rsp=0xFFFFF8052BE75438 exitCount=873055
[iommuret] hit #1709: HalpIommuInitSystem returned EAX=0x00000000 (success/other) rsp=0xFFFFF8052BE75438 exitCount=873056
[iommuret] hit #1710: HalpIommuInitSystem returned EAX=0x00000000 (success/other) rsp=0xFFFFF8052BE75438 exitCount=873057
[iommuret] hit #1711: HalpIommuInitSystem returned EAX=0x00000000 (success/other) rsp=0xFFFFF8052BE75438 exitCount=873058
[iommuret] hit #1712: HalpIommuInitSystem returned EAX=0x00000000 (success/other) rsp=0xFFFFF8052BE75438 exitCount=873059
[iommuret] hit #1713: HalpIommuInitSystem returned EAX=0x00000000 (success/other) rsp=0xFFFFF8052BE75438 exitCount=873060
[iommuret] hit #1714: HalpIommuInitSystem returned EAX=0x00000000 (success/other) rsp=0xFFFFF8052BE75438 exitCount=873061
[iommuret] hit #1715: HalpIommuInitSystem returned EAX=0x00000000 (success/other) rsp=0xFFFFF8052BE75438 exitCount=873062
[iommuret] hit #1716: HalpIommuInitSystem returned EAX=0x00000000 (success/other) rsp=0xFFFFF8052BE75438 exitCount=873063
[iommuret] hit #1717: HalpIommuInitSystem returned EAX=0x00000000 (success/other) rsp=0xFFFFF8052BE75438 exitCount=873064
[iommuret] hit #1718: HalpIommuInitSystem returned EAX=0x00000000 (success/other) rsp=0xFFFFF8052BE75438 exitCount=873065
[iommuret] hit #1719: HalpIommuInitSystem returned EAX=0x00000000 (success/other) rsp=0xFFFFF8052BE75438 exitCount=873066
[iommuret] hit #1720: HalpIommuInitSystem returned EAX=0x00000000 (success/other) rsp=0xFFFFF8052BE75438 exitCount=873067
[iommuret] hit #1721: HalpIommuInitSystem returned EAX=0x00000000 (success/other) rsp=0xFFFFF8052BE75438 exitCount=873068
[iommuret] hit #1722: HalpIommuInitSystem returned EAX=0x00000000 (success/other) rsp=0xFFFFF8052BE75438 exitCount=873069
[iommuret] hit #1723: HalpIommuInitSystem returned EAX=0x00000000 (success/other) rsp=0xFFFFF8052BE75438 exitCount=873070
[iommuret] hit #1724: HalpIommuInitSystem returned EAX=0x00000000 (success/other) rsp=0xFFFFF8052BE75438 exitCount=873071
[iommuret] hit #1725: HalpIommuInitSystem returned EAX=0x00000000 (success/other) rsp=0xFFFFF8052BE75438 exitCount=873072
[iommuret] hit #1726: HalpIommuInitSystem returned EAX=0x00000000 (success/other) rsp=0xFFFFF8052BE75438 exitCount=873073
[iommuret] hit #1727: HalpIommuInitSystem returned EAX=0x00000000 (success/other) rsp=0xFFFFF8052BE75438 exitCount=873074
[iommuret] hit #1728: HalpIommuInitSystem returned EAX=0x00000000 (success/other) rsp=0xFFFFF8052BE75438 exitCount=873075
[iommuret] hit #1729: HalpIommuInitSystem returned EAX=0x00000000 (success/other) rsp=0xFFFFF8052BE75438 exitCount=873076
[iommuret] hit #1730: HalpIommuInitSystem returned EAX=0x00000000 (success/other) rsp=0xFFFFF8052BE75438 exitCount=873077
[iommuret] hit #1731: HalpIommuInitSystem returned EAX=0x00000000 (success/other) rsp=0xFFFFF8052BE75438 exitCount=873078
[iommuret] hit #1732: HalpIommuInitSystem returned EAX=0x00000000 (success/other) rsp=0xFFFFF8052BE75438 exitCount=873079
[iommuret] hit #1733: HalpIommuInitSystem returned EAX=0x00000000 (success/other) rsp=0xFFFFF8052BE75438 exitCount=873080
[iommuret] hit #1734: HalpIommuInitSystem returned EAX=0x00000000 (success/other) rsp=0xFFFFF8052BE75438 exitCount=873081
[iommuret] hit #1735: HalpIommuInitSystem returned EAX=0x00000000 (success/other) rsp=0xFFFFF8052BE75438 exitCount=873082
[iommuret] hit #1736: HalpIommuInitSystem returned EAX=0x00000000 (success/other) rsp=0xFFFFF8052BE75438 exitCount=873083
[iommuret] hit #1737: HalpIommuInitSystem returned EAX=0x00000000 (success/other) rsp=0xFFFFF8052BE75438 exitCount=873084
[iommuret] hit #1738: HalpIommuInitSystem returned EAX=0x00000000 (success/other) rsp=0xFFFFF8052BE75438 exitCount=873085
[iommuret] hit #1739: HalpIommuInitSystem returned EAX=0x00000000 (success/other) rsp=0xFFFFF8052BE75438 exitCount=873086
[iommuret] hit #1740: HalpIommuInitSystem returned EAX=0x00000000 (success/other) rsp=0xFFFFF8052BE75438 exitCount=873087
[iommuret] hit #1741: HalpIommuInitSystem returned EAX=0x00000000 (success/other) rsp=0xFFFFF8052BE75438 exitCount=873088
[iommuret] hit #1742: HalpIommuInitSystem returned EAX=0x00000000 (success/other) rsp=0xFFFFF8052BE75438 exitCount=873089
[iommuret] hit #1743: HalpIommuInitSystem returned EAX=0x00000000 (success/other) rsp=0xFFFFF8052BE75438 exitCount=873090
[iommuret] hit #1744: HalpIommuInitSystem returned EAX=0x00000000 (success/other) rsp=0xFFFFF8052BE75438 exitCount=873091
[iommuret] hit #1745: HalpIommuInitSystem returned EAX=0x00000000 (success/other) rsp=0xFFFFF8052BE75438 exitCount=873092
[iommuret] hit #1746: HalpIommuInitSystem returned EAX=0x00000000 (success/other) rsp=0xFFFFF8052BE75438 exitCount=873093
[iommuret] hit #1747: HalpIommuInitSystem returned EAX=0x00000000 (success/other) rsp=0xFFFFF8052BE75438 exitCount=873094
[iommuret] hit #1748: HalpIommuInitSystem returned EAX=0x00000000 (success/other) rsp=0xFFFFF8052BE75438 exitCount=873095
[iommuret] hit #1749: HalpIommuInitSystem returned EAX=0x00000000 (success/other) rsp=0xFFFFF8052BE75438 exitCount=873096
[iommuret] hit #1750: HalpIommuInitSystem returned EAX=0x00000000 (success/other) rsp=0xFFFFF8052BE75438 exitCount=873097
[iommuret] hit #1751: HalpIommuInitSystem returned EAX=0x00000000 (success/other) rsp=0xFFFFF8052BE75438 exitCount=873098
[iommuret] hit #1752: HalpIommuInitSystem returned EAX=0x00000000 (success/other) rsp=0xFFFFF8052BE75438 exitCount=873099
[iommuret] hit #1753: HalpIommuInitSystem returned EAX=0x00000000 (success/other) rsp=0xFFFFF8052BE75438 exitCount=873100
[iommuret] hit #1754: HalpIommuInitSystem returned EAX=0x00000000 (success/other) rsp=0xFFFFF8052BE75438 exitCount=873101
[iommuret] hit #1755: HalpIommuInitSystem returned EAX=0x00000000 (success/other) rsp=0xFFFFF8052BE75438 exitCount=873102
[iommuret] hit #1756: HalpIommuInitSystem returned EAX=0x00000000 (success/other) rsp=0xFFFFF8052BE75438 exitCount=873103
[iommuret] hit #1757: HalpIommuInitSystem returned EAX=0x00000000 (success/other) rsp=0xFFFFF8052BE75438 exitCount=873104
[iommuret] hit #1758: HalpIommuInitSystem returned EAX=0x00000000 (success/other) rsp=0xFFFFF8052BE75438 exitCount=873105
[iommuret] hit #1759: HalpIommuInitSystem returned EAX=0x00000000 (success/other) rsp=0xFFFFF8052BE75438 exitCount=873106
[iommuret] hit #1760: HalpIommuInitSystem returned EAX=0x00000000 (success/other) rsp=0xFFFFF8052BE75438 exitCount=873107
[iommuret] hit #1761: HalpIommuInitSystem returned EAX=0x00000000 (success/other) rsp=0xFFFFF8052BE75438 exitCount=873108
[iommuret] hit #1762: HalpIommuInitSystem returned EAX=0x00000000 (success/other) rsp=0xFFFFF8052BE75438 exitCount=873109
[iommuret] hit #1763: HalpIommuInitSystem returned EAX=0x00000000 (success/other) rsp=0xFFFFF8052BE75438 exitCount=873110
[iommuret] hit #1764: HalpIommuInitSystem returned EAX=0x00000000 (success/other) rsp=0xFFFFF8052BE75438 exitCount=873111
[iommuret] hit #1765: HalpIommuInitSystem returned EAX=0x00000000 (success/other) rsp=0xFFFFF8052BE75438 exitCount=873112
[iommuret] hit #1766: HalpIommuInitSystem returned EAX=0x00000000 (success/other) rsp=0xFFFFF8052BE75438 exitCount=873113
[iommuret] hit #1767: HalpIommuInitSystem returned EAX=0x00000000 (success/other) rsp=0xFFFFF8052BE75438 exitCount=873114
[iommuret] hit #1768: HalpIommuInitSystem returned EAX=0x00000000 (success/other) rsp=0xFFFFF8052BE75438 exitCount=873115
[iommuret] hit #1769: HalpIommuInitSystem returned EAX=0x00000000 (success/other) rsp=0xFFFFF8052BE75438 exitCount=873116
[iommuret] hit #1770: HalpIommuInitSystem returned EAX=0x00000000 (success/other) rsp=0xFFFFF8052BE75438 exitCount=873117
[iommuret] hit #1771: HalpIommuInitSystem returned EAX=0x00000000 (success/other) rsp=0xFFFFF8052BE75438 exitCount=873118
[iommuret] hit #1772: HalpIommuInitSystem returned EAX=0x00000000 (success/other) rsp=0xFFFFF8052BE75438 exitCount=873119
[iommuret] hit #1773: HalpIommuInitSystem returned EAX=0x00000000 (success/other) rsp=0xFFFFF8052BE75438 exitCount=873120
[iommuret] hit #1774: HalpIommuInitSystem returned EAX=0x00000000 (success/other) rsp=0xFFFFF8052BE75438 exitCount=873121
[iommuret] hit #1775: HalpIommuInitSystem returned EAX=0x00000000 (success/other) rsp=0xFFFFF8052BE75438 exitCount=873122
[iommuret] hit #1776: HalpIommuInitSystem returned EAX=0x00000000 (success/other) rsp=0xFFFFF8052BE75438 exitCount=873123
[iommuret] hit #1777: HalpIommuInitSystem returned EAX=0x00000000 (success/other) rsp=0xFFFFF8052BE75438 exitCount=873124
[iommuret] hit #1778: HalpIommuInitSystem returned EAX=0x00000000 (success/other) rsp=0xFFFFF8052BE75438 exitCount=873125
[iommuret] hit #1779: HalpIommuInitSystem returned EAX=0x00000000 (success/other) rsp=0xFFFFF8052BE75438 exitCount=873126
[iommuret] hit #1780: HalpIommuInitSystem returned EAX=0x00000000 (success/other) rsp=0xFFFFF8052BE75438 exitCount=873127
[iommuret] hit #1781: HalpIommuInitSystem returned EAX=0x00000000 (success/other) rsp=0xFFFFF8052BE75438 exitCount=873128
[iommuret] hit #1782: HalpIommuInitSystem returned EAX=0x00000000 (success/other) rsp=0xFFFFF8052BE75438 exitCount=873129
[iommuret] hit #1783: HalpIommuInitSystem returned EAX=0x00000000 (success/other) rsp=0xFFFFF8052BE75438 exitCount=873130
[iommuret] hit #1784: HalpIommuInitSystem returned EAX=0x00000000 (success/other) rsp=0xFFFFF8052BE75438 exitCount=873131
[iommuret] hit #1785: HalpIommuInitSystem returned EAX=0x00000000 (success/other) rsp=0xFFFFF8052BE75438 exitCount=873132
[iommuret] hit #1786: HalpIommuInitSystem returned EAX=0x00000000 (success/other) rsp=0xFFFFF8052BE75438 exitCount=873133
[iommuret] hit #1787: HalpIommuInitSystem returned EAX=0x00000000 (success/other) rsp=0xFFFFF8052BE75438 exitCount=873134
[iommuret] hit #1788: HalpIommuInitSystem returned EAX=0x00000000 (success/other) rsp=0xFFFFF8052BE75438 exitCount=873135
[iommuret] hit #1789: HalpIommuInitSystem returned EAX=0x00000000 (success/other) rsp=0xFFFFF8052BE75438 exitCount=873136
[iommuret] hit #1790: HalpIommuInitSystem returned EAX=0x00000000 (success/other) rsp=0xFFFFF8052BE75438 exitCount=873137
[iommuret] hit #1791: HalpIommuInitSystem returned EAX=0x00000000 (success/other) rsp=0xFFFFF8052BE75438 exitCount=873138
[iommuret] hit #1792: HalpIommuInitSystem returned EAX=0x00000000 (success/other) rsp=0xFFFFF8052BE75438 exitCount=873139
[iommuret] hit #1793: HalpIommuInitSystem returned EAX=0x00000000 (success/other) rsp=0xFFFFF8052BE75438 exitCount=873140
[iommuret] hit #1794: HalpIommuInitSystem returned EAX=0x00000000 (success/other) rsp=0xFFFFF8052BE75438 exitCount=873141
[iommuret] hit #1795: HalpIommuInitSystem returned EAX=0x00000000 (success/other) rsp=0xFFFFF8052BE75438 exitCount=873142
[iommuret] hit #1796: HalpIommuInitSystem returned EAX=0x00000000 (success/other) rsp=0xFFFFF8052BE75438 exitCount=873143
[iommuret] hit #1797: HalpIommuInitSystem returned EAX=0x00000000 (success/other) rsp=0xFFFFF8052BE75438 exitCount=873144
[iommuret] hit #1798: HalpIommuInitSystem returned EAX=0x00000000 (success/other) rsp=0xFFFFF8052BE75438 exitCount=873145
[iommuret] hit #1799: HalpIommuInitSystem returned EAX=0x00000000 (success/other) rsp=0xFFFFF8052BE75438 exitCount=873146
[iommuret] hit #1800: HalpIommuInitSystem returned EAX=0x00000000 (success/other) rsp=0xFFFFF8052BE75438 exitCount=873147
[iommuret] hit #1801: HalpIommuInitSystem returned EAX=0x00000000 (success/other) rsp=0xFFFFF8052BE75438 exitCount=873148
[iommuret] hit #1802: HalpIommuInitSystem returned EAX=0x00000000 (success/other) rsp=0xFFFFF8052BE75438 exitCount=873149
[iommuret] hit #1803: HalpIommuInitSystem returned EAX=0x00000000 (success/other) rsp=0xFFFFF8052BE75438 exitCount=873150
[iommuret] hit #1804: HalpIommuInitSystem returned EAX=0x00000000 (success/other) rsp=0xFFFFF8052BE75438 exitCount=873151
[iommuret] hit #1805: HalpIommuInitSystem returned EAX=0x00000000 (success/other) rsp=0xFFFFF8052BE75438 exitCount=873152
[iommuret] hit #1806: HalpIommuInitSystem returned EAX=0x00000000 (success/other) rsp=0xFFFFF8052BE75438 exitCount=873153
[iommuret] hit #1807: HalpIommuInitSystem returned EAX=0x00000000 (success/other) rsp=0xFFFFF8052BE75438 exitCount=873154
[iommuret] hit #1808: HalpIommuInitSystem returned EAX=0x00000000 (success/other) rsp=0xFFFFF8052BE75438 exitCount=873155
[iommuret] hit #1809: HalpIommuInitSystem returned EAX=0x00000000 (success/other) rsp=0xFFFFF8052BE75438 exitCount=873156
[iommuret] hit #1810: HalpIommuInitSystem returned EAX=0x00000000 (success/other) rsp=0xFFFFF8052BE75438 exitCount=873157
[iommuret] hit #1811: HalpIommuInitSystem returned EAX=0x00000000 (success/other) rsp=0xFFFFF8052BE75438 exitCount=873158
[iommuret] hit #1812: HalpIommuInitSystem returned EAX=0x00000000 (success/other) rsp=0xFFFFF8052BE75438 exitCount=873159
[iommuret] hit #1813: HalpIommuInitSystem returned EAX=0x00000000 (success/other) rsp=0xFFFFF8052BE75438 exitCount=873160
[iommuret] hit #1814: HalpIommuInitSystem returned EAX=0x00000000 (success/other) rsp=0xFFFFF8052BE75438 exitCount=873161
[iommuret] hit #1815: HalpIommuInitSystem returned EAX=0x00000000 (success/other) rsp=0xFFFFF8052BE75438 exitCount=873162
[iommuret] hit #1816: HalpIommuInitSystem returned EAX=0x00000000 (success/other) rsp=0xFFFFF8052BE75438 exitCount=873163
[iommuret] hit #1817: HalpIommuInitSystem returned EAX=0x00000000 (success/other) rsp=0xFFFFF8052BE75438 exitCount=873164
[iommuret] hit #1818: HalpIommuInitSystem returned EAX=0x00000000 (success/other) rsp=0xFFFFF8052BE75438 exitCount=873165
[iommuret] hit #1819: HalpIommuInitSystem returned EAX=0x00000000 (success/other) rsp=0xFFFFF8052BE75438 exitCount=873166
[iommuret] hit #1820: HalpIommuInitSystem returned EAX=0x00000000 (success/other) rsp=0xFFFFF8052BE75438 exitCount=873167
[iommuret] hit #1821: HalpIommuInitSystem returned EAX=0x00000000 (success/other) rsp=0xFFFFF8052BE75438 exitCount=873168
[iommuret] hit #1822: HalpIommuInitSystem returned EAX=0x00000000 (success/other) rsp=0xFFFFF8052BE75438 exitCount=873169
[iommuret] hit #1823: HalpIommuInitSystem returned EAX=0x00000000 (success/other) rsp=0xFFFFF8052BE75438 exitCount=873170
[iommuret] hit #1824: HalpIommuInitSystem returned EAX=0x00000000 (success/other) rsp=0xFFFFF8052BE75438 exitCount=873171
[iommuret] hit #1825: HalpIommuInitSystem returned EAX=0x00000000 (success/other) rsp=0xFFFFF8052BE75438 exitCount=873172
[iommuret] hit #1826: HalpIommuInitSystem returned EAX=0x00000000 (success/other) rsp=0xFFFFF8052BE75438 exitCount=873173
[iommuret] hit #1827: HalpIommuInitSystem returned EAX=0x00000000 (success/other) rsp=0xFFFFF8052BE75438 exitCount=873174
[iommuret] hit #1828: HalpIommuInitSystem returned EAX=0x00000000 (success/other) rsp=0xFFFFF8052BE75438 exitCount=873175
[iommuret] hit #1829: HalpIommuInitSystem returned EAX=0x00000000 (success/other) rsp=0xFFFFF8052BE75438 exitCount=873176
[iommuret] hit #1830: HalpIommuInitSystem returned EAX=0x00000000 (success/other) rsp=0xFFFFF8052BE75438 exitCount=873177
[iommuret] hit #1831: HalpIommuInitSystem returned EAX=0x00000000 (success/other) rsp=0xFFFFF8052BE75438 exitCount=873178
[iommuret] hit #1832: HalpIommuInitSystem returned EAX=0x00000000 (success/other) rsp=0xFFFFF8052BE75438 exitCount=873179
[iommuret] hit #1833: HalpIommuInitSystem returned EAX=0x00000000 (success/other) rsp=0xFFFFF8052BE75438 exitCount=873180
[iommuret] hit #1834: HalpIommuInitSystem returned EAX=0x00000000 (success/other) rsp=0xFFFFF8052BE75438 exitCount=873181
[iommuret] hit #1835: HalpIommuInitSystem returned EAX=0x00000000 (success/other) rsp=0xFFFFF8052BE75438 exitCount=873182
[iommuret] hit #1836: HalpIommuInitSystem returned EAX=0x00000000 (success/other) rsp=0xFFFFF8052BE75438 exitCount=873183
[iommuret] hit #1837: HalpIommuInitSystem returned EAX=0x00000000 (success/other) rsp=0xFFFFF8052BE75438 exitCount=873184
[iommuret] hit #1838: HalpIommuInitSystem returned EAX=0x00000000 (success/other) rsp=0xFFFFF8052BE75438 exitCount=873185
[iommuret] hit #1839: HalpIommuInitSystem returned EAX=0x00000000 (success/other) rsp=0xFFFFF8052BE75438 exitCount=873186
[iommuret] hit #1840: HalpIommuInitSystem returned EAX=0x00000000 (success/other) rsp=0xFFFFF8052BE75438 exitCount=873187
[iommuret] hit #1841: HalpIommuInitSystem returned EAX=0x00000000 (success/other) rsp=0xFFFFF8052BE75438 exitCount=873188
[iommuret] hit #1842: HalpIommuInitSystem returned EAX=0x00000000 (success/other) rsp=0xFFFFF8052BE75438 exitCount=873189
[iommuret] hit #1843: HalpIommuInitSystem returned EAX=0x00000000 (success/other) rsp=0xFFFFF8052BE75438 exitCount=873190
[iommuret] hit #1844: HalpIommuInitSystem returned EAX=0x00000000 (success/other) rsp=0xFFFFF8052BE75438 exitCount=873191
[iommuret] hit #1845: HalpIommuInitSystem returned EAX=0x00000000 (success/other) rsp=0xFFFFF8052BE75438 exitCount=873192
[iommuret] hit #1846: HalpIommuInitSystem returned EAX=0x00000000 (success/other) rsp=0xFFFFF8052BE75438 exitCount=873193
[iommuret] hit #1847: HalpIommuInitSystem returned EAX=0x00000000 (success/other) rsp=0xFFFFF8052BE75438 exitCount=873194
[iommuret] hit #1848: HalpIommuInitSystem returned EAX=0x00000000 (success/other) rsp=0xFFFFF8052BE75438 exitCount=873195
[iommuret] hit #1849: HalpIommuInitSystem returned EAX=0x00000000 (success/other) rsp=0xFFFFF8052BE75438 exitCount=873196
[iommuret] hit #1850: HalpIommuInitSystem returned EAX=0x00000000 (success/other) rsp=0xFFFFF8052BE75438 exitCount=873197
[iommuret] hit #1851: HalpIommuInitSystem returned EAX=0x00000000 (success/other) rsp=0xFFFFF8052BE75438 exitCount=873198
[iommuret] hit #1852: HalpIommuInitSystem returned EAX=0x00000000 (success/other) rsp=0xFFFFF8052BE75438 exitCount=873199
[iommuret] hit #1853: HalpIommuInitSystem returned EAX=0x00000000 (success/other) rsp=0xFFFFF8052BE75438 exitCount=873200
[iommuret] hit #1854: HalpIommuInitSystem returned EAX=0x00000000 (success/other) rsp=0xFFFFF8052BE75438 exitCount=873201
[iommuret] hit #1855: HalpIommuInitSystem returned EAX=0x00000000 (success/other) rsp=0xFFFFF8052BE75438 exitCount=873202
[iommuret] hit #1856: HalpIommuInitSystem returned EAX=0x00000000 (success/other) rsp=0xFFFFF8052BE75438 exitCount=873203
[iommuret] hit #1857: HalpIommuInitSystem returned EAX=0x00000000 (success/other) rsp=0xFFFFF8052BE75438 exitCount=873204
[iommuret] hit #1858: HalpIommuInitSystem returned EAX=0x00000000 (success/other) rsp=0xFFFFF8052BE75438 exitCount=873205
[iommuret] hit #1859: HalpIommuInitSystem returned EAX=0x00000000 (success/other) rsp=0xFFFFF8052BE75438 exitCount=873206
[iommuret] hit #1860: HalpIommuInitSystem returned EAX=0x00000000 (success/other) rsp=0xFFFFF8052BE75438 exitCount=873207
[iommuret] hit #1861: HalpIommuInitSystem returned EAX=0x00000000 (success/other) rsp=0xFFFFF8052BE75438 exitCount=873208
[iommuret] hit #1862: HalpIommuInitSystem returned EAX=0x00000000 (success/other) rsp=0xFFFFF8052BE75438 exitCount=873209
[iommuret] hit #1863: HalpIommuInitSystem returned EAX=0x00000000 (success/other) rsp=0xFFFFF8052BE75438 exitCount=873210
[iommuret] hit #1864: HalpIommuInitSystem returned EAX=0x00000000 (success/other) rsp=0xFFFFF8052BE75438 exitCount=873211
[iommuret] hit #1865: HalpIommuInitSystem returned EAX=0x00000000 (success/other) rsp=0xFFFFF8052BE75438 exitCount=873212
[iommuret] hit #1866: HalpIommuInitSystem returned EAX=0x00000000 (success/other) rsp=0xFFFFF8052BE75438 exitCount=873213
[iommuret] hit #1867: HalpIommuInitSystem returned EAX=0x00000000 (success/other) rsp=0xFFFFF8052BE75438 exitCount=873214
[iommuret] hit #1868: HalpIommuInitSystem returned EAX=0x00000000 (success/other) rsp=0xFFFFF8052BE75438 exitCount=873215
[iommuret] hit #1869: HalpIommuInitSystem returned EAX=0x00000000 (success/other) rsp=0xFFFFF8052BE75438 exitCount=873216
[iommuret] hit #1870: HalpIommuInitSystem returned EAX=0x00000000 (success/other) rsp=0xFFFFF8052BE75438 exitCount=873217
[iommuret] hit #1871: HalpIommuInitSystem returned EAX=0x00000000 (success/other) rsp=0xFFFFF8052BE75438 exitCount=873218
[iommuret] hit #1872: HalpIommuInitSystem returned EAX=0x00000000 (success/other) rsp=0xFFFFF8052BE75438 exitCount=873219
[iommuret] hit #1873: HalpIommuInitSystem returned EAX=0x00000000 (success/other) rsp=0xFFFFF8052BE75438 exitCount=873220
[iommuret] hit #1874: HalpIommuInitSystem returned EAX=0x00000000 (success/other) rsp=0xFFFFF8052BE75438 exitCount=873221
[iommuret] hit #1875: HalpIommuInitSystem returned EAX=0x00000000 (success/other) rsp=0xFFFFF8052BE75438 exitCount=873222
[iommuret] hit #1876: HalpIommuInitSystem returned EAX=0x00000000 (success/other) rsp=0xFFFFF8052BE75438 exitCount=873223
[iommuret] hit #1877: HalpIommuInitSystem returned EAX=0x00000000 (success/other) rsp=0xFFFFF8052BE75438 exitCount=873224
[iommuret] hit #1878: HalpIommuInitSystem returned EAX=0x00000000 (success/other) rsp=0xFFFFF8052BE75438 exitCount=873225
[iommuret] hit #1879: HalpIommuInitSystem returned EAX=0x00000000 (success/other) rsp=0xFFFFF8052BE75438 exitCount=873226
[iommuret] hit #1880: HalpIommuInitSystem returned EAX=0x00000000 (success/other) rsp=0xFFFFF8052BE75438 exitCount=873227
[iommuret] hit #1881: HalpIommuInitSystem returned EAX=0x00000000 (success/other) rsp=0xFFFFF8052BE75438 exitCount=873228
[iommuret] hit #1882: HalpIommuInitSystem returned EAX=0x00000000 (success/other) rsp=0xFFFFF8052BE75438 exitCount=873229
[iommuret] hit #1883: HalpIommuInitSystem returned EAX=0x00000000 (success/other) rsp=0xFFFFF8052BE75438 exitCount=873230
[iommuret] hit #1884: HalpIommuInitSystem returned EAX=0x00000000 (success/other) rsp=0xFFFFF8052BE75438 exitCount=873231
[iommuret] hit #1885: HalpIommuInitSystem returned EAX=0x00000000 (success/other) rsp=0xFFFFF8052BE75438 exitCount=873232
[iommuret] hit #1886: HalpIommuInitSystem returned EAX=0x00000000 (success/other) rsp=0xFFFFF8052BE75438 exitCount=873233
[iommuret] hit #1887: HalpIommuInitSystem returned EAX=0x00000000 (success/other) rsp=0xFFFFF8052BE75438 exitCount=873234
[iommuret] hit #1888: HalpIommuInitSystem returned EAX=0x00000000 (success/other) rsp=0xFFFFF8052BE75438 exitCount=873235
[iommuret] hit #1889: HalpIommuInitSystem returned EAX=0x00000000 (success/other) rsp=0xFFFFF8052BE75438 exitCount=873236
[iommuret] hit #1890: HalpIommuInitSystem returned EAX=0x00000000 (success/other) rsp=0xFFFFF8052BE75438 exitCount=873237
[iommuret] hit #1891: HalpIommuInitSystem returned EAX=0x00000000 (success/other) rsp=0xFFFFF8052BE75438 exitCount=873238
[iommuret] hit #1892: HalpIommuInitSystem returned EAX=0x00000000 (success/other) rsp=0xFFFFF8052BE75438 exitCount=873239
[iommuret] hit #1893: HalpIommuInitSystem returned EAX=0x00000000 (success/other) rsp=0xFFFFF8052BE75438 exitCount=873240
[iommuret] hit #1894: HalpIommuInitSystem returned EAX=0x00000000 (success/other) rsp=0xFFFFF8052BE75438 exitCount=873241
[iommuret] hit #1895: HalpIommuInitSystem returned EAX=0x00000000 (success/other) rsp=0xFFFFF8052BE75438 exitCount=873242
[iommuret] hit #1896: HalpIommuInitSystem returned EAX=0x00000000 (success/other) rsp=0xFFFFF8052BE75438 exitCount=873243
[iommuret] hit #1897: HalpIommuInitSystem returned EAX=0x00000000 (success/other) rsp=0xFFFFF8052BE75438 exitCount=873244
[iommuret] hit #1898: HalpIommuInitSystem returned EAX=0x00000000 (success/other) rsp=0xFFFFF8052BE75438 exitCount=873245
[iommuret] hit #1899: HalpIommuInitSystem returned EAX=0x00000000 (success/other) rsp=0xFFFFF8052BE75438 exitCount=873246
[iommuret] hit #1900: HalpIommuInitSystem returned EAX=0x00000000 (success/other) rsp=0xFFFFF8052BE75438 exitCount=873247
[iommuret] hit #1901: HalpIommuInitSystem returned EAX=0x00000000 (success/other) rsp=0xFFFFF8052BE75438 exitCount=873248
[iommuret] hit #1902: HalpIommuInitSystem returned EAX=0x00000000 (success/other) rsp=0xFFFFF8052BE75438 exitCount=873249
[iommuret] hit #1903: HalpIommuInitSystem returned EAX=0x00000000 (success/other) rsp=0xFFFFF8052BE75438 exitCount=873250
[iommuret] hit #1904: HalpIommuInitSystem returned EAX=0x00000000 (success/other) rsp=0xFFFFF8052BE75438 exitCount=873251
[iommuret] hit #1905: HalpIommuInitSystem returned EAX=0x00000000 (success/other) rsp=0xFFFFF8052BE75438 exitCount=873252
[iommuret] hit #1906: HalpIommuInitSystem returned EAX=0x00000000 (success/other) rsp=0xFFFFF8052BE75438 exitCount=873253
[iommuret] hit #1907: HalpIommuInitSystem returned EAX=0x00000000 (success/other) rsp=0xFFFFF8052BE75438 exitCount=873254
[iommuret] hit #1908: HalpIommuInitSystem returned EAX=0x00000000 (success/other) rsp=0xFFFFF8052BE75438 exitCount=873255
[iommuret] hit #1909: HalpIommuInitSystem returned EAX=0x00000000 (success/other) rsp=0xFFFFF8052BE75438 exitCount=873256
[iommuret] hit #1910: HalpIommuInitSystem returned EAX=0x00000000 (success/other) rsp=0xFFFFF8052BE75438 exitCount=873257
[iommuret] hit #1911: HalpIommuInitSystem returned EAX=0x00000000 (success/other) rsp=0xFFFFF8052BE75438 exitCount=873258
[iommuret] hit #1912: HalpIommuInitSystem returned EAX=0x00000000 (success/other) rsp=0xFFFFF8052BE75438 exitCount=873259
[iommuret] hit #1913: HalpIommuInitSystem returned EAX=0x00000000 (success/other) rsp=0xFFFFF8052BE75438 exitCount=873260
[iommuret] hit #1914: HalpIommuInitSystem returned EAX=0x00000000 (success/other) rsp=0xFFFFF8052BE75438 exitCount=873261
[iommuret] hit #1915: HalpIommuInitSystem returned EAX=0x00000000 (success/other) rsp=0xFFFFF8052BE75438 exitCount=873262
[iommuret] hit #1916: HalpIommuInitSystem returned EAX=0x00000000 (success/other) rsp=0xFFFFF8052BE75438 exitCount=873263
[iommuret] hit #1917: HalpIommuInitSystem returned EAX=0x00000000 (success/other) rsp=0xFFFFF8052BE75438 exitCount=873264
[iommuret] hit #1918: HalpIommuInitSystem returned EAX=0x00000000 (success/other) rsp=0xFFFFF8052BE75438 exitCount=873265
[iommuret] hit #1919: HalpIommuInitSystem returned EAX=0x00000000 (success/other) rsp=0xFFFFF8052BE75438 exitCount=873266
[iommuret] hit #1920: HalpIommuInitSystem returned EAX=0x00000000 (success/other) rsp=0xFFFFF8052BE75438 exitCount=873267
[iommuret] hit #1921: HalpIommuInitSystem returned EAX=0x00000000 (success/other) rsp=0xFFFFF8052BE75438 exitCount=873268
[iommuret] hit #1922: HalpIommuInitSystem returned EAX=0x00000000 (success/other) rsp=0xFFFFF8052BE75438 exitCount=873269
[iommuret] hit #1923: HalpIommuInitSystem returned EAX=0x00000000 (success/other) rsp=0xFFFFF8052BE75438 exitCount=873270
[iommuret] hit #1924: HalpIommuInitSystem returned EAX=0x00000000 (success/other) rsp=0xFFFFF8052BE75438 exitCount=873271
[iommuret] hit #1925: HalpIommuInitSystem returned EAX=0x00000000 (success/other) rsp=0xFFFFF8052BE75438 exitCount=873272
[iommuret] hit #1926: HalpIommuInitSystem returned EAX=0x00000000 (success/other) rsp=0xFFFFF8052BE75438 exitCount=873273
[iommuret] hit #1927: HalpIommuInitSystem returned EAX=0x00000000 (success/other) rsp=0xFFFFF8052BE75438 exitCount=873274
[iommuret] hit #1928: HalpIommuInitSystem returned EAX=0x00000000 (success/other) rsp=0xFFFFF8052BE75438 exitCount=873275
[iommuret] hit #1929: HalpIommuInitSystem returned EAX=0x00000000 (success/other) rsp=0xFFFFF8052BE75438 exitCount=873276
[iommuret] hit #1930: HalpIommuInitSystem returned EAX=0x00000000 (success/other) rsp=0xFFFFF8052BE75438 exitCount=873277
[iommuret] hit #1931: HalpIommuInitSystem returned EAX=0x00000000 (success/other) rsp=0xFFFFF8052BE75438 exitCount=873278
[iommuret] hit #1932: HalpIommuInitSystem returned EAX=0x00000000 (success/other) rsp=0xFFFFF8052BE75438 exitCount=873279
[iommuret] hit #1933: HalpIommuInitSystem returned EAX=0x00000000 (success/other) rsp=0xFFFFF8052BE75438 exitCount=873280
[iommuret] hit #1934: HalpIommuInitSystem returned EAX=0x00000000 (success/other) rsp=0xFFFFF8052BE75438 exitCount=873281
[iommuret] hit #1935: HalpIommuInitSystem returned EAX=0x00000000 (success/other) rsp=0xFFFFF8052BE75438 exitCount=873282
[iommuret] hit #1936: HalpIommuInitSystem returned EAX=0x00000000 (success/other) rsp=0xFFFFF8052BE75438 exitCount=873283
[iommuret] hit #1937: HalpIommuInitSystem returned EAX=0x00000000 (success/other) rsp=0xFFFFF8052BE75438 exitCount=873284
[iommuret] hit #1938: HalpIommuInitSystem returned EAX=0x00000000 (success/other) rsp=0xFFFFF8052BE75438 exitCount=873285
[iommuret] hit #1939: HalpIommuInitSystem returned EAX=0x00000000 (success/other) rsp=0xFFFFF8052BE75438 exitCount=873286
[iommuret] hit #1940: HalpIommuInitSystem returned EAX=0x00000000 (success/other) rsp=0xFFFFF8052BE75438 exitCount=873287
[iommuret] hit #1941: HalpIommuInitSystem returned EAX=0x00000000 (success/other) rsp=0xFFFFF8052BE75438 exitCount=873288
[iommuret] hit #1942: HalpIommuInitSystem returned EAX=0x00000000 (success/other) rsp=0xFFFFF8052BE75438 exitCount=873289
[iommuret] hit #1943: HalpIommuInitSystem returned EAX=0x00000000 (success/other) rsp=0xFFFFF8052BE75438 exitCount=873290
[iommuret] hit #1944: HalpIommuInitSystem returned EAX=0x00000000 (success/other) rsp=0xFFFFF8052BE75438 exitCount=873291
[iommuret] hit #1945: HalpIommuInitSystem returned EAX=0x00000000 (success/other) rsp=0xFFFFF8052BE75438 exitCount=873292
[iommuret] hit #1946: HalpIommuInitSystem returned EAX=0x00000000 (success/other) rsp=0xFFFFF8052BE75438 exitCount=873293
[iommuret] hit #1947: HalpIommuInitSystem returned EAX=0x00000000 (success/other) rsp=0xFFFFF8052BE75438 exitCount=873294
[iommuret] hit #1948: HalpIommuInitSystem returned EAX=0x00000000 (success/other) rsp=0xFFFFF8052BE75438 exitCount=873295
[iommuret] hit #1949: HalpIommuInitSystem returned EAX=0x00000000 (success/other) rsp=0xFFFFF8052BE75438 exitCount=873296
[iommuret] hit #1950: HalpIommuInitSystem returned EAX=0x00000000 (success/other) rsp=0xFFFFF8052BE75438 exitCount=873297
[iommuret] hit #1951: HalpIommuInitSystem returned EAX=0x00000000 (success/other) rsp=0xFFFFF8052BE75438 exitCount=873298
[iommuret] hit #1952: HalpIommuInitSystem returned EAX=0x00000000 (success/other) rsp=0xFFFFF8052BE75438 exitCount=873299
[iommuret] hit #1953: HalpIommuInitSystem returned EAX=0x00000000 (success/other) rsp=0xFFFFF8052BE75438 exitCount=873300
[iommuret] hit #1954: HalpIommuInitSystem returned EAX=0x00000000 (success/other) rsp=0xFFFFF8052BE75438 exitCount=873301
[iommuret] hit #1955: HalpIommuInitSystem returned EAX=0x00000000 (success/other) rsp=0xFFFFF8052BE75438 exitCount=873302
[iommuret] hit #1956: HalpIommuInitSystem returned EAX=0x00000000 (success/other) rsp=0xFFFFF8052BE75438 exitCount=873303
[iommuret] hit #1957: HalpIommuInitSystem returned EAX=0x00000000 (success/other) rsp=0xFFFFF8052BE75438 exitCount=873304
[iommuret] hit #1958: HalpIommuInitSystem returned EAX=0x00000000 (success/other) rsp=0xFFFFF8052BE75438 exitCount=873305
[iommuret] hit #1959: HalpIommuInitSystem returned EAX=0x00000000 (success/other) rsp=0xFFFFF8052BE75438 exitCount=873306
[iommuret] hit #1960: HalpIommuInitSystem returned EAX=0x00000000 (success/other) rsp=0xFFFFF8052BE75438 exitCount=873307
[iommuret] hit #1961: HalpIommuInitSystem returned EAX=0x00000000 (success/other) rsp=0xFFFFF8052BE75438 exitCount=873308
[iommuret] hit #1962: HalpIommuInitSystem returned EAX=0x00000000 (success/other) rsp=0xFFFFF8052BE75438 exitCount=873309
[iommuret] hit #1963: HalpIommuInitSystem returned EAX=0x00000000 (success/other) rsp=0xFFFFF8052BE75438 exitCount=873310
[iommuret] hit #1964: HalpIommuInitSystem returned EAX=0x00000000 (success/other) rsp=0xFFFFF8052BE75438 exitCount=873311
[iommuret] hit #1965: HalpIommuInitSystem returned EAX=0x00000000 (success/other) rsp=0xFFFFF8052BE75438 exitCount=873312
[iommuret] hit #1966: HalpIommuInitSystem returned EAX=0x00000000 (success/other) rsp=0xFFFFF8052BE75438 exitCount=873313
[iommuret] hit #1967: HalpIommuInitSystem returned EAX=0x00000000 (success/other) rsp=0xFFFFF8052BE75438 exitCount=873314
[iommuret] hit #1968: HalpIommuInitSystem returned EAX=0x00000000 (success/other) rsp=0xFFFFF8052BE75438 exitCount=873315
[iommuret] hit #1969: HalpIommuInitSystem returned EAX=0x00000000 (success/other) rsp=0xFFFFF8052BE75438 exitCount=873316
[iommuret] hit #1970: HalpIommuInitSystem returned EAX=0x00000000 (success/other) rsp=0xFFFFF8052BE75438 exitCount=873317
[iommuret] hit #1971: HalpIommuInitSystem returned EAX=0x00000000 (success/other) rsp=0xFFFFF8052BE75438 exitCount=873318
[iommuret] hit #1972: HalpIommuInitSystem returned EAX=0x00000000 (success/other) rsp=0xFFFFF8052BE75438 exitCount=873319
[iommuret] hit #1973: HalpIommuInitSystem returned EAX=0x00000000 (success/other) rsp=0xFFFFF8052BE75438 exitCount=873320
[iommuret] hit #1974: HalpIommuInitSystem returned EAX=0x00000000 (success/other) rsp=0xFFFFF8052BE75438 exitCount=873321
[iommuret] hit #1975: HalpIommuInitSystem returned EAX=0x00000000 (success/other) rsp=0xFFFFF8052BE75438 exitCount=873322
[iommuret] hit #1976: HalpIommuInitSystem returned EAX=0x00000000 (success/other) rsp=0xFFFFF8052BE75438 exitCount=873323
[iommuret] hit #1977: HalpIommuInitSystem returned EAX=0x00000000 (success/other) rsp=0xFFFFF8052BE75438 exitCount=873324
[iommuret] hit #1978: HalpIommuInitSystem returned EAX=0x00000000 (success/other) rsp=0xFFFFF8052BE75438 exitCount=873325
[iommuret] hit #1979: HalpIommuInitSystem returned EAX=0x00000000 (success/other) rsp=0xFFFFF8052BE75438 exitCount=873326
[iommuret] hit #1980: HalpIommuInitSystem returned EAX=0x00000000 (success/other) rsp=0xFFFFF8052BE75438 exitCount=873327
[iommuret] hit #1981: HalpIommuInitSystem returned EAX=0x00000000 (success/other) rsp=0xFFFFF8052BE75438 exitCount=873328
[iommuret] hit #1982: HalpIommuInitSystem returned EAX=0x00000000 (success/other) rsp=0xFFFFF8052BE75438 exitCount=873329
[iommuret] hit #1983: HalpIommuInitSystem returned EAX=0x00000000 (success/other) rsp=0xFFFFF8052BE75438 exitCount=873330
[iommuret] hit #1984: HalpIommuInitSystem returned EAX=0x00000000 (success/other) rsp=0xFFFFF8052BE75438 exitCount=873331
[iommuret] hit #1985: HalpIommuInitSystem returned EAX=0x00000000 (success/other) rsp=0xFFFFF8052BE75438 exitCount=873332
[iommuret] hit #1986: HalpIommuInitSystem returned EAX=0x00000000 (success/other) rsp=0xFFFFF8052BE75438 exitCount=873333
[iommuret] hit #1987: HalpIommuInitSystem returned EAX=0x00000000 (success/other) rsp=0xFFFFF8052BE75438 exitCount=873334
[iommuret] hit #1988: HalpIommuInitSystem returned EAX=0x00000000 (success/other) rsp=0xFFFFF8052BE75438 exitCount=873335
[iommuret] hit #1989: HalpIommuInitSystem returned EAX=0x00000000 (success/other) rsp=0xFFFFF8052BE75438 exitCount=873336
[iommuret] hit #1990: HalpIommuInitSystem returned EAX=0x00000000 (success/other) rsp=0xFFFFF8052BE75438 exitCount=873337
[iommuret] hit #1991: HalpIommuInitSystem returned EAX=0x00000000 (success/other) rsp=0xFFFFF8052BE75438 exitCount=873338
[iommuret] hit #1992: HalpIommuInitSystem returned EAX=0x00000000 (success/other) rsp=0xFFFFF8052BE75438 exitCount=873339
[iommuret] hit #1993: HalpIommuInitSystem returned EAX=0x00000000 (success/other) rsp=0xFFFFF8052BE75438 exitCount=873340
[iommuret] hit #1994: HalpIommuInitSystem returned EAX=0x00000000 (success/other) rsp=0xFFFFF8052BE75438 exitCount=873341
[iommuret] hit #1995: HalpIommuInitSystem returned EAX=0x00000000 (success/other) rsp=0xFFFFF8052BE75438 exitCount=873342
[iommuret] hit #1996: HalpIommuInitSystem returned EAX=0x00000000 (success/other) rsp=0xFFFFF8052BE75438 exitCount=873343
[iommuret] hit #1997: HalpIommuInitSystem returned EAX=0x00000000 (success/other) rsp=0xFFFFF8052BE75438 exitCount=873344
[iommuret] hit #1998: HalpIommuInitSystem returned EAX=0x00000000 (success/other) rsp=0xFFFFF8052BE75438 exitCount=873345
[iommuret] hit #1999: HalpIommuInitSystem returned EAX=0x00000000 (success/other) rsp=0xFFFFF8052BE75438 exitCount=873346
[iommuret] hit #2000: HalpIommuInitSystem returned EAX=0x00000000 (success/other) rsp=0xFFFFF8052BE75438 exitCount=873347
[iommuret] hit #2001: HalpIommuInitSystem returned EAX=0x00000000 (success/other) rsp=0xFFFFF8052BE75438 exitCount=873348
[iommuret] hit #2002: HalpIommuInitSystem returned EAX=0x00000000 (success/other) rsp=0xFFFFF8052BE75438 exitCount=873349
[iommuret] hit #2003: HalpIommuInitSystem returned EAX=0x00000000 (success/other) rsp=0xFFFFF8052BE75438 exitCount=873350
[iommuret] hit #2004: HalpIommuInitSystem returned EAX=0x00000000 (success/other) rsp=0xFFFFF8052BE75438 exitCount=873351
[iommuret] hit #2005: HalpIommuInitSystem returned EAX=0x00000000 (success/other) rsp=0xFFFFF8052BE75438 exitCount=873352
[iommuret] hit #2006: HalpIommuInitSystem returned EAX=0x00000000 (success/other) rsp=0xFFFFF8052BE75438 exitCount=873353
[iommuret] hit #2007: HalpIommuInitSystem returned EAX=0x00000000 (success/other) rsp=0xFFFFF8052BE75438 exitCount=873354
[iommuret] hit #2008: HalpIommuInitSystem returned EAX=0x00000000 (success/other) rsp=0xFFFFF8052BE75438 exitCount=873355
[iommuret] hit #2009: HalpIommuInitSystem returned EAX=0x00000000 (success/other) rsp=0xFFFFF8052BE75438 exitCount=873356
[iommuret] hit #2010: HalpIommuInitSystem returned EAX=0x00000000 (success/other) rsp=0xFFFFF8052BE75438 exitCount=873357
[iommuret] hit #2011: HalpIommuInitSystem returned EAX=0x00000000 (success/other) rsp=0xFFFFF8052BE75438 exitCount=873358
[iommuret] hit #2012: HalpIommuInitSystem returned EAX=0x00000000 (success/other) rsp=0xFFFFF8052BE75438 exitCount=873359
[iommuret] hit #2013: HalpIommuInitSystem returned EAX=0x00000000 (success/other) rsp=0xFFFFF8052BE75438 exitCount=873360
[iommuret] hit #2014: HalpIommuInitSystem returned EAX=0x00000000 (success/other) rsp=0xFFFFF8052BE75438 exitCount=873361
[iommuret] hit #2015: HalpIommuInitSystem returned EAX=0x00000000 (success/other) rsp=0xFFFFF8052BE75438 exitCount=873362
[iommuret] hit #2016: HalpIommuInitSystem returned EAX=0x00000000 (success/other) rsp=0xFFFFF8052BE75438 exitCount=873363
[iommuret] hit #2017: HalpIommuInitSystem returned EAX=0x00000000 (success/other) rsp=0xFFFFF8052BE75438 exitCount=873364
[iommuret] hit #2018: HalpIommuInitSystem returned EAX=0x00000000 (success/other) rsp=0xFFFFF8052BE75438 exitCount=873365
[iommuret] hit #2019: HalpIommuInitSystem returned EAX=0x00000000 (success/other) rsp=0xFFFFF8052BE75438 exitCount=873366
[iommuret] hit #2020: HalpIommuInitSystem returned EAX=0x00000000 (success/other) rsp=0xFFFFF8052BE75438 exitCount=873367
[iommuret] hit #2021: HalpIommuInitSystem returned EAX=0x00000000 (success/other) rsp=0xFFFFF8052BE75438 exitCount=873368
[iommuret] hit #2022: HalpIommuInitSystem returned EAX=0x00000000 (success/other) rsp=0xFFFFF8052BE75438 exitCount=873369
[iommuret] hit #2023: HalpIommuInitSystem returned EAX=0x00000000 (success/other) rsp=0xFFFFF8052BE75438 exitCount=873370
[iommuret] hit #2024: HalpIommuInitSystem returned EAX=0x00000000 (success/other) rsp=0xFFFFF8052BE75438 exitCount=873371
[iommuret] hit #2025: HalpIommuInitSystem returned EAX=0x00000000 (success/other) rsp=0xFFFFF8052BE75438 exitCount=873372
[iommuret] hit #2026: HalpIommuInitSystem returned EAX=0x00000000 (success/other) rsp=0xFFFFF8052BE75438 exitCount=873373
[iommuret] hit #2027: HalpIommuInitSystem returned EAX=0x00000000 (success/other) rsp=0xFFFFF8052BE75438 exitCount=873374
[iommuret] hit #2028: HalpIommuInitSystem returned EAX=0x00000000 (success/other) rsp=0xFFFFF8052BE75438 exitCount=873375
[iommuret] hit #2029: HalpIommuInitSystem returned EAX=0x00000000 (success/other) rsp=0xFFFFF8052BE75438 exitCount=873376
[iommuret] hit #2030: HalpIommuInitSystem returned EAX=0x00000000 (success/other) rsp=0xFFFFF8052BE75438 exitCount=873377
[iommuret] hit #2031: HalpIommuInitSystem returned EAX=0x00000000 (success/other) rsp=0xFFFFF8052BE75438 exitCount=873378
[iommuret] hit #2032: HalpIommuInitSystem returned EAX=0x00000000 (success/other) rsp=0xFFFFF8052BE75438 exitCount=873379
[iommuret] hit #2033: HalpIommuInitSystem returned EAX=0x00000000 (success/other) rsp=0xFFFFF8052BE75438 exitCount=873380
[iommuret] hit #2034: HalpIommuInitSystem returned EAX=0x00000000 (success/other) rsp=0xFFFFF8052BE75438 exitCount=873381
[iommuret] hit #2035: HalpIommuInitSystem returned EAX=0x00000000 (success/other) rsp=0xFFFFF8052BE75438 exitCount=873382
[iommuret] hit #2036: HalpIommuInitSystem returned EAX=0x00000000 (success/other) rsp=0xFFFFF8052BE75438 exitCount=873383
[iommuret] hit #2037: HalpIommuInitSystem returned EAX=0x00000000 (success/other) rsp=0xFFFFF8052BE75438 exitCount=873384
[iommuret] hit #2038: HalpIommuInitSystem returned EAX=0x00000000 (success/other) rsp=0xFFFFF8052BE75438 exitCount=873385
[iommuret] hit #2039: HalpIommuInitSystem returned EAX=0x00000000 (success/other) rsp=0xFFFFF8052BE75438 exitCount=873386
[iommuret] hit #2040: HalpIommuInitSystem returned EAX=0x00000000 (success/other) rsp=0xFFFFF8052BE75438 exitCount=873387
[iommuret] hit #2041: HalpIommuInitSystem returned EAX=0x00000000 (success/other) rsp=0xFFFFF8052BE75438 exitCount=873388
[iommuret] hit #2042: HalpIommuInitSystem returned EAX=0x00000000 (success/other) rsp=0xFFFFF8052BE75438 exitCount=873389
[iommuret] hit #2043: HalpIommuInitSystem returned EAX=0x00000000 (success/other) rsp=0xFFFFF8052BE75438 exitCount=873390
[iommuret] hit #2044: HalpIommuInitSystem returned EAX=0x00000000 (success/other) rsp=0xFFFFF8052BE75438 exitCount=873391
[iommuret] hit #2045: HalpIommuInitSystem returned EAX=0x00000000 (success/other) rsp=0xFFFFF8052BE75438 exitCount=873392
[iommuret] hit #2046: HalpIommuInitSystem returned EAX=0x00000000 (success/other) rsp=0xFFFFF8052BE75438 exitCount=873393
[iommuret] hit #2047: HalpIommuInitSystem returned EAX=0x00000000 (success/other) rsp=0xFFFFF8052BE75438 exitCount=873394
[iommuret] hit #2048: HalpIommuInitSystem returned EAX=0x00000000 (success/other) rsp=0xFFFFF8052BE75438 exitCount=873395
[iommuret] hit #2049: HalpIommuInitSystem returned EAX=0x00000000 (success/other) rsp=0xFFFFF8052BE75438 exitCount=873396
[iommuret] hit #2050: HalpIommuInitSystem returned EAX=0x00000000 (success/other) rsp=0xFFFFF8052BE75438 exitCount=873397
[iommuret] hit #2051: HalpIommuInitSystem returned EAX=0x00000000 (success/other) rsp=0xFFFFF8052BE75438 exitCount=873398
[iommuret] hit #2052: HalpIommuInitSystem returned EAX=0x00000000 (success/other) rsp=0xFFFFF8052BE75438 exitCount=873399
[iommuret] hit #2053: HalpIommuInitSystem returned EAX=0x00000000 (success/other) rsp=0xFFFFF8052BE75438 exitCount=873400
[iommuret] hit #2054: HalpIommuInitSystem returned EAX=0x00000000 (success/other) rsp=0xFFFFF8052BE75438 exitCount=873401
[iommuret] hit #2055: HalpIommuInitSystem returned EAX=0x00000000 (success/other) rsp=0xFFFFF8052BE75438 exitCount=873402
[iommuret] hit #2056: HalpIommuInitSystem returned EAX=0x00000000 (success/other) rsp=0xFFFFF8052BE75438 exitCount=873403
[iommuret] hit #2057: HalpIommuInitSystem returned EAX=0x00000000 (success/other) rsp=0xFFFFF8052BE75438 exitCount=873404
[iommuret] hit #2058: HalpIommuInitSystem returned EAX=0x00000000 (success/other) rsp=0xFFFFF8052BE75438 exitCount=873405
[iommuret] hit #2059: HalpIommuInitSystem returned EAX=0x00000000 (success/other) rsp=0xFFFFF8052BE75438 exitCount=873406
[iommuret] hit #2060: HalpIommuInitSystem returned EAX=0x00000000 (success/other) rsp=0xFFFFF8052BE75438 exitCount=873407
[iommuret] hit #2061: HalpIommuInitSystem returned EAX=0x00000000 (success/other) rsp=0xFFFFF8052BE75438 exitCount=873408
[iommuret] hit #2062: HalpIommuInitSystem returned EAX=0x00000000 (success/other) rsp=0xFFFFF8052BE75438 exitCount=873409
[iommuret] hit #2063: HalpIommuInitSystem returned EAX=0x00000000 (success/other) rsp=0xFFFFF8052BE75438 exitCount=873410
[iommuret] hit #2064: HalpIommuInitSystem returned EAX=0x00000000 (success/other) rsp=0xFFFFF8052BE75438 exitCount=873411
[iommuret] hit #2065: HalpIommuInitSystem returned EAX=0x00000000 (success/other) rsp=0xFFFFF8052BE75438 exitCount=873412
[iommuret] hit #2066: HalpIommuInitSystem returned EAX=0x00000000 (success/other) rsp=0xFFFFF8052BE75438 exitCount=873413
[iommuret] hit #2067: HalpIommuInitSystem returned EAX=0x00000000 (success/other) rsp=0xFFFFF8052BE75438 exitCount=873414
[iommuret] hit #2068: HalpIommuInitSystem returned EAX=0x00000000 (success/other) rsp=0xFFFFF8052BE75438 exitCount=873415
[iommuret] hit #2069: HalpIommuInitSystem returned EAX=0x00000000 (success/other) rsp=0xFFFFF8052BE75438 exitCount=873416
[iommuret] hit #2070: HalpIommuInitSystem returned EAX=0x00000000 (success/other) rsp=0xFFFFF8052BE75438 exitCount=873417
[iommuret] hit #2071: HalpIommuInitSystem returned EAX=0x00000000 (success/other) rsp=0xFFFFF8052BE75438 exitCount=873418
[iommuret] hit #2072: HalpIommuInitSystem returned EAX=0x00000000 (success/other) rsp=0xFFFFF8052BE75438 exitCount=873419
[iommuret] hit #2073: HalpIommuInitSystem returned EAX=0x00000000 (success/other) rsp=0xFFFFF8052BE75438 exitCount=873420
[iommuret] hit #2074: HalpIommuInitSystem returned EAX=0x00000000 (success/other) rsp=0xFFFFF8052BE75438 exitCount=873421
[iommuret] hit #2075: HalpIommuInitSystem returned EAX=0x00000000 (success/other) rsp=0xFFFFF8052BE75438 exitCount=873422
[iommuret] hit #2076: HalpIommuInitSystem returned EAX=0x00000000 (success/other) rsp=0xFFFFF8052BE75438 exitCount=873423
[iommuret] hit #2077: HalpIommuInitSystem returned EAX=0x00000000 (success/other) rsp=0xFFFFF8052BE75438 exitCount=873424
[iommuret] hit #2078: HalpIommuInitSystem returned EAX=0x00000000 (success/other) rsp=0xFFFFF8052BE75438 exitCount=873425
[iommuret] hit #2079: HalpIommuInitSystem returned EAX=0x00000000 (success/other) rsp=0xFFFFF8052BE75438 exitCount=873426
[iommuret] hit #2080: HalpIommuInitSystem returned EAX=0x00000000 (success/other) rsp=0xFFFFF8052BE75438 exitCount=873427
[iommuret] hit #2081: HalpIommuInitSystem returned EAX=0x00000000 (success/other) rsp=0xFFFFF8052BE75438 exitCount=873428
[iommuret] hit #2082: HalpIommuInitSystem returned EAX=0x00000000 (success/other) rsp=0xFFFFF8052BE75438 exitCount=873429
[iommuret] hit #2083: HalpIommuInitSystem returned EAX=0x00000000 (success/other) rsp=0xFFFFF8052BE75438 exitCount=873430
[iommuret] hit #2084: HalpIommuInitSystem returned EAX=0x00000000 (success/other) rsp=0xFFFFF8052BE75438 exitCount=873431
[iommuret] hit #2085: HalpIommuInitSystem returned EAX=0x00000000 (success/other) rsp=0xFFFFF8052BE75438 exitCount=873432
[iommuret] hit #2086: HalpIommuInitSystem returned EAX=0x00000000 (success/other) rsp=0xFFFFF8052BE75438 exitCount=873433
[iommuret] hit #2087: HalpIommuInitSystem returned EAX=0x00000000 (success/other) rsp=0xFFFFF8052BE75438 exitCount=873434
[iommuret] hit #2088: HalpIommuInitSystem returned EAX=0x00000000 (success/other) rsp=0xFFFFF8052BE75438 exitCount=873435
[iommuret] hit #2089: HalpIommuInitSystem returned EAX=0x00000000 (success/other) rsp=0xFFFFF8052BE75438 exitCount=873436
[iommuret] hit #2090: HalpIommuInitSystem returned EAX=0x00000000 (success/other) rsp=0xFFFFF8052BE75438 exitCount=873437
[iommuret] hit #2091: HalpIommuInitSystem returned EAX=0x00000000 (success/other) rsp=0xFFFFF8052BE75438 exitCount=873438
[iommuret] hit #2092: HalpIommuInitSystem returned EAX=0x00000000 (success/other) rsp=0xFFFFF8052BE75438 exitCount=873439
[iommuret] hit #2093: HalpIommuInitSystem returned EAX=0x00000000 (success/other) rsp=0xFFFFF8052BE75438 exitCount=873440
[iommuret] hit #2094: HalpIommuInitSystem returned EAX=0x00000000 (success/other) rsp=0xFFFFF8052BE75438 exitCount=873441
[iommuret] hit #2095: HalpIommuInitSystem returned EAX=0x00000000 (success/other) rsp=0xFFFFF8052BE75438 exitCount=873442
[iommuret] hit #2096: HalpIommuInitSystem returned EAX=0x00000000 (success/other) rsp=0xFFFFF8052BE75438 exitCount=873443
[iommuret] hit #2097: HalpIommuInitSystem returned EAX=0x00000000 (success/other) rsp=0xFFFFF8052BE75438 exitCount=873444
[iommuret] hit #2098: HalpIommuInitSystem returned EAX=0x00000000 (success/other) rsp=0xFFFFF8052BE75438 exitCount=873445
[iommuret] hit #2099: HalpIommuInitSystem returned EAX=0x00000000 (success/other) rsp=0xFFFFF8052BE75438 exitCount=873446
[iommuret] hit #2100: HalpIommuInitSystem returned EAX=0x00000000 (success/other) rsp=0xFFFFF8052BE75438 exitCount=873447
[iommuret] hit #2101: HalpIommuInitSystem returned EAX=0x00000000 (success/other) rsp=0xFFFFF8052BE75438 exitCount=873448
[iommuret] hit #2102: HalpIommuInitSystem returned EAX=0x00000000 (success/other) rsp=0xFFFFF8052BE75438 exitCount=873449
[iommuret] hit #2103: HalpIommuInitSystem returned EAX=0x00000000 (success/other) rsp=0xFFFFF8052BE75438 exitCount=873450
[iommuret] hit #2104: HalpIommuInitSystem returned EAX=0x00000000 (success/other) rsp=0xFFFFF8052BE75438 exitCount=873451
[iommuret] hit #2105: HalpIommuInitSystem returned EAX=0x00000000 (success/other) rsp=0xFFFFF8052BE75438 exitCount=873452
[iommuret] hit #2106: HalpIommuInitSystem returned EAX=0x00000000 (success/other) rsp=0xFFFFF8052BE75438 exitCount=873453
[iommuret] hit #2107: HalpIommuInitSystem returned EAX=0x00000000 (success/other) rsp=0xFFFFF8052BE75438 exitCount=873454
[iommuret] hit #2108: HalpIommuInitSystem returned EAX=0x00000000 (success/other) rsp=0xFFFFF8052BE75438 exitCount=873455
[iommuret] hit #2109: HalpIommuInitSystem returned EAX=0x00000000 (success/other) rsp=0xFFFFF8052BE75438 exitCount=873456
[iommuret] hit #2110: HalpIommuInitSystem returned EAX=0x00000000 (success/other) rsp=0xFFFFF8052BE75438 exitCount=873457
[iommuret] hit #2111: HalpIommuInitSystem returned EAX=0x00000000 (success/other) rsp=0xFFFFF8052BE75438 exitCount=873458
[iommuret] hit #2112: HalpIommuInitSystem returned EAX=0x00000000 (success/other) rsp=0xFFFFF8052BE75438 exitCount=873459
[iommuret] hit #2113: HalpIommuInitSystem returned EAX=0x00000000 (success/other) rsp=0xFFFFF8052BE75438 exitCount=873460
[iommuret] hit #2114: HalpIommuInitSystem returned EAX=0x00000000 (success/other) rsp=0xFFFFF8052BE75438 exitCount=873461
[iommuret] hit #2115: HalpIommuInitSystem returned EAX=0x00000000 (success/other) rsp=0xFFFFF8052BE75438 exitCount=873462
[iommuret] hit #2116: HalpIommuInitSystem returned EAX=0x00000000 (success/other) rsp=0xFFFFF8052BE75438 exitCount=873463
[iommuret] hit #2117: HalpIommuInitSystem returned EAX=0x00000000 (success/other) rsp=0xFFFFF8052BE75438 exitCount=873464
[iommuret] hit #2118: HalpIommuInitSystem returned EAX=0x00000000 (success/other) rsp=0xFFFFF8052BE75438 exitCount=873465
[iommuret] hit #2119: HalpIommuInitSystem returned EAX=0x00000000 (success/other) rsp=0xFFFFF8052BE75438 exitCount=873466
[iommuret] hit #2120: HalpIommuInitSystem returned EAX=0x00000000 (success/other) rsp=0xFFFFF8052BE75438 exitCount=873467
[iommuret] hit #2121: HalpIommuInitSystem returned EAX=0x00000000 (success/other) rsp=0xFFFFF8052BE75438 exitCount=873468
[iommuret] hit #2122: HalpIommuInitSystem returned EAX=0x00000000 (success/other) rsp=0xFFFFF8052BE75438 exitCount=873469
[iommuret] hit #2123: HalpIommuInitSystem returned EAX=0x00000000 (success/other) rsp=0xFFFFF8052BE75438 exitCount=873470
[iommuret] hit #2124: HalpIommuInitSystem returned EAX=0x00000000 (success/other) rsp=0xFFFFF8052BE75438 exitCount=873471
[iommuret] hit #2125: HalpIommuInitSystem returned EAX=0x00000000 (success/other) rsp=0xFFFFF8052BE75438 exitCount=873472
[iommuret] hit #2126: HalpIommuInitSystem returned EAX=0x00000000 (success/other) rsp=0xFFFFF8052BE75438 exitCount=873473
[iommuret] hit #2127: HalpIommuInitSystem returned EAX=0x00000000 (success/other) rsp=0xFFFFF8052BE75438 exitCount=873474
[iommuret] hit #2128: HalpIommuInitSystem returned EAX=0x00000000 (success/other) rsp=0xFFFFF8052BE75438 exitCount=873475
[iommuret] hit #2129: HalpIommuInitSystem returned EAX=0x00000000 (success/other) rsp=0xFFFFF8052BE75438 exitCount=873476
[iommuret] hit #2130: HalpIommuInitSystem returned EAX=0x00000000 (success/other) rsp=0xFFFFF8052BE75438 exitCount=873477
[iommuret] hit #2131: HalpIommuInitSystem returned EAX=0x00000000 (success/other) rsp=0xFFFFF8052BE75438 exitCount=873478
[iommuret] hit #2132: HalpIommuInitSystem returned EAX=0x00000000 (success/other) rsp=0xFFFFF8052BE75438 exitCount=873479
[iommuret] hit #2133: HalpIommuInitSystem returned EAX=0x00000000 (success/other) rsp=0xFFFFF8052BE75438 exitCount=873480
[iommuret] hit #2134: HalpIommuInitSystem returned EAX=0x00000000 (success/other) rsp=0xFFFFF8052BE75438 exitCount=873481
[iommuret] hit #2135: HalpIommuInitSystem returned EAX=0x00000000 (success/other) rsp=0xFFFFF8052BE75438 exitCount=873482
[iommuret] hit #2136: HalpIommuInitSystem returned EAX=0x00000000 (success/other) rsp=0xFFFFF8052BE75438 exitCount=873483
[iommuret] hit #2137: HalpIommuInitSystem returned EAX=0x00000000 (success/other) rsp=0xFFFFF8052BE75438 exitCount=873484
[iommuret] hit #2138: HalpIommuInitSystem returned EAX=0x00000000 (success/other) rsp=0xFFFFF8052BE75438 exitCount=873485
[iommuret] hit #2139: HalpIommuInitSystem returned EAX=0x00000000 (success/other) rsp=0xFFFFF8052BE75438 exitCount=873486
[iommuret] hit #2140: HalpIommuInitSystem returned EAX=0x00000000 (success/other) rsp=0xFFFFF8052BE75438 exitCount=873487
[iommuret] hit #2141: HalpIommuInitSystem returned EAX=0x00000000 (success/other) rsp=0xFFFFF8052BE75438 exitCount=873488
[iommuret] hit #2142: HalpIommuInitSystem returned EAX=0x00000000 (success/other) rsp=0xFFFFF8052BE75438 exitCount=873489
[iommuret] hit #2143: HalpIommuInitSystem returned EAX=0x00000000 (success/other) rsp=0xFFFFF8052BE75438 exitCount=873490
[iommuret] hit #2144: HalpIommuInitSystem returned EAX=0x00000000 (success/other) rsp=0xFFFFF8052BE75438 exitCount=873491
[iommuret] hit #2145: HalpIommuInitSystem returned EAX=0x00000000 (success/other) rsp=0xFFFFF8052BE75438 exitCount=873492
[iommuret] hit #2146: HalpIommuInitSystem returned EAX=0x00000000 (success/other) rsp=0xFFFFF8052BE75438 exitCount=873493
[iommuret] hit #2147: HalpIommuInitSystem returned EAX=0x00000000 (success/other) rsp=0xFFFFF8052BE75438 exitCount=873494
[iommuret] hit #2148: HalpIommuInitSystem returned EAX=0x00000000 (success/other) rsp=0xFFFFF8052BE75438 exitCount=873495
[iommuret] hit #2149: HalpIommuInitSystem returned EAX=0x00000000 (success/other) rsp=0xFFFFF8052BE75438 exitCount=873496
[iommuret] hit #2150: HalpIommuInitSystem returned EAX=0x00000000 (success/other) rsp=0xFFFFF8052BE75438 exitCount=873497
[iommuret] hit #2151: HalpIommuInitSystem returned EAX=0x00000000 (success/other) rsp=0xFFFFF8052BE75438 exitCount=873498
[iommuret] hit #2152: HalpIommuInitSystem returned EAX=0x00000000 (success/other) rsp=0xFFFFF8052BE75438 exitCount=873499
[iommuret] hit #2153: HalpIommuInitSystem returned EAX=0x00000000 (success/other) rsp=0xFFFFF8052BE75438 exitCount=873500
[iommuret] hit #2154: HalpIommuInitSystem returned EAX=0x00000000 (success/other) rsp=0xFFFFF8052BE75438 exitCount=873501
[iommuret] hit #2155: HalpIommuInitSystem returned EAX=0x00000000 (success/other) rsp=0xFFFFF8052BE75438 exitCount=873502
[iommuret] hit #2156: HalpIommuInitSystem returned EAX=0x00000000 (success/other) rsp=0xFFFFF8052BE75438 exitCount=873503
[iommuret] hit #2157: HalpIommuInitSystem returned EAX=0x00000000 (success/other) rsp=0xFFFFF8052BE75438 exitCount=873504
[iommuret] hit #2158: HalpIommuInitSystem returned EAX=0x00000000 (success/other) rsp=0xFFFFF8052BE75438 exitCount=873505
[iommuret] hit #2159: HalpIommuInitSystem returned EAX=0x00000000 (success/other) rsp=0xFFFFF8052BE75438 exitCount=873506
[iommuret] hit #2160: HalpIommuInitSystem returned EAX=0x00000000 (success/other) rsp=0xFFFFF8052BE75438 exitCount=873507
[iommuret] hit #2161: HalpIommuInitSystem returned EAX=0x00000000 (success/other) rsp=0xFFFFF8052BE75438 exitCount=873508
[iommuret] hit #2162: HalpIommuInitSystem returned EAX=0x00000000 (success/other) rsp=0xFFFFF8052BE75438 exitCount=873509
[iommuret] hit #2163: HalpIommuInitSystem returned EAX=0x00000000 (success/other) rsp=0xFFFFF8052BE75438 exitCount=873510
[iommuret] hit #2164: HalpIommuInitSystem returned EAX=0x00000000 (success/other) rsp=0xFFFFF8052BE75438 exitCount=873511
[iommuret] hit #2165: HalpIommuInitSystem returned EAX=0x00000000 (success/other) rsp=0xFFFFF8052BE75438 exitCount=873512
[iommuret] hit #2166: HalpIommuInitSystem returned EAX=0x00000000 (success/other) rsp=0xFFFFF8052BE75438 exitCount=873513
[iommuret] hit #2167: HalpIommuInitSystem returned EAX=0x00000000 (success/other) rsp=0xFFFFF8052BE75438 exitCount=873514
[iommuret] hit #2168: HalpIommuInitSystem returned EAX=0x00000000 (success/other) rsp=0xFFFFF8052BE75438 exitCount=873515
[iommuret] hit #2169: HalpIommuInitSystem returned EAX=0x00000000 (success/other) rsp=0xFFFFF8052BE75438 exitCount=873516
[iommuret] hit #2170: HalpIommuInitSystem returned EAX=0x00000000 (success/other) rsp=0xFFFFF8052BE75438 exitCount=873517
[iommuret] hit #2171: HalpIommuInitSystem returned EAX=0x00000000 (success/other) rsp=0xFFFFF8052BE75438 exitCount=873518
[iommuret] hit #2172: HalpIommuInitSystem returned EAX=0x00000000 (success/other) rsp=0xFFFFF8052BE75438 exitCount=873519
[iommuret] hit #2173: HalpIommuInitSystem returned EAX=0x00000000 (success/other) rsp=0xFFFFF8052BE75438 exitCount=873520
[iommuret] hit #2174: HalpIommuInitSystem returned EAX=0x00000000 (success/other) rsp=0xFFFFF8052BE75438 exitCount=873521
[iommuret] hit #2175: HalpIommuInitSystem returned EAX=0x00000000 (success/other) rsp=0xFFFFF8052BE75438 exitCount=873522
[iommuret] hit #2176: HalpIommuInitSystem returned EAX=0x00000000 (success/other) rsp=0xFFFFF8052BE75438 exitCount=873523
[iommuret] hit #2177: HalpIommuInitSystem returned EAX=0x00000000 (success/other) rsp=0xFFFFF8052BE75438 exitCount=873524
[iommuret] hit #2178: HalpIommuInitSystem returned EAX=0x00000000 (success/other) rsp=0xFFFFF8052BE75438 exitCount=873525
[iommuret] hit #2179: HalpIommuInitSystem returned EAX=0x00000000 (success/other) rsp=0xFFFFF8052BE75438 exitCount=873526
[iommuret] hit #2180: HalpIommuInitSystem returned EAX=0x00000000 (success/other) rsp=0xFFFFF8052BE75438 exitCount=873527
[iommuret] hit #2181: HalpIommuInitSystem returned EAX=0x00000000 (success/other) rsp=0xFFFFF8052BE75438 exitCount=873528
[iommuret] hit #2182: HalpIommuInitSystem returned EAX=0x00000000 (success/other) rsp=0xFFFFF8052BE75438 exitCount=873529
[iommuret] hit #2183: HalpIommuInitSystem returned EAX=0x00000000 (success/other) rsp=0xFFFFF8052BE75438 exitCount=873530
[iommuret] hit #2184: HalpIommuInitSystem returned EAX=0x00000000 (success/other) rsp=0xFFFFF8052BE75438 exitCount=873531
[iommuret] hit #2185: HalpIommuInitSystem returned EAX=0x00000000 (success/other) rsp=0xFFFFF8052BE75438 exitCount=873532
[iommuret] hit #2186: HalpIommuInitSystem returned EAX=0x00000000 (success/other) rsp=0xFFFFF8052BE75438 exitCount=873533
[iommuret] hit #2187: HalpIommuInitSystem returned EAX=0x00000000 (success/other) rsp=0xFFFFF8052BE75438 exitCount=873534
[iommuret] hit #2188: HalpIommuInitSystem returned EAX=0x00000000 (success/other) rsp=0xFFFFF8052BE75438 exitCount=873535
[iommuret] hit #2189: HalpIommuInitSystem returned EAX=0x00000000 (success/other) rsp=0xFFFFF8052BE75438 exitCount=873536
[iommuret] hit #2190: HalpIommuInitSystem returned EAX=0x00000000 (success/other) rsp=0xFFFFF8052BE75438 exitCount=873537
[iommuret] hit #2191: HalpIommuInitSystem returned EAX=0x00000000 (success/other) rsp=0xFFFFF8052BE75438 exitCount=873538
[iommuret] hit #2192: HalpIommuInitSystem returned EAX=0x00000000 (success/other) rsp=0xFFFFF8052BE75438 exitCount=873539
[iommuret] hit #2193: HalpIommuInitSystem returned EAX=0x00000000 (success/other) rsp=0xFFFFF8052BE75438 exitCount=873540
[iommuret] hit #2194: HalpIommuInitSystem returned EAX=0x00000000 (success/other) rsp=0xFFFFF8052BE75438 exitCount=873541
[iommuret] hit #2195: HalpIommuInitSystem returned EAX=0x00000000 (success/other) rsp=0xFFFFF8052BE75438 exitCount=873542
[iommuret] hit #2196: HalpIommuInitSystem returned EAX=0x00000000 (success/other) rsp=0xFFFFF8052BE75438 exitCount=873543
[iommuret] hit #2197: HalpIommuInitSystem returned EAX=0x00000000 (success/other) rsp=0xFFFFF8052BE75438 exitCount=873544
[iommuret] hit #2198: HalpIommuInitSystem returned EAX=0x00000000 (success/other) rsp=0xFFFFF8052BE75438 exitCount=873545
[iommuret] hit #2199: HalpIommuInitSystem returned EAX=0x00000000 (success/other) rsp=0xFFFFF8052BE75438 exitCount=873546
[iommuret] hit #2200: HalpIommuInitSystem returned EAX=0x00000000 (success/other) rsp=0xFFFFF8052BE75438 exitCount=873547
[iommuret] hit #2201: HalpIommuInitSystem returned EAX=0x00000000 (success/other) rsp=0xFFFFF8052BE75438 exitCount=873548
[iommuret] hit #2202: HalpIommuInitSystem returned EAX=0x00000000 (success/other) rsp=0xFFFFF8052BE75438 exitCount=873549
[iommuret] hit #2203: HalpIommuInitSystem returned EAX=0x00000000 (success/other) rsp=0xFFFFF8052BE75438 exitCount=873550
[iommuret] hit #2204: HalpIommuInitSystem returned EAX=0x00000000 (success/other) rsp=0xFFFFF8052BE75438 exitCount=873551
[iommuret] hit #2205: HalpIommuInitSystem returned EAX=0x00000000 (success/other) rsp=0xFFFFF8052BE75438 exitCount=873552
[iommuret] hit #2206: HalpIommuInitSystem returned EAX=0x00000000 (success/other) rsp=0xFFFFF8052BE75438 exitCount=873553
[iommuret] hit #2207: HalpIommuInitSystem returned EAX=0x00000000 (success/other) rsp=0xFFFFF8052BE75438 exitCount=873554
[iommuret] hit #2208: HalpIommuInitSystem returned EAX=0x00000000 (success/other) rsp=0xFFFFF8052BE75438 exitCount=873555
[iommuret] hit #2209: HalpIommuInitSystem returned EAX=0x00000000 (success/other) rsp=0xFFFFF8052BE75438 exitCount=873556
[iommuret] hit #2210: HalpIommuInitSystem returned EAX=0x00000000 (success/other) rsp=0xFFFFF8052BE75438 exitCount=873557
[iommuret] hit #2211: HalpIommuInitSystem returned EAX=0x00000000 (success/other) rsp=0xFFFFF8052BE75438 exitCount=873558
[iommuret] hit #2212: HalpIommuInitSystem returned EAX=0x00000000 (success/other) rsp=0xFFFFF8052BE75438 exitCount=873559
[iommuret] hit #2213: HalpIommuInitSystem returned EAX=0x00000000 (success/other) rsp=0xFFFFF8052BE75438 exitCount=873560
[iommuret] hit #2214: HalpIommuInitSystem returned EAX=0x00000000 (success/other) rsp=0xFFFFF8052BE75438 exitCount=873561
[iommuret] hit #2215: HalpIommuInitSystem returned EAX=0x00000000 (success/other) rsp=0xFFFFF8052BE75438 exitCount=873562
[iommuret] hit #2216: HalpIommuInitSystem returned EAX=0x00000000 (success/other) rsp=0xFFFFF8052BE75438 exitCount=873563
[iommuret] hit #2217: HalpIommuInitSystem returned EAX=0x00000000 (success/other) rsp=0xFFFFF8052BE75438 exitCount=873564
[iommuret] hit #2218: HalpIommuInitSystem returned EAX=0x00000000 (success/other) rsp=0xFFFFF8052BE75438 exitCount=873565
[iommuret] hit #2219: HalpIommuInitSystem returned EAX=0x00000000 (success/other) rsp=0xFFFFF8052BE75438 exitCount=873566
[iommuret] hit #2220: HalpIommuInitSystem returned EAX=0x00000000 (success/other) rsp=0xFFFFF8052BE75438 exitCount=873567
[iommuret] hit #2221: HalpIommuInitSystem returned EAX=0x00000000 (success/other) rsp=0xFFFFF8052BE75438 exitCount=873568
[iommuret] hit #2222: HalpIommuInitSystem returned EAX=0x00000000 (success/other) rsp=0xFFFFF8052BE75438 exitCount=873569
[iommuret] hit #2223: HalpIommuInitSystem returned EAX=0x00000000 (success/other) rsp=0xFFFFF8052BE75438 exitCount=873570
[iommuret] hit #2224: HalpIommuInitSystem returned EAX=0x00000000 (success/other) rsp=0xFFFFF8052BE75438 exitCount=873571
[iommuret] hit #2225: HalpIommuInitSystem returned EAX=0x00000000 (success/other) rsp=0xFFFFF8052BE75438 exitCount=873572
[iommuret] hit #2226: HalpIommuInitSystem returned EAX=0x00000000 (success/other) rsp=0xFFFFF8052BE75438 exitCount=873573
[iommuret] hit #2227: HalpIommuInitSystem returned EAX=0x00000000 (success/other) rsp=0xFFFFF8052BE75438 exitCount=873574
[iommuret] hit #2228: HalpIommuInitSystem returned EAX=0x00000000 (success/other) rsp=0xFFFFF8052BE75438 exitCount=873575
[iommuret] hit #2229: HalpIommuInitSystem returned EAX=0x00000000 (success/other) rsp=0xFFFFF8052BE75438 exitCount=873576
[iommuret] hit #2230: HalpIommuInitSystem returned EAX=0x00000000 (success/other) rsp=0xFFFFF8052BE75438 exitCount=873577
[iommuret] hit #2231: HalpIommuInitSystem returned EAX=0x00000000 (success/other) rsp=0xFFFFF8052BE75438 exitCount=873578
[iommuret] hit #2232: HalpIommuInitSystem returned EAX=0x00000000 (success/other) rsp=0xFFFFF8052BE75438 exitCount=873579
[iommuret] hit #2233: HalpIommuInitSystem returned EAX=0x00000000 (success/other) rsp=0xFFFFF8052BE75438 exitCount=873580
[iommuret] hit #2234: HalpIommuInitSystem returned EAX=0x00000000 (success/other) rsp=0xFFFFF8052BE75438 exitCount=873581
[iommuret] hit #2235: HalpIommuInitSystem returned EAX=0x00000000 (success/other) rsp=0xFFFFF8052BE75438 exitCount=873582
[iommuret] hit #2236: HalpIommuInitSystem returned EAX=0x00000000 (success/other) rsp=0xFFFFF8052BE75438 exitCount=873583
[iommuret] hit #2237: HalpIommuInitSystem returned EAX=0x00000000 (success/other) rsp=0xFFFFF8052BE75438 exitCount=873584
[iommuret] hit #2238: HalpIommuInitSystem returned EAX=0x00000000 (success/other) rsp=0xFFFFF8052BE75438 exitCount=873585
[iommuret] hit #2239: HalpIommuInitSystem returned EAX=0x00000000 (success/other) rsp=0xFFFFF8052BE75438 exitCount=873586
[iommuret] hit #2240: HalpIommuInitSystem returned EAX=0x00000000 (success/other) rsp=0xFFFFF8052BE75438 exitCount=873587
[iommuret] hit #2241: HalpIommuInitSystem returned EAX=0x00000000 (success/other) rsp=0xFFFFF8052BE75438 exitCount=873588
[iommuret] hit #2242: HalpIommuInitSystem returned EAX=0x00000000 (success/other) rsp=0xFFFFF8052BE75438 exitCount=873589
[iommuret] hit #2243: HalpIommuInitSystem returned EAX=0x00000000 (success/other) rsp=0xFFFFF8052BE75438 exitCount=873590
[iommuret] hit #2244: HalpIommuInitSystem returned EAX=0x00000000 (success/other) rsp=0xFFFFF8052BE75438 exitCount=873591
[iommuret] hit #2245: HalpIommuInitSystem returned EAX=0x00000000 (success/other) rsp=0xFFFFF8052BE75438 exitCount=873592
[iommuret] hit #2246: HalpIommuInitSystem returned EAX=0x00000000 (success/other) rsp=0xFFFFF8052BE75438 exitCount=873593
[iommuret] hit #2247: HalpIommuInitSystem returned EAX=0x00000000 (success/other) rsp=0xFFFFF8052BE75438 exitCount=873594
[iommuret] hit #2248: HalpIommuInitSystem returned EAX=0x00000000 (success/other) rsp=0xFFFFF8052BE75438 exitCount=873595
[iommuret] hit #2249: HalpIommuInitSystem returned EAX=0x00000000 (success/other) rsp=0xFFFFF8052BE75438 exitCount=873596
[iommuret] hit #2250: HalpIommuInitSystem returned EAX=0x00000000 (success/other) rsp=0xFFFFF8052BE75438 exitCount=873597
[iommuret] hit #2251: HalpIommuInitSystem returned EAX=0x00000000 (success/other) rsp=0xFFFFF8052BE75438 exitCount=873598
[iommuret] hit #2252: HalpIommuInitSystem returned EAX=0x00000000 (success/other) rsp=0xFFFFF8052BE75438 exitCount=873599
[iommuret] hit #2253: HalpIommuInitSystem returned EAX=0x00000000 (success/other) rsp=0xFFFFF8052BE75438 exitCount=873600
[iommuret] hit #2254: HalpIommuInitSystem returned EAX=0x00000000 (success/other) rsp=0xFFFFF8052BE75438 exitCount=873601
[iommuret] hit #2255: HalpIommuInitSystem returned EAX=0x00000000 (success/other) rsp=0xFFFFF8052BE75438 exitCount=873602
[iommuret] hit #2256: HalpIommuInitSystem returned EAX=0x00000000 (success/other) rsp=0xFFFFF8052BE75438 exitCount=873603
[iommuret] hit #2257: HalpIommuInitSystem returned EAX=0x00000000 (success/other) rsp=0xFFFFF8052BE75438 exitCount=873604
[iommuret] hit #2258: HalpIommuInitSystem returned EAX=0x00000000 (success/other) rsp=0xFFFFF8052BE75438 exitCount=873605
[iommuret] hit #2259: HalpIommuInitSystem returned EAX=0x00000000 (success/other) rsp=0xFFFFF8052BE75438 exitCount=873606
[iommuret] hit #2260: HalpIommuInitSystem returned EAX=0x00000000 (success/other) rsp=0xFFFFF8052BE75438 exitCount=873607
[iommuret] hit #2261: HalpIommuInitSystem returned EAX=0x00000000 (success/other) rsp=0xFFFFF8052BE75438 exitCount=873608
[iommuret] hit #2262: HalpIommuInitSystem returned EAX=0x00000000 (success/other) rsp=0xFFFFF8052BE75438 exitCount=873609
[iommuret] hit #2263: HalpIommuInitSystem returned EAX=0x00000000 (success/other) rsp=0xFFFFF8052BE75438 exitCount=873610
[iommuret] hit #2264: HalpIommuInitSystem returned EAX=0x00000000 (success/other) rsp=0xFFFFF8052BE75438 exitCount=873611
[iommuret] hit #2265: HalpIommuInitSystem returned EAX=0x00000000 (success/other) rsp=0xFFFFF8052BE75438 exitCount=873612
[iommuret] hit #2266: HalpIommuInitSystem returned EAX=0x00000000 (success/other) rsp=0xFFFFF8052BE75438 exitCount=873613
[iommuret] hit #2267: HalpIommuInitSystem returned EAX=0x00000000 (success/other) rsp=0xFFFFF8052BE75438 exitCount=873614
[iommuret] hit #2268: HalpIommuInitSystem returned EAX=0x00000000 (success/other) rsp=0xFFFFF8052BE75438 exitCount=873615
[iommuret] hit #2269: HalpIommuInitSystem returned EAX=0x00000000 (success/other) rsp=0xFFFFF8052BE75438 exitCount=873616
[iommuret] hit #2270: HalpIommuInitSystem returned EAX=0x00000000 (success/other) rsp=0xFFFFF8052BE75438 exitCount=873617
[iommuret] hit #2271: HalpIommuInitSystem returned EAX=0x00000000 (success/other) rsp=0xFFFFF8052BE75438 exitCount=873618
[iommuret] hit #2272: HalpIommuInitSystem returned EAX=0x00000000 (success/other) rsp=0xFFFFF8052BE75438 exitCount=873619
[iommuret] hit #2273: HalpIommuInitSystem returned EAX=0x00000000 (success/other) rsp=0xFFFFF8052BE75438 exitCount=873620
[iommuret] hit #2274: HalpIommuInitSystem returned EAX=0x00000000 (success/other) rsp=0xFFFFF8052BE75438 exitCount=873621
[iommuret] hit #2275: HalpIommuInitSystem returned EAX=0x00000000 (success/other) rsp=0xFFFFF8052BE75438 exitCount=873622
[iommuret] hit #2276: HalpIommuInitSystem returned EAX=0x00000000 (success/other) rsp=0xFFFFF8052BE75438 exitCount=873623
[iommuret] hit #2277: HalpIommuInitSystem returned EAX=0x00000000 (success/other) rsp=0xFFFFF8052BE75438 exitCount=873624
[iommuret] hit #2278: HalpIommuInitSystem returned EAX=0x00000000 (success/other) rsp=0xFFFFF8052BE75438 exitCount=873625
[iommuret] hit #2279: HalpIommuInitSystem returned EAX=0x00000000 (success/other) rsp=0xFFFFF8052BE75438 exitCount=873626
[iommuret] hit #2280: HalpIommuInitSystem returned EAX=0x00000000 (success/other) rsp=0xFFFFF8052BE75438 exitCount=873627
[iommuret] hit #2281: HalpIommuInitSystem returned EAX=0x00000000 (success/other) rsp=0xFFFFF8052BE75438 exitCount=873628
[iommuret] hit #2282: HalpIommuInitSystem returned EAX=0x00000000 (success/other) rsp=0xFFFFF8052BE75438 exitCount=873629
[iommuret] hit #2283: HalpIommuInitSystem returned EAX=0x00000000 (success/other) rsp=0xFFFFF8052BE75438 exitCount=873630
[iommuret] hit #2284: HalpIommuInitSystem returned EAX=0x00000000 (success/other) rsp=0xFFFFF8052BE75438 exitCount=873631
[iommuret] hit #2285: HalpIommuInitSystem returned EAX=0x00000000 (success/other) rsp=0xFFFFF8052BE75438 exitCount=873632
[iommuret] hit #2286: HalpIommuInitSystem returned EAX=0x00000000 (success/other) rsp=0xFFFFF8052BE75438 exitCount=873633
[iommuret] hit #2287: HalpIommuInitSystem returned EAX=0x00000000 (success/other) rsp=0xFFFFF8052BE75438 exitCount=873634
[iommuret] hit #2288: HalpIommuInitSystem returned EAX=0x00000000 (success/other) rsp=0xFFFFF8052BE75438 exitCount=873635
[iommuret] hit #2289: HalpIommuInitSystem returned EAX=0x00000000 (success/other) rsp=0xFFFFF8052BE75438 exitCount=873636
[iommuret] hit #2290: HalpIommuInitSystem returned EAX=0x00000000 (success/other) rsp=0xFFFFF8052BE75438 exitCount=873637
[iommuret] hit #2291: HalpIommuInitSystem returned EAX=0x00000000 (success/other) rsp=0xFFFFF8052BE75438 exitCount=873638
[iommuret] hit #2292: HalpIommuInitSystem returned EAX=0x00000000 (success/other) rsp=0xFFFFF8052BE75438 exitCount=873639
[iommuret] hit #2293: HalpIommuInitSystem returned EAX=0x00000000 (success/other) rsp=0xFFFFF8052BE75438 exitCount=873640
[iommuret] hit #2294: HalpIommuInitSystem returned EAX=0x00000000 (success/other) rsp=0xFFFFF8052BE75438 exitCount=873641
[iommuret] hit #2295: HalpIommuInitSystem returned EAX=0x00000000 (success/other) rsp=0xFFFFF8052BE75438 exitCount=873642
[iommuret] hit #2296: HalpIommuInitSystem returned EAX=0x00000000 (success/other) rsp=0xFFFFF8052BE75438 exitCount=873643
[iommuret] hit #2297: HalpIommuInitSystem returned EAX=0x00000000 (success/other) rsp=0xFFFFF8052BE75438 exitCount=873644
[iommuret] hit #2298: HalpIommuInitSystem returned EAX=0x00000000 (success/other) rsp=0xFFFFF8052BE75438 exitCount=873645
[iommuret] hit #2299: HalpIommuInitSystem returned EAX=0x00000000 (success/other) rsp=0xFFFFF8052BE75438 exitCount=873646
[iommuret] hit #2300: HalpIommuInitSystem returned EAX=0x00000000 (success/other) rsp=0xFFFFF8052BE75438 exitCount=873647
[iommuret] hit #2301: HalpIommuInitSystem returned EAX=0x00000000 (success/other) rsp=0xFFFFF8052BE75438 exitCount=873648
[iommuret] hit #2302: HalpIommuInitSystem returned EAX=0x00000000 (success/other) rsp=0xFFFFF8052BE75438 exitCount=873649
[iommuret] hit #2303: HalpIommuInitSystem returned EAX=0x00000000 (success/other) rsp=0xFFFFF8052BE75438 exitCount=873650
[iommuret] hit #2304: HalpIommuInitSystem returned EAX=0x00000000 (success/other) rsp=0xFFFFF8052BE75438 exitCount=873651
[iommuret] hit #2305: HalpIommuInitSystem returned EAX=0x00000000 (success/other) rsp=0xFFFFF8052BE75438 exitCount=873652
[iommuret] hit #2306: HalpIommuInitSystem returned EAX=0x00000000 (success/other) rsp=0xFFFFF8052BE75438 exitCount=873653
[iommuret] hit #2307: HalpIommuInitSystem returned EAX=0x00000000 (success/other) rsp=0xFFFFF8052BE75438 exitCount=873654
[iommuret] hit #2308: HalpIommuInitSystem returned EAX=0x00000000 (success/other) rsp=0xFFFFF8052BE75438 exitCount=873655
[iommuret] hit #2309: HalpIommuInitSystem returned EAX=0x00000000 (success/other) rsp=0xFFFFF8052BE75438 exitCount=873656
[iommuret] hit #2310: HalpIommuInitSystem returned EAX=0x00000000 (success/other) rsp=0xFFFFF8052BE75438 exitCount=873657
[iommuret] hit #2311: HalpIommuInitSystem returned EAX=0x00000000 (success/other) rsp=0xFFFFF8052BE75438 exitCount=873658
[iommuret] hit #2312: HalpIommuInitSystem returned EAX=0x00000000 (success/other) rsp=0xFFFFF8052BE75438 exitCount=873659
[iommuret] hit #2313: HalpIommuInitSystem returned EAX=0x00000000 (success/other) rsp=0xFFFFF8052BE75438 exitCount=873660
[iommuret] hit #2314: HalpIommuInitSystem returned EAX=0x00000000 (success/other) rsp=0xFFFFF8052BE75438 exitCount=873661
[iommuret] hit #2315: HalpIommuInitSystem returned EAX=0x00000000 (success/other) rsp=0xFFFFF8052BE75438 exitCount=873662
[iommuret] hit #2316: HalpIommuInitSystem returned EAX=0x00000000 (success/other) rsp=0xFFFFF8052BE75438 exitCount=873663
[iommuret] hit #2317: HalpIommuInitSystem returned EAX=0x00000000 (success/other) rsp=0xFFFFF8052BE75438 exitCount=873664
[iommuret] hit #2318: HalpIommuInitSystem returned EAX=0x00000000 (success/other) rsp=0xFFFFF8052BE75438 exitCount=873665
[iommuret] hit #2319: HalpIommuInitSystem returned EAX=0x00000000 (success/other) rsp=0xFFFFF8052BE75438 exitCount=873666
[iommuret] hit #2320: HalpIommuInitSystem returned EAX=0x00000000 (success/other) rsp=0xFFFFF8052BE75438 exitCount=873667
[iommuret] hit #2321: HalpIommuInitSystem returned EAX=0x00000000 (success/other) rsp=0xFFFFF8052BE75438 exitCount=873668
[iommuret] hit #2322: HalpIommuInitSystem returned EAX=0x00000000 (success/other) rsp=0xFFFFF8052BE75438 exitCount=873669
[iommuret] hit #2323: HalpIommuInitSystem returned EAX=0x00000000 (success/other) rsp=0xFFFFF8052BE75438 exitCount=873670
[iommuret] hit #2324: HalpIommuInitSystem returned EAX=0x00000000 (success/other) rsp=0xFFFFF8052BE75438 exitCount=873671
[iommuret] hit #2325: HalpIommuInitSystem returned EAX=0x00000000 (success/other) rsp=0xFFFFF8052BE75438 exitCount=873672
[iommuret] hit #2326: HalpIommuInitSystem returned EAX=0x00000000 (success/other) rsp=0xFFFFF8052BE75438 exitCount=873673
[iommuret] hit #2327: HalpIommuInitSystem returned EAX=0x00000000 (success/other) rsp=0xFFFFF8052BE75438 exitCount=873674
[iommuret] hit #2328: HalpIommuInitSystem returned EAX=0x00000000 (success/other) rsp=0xFFFFF8052BE75438 exitCount=873675
[iommuret] hit #2329: HalpIommuInitSystem returned EAX=0x00000000 (success/other) rsp=0xFFFFF8052BE75438 exitCount=873676
[iommuret] hit #2330: HalpIommuInitSystem returned EAX=0x00000000 (success/other) rsp=0xFFFFF8052BE75438 exitCount=873677
[iommuret] hit #2331: HalpIommuInitSystem returned EAX=0x00000000 (success/other) rsp=0xFFFFF8052BE75438 exitCount=873678
[iommuret] hit #2332: HalpIommuInitSystem returned EAX=0x00000000 (success/other) rsp=0xFFFFF8052BE75438 exitCount=873679
[iommuret] hit #2333: HalpIommuInitSystem returned EAX=0x00000000 (success/other) rsp=0xFFFFF8052BE75438 exitCount=873680
[iommuret] hit #2334: HalpIommuInitSystem returned EAX=0x00000000 (success/other) rsp=0xFFFFF8052BE75438 exitCount=873681
[iommuret] hit #2335: HalpIommuInitSystem returned EAX=0x00000000 (success/other) rsp=0xFFFFF8052BE75438 exitCount=873682
[iommuret] hit #2336: HalpIommuInitSystem returned EAX=0x00000000 (success/other) rsp=0xFFFFF8052BE75438 exitCount=873683
[iommuret] hit #2337: HalpIommuInitSystem returned EAX=0x00000000 (success/other) rsp=0xFFFFF8052BE75438 exitCount=873684
[iommuret] hit #2338: HalpIommuInitSystem returned EAX=0x00000000 (success/other) rsp=0xFFFFF8052BE75438 exitCount=873685
[iommuret] hit #2339: HalpIommuInitSystem returned EAX=0x00000000 (success/other) rsp=0xFFFFF8052BE75438 exitCount=873686
[iommuret] hit #2340: HalpIommuInitSystem returned EAX=0x00000000 (success/other) rsp=0xFFFFF8052BE75438 exitCount=873687
[iommuret] hit #2341: HalpIommuInitSystem returned EAX=0x00000000 (success/other) rsp=0xFFFFF8052BE75438 exitCount=873688
[iommuret] hit #2342: HalpIommuInitSystem returned EAX=0x00000000 (success/other) rsp=0xFFFFF8052BE75438 exitCount=873689
[iommuret] hit #2343: HalpIommuInitSystem returned EAX=0x00000000 (success/other) rsp=0xFFFFF8052BE75438 exitCount=873690
[iommuret] hit #2344: HalpIommuInitSystem returned EAX=0x00000000 (success/other) rsp=0xFFFFF8052BE75438 exitCount=873691
[iommuret] hit #2345: HalpIommuInitSystem returned EAX=0x00000000 (success/other) rsp=0xFFFFF8052BE75438 exitCount=873692
[iommuret] hit #2346: HalpIommuInitSystem returned EAX=0x00000000 (success/other) rsp=0xFFFFF8052BE75438 exitCount=873693
[iommuret] hit #2347: HalpIommuInitSystem returned EAX=0x00000000 (success/other) rsp=0xFFFFF8052BE75438 exitCount=873694
[iommuret] hit #2348: HalpIommuInitSystem returned EAX=0x00000000 (success/other) rsp=0xFFFFF8052BE75438 exitCount=873695
[iommuret] hit #2349: HalpIommuInitSystem returned EAX=0x00000000 (success/other) rsp=0xFFFFF8052BE75438 exitCount=873696
[iommuret] hit #2350: HalpIommuInitSystem returned EAX=0x00000000 (success/other) rsp=0xFFFFF8052BE75438 exitCount=873697
[iommuret] hit #2351: HalpIommuInitSystem returned EAX=0x00000000 (success/other) rsp=0xFFFFF8052BE75438 exitCount=873698
[iommuret] hit #2352: HalpIommuInitSystem returned EAX=0x00000000 (success/other) rsp=0xFFFFF8052BE75438 exitCount=873699
[iommuret] hit #2353: HalpIommuInitSystem returned EAX=0x00000000 (success/other) rsp=0xFFFFF8052BE75438 exitCount=873700
[iommuret] hit #2354: HalpIommuInitSystem returned EAX=0x00000000 (success/other) rsp=0xFFFFF8052BE75438 exitCount=873701
[iommuret] hit #2355: HalpIommuInitSystem returned EAX=0x00000000 (success/other) rsp=0xFFFFF8052BE75438 exitCount=873702
[iommuret] hit #2356: HalpIommuInitSystem returned EAX=0x00000000 (success/other) rsp=0xFFFFF8052BE75438 exitCount=873703
[iommuret] hit #2357: HalpIommuInitSystem returned EAX=0x00000000 (success/other) rsp=0xFFFFF8052BE75438 exitCount=873704
[iommuret] hit #2358: HalpIommuInitSystem returned EAX=0x00000000 (success/other) rsp=0xFFFFF8052BE75438 exitCount=873705
[iommuret] hit #2359: HalpIommuInitSystem returned EAX=0x00000000 (success/other) rsp=0xFFFFF8052BE75438 exitCount=873706
[iommuret] hit #2360: HalpIommuInitSystem returned EAX=0x00000000 (success/other) rsp=0xFFFFF8052BE75438 exitCount=873707
[iommuret] hit #2361: HalpIommuInitSystem returned EAX=0x00000000 (success/other) rsp=0xFFFFF8052BE75438 exitCount=873708
[iommuret] hit #2362: HalpIommuInitSystem returned EAX=0x00000000 (success/other) rsp=0xFFFFF8052BE75438 exitCount=873709
[iommuret] hit #2363: HalpIommuInitSystem returned EAX=0x00000000 (success/other) rsp=0xFFFFF8052BE75438 exitCount=873710
[iommuret] hit #2364: HalpIommuInitSystem returned EAX=0x00000000 (success/other) rsp=0xFFFFF8052BE75438 exitCount=873711
[iommuret] hit #2365: HalpIommuInitSystem returned EAX=0x00000000 (success/other) rsp=0xFFFFF8052BE75438 exitCount=873712
[iommuret] hit #2366: HalpIommuInitSystem returned EAX=0x00000000 (success/other) rsp=0xFFFFF8052BE75438 exitCount=873713
[iommuret] hit #2367: HalpIommuInitSystem returned EAX=0x00000000 (success/other) rsp=0xFFFFF8052BE75438 exitCount=873714
[iommuret] hit #2368: HalpIommuInitSystem returned EAX=0x00000000 (success/other) rsp=0xFFFFF8052BE75438 exitCount=873715
[iommuret] hit #2369: HalpIommuInitSystem returned EAX=0x00000000 (success/other) rsp=0xFFFFF8052BE75438 exitCount=873716
[iommuret] hit #2370: HalpIommuInitSystem returned EAX=0x00000000 (success/other) rsp=0xFFFFF8052BE75438 exitCount=873717
[iommuret] hit #2371: HalpIommuInitSystem returned EAX=0x00000000 (success/other) rsp=0xFFFFF8052BE75438 exitCount=873718
[iommuret] hit #2372: HalpIommuInitSystem returned EAX=0x00000000 (success/other) rsp=0xFFFFF8052BE75438 exitCount=873719
[iommuret] hit #2373: HalpIommuInitSystem returned EAX=0x00000000 (success/other) rsp=0xFFFFF8052BE75438 exitCount=873720
[iommuret] hit #2374: HalpIommuInitSystem returned EAX=0x00000000 (success/other) rsp=0xFFFFF8052BE75438 exitCount=873721
[iommuret] hit #2375: HalpIommuInitSystem returned EAX=0x00000000 (success/other) rsp=0xFFFFF8052BE75438 exitCount=873722
[iommuret] hit #2376: HalpIommuInitSystem returned EAX=0x00000000 (success/other) rsp=0xFFFFF8052BE75438 exitCount=873723
[iommuret] hit #2377: HalpIommuInitSystem returned EAX=0x00000000 (success/other) rsp=0xFFFFF8052BE75438 exitCount=873724
[iommuret] hit #2378: HalpIommuInitSystem returned EAX=0x00000000 (success/other) rsp=0xFFFFF8052BE75438 exitCount=873725
[iommuret] hit #2379: HalpIommuInitSystem returned EAX=0x00000000 (success/other) rsp=0xFFFFF8052BE75438 exitCount=873726
[iommuret] hit #2380: HalpIommuInitSystem returned EAX=0x00000000 (success/other) rsp=0xFFFFF8052BE75438 exitCount=873727
[iommuret] hit #2381: HalpIommuInitSystem returned EAX=0x00000000 (success/other) rsp=0xFFFFF8052BE75438 exitCount=873728
[iommuret] hit #2382: HalpIommuInitSystem returned EAX=0x00000000 (success/other) rsp=0xFFFFF8052BE75438 exitCount=873729
[iommuret] hit #2383: HalpIommuInitSystem returned EAX=0x00000000 (success/other) rsp=0xFFFFF8052BE75438 exitCount=873730
[iommuret] hit #2384: HalpIommuInitSystem returned EAX=0x00000000 (success/other) rsp=0xFFFFF8052BE75438 exitCount=873731
[iommuret] hit #2385: HalpIommuInitSystem returned EAX=0x00000000 (success/other) rsp=0xFFFFF8052BE75438 exitCount=873732
[iommuret] hit #2386: HalpIommuInitSystem returned EAX=0x00000000 (success/other) rsp=0xFFFFF8052BE75438 exitCount=873733
[iommuret] hit #2387: HalpIommuInitSystem returned EAX=0x00000000 (success/other) rsp=0xFFFFF8052BE75438 exitCount=873734
[iommuret] hit #2388: HalpIommuInitSystem returned EAX=0x00000000 (success/other) rsp=0xFFFFF8052BE75438 exitCount=873735
[iommuret] hit #2389: HalpIommuInitSystem returned EAX=0x00000000 (success/other) rsp=0xFFFFF8052BE75438 exitCount=873736
[iommuret] hit #2390: HalpIommuInitSystem returned EAX=0x00000000 (success/other) rsp=0xFFFFF8052BE75438 exitCount=873737
[iommuret] hit #2391: HalpIommuInitSystem returned EAX=0x00000000 (success/other) rsp=0xFFFFF8052BE75438 exitCount=873738
[iommuret] hit #2392: HalpIommuInitSystem returned EAX=0x00000000 (success/other) rsp=0xFFFFF8052BE75438 exitCount=873739
[iommuret] hit #2393: HalpIommuInitSystem returned EAX=0x00000000 (success/other) rsp=0xFFFFF8052BE75438 exitCount=873740
[iommuret] hit #2394: HalpIommuInitSystem returned EAX=0x00000000 (success/other) rsp=0xFFFFF8052BE75438 exitCount=873741
[iommuret] hit #2395: HalpIommuInitSystem returned EAX=0x00000000 (success/other) rsp=0xFFFFF8052BE75438 exitCount=873742
[iommuret] hit #2396: HalpIommuInitSystem returned EAX=0x00000000 (success/other) rsp=0xFFFFF8052BE75438 exitCount=873743
[iommuret] hit #2397: HalpIommuInitSystem returned EAX=0x00000000 (success/other) rsp=0xFFFFF8052BE75438 exitCount=873744
[iommuret] hit #2398: HalpIommuInitSystem returned EAX=0x00000000 (success/other) rsp=0xFFFFF8052BE75438 exitCount=873745
[iommuret] hit #2399: HalpIommuInitSystem returned EAX=0x00000000 (success/other) rsp=0xFFFFF8052BE75438 exitCount=873746
[iommuret] hit #2400: HalpIommuInitSystem returned EAX=0x00000000 (success/other) rsp=0xFFFFF8052BE75438 exitCount=873747
[iommuret] hit #2401: HalpIommuInitSystem returned EAX=0x00000000 (success/other) rsp=0xFFFFF8052BE75438 exitCount=873748
[iommuret] hit #2402: HalpIommuInitSystem returned EAX=0x00000000 (success/other) rsp=0xFFFFF8052BE75438 exitCount=873749
[iommuret] hit #2403: HalpIommuInitSystem returned EAX=0x00000000 (success/other) rsp=0xFFFFF8052BE75438 exitCount=873750
[iommuret] hit #2404: HalpIommuInitSystem returned EAX=0x00000000 (success/other) rsp=0xFFFFF8052BE75438 exitCount=873751
[iommuret] hit #2405: HalpIommuInitSystem returned EAX=0x00000000 (success/other) rsp=0xFFFFF8052BE75438 exitCount=873752
[iommuret] hit #2406: HalpIommuInitSystem returned EAX=0x00000000 (success/other) rsp=0xFFFFF8052BE75438 exitCount=873753
[iommuret] hit #2407: HalpIommuInitSystem returned EAX=0x00000000 (success/other) rsp=0xFFFFF8052BE75438 exitCount=873754
[iommuret] hit #2408: HalpIommuInitSystem returned EAX=0x00000000 (success/other) rsp=0xFFFFF8052BE75438 exitCount=873755
[iommuret] hit #2409: HalpIommuInitSystem returned EAX=0x00000000 (success/other) rsp=0xFFFFF8052BE75438 exitCount=873756
[iommuret] hit #2410: HalpIommuInitSystem returned EAX=0x00000000 (success/other) rsp=0xFFFFF8052BE75438 exitCount=873757
[iommuret] hit #2411: HalpIommuInitSystem returned EAX=0x00000000 (success/other) rsp=0xFFFFF8052BE75438 exitCount=873758
[iommuret] hit #2412: HalpIommuInitSystem returned EAX=0x00000000 (success/other) rsp=0xFFFFF8052BE75438 exitCount=873759
[iommuret] hit #2413: HalpIommuInitSystem returned EAX=0x00000000 (success/other) rsp=0xFFFFF8052BE75438 exitCount=873760
[iommuret] hit #2414: HalpIommuInitSystem returned EAX=0x00000000 (success/other) rsp=0xFFFFF8052BE75438 exitCount=873761
[iommuret] hit #2415: HalpIommuInitSystem returned EAX=0x00000000 (success/other) rsp=0xFFFFF8052BE75438 exitCount=873762
[iommuret] hit #2416: HalpIommuInitSystem returned EAX=0x00000000 (success/other) rsp=0xFFFFF8052BE75438 exitCount=873763
[iommuret] hit #2417: HalpIommuInitSystem returned EAX=0x00000000 (success/other) rsp=0xFFFFF8052BE75438 exitCount=873764
[iommuret] hit #2418: HalpIommuInitSystem returned EAX=0x00000000 (success/other) rsp=0xFFFFF8052BE75438 exitCount=873765
[iommuret] hit #2419: HalpIommuInitSystem returned EAX=0x00000000 (success/other) rsp=0xFFFFF8052BE75438 exitCount=873766
[iommuret] hit #2420: HalpIommuInitSystem returned EAX=0x00000000 (success/other) rsp=0xFFFFF8052BE75438 exitCount=873767
[iommuret] hit #2421: HalpIommuInitSystem returned EAX=0x00000000 (success/other) rsp=0xFFFFF8052BE75438 exitCount=873768
[iommuret] hit #2422: HalpIommuInitSystem returned EAX=0x00000000 (success/other) rsp=0xFFFFF8052BE75438 exitCount=873769
[iommuret] hit #2423: HalpIommuInitSystem returned EAX=0x00000000 (success/other) rsp=0xFFFFF8052BE75438 exitCount=873770
[iommuret] hit #2424: HalpIommuInitSystem returned EAX=0x00000000 (success/other) rsp=0xFFFFF8052BE75438 exitCount=873771
[iommuret] hit #2425: HalpIommuInitSystem returned EAX=0x00000000 (success/other) rsp=0xFFFFF8052BE75438 exitCount=873772
[iommuret] hit #2426: HalpIommuInitSystem returned EAX=0x00000000 (success/other) rsp=0xFFFFF8052BE75438 exitCount=873773
[iommuret] hit #2427: HalpIommuInitSystem returned EAX=0x00000000 (success/other) rsp=0xFFFFF8052BE75438 exitCount=873774
[iommuret] hit #2428: HalpIommuInitSystem returned EAX=0x00000000 (success/other) rsp=0xFFFFF8052BE75438 exitCount=873775
[iommuret] hit #2429: HalpIommuInitSystem returned EAX=0x00000000 (success/other) rsp=0xFFFFF8052BE75438 exitCount=873776
[iommuret] hit #2430: HalpIommuInitSystem returned EAX=0x00000000 (success/other) rsp=0xFFFFF8052BE75438 exitCount=873777
[iommuret] hit #2431: HalpIommuInitSystem returned EAX=0x00000000 (success/other) rsp=0xFFFFF8052BE75438 exitCount=873778
[iommuret] hit #2432: HalpIommuInitSystem returned EAX=0x00000000 (success/other) rsp=0xFFFFF8052BE75438 exitCount=873779
[iommuret] hit #2433: HalpIommuInitSystem returned EAX=0x00000000 (success/other) rsp=0xFFFFF8052BE75438 exitCount=873780
[iommuret] hit #2434: HalpIommuInitSystem returned EAX=0x00000000 (success/other) rsp=0xFFFFF8052BE75438 exitCount=873781
[iommuret] hit #2435: HalpIommuInitSystem returned EAX=0x00000000 (success/other) rsp=0xFFFFF8052BE75438 exitCount=873782
[iommuret] hit #2436: HalpIommuInitSystem returned EAX=0x00000000 (success/other) rsp=0xFFFFF8052BE75438 exitCount=873783
[iommuret] hit #2437: HalpIommuInitSystem returned EAX=0x00000000 (success/other) rsp=0xFFFFF8052BE75438 exitCount=873784
[iommuret] hit #2438: HalpIommuInitSystem returned EAX=0x00000000 (success/other) rsp=0xFFFFF8052BE75438 exitCount=873785
[iommuret] hit #2439: HalpIommuInitSystem returned EAX=0x00000000 (success/other) rsp=0xFFFFF8052BE75438 exitCount=873786
[iommuret] hit #2440: HalpIommuInitSystem returned EAX=0x00000000 (success/other) rsp=0xFFFFF8052BE75438 exitCount=873787
[iommuret] hit #2441: HalpIommuInitSystem returned EAX=0x00000000 (success/other) rsp=0xFFFFF8052BE75438 exitCount=873788
[iommuret] hit #2442: HalpIommuInitSystem returned EAX=0x00000000 (success/other) rsp=0xFFFFF8052BE75438 exitCount=873789
[iommuret] hit #2443: HalpIommuInitSystem returned EAX=0x00000000 (success/other) rsp=0xFFFFF8052BE75438 exitCount=873790
[iommuret] hit #2444: HalpIommuInitSystem returned EAX=0x00000000 (success/other) rsp=0xFFFFF8052BE75438 exitCount=873791
[iommuret] hit #2445: HalpIommuInitSystem returned EAX=0x00000000 (success/other) rsp=0xFFFFF8052BE75438 exitCount=873792
[iommuret] hit #2446: HalpIommuInitSystem returned EAX=0x00000000 (success/other) rsp=0xFFFFF8052BE75438 exitCount=873793
[iommuret] hit #2447: HalpIommuInitSystem returned EAX=0x00000000 (success/other) rsp=0xFFFFF8052BE75438 exitCount=873794
[iommuret] hit #2448: HalpIommuInitSystem returned EAX=0x00000000 (success/other) rsp=0xFFFFF8052BE75438 exitCount=873795
[iommuret] hit #2449: HalpIommuInitSystem returned EAX=0x00000000 (success/other) rsp=0xFFFFF8052BE75438 exitCount=873796
[iommuret] hit #2450: HalpIommuInitSystem returned EAX=0x00000000 (success/other) rsp=0xFFFFF8052BE75438 exitCount=873797
[iommuret] hit #2451: HalpIommuInitSystem returned EAX=0x00000000 (success/other) rsp=0xFFFFF8052BE75438 exitCount=873798
[iommuret] hit #2452: HalpIommuInitSystem returned EAX=0x00000000 (success/other) rsp=0xFFFFF8052BE75438 exitCount=873799
[iommuret] hit #2453: HalpIommuInitSystem returned EAX=0x00000000 (success/other) rsp=0xFFFFF8052BE75438 exitCount=873800
[iommuret] hit #2454: HalpIommuInitSystem returned EAX=0x00000000 (success/other) rsp=0xFFFFF8052BE75438 exitCount=873801
[iommuret] hit #2455: HalpIommuInitSystem returned EAX=0x00000000 (success/other) rsp=0xFFFFF8052BE75438 exitCount=873802
[iommuret] hit #2456: HalpIommuInitSystem returned EAX=0x00000000 (success/other) rsp=0xFFFFF8052BE75438 exitCount=873803
[iommuret] hit #2457: HalpIommuInitSystem returned EAX=0x00000000 (success/other) rsp=0xFFFFF8052BE75438 exitCount=873804
[iommuret] hit #2458: HalpIommuInitSystem returned EAX=0x00000000 (success/other) rsp=0xFFFFF8052BE75438 exitCount=873805
[iommuret] hit #2459: HalpIommuInitSystem returned EAX=0x00000000 (success/other) rsp=0xFFFFF8052BE75438 exitCount=873806
[iommuret] hit #2460: HalpIommuInitSystem returned EAX=0x00000000 (success/other) rsp=0xFFFFF8052BE75438 exitCount=873807
[iommuret] hit #2461: HalpIommuInitSystem returned EAX=0x00000000 (success/other) rsp=0xFFFFF8052BE75438 exitCount=873808
[iommuret] hit #2462: HalpIommuInitSystem returned EAX=0x00000000 (success/other) rsp=0xFFFFF8052BE75438 exitCount=873809
[iommuret] hit #2463: HalpIommuInitSystem returned EAX=0x00000000 (success/other) rsp=0xFFFFF8052BE75438 exitCount=873810
[iommuret] hit #2464: HalpIommuInitSystem returned EAX=0x00000000 (success/other) rsp=0xFFFFF8052BE75438 exitCount=873811
[iommuret] hit #2465: HalpIommuInitSystem returned EAX=0x00000000 (success/other) rsp=0xFFFFF8052BE75438 exitCount=873812
[iommuret] hit #2466: HalpIommuInitSystem returned EAX=0x00000000 (success/other) rsp=0xFFFFF8052BE75438 exitCount=873813
[iommuret] hit #2467: HalpIommuInitSystem returned EAX=0x00000000 (success/other) rsp=0xFFFFF8052BE75438 exitCount=873814
[iommuret] hit #2468: HalpIommuInitSystem returned EAX=0x00000000 (success/other) rsp=0xFFFFF8052BE75438 exitCount=873815
[iommuret] hit #2469: HalpIommuInitSystem returned EAX=0x00000000 (success/other) rsp=0xFFFFF8052BE75438 exitCount=873816
[iommuret] hit #2470: HalpIommuInitSystem returned EAX=0x00000000 (success/other) rsp=0xFFFFF8052BE75438 exitCount=873817
[iommuret] hit #2471: HalpIommuInitSystem returned EAX=0x00000000 (success/other) rsp=0xFFFFF8052BE75438 exitCount=873818
[iommuret] hit #2472: HalpIommuInitSystem returned EAX=0x00000000 (success/other) rsp=0xFFFFF8052BE75438 exitCount=873819
[iommuret] hit #2473: HalpIommuInitSystem returned EAX=0x00000000 (success/other) rsp=0xFFFFF8052BE75438 exitCount=873820
[iommuret] hit #2474: HalpIommuInitSystem returned EAX=0x00000000 (success/other) rsp=0xFFFFF8052BE75438 exitCount=873821
[iommuret] hit #2475: HalpIommuInitSystem returned EAX=0x00000000 (success/other) rsp=0xFFFFF8052BE75438 exitCount=873822
[iommuret] hit #2476: HalpIommuInitSystem returned EAX=0x00000000 (success/other) rsp=0xFFFFF8052BE75438 exitCount=873823
[iommuret] hit #2477: HalpIommuInitSystem returned EAX=0x00000000 (success/other) rsp=0xFFFFF8052BE75438 exitCount=873824
[iommuret] hit #2478: HalpIommuInitSystem returned EAX=0x00000000 (success/other) rsp=0xFFFFF8052BE75438 exitCount=873825
[iommuret] hit #2479: HalpIommuInitSystem returned EAX=0x00000000 (success/other) rsp=0xFFFFF8052BE75438 exitCount=873826
[iommuret] hit #2480: HalpIommuInitSystem returned EAX=0x00000000 (success/other) rsp=0xFFFFF8052BE75438 exitCount=873827
[iommuret] hit #2481: HalpIommuInitSystem returned EAX=0x00000000 (success/other) rsp=0xFFFFF8052BE75438 exitCount=873828
[iommuret] hit #2482: HalpIommuInitSystem returned EAX=0x00000000 (success/other) rsp=0xFFFFF8052BE75438 exitCount=873829
[iommuret] hit #2483: HalpIommuInitSystem returned EAX=0x00000000 (success/other) rsp=0xFFFFF8052BE75438 exitCount=873830
[iommuret] hit #2484: HalpIommuInitSystem returned EAX=0x00000000 (success/other) rsp=0xFFFFF8052BE75438 exitCount=873831
[iommuret] hit #2485: HalpIommuInitSystem returned EAX=0x00000000 (success/other) rsp=0xFFFFF8052BE75438 exitCount=873832
[iommuret] hit #2486: HalpIommuInitSystem returned EAX=0x00000000 (success/other) rsp=0xFFFFF8052BE75438 exitCount=873833
[iommuret] hit #2487: HalpIommuInitSystem returned EAX=0x00000000 (success/other) rsp=0xFFFFF8052BE75438 exitCount=873834
[iommuret] hit #2488: HalpIommuInitSystem returned EAX=0x00000000 (success/other) rsp=0xFFFFF8052BE75438 exitCount=873835
[iommuret] hit #2489: HalpIommuInitSystem returned EAX=0x00000000 (success/other) rsp=0xFFFFF8052BE75438 exitCount=873836
[iommuret] hit #2490: HalpIommuInitSystem returned EAX=0x00000000 (success/other) rsp=0xFFFFF8052BE75438 exitCount=873837
[iommuret] hit #2491: HalpIommuInitSystem returned EAX=0x00000000 (success/other) rsp=0xFFFFF8052BE75438 exitCount=873838
[iommuret] hit #2492: HalpIommuInitSystem returned EAX=0x00000000 (success/other) rsp=0xFFFFF8052BE75438 exitCount=873839
[iommuret] hit #2493: HalpIommuInitSystem returned EAX=0x00000000 (success/other) rsp=0xFFFFF8052BE75438 exitCount=873840
[iommuret] hit #2494: HalpIommuInitSystem returned EAX=0x00000000 (success/other) rsp=0xFFFFF8052BE75438 exitCount=873841
[iommuret] hit #2495: HalpIommuInitSystem returned EAX=0x00000000 (success/other) rsp=0xFFFFF8052BE75438 exitCount=873842
[iommuret] hit #2496: HalpIommuInitSystem returned EAX=0x00000000 (success/other) rsp=0xFFFFF8052BE75438 exitCount=873843
[iommuret] hit #2497: HalpIommuInitSystem returned EAX=0x00000000 (success/other) rsp=0xFFFFF8052BE75438 exitCount=873844
[iommuret] hit #2498: HalpIommuInitSystem returned EAX=0x00000000 (success/other) rsp=0xFFFFF8052BE75438 exitCount=873845
[iommuret] hit #2499: HalpIommuInitSystem returned EAX=0x00000000 (success/other) rsp=0xFFFFF8052BE75438 exitCount=873846
[iommuret] hit #2500: HalpIommuInitSystem returned EAX=0x00000000 (success/other) rsp=0xFFFFF8052BE75438 exitCount=873847
[iommuret] hit #2501: HalpIommuInitSystem returned EAX=0x00000000 (success/other) rsp=0xFFFFF8052BE75438 exitCount=873848
[iommuret] hit #2502: HalpIommuInitSystem returned EAX=0x00000000 (success/other) rsp=0xFFFFF8052BE75438 exitCount=873849
[iommuret] hit #2503: HalpIommuInitSystem returned EAX=0x00000000 (success/other) rsp=0xFFFFF8052BE75438 exitCount=873850
[iommuret] hit #2504: HalpIommuInitSystem returned EAX=0x00000000 (success/other) rsp=0xFFFFF8052BE75438 exitCount=873851
[iommuret] hit #2505: HalpIommuInitSystem returned EAX=0x00000000 (success/other) rsp=0xFFFFF8052BE75438 exitCount=873852
[iommuret] hit #2506: HalpIommuInitSystem returned EAX=0x00000000 (success/other) rsp=0xFFFFF8052BE75438 exitCount=873853
[iommuret] hit #2507: HalpIommuInitSystem returned EAX=0x00000000 (success/other) rsp=0xFFFFF8052BE75438 exitCount=873854
[iommuret] hit #2508: HalpIommuInitSystem returned EAX=0x00000000 (success/other) rsp=0xFFFFF8052BE75438 exitCount=873855
[iommuret] hit #2509: HalpIommuInitSystem returned EAX=0x00000000 (success/other) rsp=0xFFFFF8052BE75438 exitCount=873856
[iommuret] hit #2510: HalpIommuInitSystem returned EAX=0x00000000 (success/other) rsp=0xFFFFF8052BE75438 exitCount=873857
[iommuret] hit #2511: HalpIommuInitSystem returned EAX=0x00000000 (success/other) rsp=0xFFFFF8052BE75438 exitCount=873858
[iommuret] hit #2512: HalpIommuInitSystem returned EAX=0x00000000 (success/other) rsp=0xFFFFF8052BE75438 exitCount=873859
[iommuret] hit #2513: HalpIommuInitSystem returned EAX=0x00000000 (success/other) rsp=0xFFFFF8052BE75438 exitCount=873860
[iommuret] hit #2514: HalpIommuInitSystem returned EAX=0x00000000 (success/other) rsp=0xFFFFF8052BE75438 exitCount=873861
[iommuret] hit #2515: HalpIommuInitSystem returned EAX=0x00000000 (success/other) rsp=0xFFFFF8052BE75438 exitCount=873862
[iommuret] hit #2516: HalpIommuInitSystem returned EAX=0x00000000 (success/other) rsp=0xFFFFF8052BE75438 exitCount=873863
[iommuret] hit #2517: HalpIommuInitSystem returned EAX=0x00000000 (success/other) rsp=0xFFFFF8052BE75438 exitCount=873864
[iommuret] hit #2518: HalpIommuInitSystem returned EAX=0x00000000 (success/other) rsp=0xFFFFF8052BE75438 exitCount=873865
[iommuret] hit #2519: HalpIommuInitSystem returned EAX=0x00000000 (success/other) rsp=0xFFFFF8052BE75438 exitCount=873866
[iommuret] hit #2520: HalpIommuInitSystem returned EAX=0x00000000 (success/other) rsp=0xFFFFF8052BE75438 exitCount=873867
[iommuret] hit #2521: HalpIommuInitSystem returned EAX=0x00000000 (success/other) rsp=0xFFFFF8052BE75438 exitCount=873868
[iommuret] hit #2522: HalpIommuInitSystem returned EAX=0x00000000 (success/other) rsp=0xFFFFF8052BE75438 exitCount=873869
[iommuret] hit #2523: HalpIommuInitSystem returned EAX=0x00000000 (success/other) rsp=0xFFFFF8052BE75438 exitCount=873870
[iommuret] hit #2524: HalpIommuInitSystem returned EAX=0x00000000 (success/other) rsp=0xFFFFF8052BE75438 exitCount=873871
[iommuret] hit #2525: HalpIommuInitSystem returned EAX=0x00000000 (success/other) rsp=0xFFFFF8052BE75438 exitCount=873872
[iommuret] hit #2526: HalpIommuInitSystem returned EAX=0x00000000 (success/other) rsp=0xFFFFF8052BE75438 exitCount=873873
[iommuret] hit #2527: HalpIommuInitSystem returned EAX=0x00000000 (success/other) rsp=0xFFFFF8052BE75438 exitCount=873874
[iommuret] hit #2528: HalpIommuInitSystem returned EAX=0x00000000 (success/other) rsp=0xFFFFF8052BE75438 exitCount=873875
[iommuret] hit #2529: HalpIommuInitSystem returned EAX=0x00000000 (success/other) rsp=0xFFFFF8052BE75438 exitCount=873876
[iommuret] hit #2530: HalpIommuInitSystem returned EAX=0x00000000 (success/other) rsp=0xFFFFF8052BE75438 exitCount=873877
[iommuret] hit #2531: HalpIommuInitSystem returned EAX=0x00000000 (success/other) rsp=0xFFFFF8052BE75438 exitCount=873878
[iommuret] hit #2532: HalpIommuInitSystem returned EAX=0x00000000 (success/other) rsp=0xFFFFF8052BE75438 exitCount=873879
[iommuret] hit #2533: HalpIommuInitSystem returned EAX=0x00000000 (success/other) rsp=0xFFFFF8052BE75438 exitCount=873880
[iommuret] hit #2534: HalpIommuInitSystem returned EAX=0x00000000 (success/other) rsp=0xFFFFF8052BE75438 exitCount=873881
[iommuret] hit #2535: HalpIommuInitSystem returned EAX=0x00000000 (success/other) rsp=0xFFFFF8052BE75438 exitCount=873882
[iommuret] hit #2536: HalpIommuInitSystem returned EAX=0x00000000 (success/other) rsp=0xFFFFF8052BE75438 exitCount=873883
[iommuret] hit #2537: HalpIommuInitSystem returned EAX=0x00000000 (success/other) rsp=0xFFFFF8052BE75438 exitCount=873884
[iommuret] hit #2538: HalpIommuInitSystem returned EAX=0x00000000 (success/other) rsp=0xFFFFF8052BE75438 exitCount=873885
[iommuret] hit #2539: HalpIommuInitSystem returned EAX=0x00000000 (success/other) rsp=0xFFFFF8052BE75438 exitCount=873886
[iommuret] hit #2540: HalpIommuInitSystem returned EAX=0x00000000 (success/other) rsp=0xFFFFF8052BE75438 exitCount=873887
[iommuret] hit #2541: HalpIommuInitSystem returned EAX=0x00000000 (success/other) rsp=0xFFFFF8052BE75438 exitCount=873888
[iommuret] hit #2542: HalpIommuInitSystem returned EAX=0x00000000 (success/other) rsp=0xFFFFF8052BE75438 exitCount=873889
[iommuret] hit #2543: HalpIommuInitSystem returned EAX=0x00000000 (success/other) rsp=0xFFFFF8052BE75438 exitCount=873890
[iommuret] hit #2544: HalpIommuInitSystem returned EAX=0x00000000 (success/other) rsp=0xFFFFF8052BE75438 exitCount=873891
[iommuret] hit #2545: HalpIommuInitSystem returned EAX=0x00000000 (success/other) rsp=0xFFFFF8052BE75438 exitCount=873892
[iommuret] hit #2546: HalpIommuInitSystem returned EAX=0x00000000 (success/other) rsp=0xFFFFF8052BE75438 exitCount=873893
[iommuret] hit #2547: HalpIommuInitSystem returned EAX=0x00000000 (success/other) rsp=0xFFFFF8052BE75438 exitCount=873894
[iommuret] hit #2548: HalpIommuInitSystem returned EAX=0x00000000 (success/other) rsp=0xFFFFF8052BE75438 exitCount=873895
[iommuret] hit #2549: HalpIommuInitSystem returned EAX=0x00000000 (success/other) rsp=0xFFFFF8052BE75438 exitCount=873896
[iommuret] hit #2550: HalpIommuInitSystem returned EAX=0x00000000 (success/other) rsp=0xFFFFF8052BE75438 exitCount=873897
[iommuret] hit #2551: HalpIommuInitSystem returned EAX=0x00000000 (success/other) rsp=0xFFFFF8052BE75438 exitCount=873898
[iommuret] hit #2552: HalpIommuInitSystem returned EAX=0x00000000 (success/other) rsp=0xFFFFF8052BE75438 exitCount=873899
[iommuret] hit #2553: HalpIommuInitSystem returned EAX=0x00000000 (success/other) rsp=0xFFFFF8052BE75438 exitCount=873900
[iommuret] hit #2554: HalpIommuInitSystem returned EAX=0x00000000 (success/other) rsp=0xFFFFF8052BE75438 exitCount=873901
[iommuret] hit #2555: HalpIommuInitSystem returned EAX=0x00000000 (success/other) rsp=0xFFFFF8052BE75438 exitCount=873902
[iommuret] hit #2556: HalpIommuInitSystem returned EAX=0x00000000 (success/other) rsp=0xFFFFF8052BE75438 exitCount=873903
[iommuret] hit #2557: HalpIommuInitSystem returned EAX=0x00000000 (success/other) rsp=0xFFFFF8052BE75438 exitCount=873904
[iommuret] hit #2558: HalpIommuInitSystem returned EAX=0x00000000 (success/other) rsp=0xFFFFF8052BE75438 exitCount=873905
[iommuret] hit #2559: HalpIommuInitSystem returned EAX=0x00000000 (success/other) rsp=0xFFFFF8052BE75438 exitCount=873906
[iommuret] hit #2560: HalpIommuInitSystem returned EAX=0x00000000 (success/other) rsp=0xFFFFF8052BE75438 exitCount=873907
[iommuret] hit #2561: HalpIommuInitSystem returned EAX=0x00000000 (success/other) rsp=0xFFFFF8052BE75438 exitCount=873908
[iommuret] hit #2562: HalpIommuInitSystem returned EAX=0x00000000 (success/other) rsp=0xFFFFF8052BE75438 exitCount=873909
[iommuret] hit #2563: HalpIommuInitSystem returned EAX=0x00000000 (success/other) rsp=0xFFFFF8052BE75438 exitCount=873910
[iommuret] hit #2564: HalpIommuInitSystem returned EAX=0x00000000 (success/other) rsp=0xFFFFF8052BE75438 exitCount=873911
[iommuret] hit #2565: HalpIommuInitSystem returned EAX=0x00000000 (success/other) rsp=0xFFFFF8052BE75438 exitCount=873912
[iommuret] hit #2566: HalpIommuInitSystem returned EAX=0x00000000 (success/other) rsp=0xFFFFF8052BE75438 exitCount=873913
[iommuret] hit #2567: HalpIommuInitSystem returned EAX=0x00000000 (success/other) rsp=0xFFFFF8052BE75438 exitCount=873914
[iommuret] hit #2568: HalpIommuInitSystem returned EAX=0x00000000 (success/other) rsp=0xFFFFF8052BE75438 exitCount=873915
[iommuret] hit #2569: HalpIommuInitSystem returned EAX=0x00000000 (success/other) rsp=0xFFFFF8052BE75438 exitCount=873916
[iommuret] hit #2570: HalpIommuInitSystem returned EAX=0x00000000 (success/other) rsp=0xFFFFF8052BE75438 exitCount=873917
[iommuret] hit #2571: HalpIommuInitSystem returned EAX=0x00000000 (success/other) rsp=0xFFFFF8052BE75438 exitCount=873918
[iommuret] hit #2572: HalpIommuInitSystem returned EAX=0x00000000 (success/other) rsp=0xFFFFF8052BE75438 exitCount=873919
[iommuret] hit #2573: HalpIommuInitSystem returned EAX=0x00000000 (success/other) rsp=0xFFFFF8052BE75438 exitCount=873920
[iommuret] hit #2574: HalpIommuInitSystem returned EAX=0x00000000 (success/other) rsp=0xFFFFF8052BE75438 exitCount=873921
[iommuret] hit #2575: HalpIommuInitSystem returned EAX=0x00000000 (success/other) rsp=0xFFFFF8052BE75438 exitCount=873922
[iommuret] hit #2576: HalpIommuInitSystem returned EAX=0x00000000 (success/other) rsp=0xFFFFF8052BE75438 exitCount=873923
[iommuret] hit #2577: HalpIommuInitSystem returned EAX=0x00000000 (success/other) rsp=0xFFFFF8052BE75438 exitCount=873924
[iommuret] hit #2578: HalpIommuInitSystem returned EAX=0x00000000 (success/other) rsp=0xFFFFF8052BE75438 exitCount=873925
[iommuret] hit #2579: HalpIommuInitSystem returned EAX=0x00000000 (success/other) rsp=0xFFFFF8052BE75438 exitCount=873926
[iommuret] hit #2580: HalpIommuInitSystem returned EAX=0x00000000 (success/other) rsp=0xFFFFF8052BE75438 exitCount=873927
[iommuret] hit #2581: HalpIommuInitSystem returned EAX=0x00000000 (success/other) rsp=0xFFFFF8052BE75438 exitCount=873928
[iommuret] hit #2582: HalpIommuInitSystem returned EAX=0x00000000 (success/other) rsp=0xFFFFF8052BE75438 exitCount=873929
[iommuret] hit #2583: HalpIommuInitSystem returned EAX=0x00000000 (success/other) rsp=0xFFFFF8052BE75438 exitCount=873930
[iommuret] hit #2584: HalpIommuInitSystem returned EAX=0x00000000 (success/other) rsp=0xFFFFF8052BE75438 exitCount=873931
[iommuret] hit #2585: HalpIommuInitSystem returned EAX=0x00000000 (success/other) rsp=0xFFFFF8052BE75438 exitCount=873932
[iommuret] hit #2586: HalpIommuInitSystem returned EAX=0x00000000 (success/other) rsp=0xFFFFF8052BE75438 exitCount=873933
[iommuret] hit #2587: HalpIommuInitSystem returned EAX=0x00000000 (success/other) rsp=0xFFFFF8052BE75438 exitCount=873934
[iommuret] hit #2588: HalpIommuInitSystem returned EAX=0x00000000 (success/other) rsp=0xFFFFF8052BE75438 exitCount=873935
[iommuret] hit #2589: HalpIommuInitSystem returned EAX=0x00000000 (success/other) rsp=0xFFFFF8052BE75438 exitCount=873936
[iommuret] hit #2590: HalpIommuInitSystem returned EAX=0x00000000 (success/other) rsp=0xFFFFF8052BE75438 exitCount=873937
[iommuret] hit #2591: HalpIommuInitSystem returned EAX=0x00000000 (success/other) rsp=0xFFFFF8052BE75438 exitCount=873938
[iommuret] hit #2592: HalpIommuInitSystem returned EAX=0x00000000 (success/other) rsp=0xFFFFF8052BE75438 exitCount=873939
[iommuret] hit #2593: HalpIommuInitSystem returned EAX=0x00000000 (success/other) rsp=0xFFFFF8052BE75438 exitCount=873940
[iommuret] hit #2594: HalpIommuInitSystem returned EAX=0x00000000 (success/other) rsp=0xFFFFF8052BE75438 exitCount=873941
[iommuret] hit #2595: HalpIommuInitSystem returned EAX=0x00000000 (success/other) rsp=0xFFFFF8052BE75438 exitCount=873942
[iommuret] hit #2596: HalpIommuInitSystem returned EAX=0x00000000 (success/other) rsp=0xFFFFF8052BE75438 exitCount=873943
[iommuret] hit #2597: HalpIommuInitSystem returned EAX=0x00000000 (success/other) rsp=0xFFFFF8052BE75438 exitCount=873944
[iommuret] hit #2598: HalpIommuInitSystem returned EAX=0x00000000 (success/other) rsp=0xFFFFF8052BE75438 exitCount=873945
[iommuret] hit #2599: HalpIommuInitSystem returned EAX=0x00000000 (success/other) rsp=0xFFFFF8052BE75438 exitCount=873946
[iommuret] hit #2600: HalpIommuInitSystem returned EAX=0x00000000 (success/other) rsp=0xFFFFF8052BE75438 exitCount=873947
[iommuret] hit #2601: HalpIommuInitSystem returned EAX=0x00000000 (success/other) rsp=0xFFFFF8052BE75438 exitCount=873948
[iommuret] hit #2602: HalpIommuInitSystem returned EAX=0x00000000 (success/other) rsp=0xFFFFF8052BE75438 exitCount=873949
[iommuret] hit #2603: HalpIommuInitSystem returned EAX=0x00000000 (success/other) rsp=0xFFFFF8052BE75438 exitCount=873950
[iommuret] hit #2604: HalpIommuInitSystem returned EAX=0x00000000 (success/other) rsp=0xFFFFF8052BE75438 exitCount=873951
[iommuret] hit #2605: HalpIommuInitSystem returned EAX=0x00000000 (success/other) rsp=0xFFFFF8052BE75438 exitCount=873952
[iommuret] hit #2606: HalpIommuInitSystem returned EAX=0x00000000 (success/other) rsp=0xFFFFF8052BE75438 exitCount=873953
[iommuret] hit #2607: HalpIommuInitSystem returned EAX=0x00000000 (success/other) rsp=0xFFFFF8052BE75438 exitCount=873954
[iommuret] hit #2608: HalpIommuInitSystem returned EAX=0x00000000 (success/other) rsp=0xFFFFF8052BE75438 exitCount=873955
[iommuret] hit #2609: HalpIommuInitSystem returned EAX=0x00000000 (success/other) rsp=0xFFFFF8052BE75438 exitCount=873956
[iommuret] hit #2610: HalpIommuInitSystem returned EAX=0x00000000 (success/other) rsp=0xFFFFF8052BE75438 exitCount=873957
[iommuret] hit #2611: HalpIommuInitSystem returned EAX=0x00000000 (success/other) rsp=0xFFFFF8052BE75438 exitCount=873958
[iommuret] hit #2612: HalpIommuInitSystem returned EAX=0x00000000 (success/other) rsp=0xFFFFF8052BE75438 exitCount=873959
[iommuret] hit #2613: HalpIommuInitSystem returned EAX=0x00000000 (success/other) rsp=0xFFFFF8052BE75438 exitCount=873960
[iommuret] hit #2614: HalpIommuInitSystem returned EAX=0x00000000 (success/other) rsp=0xFFFFF8052BE75438 exitCount=873961
[iommuret] hit #2615: HalpIommuInitSystem returned EAX=0x00000000 (success/other) rsp=0xFFFFF8052BE75438 exitCount=873962
[iommuret] hit #2616: HalpIommuInitSystem returned EAX=0x00000000 (success/other) rsp=0xFFFFF8052BE75438 exitCount=873963
[iommuret] hit #2617: HalpIommuInitSystem returned EAX=0x00000000 (success/other) rsp=0xFFFFF8052BE75438 exitCount=873964
[iommuret] hit #2618: HalpIommuInitSystem returned EAX=0x00000000 (success/other) rsp=0xFFFFF8052BE75438 exitCount=873965
[iommuret] hit #2619: HalpIommuInitSystem returned EAX=0x00000000 (success/other) rsp=0xFFFFF8052BE75438 exitCount=873966
[iommuret] hit #2620: HalpIommuInitSystem returned EAX=0x00000000 (success/other) rsp=0xFFFFF8052BE75438 exitCount=873967
[iommuret] hit #2621: HalpIommuInitSystem returned EAX=0x00000000 (success/other) rsp=0xFFFFF8052BE75438 exitCount=873968
[iommuret] hit #2622: HalpIommuInitSystem returned EAX=0x00000000 (success/other) rsp=0xFFFFF8052BE75438 exitCount=873969
[iommuret] hit #2623: HalpIommuInitSystem returned EAX=0x00000000 (success/other) rsp=0xFFFFF8052BE75438 exitCount=873970
[iommuret] hit #2624: HalpIommuInitSystem returned EAX=0x00000000 (success/other) rsp=0xFFFFF8052BE75438 exitCount=873971
[iommuret] hit #2625: HalpIommuInitSystem returned EAX=0x00000000 (success/other) rsp=0xFFFFF8052BE75438 exitCount=873972
[iommuret] hit #2626: HalpIommuInitSystem returned EAX=0x00000000 (success/other) rsp=0xFFFFF8052BE75438 exitCount=873973
[iommuret] hit #2627: HalpIommuInitSystem returned EAX=0x00000000 (success/other) rsp=0xFFFFF8052BE75438 exitCount=873974
[iommuret] hit #2628: HalpIommuInitSystem returned EAX=0x00000000 (success/other) rsp=0xFFFFF8052BE75438 exitCount=873975
[iommuret] hit #2629: HalpIommuInitSystem returned EAX=0x00000000 (success/other) rsp=0xFFFFF8052BE75438 exitCount=873976
[iommuret] hit #2630: HalpIommuInitSystem returned EAX=0x00000000 (success/other) rsp=0xFFFFF8052BE75438 exitCount=873977
[iommuret] hit #2631: HalpIommuInitSystem returned EAX=0x00000000 (success/other) rsp=0xFFFFF8052BE75438 exitCount=873978
[iommuret] hit #2632: HalpIommuInitSystem returned EAX=0x00000000 (success/other) rsp=0xFFFFF8052BE75438 exitCount=873979
[iommuret] hit #2633: HalpIommuInitSystem returned EAX=0x00000000 (success/other) rsp=0xFFFFF8052BE75438 exitCount=873980
[iommuret] hit #2634: HalpIommuInitSystem returned EAX=0x00000000 (success/other) rsp=0xFFFFF8052BE75438 exitCount=873981
[iommuret] hit #2635: HalpIommuInitSystem returned EAX=0x00000000 (success/other) rsp=0xFFFFF8052BE75438 exitCount=873982
[iommuret] hit #2636: HalpIommuInitSystem returned EAX=0x00000000 (success/other) rsp=0xFFFFF8052BE75438 exitCount=873983
[iommuret] hit #2637: HalpIommuInitSystem returned EAX=0x00000000 (success/other) rsp=0xFFFFF8052BE75438 exitCount=873984
[iommuret] hit #2638: HalpIommuInitSystem returned EAX=0x00000000 (success/other) rsp=0xFFFFF8052BE75438 exitCount=873985
[iommuret] hit #2639: HalpIommuInitSystem returned EAX=0x00000000 (success/other) rsp=0xFFFFF8052BE75438 exitCount=873986
[iommuret] hit #2640: HalpIommuInitSystem returned EAX=0x00000000 (success/other) rsp=0xFFFFF8052BE75438 exitCount=873987
[iommuret] hit #2641: HalpIommuInitSystem returned EAX=0x00000000 (success/other) rsp=0xFFFFF8052BE75438 exitCount=873988
[iommuret] hit #2642: HalpIommuInitSystem returned EAX=0x00000000 (success/other) rsp=0xFFFFF8052BE75438 exitCount=873989
[iommuret] hit #2643: HalpIommuInitSystem returned EAX=0x00000000 (success/other) rsp=0xFFFFF8052BE75438 exitCount=873990
[iommuret] hit #2644: HalpIommuInitSystem returned EAX=0x00000000 (success/other) rsp=0xFFFFF8052BE75438 exitCount=873991
[iommuret] hit #2645: HalpIommuInitSystem returned EAX=0x00000000 (success/other) rsp=0xFFFFF8052BE75438 exitCount=873992
[iommuret] hit #2646: HalpIommuInitSystem returned EAX=0x00000000 (success/other) rsp=0xFFFFF8052BE75438 exitCount=873993
[iommuret] hit #2647: HalpIommuInitSystem returned EAX=0x00000000 (success/other) rsp=0xFFFFF8052BE75438 exitCount=873994
[iommuret] hit #2648: HalpIommuInitSystem returned EAX=0x00000000 (success/other) rsp=0xFFFFF8052BE75438 exitCount=873995
[iommuret] hit #2649: HalpIommuInitSystem returned EAX=0x00000000 (success/other) rsp=0xFFFFF8052BE75438 exitCount=873996
[iommuret] hit #2650: HalpIommuInitSystem returned EAX=0x00000000 (success/other) rsp=0xFFFFF8052BE75438 exitCount=873997
[iommuret] hit #2651: HalpIommuInitSystem returned EAX=0x00000000 (success/other) rsp=0xFFFFF8052BE75438 exitCount=873998
[iommuret] hit #2652: HalpIommuInitSystem returned EAX=0x00000000 (success/other) rsp=0xFFFFF8052BE75438 exitCount=873999
[iommuret] hit #2653: HalpIommuInitSystem returned EAX=0x00000000 (success/other) rsp=0xFFFFF8052BE75438 exitCount=874000
[iommuret] hit #2654: HalpIommuInitSystem returned EAX=0x00000000 (success/other) rsp=0xFFFFF8052BE75438 exitCount=874001
[iommuret] hit #2655: HalpIommuInitSystem returned EAX=0x00000000 (success/other) rsp=0xFFFFF8052BE75438 exitCount=874002
[iommuret] hit #2656: HalpIommuInitSystem returned EAX=0x00000000 (success/other) rsp=0xFFFFF8052BE75438 exitCount=874003
[iommuret] hit #2657: HalpIommuInitSystem returned EAX=0x00000000 (success/other) rsp=0xFFFFF8052BE75438 exitCount=874004
[iommuret] hit #2658: HalpIommuInitSystem returned EAX=0x00000000 (success/other) rsp=0xFFFFF8052BE75438 exitCount=874005
[iommuret] hit #2659: HalpIommuInitSystem returned EAX=0x00000000 (success/other) rsp=0xFFFFF8052BE75438 exitCount=874006
[iommuret] hit #2660: HalpIommuInitSystem returned EAX=0x00000000 (success/other) rsp=0xFFFFF8052BE75438 exitCount=874007
[iommuret] hit #2661: HalpIommuInitSystem returned EAX=0x00000000 (success/other) rsp=0xFFFFF8052BE75438 exitCount=874008
[iommuret] hit #2662: HalpIommuInitSystem returned EAX=0x00000000 (success/other) rsp=0xFFFFF8052BE75438 exitCount=874009
[iommuret] hit #2663: HalpIommuInitSystem returned EAX=0x00000000 (success/other) rsp=0xFFFFF8052BE75438 exitCount=874010
[iommuret] hit #2664: HalpIommuInitSystem returned EAX=0x00000000 (success/other) rsp=0xFFFFF8052BE75438 exitCount=874011
[iommuret] hit #2665: HalpIommuInitSystem returned EAX=0x00000000 (success/other) rsp=0xFFFFF8052BE75438 exitCount=874012
[iommuret] hit #2666: HalpIommuInitSystem returned EAX=0x00000000 (success/other) rsp=0xFFFFF8052BE75438 exitCount=874013
[iommuret] hit #2667: HalpIommuInitSystem returned EAX=0x00000000 (success/other) rsp=0xFFFFF8052BE75438 exitCount=874014
[iommuret] hit #2668: HalpIommuInitSystem returned EAX=0x00000000 (success/other) rsp=0xFFFFF8052BE75438 exitCount=874015
[iommuret] hit #2669: HalpIommuInitSystem returned EAX=0x00000000 (success/other) rsp=0xFFFFF8052BE75438 exitCount=874016
[iommuret] hit #2670: HalpIommuInitSystem returned EAX=0x00000000 (success/other) rsp=0xFFFFF8052BE75438 exitCount=874017
[iommuret] hit #2671: HalpIommuInitSystem returned EAX=0x00000000 (success/other) rsp=0xFFFFF8052BE75438 exitCount=874018
[iommuret] hit #2672: HalpIommuInitSystem returned EAX=0x00000000 (success/other) rsp=0xFFFFF8052BE75438 exitCount=874019
[iommuret] hit #2673: HalpIommuInitSystem returned EAX=0x00000000 (success/other) rsp=0xFFFFF8052BE75438 exitCount=874020
[iommuret] hit #2674: HalpIommuInitSystem returned EAX=0x00000000 (success/other) rsp=0xFFFFF8052BE75438 exitCount=874021
[iommuret] hit #2675: HalpIommuInitSystem returned EAX=0x00000000 (success/other) rsp=0xFFFFF8052BE75438 exitCount=874022
[iommuret] hit #2676: HalpIommuInitSystem returned EAX=0x00000000 (success/other) rsp=0xFFFFF8052BE75438 exitCount=874023
[iommuret] hit #2677: HalpIommuInitSystem returned EAX=0x00000000 (success/other) rsp=0xFFFFF8052BE75438 exitCount=874024
[iommuret] hit #2678: HalpIommuInitSystem returned EAX=0x00000000 (success/other) rsp=0xFFFFF8052BE75438 exitCount=874025
[iommuret] hit #2679: HalpIommuInitSystem returned EAX=0x00000000 (success/other) rsp=0xFFFFF8052BE75438 exitCount=874026
[iommuret] hit #2680: HalpIommuInitSystem returned EAX=0x00000000 (success/other) rsp=0xFFFFF8052BE75438 exitCount=874027
[iommuret] hit #2681: HalpIommuInitSystem returned EAX=0x00000000 (success/other) rsp=0xFFFFF8052BE75438 exitCount=874028
[iommuret] hit #2682: HalpIommuInitSystem returned EAX=0x00000000 (success/other) rsp=0xFFFFF8052BE75438 exitCount=874029
[iommuret] hit #2683: HalpIommuInitSystem returned EAX=0x00000000 (success/other) rsp=0xFFFFF8052BE75438 exitCount=874030
[iommuret] hit #2684: HalpIommuInitSystem returned EAX=0x00000000 (success/other) rsp=0xFFFFF8052BE75438 exitCount=874031
[iommuret] hit #2685: HalpIommuInitSystem returned EAX=0x00000000 (success/other) rsp=0xFFFFF8052BE75438 exitCount=874032
[iommuret] hit #2686: HalpIommuInitSystem returned EAX=0x00000000 (success/other) rsp=0xFFFFF8052BE75438 exitCount=874033
[iommuret] hit #2687: HalpIommuInitSystem returned EAX=0x00000000 (success/other) rsp=0xFFFFF8052BE75438 exitCount=874034
[iommuret] hit #2688: HalpIommuInitSystem returned EAX=0x00000000 (success/other) rsp=0xFFFFF8052BE75438 exitCount=874035
[iommuret] hit #2689: HalpIommuInitSystem returned EAX=0x00000000 (success/other) rsp=0xFFFFF8052BE75438 exitCount=874036
[iommuret] hit #2690: HalpIommuInitSystem returned EAX=0x00000000 (success/other) rsp=0xFFFFF8052BE75438 exitCount=874037
[iommuret] hit #2691: HalpIommuInitSystem returned EAX=0x00000000 (success/other) rsp=0xFFFFF8052BE75438 exitCount=874038
[iommuret] hit #2692: HalpIommuInitSystem returned EAX=0x00000000 (success/other) rsp=0xFFFFF8052BE75438 exitCount=874039
[iommuret] hit #2693: HalpIommuInitSystem returned EAX=0x00000000 (success/other) rsp=0xFFFFF8052BE75438 exitCount=874040
[iommuret] hit #2694: HalpIommuInitSystem returned EAX=0x00000000 (success/other) rsp=0xFFFFF8052BE75438 exitCount=874041
[iommuret] hit #2695: HalpIommuInitSystem returned EAX=0x00000000 (success/other) rsp=0xFFFFF8052BE75438 exitCount=874042
[iommuret] hit #2696: HalpIommuInitSystem returned EAX=0x00000000 (success/other) rsp=0xFFFFF8052BE75438 exitCount=874043
[iommuret] hit #2697: HalpIommuInitSystem returned EAX=0x00000000 (success/other) rsp=0xFFFFF8052BE75438 exitCount=874044
[iommuret] hit #2698: HalpIommuInitSystem returned EAX=0x00000000 (success/other) rsp=0xFFFFF8052BE75438 exitCount=874045
[iommuret] hit #2699: HalpIommuInitSystem returned EAX=0x00000000 (success/other) rsp=0xFFFFF8052BE75438 exitCount=874046
[iommuret] hit #2700: HalpIommuInitSystem returned EAX=0x00000000 (success/other) rsp=0xFFFFF8052BE75438 exitCount=874047
[iommuret] hit #2701: HalpIommuInitSystem returned EAX=0x00000000 (success/other) rsp=0xFFFFF8052BE75438 exitCount=874048
[iommuret] hit #2702: HalpIommuInitSystem returned EAX=0x00000000 (success/other) rsp=0xFFFFF8052BE75438 exitCount=874049
[iommuret] hit #2703: HalpIommuInitSystem returned EAX=0x00000000 (success/other) rsp=0xFFFFF8052BE75438 exitCount=874050
[iommuret] hit #2704: HalpIommuInitSystem returned EAX=0x00000000 (success/other) rsp=0xFFFFF8052BE75438 exitCount=874051
[iommuret] hit #2705: HalpIommuInitSystem returned EAX=0x00000000 (success/other) rsp=0xFFFFF8052BE75438 exitCount=874052
[iommuret] hit #2706: HalpIommuInitSystem returned EAX=0x00000000 (success/other) rsp=0xFFFFF8052BE75438 exitCount=874053
[iommuret] hit #2707: HalpIommuInitSystem returned EAX=0x00000000 (success/other) rsp=0xFFFFF8052BE75438 exitCount=874054
[iommuret] hit #2708: HalpIommuInitSystem returned EAX=0x00000000 (success/other) rsp=0xFFFFF8052BE75438 exitCount=874055
[iommuret] hit #2709: HalpIommuInitSystem returned EAX=0x00000000 (success/other) rsp=0xFFFFF8052BE75438 exitCount=874056
[iommuret] hit #2710: HalpIommuInitSystem returned EAX=0x00000000 (success/other) rsp=0xFFFFF8052BE75438 exitCount=874057
[iommuret] hit #2711: HalpIommuInitSystem returned EAX=0x00000000 (success/other) rsp=0xFFFFF8052BE75438 exitCount=874058
[iommuret] hit #2712: HalpIommuInitSystem returned EAX=0x00000000 (success/other) rsp=0xFFFFF8052BE75438 exitCount=874059
[iommuret] hit #2713: HalpIommuInitSystem returned EAX=0x00000000 (success/other) rsp=0xFFFFF8052BE75438 exitCount=874060
[iommuret] hit #2714: HalpIommuInitSystem returned EAX=0x00000000 (success/other) rsp=0xFFFFF8052BE75438 exitCount=874061
[iommuret] hit #2715: HalpIommuInitSystem returned EAX=0x00000000 (success/other) rsp=0xFFFFF8052BE75438 exitCount=874062
[iommuret] hit #2716: HalpIommuInitSystem returned EAX=0x00000000 (success/other) rsp=0xFFFFF8052BE75438 exitCount=874063
[iommuret] hit #2717: HalpIommuInitSystem returned EAX=0x00000000 (success/other) rsp=0xFFFFF8052BE75438 exitCount=874064
[iommuret] hit #2718: HalpIommuInitSystem returned EAX=0x00000000 (success/other) rsp=0xFFFFF8052BE75438 exitCount=874065
[iommuret] hit #2719: HalpIommuInitSystem returned EAX=0x00000000 (success/other) rsp=0xFFFFF8052BE75438 exitCount=874066
[iommuret] hit #2720: HalpIommuInitSystem returned EAX=0x00000000 (success/other) rsp=0xFFFFF8052BE75438 exitCount=874067
[iommuret] hit #2721: HalpIommuInitSystem returned EAX=0x00000000 (success/other) rsp=0xFFFFF8052BE75438 exitCount=874068
[iommuret] hit #2722: HalpIommuInitSystem returned EAX=0x00000000 (success/other) rsp=0xFFFFF8052BE75438 exitCount=874069
[iommuret] hit #2723: HalpIommuInitSystem returned EAX=0x00000000 (success/other) rsp=0xFFFFF8052BE75438 exitCount=874070
[iommuret] hit #2724: HalpIommuInitSystem returned EAX=0x00000000 (success/other) rsp=0xFFFFF8052BE75438 exitCount=874071
[iommuret] hit #2725: HalpIommuInitSystem returned EAX=0x00000000 (success/other) rsp=0xFFFFF8052BE75438 exitCount=874072
[iommuret] hit #2726: HalpIommuInitSystem returned EAX=0x00000000 (success/other) rsp=0xFFFFF8052BE75438 exitCount=874073
[iommuret] hit #2727: HalpIommuInitSystem returned EAX=0x00000000 (success/other) rsp=0xFFFFF8052BE75438 exitCount=874074
[iommuret] hit #2728: HalpIommuInitSystem returned EAX=0x00000000 (success/other) rsp=0xFFFFF8052BE75438 exitCount=874075
[iommuret] hit #2729: HalpIommuInitSystem returned EAX=0x00000000 (success/other) rsp=0xFFFFF8052BE75438 exitCount=874076
[iommuret] hit #2730: HalpIommuInitSystem returned EAX=0x00000000 (success/other) rsp=0xFFFFF8052BE75438 exitCount=874077
[iommuret] hit #2731: HalpIommuInitSystem returned EAX=0x00000000 (success/other) rsp=0xFFFFF8052BE75438 exitCount=874078
[iommuret] hit #2732: HalpIommuInitSystem returned EAX=0x00000000 (success/other) rsp=0xFFFFF8052BE75438 exitCount=874079
[iommuret] hit #2733: HalpIommuInitSystem returned EAX=0x00000000 (success/other) rsp=0xFFFFF8052BE75438 exitCount=874080
[iommuret] hit #2734: HalpIommuInitSystem returned EAX=0x00000000 (success/other) rsp=0xFFFFF8052BE75438 exitCount=874081
[iommuret] hit #2735: HalpIommuInitSystem returned EAX=0x00000000 (success/other) rsp=0xFFFFF8052BE75438 exitCount=874082
[iommuret] hit #2736: HalpIommuInitSystem returned EAX=0x00000000 (success/other) rsp=0xFFFFF8052BE75438 exitCount=874083
[iommuret] hit #2737: HalpIommuInitSystem returned EAX=0x00000000 (success/other) rsp=0xFFFFF8052BE75438 exitCount=874084
[iommuret] hit #2738: HalpIommuInitSystem returned EAX=0x00000000 (success/other) rsp=0xFFFFF8052BE75438 exitCount=874085
[iommuret] hit #2739: HalpIommuInitSystem returned EAX=0x00000000 (success/other) rsp=0xFFFFF8052BE75438 exitCount=874086
[iommuret] hit #2740: HalpIommuInitSystem returned EAX=0x00000000 (success/other) rsp=0xFFFFF8052BE75438 exitCount=874087
[iommuret] hit #2741: HalpIommuInitSystem returned EAX=0x00000000 (success/other) rsp=0xFFFFF8052BE75438 exitCount=874088
[iommuret] hit #2742: HalpIommuInitSystem returned EAX=0x00000000 (success/other) rsp=0xFFFFF8052BE75438 exitCount=874089
[iommuret] hit #2743: HalpIommuInitSystem returned EAX=0x00000000 (success/other) rsp=0xFFFFF8052BE75438 exitCount=874090
[iommuret] hit #2744: HalpIommuInitSystem returned EAX=0x00000000 (success/other) rsp=0xFFFFF8052BE75438 exitCount=874091
[iommuret] hit #2745: HalpIommuInitSystem returned EAX=0x00000000 (success/other) rsp=0xFFFFF8052BE75438 exitCount=874092
[iommuret] hit #2746: HalpIommuInitSystem returned EAX=0x00000000 (success/other) rsp=0xFFFFF8052BE75438 exitCount=874093
[iommuret] hit #2747: HalpIommuInitSystem returned EAX=0x00000000 (success/other) rsp=0xFFFFF8052BE75438 exitCount=874094
[iommuret] hit #2748: HalpIommuInitSystem returned EAX=0x00000000 (success/other) rsp=0xFFFFF8052BE75438 exitCount=874095
[iommuret] hit #2749: HalpIommuInitSystem returned EAX=0x00000000 (success/other) rsp=0xFFFFF8052BE75438 exitCount=874096
[iommuret] hit #2750: HalpIommuInitSystem returned EAX=0x00000000 (success/other) rsp=0xFFFFF8052BE75438 exitCount=874097
[iommuret] hit #2751: HalpIommuInitSystem returned EAX=0x00000000 (success/other) rsp=0xFFFFF8052BE75438 exitCount=874098
[iommuret] hit #2752: HalpIommuInitSystem returned EAX=0x00000000 (success/other) rsp=0xFFFFF8052BE75438 exitCount=874099
[iommuret] hit #2753: HalpIommuInitSystem returned EAX=0x00000000 (success/other) rsp=0xFFFFF8052BE75438 exitCount=874100
[iommuret] hit #2754: HalpIommuInitSystem returned EAX=0x00000000 (success/other) rsp=0xFFFFF8052BE75438 exitCount=874101
[iommuret] hit #2755: HalpIommuInitSystem returned EAX=0x00000000 (success/other) rsp=0xFFFFF8052BE75438 exitCount=874102
[iommuret] hit #2756: HalpIommuInitSystem returned EAX=0x00000000 (success/other) rsp=0xFFFFF8052BE75438 exitCount=874103
[iommuret] hit #2757: HalpIommuInitSystem returned EAX=0x00000000 (success/other) rsp=0xFFFFF8052BE75438 exitCount=874104
[iommuret] hit #2758: HalpIommuInitSystem returned EAX=0x00000000 (success/other) rsp=0xFFFFF8052BE75438 exitCount=874105
[iommuret] hit #2759: HalpIommuInitSystem returned EAX=0x00000000 (success/other) rsp=0xFFFFF8052BE75438 exitCount=874106
[iommuret] hit #2760: HalpIommuInitSystem returned EAX=0x00000000 (success/other) rsp=0xFFFFF8052BE75438 exitCount=874107
[iommuret] hit #2761: HalpIommuInitSystem returned EAX=0x00000000 (success/other) rsp=0xFFFFF8052BE75438 exitCount=874108
[iommuret] hit #2762: HalpIommuInitSystem returned EAX=0x00000000 (success/other) rsp=0xFFFFF8052BE75438 exitCount=874109
[iommuret] hit #2763: HalpIommuInitSystem returned EAX=0x00000000 (success/other) rsp=0xFFFFF8052BE75438 exitCount=874110
[iommuret] hit #2764: HalpIommuInitSystem returned EAX=0x00000000 (success/other) rsp=0xFFFFF8052BE75438 exitCount=874111
[iommuret] hit #2765: HalpIommuInitSystem returned EAX=0x00000000 (success/other) rsp=0xFFFFF8052BE75438 exitCount=874112
[iommuret] hit #2766: HalpIommuInitSystem returned EAX=0x00000000 (success/other) rsp=0xFFFFF8052BE75438 exitCount=874113
[iommuret] hit #2767: HalpIommuInitSystem returned EAX=0x00000000 (success/other) rsp=0xFFFFF8052BE75438 exitCount=874114
[iommuret] hit #2768: HalpIommuInitSystem returned EAX=0x00000000 (success/other) rsp=0xFFFFF8052BE75438 exitCount=874115
[iommuret] hit #2769: HalpIommuInitSystem returned EAX=0x00000000 (success/other) rsp=0xFFFFF8052BE75438 exitCount=874116
[iommuret] hit #2770: HalpIommuInitSystem returned EAX=0x00000000 (success/other) rsp=0xFFFFF8052BE75438 exitCount=874117
[iommuret] hit #2771: HalpIommuInitSystem returned EAX=0x00000000 (success/other) rsp=0xFFFFF8052BE75438 exitCount=874118
[iommuret] hit #2772: HalpIommuInitSystem returned EAX=0x00000000 (success/other) rsp=0xFFFFF8052BE75438 exitCount=874119
[iommuret] hit #2773: HalpIommuInitSystem returned EAX=0x00000000 (success/other) rsp=0xFFFFF8052BE75438 exitCount=874120
[iommuret] hit #2774: HalpIommuInitSystem returned EAX=0x00000000 (success/other) rsp=0xFFFFF8052BE75438 exitCount=874121
[iommuret] hit #2775: HalpIommuInitSystem returned EAX=0x00000000 (success/other) rsp=0xFFFFF8052BE75438 exitCount=874122
[iommuret] hit #2776: HalpIommuInitSystem returned EAX=0x00000000 (success/other) rsp=0xFFFFF8052BE75438 exitCount=874123
[iommuret] hit #2777: HalpIommuInitSystem returned EAX=0x00000000 (success/other) rsp=0xFFFFF8052BE75438 exitCount=874124
[iommuret] hit #2778: HalpIommuInitSystem returned EAX=0x00000000 (success/other) rsp=0xFFFFF8052BE75438 exitCount=874125
[iommuret] hit #2779: HalpIommuInitSystem returned EAX=0x00000000 (success/other) rsp=0xFFFFF8052BE75438 exitCount=874126
[iommuret] hit #2780: HalpIommuInitSystem returned EAX=0x00000000 (success/other) rsp=0xFFFFF8052BE75438 exitCount=874127
[iommuret] hit #2781: HalpIommuInitSystem returned EAX=0x00000000 (success/other) rsp=0xFFFFF8052BE75438 exitCount=874128
[iommuret] hit #2782: HalpIommuInitSystem returned EAX=0x00000000 (success/other) rsp=0xFFFFF8052BE75438 exitCount=874129
[iommuret] hit #2783: HalpIommuInitSystem returned EAX=0x00000000 (success/other) rsp=0xFFFFF8052BE75438 exitCount=874130
[iommuret] hit #2784: HalpIommuInitSystem returned EAX=0x00000000 (success/other) rsp=0xFFFFF8052BE75438 exitCount=874131
[iommuret] hit #2785: HalpIommuInitSystem returned EAX=0x00000000 (success/other) rsp=0xFFFFF8052BE75438 exitCount=874132
[iommuret] hit #2786: HalpIommuInitSystem returned EAX=0x00000000 (success/other) rsp=0xFFFFF8052BE75438 exitCount=874133
[iommuret] hit #2787: HalpIommuInitSystem returned EAX=0x00000000 (success/other) rsp=0xFFFFF8052BE75438 exitCount=874134
[iommuret] hit #2788: HalpIommuInitSystem returned EAX=0x00000000 (success/other) rsp=0xFFFFF8052BE75438 exitCount=874135
[iommuret] hit #2789: HalpIommuInitSystem returned EAX=0x00000000 (success/other) rsp=0xFFFFF8052BE75438 exitCount=874136
[iommuret] hit #2790: HalpIommuInitSystem returned EAX=0x00000000 (success/other) rsp=0xFFFFF8052BE75438 exitCount=874137
[iommuret] hit #2791: HalpIommuInitSystem returned EAX=0x00000000 (success/other) rsp=0xFFFFF8052BE75438 exitCount=874138
[iommuret] hit #2792: HalpIommuInitSystem returned EAX=0x00000000 (success/other) rsp=0xFFFFF8052BE75438 exitCount=874139
[iommuret] hit #2793: HalpIommuInitSystem returned EAX=0x00000000 (success/other) rsp=0xFFFFF8052BE75438 exitCount=874140
[iommuret] hit #2794: HalpIommuInitSystem returned EAX=0x00000000 (success/other) rsp=0xFFFFF8052BE75438 exitCount=874141
[iommuret] hit #2795: HalpIommuInitSystem returned EAX=0x00000000 (success/other) rsp=0xFFFFF8052BE75438 exitCount=874142
[iommuret] hit #2796: HalpIommuInitSystem returned EAX=0x00000000 (success/other) rsp=0xFFFFF8052BE75438 exitCount=874143
[iommuret] hit #2797: HalpIommuInitSystem returned EAX=0x00000000 (success/other) rsp=0xFFFFF8052BE75438 exitCount=874144
[iommuret] hit #2798: HalpIommuInitSystem returned EAX=0x00000000 (success/other) rsp=0xFFFFF8052BE75438 exitCount=874145
[iommuret] hit #2799: HalpIommuInitSystem returned EAX=0x00000000 (success/other) rsp=0xFFFFF8052BE75438 exitCount=874146
[iommuret] hit #2800: HalpIommuInitSystem returned EAX=0x00000000 (success/other) rsp=0xFFFFF8052BE75438 exitCount=874147
[iommuret] hit #2801: HalpIommuInitSystem returned EAX=0x00000000 (success/other) rsp=0xFFFFF8052BE75438 exitCount=874148
[iommuret] hit #2802: HalpIommuInitSystem returned EAX=0x00000000 (success/other) rsp=0xFFFFF8052BE75438 exitCount=874149
[iommuret] hit #2803: HalpIommuInitSystem returned EAX=0x00000000 (success/other) rsp=0xFFFFF8052BE75438 exitCount=874150
[iommuret] hit #2804: HalpIommuInitSystem returned EAX=0x00000000 (success/other) rsp=0xFFFFF8052BE75438 exitCount=874151
[iommuret] hit #2805: HalpIommuInitSystem returned EAX=0x00000000 (success/other) rsp=0xFFFFF8052BE75438 exitCount=874152
[iommuret] hit #2806: HalpIommuInitSystem returned EAX=0x00000000 (success/other) rsp=0xFFFFF8052BE75438 exitCount=874153
[iommuret] hit #2807: HalpIommuInitSystem returned EAX=0x00000000 (success/other) rsp=0xFFFFF8052BE75438 exitCount=874154
[iommuret] hit #2808: HalpIommuInitSystem returned EAX=0x00000000 (success/other) rsp=0xFFFFF8052BE75438 exitCount=874155
[iommuret] hit #2809: HalpIommuInitSystem returned EAX=0x00000000 (success/other) rsp=0xFFFFF8052BE75438 exitCount=874156
[iommuret] hit #2810: HalpIommuInitSystem returned EAX=0x00000000 (success/other) rsp=0xFFFFF8052BE75438 exitCount=874157
[iommuret] hit #2811: HalpIommuInitSystem returned EAX=0x00000000 (success/other) rsp=0xFFFFF8052BE75438 exitCount=874158
[iommuret] hit #2812: HalpIommuInitSystem returned EAX=0x00000000 (success/other) rsp=0xFFFFF8052BE75438 exitCount=874159
[iommuret] hit #2813: HalpIommuInitSystem returned EAX=0x00000000 (success/other) rsp=0xFFFFF8052BE75438 exitCount=874160
[iommuret] hit #2814: HalpIommuInitSystem returned EAX=0x00000000 (success/other) rsp=0xFFFFF8052BE75438 exitCount=874161
[iommuret] hit #2815: HalpIommuInitSystem returned EAX=0x00000000 (success/other) rsp=0xFFFFF8052BE75438 exitCount=874162
[iommuret] hit #2816: HalpIommuInitSystem returned EAX=0x00000000 (success/other) rsp=0xFFFFF8052BE75438 exitCount=874163
[iommuret] hit #2817: HalpIommuInitSystem returned EAX=0x00000000 (success/other) rsp=0xFFFFF8052BE75438 exitCount=874164
[iommuret] hit #2818: HalpIommuInitSystem returned EAX=0x00000000 (success/other) rsp=0xFFFFF8052BE75438 exitCount=874165
[iommuret] hit #2819: HalpIommuInitSystem returned EAX=0x00000000 (success/other) rsp=0xFFFFF8052BE75438 exitCount=874166
[iommuret] hit #2820: HalpIommuInitSystem returned EAX=0x00000000 (success/other) rsp=0xFFFFF8052BE75438 exitCount=874167
[iommuret] hit #2821: HalpIommuInitSystem returned EAX=0x00000000 (success/other) rsp=0xFFFFF8052BE75438 exitCount=874168
[iommuret] hit #2822: HalpIommuInitSystem returned EAX=0x00000000 (success/other) rsp=0xFFFFF8052BE75438 exitCount=874169
[iommuret] hit #2823: HalpIommuInitSystem returned EAX=0x00000000 (success/other) rsp=0xFFFFF8052BE75438 exitCount=874170
[iommuret] hit #2824: HalpIommuInitSystem returned EAX=0x00000000 (success/other) rsp=0xFFFFF8052BE75438 exitCount=874171
[iommuret] hit #2825: HalpIommuInitSystem returned EAX=0x00000000 (success/other) rsp=0xFFFFF8052BE75438 exitCount=874172
[iommuret] hit #2826: HalpIommuInitSystem returned EAX=0x00000000 (success/other) rsp=0xFFFFF8052BE75438 exitCount=874173
[iommuret] hit #2827: HalpIommuInitSystem returned EAX=0x00000000 (success/other) rsp=0xFFFFF8052BE75438 exitCount=874174
[iommuret] hit #2828: HalpIommuInitSystem returned EAX=0x00000000 (success/other) rsp=0xFFFFF8052BE75438 exitCount=874175
[iommuret] hit #2829: HalpIommuInitSystem returned EAX=0x00000000 (success/other) rsp=0xFFFFF8052BE75438 exitCount=874176
[iommuret] hit #2830: HalpIommuInitSystem returned EAX=0x00000000 (success/other) rsp=0xFFFFF8052BE75438 exitCount=874177
[iommuret] hit #2831: HalpIommuInitSystem returned EAX=0x00000000 (success/other) rsp=0xFFFFF8052BE75438 exitCount=874178
[iommuret] hit #2832: HalpIommuInitSystem returned EAX=0x00000000 (success/other) rsp=0xFFFFF8052BE75438 exitCount=874179
[iommuret] hit #2833: HalpIommuInitSystem returned EAX=0x00000000 (success/other) rsp=0xFFFFF8052BE75438 exitCount=874180
[iommuret] hit #2834: HalpIommuInitSystem returned EAX=0x00000000 (success/other) rsp=0xFFFFF8052BE75438 exitCount=874181
[iommuret] hit #2835: HalpIommuInitSystem returned EAX=0x00000000 (success/other) rsp=0xFFFFF8052BE75438 exitCount=874182
[iommuret] hit #2836: HalpIommuInitSystem returned EAX=0x00000000 (success/other) rsp=0xFFFFF8052BE75438 exitCount=874183
[iommuret] hit #2837: HalpIommuInitSystem returned EAX=0x00000000 (success/other) rsp=0xFFFFF8052BE75438 exitCount=874184
[iommuret] hit #2838: HalpIommuInitSystem returned EAX=0x00000000 (success/other) rsp=0xFFFFF8052BE75438 exitCount=874185
[iommuret] hit #2839: HalpIommuInitSystem returned EAX=0x00000000 (success/other) rsp=0xFFFFF8052BE75438 exitCount=874186
[iommuret] hit #2840: HalpIommuInitSystem returned EAX=0x00000000 (success/other) rsp=0xFFFFF8052BE75438 exitCount=874187
[iommuret] hit #2841: HalpIommuInitSystem returned EAX=0x00000000 (success/other) rsp=0xFFFFF8052BE75438 exitCount=874188
[iommuret] hit #2842: HalpIommuInitSystem returned EAX=0x00000000 (success/other) rsp=0xFFFFF8052BE75438 exitCount=874189
[iommuret] hit #2843: HalpIommuInitSystem returned EAX=0x00000000 (success/other) rsp=0xFFFFF8052BE75438 exitCount=874190
[iommuret] hit #2844: HalpIommuInitSystem returned EAX=0x00000000 (success/other) rsp=0xFFFFF8052BE75438 exitCount=874191
[iommuret] hit #2845: HalpIommuInitSystem returned EAX=0x00000000 (success/other) rsp=0xFFFFF8052BE75438 exitCount=874192
[iommuret] hit #2846: HalpIommuInitSystem returned EAX=0x00000000 (success/other) rsp=0xFFFFF8052BE75438 exitCount=874193
[iommuret] hit #2847: HalpIommuInitSystem returned EAX=0x00000000 (success/other) rsp=0xFFFFF8052BE75438 exitCount=874194
[iommuret] hit #2848: HalpIommuInitSystem returned EAX=0x00000000 (success/other) rsp=0xFFFFF8052BE75438 exitCount=874195
[iommuret] hit #2849: HalpIommuInitSystem returned EAX=0x00000000 (success/other) rsp=0xFFFFF8052BE75438 exitCount=874196
[iommuret] hit #2850: HalpIommuInitSystem returned EAX=0x00000000 (success/other) rsp=0xFFFFF8052BE75438 exitCount=874197
[iommuret] hit #2851: HalpIommuInitSystem returned EAX=0x00000000 (success/other) rsp=0xFFFFF8052BE75438 exitCount=874198
[iommuret] hit #2852: HalpIommuInitSystem returned EAX=0x00000000 (success/other) rsp=0xFFFFF8052BE75438 exitCount=874199
[iommuret] hit #2853: HalpIommuInitSystem returned EAX=0x00000000 (success/other) rsp=0xFFFFF8052BE75438 exitCount=874200
[iommuret] hit #2854: HalpIommuInitSystem returned EAX=0x00000000 (success/other) rsp=0xFFFFF8052BE75438 exitCount=874201
[iommuret] hit #2855: HalpIommuInitSystem returned EAX=0x00000000 (success/other) rsp=0xFFFFF8052BE75438 exitCount=874202
[iommuret] hit #2856: HalpIommuInitSystem returned EAX=0x00000000 (success/other) rsp=0xFFFFF8052BE75438 exitCount=874203
[iommuret] hit #2857: HalpIommuInitSystem returned EAX=0x00000000 (success/other) rsp=0xFFFFF8052BE75438 exitCount=874204
[iommuret] hit #2858: HalpIommuInitSystem returned EAX=0x00000000 (success/other) rsp=0xFFFFF8052BE75438 exitCount=874205
[iommuret] hit #2859: HalpIommuInitSystem returned EAX=0x00000000 (success/other) rsp=0xFFFFF8052BE75438 exitCount=874206
[iommuret] hit #2860: HalpIommuInitSystem returned EAX=0x00000000 (success/other) rsp=0xFFFFF8052BE75438 exitCount=874207
[iommuret] hit #2861: HalpIommuInitSystem returned EAX=0x00000000 (success/other) rsp=0xFFFFF8052BE75438 exitCount=874208
[iommuret] hit #2862: HalpIommuInitSystem returned EAX=0x00000000 (success/other) rsp=0xFFFFF8052BE75438 exitCount=874209
[iommuret] hit #2863: HalpIommuInitSystem returned EAX=0x00000000 (success/other) rsp=0xFFFFF8052BE75438 exitCount=874210
[iommuret] hit #2864: HalpIommuInitSystem returned EAX=0x00000000 (success/other) rsp=0xFFFFF8052BE75438 exitCount=874211
[iommuret] hit #2865: HalpIommuInitSystem returned EAX=0x00000000 (success/other) rsp=0xFFFFF8052BE75438 exitCount=874212
[iommuret] hit #2866: HalpIommuInitSystem returned EAX=0x00000000 (success/other) rsp=0xFFFFF8052BE75438 exitCount=874213
[iommuret] hit #2867: HalpIommuInitSystem returned EAX=0x00000000 (success/other) rsp=0xFFFFF8052BE75438 exitCount=874214
[iommuret] hit #2868: HalpIommuInitSystem returned EAX=0x00000000 (success/other) rsp=0xFFFFF8052BE75438 exitCount=874215
[iommuret] hit #2869: HalpIommuInitSystem returned EAX=0x00000000 (success/other) rsp=0xFFFFF8052BE75438 exitCount=874216
[iommuret] hit #2870: HalpIommuInitSystem returned EAX=0x00000000 (success/other) rsp=0xFFFFF8052BE75438 exitCount=874217
[iommuret] hit #2871: HalpIommuInitSystem returned EAX=0x00000000 (success/other) rsp=0xFFFFF8052BE75438 exitCount=874218
[iommuret] hit #2872: HalpIommuInitSystem returned EAX=0x00000000 (success/other) rsp=0xFFFFF8052BE75438 exitCount=874219
[iommuret] hit #2873: HalpIommuInitSystem returned EAX=0x00000000 (success/other) rsp=0xFFFFF8052BE75438 exitCount=874220
[iommuret] hit #2874: HalpIommuInitSystem returned EAX=0x00000000 (success/other) rsp=0xFFFFF8052BE75438 exitCount=874221
[iommuret] hit #2875: HalpIommuInitSystem returned EAX=0x00000000 (success/other) rsp=0xFFFFF8052BE75438 exitCount=874222
[iommuret] hit #2876: HalpIommuInitSystem returned EAX=0x00000000 (success/other) rsp=0xFFFFF8052BE75438 exitCount=874223
[iommuret] hit #2877: HalpIommuInitSystem returned EAX=0x00000000 (success/other) rsp=0xFFFFF8052BE75438 exitCount=874224
[iommuret] hit #2878: HalpIommuInitSystem returned EAX=0x00000000 (success/other) rsp=0xFFFFF8052BE75438 exitCount=874225
[iommuret] hit #2879: HalpIommuInitSystem returned EAX=0x00000000 (success/other) rsp=0xFFFFF8052BE75438 exitCount=874226
[iommuret] hit #2880: HalpIommuInitSystem returned EAX=0x00000000 (success/other) rsp=0xFFFFF8052BE75438 exitCount=874227
[iommuret] hit #2881: HalpIommuInitSystem returned EAX=0x00000000 (success/other) rsp=0xFFFFF8052BE75438 exitCount=874228
[iommuret] hit #2882: HalpIommuInitSystem returned EAX=0x00000000 (success/other) rsp=0xFFFFF8052BE75438 exitCount=874229
[iommuret] hit #2883: HalpIommuInitSystem returned EAX=0x00000000 (success/other) rsp=0xFFFFF8052BE75438 exitCount=874230
[iommuret] hit #2884: HalpIommuInitSystem returned EAX=0x00000000 (success/other) rsp=0xFFFFF8052BE75438 exitCount=874231
[iommuret] hit #2885: HalpIommuInitSystem returned EAX=0x00000000 (success/other) rsp=0xFFFFF8052BE75438 exitCount=874232
[iommuret] hit #2886: HalpIommuInitSystem returned EAX=0x00000000 (success/other) rsp=0xFFFFF8052BE75438 exitCount=874233
[iommuret] hit #2887: HalpIommuInitSystem returned EAX=0x00000000 (success/other) rsp=0xFFFFF8052BE75438 exitCount=874234
[iommuret] hit #2888: HalpIommuInitSystem returned EAX=0x00000000 (success/other) rsp=0xFFFFF8052BE75438 exitCount=874235
[iommuret] hit #2889: HalpIommuInitSystem returned EAX=0x00000000 (success/other) rsp=0xFFFFF8052BE75438 exitCount=874236
[iommuret] hit #2890: HalpIommuInitSystem returned EAX=0x00000000 (success/other) rsp=0xFFFFF8052BE75438 exitCount=874237
[iommuret] hit #2891: HalpIommuInitSystem returned EAX=0x00000000 (success/other) rsp=0xFFFFF8052BE75438 exitCount=874238
[iommuret] hit #2892: HalpIommuInitSystem returned EAX=0x00000000 (success/other) rsp=0xFFFFF8052BE75438 exitCount=874239
[iommuret] hit #2893: HalpIommuInitSystem returned EAX=0x00000000 (success/other) rsp=0xFFFFF8052BE75438 exitCount=874240
[iommuret] hit #2894: HalpIommuInitSystem returned EAX=0x00000000 (success/other) rsp=0xFFFFF8052BE75438 exitCount=874241
[iommuret] hit #2895: HalpIommuInitSystem returned EAX=0x00000000 (success/other) rsp=0xFFFFF8052BE75438 exitCount=874242
[iommuret] hit #2896: HalpIommuInitSystem returned EAX=0x00000000 (success/other) rsp=0xFFFFF8052BE75438 exitCount=874243
[iommuret] hit #2897: HalpIommuInitSystem returned EAX=0x00000000 (success/other) rsp=0xFFFFF8052BE75438 exitCount=874244
[iommuret] hit #2898: HalpIommuInitSystem returned EAX=0x00000000 (success/other) rsp=0xFFFFF8052BE75438 exitCount=874245
[iommuret] hit #2899: HalpIommuInitSystem returned EAX=0x00000000 (success/other) rsp=0xFFFFF8052BE75438 exitCount=874246
[iommuret] hit #2900: HalpIommuInitSystem returned EAX=0x00000000 (success/other) rsp=0xFFFFF8052BE75438 exitCount=874247
[iommuret] hit #2901: HalpIommuInitSystem returned EAX=0x00000000 (success/other) rsp=0xFFFFF8052BE75438 exitCount=874248
[iommuret] hit #2902: HalpIommuInitSystem returned EAX=0x00000000 (success/other) rsp=0xFFFFF8052BE75438 exitCount=874249
[iommuret] hit #2903: HalpIommuInitSystem returned EAX=0x00000000 (success/other) rsp=0xFFFFF8052BE75438 exitCount=874250
[iommuret] hit #2904: HalpIommuInitSystem returned EAX=0x00000000 (success/other) rsp=0xFFFFF8052BE75438 exitCount=874251
[iommuret] hit #2905: HalpIommuInitSystem returned EAX=0x00000000 (success/other) rsp=0xFFFFF8052BE75438 exitCount=874252
[iommuret] hit #2906: HalpIommuInitSystem returned EAX=0x00000000 (success/other) rsp=0xFFFFF8052BE75438 exitCount=874253
[iommuret] hit #2907: HalpIommuInitSystem returned EAX=0x00000000 (success/other) rsp=0xFFFFF8052BE75438 exitCount=874254
[iommuret] hit #2908: HalpIommuInitSystem returned EAX=0x00000000 (success/other) rsp=0xFFFFF8052BE75438 exitCount=874255
[iommuret] hit #2909: HalpIommuInitSystem returned EAX=0x00000000 (success/other) rsp=0xFFFFF8052BE75438 exitCount=874256
[iommuret] hit #2910: HalpIommuInitSystem returned EAX=0x00000000 (success/other) rsp=0xFFFFF8052BE75438 exitCount=874257
[iommuret] hit #2911: HalpIommuInitSystem returned EAX=0x00000000 (success/other) rsp=0xFFFFF8052BE75438 exitCount=874258
[iommuret] hit #2912: HalpIommuInitSystem returned EAX=0x00000000 (success/other) rsp=0xFFFFF8052BE75438 exitCount=874259
[iommuret] hit #2913: HalpIommuInitSystem returned EAX=0x00000000 (success/other) rsp=0xFFFFF8052BE75438 exitCount=874260
[iommuret] hit #2914: HalpIommuInitSystem returned EAX=0x00000000 (success/other) rsp=0xFFFFF8052BE75438 exitCount=874261
[iommuret] hit #2915: HalpIommuInitSystem returned EAX=0x00000000 (success/other) rsp=0xFFFFF8052BE75438 exitCount=874262
[iommuret] hit #2916: HalpIommuInitSystem returned EAX=0x00000000 (success/other) rsp=0xFFFFF8052BE75438 exitCount=874263
[iommuret] hit #2917: HalpIommuInitSystem returned EAX=0x00000000 (success/other) rsp=0xFFFFF8052BE75438 exitCount=874264
[iommuret] hit #2918: HalpIommuInitSystem returned EAX=0x00000000 (success/other) rsp=0xFFFFF8052BE75438 exitCount=874265
[iommuret] hit #2919: HalpIommuInitSystem returned EAX=0x00000000 (success/other) rsp=0xFFFFF8052BE75438 exitCount=874266
[iommuret] hit #2920: HalpIommuInitSystem returned EAX=0x00000000 (success/other) rsp=0xFFFFF8052BE75438 exitCount=874267
[iommuret] hit #2921: HalpIommuInitSystem returned EAX=0x00000000 (success/other) rsp=0xFFFFF8052BE75438 exitCount=874268
[iommuret] hit #2922: HalpIommuInitSystem returned EAX=0x00000000 (success/other) rsp=0xFFFFF8052BE75438 exitCount=874269
[iommuret] hit #2923: HalpIommuInitSystem returned EAX=0x00000000 (success/other) rsp=0xFFFFF8052BE75438 exitCount=874270
[iommuret] hit #2924: HalpIommuInitSystem returned EAX=0x00000000 (success/other) rsp=0xFFFFF8052BE75438 exitCount=874271
[iommuret] hit #2925: HalpIommuInitSystem returned EAX=0x00000000 (success/other) rsp=0xFFFFF8052BE75438 exitCount=874272
[iommuret] hit #2926: HalpIommuInitSystem returned EAX=0x00000000 (success/other) rsp=0xFFFFF8052BE75438 exitCount=874273
[iommuret] hit #2927: HalpIommuInitSystem returned EAX=0x00000000 (success/other) rsp=0xFFFFF8052BE75438 exitCount=874274
[iommuret] hit #2928: HalpIommuInitSystem returned EAX=0x00000000 (success/other) rsp=0xFFFFF8052BE75438 exitCount=874275
[iommuret] hit #2929: HalpIommuInitSystem returned EAX=0x00000000 (success/other) rsp=0xFFFFF8052BE75438 exitCount=874276
[iommuret] hit #2930: HalpIommuInitSystem returned EAX=0x00000000 (success/other) rsp=0xFFFFF8052BE75438 exitCount=874277
[iommuret] hit #2931: HalpIommuInitSystem returned EAX=0x00000000 (success/other) rsp=0xFFFFF8052BE75438 exitCount=874278
[iommuret] hit #2932: HalpIommuInitSystem returned EAX=0x00000000 (success/other) rsp=0xFFFFF8052BE75438 exitCount=874279
[iommuret] hit #2933: HalpIommuInitSystem returned EAX=0x00000000 (success/other) rsp=0xFFFFF8052BE75438 exitCount=874280
[iommuret] hit #2934: HalpIommuInitSystem returned EAX=0x00000000 (success/other) rsp=0xFFFFF8052BE75438 exitCount=874281
[iommuret] hit #2935: HalpIommuInitSystem returned EAX=0x00000000 (success/other) rsp=0xFFFFF8052BE75438 exitCount=874282
[iommuret] hit #2936: HalpIommuInitSystem returned EAX=0x00000000 (success/other) rsp=0xFFFFF8052BE75438 exitCount=874283
[iommuret] hit #2937: HalpIommuInitSystem returned EAX=0x00000000 (success/other) rsp=0xFFFFF8052BE75438 exitCount=874284
[iommuret] hit #2938: HalpIommuInitSystem returned EAX=0x00000000 (success/other) rsp=0xFFFFF8052BE75438 exitCount=874285
[iommuret] hit #2939: HalpIommuInitSystem returned EAX=0x00000000 (success/other) rsp=0xFFFFF8052BE75438 exitCount=874286
[iommuret] hit #2940: HalpIommuInitSystem returned EAX=0x00000000 (success/other) rsp=0xFFFFF8052BE75438 exitCount=874287
[iommuret] hit #2941: HalpIommuInitSystem returned EAX=0x00000000 (success/other) rsp=0xFFFFF8052BE75438 exitCount=874288
[iommuret] hit #2942: HalpIommuInitSystem returned EAX=0x00000000 (success/other) rsp=0xFFFFF8052BE75438 exitCount=874289
[iommuret] hit #2943: HalpIommuInitSystem returned EAX=0x00000000 (success/other) rsp=0xFFFFF8052BE75438 exitCount=874290
[iommuret] hit #2944: HalpIommuInitSystem returned EAX=0x00000000 (success/other) rsp=0xFFFFF8052BE75438 exitCount=874291
[iommuret] hit #2945: HalpIommuInitSystem returned EAX=0x00000000 (success/other) rsp=0xFFFFF8052BE75438 exitCount=874292
[iommuret] hit #2946: HalpIommuInitSystem returned EAX=0x00000000 (success/other) rsp=0xFFFFF8052BE75438 exitCount=874293
[iommuret] hit #2947: HalpIommuInitSystem returned EAX=0x00000000 (success/other) rsp=0xFFFFF8052BE75438 exitCount=874294
[iommuret] hit #2948: HalpIommuInitSystem returned EAX=0x00000000 (success/other) rsp=0xFFFFF8052BE75438 exitCount=874295
[iommuret] hit #2949: HalpIommuInitSystem returned EAX=0x00000000 (success/other) rsp=0xFFFFF8052BE75438 exitCount=874296
[iommuret] hit #2950: HalpIommuInitSystem returned EAX=0x00000000 (success/other) rsp=0xFFFFF8052BE75438 exitCount=874297
[iommuret] hit #2951: HalpIommuInitSystem returned EAX=0x00000000 (success/other) rsp=0xFFFFF8052BE75438 exitCount=874298
[iommuret] hit #2952: HalpIommuInitSystem returned EAX=0x00000000 (success/other) rsp=0xFFFFF8052BE75438 exitCount=874299
[iommuret] hit #2953: HalpIommuInitSystem returned EAX=0x00000000 (success/other) rsp=0xFFFFF8052BE75438 exitCount=874300
[iommuret] hit #2954: HalpIommuInitSystem returned EAX=0x00000000 (success/other) rsp=0xFFFFF8052BE75438 exitCount=874301
[iommuret] hit #2955: HalpIommuInitSystem returned EAX=0x00000000 (success/other) rsp=0xFFFFF8052BE75438 exitCount=874302
[iommuret] hit #2956: HalpIommuInitSystem returned EAX=0x00000000 (success/other) rsp=0xFFFFF8052BE75438 exitCount=874303
[iommuret] hit #2957: HalpIommuInitSystem returned EAX=0x00000000 (success/other) rsp=0xFFFFF8052BE75438 exitCount=874304
[iommuret] hit #2958: HalpIommuInitSystem returned EAX=0x00000000 (success/other) rsp=0xFFFFF8052BE75438 exitCount=874305
[iommuret] hit #2959: HalpIommuInitSystem returned EAX=0x00000000 (success/other) rsp=0xFFFFF8052BE75438 exitCount=874306
[iommuret] hit #2960: HalpIommuInitSystem returned EAX=0x00000000 (success/other) rsp=0xFFFFF8052BE75438 exitCount=874307
[iommuret] hit #2961: HalpIommuInitSystem returned EAX=0x00000000 (success/other) rsp=0xFFFFF8052BE75438 exitCount=874308
[iommuret] hit #2962: HalpIommuInitSystem returned EAX=0x00000000 (success/other) rsp=0xFFFFF8052BE75438 exitCount=874309
[iommuret] hit #2963: HalpIommuInitSystem returned EAX=0x00000000 (success/other) rsp=0xFFFFF8052BE75438 exitCount=874310
[iommuret] hit #2964: HalpIommuInitSystem returned EAX=0x00000000 (success/other) rsp=0xFFFFF8052BE75438 exitCount=874311
[iommuret] hit #2965: HalpIommuInitSystem returned EAX=0x00000000 (success/other) rsp=0xFFFFF8052BE75438 exitCount=874312
[iommuret] hit #2966: HalpIommuInitSystem returned EAX=0x00000000 (success/other) rsp=0xFFFFF8052BE75438 exitCount=874313
[iommuret] hit #2967: HalpIommuInitSystem returned EAX=0x00000000 (success/other) rsp=0xFFFFF8052BE75438 exitCount=874314
[iommuret] hit #2968: HalpIommuInitSystem returned EAX=0x00000000 (success/other) rsp=0xFFFFF8052BE75438 exitCount=874315
[iommuret] hit #2969: HalpIommuInitSystem returned EAX=0x00000000 (success/other) rsp=0xFFFFF8052BE75438 exitCount=874316
[iommuret] hit #2970: HalpIommuInitSystem returned EAX=0x00000000 (success/other) rsp=0xFFFFF8052BE75438 exitCount=874317
[iommuret] hit #2971: HalpIommuInitSystem returned EAX=0x00000000 (success/other) rsp=0xFFFFF8052BE75438 exitCount=874318
[iommuret] hit #2972: HalpIommuInitSystem returned EAX=0x00000000 (success/other) rsp=0xFFFFF8052BE75438 exitCount=874319
[iommuret] hit #2973: HalpIommuInitSystem returned EAX=0x00000000 (success/other) rsp=0xFFFFF8052BE75438 exitCount=874320
[iommuret] hit #2974: HalpIommuInitSystem returned EAX=0x00000000 (success/other) rsp=0xFFFFF8052BE75438 exitCount=874321
[iommuret] hit #2975: HalpIommuInitSystem returned EAX=0x00000000 (success/other) rsp=0xFFFFF8052BE75438 exitCount=874322
[iommuret] hit #2976: HalpIommuInitSystem returned EAX=0x00000000 (success/other) rsp=0xFFFFF8052BE75438 exitCount=874323
[iommuret] hit #2977: HalpIommuInitSystem returned EAX=0x00000000 (success/other) rsp=0xFFFFF8052BE75438 exitCount=874324
[iommuret] hit #2978: HalpIommuInitSystem returned EAX=0x00000000 (success/other) rsp=0xFFFFF8052BE75438 exitCount=874325
[iommuret] hit #2979: HalpIommuInitSystem returned EAX=0x00000000 (success/other) rsp=0xFFFFF8052BE75438 exitCount=874326
[iommuret] hit #2980: HalpIommuInitSystem returned EAX=0x00000000 (success/other) rsp=0xFFFFF8052BE75438 exitCount=874327
[iommuret] hit #2981: HalpIommuInitSystem returned EAX=0x00000000 (success/other) rsp=0xFFFFF8052BE75438 exitCount=874328
[iommuret] hit #2982: HalpIommuInitSystem returned EAX=0x00000000 (success/other) rsp=0xFFFFF8052BE75438 exitCount=874329
[iommuret] hit #2983: HalpIommuInitSystem returned EAX=0x00000000 (success/other) rsp=0xFFFFF8052BE75438 exitCount=874330
[iommuret] hit #2984: HalpIommuInitSystem returned EAX=0x00000000 (success/other) rsp=0xFFFFF8052BE75438 exitCount=874331
[iommuret] hit #2985: HalpIommuInitSystem returned EAX=0x00000000 (success/other) rsp=0xFFFFF8052BE75438 exitCount=874332
[iommuret] hit #2986: HalpIommuInitSystem returned EAX=0x00000000 (success/other) rsp=0xFFFFF8052BE75438 exitCount=874333
[iommuret] hit #2987: HalpIommuInitSystem returned EAX=0x00000000 (success/other) rsp=0xFFFFF8052BE75438 exitCount=874334
[iommuret] hit #2988: HalpIommuInitSystem returned EAX=0x00000000 (success/other) rsp=0xFFFFF8052BE75438 exitCount=874335
[iommuret] hit #2989: HalpIommuInitSystem returned EAX=0x00000000 (success/other) rsp=0xFFFFF8052BE75438 exitCount=874336
[iommuret] hit #2990: HalpIommuInitSystem returned EAX=0x00000000 (success/other) rsp=0xFFFFF8052BE75438 exitCount=874337
[iommuret] hit #2991: HalpIommuInitSystem returned EAX=0x00000000 (success/other) rsp=0xFFFFF8052BE75438 exitCount=874338
[iommuret] hit #2992: HalpIommuInitSystem returned EAX=0x00000000 (success/other) rsp=0xFFFFF8052BE75438 exitCount=874339
[iommuret] hit #2993: HalpIommuInitSystem returned EAX=0x00000000 (success/other) rsp=0xFFFFF8052BE75438 exitCount=874340
[iommuret] hit #2994: HalpIommuInitSystem returned EAX=0x00000000 (success/other) rsp=0xFFFFF8052BE75438 exitCount=874341
[iommuret] hit #2995: HalpIommuInitSystem returned EAX=0x00000000 (success/other) rsp=0xFFFFF8052BE75438 exitCount=874342
[iommuret] hit #2996: HalpIommuInitSystem returned EAX=0x00000000 (success/other) rsp=0xFFFFF8052BE75438 exitCount=874343
[iommuret] hit #2997: HalpIommuInitSystem returned EAX=0x00000000 (success/other) rsp=0xFFFFF8052BE75438 exitCount=874344
[iommuret] hit #2998: HalpIommuInitSystem returned EAX=0x00000000 (success/other) rsp=0xFFFFF8052BE75438 exitCount=874345
[iommuret] hit #2999: HalpIommuInitSystem returned EAX=0x00000000 (success/other) rsp=0xFFFFF8052BE75438 exitCount=874346
[iommuret] hit #3000: HalpIommuInitSystem returned EAX=0x00000000 (success/other) rsp=0xFFFFF8052BE75438 exitCount=874347
[iommuret] cap reached (3000 hits) -- disabling DR3 for this pass

[BUGCHECK] hit #1: KeBugCheckEx code=0x139 p1=0x3 p2=0xFFFFF8052BE74CB0 p3=0xFFFFF8052BE74C08 exitCount=874348
[BUGCHECK]   p4=0x0  caller(return)=0xFFFFF80526A11AA9[kerneldiag] candidate address 0xFFFFF80526A11AA9 resolves to module base 0xFFFFF80526600000 (+0x411AA9 into it)
[kerneldiag] debug directory: type=2 codeViewRva=0x40970
[kerneldiag] module PDB name: ntkrnlmp.pdb guid=D9424FC4-861E-47C1-0FAD1B35DEC6DCC8 age=1
  (base 0xFFFFF80526600000 RVA 0x411AA9)
[BUGCHECK]   stack (canonical kernel qwords):
[BUGCHECK]     [rsp+0x00]=0xFFFFF80526A11AA9[kerneldiag] candidate address 0xFFFFF80526A11AA9 resolves to module base 0xFFFFF80526600000 (+0x411AA9 into it)
[kerneldiag] debug directory: type=2 codeViewRva=0x40970
[kerneldiag] module PDB name: ntkrnlmp.pdb guid=D9424FC4-861E-47C1-0FAD1B35DEC6DCC8 age=1
  (RVA 0x411AA9)
[BUGCHECK]     [rsp+0x08]=0xFFFFF8052BE74FF8[kerneldiag] candidate address 0xFFFFF8052BE74FF8 resolves to module base 0xFFFFF8052BBF0000 (+0x284FF8 into it)
[kerneldiag] debug directory: type=2 codeViewRva=0x2174
[kerneldiag] module PDB name: volume.pdb guid=AAF65608-ADE9-794A-A208A2E6534FF85E age=1
  (RVA 0x284FF8)
[BUGCHECK]     [rsp+0x18]=0xFFFFF8052BE74A30[kerneldiag] candidate address 0xFFFFF8052BE74A30 resolves to module base 0xFFFFF8052BBF0000 (+0x284A30 into it)
[kerneldiag] debug directory: type=2 codeViewRva=0x2174
[kerneldiag] module PDB name: volume.pdb guid=AAF65608-ADE9-794A-A208A2E6534FF85E age=1
  (RVA 0x284A30)
[BUGCHECK]     [rsp+0x30]=0xFFFFF805269D25F9[kerneldiag] candidate address 0xFFFFF805269D25F9 resolves to module base 0xFFFFF80526600000 (+0x3D25F9 into it)
[kerneldiag] debug directory: type=2 codeViewRva=0x40970
[kerneldiag] module PDB name: ntkrnlmp.pdb guid=D9424FC4-861E-47C1-0FAD1B35DEC6DCC8 age=1
  (RVA 0x3D25F9)
[BUGCHECK]   0x139 EXCEPTION_RECORD.ExceptionAddress=0xFFFFF80526944214[kerneldiag] candidate address 0xFFFFF80526944214 resolves to module base 0xFFFFF80526600000 (+0x344214 into it)
[kerneldiag] debug directory: type=2 codeViewRva=0x40970
[kerneldiag] module PDB name: ntkrnlmp.pdb guid=D9424FC4-861E-47C1-0FAD1B35DEC6DCC8 age=1
  (RVA 0x344214)  <== DETECTOR
[BUGCHECK]   0x139 TRAP_FRAME.Rip=0xFFFFF80526944214[kerneldiag] candidate address 0xFFFFF80526944214 resolves to module base 0xFFFFF80526600000 (+0x344214 into it)
[kerneldiag] debug directory: type=2 codeViewRva=0x40970
[kerneldiag] module PDB name: ntkrnlmp.pdb guid=D9424FC4-861E-47C1-0FAD1B35DEC6DCC8 age=1
  (RVA 0x344214)  Rsp=0xFFFFF8052BE74E48
[BUGCHECK]   0x139 raw trap-frame qwords 0x00-0xF8:
[BUGCHECK]     tf+0x00=0x0000000000000000
[BUGCHECK]     tf+0x08=0x0000000000000000
[BUGCHECK]     tf+0x10=0x0000000000000000
[BUGCHECK]     tf+0x18=0x0000000000000000
[BUGCHECK]     tf+0x20=0x0000000000000000
[BUGCHECK]     tf+0x28=0x00001F8001000000
[BUGCHECK]     tf+0x30=0x0000000000000000
[BUGCHECK]     tf+0x38=0x0000000000000003  <== (==3, likely rcx/fastfail code)
[BUGCHECK]     tf+0x40=0x0000000000000000
[BUGCHECK]     tf+0x48=0x0000000000000000
[BUGCHECK]     tf+0x50=0x0000000000000008
[BUGCHECK]     tf+0x58=0x0000000000000000
[BUGCHECK]     tf+0x60=0x0000000000000000
[BUGCHECK]     tf+0x68=0x0000000000000000
[BUGCHECK]     tf+0x70=0x0000000000000000
[BUGCHECK]     tf+0x78=0x0000000000000000
[BUGCHECK]     tf+0x80=0x0000000000000000
[BUGCHECK]     tf+0x88=0x0000000000000000
[BUGCHECK]     tf+0x90=0x0056004500440042
[BUGCHECK]     tf+0x98=0x003000300030005F
[BUGCHECK]     tf+0xA0=0x0045005200260031
[BUGCHECK]     tf+0xA8=0x00300030005F0056
[BUGCHECK]     tf+0xB0=0x0055002600310030
[BUGCHECK]     tf+0xB8=0x0030005F00440049
[BUGCHECK]     tf+0xC0=0x0000000000000001
[BUGCHECK]     tf+0xC8=0x0000000000000000
[BUGCHECK]     tf+0xD0=0x0000000000000000
[BUGCHECK]     tf+0xD8=0x0000000000000000
[BUGCHECK]     tf+0xE0=0x0000000000000000
[BUGCHECK]     tf+0xE8=0x0000000000000000
[BUGCHECK]     tf+0xF0=0x0000000000000000
[BUGCHECK]     tf+0xF8=0x0000000000000000
[BUGCHECK]   0x139 full trap-frame scan (off: value -> [Flink,Blink] consistency):
[BUGCHECK]     tf+0x120=0xFFFFF80527328050[kerneldiag] candidate address 0xFFFFF80527328050 resolves to module base 0xFFFFF80526600000 (+0xD28050 into it)
[kerneldiag] debug directory: type=2 codeViewRva=0x40970
[kerneldiag] module PDB name: ntkrnlmp.pdb guid=D9424FC4-861E-47C1-0FAD1B35DEC6DCC8 age=1
 (RVA 0xD28050)
[BUGCHECK]     tf+0x128=0xFFFFF8052684545E[kerneldiag] candidate address 0xFFFFF8052684545E resolves to module base 0xFFFFF80526600000 (+0x24545E into it)
[kerneldiag] debug directory: type=2 codeViewRva=0x40970
[kerneldiag] module PDB name: ntkrnlmp.pdb guid=D9424FC4-861E-47C1-0FAD1B35DEC6DCC8 age=1
 (RVA 0x24545E)
[BUGCHECK]     tf+0x130=0xFFFFF80527327A00[kerneldiag] candidate address 0xFFFFF80527327A00 resolves to module base 0xFFFFF80526600000 (+0xD27A00 into it)
[kerneldiag] debug directory: type=2 codeViewRva=0x40970
[kerneldiag] module PDB name: ntkrnlmp.pdb guid=D9424FC4-861E-47C1-0FAD1B35DEC6DCC8 age=1
 (RVA 0xD27A00)
[BUGCHECK]     tf+0x168=0xFFFFF80526944214[kerneldiag] candidate address 0xFFFFF80526944214 resolves to module base 0xFFFFF80526600000 (+0x344214 into it)
[kerneldiag] debug directory: type=2 codeViewRva=0x40970
[kerneldiag] module PDB name: ntkrnlmp.pdb guid=D9424FC4-861E-47C1-0FAD1B35DEC6DCC8 age=1
 (RVA 0x344214)
[BUGCHECK]     tf+0x180=0xFFFFF8052BE74E48[kerneldiag] candidate address 0xFFFFF8052BE74E48 resolves to module base 0xFFFFF8052BBF0000 (+0x284E48 into it)
[kerneldiag] debug directory: type=2 codeViewRva=0x2174
[kerneldiag] module PDB name: volume.pdb guid=AAF65608-ADE9-794A-A208A2E6534FF85E age=1
 (RVA 0x284E48)
[BUGCHECK]   0x139 crashing-thread stack scan (0x400, broadened LIST_ENTRY test):
[kerneldiag] candidate address 0xFFFFF80526943B64 resolves to module base 0xFFFFF80526600000 (+0x343B64 into it)
[kerneldiag] debug directory: type=2 codeViewRva=0x40970
[kerneldiag] module PDB name: ntkrnlmp.pdb guid=D9424FC4-861E-47C1-0FAD1B35DEC6DCC8 age=1
[kerneldiag] no PE header found scanning VA back from 0xFFFFFFFFFFFFFFFF
[kerneldiag] candidate address 0xFFFFF8052689F612 resolves to module base 0xFFFFF80526600000 (+0x29F612 into it)
[kerneldiag] debug directory: type=2 codeViewRva=0x40970
[kerneldiag] module PDB name: ntkrnlmp.pdb guid=D9424FC4-861E-47C1-0FAD1B35DEC6DCC8 age=1
[kerneldiag] candidate address 0xFFFFF8052BE74FB0 resolves to module base 0xFFFFF8052BBF0000 (+0x284FB0 into it)
[kerneldiag] debug directory: type=2 codeViewRva=0x2174
[kerneldiag] module PDB name: volume.pdb guid=AAF65608-ADE9-794A-A208A2E6534FF85E age=1
[kerneldiag] candidate address 0xFFFFF805268382C6 resolves to module base 0xFFFFF80526600000 (+0x2382C6 into it)
[kerneldiag] debug directory: type=2 codeViewRva=0x40970
[kerneldiag] module PDB name: ntkrnlmp.pdb guid=D9424FC4-861E-47C1-0FAD1B35DEC6DCC8 age=1
[kerneldiag] no PE header found scanning VA back from 0xFFFFF1B700000000
[kerneldiag] no PE header found scanning VA back from 0xFFFFFFFFFFFFFFFF
[kerneldiag] candidate address 0xFFFFF805269A75D0 resolves to module base 0xFFFFF80526600000 (+0x3A75D0 into it)
[kerneldiag] debug directory: type=2 codeViewRva=0x40970
[kerneldiag] module PDB name: ntkrnlmp.pdb guid=D9424FC4-861E-47C1-0FAD1B35DEC6DCC8 age=1
[kerneldiag] candidate address 0xFFFFF80526608160 resolves to module base 0xFFFFF80526600000 (+0x8160 into it)
[kerneldiag] debug directory: type=2 codeViewRva=0x40970
[kerneldiag] module PDB name: ntkrnlmp.pdb guid=D9424FC4-861E-47C1-0FAD1B35DEC6DCC8 age=1
[kerneldiag] candidate address 0xFFFFF8052BE75130 resolves to module base 0xFFFFF8052BBF0000 (+0x285130 into it)
[kerneldiag] debug directory: type=2 codeViewRva=0x2174
[kerneldiag] module PDB name: volume.pdb guid=AAF65608-ADE9-794A-A208A2E6534FF85E age=1
[kerneldiag] candidate address 0xFFFFF8052BE74FFF resolves to module base 0xFFFFF8052BBF0000 (+0x284FFF into it)
[kerneldiag] debug directory: type=2 codeViewRva=0x2174
[kerneldiag] module PDB name: volume.pdb guid=AAF65608-ADE9-794A-A208A2E6534FF85E age=1
[kerneldiag] candidate address 0xFFFFF8052BE750F0 resolves to module base 0xFFFFF8052BBF0000 (+0x2850F0 into it)
[kerneldiag] debug directory: type=2 codeViewRva=0x2174
[kerneldiag] module PDB name: volume.pdb guid=AAF65608-ADE9-794A-A208A2E6534FF85E age=1
[kerneldiag] candidate address 0xFFFFF8052BE75030 resolves to module base 0xFFFFF8052BBF0000 (+0x285030 into it)
[kerneldiag] debug directory: type=2 codeViewRva=0x2174
[kerneldiag] module PDB name: volume.pdb guid=AAF65608-ADE9-794A-A208A2E6534FF85E age=1
[kerneldiag] candidate address 0xFFFFF8052BE75197 resolves to module base 0xFFFFF8052BBF0000 (+0x285197 into it)
[kerneldiag] debug directory: type=2 codeViewRva=0x2174
[kerneldiag] module PDB name: volume.pdb guid=AAF65608-ADE9-794A-A208A2E6534FF85E age=1
[kerneldiag] candidate address 0xFFFFF8052BE75130 resolves to module base 0xFFFFF8052BBF0000 (+0x285130 into it)
[kerneldiag] debug directory: type=2 codeViewRva=0x2174
[kerneldiag] module PDB name: volume.pdb guid=AAF65608-ADE9-794A-A208A2E6534FF85E age=1
[kerneldiag] candidate address 0xFFFFF8052BE75070 resolves to module base 0xFFFFF8052BBF0000 (+0x285070 into it)
[kerneldiag] debug directory: type=2 codeViewRva=0x2174
[kerneldiag] module PDB name: volume.pdb guid=AAF65608-ADE9-794A-A208A2E6534FF85E age=1
[kerneldiag] candidate address 0xFFFFF805269D65B3 resolves to module base 0xFFFFF80526600000 (+0x3D65B3 into it)
[kerneldiag] debug directory: type=2 codeViewRva=0x40970
[kerneldiag] module PDB name: ntkrnlmp.pdb guid=D9424FC4-861E-47C1-0FAD1B35DEC6DCC8 age=1
[kerneldiag] candidate address 0xFFFFF8052BE75130 resolves to module base 0xFFFFF8052BBF0000 (+0x285130 into it)
[kerneldiag] debug directory: type=2 codeViewRva=0x2174
[kerneldiag] module PDB name: volume.pdb guid=AAF65608-ADE9-794A-A208A2E6534FF85E age=1
[kerneldiag] candidate address 0xFFFFF805269D6578 resolves to module base 0xFFFFF80526600000 (+0x3D6578 into it)
[kerneldiag] debug directory: type=2 codeViewRva=0x40970
[kerneldiag] module PDB name: ntkrnlmp.pdb guid=D9424FC4-861E-47C1-0FAD1B35DEC6DCC8 age=1
[kerneldiag] candidate address 0xFFFFF8052BE75130 resolves to module base 0xFFFFF8052BBF0000 (+0x285130 into it)
[kerneldiag] debug directory: type=2 codeViewRva=0x2174
[kerneldiag] module PDB name: volume.pdb guid=AAF65608-ADE9-794A-A208A2E6534FF85E age=1
[kerneldiag] candidate address 0xFFFFF8052BE750E1 resolves to module base 0xFFFFF8052BBF0000 (+0x2850E1 into it)
[kerneldiag] debug directory: type=2 codeViewRva=0x2174
[kerneldiag] module PDB name: volume.pdb guid=AAF65608-ADE9-794A-A208A2E6534FF85E age=1
[kerneldiag] candidate address 0xFFFFF80526836CA1 resolves to module base 0xFFFFF80526600000 (+0x236CA1 into it)
[kerneldiag] debug directory: type=2 codeViewRva=0x40970
[kerneldiag] module PDB name: ntkrnlmp.pdb guid=D9424FC4-861E-47C1-0FAD1B35DEC6DCC8 age=1
[kerneldiag] candidate address 0xFFFFF8052BE75050 resolves to module base 0xFFFFF8052BBF0000 (+0x285050 into it)
[kerneldiag] debug directory: type=2 codeViewRva=0x2174
[kerneldiag] module PDB name: volume.pdb guid=AAF65608-ADE9-794A-A208A2E6534FF85E age=1
[kerneldiag] candidate address 0xFFFFF8052BE751E0 resolves to module base 0xFFFFF8052BBF0000 (+0x2851E0 into it)
[kerneldiag] debug directory: type=2 codeViewRva=0x2174
[kerneldiag] module PDB name: volume.pdb guid=AAF65608-ADE9-794A-A208A2E6534FF85E age=1
[kerneldiag] no PE header found scanning VA back from 0xFFFFF1B7CD0B648D
[kerneldiag] candidate address 0xFFFFF8052BE75300 resolves to module base 0xFFFFF8052BBF0000 (+0x285300 into it)
[kerneldiag] debug directory: type=2 codeViewRva=0x2174
[kerneldiag] module PDB name: volume.pdb guid=AAF65608-ADE9-794A-A208A2E6534FF85E age=1
[kerneldiag] candidate address 0xFFFFF805269B3393 resolves to module base 0xFFFFF80526600000 (+0x3B3393 into it)
[kerneldiag] debug directory: type=2 codeViewRva=0x40970
[kerneldiag] module PDB name: ntkrnlmp.pdb guid=D9424FC4-861E-47C1-0FAD1B35DEC6DCC8 age=1
[kerneldiag] candidate address 0xFFFFF8052BE750F0 resolves to module base 0xFFFFF8052BBF0000 (+0x2850F0 into it)
[kerneldiag] debug directory: type=2 codeViewRva=0x2174
[kerneldiag] module PDB name: volume.pdb guid=AAF65608-ADE9-794A-A208A2E6534FF85E age=1
[kerneldiag] candidate address 0xFFFFF8052BE751E0 resolves to module base 0xFFFFF8052BBF0000 (+0x2851E0 into it)
[kerneldiag] debug directory: type=2 codeViewRva=0x2174
[kerneldiag] module PDB name: volume.pdb guid=AAF65608-ADE9-794A-A208A2E6534FF85E age=1
[kerneldiag] candidate address 0xFFFFF805269B32EE resolves to module base 0xFFFFF80526600000 (+0x3B32EE into it)
[kerneldiag] debug directory: type=2 codeViewRva=0x40970
[kerneldiag] module PDB name: ntkrnlmp.pdb guid=D9424FC4-861E-47C1-0FAD1B35DEC6DCC8 age=1
[kerneldiag] candidate address 0xFFFFF805269A1FFA resolves to module base 0xFFFFF80526600000 (+0x3A1FFA into it)
[kerneldiag] debug directory: type=2 codeViewRva=0x40970
[kerneldiag] module PDB name: ntkrnlmp.pdb guid=D9424FC4-861E-47C1-0FAD1B35DEC6DCC8 age=1
[kerneldiag] no PE header found scanning VA back from 0xFFFFF8050000004B
[kerneldiag] candidate address 0xFFFFF8052BE75130 resolves to module base 0xFFFFF8052BBF0000 (+0x285130 into it)
[kerneldiag] debug directory: type=2 codeViewRva=0x2174
[kerneldiag] module PDB name: volume.pdb guid=AAF65608-ADE9-794A-A208A2E6534FF85E age=1
[kerneldiag] candidate address 0xFFFFF805269BBB6E resolves to module base 0xFFFFF80526600000 (+0x3BBB6E into it)
[kerneldiag] debug directory: type=2 codeViewRva=0x40970
[kerneldiag] module PDB name: ntkrnlmp.pdb guid=D9424FC4-861E-47C1-0FAD1B35DEC6DCC8 age=1
[kerneldiag] candidate address 0xFFFFF80526608160 resolves to module base 0xFFFFF80526600000 (+0x8160 into it)
[kerneldiag] debug directory: type=2 codeViewRva=0x40970
[kerneldiag] module PDB name: ntkrnlmp.pdb guid=D9424FC4-861E-47C1-0FAD1B35DEC6DCC8 age=1
[kerneldiag] candidate address 0xFFFFF80526FB7074 resolves to module base 0xFFFFF80526600000 (+0x9B7074 into it)
[kerneldiag] debug directory: type=2 codeViewRva=0x40970
[kerneldiag] module PDB name: ntkrnlmp.pdb guid=D9424FC4-861E-47C1-0FAD1B35DEC6DCC8 age=1
[kerneldiag] candidate address 0xFFFFF8052BE75270 resolves to module base 0xFFFFF8052BBF0000 (+0x285270 into it)
[kerneldiag] debug directory: type=2 codeViewRva=0x2174
[kerneldiag] module PDB name: volume.pdb guid=AAF65608-ADE9-794A-A208A2E6534FF85E age=1
[kerneldiag] no PE header found scanning VA back from 0xFFFFABFB30646142
[kerneldiag] no PE header found scanning VA back from 0xFFFFF80500000000
[kerneldiag] no PE header found scanning VA back from 0xFFFFF805227125F0
[kerneldiag] candidate address 0xFFFFF805269DC921 resolves to module base 0xFFFFF80526600000 (+0x3DC921 into it)
[kerneldiag] debug directory: type=2 codeViewRva=0x40970
[kerneldiag] module PDB name: ntkrnlmp.pdb guid=D9424FC4-861E-47C1-0FAD1B35DEC6DCC8 age=1
[kerneldiag] candidate address 0xFFFFF8052BE75209 resolves to module base 0xFFFFF8052BBF0000 (+0x285209 into it)
[kerneldiag] debug directory: type=2 codeViewRva=0x2174
[kerneldiag] module PDB name: volume.pdb guid=AAF65608-ADE9-794A-A208A2E6534FF85E age=1
[kerneldiag] no PE header found scanning VA back from 0xFFFFF80500000000
[kerneldiag] candidate address 0xFFFFF805269B2A7B resolves to module base 0xFFFFF80526600000 (+0x3B2A7B into it)
[kerneldiag] debug directory: type=2 codeViewRva=0x40970
[kerneldiag] module PDB name: ntkrnlmp.pdb guid=D9424FC4-861E-47C1-0FAD1B35DEC6DCC8 age=1
[kerneldiag] no PE header found scanning VA back from 0xFFFFF79780001568
[kerneldiag] no PE header found scanning VA back from 0xFFFFF1B7CD0B7ADD
[kerneldiag] candidate address 0xFFFFF805269B2A7B resolves to module base 0xFFFFF80526600000 (+0x3B2A7B into it)
[kerneldiag] debug directory: type=2 codeViewRva=0x40970
[kerneldiag] module PDB name: ntkrnlmp.pdb guid=D9424FC4-861E-47C1-0FAD1B35DEC6DCC8 age=1
[kerneldiag] no PE header found scanning VA back from 0xFFFFF79780001568
[kerneldiag] no PE header found scanning VA back from 0xFFFFF805227125F0
[kerneldiag] candidate address 0xFFFFF80526608160 resolves to module base 0xFFFFF80526600000 (+0x8160 into it)
[kerneldiag] debug directory: type=2 codeViewRva=0x40970
[kerneldiag] module PDB name: ntkrnlmp.pdb guid=D9424FC4-861E-47C1-0FAD1B35DEC6DCC8 age=1
[BUGCHECK]   0x139 recovered rbx(bucket listhead)=0x18
[watchdog] STALL #1 (exitCount=874349 unchanged for 2s): rip=0xFFFFF80526ABE7E2 rsp=0xFFFFF8052BE88D80 rax=0xFFFFF80526ABE7D0 rcx=0xF rdx=0xF rbx=0x0 cr3=0x1AD002 cr8(irql)=0xF(HIGH_LEVEL)
[watchdog] STALL #2 (exitCount=874349 unchanged for 4s): rip=0xFFFFF80526ABE7DC rsp=0xFFFFF8052BE88D80 rax=0xFFFFF80526ABE7D0 rcx=0xF rdx=0xF rbx=0x0 cr3=0x1AD002 cr8(irql)=0xF(HIGH_LEVEL)
[kerneldiag] found PE header for owning module at guest VA 0xFFFFF80526600000 (rip=0xFFFFF80526ABE7DC, +0x4BE7DC into it)
[kerneldiag] debug directory: type=2 codeViewRva=0x40970
[kerneldiag] module PDB name: ntkrnlmp.pdb guid=D9424FC4-861E-47C1-0FAD1B35DEC6DCC8 age=1
[kerneldiag] last 512 PCI config accesses before this stall:
  bus=240 dev=0 func=0 off=0x00 write=0 val=0xFFFFFFFF
  bus=240 dev=1 func=0 off=0x00 write=0 val=0xFFFFFFFF
  bus=240 dev=2 func=0 off=0x00 write=0 val=0xFFFFFFFF
  bus=240 dev=3 func=0 off=0x00 write=0 val=0xFFFFFFFF
  bus=240 dev=4 func=0 off=0x00 write=0 val=0xFFFFFFFF
  bus=240 dev=5 func=0 off=0x00 write=0 val=0xFFFFFFFF
  bus=240 dev=6 func=0 off=0x00 write=0 val=0xFFFFFFFF
  bus=240 dev=7 func=0 off=0x00 write=0 val=0xFFFFFFFF
  bus=240 dev=8 func=0 off=0x00 write=0 val=0xFFFFFFFF
  bus=240 dev=9 func=0 off=0x00 write=0 val=0xFFFFFFFF
  bus=240 dev=10 func=0 off=0x00 write=0 val=0xFFFFFFFF
  bus=240 dev=11 func=0 off=0x00 write=0 val=0xFFFFFFFF
  bus=240 dev=12 func=0 off=0x00 write=0 val=0xFFFFFFFF
  bus=240 dev=13 func=0 off=0x00 write=0 val=0xFFFFFFFF
  bus=240 dev=14 func=0 off=0x00 write=0 val=0xFFFFFFFF
  bus=240 dev=15 func=0 off=0x00 write=0 val=0xFFFFFFFF
  bus=240 dev=16 func=0 off=0x00 write=0 val=0xFFFFFFFF
  bus=240 dev=17 func=0 off=0x00 write=0 val=0xFFFFFFFF
  bus=240 dev=18 func=0 off=0x00 write=0 val=0xFFFFFFFF
  bus=240 dev=19 func=0 off=0x00 write=0 val=0xFFFFFFFF
  bus=240 dev=20 func=0 off=0x00 write=0 val=0xFFFFFFFF
  bus=240 dev=21 func=0 off=0x00 write=0 val=0xFFFFFFFF
  bus=240 dev=22 func=0 off=0x00 write=0 val=0xFFFFFFFF
  bus=240 dev=23 func=0 off=0x00 write=0 val=0xFFFFFFFF
  bus=240 dev=24 func=0 off=0x00 write=0 val=0xFFFFFFFF
  bus=240 dev=25 func=0 off=0x00 write=0 val=0xFFFFFFFF
  bus=240 dev=26 func=0 off=0x00 write=0 val=0xFFFFFFFF
  bus=240 dev=27 func=0 off=0x00 write=0 val=0xFFFFFFFF
  bus=240 dev=28 func=0 off=0x00 write=0 val=0xFFFFFFFF
  bus=240 dev=29 func=0 off=0x00 write=0 val=0xFFFFFFFF
  bus=240 dev=30 func=0 off=0x00 write=0 val=0xFFFFFFFF
  bus=240 dev=31 func=0 off=0x00 write=0 val=0xFFFFFFFF
  bus=241 dev=0 func=0 off=0x00 write=0 val=0xFFFFFFFF
  bus=241 dev=1 func=0 off=0x00 write=0 val=0xFFFFFFFF
  bus=241 dev=2 func=0 off=0x00 write=0 val=0xFFFFFFFF
  bus=241 dev=3 func=0 off=0x00 write=0 val=0xFFFFFFFF
  bus=241 dev=4 func=0 off=0x00 write=0 val=0xFFFFFFFF
  bus=241 dev=5 func=0 off=0x00 write=0 val=0xFFFFFFFF
  bus=241 dev=6 func=0 off=0x00 write=0 val=0xFFFFFFFF
  bus=241 dev=7 func=0 off=0x00 write=0 val=0xFFFFFFFF
  bus=241 dev=8 func=0 off=0x00 write=0 val=0xFFFFFFFF
  bus=241 dev=9 func=0 off=0x00 write=0 val=0xFFFFFFFF
  bus=241 dev=10 func=0 off=0x00 write=0 val=0xFFFFFFFF
  bus=241 dev=11 func=0 off=0x00 write=0 val=0xFFFFFFFF
  bus=241 dev=12 func=0 off=0x00 write=0 val=0xFFFFFFFF
  bus=241 dev=13 func=0 off=0x00 write=0 val=0xFFFFFFFF
  bus=241 dev=14 func=0 off=0x00 write=0 val=0xFFFFFFFF
  bus=241 dev=15 func=0 off=0x00 write=0 val=0xFFFFFFFF
  bus=241 dev=16 func=0 off=0x00 write=0 val=0xFFFFFFFF
  bus=241 dev=17 func=0 off=0x00 write=0 val=0xFFFFFFFF
  bus=241 dev=18 func=0 off=0x00 write=0 val=0xFFFFFFFF
  bus=241 dev=19 func=0 off=0x00 write=0 val=0xFFFFFFFF
  bus=241 dev=20 func=0 off=0x00 write=0 val=0xFFFFFFFF
  bus=241 dev=21 func=0 off=0x00 write=0 val=0xFFFFFFFF
  bus=241 dev=22 func=0 off=0x00 write=0 val=0xFFFFFFFF
  bus=241 dev=23 func=0 off=0x00 write=0 val=0xFFFFFFFF
  bus=241 dev=24 func=0 off=0x00 write=0 val=0xFFFFFFFF
  bus=241 dev=25 func=0 off=0x00 write=0 val=0xFFFFFFFF
  bus=241 dev=26 func=0 off=0x00 write=0 val=0xFFFFFFFF
  bus=241 dev=27 func=0 off=0x00 write=0 val=0xFFFFFFFF
  bus=241 dev=28 func=0 off=0x00 write=0 val=0xFFFFFFFF
  bus=241 dev=29 func=0 off=0x00 write=0 val=0xFFFFFFFF
  bus=241 dev=30 func=0 off=0x00 write=0 val=0xFFFFFFFF
  bus=241 dev=31 func=0 off=0x00 write=0 val=0xFFFFFFFF
  bus=242 dev=0 func=0 off=0x00 write=0 val=0xFFFFFFFF
  bus=242 dev=1 func=0 off=0x00 write=0 val=0xFFFFFFFF
  bus=242 dev=2 func=0 off=0x00 write=0 val=0xFFFFFFFF
  bus=242 dev=3 func=0 off=0x00 write=0 val=0xFFFFFFFF
  bus=242 dev=4 func=0 off=0x00 write=0 val=0xFFFFFFFF
  bus=242 dev=5 func=0 off=0x00 write=0 val=0xFFFFFFFF
  bus=242 dev=6 func=0 off=0x00 write=0 val=0xFFFFFFFF
  bus=242 dev=7 func=0 off=0x00 write=0 val=0xFFFFFFFF
  bus=242 dev=8 func=0 off=0x00 write=0 val=0xFFFFFFFF
  bus=242 dev=9 func=0 off=0x00 write=0 val=0xFFFFFFFF
  bus=242 dev=10 func=0 off=0x00 write=0 val=0xFFFFFFFF
  bus=242 dev=11 func=0 off=0x00 write=0 val=0xFFFFFFFF
  bus=242 dev=12 func=0 off=0x00 write=0 val=0xFFFFFFFF
  bus=242 dev=13 func=0 off=0x00 write=0 val=0xFFFFFFFF
  bus=242 dev=14 func=0 off=0x00 write=0 val=0xFFFFFFFF
  bus=242 dev=15 func=0 off=0x00 write=0 val=0xFFFFFFFF
  bus=242 dev=16 func=0 off=0x00 write=0 val=0xFFFFFFFF
  bus=242 dev=17 func=0 off=0x00 write=0 val=0xFFFFFFFF
  bus=242 dev=18 func=0 off=0x00 write=0 val=0xFFFFFFFF
  bus=242 dev=19 func=0 off=0x00 write=0 val=0xFFFFFFFF
  bus=242 dev=20 func=0 off=0x00 write=0 val=0xFFFFFFFF
  bus=242 dev=21 func=0 off=0x00 write=0 val=0xFFFFFFFF
  bus=242 dev=22 func=0 off=0x00 write=0 val=0xFFFFFFFF
  bus=242 dev=23 func=0 off=0x00 write=0 val=0xFFFFFFFF
  bus=242 dev=24 func=0 off=0x00 write=0 val=0xFFFFFFFF
  bus=242 dev=25 func=0 off=0x00 write=0 val=0xFFFFFFFF
  bus=242 dev=26 func=0 off=0x00 write=0 val=0xFFFFFFFF
  bus=242 dev=27 func=0 off=0x00 write=0 val=0xFFFFFFFF
  bus=242 dev=28 func=0 off=0x00 write=0 val=0xFFFFFFFF
  bus=242 dev=29 func=0 off=0x00 write=0 val=0xFFFFFFFF
  bus=242 dev=30 func=0 off=0x00 write=0 val=0xFFFFFFFF
  bus=242 dev=31 func=0 off=0x00 write=0 val=0xFFFFFFFF
  bus=243 dev=0 func=0 off=0x00 write=0 val=0xFFFFFFFF
  bus=243 dev=1 func=0 off=0x00 write=0 val=0xFFFFFFFF
  bus=243 dev=2 func=0 off=0x00 write=0 val=0xFFFFFFFF
  bus=243 dev=3 func=0 off=0x00 write=0 val=0xFFFFFFFF
  bus=243 dev=4 func=0 off=0x00 write=0 val=0xFFFFFFFF
  bus=243 dev=5 func=0 off=0x00 write=0 val=0xFFFFFFFF
  bus=243 dev=6 func=0 off=0x00 write=0 val=0xFFFFFFFF
  bus=243 dev=7 func=0 off=0x00 write=0 val=0xFFFFFFFF
  bus=243 dev=8 func=0 off=0x00 write=0 val=0xFFFFFFFF
  bus=243 dev=9 func=0 off=0x00 write=0 val=0xFFFFFFFF
  bus=243 dev=10 func=0 off=0x00 write=0 val=0xFFFFFFFF
  bus=243 dev=11 func=0 off=0x00 write=0 val=0xFFFFFFFF
  bus=243 dev=12 func=0 off=0x00 write=0 val=0xFFFFFFFF
  bus=243 dev=13 func=0 off=0x00 write=0 val=0xFFFFFFFF
  bus=243 dev=14 func=0 off=0x00 write=0 val=0xFFFFFFFF
  bus=243 dev=15 func=0 off=0x00 write=0 val=0xFFFFFFFF
  bus=243 dev=16 func=0 off=0x00 write=0 val=0xFFFFFFFF
  bus=243 dev=17 func=0 off=0x00 write=0 val=0xFFFFFFFF
  bus=243 dev=18 func=0 off=0x00 write=0 val=0xFFFFFFFF
  bus=243 dev=19 func=0 off=0x00 write=0 val=0xFFFFFFFF
  bus=243 dev=20 func=0 off=0x00 write=0 val=0xFFFFFFFF
  bus=243 dev=21 func=0 off=0x00 write=0 val=0xFFFFFFFF
  bus=243 dev=22 func=0 off=0x00 write=0 val=0xFFFFFFFF
  bus=243 dev=23 func=0 off=0x00 write=0 val=0xFFFFFFFF
  bus=243 dev=24 func=0 off=0x00 write=0 val=0xFFFFFFFF
  bus=243 dev=25 func=0 off=0x00 write=0 val=0xFFFFFFFF
  bus=243 dev=26 func=0 off=0x00 write=0 val=0xFFFFFFFF
  bus=243 dev=27 func=0 off=0x00 write=0 val=0xFFFFFFFF
  bus=243 dev=28 func=0 off=0x00 write=0 val=0xFFFFFFFF
  bus=243 dev=29 func=0 off=0x00 write=0 val=0xFFFFFFFF
  bus=243 dev=30 func=0 off=0x00 write=0 val=0xFFFFFFFF
  bus=243 dev=31 func=0 off=0x00 write=0 val=0xFFFFFFFF
  bus=244 dev=0 func=0 off=0x00 write=0 val=0xFFFFFFFF
  bus=244 dev=1 func=0 off=0x00 write=0 val=0xFFFFFFFF
  bus=244 dev=2 func=0 off=0x00 write=0 val=0xFFFFFFFF
  bus=244 dev=3 func=0 off=0x00 write=0 val=0xFFFFFFFF
  bus=244 dev=4 func=0 off=0x00 write=0 val=0xFFFFFFFF
  bus=244 dev=5 func=0 off=0x00 write=0 val=0xFFFFFFFF
  bus=244 dev=6 func=0 off=0x00 write=0 val=0xFFFFFFFF
  bus=244 dev=7 func=0 off=0x00 write=0 val=0xFFFFFFFF
  bus=244 dev=8 func=0 off=0x00 write=0 val=0xFFFFFFFF
  bus=244 dev=9 func=0 off=0x00 write=0 val=0xFFFFFFFF
  bus=244 dev=10 func=0 off=0x00 write=0 val=0xFFFFFFFF
  bus=244 dev=11 func=0 off=0x00 write=0 val=0xFFFFFFFF
  bus=244 dev=12 func=0 off=0x00 write=0 val=0xFFFFFFFF
  bus=244 dev=13 func=0 off=0x00 write=0 val=0xFFFFFFFF
  bus=244 dev=14 func=0 off=0x00 write=0 val=0xFFFFFFFF
  bus=244 dev=15 func=0 off=0x00 write=0 val=0xFFFFFFFF
  bus=244 dev=16 func=0 off=0x00 write=0 val=0xFFFFFFFF
  bus=244 dev=17 func=0 off=0x00 write=0 val=0xFFFFFFFF
  bus=244 dev=18 func=0 off=0x00 write=0 val=0xFFFFFFFF
  bus=244 dev=19 func=0 off=0x00 write=0 val=0xFFFFFFFF
  bus=244 dev=20 func=0 off=0x00 write=0 val=0xFFFFFFFF
  bus=244 dev=21 func=0 off=0x00 write=0 val=0xFFFFFFFF
  bus=244 dev=22 func=0 off=0x00 write=0 val=0xFFFFFFFF
  bus=244 dev=23 func=0 off=0x00 write=0 val=0xFFFFFFFF
  bus=244 dev=24 func=0 off=0x00 write=0 val=0xFFFFFFFF
  bus=244 dev=25 func=0 off=0x00 write=0 val=0xFFFFFFFF
  bus=244 dev=26 func=0 off=0x00 write=0 val=0xFFFFFFFF
  bus=244 dev=27 func=0 off=0x00 write=0 val=0xFFFFFFFF
  bus=244 dev=28 func=0 off=0x00 write=0 val=0xFFFFFFFF
  bus=244 dev=29 func=0 off=0x00 write=0 val=0xFFFFFFFF
  bus=244 dev=30 func=0 off=0x00 write=0 val=0xFFFFFFFF
  bus=244 dev=31 func=0 off=0x00 write=0 val=0xFFFFFFFF
  bus=245 dev=0 func=0 off=0x00 write=0 val=0xFFFFFFFF
  bus=245 dev=1 func=0 off=0x00 write=0 val=0xFFFFFFFF
  bus=245 dev=2 func=0 off=0x00 write=0 val=0xFFFFFFFF
  bus=245 dev=3 func=0 off=0x00 write=0 val=0xFFFFFFFF
  bus=245 dev=4 func=0 off=0x00 write=0 val=0xFFFFFFFF
  bus=245 dev=5 func=0 off=0x00 write=0 val=0xFFFFFFFF
  bus=245 dev=6 func=0 off=0x00 write=0 val=0xFFFFFFFF
  bus=245 dev=7 func=0 off=0x00 write=0 val=0xFFFFFFFF
  bus=245 dev=8 func=0 off=0x00 write=0 val=0xFFFFFFFF
  bus=245 dev=9 func=0 off=0x00 write=0 val=0xFFFFFFFF
  bus=245 dev=10 func=0 off=0x00 write=0 val=0xFFFFFFFF
  bus=245 dev=11 func=0 off=0x00 write=0 val=0xFFFFFFFF
  bus=245 dev=12 func=0 off=0x00 write=0 val=0xFFFFFFFF
  bus=245 dev=13 func=0 off=0x00 write=0 val=0xFFFFFFFF
  bus=245 dev=14 func=0 off=0x00 write=0 val=0xFFFFFFFF
  bus=245 dev=15 func=0 off=0x00 write=0 val=0xFFFFFFFF
  bus=245 dev=16 func=0 off=0x00 write=0 val=0xFFFFFFFF
  bus=245 dev=17 func=0 off=0x00 write=0 val=0xFFFFFFFF
  bus=245 dev=18 func=0 off=0x00 write=0 val=0xFFFFFFFF
  bus=245 dev=19 func=0 off=0x00 write=0 val=0xFFFFFFFF
  bus=245 dev=20 func=0 off=0x00 write=0 val=0xFFFFFFFF
  bus=245 dev=21 func=0 off=0x00 write=0 val=0xFFFFFFFF
  bus=245 dev=22 func=0 off=0x00 write=0 val=0xFFFFFFFF
  bus=245 dev=23 func=0 off=0x00 write=0 val=0xFFFFFFFF
  bus=245 dev=24 func=0 off=0x00 write=0 val=0xFFFFFFFF
  bus=245 dev=25 func=0 off=0x00 write=0 val=0xFFFFFFFF
  bus=245 dev=26 func=0 off=0x00 write=0 val=0xFFFFFFFF
  bus=245 dev=27 func=0 off=0x00 write=0 val=0xFFFFFFFF
  bus=245 dev=28 func=0 off=0x00 write=0 val=0xFFFFFFFF
  bus=245 dev=29 func=0 off=0x00 write=0 val=0xFFFFFFFF
  bus=245 dev=30 func=0 off=0x00 write=0 val=0xFFFFFFFF
  bus=245 dev=31 func=0 off=0x00 write=0 val=0xFFFFFFFF
  bus=246 dev=0 func=0 off=0x00 write=0 val=0xFFFFFFFF
  bus=246 dev=1 func=0 off=0x00 write=0 val=0xFFFFFFFF
  bus=246 dev=2 func=0 off=0x00 write=0 val=0xFFFFFFFF
  bus=246 dev=3 func=0 off=0x00 write=0 val=0xFFFFFFFF
  bus=246 dev=4 func=0 off=0x00 write=0 val=0xFFFFFFFF
  bus=246 dev=5 func=0 off=0x00 write=0 val=0xFFFFFFFF
  bus=246 dev=6 func=0 off=0x00 write=0 val=0xFFFFFFFF
  bus=246 dev=7 func=0 off=0x00 write=0 val=0xFFFFFFFF
  bus=246 dev=8 func=0 off=0x00 write=0 val=0xFFFFFFFF
  bus=246 dev=9 func=0 off=0x00 write=0 val=0xFFFFFFFF
  bus=246 dev=10 func=0 off=0x00 write=0 val=0xFFFFFFFF
  bus=246 dev=11 func=0 off=0x00 write=0 val=0xFFFFFFFF
  bus=246 dev=12 func=0 off=0x00 write=0 val=0xFFFFFFFF
  bus=246 dev=13 func=0 off=0x00 write=0 val=0xFFFFFFFF
  bus=246 dev=14 func=0 off=0x00 write=0 val=0xFFFFFFFF
  bus=246 dev=15 func=0 off=0x00 write=0 val=0xFFFFFFFF
  bus=246 dev=16 func=0 off=0x00 write=0 val=0xFFFFFFFF
  bus=246 dev=17 func=0 off=0x00 write=0 val=0xFFFFFFFF
  bus=246 dev=18 func=0 off=0x00 write=0 val=0xFFFFFFFF
  bus=246 dev=19 func=0 off=0x00 write=0 val=0xFFFFFFFF
  bus=246 dev=20 func=0 off=0x00 write=0 val=0xFFFFFFFF
  bus=246 dev=21 func=0 off=0x00 write=0 val=0xFFFFFFFF
  bus=246 dev=22 func=0 off=0x00 write=0 val=0xFFFFFFFF
  bus=246 dev=23 func=0 off=0x00 write=0 val=0xFFFFFFFF
  bus=246 dev=24 func=0 off=0x00 write=0 val=0xFFFFFFFF
  bus=246 dev=25 func=0 off=0x00 write=0 val=0xFFFFFFFF
  bus=246 dev=26 func=0 off=0x00 write=0 val=0xFFFFFFFF
  bus=246 dev=27 func=0 off=0x00 write=0 val=0xFFFFFFFF
  bus=246 dev=28 func=0 off=0x00 write=0 val=0xFFFFFFFF
  bus=246 dev=29 func=0 off=0x00 write=0 val=0xFFFFFFFF
  bus=246 dev=30 func=0 off=0x00 write=0 val=0xFFFFFFFF
  bus=246 dev=31 func=0 off=0x00 write=0 val=0xFFFFFFFF
  bus=247 dev=0 func=0 off=0x00 write=0 val=0xFFFFFFFF
  bus=247 dev=1 func=0 off=0x00 write=0 val=0xFFFFFFFF
  bus=247 dev=2 func=0 off=0x00 write=0 val=0xFFFFFFFF
  bus=247 dev=3 func=0 off=0x00 write=0 val=0xFFFFFFFF
  bus=247 dev=4 func=0 off=0x00 write=0 val=0xFFFFFFFF
  bus=247 dev=5 func=0 off=0x00 write=0 val=0xFFFFFFFF
  bus=247 dev=6 func=0 off=0x00 write=0 val=0xFFFFFFFF
  bus=247 dev=7 func=0 off=0x00 write=0 val=0xFFFFFFFF
  bus=247 dev=8 func=0 off=0x00 write=0 val=0xFFFFFFFF
  bus=247 dev=9 func=0 off=0x00 write=0 val=0xFFFFFFFF
  bus=247 dev=10 func=0 off=0x00 write=0 val=0xFFFFFFFF
  bus=247 dev=11 func=0 off=0x00 write=0 val=0xFFFFFFFF
  bus=247 dev=12 func=0 off=0x00 write=0 val=0xFFFFFFFF
  bus=247 dev=13 func=0 off=0x00 write=0 val=0xFFFFFFFF
  bus=247 dev=14 func=0 off=0x00 write=0 val=0xFFFFFFFF
  bus=247 dev=15 func=0 off=0x00 write=0 val=0xFFFFFFFF
  bus=247 dev=16 func=0 off=0x00 write=0 val=0xFFFFFFFF
  bus=247 dev=17 func=0 off=0x00 write=0 val=0xFFFFFFFF
  bus=247 dev=18 func=0 off=0x00 write=0 val=0xFFFFFFFF
  bus=247 dev=19 func=0 off=0x00 write=0 val=0xFFFFFFFF
  bus=247 dev=20 func=0 off=0x00 write=0 val=0xFFFFFFFF
  bus=247 dev=21 func=0 off=0x00 write=0 val=0xFFFFFFFF
  bus=247 dev=22 func=0 off=0x00 write=0 val=0xFFFFFFFF
  bus=247 dev=23 func=0 off=0x00 write=0 val=0xFFFFFFFF
  bus=247 dev=24 func=0 off=0x00 write=0 val=0xFFFFFFFF
  bus=247 dev=25 func=0 off=0x00 write=0 val=0xFFFFFFFF
  bus=247 dev=26 func=0 off=0x00 write=0 val=0xFFFFFFFF
  bus=247 dev=27 func=0 off=0x00 write=0 val=0xFFFFFFFF
  bus=247 dev=28 func=0 off=0x00 write=0 val=0xFFFFFFFF
  bus=247 dev=29 func=0 off=0x00 write=0 val=0xFFFFFFFF
  bus=247 dev=30 func=0 off=0x00 write=0 val=0xFFFFFFFF
  bus=247 dev=31 func=0 off=0x00 write=0 val=0xFFFFFFFF
  bus=248 dev=0 func=0 off=0x00 write=0 val=0xFFFFFFFF
  bus=248 dev=1 func=0 off=0x00 write=0 val=0xFFFFFFFF
  bus=248 dev=2 func=0 off=0x00 write=0 val=0xFFFFFFFF
  bus=248 dev=3 func=0 off=0x00 write=0 val=0xFFFFFFFF
  bus=248 dev=4 func=0 off=0x00 write=0 val=0xFFFFFFFF
  bus=248 dev=5 func=0 off=0x00 write=0 val=0xFFFFFFFF
  bus=248 dev=6 func=0 off=0x00 write=0 val=0xFFFFFFFF
  bus=248 dev=7 func=0 off=0x00 write=0 val=0xFFFFFFFF
  bus=248 dev=8 func=0 off=0x00 write=0 val=0xFFFFFFFF
  bus=248 dev=9 func=0 off=0x00 write=0 val=0xFFFFFFFF
  bus=248 dev=10 func=0 off=0x00 write=0 val=0xFFFFFFFF
  bus=248 dev=11 func=0 off=0x00 write=0 val=0xFFFFFFFF
  bus=248 dev=12 func=0 off=0x00 write=0 val=0xFFFFFFFF
  bus=248 dev=13 func=0 off=0x00 write=0 val=0xFFFFFFFF
  bus=248 dev=14 func=0 off=0x00 write=0 val=0xFFFFFFFF
  bus=248 dev=15 func=0 off=0x00 write=0 val=0xFFFFFFFF
  bus=248 dev=16 func=0 off=0x00 write=0 val=0xFFFFFFFF
  bus=248 dev=17 func=0 off=0x00 write=0 val=0xFFFFFFFF
  bus=248 dev=18 func=0 off=0x00 write=0 val=0xFFFFFFFF
  bus=248 dev=19 func=0 off=0x00 write=0 val=0xFFFFFFFF
  bus=248 dev=20 func=0 off=0x00 write=0 val=0xFFFFFFFF
  bus=248 dev=21 func=0 off=0x00 write=0 val=0xFFFFFFFF
  bus=248 dev=22 func=0 off=0x00 write=0 val=0xFFFFFFFF
  bus=248 dev=23 func=0 off=0x00 write=0 val=0xFFFFFFFF
  bus=248 dev=24 func=0 off=0x00 write=0 val=0xFFFFFFFF
  bus=248 dev=25 func=0 off=0x00 write=0 val=0xFFFFFFFF
  bus=248 dev=26 func=0 off=0x00 write=0 val=0xFFFFFFFF
  bus=248 dev=27 func=0 off=0x00 write=0 val=0xFFFFFFFF
  bus=248 dev=28 func=0 off=0x00 write=0 val=0xFFFFFFFF
  bus=248 dev=29 func=0 off=0x00 write=0 val=0xFFFFFFFF
  bus=248 dev=30 func=0 off=0x00 write=0 val=0xFFFFFFFF
  bus=248 dev=31 func=0 off=0x00 write=0 val=0xFFFFFFFF
  bus=249 dev=0 func=0 off=0x00 write=0 val=0xFFFFFFFF
  bus=249 dev=1 func=0 off=0x00 write=0 val=0xFFFFFFFF
  bus=249 dev=2 func=0 off=0x00 write=0 val=0xFFFFFFFF
  bus=249 dev=3 func=0 off=0x00 write=0 val=0xFFFFFFFF
  bus=249 dev=4 func=0 off=0x00 write=0 val=0xFFFFFFFF
  bus=249 dev=5 func=0 off=0x00 write=0 val=0xFFFFFFFF
  bus=249 dev=6 func=0 off=0x00 write=0 val=0xFFFFFFFF
  bus=249 dev=7 func=0 off=0x00 write=0 val=0xFFFFFFFF
  bus=249 dev=8 func=0 off=0x00 write=0 val=0xFFFFFFFF
  bus=249 dev=9 func=0 off=0x00 write=0 val=0xFFFFFFFF
  bus=249 dev=10 func=0 off=0x00 write=0 val=0xFFFFFFFF
  bus=249 dev=11 func=0 off=0x00 write=0 val=0xFFFFFFFF
  bus=249 dev=12 func=0 off=0x00 write=0 val=0xFFFFFFFF
  bus=249 dev=13 func=0 off=0x00 write=0 val=0xFFFFFFFF
  bus=249 dev=14 func=0 off=0x00 write=0 val=0xFFFFFFFF
  bus=249 dev=15 func=0 off=0x00 write=0 val=0xFFFFFFFF
  bus=249 dev=16 func=0 off=0x00 write=0 val=0xFFFFFFFF
  bus=249 dev=17 func=0 off=0x00 write=0 val=0xFFFFFFFF
  bus=249 dev=18 func=0 off=0x00 write=0 val=0xFFFFFFFF
  bus=249 dev=19 func=0 off=0x00 write=0 val=0xFFFFFFFF
  bus=249 dev=20 func=0 off=0x00 write=0 val=0xFFFFFFFF
  bus=249 dev=21 func=0 off=0x00 write=0 val=0xFFFFFFFF
  bus=249 dev=22 func=0 off=0x00 write=0 val=0xFFFFFFFF
  bus=249 dev=23 func=0 off=0x00 write=0 val=0xFFFFFFFF
  bus=249 dev=24 func=0 off=0x00 write=0 val=0xFFFFFFFF
  bus=249 dev=25 func=0 off=0x00 write=0 val=0xFFFFFFFF
  bus=249 dev=26 func=0 off=0x00 write=0 val=0xFFFFFFFF
  bus=249 dev=27 func=0 off=0x00 write=0 val=0xFFFFFFFF
  bus=249 dev=28 func=0 off=0x00 write=0 val=0xFFFFFFFF
  bus=249 dev=29 func=0 off=0x00 write=0 val=0xFFFFFFFF
  bus=249 dev=30 func=0 off=0x00 write=0 val=0xFFFFFFFF
  bus=249 dev=31 func=0 off=0x00 write=0 val=0xFFFFFFFF
  bus=250 dev=0 func=0 off=0x00 write=0 val=0xFFFFFFFF
  bus=250 dev=1 func=0 off=0x00 write=0 val=0xFFFFFFFF
  bus=250 dev=2 func=0 off=0x00 write=0 val=0xFFFFFFFF
  bus=250 dev=3 func=0 off=0x00 write=0 val=0xFFFFFFFF
  bus=250 dev=4 func=0 off=0x00 write=0 val=0xFFFFFFFF
  bus=250 dev=5 func=0 off=0x00 write=0 val=0xFFFFFFFF
  bus=250 dev=6 func=0 off=0x00 write=0 val=0xFFFFFFFF
  bus=250 dev=7 func=0 off=0x00 write=0 val=0xFFFFFFFF
  bus=250 dev=8 func=0 off=0x00 write=0 val=0xFFFFFFFF
  bus=250 dev=9 func=0 off=0x00 write=0 val=0xFFFFFFFF
  bus=250 dev=10 func=0 off=0x00 write=0 val=0xFFFFFFFF
  bus=250 dev=11 func=0 off=0x00 write=0 val=0xFFFFFFFF
  bus=250 dev=12 func=0 off=0x00 write=0 val=0xFFFFFFFF
  bus=250 dev=13 func=0 off=0x00 write=0 val=0xFFFFFFFF
  bus=250 dev=14 func=0 off=0x00 write=0 val=0xFFFFFFFF
  bus=250 dev=15 func=0 off=0x00 write=0 val=0xFFFFFFFF
  bus=250 dev=16 func=0 off=0x00 write=0 val=0xFFFFFFFF
  bus=250 dev=17 func=0 off=0x00 write=0 val=0xFFFFFFFF
  bus=250 dev=18 func=0 off=0x00 write=0 val=0xFFFFFFFF
  bus=250 dev=19 func=0 off=0x00 write=0 val=0xFFFFFFFF
  bus=250 dev=20 func=0 off=0x00 write=0 val=0xFFFFFFFF
  bus=250 dev=21 func=0 off=0x00 write=0 val=0xFFFFFFFF
  bus=250 dev=22 func=0 off=0x00 write=0 val=0xFFFFFFFF
  bus=250 dev=23 func=0 off=0x00 write=0 val=0xFFFFFFFF
  bus=250 dev=24 func=0 off=0x00 write=0 val=0xFFFFFFFF
  bus=250 dev=25 func=0 off=0x00 write=0 val=0xFFFFFFFF
  bus=250 dev=26 func=0 off=0x00 write=0 val=0xFFFFFFFF
  bus=250 dev=27 func=0 off=0x00 write=0 val=0xFFFFFFFF
  bus=250 dev=28 func=0 off=0x00 write=0 val=0xFFFFFFFF
  bus=250 dev=29 func=0 off=0x00 write=0 val=0xFFFFFFFF
  bus=250 dev=30 func=0 off=0x00 write=0 val=0xFFFFFFFF
  bus=250 dev=31 func=0 off=0x00 write=0 val=0xFFFFFFFF
  bus=251 dev=0 func=0 off=0x00 write=0 val=0xFFFFFFFF
  bus=251 dev=1 func=0 off=0x00 write=0 val=0xFFFFFFFF
  bus=251 dev=2 func=0 off=0x00 write=0 val=0xFFFFFFFF
  bus=251 dev=3 func=0 off=0x00 write=0 val=0xFFFFFFFF
  bus=251 dev=4 func=0 off=0x00 write=0 val=0xFFFFFFFF
  bus=251 dev=5 func=0 off=0x00 write=0 val=0xFFFFFFFF
  bus=251 dev=6 func=0 off=0x00 write=0 val=0xFFFFFFFF
  bus=251 dev=7 func=0 off=0x00 write=0 val=0xFFFFFFFF
  bus=251 dev=8 func=0 off=0x00 write=0 val=0xFFFFFFFF
  bus=251 dev=9 func=0 off=0x00 write=0 val=0xFFFFFFFF
  bus=251 dev=10 func=0 off=0x00 write=0 val=0xFFFFFFFF
  bus=251 dev=11 func=0 off=0x00 write=0 val=0xFFFFFFFF
  bus=251 dev=12 func=0 off=0x00 write=0 val=0xFFFFFFFF
  bus=251 dev=13 func=0 off=0x00 write=0 val=0xFFFFFFFF
  bus=251 dev=14 func=0 off=0x00 write=0 val=0xFFFFFFFF
  bus=251 dev=15 func=0 off=0x00 write=0 val=0xFFFFFFFF
  bus=251 dev=16 func=0 off=0x00 write=0 val=0xFFFFFFFF
  bus=251 dev=17 func=0 off=0x00 write=0 val=0xFFFFFFFF
  bus=251 dev=18 func=0 off=0x00 write=0 val=0xFFFFFFFF
  bus=251 dev=19 func=0 off=0x00 write=0 val=0xFFFFFFFF
  bus=251 dev=20 func=0 off=0x00 write=0 val=0xFFFFFFFF
  bus=251 dev=21 func=0 off=0x00 write=0 val=0xFFFFFFFF
  bus=251 dev=22 func=0 off=0x00 write=0 val=0xFFFFFFFF
  bus=251 dev=23 func=0 off=0x00 write=0 val=0xFFFFFFFF
  bus=251 dev=24 func=0 off=0x00 write=0 val=0xFFFFFFFF
  bus=251 dev=25 func=0 off=0x00 write=0 val=0xFFFFFFFF
  bus=251 dev=26 func=0 off=0x00 write=0 val=0xFFFFFFFF
  bus=251 dev=27 func=0 off=0x00 write=0 val=0xFFFFFFFF
  bus=251 dev=28 func=0 off=0x00 write=0 val=0xFFFFFFFF
  bus=251 dev=29 func=0 off=0x00 write=0 val=0xFFFFFFFF
  bus=251 dev=30 func=0 off=0x00 write=0 val=0xFFFFFFFF
  bus=251 dev=31 func=0 off=0x00 write=0 val=0xFFFFFFFF
  bus=252 dev=0 func=0 off=0x00 write=0 val=0xFFFFFFFF
  bus=252 dev=1 func=0 off=0x00 write=0 val=0xFFFFFFFF
  bus=252 dev=2 func=0 off=0x00 write=0 val=0xFFFFFFFF
  bus=252 dev=3 func=0 off=0x00 write=0 val=0xFFFFFFFF
  bus=252 dev=4 func=0 off=0x00 write=0 val=0xFFFFFFFF
  bus=252 dev=5 func=0 off=0x00 write=0 val=0xFFFFFFFF
  bus=252 dev=6 func=0 off=0x00 write=0 val=0xFFFFFFFF
  bus=252 dev=7 func=0 off=0x00 write=0 val=0xFFFFFFFF
  bus=252 dev=8 func=0 off=0x00 write=0 val=0xFFFFFFFF
  bus=252 dev=9 func=0 off=0x00 write=0 val=0xFFFFFFFF
  bus=252 dev=10 func=0 off=0x00 write=0 val=0xFFFFFFFF
  bus=252 dev=11 func=0 off=0x00 write=0 val=0xFFFFFFFF
  bus=252 dev=12 func=0 off=0x00 write=0 val=0xFFFFFFFF
  bus=252 dev=13 func=0 off=0x00 write=0 val=0xFFFFFFFF
  bus=252 dev=14 func=0 off=0x00 write=0 val=0xFFFFFFFF
  bus=252 dev=15 func=0 off=0x00 write=0 val=0xFFFFFFFF
  bus=252 dev=16 func=0 off=0x00 write=0 val=0xFFFFFFFF
  bus=252 dev=17 func=0 off=0x00 write=0 val=0xFFFFFFFF
  bus=252 dev=18 func=0 off=0x00 write=0 val=0xFFFFFFFF
  bus=252 dev=19 func=0 off=0x00 write=0 val=0xFFFFFFFF
  bus=252 dev=20 func=0 off=0x00 write=0 val=0xFFFFFFFF
  bus=252 dev=21 func=0 off=0x00 write=0 val=0xFFFFFFFF
  bus=252 dev=22 func=0 off=0x00 write=0 val=0xFFFFFFFF
  bus=252 dev=23 func=0 off=0x00 write=0 val=0xFFFFFFFF
  bus=252 dev=24 func=0 off=0x00 write=0 val=0xFFFFFFFF
  bus=252 dev=25 func=0 off=0x00 write=0 val=0xFFFFFFFF
  bus=252 dev=26 func=0 off=0x00 write=0 val=0xFFFFFFFF
  bus=252 dev=27 func=0 off=0x00 write=0 val=0xFFFFFFFF
  bus=252 dev=28 func=0 off=0x00 write=0 val=0xFFFFFFFF
  bus=252 dev=29 func=0 off=0x00 write=0 val=0xFFFFFFFF
  bus=252 dev=30 func=0 off=0x00 write=0 val=0xFFFFFFFF
  bus=252 dev=31 func=0 off=0x00 write=0 val=0xFFFFFFFF
  bus=253 dev=0 func=0 off=0x00 write=0 val=0xFFFFFFFF
  bus=253 dev=1 func=0 off=0x00 write=0 val=0xFFFFFFFF
  bus=253 dev=2 func=0 off=0x00 write=0 val=0xFFFFFFFF
  bus=253 dev=3 func=0 off=0x00 write=0 val=0xFFFFFFFF
  bus=253 dev=4 func=0 off=0x00 write=0 val=0xFFFFFFFF
  bus=253 dev=5 func=0 off=0x00 write=0 val=0xFFFFFFFF
  bus=253 dev=6 func=0 off=0x00 write=0 val=0xFFFFFFFF
  bus=253 dev=7 func=0 off=0x00 write=0 val=0xFFFFFFFF
  bus=253 dev=8 func=0 off=0x00 write=0 val=0xFFFFFFFF
  bus=253 dev=9 func=0 off=0x00 write=0 val=0xFFFFFFFF
  bus=253 dev=10 func=0 off=0x00 write=0 val=0xFFFFFFFF
  bus=253 dev=11 func=0 off=0x00 write=0 val=0xFFFFFFFF
  bus=253 dev=12 func=0 off=0x00 write=0 val=0xFFFFFFFF
  bus=253 dev=13 func=0 off=0x00 write=0 val=0xFFFFFFFF
  bus=253 dev=14 func=0 off=0x00 write=0 val=0xFFFFFFFF
  bus=253 dev=15 func=0 off=0x00 write=0 val=0xFFFFFFFF
  bus=253 dev=16 func=0 off=0x00 write=0 val=0xFFFFFFFF
  bus=253 dev=17 func=0 off=0x00 write=0 val=0xFFFFFFFF
  bus=253 dev=18 func=0 off=0x00 write=0 val=0xFFFFFFFF
  bus=253 dev=19 func=0 off=0x00 write=0 val=0xFFFFFFFF
  bus=253 dev=20 func=0 off=0x00 write=0 val=0xFFFFFFFF
  bus=253 dev=21 func=0 off=0x00 write=0 val=0xFFFFFFFF
  bus=253 dev=22 func=0 off=0x00 write=0 val=0xFFFFFFFF
  bus=253 dev=23 func=0 off=0x00 write=0 val=0xFFFFFFFF
  bus=253 dev=24 func=0 off=0x00 write=0 val=0xFFFFFFFF
  bus=253 dev=25 func=0 off=0x00 write=0 val=0xFFFFFFFF
  bus=253 dev=26 func=0 off=0x00 write=0 val=0xFFFFFFFF
  bus=253 dev=27 func=0 off=0x00 write=0 val=0xFFFFFFFF
  bus=253 dev=28 func=0 off=0x00 write=0 val=0xFFFFFFFF
  bus=253 dev=29 func=0 off=0x00 write=0 val=0xFFFFFFFF
  bus=253 dev=30 func=0 off=0x00 write=0 val=0xFFFFFFFF
  bus=253 dev=31 func=0 off=0x00 write=0 val=0xFFFFFFFF
  bus=254 dev=0 func=0 off=0x00 write=0 val=0xFFFFFFFF
  bus=254 dev=1 func=0 off=0x00 write=0 val=0xFFFFFFFF
  bus=254 dev=2 func=0 off=0x00 write=0 val=0xFFFFFFFF
  bus=254 dev=3 func=0 off=0x00 write=0 val=0xFFFFFFFF
  bus=254 dev=4 func=0 off=0x00 write=0 val=0xFFFFFFFF
  bus=254 dev=5 func=0 off=0x00 write=0 val=0xFFFFFFFF
  bus=254 dev=6 func=0 off=0x00 write=0 val=0xFFFFFFFF
  bus=254 dev=7 func=0 off=0x00 write=0 val=0xFFFFFFFF
  bus=254 dev=8 func=0 off=0x00 write=0 val=0xFFFFFFFF
  bus=254 dev=9 func=0 off=0x00 write=0 val=0xFFFFFFFF
  bus=254 dev=10 func=0 off=0x00 write=0 val=0xFFFFFFFF
  bus=254 dev=11 func=0 off=0x00 write=0 val=0xFFFFFFFF
  bus=254 dev=12 func=0 off=0x00 write=0 val=0xFFFFFFFF
  bus=254 dev=13 func=0 off=0x00 write=0 val=0xFFFFFFFF
  bus=254 dev=14 func=0 off=0x00 write=0 val=0xFFFFFFFF
  bus=254 dev=15 func=0 off=0x00 write=0 val=0xFFFFFFFF
  bus=254 dev=16 func=0 off=0x00 write=0 val=0xFFFFFFFF
  bus=254 dev=17 func=0 off=0x00 write=0 val=0xFFFFFFFF
  bus=254 dev=18 func=0 off=0x00 write=0 val=0xFFFFFFFF
  bus=254 dev=19 func=0 off=0x00 write=0 val=0xFFFFFFFF
  bus=254 dev=20 func=0 off=0x00 write=0 val=0xFFFFFFFF
  bus=254 dev=21 func=0 off=0x00 write=0 val=0xFFFFFFFF
  bus=254 dev=22 func=0 off=0x00 write=0 val=0xFFFFFFFF
  bus=254 dev=23 func=0 off=0x00 write=0 val=0xFFFFFFFF
  bus=254 dev=24 func=0 off=0x00 write=0 val=0xFFFFFFFF
  bus=254 dev=25 func=0 off=0x00 write=0 val=0xFFFFFFFF
  bus=254 dev=26 func=0 off=0x00 write=0 val=0xFFFFFFFF
  bus=254 dev=27 func=0 off=0x00 write=0 val=0xFFFFFFFF
  bus=254 dev=28 func=0 off=0x00 write=0 val=0xFFFFFFFF
  bus=254 dev=29 func=0 off=0x00 write=0 val=0xFFFFFFFF
  bus=254 dev=30 func=0 off=0x00 write=0 val=0xFFFFFFFF
  bus=254 dev=31 func=0 off=0x00 write=0 val=0xFFFFFFFF
  bus=255 dev=0 func=0 off=0x00 write=0 val=0xFFFFFFFF
  bus=255 dev=1 func=0 off=0x00 write=0 val=0xFFFFFFFF
  bus=255 dev=2 func=0 off=0x00 write=0 val=0xFFFFFFFF
  bus=255 dev=3 func=0 off=0x00 write=0 val=0xFFFFFFFF
  bus=255 dev=4 func=0 off=0x00 write=0 val=0xFFFFFFFF
  bus=255 dev=5 func=0 off=0x00 write=0 val=0xFFFFFFFF
  bus=255 dev=6 func=0 off=0x00 write=0 val=0xFFFFFFFF
  bus=255 dev=7 func=0 off=0x00 write=0 val=0xFFFFFFFF
  bus=255 dev=8 func=0 off=0x00 write=0 val=0xFFFFFFFF
  bus=255 dev=9 func=0 off=0x00 write=0 val=0xFFFFFFFF
  bus=255 dev=10 func=0 off=0x00 write=0 val=0xFFFFFFFF
  bus=255 dev=11 func=0 off=0x00 write=0 val=0xFFFFFFFF
  bus=255 dev=12 func=0 off=0x00 write=0 val=0xFFFFFFFF
  bus=255 dev=13 func=0 off=0x00 write=0 val=0xFFFFFFFF
  bus=255 dev=14 func=0 off=0x00 write=0 val=0xFFFFFFFF
  bus=255 dev=15 func=0 off=0x00 write=0 val=0xFFFFFFFF
  bus=255 dev=16 func=0 off=0x00 write=0 val=0xFFFFFFFF
  bus=255 dev=17 func=0 off=0x00 write=0 val=0xFFFFFFFF
  bus=255 dev=18 func=0 off=0x00 write=0 val=0xFFFFFFFF
  bus=255 dev=19 func=0 off=0x00 write=0 val=0xFFFFFFFF
  bus=255 dev=20 func=0 off=0x00 write=0 val=0xFFFFFFFF
  bus=255 dev=21 func=0 off=0x00 write=0 val=0xFFFFFFFF
  bus=255 dev=22 func=0 off=0x00 write=0 val=0xFFFFFFFF
  bus=255 dev=23 func=0 off=0x00 write=0 val=0xFFFFFFFF
  bus=255 dev=24 func=0 off=0x00 write=0 val=0xFFFFFFFF
  bus=255 dev=25 func=0 off=0x00 write=0 val=0xFFFFFFFF
  bus=255 dev=26 func=0 off=0x00 write=0 val=0xFFFFFFFF
  bus=255 dev=27 func=0 off=0x00 write=0 val=0xFFFFFFFF
  bus=255 dev=28 func=0 off=0x00 write=0 val=0xFFFFFFFF
  bus=255 dev=29 func=0 off=0x00 write=0 val=0xFFFFFFFF
  bus=255 dev=30 func=0 off=0x00 write=0 val=0xFFFFFFFF
  bus=255 dev=31 func=0 off=0x00 write=0 val=0xFFFFFFFF
[kerneldiag] dumped 768 bytes around live RIP (starting 0xFFFFF80526ABE79C, RIP itself at offset 0x40) to C:\Users\DELL\AppData\Local\Temp\claude\c--Users-DELL-OneDrive-Desktop-LocalHost-py\5bed7398-339c-497a-9383-821cf9d2769e\scratchpad\NewStallRip.bin
[kerneldiag] spin-wait target VA=0xFFFFF80526ABF83C initial value=0x83484024748B4838 -- will re-poll on later stall ticks
[kerneldiag] module PE: 33 sections, watched target RVA=0x4BF83C
[kerneldiag] section[0] name=.rdata VA=0x1000 VSize=0xC7420 RawPtr=0x800 RawSize=0xC7600 chars=0x48000040
[kerneldiag] section[1] name=.pdata VA=0xC9000 VSize=0x67914 RawPtr=0xC7E00 RawSize=0x67A00 chars=0x48000040
[kerneldiag] section[2] name=.idata VA=0x131000 VSize=0x20C2 RawPtr=0x12F800 RawSize=0x2200 chars=0x48000040
[kerneldiag] section[3] name=.edata VA=0x134000 VSize=0x18D7E RawPtr=0x131A00 RawSize=0x18E00 chars=0x40000040
[kerneldiag] section[4] name=PROTDATA VA=0x14D000 VSize=0x1 RawPtr=0x14A800 RawSize=0x200 chars=0x48000040
[kerneldiag] section[5] name=GFIDS VA=0x14E000 VSize=0x8C38 RawPtr=0x14AA00 RawSize=0x8E00 chars=0x42000040
[kerneldiag] section[6] name=Pad1 VA=0x157000 VSize=0xA9000 RawPtr=0x0 RawSize=0x0 chars=0x42000080
[kerneldiag] section[7] name=.text VA=0x200000 VSize=0x3CC289 RawPtr=0x153800 RawSize=0x3CC400 chars=0x68000020  <-- CONTAINS WATCHED TARGET
[kerneldiag] section[8] name=PAGE VA=0x5CD000 VSize=0x3C46A6 RawPtr=0x51FC00 RawSize=0x3C4800 chars=0x60000020
[kerneldiag] section[9] name=PAGELK VA=0x992000 VSize=0x24EC4 RawPtr=0x8E4400 RawSize=0x25000 chars=0x60000020
[kerneldiag] section[10] name=POOLCODE VA=0x9B7000 VSize=0x48B RawPtr=0x909400 RawSize=0x600 chars=0x68000020
[kerneldiag] section[11] name=PAGEKD VA=0x9B8000 VSize=0x5B92 RawPtr=0x909A00 RawSize=0x5C00 chars=0x60000020
[kerneldiag] section[12] name=PAGEVRFY VA=0x9BE000 VSize=0x3210C RawPtr=0x90F600 RawSize=0x32200 chars=0x60000020
[kerneldiag] section[13] name=PAGEHDLS VA=0x9F1000 VSize=0x25D6 RawPtr=0x941800 RawSize=0x2600 chars=0x60000020
[kerneldiag] section[14] name=PAGEBGFX VA=0x9F4000 VSize=0x69DA RawPtr=0x943E00 RawSize=0x6A00 chars=0x60000020
[kerneldiag] section[15] name=INITKDBG VA=0x9FB000 VSize=0x195BA RawPtr=0x94A800 RawSize=0x19600 chars=0x68000020
[kerneldiag] section[16] name=TRACESUP VA=0xA15000 VSize=0x175B RawPtr=0x963E00 RawSize=0x1800 chars=0x68000020
[kerneldiag] section[17] name=KVASCODE VA=0xA17000 VSize=0x23D8 RawPtr=0x965600 RawSize=0x2400 chars=0x68000020
[kerneldiag] section[18] name=RETPOL VA=0xA1A000 VSize=0x880 RawPtr=0x967A00 RawSize=0xA00 chars=0x68000020
[kerneldiag] section[19] name=MINIEX VA=0xA1B000 VSize=0x25AE RawPtr=0x968400 RawSize=0x2600 chars=0x62000020
[kerneldiag] dumped 0x4000 bytes of unidentified module (base=0xFFFFF80526600000) to C:\Users\DELL\AppData\Local\Temp\claude\c--Users-DELL-OneDrive-Desktop-LocalHost-py\5bed7398-339c-497a-9383-821cf9d2769e\scratchpad\NewStallModule.bin
[kerneldiag] IRQL 0xF (HIGH_LEVEL) does not permit DPCs -- deferring memory inspection, this alone may explain the stall
[kerneldiag] candidate return address (caller) at [rsp+0x18] = 0xFFFFF805268AE633
[kerneldiag] candidate address 0xFFFFF805268AE633 resolves to module base 0xFFFFF80526600000 (+0x2AE633 into it)
[kerneldiag] debug directory: type=2 codeViewRva=0x40970
[kerneldiag] module PDB name: ntkrnlmp.pdb guid=D9424FC4-861E-47C1-0FAD1B35DEC6DCC8 age=1
[kerneldiag] dumped 0x300 bytes around return address (starting 0xFFFFF805268AE533, retaddr at offset 0x100, module base 0xFFFFF80526600000, RVA of retaddr 0x2AE633) to C:\Users\DELL\AppData\Local\Temp\claude\c--Users-DELL-OneDrive-Desktop-LocalHost-py\5bed7398-339c-497a-9383-821cf9d2769e\scratchpad\CallerContext.bin
[kerneldiag] registration object pointer at caller+0xCA9008 (VA=0xFFFFF805272A9008) = 0x0
[kerneldiag] dumped 0x2000 bytes of caller dispatcher code (starting caller+0x36D000, VA=0xFFFFF8052696D000) to C:\Users\DELL\AppData\Local\Temp\claude\c--Users-DELL-OneDrive-Desktop-LocalHost-py\5bed7398-339c-497a-9383-821cf9d2769e\scratchpad\CallerWideDump.bin
[kerneldiag] scanning stack from rsp=0xFFFFF8052BE88D80 for candidate return addresses:
  [rsp+0x000] = 0xFFFFF8052BE88E58[kerneldiag] candidate address 0xFFFFF8052BE88E58 resolves to module base 0xFFFFF8052BBF0000 (+0x298E58 into it)
[kerneldiag] debug directory: type=2 codeViewRva=0x2174
[kerneldiag] module PDB name: volume.pdb guid=AAF65608-ADE9-794A-A208A2E6534FF85E age=1
    ^ [rsp+0x000] module base 0xFFFFF8052BBF0000 RVA 0x298E58
    ^ dumped 0x180 bytes (starting 0xFFFFF8052BE88D58, candidate at offset 0x100) to C:\Users\DELL\AppData\Local\Temp\claude\c--Users-DELL-OneDrive-Desktop-LocalHost-py\5bed7398-339c-497a-9383-821cf9d2769e\scratchpad\StackCand_0x0.bin
  [rsp+0x008] = 0xFFFFF805268AA11E[kerneldiag] candidate address 0xFFFFF805268AA11E resolves to module base 0xFFFFF80526600000 (+0x2AA11E into it)
[kerneldiag] debug directory: type=2 codeViewRva=0x40970
[kerneldiag] module PDB name: ntkrnlmp.pdb guid=D9424FC4-861E-47C1-0FAD1B35DEC6DCC8 age=1
    ^ [rsp+0x008] module base 0xFFFFF80526600000 RVA 0x2AA11E
    ^ dumped 0x180 bytes (starting 0xFFFFF805268AA01E, candidate at offset 0x100) to C:\Users\DELL\AppData\Local\Temp\claude\c--Users-DELL-OneDrive-Desktop-LocalHost-py\5bed7398-339c-497a-9383-821cf9d2769e\scratchpad\StackCand_0x8.bin
  [rsp+0x010] = 0xFFFFF8052BE89330[kerneldiag] candidate address 0xFFFFF8052BE89330 resolves to module base 0xFFFFF8052BBF0000 (+0x299330 into it)
[kerneldiag] debug directory: type=2 codeViewRva=0x2174
[kerneldiag] module PDB name: volume.pdb guid=AAF65608-ADE9-794A-A208A2E6534FF85E age=1
    ^ [rsp+0x010] module base 0xFFFFF8052BBF0000 RVA 0x299330
    ^ dumped 0x180 bytes (starting 0xFFFFF8052BE89230, candidate at offset 0x100) to C:\Users\DELL\AppData\Local\Temp\claude\c--Users-DELL-OneDrive-Desktop-LocalHost-py\5bed7398-339c-497a-9383-821cf9d2769e\scratchpad\StackCand_0x10.bin
  [rsp+0x018] = 0xFFFFF805268AE633[kerneldiag] candidate address 0xFFFFF805268AE633 resolves to module base 0xFFFFF80526600000 (+0x2AE633 into it)
[kerneldiag] debug directory: type=2 codeViewRva=0x40970
[kerneldiag] module PDB name: ntkrnlmp.pdb guid=D9424FC4-861E-47C1-0FAD1B35DEC6DCC8 age=1
    ^ [rsp+0x018] module base 0xFFFFF80526600000 RVA 0x2AE633
    ^ dumped 0x180 bytes (starting 0xFFFFF805268AE533, candidate at offset 0x100) to C:\Users\DELL\AppData\Local\Temp\claude\c--Users-DELL-OneDrive-Desktop-LocalHost-py\5bed7398-339c-497a-9383-821cf9d2769e\scratchpad\StackCand_0x18.bin
  [rsp+0x020] = 0xFFFFF8052BE88EC0[kerneldiag] candidate address 0xFFFFF8052BE88EC0 resolves to module base 0xFFFFF8052BBF0000 (+0x298EC0 into it)
[kerneldiag] debug directory: type=2 codeViewRva=0x2174
[kerneldiag] module PDB name: volume.pdb guid=AAF65608-ADE9-794A-A208A2E6534FF85E age=1
    ^ [rsp+0x020] module base 0xFFFFF8052BBF0000 RVA 0x298EC0
    ^ dumped 0x180 bytes (starting 0xFFFFF8052BE88DC0, candidate at offset 0x100) to C:\Users\DELL\AppData\Local\Temp\claude\c--Users-DELL-OneDrive-Desktop-LocalHost-py\5bed7398-339c-497a-9383-821cf9d2769e\scratchpad\StackCand_0x20.bin
  [rsp+0x030] = 0xFFFFF8052367E180[kerneldiag] candidate address 0xFFFFF8052367E180 resolves to module base 0xFFFFF80523602000 (+0x7C180 into it)
[kerneldiag] no debug directory RVA in this module's PE header
    ^ [rsp+0x030] module base 0xFFFFF80523602000 RVA 0x7C180
    ^ dumped 0x180 bytes (starting 0xFFFFF8052367E080, candidate at offset 0x100) to C:\Users\DELL\AppData\Local\Temp\claude\c--Users-DELL-OneDrive-Desktop-LocalHost-py\5bed7398-339c-497a-9383-821cf9d2769e\scratchpad\StackCand_0x30.bin
  [rsp+0x038] = 0xFFFFF80526B17D8A[kerneldiag] candidate address 0xFFFFF80526B17D8A resolves to module base 0xFFFFF80526600000 (+0x517D8A into it)
[kerneldiag] debug directory: type=2 codeViewRva=0x40970
[kerneldiag] module PDB name: ntkrnlmp.pdb guid=D9424FC4-861E-47C1-0FAD1B35DEC6DCC8 age=1
    ^ [rsp+0x038] module base 0xFFFFF80526600000 RVA 0x517D8A
    ^ dumped 0x180 bytes (starting 0xFFFFF80526B17C8A, candidate at offset 0x100) to C:\Users\DELL\AppData\Local\Temp\claude\c--Users-DELL-OneDrive-Desktop-LocalHost-py\5bed7398-339c-497a-9383-821cf9d2769e\scratchpad\StackCand_0x38.bin
  [rsp+0x058] = 0xFFFFF8052BE89D08[kerneldiag] candidate address 0xFFFFF8052BE89D08 resolves to module base 0xFFFFF8052BBF0000 (+0x299D08 into it)
[kerneldiag] debug directory: type=2 codeViewRva=0x2174
[kerneldiag] module PDB name: volume.pdb guid=AAF65608-ADE9-794A-A208A2E6534FF85E age=1
    ^ [rsp+0x058] module base 0xFFFFF8052BBF0000 RVA 0x299D08
    ^ dumped 0x180 bytes (starting 0xFFFFF8052BE89C08, candidate at offset 0x100) to C:\Users\DELL\AppData\Local\Temp\claude\c--Users-DELL-OneDrive-Desktop-LocalHost-py\5bed7398-339c-497a-9383-821cf9d2769e\scratchpad\StackCand_0x58.bin
  [rsp+0x060] = 0xFFFFF8052BE88E30[kerneldiag] candidate address 0xFFFFF8052BE88E30 resolves to module base 0xFFFFF8052BBF0000 (+0x298E30 into it)
[kerneldiag] debug directory: type=2 codeViewRva=0x2174
[kerneldiag] module PDB name: volume.pdb guid=AAF65608-ADE9-794A-A208A2E6534FF85E age=1
    ^ [rsp+0x060] module base 0xFFFFF8052BBF0000 RVA 0x298E30
    ^ dumped 0x180 bytes (starting 0xFFFFF8052BE88D30, candidate at offset 0x100) to C:\Users\DELL\AppData\Local\Temp\claude\c--Users-DELL-OneDrive-Desktop-LocalHost-py\5bed7398-339c-497a-9383-821cf9d2769e\scratchpad\StackCand_0x60.bin
  [rsp+0x068] = 0xFFFFF80526A4D05A[kerneldiag] candidate address 0xFFFFF80526A4D05A resolves to module base 0xFFFFF80526600000 (+0x44D05A into it)
[kerneldiag] debug directory: type=2 codeViewRva=0x40970
[kerneldiag] module PDB name: ntkrnlmp.pdb guid=D9424FC4-861E-47C1-0FAD1B35DEC6DCC8 age=1
    ^ [rsp+0x068] module base 0xFFFFF80526600000 RVA 0x44D05A
    ^ dumped 0x180 bytes (starting 0xFFFFF80526A4CF5A, candidate at offset 0x100) to C:\Users\DELL\AppData\Local\Temp\claude\c--Users-DELL-OneDrive-Desktop-LocalHost-py\5bed7398-339c-497a-9383-821cf9d2769e\scratchpad\StackCand_0x68.bin
  [rsp+0x070] = 0xFFFFF8052BE89330[kerneldiag] candidate address 0xFFFFF8052BE89330 resolves to module base 0xFFFFF8052BBF0000 (+0x299330 into it)
[kerneldiag] debug directory: type=2 codeViewRva=0x2174
[kerneldiag] module PDB name: volume.pdb guid=AAF65608-ADE9-794A-A208A2E6534FF85E age=1
    ^ [rsp+0x070] module base 0xFFFFF8052BBF0000 RVA 0x299330
    ^ dumped 0x180 bytes (starting 0xFFFFF8052BE89230, candidate at offset 0x100) to C:\Users\DELL\AppData\Local\Temp\claude\c--Users-DELL-OneDrive-Desktop-LocalHost-py\5bed7398-339c-497a-9383-821cf9d2769e\scratchpad\StackCand_0x70.bin
  [rsp+0x080] = 0xFFFFF8052BE8A020[kerneldiag] candidate address 0xFFFFF8052BE8A020 resolves to module base 0xFFFFF8052BBF0000 (+0x29A020 into it)
[kerneldiag] debug directory: type=2 codeViewRva=0x2174
[kerneldiag] module PDB name: volume.pdb guid=AAF65608-ADE9-794A-A208A2E6534FF85E age=1
    ^ [rsp+0x080] module base 0xFFFFF8052BBF0000 RVA 0x29A020
    ^ dumped 0x180 bytes (starting 0xFFFFF8052BE89F20, candidate at offset 0x100) to C:\Users\DELL\AppData\Local\Temp\claude\c--Users-DELL-OneDrive-Desktop-LocalHost-py\5bed7398-339c-497a-9383-821cf9d2769e\scratchpad\StackCand_0x80.bin
  [rsp+0x098] = 0xFFFFF80527327A00[kerneldiag] candidate address 0xFFFFF80527327A00 resolves to module base 0xFFFFF80526600000 (+0xD27A00 into it)
[kerneldiag] debug directory: type=2 codeViewRva=0x40970
[kerneldiag] module PDB name: ntkrnlmp.pdb guid=D9424FC4-861E-47C1-0FAD1B35DEC6DCC8 age=1
    ^ [rsp+0x098] module base 0xFFFFF80526600000 RVA 0xD27A00
    ^ dumped 0x180 bytes (starting 0xFFFFF80527327900, candidate at offset 0x100) to C:\Users\DELL\AppData\Local\Temp\claude\c--Users-DELL-OneDrive-Desktop-LocalHost-py\5bed7398-339c-497a-9383-821cf9d2769e\scratchpad\StackCand_0x98.bin
  [rsp+0x0D0] = 0xFFFFF8052367E180[kerneldiag] candidate address 0xFFFFF8052367E180 resolves to module base 0xFFFFF80523602000 (+0x7C180 into it)
[kerneldiag] no debug directory RVA in this module's PE header
    ^ [rsp+0x0D0] module base 0xFFFFF80523602000 RVA 0x7C180
    ^ dumped 0x180 bytes (starting 0xFFFFF8052367E080, candidate at offset 0x100) to C:\Users\DELL\AppData\Local\Temp\claude\c--Users-DELL-OneDrive-Desktop-LocalHost-py\5bed7398-339c-497a-9383-821cf9d2769e\scratchpad\StackCand_0xD0.bin
  [rsp+0x0F0] = 0xFFFFFFFFFFFFFFFF[kerneldiag] no PE header found scanning VA back from 0xFFFFFFFFFFFFFFFF

  [rsp+0x0F8] = 0xFFFF800000000000[kerneldiag] no PE header found scanning VA back from 0xFFFF800000000000

  [rsp+0x100] = 0xFFFFF80526B183B0[kerneldiag] candidate address 0xFFFFF80526B183B0 resolves to module base 0xFFFFF80526600000 (+0x5183B0 into it)
[kerneldiag] debug directory: type=2 codeViewRva=0x40970
[kerneldiag] module PDB name: ntkrnlmp.pdb guid=D9424FC4-861E-47C1-0FAD1B35DEC6DCC8 age=1
    ^ [rsp+0x100] module base 0xFFFFF80526600000 RVA 0x5183B0
    ^ dumped 0x180 bytes (starting 0xFFFFF80526B182B0, candidate at offset 0x100) to C:\Users\DELL\AppData\Local\Temp\claude\c--Users-DELL-OneDrive-Desktop-LocalHost-py\5bed7398-339c-497a-9383-821cf9d2769e\scratchpad\StackCand_0x100.bin
  [rsp+0x238] = 0xFFFFF8052367E300[kerneldiag] candidate address 0xFFFFF8052367E300 resolves to module base 0xFFFFF80523602000 (+0x7C300 into it)
[kerneldiag] no debug directory RVA in this module's PE header
    ^ [rsp+0x238] module base 0xFFFFF80523602000 RVA 0x7C300
    ^ dumped 0x180 bytes (starting 0xFFFFF8052367E200, candidate at offset 0x100) to C:\Users\DELL\AppData\Local\Temp\claude\c--Users-DELL-OneDrive-Desktop-LocalHost-py\5bed7398-339c-497a-9383-821cf9d2769e\scratchpad\StackCand_0x238.bin
  [rsp+0x248] = 0xFFFFFFFF80000003[kerneldiag] no PE header found scanning VA back from 0xFFFFFFFF80000003

  [rsp+0x250] = 0xFFFFF8052BE89D08[kerneldiag] candidate address 0xFFFFF8052BE89D08 resolves to module base 0xFFFFF8052BBF0000 (+0x299D08 into it)
[kerneldiag] debug directory: type=2 codeViewRva=0x2174
[kerneldiag] module PDB name: volume.pdb guid=AAF65608-ADE9-794A-A208A2E6534FF85E age=1
    ^ [rsp+0x250] module base 0xFFFFF8052BBF0000 RVA 0x299D08
    ^ dumped 0x180 bytes (starting 0xFFFFF8052BE89C08, candidate at offset 0x100) to C:\Users\DELL\AppData\Local\Temp\claude\c--Users-DELL-OneDrive-Desktop-LocalHost-py\5bed7398-339c-497a-9383-821cf9d2769e\scratchpad\StackCand_0x250.bin
  [rsp+0x258] = 0xFFFFF8052BE89508[kerneldiag] candidate address 0xFFFFF8052BE89508 resolves to module base 0xFFFFF8052BBF0000 (+0x299508 into it)
[kerneldiag] debug directory: type=2 codeViewRva=0x2174
[kerneldiag] module PDB name: volume.pdb guid=AAF65608-ADE9-794A-A208A2E6534FF85E age=1
    ^ [rsp+0x258] module base 0xFFFFF8052BBF0000 RVA 0x299508
    ^ dumped 0x180 bytes (starting 0xFFFFF8052BE89408, candidate at offset 0x100) to C:\Users\DELL\AppData\Local\Temp\claude\c--Users-DELL-OneDrive-Desktop-LocalHost-py\5bed7398-339c-497a-9383-821cf9d2769e\scratchpad\StackCand_0x258.bin
  [rsp+0x260] = 0xFFFFF8052BE89A40[kerneldiag] candidate address 0xFFFFF8052BE89A40 resolves to module base 0xFFFFF8052BBF0000 (+0x299A40 into it)
[kerneldiag] debug directory: type=2 codeViewRva=0x2174
[kerneldiag] module PDB name: volume.pdb guid=AAF65608-ADE9-794A-A208A2E6534FF85E age=1
    ^ [rsp+0x260] module base 0xFFFFF8052BBF0000 RVA 0x299A40
    ^ dumped 0x180 bytes (starting 0xFFFFF8052BE89940, candidate at offset 0x100) to C:\Users\DELL\AppData\Local\Temp\claude\c--Users-DELL-OneDrive-Desktop-LocalHost-py\5bed7398-339c-497a-9383-821cf9d2769e\scratchpad\StackCand_0x260.bin
  [rsp+0x268] = 0xFFFFF8052BE89540[kerneldiag] candidate address 0xFFFFF8052BE89540 resolves to module base 0xFFFFF8052BBF0000 (+0x299540 into it)
[kerneldiag] debug directory: type=2 codeViewRva=0x2174
[kerneldiag] module PDB name: volume.pdb guid=AAF65608-ADE9-794A-A208A2E6534FF85E age=1
    ^ [rsp+0x268] module base 0xFFFFF8052BBF0000 RVA 0x299540
    ^ dumped 0x180 bytes (starting 0xFFFFF8052BE89440, candidate at offset 0x100) to C:\Users\DELL\AppData\Local\Temp\claude\c--Users-DELL-OneDrive-Desktop-LocalHost-py\5bed7398-339c-497a-9383-821cf9d2769e\scratchpad\StackCand_0x268.bin
  [rsp+0x270] = 0xFFFFF8052367E180[kerneldiag] candidate address 0xFFFFF8052367E180 resolves to module base 0xFFFFF80523602000 (+0x7C180 into it)
[kerneldiag] no debug directory RVA in this module's PE header
    ^ [rsp+0x270] module base 0xFFFFF80523602000 RVA 0x7C180
    ^ dumped 0x180 bytes (starting 0xFFFFF8052367E080, candidate at offset 0x100) to C:\Users\DELL\AppData\Local\Temp\claude\c--Users-DELL-OneDrive-Desktop-LocalHost-py\5bed7398-339c-497a-9383-821cf9d2769e\scratchpad\StackCand_0x270.bin
  [rsp+0x278] = 0xFFFFF80526A06E40[kerneldiag] candidate address 0xFFFFF80526A06E40 resolves to module base 0xFFFFF80526600000 (+0x406E40 into it)
[kerneldiag] debug directory: type=2 codeViewRva=0x40970
[kerneldiag] module PDB name: ntkrnlmp.pdb guid=D9424FC4-861E-47C1-0FAD1B35DEC6DCC8 age=1
    ^ [rsp+0x278] module base 0xFFFFF80526600000 RVA 0x406E40
    ^ dumped 0x180 bytes (starting 0xFFFFF80526A06D40, candidate at offset 0x100) to C:\Users\DELL\AppData\Local\Temp\claude\c--Users-DELL-OneDrive-Desktop-LocalHost-py\5bed7398-339c-497a-9383-821cf9d2769e\scratchpad\StackCand_0x278.bin
  [rsp+0x288] = 0xFFFFFFFFFFFFFFFD[kerneldiag] no PE header found scanning VA back from 0xFFFFFFFFFFFFFFFD

  [rsp+0x290] = 0xFFFFF80527401940[kerneldiag] candidate address 0xFFFFF80527401940 resolves to module base 0xFFFFF80526600000 (+0xE01940 into it)
[kerneldiag] debug directory: type=2 codeViewRva=0x40970
[kerneldiag] module PDB name: ntkrnlmp.pdb guid=D9424FC4-861E-47C1-0FAD1B35DEC6DCC8 age=1
    ^ [rsp+0x290] module base 0xFFFFF80526600000 RVA 0xE01940
    ^ dumped 0x180 bytes (starting 0xFFFFF80527401840, candidate at offset 0x100) to C:\Users\DELL\AppData\Local\Temp\claude\c--Users-DELL-OneDrive-Desktop-LocalHost-py\5bed7398-339c-497a-9383-821cf9d2769e\scratchpad\StackCand_0x290.bin
  [rsp+0x2A8] = 0xFFFFF8052BE89DB0[kerneldiag] candidate address 0xFFFFF8052BE89DB0 resolves to module base 0xFFFFF8052BBF0000 (+0x299DB0 into it)
[kerneldiag] debug directory: type=2 codeViewRva=0x2174
[kerneldiag] module PDB name: volume.pdb guid=AAF65608-ADE9-794A-A208A2E6534FF85E age=1
    ^ [rsp+0x2A8] module base 0xFFFFF8052BBF0000 RVA 0x299DB0
    ^ dumped 0x180 bytes (starting 0xFFFFF8052BE89CB0, candidate at offset 0x100) to C:\Users\DELL\AppData\Local\Temp\claude\c--Users-DELL-OneDrive-Desktop-LocalHost-py\5bed7398-339c-497a-9383-821cf9d2769e\scratchpad\StackCand_0x2A8.bin
  [rsp+0x2B8] = 0xFFFFF805269FD6F0[kerneldiag] candidate address 0xFFFFF805269FD6F0 resolves to module base 0xFFFFF80526600000 (+0x3FD6F0 into it)
[kerneldiag] debug directory: type=2 codeViewRva=0x40970
[kerneldiag] module PDB name: ntkrnlmp.pdb guid=D9424FC4-861E-47C1-0FAD1B35DEC6DCC8 age=1
    ^ [rsp+0x2B8] module base 0xFFFFF80526600000 RVA 0x3FD6F0
    ^ dumped 0x180 bytes (starting 0xFFFFF805269FD5F0, candidate at offset 0x100) to C:\Users\DELL\AppData\Local\Temp\claude\c--Users-DELL-OneDrive-Desktop-LocalHost-py\5bed7398-339c-497a-9383-821cf9d2769e\scratchpad\StackCand_0x2B8.bin
[watchdog] STALL #3 (exitCount=874349 unchanged for 6s): rip=0xFFFFF80526ABE7EA rsp=0xFFFFF8052BE88D80 rax=0xFFFFF80526ABE7D0 rcx=0xF rdx=0xF rbx=0x0 cr3=0x1AD002 cr8(irql)=0xF(HIGH_LEVEL)
[kerneldiag] spin-wait target value at tick 3 = 0x83484024748B4838
[kerneldiag] stack dump from rsp=0xFFFFF8052BE88D80 (cr3=0x1AD002):
  [rsp+0x00] = 0xFFFFF8052BE88E58
  [rsp+0x08] = 0xFFFFF805268AA11E
  [rsp+0x10] = 0xFFFFF8052BE89330
  [rsp+0x18] = 0xFFFFF805268AE633
  [rsp+0x20] = 0xFFFFF8052BE88EC0
  [rsp+0x30] = 0xFFFFF8052367E180
  [rsp+0x38] = 0xFFFFF80526B17D8A
  [rsp+0x58] = 0xFFFFF8052BE89D08
  [rsp+0x60] = 0xFFFFF8052BE88E30
  [rsp+0x68] = 0xFFFFF80526A4D05A
  [rsp+0x70] = 0xFFFFF8052BE89330
  [rsp+0x80] = 0xFFFFF8052BE8A020
  [rsp+0x98] = 0xFFFFF80527327A00
  [rsp+0xD0] = 0xFFFFF8052367E180
  [rsp+0xF0] = 0xFFFFFFFFFFFFFFFF
  [rsp+0xF8] = 0xFFFF800000000000
  [rsp+0x100] = 0xFFFFF80526B183B0
[kerneldiag] KiBugCheckData: code=0x139 params=[0x3, 0xFFFFF8052BE74CB0, 0xFFFFF8052BE74C08, 0x0]
[kerneldiag] EXCEPTION_RECORD @0xFFFFF8052BE74C08: code=0xC0000409 address=0xFFFFF80526944214 numParams=1 info[0]=0x3 info[1]=0x0
[kerneldiag] candidate address 0xFFFFF80526944214 resolves to module base 0xFFFFF80526600000 (+0x344214 into it)
[kerneldiag] debug directory: type=2 codeViewRva=0x40970
[kerneldiag] module PDB name: ntkrnlmp.pdb guid=D9424FC4-861E-47C1-0FAD1B35DEC6DCC8 age=1
[kerneldiag] fast-fail site: module base 0xFFFFF80526600000, RVA 0x344214  <-- inside ntoskrnl.exe (real symbol resolvable offline)
[kerneldiag] dumped 0x200 bytes around fail site (starting RVA 0x344114, module base 0xFFFFF80526600000) to C:\Users\DELL\AppData\Local\Temp\claude\c--Users-DELL-OneDrive-Desktop-LocalHost-py\5bed7398-339c-497a-9383-821cf9d2769e\scratchpad\FailSite.bin
[kerneldiag] trap frame @0xFFFFF8052BE74CB0, ALL qwords:
  +0x000 = 0x0000000000000000
  +0x008 = 0x0000000000000000
  +0x010 = 0x0000000000000000
  +0x018 = 0x0000000000000000
  +0x020 = 0x0000000000000000
  +0x028 = 0x00001F8001000000
  +0x030 = 0x0000000000000000
  +0x038 = 0x0000000000000003
  +0x040 = 0x0000000000000000
  +0x048 = 0x0000000000000000
  +0x050 = 0x0000000000000008
  +0x058 = 0x0000000000000000
  +0x060 = 0x0000000000000000
  +0x068 = 0x0000000000000000
  +0x070 = 0x0000000000000000
  +0x078 = 0x0000000000000000
  +0x080 = 0x0000000000000000
  +0x088 = 0x0000000000000000
  +0x090 = 0x0056004500440042
  +0x098 = 0x003000300030005F
  +0x0A0 = 0x0045005200260031
  +0x0A8 = 0x00300030005F0056
  +0x0B0 = 0x0055002600310030
  +0x0B8 = 0x0030005F00440049
  +0x0C0 = 0x0000000000000001
  +0x0C8 = 0x0000000000000000
  +0x0D0 = 0x0000000000000000
  +0x0D8 = 0x0000000000000000
  +0x0E0 = 0x0000000000000000
  +0x0E8 = 0x0000000000000000
  +0x0F0 = 0x0000000000000000
  +0x0F8 = 0x0000000000000000
  +0x100 = 0x0000000000000000
  +0x108 = 0x0000000000000000
  +0x110 = 0x0000000000000000
  +0x118 = 0x0000000000000000
  +0x120 = 0xFFFFF80527328050  <-- canonical kernel pointer
      -> memory there: +0x00=0x0000000000000000 +0x08=0x0000000000000000
  +0x128 = 0xFFFFF8052684545E  <-- canonical kernel pointer
      -> memory there: +0x00=0x01000001E6838366 +0x08=0x000098C381481075
  +0x130 = 0xFFFFF80527327A00  <-- canonical kernel pointer
      -> memory there: +0x00=0x0000000000200006 +0x08=0xFFFFF80527327A08
  +0x138 = 0x0000000000000010
  +0x140 = 0x0000000000000000
  +0x148 = 0x0000000000000000
  +0x150 = 0x0000000000000000
  +0x158 = 0x0000000000000000
  +0x160 = 0x0000000000000000
  +0x168 = 0xFFFFF80526944214  <-- canonical kernel pointer
      -> memory there: +0x00=0xCCCCCCCCCCCC29CD +0x08=0x6C894808245C8948
  +0x170 = 0x0000000000000010
  +0x178 = 0x0000000000000286
  +0x180 = 0xFFFFF8052BE74E48  <-- canonical kernel pointer
      -> memory there: +0x00=0xFFFFF80526943B64 +0x08=0x0000000000000018
  +0x188 = 0x0000000000000000
  +0x190 = 0x0000000000000000
  +0x198 = 0xFFFFF80526943B64  <-- canonical kernel pointer
      -> memory there: +0x00=0x481874ED85F88B4C +0x08=0x8BFFEEFA0DE8CE8B
  +0x1A0 = 0x0000000000000018
  +0x1A8 = 0x0000000000000000
  +0x1B0 = 0xFFFFFFFFFFFFFFFF  <-- canonical kernel pointer
  +0x1B8 = 0x0000000000000001
  +0x1C0 = 0x0000000000000000
  +0x1C8 = 0xFFFFF8052689F612  <-- canonical kernel pointer
      -> memory there: +0x00=0xCCCCCCCCDFEBFFB0 +0x08=0x8944CCCCCCCCCCCC
  +0x1D0 = 0x0000000000000000
  +0x1D8 = 0x0000000000000010
  +0x1E0 = 0x0000000000000001
  +0x1E8 = 0x0000000000000000
  +0x1F0 = 0xFFFFF8052BE74FB0  <-- canonical kernel pointer
      -> memory there: +0x00=0xFFFFF8052BE75130 +0x08=0x0000000000000B80
  +0x1F8 = 0xFFFFF805268382C6  <-- canonical kernel pointer
      -> memory there: +0x00=0x1C75C08548F88B48 +0x08=0x48CD8B4970458B44
[kerneldiag] memory at param2 (0xFFFFF8052BE74CB0):
  +0x00: 00 00 00 00 00 00 00 00 00 00 00 00 00 00 00 00  ................
  +0x10: 00 00 00 00 00 00 00 00 00 00 00 00 00 00 00 00  ................
  +0x20: 00 00 00 00 00 00 00 00 00 00 00 01 80 1F 00 00  ................
  +0x30: 00 00 00 00 00 00 00 00 03 00 00 00 00 00 00 00  ................
  +0x40: 00 00 00 00 00 00 00 00 00 00 00 00 00 00 00 00  ................
  +0x50: 08 00 00 00 00 00 00 00 00 00 00 00 00 00 00 00  ................
  +0x60: 00 00 00 00 00 00 00 00 00 00 00 00 00 00 00 00  ................
  +0x70: 00 00 00 00 00 00 00 00 00 00 00 00 00 00 00 00  ................
  +0x80: 00 00 00 00 00 00 00 00 00 00 00 00 00 00 00 00  ................
  +0x90: 42 00 44 00 45 00 56 00 5F 00 30 00 30 00 30 00  B.D.E.V._.0.0.0.
  +0xA0: 31 00 26 00 52 00 45 00 56 00 5F 00 30 00 30 00  1.&.R.E.V._.0.0.
  +0xB0: 30 00 31 00 26 00 55 00 49 00 44 00 5F 00 30 00  0.1.&.U.I.D._.0.
  +0xC0: 01 00 00 00 00 00 00 00 00 00 00 00 00 00 00 00  ................
  +0xD0: 00 00 00 00 00 00 00 00 00 00 00 00 00 00 00 00  ................
  +0xE0: 00 00 00 00 00 00 00 00 00 00 00 00 00 00 00 00  ................
  +0xF0: 00 00 00 00 00 00 00 00 00 00 00 00 00 00 00 00  ................
  +0x100: 00 00 00 00 00 00 00 00 00 00 00 00 00 00 00 00  ................
  +0x110: 00 00 00 00 00 00 00 00 00 00 00 00 00 00 00 00  ................
[kerneldiag] descriptor+0xB8 = 0x49 -- bit2 (HalpTimerInitialize succeeded) is clear
[kerneldiag] descriptor+0x120 (remap-info pointer) = 0x1D2B85000004D
[kerneldiag] failed to read remap-info at 0x1D2B85000004D
[kerneldiag] HalpWatchdogTimer = 0x0
[kerneldiag] HalpTimerLastProblem=0x19 setter scan complete: 0 hit(s)
[kerneldiag] dumped HalpInterruptSetLineState_ColdPath (1280 bytes) to C:\Users\DELL\AppData\Local\Temp\claude\c--Users-DELL-OneDrive-Desktop-LocalHost-py\5bed7398-339c-497a-9383-821cf9d2769e\scratchpad\HalpInterruptSetLineState_ColdPath.bin
[kerneldiag] dumped HalpInterruptSetLineStateInternal (1024 bytes) to C:\Users\DELL\AppData\Local\Temp\claude\c--Users-DELL-OneDrive-Desktop-LocalHost-py\5bed7398-339c-497a-9383-821cf9d2769e\scratchpad\HalpInterruptSetLineStateInternal.bin
[kerneldiag] dumped HalpInterruptLookupController (768 bytes) to C:\Users\DELL\AppData\Local\Temp\claude\c--Users-DELL-OneDrive-Desktop-LocalHost-py\5bed7398-339c-497a-9383-821cf9d2769e\scratchpad\HalpInterruptLookupController.bin
[kerneldiag] dumped HalpApicSetLineState_ColdPath (1024 bytes) to C:\Users\DELL\AppData\Local\Temp\claude\c--Users-DELL-OneDrive-Desktop-LocalHost-py\5bed7398-339c-497a-9383-821cf9d2769e\scratchpad\HalpApicSetLineState_ColdPath.bin
[kerneldiag] dumped HalpInterruptSetLineStateInternal_ColdPath (256 bytes) to C:\Users\DELL\AppData\Local\Temp\claude\c--Users-DELL-OneDrive-Desktop-LocalHost-py\5bed7398-339c-497a-9383-821cf9d2769e\scratchpad\HalpInterruptSetLineStateInternal_ColdPath.bin
[kerneldiag] dumped HalpTimerInitializeClock_HotPath (1024 bytes) to C:\Users\DELL\AppData\Local\Temp\claude\c--Users-DELL-OneDrive-Desktop-LocalHost-py\5bed7398-339c-497a-9383-821cf9d2769e\scratchpad\HalpTimerInitializeClock_HotPath.bin
[kerneldiag] HalpInterruptControllerList head @0xFFFFF8052724B910: Flink=0xFFFFF79780001340 Blink=0xFFFFF79780001930 -- MORE THAN ONE controller registered, walking all entries
[kerneldiag] controller[0] @0xFFFFF79780001340: +0xE8(id)=0x1 +0xDC(flags)=0xFF +0x10(self)=0xFFFFF797800014A0 +0x70(callback)=0xFFFFF8052697D580
[kerneldiag] controller[0] +0x100 (routing-candidate list) @0xFFFFF79780001440: Flink=0xFFFFF79780007540 Blink=0xFFFFF79780007540 -- has entries
[kerneldiag] controller[0] candidate[0] @0xFFFFF79780007540: +0x10(dest)=0xFFFFFFFF +0x14(prioLo)=0x1 +0x18(prioHi)=0x7
[kerneldiag] controller[0] callback RVA = 0x37D580 (in-module)
[kerneldiag] dumped controller[0] callback (1024 bytes from live pointer 0xFFFFF8052697D580) to C:\Users\DELL\AppData\Local\Temp\claude\c--Users-DELL-OneDrive-Desktop-LocalHost-py\5bed7398-339c-497a-9383-821cf9d2769e\scratchpad\InterruptControllerCallback_0.bin
[kerneldiag] controller[1] @0xFFFFF79780001568: +0xE8(id)=0x2 +0xDC(flags)=0xFF +0x10(self)=0xFFFFF797800016C8 +0x70(callback)=0xFFFFF8052697D580
[kerneldiag] controller[1] +0x100 (routing-candidate list) @0xFFFFF79780001668: Flink=0xFFFFF7978000A2A8 Blink=0xFFFFF7978000A2A8 -- has entries
[kerneldiag] controller[1] candidate[0] @0xFFFFF7978000A2A8: +0x10(dest)=0xFFFFFFFF +0x14(prioLo)=0x1 +0x18(prioHi)=0x7
[kerneldiag] controller[1] callback RVA = 0x37D580 (in-module)
[kerneldiag] controller[1] callback matches an already-dumped one, skipping
[kerneldiag] controller[2] @0xFFFFF79780001760: +0xE8(id)=0xB000 +0xDC(flags)=0x0 +0x10(self)=0xFFFFF797800018C0 +0x70(callback)=0xFFFFF80526ADD370
[kerneldiag] controller[2] +0x100 (routing-candidate list) @0xFFFFF79780001860: Flink=0xFFFFF79780001B00 Blink=0xFFFFF79780001B00 -- has entries
[kerneldiag] controller[2] candidate[0] @0xFFFFF79780001B00: +0x10(dest)=0xFFFFFFFF +0x14(prioLo)=0x1 +0x18(prioHi)=0x2
[kerneldiag] controller[2] callback RVA = 0x4DD370 (in-module)
[kerneldiag] dumped controller[2] callback (1024 bytes from live pointer 0xFFFFF80526ADD370) to C:\Users\DELL\AppData\Local\Temp\claude\c--Users-DELL-OneDrive-Desktop-LocalHost-py\5bed7398-339c-497a-9383-821cf9d2769e\scratchpad\InterruptControllerCallback_2.bin
[kerneldiag] controller[3] @0xFFFFF79780001930: +0xE8(id)=0xB001 +0xDC(flags)=0x0 +0x10(self)=0xFFFFF79780001A90 +0x70(callback)=0xFFFFF80526ADD370
[kerneldiag] controller[3] +0x100 (routing-candidate list) @0xFFFFF79780001A30: Flink=0xFFFFF79780001E38 Blink=0xFFFFF79780001E38 -- has entries
[kerneldiag] controller[3] candidate[0] @0xFFFFF79780001E38: +0x10(dest)=0xB000 +0x14(prioLo)=0x2 +0x18(prioHi)=0x3
[kerneldiag] controller[3] callback RVA = 0x4DD370 (in-module)
[kerneldiag] controller[3] callback matches an already-dumped one, skipping
[watchdog] STALL #4 (exitCount=874349 unchanged for 8s): rip=0xFFFFF80526ABE7E2 rsp=0xFFFFF8052BE88D80 rax=0xFFFFF80526ABE7D0 rcx=0xF rdx=0xF rbx=0x0 cr3=0x1AD002 cr8(irql)=0xF(HIGH_LEVEL)
[kerneldiag] spin-wait target value at tick 4 = 0x83484024748B4838
