[net] backend initialized
Detected Fixed VHD footer -- excluding it from disk geometry
Attached disk C:\VHDs\win10_installer.vhd (16777216 sectors of 512 bytes)
[cpuid] measured host TSC frequency: 1895988757 Hz
[cpuid] leaf 1 override: host EBX=0x00100800 EDX=0xBFEBFBFF -> guest EBX=0x00010800 EDX=0xAFEBFBFF
Loaded 4194304 bytes of UEFI firmware C:\Users\DELL\Downloads\RELEASEX64_OVMF.fd
Mapped UEFI firmware at 0xFFC00000-0xFFFFFFFF, entering run loop
[kd] named pipe \\.\pipe\LocalHostKD ready -- attach WinDbg with -k com:pipe,port=\\.\pipe\LocalHostKD,resets=0,reconnect (COM2, ports 0x2F8-0x2FF)
[kd-reader] outer loop #1: calling ConnectNamedPipe
[pcicfg #1] bus=0 dev=0 func=0 off=0x02 size=2 write=0 val=0x1237 cfg=present
[pcicfg #2] bus=0 dev=1 func=3 off=0x80 size=1 write=0 val=0x0 cfg=present
[pcicfg #3] bus=0 dev=1 func=3 off=0x40 size=4 write=0 val=0x0 cfg=present
[pcicfg #4] bus=0 dev=1 func=3 off=0x40 size=4 write=1 val=0xB000 cfg=present
[pcicfg #5] bus=0 dev=1 func=3 off=0x80 size=1 write=0 val=0x0 cfg=present
[pcicfg #6] bus=0 dev=1 func=3 off=0x80 size=1 write=1 val=0x1 cfg=present
[pcicfg #7] bus=0 dev=0 func=0 off=0x02 size=2 write=0 val=0x1237 cfg=present
[pcicfg #8] bus=0 dev=1 func=3 off=0x80 size=1 write=0 val=0x1 cfg=present
[pcicfg #9] bus=0 dev=1 func=3 off=0x40 size=4 write=0 val=0xB000 cfg=present
[pcicfg #10] bus=0 dev=0 func=0 off=0x02 size=2 write=0 val=0x1237 cfg=present
[pcicfg #11] bus=0 dev=1 func=3 off=0x80 size=1 write=0 val=0x1 cfg=present
[pcicfg #12] bus=0 dev=1 func=3 off=0x40 size=4 write=0 val=0xB000 cfg=present
[pcicfg #13] bus=0 dev=0 func=0 off=0x02 size=2 write=0 val=0x1237 cfg=present
[pcicfg #14] bus=0 dev=1 func=3 off=0x80 size=1 write=0 val=0x1 cfg=present
[pcicfg #15] bus=0 dev=1 func=3 off=0x40 size=4 write=0 val=0xB000 cfg=present
[pcicfg #16] bus=0 dev=0 func=0 off=0x02 size=2 write=0 val=0x1237 cfg=present
[pcicfg #17] bus=0 dev=1 func=3 off=0x80 size=1 write=0 val=0x1 cfg=present
[pcicfg #18] bus=0 dev=1 func=3 off=0x40 size=4 write=0 val=0xB000 cfg=present
[fwcfg] select #1: selector=0x0
[fwcfg] read #1: selector=0x0 offset=0 dataLen=4 stringOp=1 rep=1
[fwcfg] select #2: selector=0x1
[fwcfg] read #2: selector=0x1 offset=0 dataLen=4 stringOp=1 rep=1
[fwcfg] select #3: selector=0x19
[fwcfg] read #3: selector=0x19 offset=0 dataLen=260 stringOp=1 rep=1
[fwcfg] select #4: selector=0x19
[fwcfg] read #4: selector=0x19 offset=0 dataLen=260 stringOp=1 rep=1
[fwcfg] read #5: selector=0x19 offset=4 dataLen=260 stringOp=1 rep=1
[fwcfg] read #6: selector=0x19 offset=8 dataLen=260 stringOp=1 rep=1
[fwcfg] read #7: selector=0x19 offset=10 dataLen=260 stringOp=1 rep=1
[fwcfg] read #8: selector=0x19 offset=12 dataLen=260 stringOp=1 rep=1
[fwcfg] read #9: selector=0x19 offset=68 dataLen=260 stringOp=1 rep=1
[fwcfg] read #10: selector=0x19 offset=72 dataLen=260 stringOp=1 rep=1
[fwcfg] read #11: selector=0x19 offset=74 dataLen=260 stringOp=1 rep=1
[fwcfg] read #12: selector=0x19 offset=76 dataLen=260 stringOp=1 rep=1
[fwcfg] read #13: selector=0x19 offset=132 dataLen=260 stringOp=1 rep=1
[fwcfg] read #14: selector=0x19 offset=136 dataLen=260 stringOp=1 rep=1
[fwcfg] read #15: selector=0x19 offset=138 dataLen=260 stringOp=1 rep=1
[fwcfg] read #16: selector=0x19 offset=140 dataLen=260 stringOp=1 rep=1
[fwcfg] read #17: selector=0x19 offset=196 dataLen=260 stringOp=1 rep=1
[fwcfg] read #18: selector=0x19 offset=200 dataLen=260 stringOp=1 rep=1
[fwcfg] read #19: selector=0x19 offset=202 dataLen=260 stringOp=1 rep=1
[fwcfg] read #20: selector=0x19 offset=204 dataLen=260 stringOp=1 rep=1
[fwcfg] select #5: selector=0x19
[fwcfg] read #21: selector=0x19 offset=0 dataLen=260 stringOp=1 rep=1
[fwcfg] read #22: selector=0x19 offset=4 dataLen=260 stringOp=1 rep=1
[fwcfg] read #23: selector=0x19 offset=8 dataLen=260 stringOp=1 rep=1
[fwcfg] read #24: selector=0x19 offset=10 dataLen=260 stringOp=1 rep=1
[fwcfg] read #25: selector=0x19 offset=12 dataLen=260 stringOp=1 rep=1
[fwcfg] read #26: selector=0x19 offset=68 dataLen=260 stringOp=1 rep=1
[fwcfg] read #27: selector=0x19 offset=72 dataLen=260 stringOp=1 rep=1
[fwcfg] read #28: selector=0x19 offset=74 dataLen=260 stringOp=1 rep=1
[fwcfg] read #29: selector=0x19 offset=76 dataLen=260 stringOp=1 rep=1
[fwcfg] read #30: selector=0x19 offset=132 dataLen=260 stringOp=1 rep=1
[fwcfg] read #31: selector=0x19 offset=136 dataLen=260 stringOp=1 rep=1
[fwcfg] read #32: selector=0x19 offset=138 dataLen=260 stringOp=1 rep=1
[fwcfg] read #33: selector=0x19 offset=140 dataLen=260 stringOp=1 rep=1
[fwcfg] read #34: selector=0x19 offset=196 dataLen=260 stringOp=1 rep=1
[fwcfg] read #35: selector=0x19 offset=200 dataLen=260 stringOp=1 rep=1
[fwcfg] read #36: selector=0x19 offset=202 dataLen=260 stringOp=1 rep=1
[fwcfg] read #37: selector=0x19 offset=204 dataLen=260 stringOp=1 rep=1
[fwcfg] select #6: selector=0x19
[fwcfg] read #38: selector=0x19 offset=0 dataLen=260 stringOp=1 rep=1
[fwcfg] read #39: selector=0x19 offset=4 dataLen=260 stringOp=1 rep=1
[fwcfg] read #40: selector=0x19 offset=8 dataLen=260 stringOp=1 rep=1
[fwcfg] read #41: selector=0x19 offset=10 dataLen=260 stringOp=1 rep=1
[fwcfg] read #42: selector=0x19 offset=12 dataLen=260 stringOp=1 rep=1
[fwcfg] read #43: selector=0x19 offset=68 dataLen=260 stringOp=1 rep=1
[fwcfg] read #44: selector=0x19 offset=72 dataLen=260 stringOp=1 rep=1
[fwcfg] read #45: selector=0x19 offset=74 dataLen=260 stringOp=1 rep=1
[fwcfg] read #46: selector=0x19 offset=76 dataLen=260 stringOp=1 rep=1
[fwcfg] read #47: selector=0x19 offset=132 dataLen=260 stringOp=1 rep=1
[fwcfg] read #48: selector=0x19 offset=136 dataLen=260 stringOp=1 rep=1
[fwcfg] read #49: selector=0x19 offset=138 dataLen=260 stringOp=1 rep=1
[fwcfg] read #50: selector=0x19 offset=140 dataLen=260 stringOp=1 rep=1
[fwcfg] read #51: selector=0x19 offset=196 dataLen=260 stringOp=1 rep=1
[fwcfg] read #52: selector=0x19 offset=200 dataLen=260 stringOp=1 rep=1
[fwcfg] read #53: selector=0x19 offset=202 dataLen=260 stringOp=1 rep=1
[fwcfg] read #54: selector=0x19 offset=204 dataLen=260 stringOp=1 rep=1
[fwcfg] select #7: selector=0x19
[fwcfg] read #55: selector=0x19 offset=0 dataLen=260 stringOp=1 rep=1
[fwcfg] read #56: selector=0x19 offset=4 dataLen=260 stringOp=1 rep=1
[fwcfg] read #57: selector=0x19 offset=8 dataLen=260 stringOp=1 rep=1
[fwcfg] read #58: selector=0x19 offset=10 dataLen=260 stringOp=1 rep=1
[fwcfg] read #59: selector=0x19 offset=12 dataLen=260 stringOp=1 rep=1
[fwcfg] read #60: selector=0x19 offset=68 dataLen=260 stringOp=1 rep=1
[fwcfg] select #8: selector=0x19
[fwcfg] select #9: selector=0x19
[fwcfg] select #10: selector=0x19
[fwcfg] select #11: selector=0x0
[fwcfg] select #12: selector=0x1
[fwcfg] select #13: selector=0x19
[fwcfg] select #14: selector=0xE
[pcicfg #19] bus=0 dev=0 func=0 off=0x02 size=2 write=0 val=0x1237 cfg=present
[fwcfg] select #15: selector=0x5
[pcicfg #20] bus=0 dev=1 func=3 off=0x80 size=1 write=0 val=0x1 cfg=present
[pcicfg #21] bus=0 dev=0 func=0 off=0x02 size=2 write=0 val=0x1237 cfg=present
[pcicfg #22] bus=0 dev=1 func=3 off=0x80 size=1 write=0 val=0x1 cfg=present
[pcicfg #23] bus=0 dev=1 func=3 off=0x40 size=4 write=0 val=0xB000 cfg=present
[pcicfg #24] bus=0 dev=0 func=0 off=0x02 size=2 write=0 val=0x1237 cfg=present
[pcicfg #25] bus=0 dev=1 func=3 off=0x80 size=1 write=0 val=0x1 cfg=present
[pcicfg #26] bus=0 dev=1 func=3 off=0x40 size=4 write=0 val=0xB000 cfg=present
[pcicfg #27] bus=0 dev=0 func=0 off=0x02 size=2 write=0 val=0x1237 cfg=present
[pcicfg #28] bus=0 dev=1 func=3 off=0x80 size=1 write=0 val=0x1 cfg=present
[pcicfg #29] bus=0 dev=1 func=3 off=0x40 size=4 write=0 val=0xB000 cfg=present
[pcicfg #30] bus=0 dev=0 func=0 off=0x02 size=2 write=0 val=0x1237 cfg=present
[pcicfg #31] bus=0 dev=1 func=3 off=0x80 size=1 write=0 val=0x1 cfg=present
[pcicfg #32] bus=0 dev=1 func=3 off=0x40 size=4 write=0 val=0xB000 cfg=present
[pcicfg #33] bus=0 dev=0 func=0 off=0x02 size=2 write=0 val=0x1237 cfg=present
[pcicfg #34] bus=0 dev=1 func=3 off=0x80 size=1 write=0 val=0x1 cfg=present
[pcicfg #35] bus=0 dev=1 func=3 off=0x40 size=4 write=0 val=0xB000 cfg=present
[pcicfg #36] bus=0 dev=1 func=3 off=0x40 size=4 write=0 val=0xB000 cfg=present
[pcicfg #37] bus=0 dev=1 func=3 off=0x40 size=4 write=0 val=0xB000 cfg=present
[pcicfg #38] bus=0 dev=1 func=3 off=0x40 size=4 write=0 val=0xB000 cfg=present
[pcicfg #39] bus=0 dev=1 func=3 off=0x40 size=4 write=0 val=0xB000 cfg=present
[pcicfg #40] bus=0 dev=1 func=3 off=0x40 size=4 write=0 val=0xB000 cfg=present
[pcicfg #41] bus=0 dev=1 func=3 off=0x40 size=4 write=0 val=0xB000 cfg=present
[heartbeat: exitCount=5000 elapsedSec=0.0 lastPort=0xB008 write=0 val=0x2]
[pcicfg #42] bus=0 dev=1 func=3 off=0x40 size=4 write=0 val=0xB000 cfg=present
[pcicfg #43] bus=0 dev=1 func=3 off=0x40 size=4 write=0 val=0xB000 cfg=present
[pcicfg #44] bus=0 dev=1 func=3 off=0x40 size=4 write=0 val=0xB000 cfg=present
[pcicfg #45] bus=0 dev=1 func=3 off=0x40 size=4 write=0 val=0xB000 cfg=present
[pcicfg #46] bus=0 dev=1 func=3 off=0x40 size=4 write=0 val=0xB000 cfg=present
[pcicfg #47] bus=0 dev=1 func=3 off=0x40 size=4 write=0 val=0xB000 cfg=present
[pcicfg #48] bus=0 dev=1 func=3 off=0x40 size=4 write=0 val=0xB000 cfg=present
[pcicfg #49] bus=0 dev=1 func=3 off=0x40 size=4 write=0 val=0xB000 cfg=present
[fwcfg] select #16: selector=0x23
[ramfb] configured: address=0xBE500000 800x600 stride=3200
[pcicfg #50] bus=0 dev=1 func=3 off=0x40 size=4 write=0 val=0xB000 cfg=present
[pcicfg #51] bus=0 dev=1 func=3 off=0x40 size=4 write=0 val=0xB000 cfg=present
[cmos-ab] write reg=0x0A value=0x26 (RegA=0x26 RegB=0x06, PIE=0)
[cmos-ab] write reg=0x0B value=0x02 (RegA=0x26 RegB=0x02, PIE=0)
[cmos-ab] write reg=0x0B value=0x82 (RegA=0x26 RegB=0x82, PIE=0)
[cmos-ab] write reg=0x0A value=0x76 (RegA=0x76 RegB=0x82, PIE=0)
[cmos-ab] write reg=0x0B value=0x02 (RegA=0x76 RegB=0x02, PIE=0)
[cmos-ab] write reg=0x0A value=0x26 (RegA=0x26 RegB=0x02, PIE=0)
[pcicfg #52] bus=0 dev=1 func=3 off=0x40 size=4 write=0 val=0xB000 cfg=present
[fwcfg] select #17: selector=0x17
[fwcfg] select #18: selector=0x8
[fwcfg] select #19: selector=0xB
[fwcfg] select #20: selector=0x14
[pcicfg #53] bus=0 dev=1 func=3 off=0x40 size=4 write=0 val=0xB000 cfg=present
[pcicfg #54] bus=0 dev=1 func=3 off=0x40 size=4 write=0 val=0xB000 cfg=present
[pcicfg #55] bus=0 dev=1 func=3 off=0x40 size=4 write=0 val=0xB000 cfg=present
[pcicfg #56] bus=0 dev=1 func=3 off=0x40 size=4 write=0 val=0xB000 cfg=present
[pcicfg #57] bus=0 dev=1 func=3 off=0x40 size=4 write=0 val=0xB000 cfg=present
[pcicfg #58] bus=0 dev=1 func=3 off=0x40 size=4 write=0 val=0xB000 cfg=present
[pcicfg #59] bus=0 dev=1 func=3 off=0x40 size=4 write=0 val=0xB000 cfg=present
[pcicfg #60] bus=0 dev=0 func=0 off=0x00 size=4 write=0 val=0x12378086 cfg=present
[pcicfg #61] bus=0 dev=0 func=0 off=0x00 size=4 write=0 val=0x12378086 cfg=present
[pcicfg #62] bus=0 dev=0 func=0 off=0x04 size=4 write=0 val=0x0 cfg=present
[pcicfg #63] bus=0 dev=0 func=0 off=0x08 size=4 write=0 val=0x6000002 cfg=present
[pcicfg #64] bus=0 dev=0 func=0 off=0x0C size=4 write=0 val=0x0 cfg=present
[pcicfg #65] bus=0 dev=0 func=0 off=0x10 size=4 write=0 val=0x0 cfg=present
[pcicfg #66] bus=0 dev=0 func=0 off=0x14 size=4 write=0 val=0x0 cfg=present
[pcicfg #67] bus=0 dev=0 func=0 off=0x18 size=4 write=0 val=0x0 cfg=present
[pcicfg #68] bus=0 dev=0 func=0 off=0x1C size=4 write=0 val=0x0 cfg=present
[pcicfg #69] bus=0 dev=0 func=0 off=0x20 size=4 write=0 val=0x0 cfg=present
[pcicfg #70] bus=0 dev=0 func=0 off=0x24 size=4 write=0 val=0x0 cfg=present
[pcicfg #71] bus=0 dev=0 func=0 off=0x28 size=4 write=0 val=0x0 cfg=present
[pcicfg #72] bus=0 dev=0 func=0 off=0x2C size=4 write=0 val=0x0 cfg=present
[pcicfg #73] bus=0 dev=0 func=0 off=0x30 size=4 write=0 val=0x0 cfg=present
[pcicfg #74] bus=0 dev=0 func=0 off=0x34 size=4 write=0 val=0x0 cfg=present
[pcicfg #75] bus=0 dev=0 func=0 off=0x38 size=4 write=0 val=0x0 cfg=present
[pcicfg #76] bus=0 dev=0 func=0 off=0x3C size=4 write=0 val=0x0 cfg=present
[pcicfg #77] bus=0 dev=1 func=0 off=0x00 size=4 write=0 val=0x70008086 cfg=present
[pcicfg #78] bus=0 dev=1 func=0 off=0x00 size=4 write=0 val=0x70008086 cfg=present
[pcicfg #79] bus=0 dev=1 func=0 off=0x04 size=4 write=0 val=0x0 cfg=present
[pcicfg #80] bus=0 dev=1 func=0 off=0x08 size=4 write=0 val=0x6010000 cfg=present
[pcicfg #81] bus=0 dev=1 func=0 off=0x0C size=4 write=0 val=0x800000 cfg=present
[pcicfg #82] bus=0 dev=1 func=0 off=0x10 size=4 write=0 val=0x0 cfg=present
[pcicfg #83] bus=0 dev=1 func=0 off=0x14 size=4 write=0 val=0x0 cfg=present
[pcicfg #84] bus=0 dev=1 func=0 off=0x18 size=4 write=0 val=0x0 cfg=present
[pcicfg #85] bus=0 dev=1 func=0 off=0x1C size=4 write=0 val=0x0 cfg=present
[pcicfg #86] bus=0 dev=1 func=0 off=0x20 size=4 write=0 val=0x0 cfg=present
[pcicfg #87] bus=0 dev=1 func=0 off=0x24 size=4 write=0 val=0x0 cfg=present
[pcicfg #88] bus=0 dev=1 func=0 off=0x28 size=4 write=0 val=0x0 cfg=present
[pcicfg #89] bus=0 dev=1 func=0 off=0x2C size=4 write=0 val=0x0 cfg=present
[pcicfg #90] bus=0 dev=1 func=0 off=0x30 size=4 write=0 val=0x0 cfg=present
[pcicfg #91] bus=0 dev=1 func=0 off=0x34 size=4 write=0 val=0x0 cfg=present
[pcicfg #92] bus=0 dev=1 func=0 off=0x38 size=4 write=0 val=0x0 cfg=present
[pcicfg #93] bus=0 dev=1 func=0 off=0x3C size=4 write=0 val=0x0 cfg=present
[pcicfg #94] bus=0 dev=1 func=1 off=0x00 size=4 write=0 val=0xFFFFFFFF cfg=absent
[pcicfg #95] bus=0 dev=1 func=2 off=0x00 size=4 write=0 val=0xFFFFFFFF cfg=absent
[pcicfg #96] bus=0 dev=1 func=3 off=0x00 size=4 write=0 val=0x71138086 cfg=present
[pcicfg #97] bus=0 dev=1 func=3 off=0x00 size=4 write=0 val=0x71138086 cfg=present
[pcicfg #98] bus=0 dev=1 func=3 off=0x04 size=4 write=0 val=0x0 cfg=present
[pcicfg #99] bus=0 dev=1 func=3 off=0x08 size=4 write=0 val=0x6800000 cfg=present
[pcicfg #100] bus=0 dev=1 func=3 off=0x0C size=4 write=0 val=0x0 cfg=present
[pcicfg #101] bus=0 dev=1 func=3 off=0x10 size=4 write=0 val=0x0 cfg=present
[pcicfg #102] bus=0 dev=1 func=3 off=0x14 size=4 write=0 val=0x0 cfg=present
[pcicfg #103] bus=0 dev=1 func=3 off=0x18 size=4 write=0 val=0x0 cfg=present
[pcicfg #104] bus=0 dev=1 func=3 off=0x1C size=4 write=0 val=0x0 cfg=present
[pcicfg #105] bus=0 dev=1 func=3 off=0x20 size=4 write=0 val=0x0 cfg=present
[pcicfg #106] bus=0 dev=1 func=3 off=0x24 size=4 write=0 val=0x0 cfg=present
[pcicfg #107] bus=0 dev=1 func=3 off=0x28 size=4 write=0 val=0x0 cfg=present
[pcicfg #108] bus=0 dev=1 func=3 off=0x2C size=4 write=0 val=0x0 cfg=present
[pcicfg #109] bus=0 dev=1 func=3 off=0x30 size=4 write=0 val=0x0 cfg=present
[pcicfg #110] bus=0 dev=1 func=3 off=0x34 size=4 write=0 val=0x0 cfg=present
[pcicfg #111] bus=0 dev=1 func=3 off=0x38 size=4 write=0 val=0x0 cfg=present
[pcicfg #112] bus=0 dev=1 func=3 off=0x3C size=4 write=0 val=0x0 cfg=present
[pcicfg #113] bus=0 dev=1 func=4 off=0x00 size=4 write=0 val=0xFFFFFFFF cfg=absent
[pcicfg #114] bus=0 dev=1 func=5 off=0x00 size=4 write=0 val=0xFFFFFFFF cfg=absent
[pcicfg #115] bus=0 dev=1 func=6 off=0x00 size=4 write=0 val=0xFFFFFFFF cfg=absent
[pcicfg #116] bus=0 dev=1 func=7 off=0x00 size=4 write=0 val=0xFFFFFFFF cfg=absent
[pcicfg #117] bus=0 dev=2 func=0 off=0x00 size=4 write=0 val=0x29228086 cfg=present
[pcicfg #118] bus=0 dev=2 func=0 off=0x00 size=4 write=0 val=0x29228086 cfg=present
[pcicfg #119] bus=0 dev=2 func=0 off=0x04 size=4 write=0 val=0x0 cfg=present
[pcicfg #120] bus=0 dev=2 func=0 off=0x08 size=4 write=0 val=0x1060102 cfg=present
[pcicfg #121] bus=0 dev=2 func=0 off=0x0C size=4 write=0 val=0x0 cfg=present
[pcicfg #122] bus=0 dev=2 func=0 off=0x10 size=4 write=0 val=0x0 cfg=present
[pcicfg #123] bus=0 dev=2 func=0 off=0x14 size=4 write=0 val=0x0 cfg=present
[pcicfg #124] bus=0 dev=2 func=0 off=0x18 size=4 write=0 val=0x0 cfg=present
[pcicfg #125] bus=0 dev=2 func=0 off=0x1C size=4 write=0 val=0x0 cfg=present
[pcicfg #126] bus=0 dev=2 func=0 off=0x20 size=4 write=0 val=0x0 cfg=present
[pcicfg #127] bus=0 dev=2 func=0 off=0x24 size=4 write=0 val=0x0 cfg=present
[pcicfg #128] bus=0 dev=2 func=0 off=0x28 size=4 write=0 val=0x0 cfg=present
[pcicfg #129] bus=0 dev=2 func=0 off=0x2C size=4 write=0 val=0x0 cfg=present
[pcicfg #130] bus=0 dev=2 func=0 off=0x30 size=4 write=0 val=0x0 cfg=present
[pcicfg #131] bus=0 dev=2 func=0 off=0x34 size=4 write=0 val=0x0 cfg=present
[pcicfg #132] bus=0 dev=2 func=0 off=0x38 size=4 write=0 val=0x0 cfg=present
[pcicfg #133] bus=0 dev=2 func=0 off=0x3C size=4 write=0 val=0x0 cfg=present
[pcicfg #134] bus=0 dev=3 func=0 off=0x00 size=4 write=0 val=0x813910EC cfg=present
[pcicfg #135] bus=0 dev=3 func=0 off=0x00 size=4 write=0 val=0x813910EC cfg=present
[pcicfg #136] bus=0 dev=3 func=0 off=0x04 size=4 write=0 val=0x0 cfg=present
[pcicfg #137] bus=0 dev=3 func=0 off=0x08 size=4 write=0 val=0x2000010 cfg=present
[pcicfg #138] bus=0 dev=3 func=0 off=0x0C size=4 write=0 val=0x0 cfg=present
[pcicfg #139] bus=0 dev=3 func=0 off=0x10 size=4 write=0 val=0x0 cfg=present
[pcicfg #140] bus=0 dev=3 func=0 off=0x14 size=4 write=0 val=0x0 cfg=present
[pcicfg #141] bus=0 dev=3 func=0 off=0x18 size=4 write=0 val=0x0 cfg=present
[pcicfg #142] bus=0 dev=3 func=0 off=0x1C size=4 write=0 val=0x0 cfg=present
[pcicfg #143] bus=0 dev=3 func=0 off=0x20 size=4 write=0 val=0x0 cfg=present
[pcicfg #144] bus=0 dev=3 func=0 off=0x24 size=4 write=0 val=0x0 cfg=present
[pcicfg #145] bus=0 dev=3 func=0 off=0x28 size=4 write=0 val=0x0 cfg=present
[pcicfg #146] bus=0 dev=3 func=0 off=0x2C size=4 write=0 val=0x0 cfg=present
[pcicfg #147] bus=0 dev=3 func=0 off=0x30 size=4 write=0 val=0x0 cfg=present
[pcicfg #148] bus=0 dev=3 func=0 off=0x34 size=4 write=0 val=0x0 cfg=present
[pcicfg #149] bus=0 dev=3 func=0 off=0x38 size=4 write=0 val=0x0 cfg=present
[pcicfg #150] bus=0 dev=3 func=0 off=0x3C size=4 write=0 val=0x100 cfg=present
[pcicfg #151] bus=0 dev=4 func=0 off=0x00 size=4 write=0 val=0xFFFFFFFF cfg=absent
[pcicfg #152] bus=0 dev=5 func=0 off=0x00 size=4 write=0 val=0xFFFFFFFF cfg=absent
[pcicfg #153] bus=0 dev=6 func=0 off=0x00 size=4 write=0 val=0xFFFFFFFF cfg=absent
[pcicfg #154] bus=0 dev=7 func=0 off=0x00 size=4 write=0 val=0xFFFFFFFF cfg=absent
[pcicfg #155] bus=0 dev=8 func=0 off=0x00 size=4 write=0 val=0xFFFFFFFF cfg=absent
[pcicfg #156] bus=0 dev=9 func=0 off=0x00 size=4 write=0 val=0xFFFFFFFF cfg=absent
[pcicfg #157] bus=0 dev=10 func=0 off=0x00 size=4 write=0 val=0xFFFFFFFF cfg=absent
[pcicfg #158] bus=0 dev=11 func=0 off=0x00 size=4 write=0 val=0xFFFFFFFF cfg=absent
[pcicfg #159] bus=0 dev=12 func=0 off=0x00 size=4 write=0 val=0xFFFFFFFF cfg=absent
[pcicfg #160] bus=0 dev=13 func=0 off=0x00 size=4 write=0 val=0xFFFFFFFF cfg=absent
[pcicfg #161] bus=0 dev=14 func=0 off=0x00 size=4 write=0 val=0xFFFFFFFF cfg=absent
[pcicfg #162] bus=0 dev=15 func=0 off=0x00 size=4 write=0 val=0xFFFFFFFF cfg=absent
[pcicfg #163] bus=0 dev=16 func=0 off=0x00 size=4 write=0 val=0xFFFFFFFF cfg=absent
[pcicfg #164] bus=0 dev=17 func=0 off=0x00 size=4 write=0 val=0xFFFFFFFF cfg=absent
[pcicfg #165] bus=0 dev=18 func=0 off=0x00 size=4 write=0 val=0xFFFFFFFF cfg=absent
[pcicfg #166] bus=0 dev=19 func=0 off=0x00 size=4 write=0 val=0xFFFFFFFF cfg=absent
[pcicfg #167] bus=0 dev=20 func=0 off=0x00 size=4 write=0 val=0xFFFFFFFF cfg=absent
[pcicfg #168] bus=0 dev=21 func=0 off=0x00 size=4 write=0 val=0xFFFFFFFF cfg=absent
[pcicfg #169] bus=0 dev=22 func=0 off=0x00 size=4 write=0 val=0xFFFFFFFF cfg=absent
[pcicfg #170] bus=0 dev=23 func=0 off=0x00 size=4 write=0 val=0xFFFFFFFF cfg=absent
[pcicfg #171] bus=0 dev=24 func=0 off=0x00 size=4 write=0 val=0xFFFFFFFF cfg=absent
[pcicfg #172] bus=0 dev=25 func=0 off=0x00 size=4 write=0 val=0xFFFFFFFF cfg=absent
[pcicfg #173] bus=0 dev=26 func=0 off=0x00 size=4 write=0 val=0xFFFFFFFF cfg=absent
[pcicfg #174] bus=0 dev=27 func=0 off=0x00 size=4 write=0 val=0xFFFFFFFF cfg=absent
[pcicfg #175] bus=0 dev=28 func=0 off=0x00 size=4 write=0 val=0xFFFFFFFF cfg=absent
[pcicfg #176] bus=0 dev=29 func=0 off=0x00 size=4 write=0 val=0xFFFFFFFF cfg=absent
[pcicfg #177] bus=0 dev=30 func=0 off=0x00 size=4 write=0 val=0xFFFFFFFF cfg=absent
[pcicfg #178] bus=0 dev=31 func=0 off=0x00 size=4 write=0 val=0xFFFFFFFF cfg=absent
[pcicfg #179] bus=0 dev=0 func=0 off=0x00 size=4 write=0 val=0x12378086 cfg=present
[pcicfg #180] bus=0 dev=0 func=0 off=0x00 size=4 write=0 val=0x12378086 cfg=present
[pcicfg #181] bus=0 dev=0 func=0 off=0x04 size=4 write=0 val=0x0 cfg=present
[pcicfg #182] bus=0 dev=0 func=0 off=0x08 size=4 write=0 val=0x6000002 cfg=present
[pcicfg #183] bus=0 dev=0 func=0 off=0x0C size=4 write=0 val=0x0 cfg=present
[pcicfg #184] bus=0 dev=0 func=0 off=0x10 size=4 write=0 val=0x0 cfg=present
[pcicfg #185] bus=0 dev=0 func=0 off=0x14 size=4 write=0 val=0x0 cfg=present
[pcicfg #186] bus=0 dev=0 func=0 off=0x18 size=4 write=0 val=0x0 cfg=present
[pcicfg #187] bus=0 dev=0 func=0 off=0x1C size=4 write=0 val=0x0 cfg=present
[pcicfg #188] bus=0 dev=0 func=0 off=0x20 size=4 write=0 val=0x0 cfg=present
[pcicfg #189] bus=0 dev=0 func=0 off=0x24 size=4 write=0 val=0x0 cfg=present
[pcicfg #190] bus=0 dev=0 func=0 off=0x28 size=4 write=0 val=0x0 cfg=present
[pcicfg #191] bus=0 dev=0 func=0 off=0x2C size=4 write=0 val=0x0 cfg=present
[pcicfg #192] bus=0 dev=0 func=0 off=0x30 size=4 write=0 val=0x0 cfg=present
[pcicfg #193] bus=0 dev=0 func=0 off=0x34 size=4 write=0 val=0x0 cfg=present
[pcicfg #194] bus=0 dev=0 func=0 off=0x38 size=4 write=0 val=0x0 cfg=present
[pcicfg #195] bus=0 dev=0 func=0 off=0x3C size=4 write=0 val=0x0 cfg=present
[pcicfg #196] bus=0 dev=0 func=0 off=0x04 size=2 write=0 val=0x0 cfg=present
[pcicfg #197] bus=0 dev=0 func=0 off=0x04 size=2 write=1 val=0x0 cfg=present
[pcicfg #198] bus=0 dev=0 func=0 off=0x10 size=4 write=0 val=0x0 cfg=present
[pcicfg #199] bus=0 dev=0 func=0 off=0x10 size=4 write=1 val=0xFFFFFFFF cfg=present
[pcicfg #200] bus=0 dev=0 func=0 off=0x10 size=4 write=0 val=0x0 cfg=present
[pcicfg #201] bus=0 dev=0 func=0 off=0x10 size=4 write=1 val=0x0 cfg=present
[pcicfg #202] bus=0 dev=0 func=0 off=0x14 size=4 write=0 val=0x0 cfg=present
[pcicfg #203] bus=0 dev=0 func=0 off=0x14 size=4 write=1 val=0xFFFFFFFF cfg=present
[pcicfg #204] bus=0 dev=0 func=0 off=0x14 size=4 write=0 val=0x0 cfg=present
[pcicfg #205] bus=0 dev=0 func=0 off=0x14 size=4 write=1 val=0x0 cfg=present
[pcicfg #206] bus=0 dev=0 func=0 off=0x18 size=4 write=0 val=0x0 cfg=present
[pcicfg #207] bus=0 dev=0 func=0 off=0x18 size=4 write=1 val=0xFFFFFFFF cfg=present
[pcicfg #208] bus=0 dev=0 func=0 off=0x18 size=4 write=0 val=0x0 cfg=present
[pcicfg #209] bus=0 dev=0 func=0 off=0x18 size=4 write=1 val=0x0 cfg=present
[pcicfg #210] bus=0 dev=0 func=0 off=0x1C size=4 write=0 val=0x0 cfg=present
[pcicfg #211] bus=0 dev=0 func=0 off=0x1C size=4 write=1 val=0xFFFFFFFF cfg=present
[pcicfg #212] bus=0 dev=0 func=0 off=0x1C size=4 write=0 val=0x0 cfg=present
[pcicfg #213] bus=0 dev=0 func=0 off=0x1C size=4 write=1 val=0x0 cfg=present
[pcicfg #214] bus=0 dev=0 func=0 off=0x20 size=4 write=0 val=0x0 cfg=present
[pcicfg #215] bus=0 dev=0 func=0 off=0x20 size=4 write=1 val=0xFFFFFFFF cfg=present
[pcicfg #216] bus=0 dev=0 func=0 off=0x20 size=4 write=0 val=0x0 cfg=present
[pcicfg #217] bus=0 dev=0 func=0 off=0x20 size=4 write=1 val=0x0 cfg=present
[pcicfg #218] bus=0 dev=0 func=0 off=0x24 size=4 write=0 val=0x0 cfg=present
[pcicfg #219] bus=0 dev=0 func=0 off=0x24 size=4 write=1 val=0xFFFFFFFF cfg=present
[pcicfg #220] bus=0 dev=0 func=0 off=0x24 size=4 write=0 val=0x0 cfg=present
[pcicfg #221] bus=0 dev=0 func=0 off=0x24 size=4 write=1 val=0x0 cfg=present
[pcicfg #222] bus=0 dev=0 func=0 off=0x30 size=4 write=1 val=0xFFFFFFFE cfg=present
[pcicfg #223] bus=0 dev=0 func=0 off=0x30 size=4 write=0 val=0x0 cfg=present
[pcicfg #224] bus=0 dev=1 func=0 off=0x00 size=4 write=0 val=0x70008086 cfg=present
[pcicfg #225] bus=0 dev=1 func=0 off=0x00 size=4 write=0 val=0x70008086 cfg=present
[pcicfg #226] bus=0 dev=1 func=0 off=0x04 size=4 write=0 val=0x0 cfg=present
[pcicfg #227] bus=0 dev=1 func=0 off=0x08 size=4 write=0 val=0x6010000 cfg=present
[pcicfg #228] bus=0 dev=1 func=0 off=0x0C size=4 write=0 val=0x800000 cfg=present
[pcicfg #229] bus=0 dev=1 func=0 off=0x10 size=4 write=0 val=0x0 cfg=present
[pcicfg #230] bus=0 dev=1 func=0 off=0x14 size=4 write=0 val=0x0 cfg=present
[pcicfg #231] bus=0 dev=1 func=0 off=0x18 size=4 write=0 val=0x0 cfg=present
[pcicfg #232] bus=0 dev=1 func=0 off=0x1C size=4 write=0 val=0x0 cfg=present
[pcicfg #233] bus=0 dev=1 func=0 off=0x20 size=4 write=0 val=0x0 cfg=present
[pcicfg #234] bus=0 dev=1 func=0 off=0x24 size=4 write=0 val=0x0 cfg=present
[pcicfg #235] bus=0 dev=1 func=0 off=0x28 size=4 write=0 val=0x0 cfg=present
[pcicfg #236] bus=0 dev=1 func=0 off=0x2C size=4 write=0 val=0x0 cfg=present
[pcicfg #237] bus=0 dev=1 func=0 off=0x30 size=4 write=0 val=0x0 cfg=present
[pcicfg #238] bus=0 dev=1 func=0 off=0x34 size=4 write=0 val=0x0 cfg=present
[pcicfg #239] bus=0 dev=1 func=0 off=0x38 size=4 write=0 val=0x0 cfg=present
[pcicfg #240] bus=0 dev=1 func=0 off=0x3C size=4 write=0 val=0x0 cfg=present
[pcicfg #241] bus=0 dev=1 func=0 off=0x04 size=2 write=0 val=0x0 cfg=present
[pcicfg #242] bus=0 dev=1 func=0 off=0x04 size=2 write=1 val=0x0 cfg=present
[pcicfg #243] bus=0 dev=1 func=0 off=0x10 size=4 write=0 val=0x0 cfg=present
[pcicfg #244] bus=0 dev=1 func=0 off=0x10 size=4 write=1 val=0xFFFFFFFF cfg=present
[pcicfg #245] bus=0 dev=1 func=0 off=0x10 size=4 write=0 val=0x0 cfg=present
[pcicfg #246] bus=0 dev=1 func=0 off=0x10 size=4 write=1 val=0x0 cfg=present
[pcicfg #247] bus=0 dev=1 func=0 off=0x14 size=4 write=0 val=0x0 cfg=present
[pcicfg #248] bus=0 dev=1 func=0 off=0x14 size=4 write=1 val=0xFFFFFFFF cfg=present
[pcicfg #249] bus=0 dev=1 func=0 off=0x14 size=4 write=0 val=0x0 cfg=present
[pcicfg #250] bus=0 dev=1 func=0 off=0x14 size=4 write=1 val=0x0 cfg=present
[pcicfg #251] bus=0 dev=1 func=0 off=0x18 size=4 write=0 val=0x0 cfg=present
[pcicfg #252] bus=0 dev=1 func=0 off=0x18 size=4 write=1 val=0xFFFFFFFF cfg=present
[pcicfg #253] bus=0 dev=1 func=0 off=0x18 size=4 write=0 val=0x0 cfg=present
[pcicfg #254] bus=0 dev=1 func=0 off=0x18 size=4 write=1 val=0x0 cfg=present
[pcicfg #255] bus=0 dev=1 func=0 off=0x1C size=4 write=0 val=0x0 cfg=present
[pcicfg #256] bus=0 dev=1 func=0 off=0x1C size=4 write=1 val=0xFFFFFFFF cfg=present
[pcicfg #257] bus=0 dev=1 func=0 off=0x1C size=4 write=0 val=0x0 cfg=present
[pcicfg #258] bus=0 dev=1 func=0 off=0x1C size=4 write=1 val=0x0 cfg=present
[pcicfg #259] bus=0 dev=1 func=0 off=0x20 size=4 write=0 val=0x0 cfg=present
[pcicfg #260] bus=0 dev=1 func=0 off=0x20 size=4 write=1 val=0xFFFFFFFF cfg=present
[pcicfg #261] bus=0 dev=1 func=0 off=0x20 size=4 write=0 val=0x0 cfg=present
[pcicfg #262] bus=0 dev=1 func=0 off=0x20 size=4 write=1 val=0x0 cfg=present
[pcicfg #263] bus=0 dev=1 func=0 off=0x24 size=4 write=0 val=0x0 cfg=present
[pcicfg #264] bus=0 dev=1 func=0 off=0x24 size=4 write=1 val=0xFFFFFFFF cfg=present
[pcicfg #265] bus=0 dev=1 func=0 off=0x24 size=4 write=0 val=0x0 cfg=present
[pcicfg #266] bus=0 dev=1 func=0 off=0x24 size=4 write=1 val=0x0 cfg=present
[pcicfg #267] bus=0 dev=1 func=0 off=0x30 size=4 write=1 val=0xFFFFFFFE cfg=present
[pcicfg #268] bus=0 dev=1 func=0 off=0x30 size=4 write=0 val=0x0 cfg=present
[pcicfg #269] bus=0 dev=1 func=1 off=0x00 size=4 write=0 val=0xFFFFFFFF cfg=absent
[pcicfg #270] bus=0 dev=1 func=2 off=0x00 size=4 write=0 val=0xFFFFFFFF cfg=absent
[pcicfg #271] bus=0 dev=1 func=3 off=0x00 size=4 write=0 val=0x71138086 cfg=present
[pcicfg #272] bus=0 dev=1 func=3 off=0x00 size=4 write=0 val=0x71138086 cfg=present
[pcicfg #273] bus=0 dev=1 func=3 off=0x04 size=4 write=0 val=0x0 cfg=present
[pcicfg #274] bus=0 dev=1 func=3 off=0x08 size=4 write=0 val=0x6800000 cfg=present
[pcicfg #275] bus=0 dev=1 func=3 off=0x0C size=4 write=0 val=0x0 cfg=present
[pcicfg #276] bus=0 dev=1 func=3 off=0x10 size=4 write=0 val=0x0 cfg=present
[pcicfg #277] bus=0 dev=1 func=3 off=0x14 size=4 write=0 val=0x0 cfg=present
[pcicfg #278] bus=0 dev=1 func=3 off=0x18 size=4 write=0 val=0x0 cfg=present
[pcicfg #279] bus=0 dev=1 func=3 off=0x1C size=4 write=0 val=0x0 cfg=present
[pcicfg #280] bus=0 dev=1 func=3 off=0x20 size=4 write=0 val=0x0 cfg=present
[pcicfg #281] bus=0 dev=1 func=3 off=0x24 size=4 write=0 val=0x0 cfg=present
[pcicfg #282] bus=0 dev=1 func=3 off=0x28 size=4 write=0 val=0x0 cfg=present
[pcicfg #283] bus=0 dev=1 func=3 off=0x2C size=4 write=0 val=0x0 cfg=present
[pcicfg #284] bus=0 dev=1 func=3 off=0x30 size=4 write=0 val=0x0 cfg=present
[pcicfg #285] bus=0 dev=1 func=3 off=0x34 size=4 write=0 val=0x0 cfg=present
[pcicfg #286] bus=0 dev=1 func=3 off=0x38 size=4 write=0 val=0x0 cfg=present
[pcicfg #287] bus=0 dev=1 func=3 off=0x3C size=4 write=0 val=0x0 cfg=present
[pcicfg #288] bus=0 dev=1 func=3 off=0x04 size=2 write=0 val=0x0 cfg=present
[pcicfg #289] bus=0 dev=1 func=3 off=0x04 size=2 write=1 val=0x0 cfg=present
[pcicfg #290] bus=0 dev=1 func=3 off=0x10 size=4 write=0 val=0x0 cfg=present
[pcicfg #291] bus=0 dev=1 func=3 off=0x10 size=4 write=1 val=0xFFFFFFFF cfg=present
[pcicfg #292] bus=0 dev=1 func=3 off=0x10 size=4 write=0 val=0x0 cfg=present
[pcicfg #293] bus=0 dev=1 func=3 off=0x10 size=4 write=1 val=0x0 cfg=present
[pcicfg #294] bus=0 dev=1 func=3 off=0x14 size=4 write=0 val=0x0 cfg=present
[pcicfg #295] bus=0 dev=1 func=3 off=0x14 size=4 write=1 val=0xFFFFFFFF cfg=present
[pcicfg #296] bus=0 dev=1 func=3 off=0x14 size=4 write=0 val=0x0 cfg=present
[pcicfg #297] bus=0 dev=1 func=3 off=0x14 size=4 write=1 val=0x0 cfg=present
[pcicfg #298] bus=0 dev=1 func=3 off=0x18 size=4 write=0 val=0x0 cfg=present
[pcicfg #299] bus=0 dev=1 func=3 off=0x18 size=4 write=1 val=0xFFFFFFFF cfg=present
[pcicfg #300] bus=0 dev=1 func=3 off=0x18 size=4 write=0 val=0x0 cfg=present
[rtl8139] I/O BAR mapped at 0xC000
[ahci] ABAR mapped at 0xC0000000 (WHvMapGpaRange hr=0x0 OK)
[heartbeat: exitCount=10000 elapsedSec=0.5 lastPort=0xCF8 write=1 val=0x89]
[fwcfg] select #21: selector=0x22
[acpi] acpiBuildTables() firing -- pmBase=0xB000
[fwcfg] select #22: selector=0x20
[fwcfg] select #23: selector=0x21
[2J[001;001H[=3h[2J[001;001H[2J[001;001H[8;056;240t[2J[001;001H[uart2] #1 port=0x2FF write=0 val=0x0
[uart2] #2 port=0x2FF write=1 val=0xAA
[uart2] #3 port=0x2FF write=0 val=0x0
[uart2] #4 port=0x2FF write=1 val=0x55
[uart2] #5 port=0x2FF write=0 val=0x0
[uart2] #6 port=0x2FF write=1 val=0x0
[uart2] #7 port=0x2FD write=0 val=0x0
[uart2] #8 port=0x2FB write=0 val=0x0
[uart2] #9 port=0x2FB write=1 val=0x0
[uart2] #10 port=0x2F9 write=0 val=0x0
[uart2] #11 port=0x2F9 write=1 val=0x0
[uart2] #12 port=0x2FA write=1 val=0x0
[uart2] #13 port=0x2FC write=0 val=0x0
[uart2] #14 port=0x2FC write=1 val=0x0
[uart2] #15 port=0x2FF write=1 val=0x0
[uart2] #16 port=0x2FA write=1 val=0x7
[uart2] #17 port=0x2FD write=0 val=0x0
[uart2] #18 port=0x2FB write=0 val=0x0
[uart2] #19 port=0x2FB write=1 val=0x80
[uart2] #20 port=0x2F8 write=1 val=0x1
[uart2] #21 port=0x2F9 write=1 val=0x0
[uart2] #22 port=0x2FB write=1 val=0x3
[uart2] #23 port=0x2FD write=0 val=0x0
[uart2] #24 port=0x2FC write=0 val=0x0
[uart2] #25 port=0x2FC write=1 val=0x0
[uart2] #26 port=0x2FD write=0 val=0x0
[uart2] #27 port=0x2FB write=0 val=0x0
[uart2] #28 port=0x2FB write=1 val=0x83
[uart2] #29 port=0x2F8 write=1 val=0x1
[uart2] #30 port=0x2F9 write=1 val=0x0
[uart2] #31 port=0x2FB write=1 val=0x3
[uart2] #32 port=0x2FD write=0 val=0x0
[uart2] #33 port=0x2F8 write=1 val=0x1B
[uart2] #34 port=0x2FD write=0 val=0x0
[uart2] #35 port=0x2F8 write=1 val=0x5B
[uart2] #36 port=0x2FD write=0 val=0x0
[uart2] #37 port=0x2F8 write=1 val=0x32
[uart2] #38 port=0x2FD write=0 val=0x0
[uart2] #39 port=0x2F8 write=1 val=0x4A
[uart2] #40 port=0x2FD write=0 val=0x0
[2J[001;001H[=3h[2J[001;001H[2J[001;001H[8;031;100t[2J[001;001H[heartbeat: exitCount=15000 elapsedSec=0.8 lastPort=0xB008 write=0 val=0x89]
[heartbeat: exitCount=20000 elapsedSec=0.9 lastPort=0xB008 write=0 val=0x89]
[aux] controller: disable AUX port
[ahci] GHC.AE set -- controller enabled
[ahci] PxCMD.ST set -- port 0 started
[ahci] cmd #1: ataCmd=0xEC lba=0 count=1 prdtl=1
[ahci] cmd #2: ataCmd=0xEF lba=0 count=1 prdtl=0
[ahci] cmd #3: ataCmd=0xEC lba=0 count=256 prdtl=1
[ahci] cmd #4: ataCmd=0x20 lba=0 count=1 prdtl=1
[ahci] cmd #5: ataCmd=0x20 lba=1 count=1 prdtl=1
[ahci] cmd #6: ataCmd=0x20 lba=2 count=32 prdtl=1
[ahci] cmd #7: ataCmd=0x20 lba=16777215 count=1 prdtl=1
[ahci] cmd #8: ataCmd=0x20 lba=16777183 count=32 prdtl=1
[ahci] cmd #9: ataCmd=0x20 lba=2 count=32 prdtl=1
[ahci] cmd #10: ataCmd=0x20 lba=34 count=1 prdtl=1
[ahci] cmd #11: ataCmd=0x20 lba=98 count=4 prdtl=1
[ahci] cmd #12: ataCmd=0x20 lba=98 count=1 prdtl=1
[ahci] cmd #13: ataCmd=0x20 lba=34 count=1 prdtl=1
[ahci] cmd #14: ataCmd=0x20 lba=34 count=1 prdtl=1
[ahci] cmd #15: ataCmd=0x20 lba=32768 count=1 prdtl=1
[ahci] cmd #16: ataCmd=0x20 lba=32832 count=4 prdtl=1
[ahci] cmd #17: ataCmd=0x20 lba=32832 count=1 prdtl=1
[ahci] cmd #18: ataCmd=0x20 lba=32768 count=1 prdtl=1
[ahci] cmd #19: ataCmd=0x20 lba=32768 count=1 prdtl=1
[ahci] cmd #20: ataCmd=0x20 lba=33598 count=1 prdtl=1
[ahci] cmd #21: ataCmd=0x20 lba=32769 count=1 prdtl=1
[ahci] cmd #22: ataCmd=0x20 lba=0 count=1 prdtl=1
[ahci] cmd #23: ataCmd=0x20 lba=1 count=1 prdtl=1
[ahci] cmd #24: ataCmd=0x20 lba=2 count=32 prdtl=1
[ahci] cmd #25: ataCmd=0x20 lba=16777215 count=1 prdtl=1
[ahci] cmd #26: ataCmd=0x20 lba=16777183 count=32 prdtl=1
[ahci] cmd #27: ataCmd=0x20 lba=2 count=32 prdtl=1
[ahci] cmd #28: ataCmd=0x20 lba=34 count=1 prdtl=1
[ahci] cmd #29: ataCmd=0x20 lba=98 count=4 prdtl=1
[ahci] cmd #30: ataCmd=0x20 lba=98 count=1 prdtl=1
[ahci] cmd #31: ataCmd=0x20 lba=34 count=1 prdtl=1
[ahci] cmd #32: ataCmd=0x20 lba=34 count=1 prdtl=1
[heartbeat: exitCount=25000 elapsedSec=1.1 lastPort=0xCFD write=0 val=0x0]
[ahci] cmd #33: ataCmd=0x20 lba=0 count=1 prdtl=1
[ahci] cmd #34: ataCmd=0x20 lba=1 count=1 prdtl=1
[ahci] cmd #35: ataCmd=0x20 lba=2 count=32 prdtl=1
[ahci] cmd #36: ataCmd=0x20 lba=16777215 count=1 prdtl=1
[ahci] cmd #37: ataCmd=0x20 lba=16777183 count=32 prdtl=1
[ahci] cmd #38: ataCmd=0x20 lba=2 count=32 prdtl=1
[ahci] cmd #39: ataCmd=0x20 lba=34 count=1 prdtl=1
[ahci] cmd #40: ataCmd=0x20 lba=98 count=4 prdtl=1
[ahci] cmd #41: ataCmd=0x20 lba=98 count=1 prdtl=1
[ahci] cmd #42: ataCmd=0x20 lba=34 count=1 prdtl=1
[ahci] cmd #43: ataCmd=0x20 lba=34 count=1 prdtl=1
[ahci] cmd #44: ataCmd=0x20 lba=0 count=1 prdtl=1
[ahci] cmd #45: ataCmd=0x20 lba=1 count=1 prdtl=1
[ahci] cmd #46: ataCmd=0x20 lba=2 count=32 prdtl=1
[ahci] cmd #47: ataCmd=0x20 lba=16777215 count=1 prdtl=1
[ahci] cmd #48: ataCmd=0x20 lba=16777183 count=32 prdtl=1
[ahci] cmd #49: ataCmd=0x20 lba=2 count=32 prdtl=1
[ahci] cmd #50: ataCmd=0x20 lba=34 count=1 prdtl=1
[ahci] cmd #51: ataCmd=0x20 lba=98 count=4 prdtl=1
[ahci] cmd #52: ataCmd=0x20 lba=98 count=1 prdtl=1
[ahci] cmd #53: ataCmd=0x20 lba=34 count=1 prdtl=1
[ahci] cmd #54: ataCmd=0x20 lba=34 count=1 prdtl=1
[ahci] cmd #55: ataCmd=0x20 lba=34 count=1 prdtl=1
[ahci] cmd #56: ataCmd=0x20 lba=98 count=4 prdtl=1
[ahci] cmd #57: ataCmd=0x20 lba=98 count=1 prdtl=1
[ahci] cmd #58: ataCmd=0x20 lba=34 count=1 prdtl=1
[ahci] cmd #59: ataCmd=0x20 lba=34 count=1 prdtl=1
[ahci] cmd #60: ataCmd=0x20 lba=0 count=1 prdtl=1
[ahci] cmd #61: ataCmd=0x20 lba=1 count=1 prdtl=1
[ahci] cmd #62: ataCmd=0x20 lba=2 count=32 prdtl=1
[ahci] cmd #63: ataCmd=0x20 lba=16777215 count=1 prdtl=1
[ahci] cmd #64: ataCmd=0x20 lba=16777183 count=32 prdtl=1
[ahci] cmd #65: ataCmd=0x20 lba=2 count=32 prdtl=1
[ahci] cmd #66: ataCmd=0x20 lba=34 count=1 prdtl=1
[ahci] cmd #67: ataCmd=0x20 lba=98 count=4 prdtl=1
[ahci] cmd #68: ataCmd=0x20 lba=98 count=1 prdtl=1
[ahci] cmd #69: ataCmd=0x20 lba=34 count=1 prdtl=1
[ahci] cmd #70: ataCmd=0x20 lba=34 count=1 prdtl=1
[ahci] cmd #71: ataCmd=0x20 lba=0 count=1 prdtl=1
[ahci] cmd #72: ataCmd=0x20 lba=33598 count=64 prdtl=1
[ahci] cmd #73: ataCmd=0x20 lba=65536 count=128 prdtl=1
[ahci] cmd #74: ataCmd=0x20 lba=69504 count=128 prdtl=1
[ahci] cmd #75: ataCmd=0x20 lba=69632 count=128 prdtl=1
[ahci] cmd #76: ataCmd=0x20 lba=42814 count=64 prdtl=1
[ahci] cmd #77: ataCmd=0x20 lba=9560960 count=128 prdtl=1
[ahci] cmd #78: ataCmd=0x20 lba=9561088 count=256 prdtl=1
[ahci] cmd #79: ataCmd=0x20 lba=9561344 count=256 prdtl=1
[ahci] cmd #80: ataCmd=0x20 lba=9561600 count=256 prdtl=1
[ahci] cmd #81: ataCmd=0x20 lba=9561856 count=256 prdtl=1
[ahci] cmd #82: ataCmd=0x20 lba=9562112 count=256 prdtl=1
[ahci] cmd #83: ataCmd=0x20 lba=9562368 count=256 prdtl=1
[ahci] cmd #84: ataCmd=0x20 lba=9562624 count=256 prdtl=1
[ahci] cmd #85: ataCmd=0x20 lba=9562880 count=256 prdtl=1
[ahci] cmd #86: ataCmd=0x20 lba=9563136 count=256 prdtl=1
[ahci] cmd #87: ataCmd=0x20 lba=9563392 count=256 prdtl=1
[ahci] cmd #88: ataCmd=0x20 lba=9563648 count=256 prdtl=1
[ahci] cmd #89: ataCmd=0x20 lba=9563904 count=128 prdtl=1
[ahci] cmd #90: ataCmd=0x20 lba=9564032 count=128 prdtl=1
BdsDxe: loading Boot0002 "UEFI LocalHost Virtual Disk LH0001 " from PciRoot(0x0)/Pci(0x2,0x0)/Sata(0x0,0xFFFF,0x0)
BdsDxe: starting Boot0002 "UEFI LocalHost Virtual Disk LH0001 " from PciRoot(0x0)/Pci(0x2,0x0)/Sata(0x0,0xFFFF,0x0)
[ahci] cmd #91: ataCmd=0x20 lba=0 count=1 prdtl=1
[ahci] cmd #92: ataCmd=0x20 lba=1 count=1 prdtl=1
[ahci] cmd #93: ataCmd=0x20 lba=1 count=1 prdtl=1
[ahci] cmd #94: ataCmd=0x20 lba=2 count=32 prdtl=1
[ahci] cmd #95: ataCmd=0x20 lba=0 count=1 prdtl=1
[ahci] cmd #96: ataCmd=0x20 lba=1 count=1 prdtl=1
[ahci] cmd #97: ataCmd=0x20 lba=1 count=1 prdtl=1
[ahci] cmd #98: ataCmd=0x20 lba=2 count=32 prdtl=1
[heartbeat: exitCount=30000 elapsedSec=1.6 lastPort=0xB008 write=0 val=0x89]
[ahci] cmd #99: ataCmd=0x20 lba=32768 count=16 prdtl=1
[ahci] cmd #100: ataCmd=0x20 lba=0 count=1 prdtl=1
[ahci] cmd #101: ataCmd=0x20 lba=1 count=1 prdtl=1
[ahci] cmd #102: ataCmd=0x20 lba=2 count=32 prdtl=1
[ahci] cmd #103: ataCmd=0x20 lba=32768 count=64 prdtl=1
[ahci] cmd #104: ataCmd=0x20 lba=33536 count=64 prdtl=1
[ahci] cmd #105: ataCmd=0x20 lba=33600 count=64 prdtl=1
[ahci] cmd #106: ataCmd=0x20 lba=65536 count=64 prdtl=1
[ahci] cmd #107: ataCmd=0x20 lba=33601 count=4 prdtl=1
[ahci] cmd #108: ataCmd=0x20 lba=69568 count=64 prdtl=1
[ahci] cmd #109: ataCmd=0x20 lba=69632 count=64 prdtl=1
[ahci] cmd #110: ataCmd=0x20 lba=42874 count=4 prdtl=1
[ahci] cmd #111: ataCmd=0x20 lba=9564096 count=64 prdtl=1
[ahci] cmd #112: ataCmd=0x20 lba=33601 count=4 prdtl=1
[ahci] cmd #113: ataCmd=0x20 lba=42874 count=4 prdtl=1
[ahci] cmd #114: ataCmd=0x20 lba=43326 count=4 prdtl=1
[ahci] cmd #115: ataCmd=0x20 lba=10027016 count=40 prdtl=1
[ahci] cmd #116: ataCmd=0x20 lba=42874 count=4 prdtl=1
[ahci] cmd #117: ataCmd=0x20 lba=43056 count=4 prdtl=1
[ahci] cmd #118: ataCmd=0x20 lba=9750952 count=20 prdtl=1
[ahci] cmd #119: ataCmd=0x20 lba=42874 count=4 prdtl=1
[ahci] cmd #120: ataCmd=0x20 lba=33602 count=4 prdtl=1
[ahci] cmd #121: ataCmd=0x20 lba=42870 count=4 prdtl=1
[ahci] cmd #122: ataCmd=0x20 lba=42873 count=4 prdtl=1
[ahci] cmd #123: ataCmd=0x20 lba=9561000 count=256 prdtl=1
[ahci] cmd #124: ataCmd=0x20 lba=9561256 count=256 prdtl=1
[ahci] cmd #125: ataCmd=0x20 lba=9561512 count=256 prdtl=1
[ahci] cmd #126: ataCmd=0x20 lba=9561768 count=256 prdtl=1
[ahci] cmd #127: ataCmd=0x20 lba=9562024 count=256 prdtl=1
[ahci] cmd #128: ataCmd=0x20 lba=9562280 count=256 prdtl=1
[ahci] cmd #129: ataCmd=0x20 lba=9562536 count=256 prdtl=1
[ahci] cmd #130: ataCmd=0x20 lba=9562792 count=256 prdtl=1
[ahci] cmd #131: ataCmd=0x20 lba=9563048 count=256 prdtl=1
[ahci] cmd #132: ataCmd=0x20 lba=9563304 count=256 prdtl=1
[ahci] cmd #133: ataCmd=0x20 lba=9563560 count=256 prdtl=1
[ahci] cmd #134: ataCmd=0x20 lba=9563816 count=256 prdtl=1
[ahci] cmd #135: ataCmd=0x20 lba=9564072 count=35 prdtl=1
[ahci] cmd #136: ataCmd=0x20 lba=33598 count=4 prdtl=1
[ahci] cmd #137: ataCmd=0x20 lba=33602 count=4 prdtl=1
[ahci] cmd #138: ataCmd=0x20 lba=34622 count=4 prdtl=1
[ahci] cmd #139: ataCmd=0x20 lba=1114112 count=64 prdtl=1
[ahci] cmd #140: ataCmd=0x20 lba=42814 count=4 prdtl=1
[ahci] cmd #141: ataCmd=0x20 lba=9502720 count=64 prdtl=1
[ahci] cmd #142: ataCmd=0x20 lba=33602 count=4 prdtl=1
[ahci] cmd #143: ataCmd=0x20 lba=34622 count=4 prdtl=1
[ahci] cmd #144: ataCmd=0x20 lba=42814 count=4 prdtl=1
[ahci] cmd #145: ataCmd=0x20 lba=33602 count=4 prdtl=1
[ahci] cmd #146: ataCmd=0x20 lba=33598 count=4 prdtl=1
[ahci] cmd #147: ataCmd=0x20 lba=33601 count=4 prdtl=1
[ahci] cmd #148: ataCmd=0x20 lba=42874 count=4 prdtl=1
[ahci] cmd #149: ataCmd=0x20 lba=43059 count=4 prdtl=1
[ahci] cmd #150: ataCmd=0x20 lba=9754240 count=64 prdtl=1
[ahci] cmd #151: ataCmd=0x20 lba=43091 count=4 prdtl=1
[ahci] cmd #152: ataCmd=0x20 lba=9786872 count=1 prdtl=1
[ahci] cmd #153: ataCmd=0x20 lba=9786872 count=1 prdtl=1
[ahci] cmd #154: ataCmd=0x20 lba=9786872 count=1 prdtl=1
[ahci] cmd #155: ataCmd=0x20 lba=9786872 count=1 prdtl=1
[ahci] cmd #156: ataCmd=0x20 lba=9786872 count=1 prdtl=1
[ahci] cmd #157: ataCmd=0x20 lba=9786872 count=1 prdtl=1
[ahci] cmd #158: ataCmd=0x20 lba=9786872 count=7 prdtl=1
[ahci] cmd #159: ataCmd=0x20 lba=9786878 count=4 prdtl=1
[ahci] cmd #160: ataCmd=0x20 lba=9786881 count=1 prdtl=1
[ahci] cmd #161: ataCmd=0x20 lba=9786881 count=4 prdtl=1
[ahci] cmd #162: ataCmd=0x20 lba=9786884 count=137 prdtl=1
[ahci] cmd #163: ataCmd=0x20 lba=9787020 count=4 prdtl=1
[ahci] cmd #164: ataCmd=0x20 lba=9787023 count=1 prdtl=1
[ahci] cmd #165: ataCmd=0x20 lba=9787023 count=1 prdtl=1
[ahci] cmd #166: ataCmd=0x20 lba=9787023 count=16 prdtl=1
[ahci] cmd #167: ataCmd=0x20 lba=43059 count=4 prdtl=1
[ahci] cmd #168: ataCmd=0x20 lba=43090 count=4 prdtl=1
[ahci] cmd #169: ataCmd=0x20 lba=9786304 count=1 prdtl=1
[ahci] cmd #170: ataCmd=0x20 lba=9786304 count=1 prdtl=1
[ahci] cmd #171: ataCmd=0x20 lba=9786304 count=1 prdtl=1
[ahci] cmd #172: ataCmd=0x20 lba=9786304 count=1 prdtl=1
[ahci] cmd #173: ataCmd=0x20 lba=9786304 count=1 prdtl=1
[ahci] cmd #174: ataCmd=0x20 lba=9786304 count=1 prdtl=1
[ahci] cmd #175: ataCmd=0x20 lba=9786304 count=4 prdtl=1
[ahci] cmd #176: ataCmd=0x20 lba=9786307 count=2 prdtl=1
[ahci] cmd #177: ataCmd=0x20 lba=9786308 count=3 prdtl=1
[ahci] cmd #178: ataCmd=0x20 lba=9786310 count=63 prdtl=1
[ahci] cmd #179: ataCmd=0x20 lba=9786372 count=3 prdtl=1
[ahci] cmd #180: ataCmd=0x20 lba=9786374 count=1 prdtl=1
[ahci] cmd #181: ataCmd=0x20 lba=9786374 count=16 prdtl=1
[ahci] cmd #182: ataCmd=0x20 lba=43059 count=4 prdtl=1
[ahci] cmd #183: ataCmd=0x20 lba=43091 count=4 prdtl=1
[ahci] cmd #184: ataCmd=0x20 lba=9787040 count=1 prdtl=1
[ahci] cmd #185: ataCmd=0x20 lba=9787040 count=1 prdtl=1
[ahci] cmd #186: ataCmd=0x20 lba=9787040 count=1 prdtl=1
[ahci] cmd #187: ataCmd=0x20 lba=9787040 count=1 prdtl=1
[ahci] cmd #188: ataCmd=0x20 lba=9787040 count=1 prdtl=1
[ahci] cmd #189: ataCmd=0x20 lba=9787040 count=1 prdtl=1
[ahci] cmd #190: ataCmd=0x20 lba=9787040 count=7 prdtl=1
[ahci] cmd #191: ataCmd=0x20 lba=9787046 count=4 prdtl=1
[ahci] cmd #192: ataCmd=0x20 lba=9787049 count=3 prdtl=1
[ahci] cmd #193: ataCmd=0x20 lba=9787051 count=1 prdtl=1
[ahci] cmd #194: ataCmd=0x20 lba=9787051 count=3 prdtl=1
[ahci] cmd #195: ataCmd=0x20 lba=9787053 count=14 prdtl=1
[ahci] cmd #196: ataCmd=0x20 lba=9787066 count=48 prdtl=1
[ahci] cmd #197: ataCmd=0x20 lba=9787113 count=6 prdtl=1
[ahci] cmd #198: ataCmd=0x20 lba=9787118 count=15 prdtl=1
[ahci] cmd #199: ataCmd=0x20 lba=9787040 count=1 prdtl=1
[2J[001;001H[=3h[2J[001;001H[heartbeat: exitCount=35000 elapsedSec=2.0 lastPort=0xB008 write=0 val=0x89]
[heartbeat: exitCount=40000 elapsedSec=2.3 lastPort=0xB008 write=0 val=0x89]
[heartbeat: exitCount=45000 elapsedSec=2.7 lastPort=0xB008 write=0 val=0x89]
[heartbeat: exitCount=50000 elapsedSec=2.9 lastPort=0xB008 write=0 val=0x89]
[heartbeat: exitCount=55000 elapsedSec=3.1 lastPort=0xB008 write=0 val=0x89]
[heartbeat: exitCount=60000 elapsedSec=3.3 lastPort=0xB008 write=0 val=0x89]
[heartbeat: exitCount=65000 elapsedSec=3.5 lastPort=0xB008 write=0 val=0x89]
[heartbeat: exitCount=70000 elapsedSec=3.7 lastPort=0xB008 write=0 val=0x89]
[heartbeat: exitCount=75000 elapsedSec=4.0 lastPort=0xB008 write=0 val=0x89]
[heartbeat: exitCount=80000 elapsedSec=4.2 lastPort=0xB008 write=0 val=0x89]
[heartbeat: exitCount=85000 elapsedSec=4.4 lastPort=0xB008 write=0 val=0x89]
[heartbeat: exitCount=90000 elapsedSec=7.6 lastPort=0x70 write=1 val=0x87]
[aux] controller: disable AUX port
[heartbeat: exitCount=95000 elapsedSec=8.5 lastPort=0xCF8 write=1 val=0x0]
[heartbeat: exitCount=100000 elapsedSec=8.5 lastPort=0xCF8 write=1 val=0x0]
[heartbeat: exitCount=105000 elapsedSec=8.6 lastPort=0xCF8 write=1 val=0x0]
[kerneldiag] candidate address 0xFFFFF803259A57DD resolves to module base 0xFFFFF80325600000 (+0x3A57DD into it)
[kerneldiag] debug directory: type=2 codeViewRva=0x40970
[kerneldiag] module PDB name: ntkrnlmp.pdb guid=D9424FC4-861E-47C1-0FAD1B35DEC6DCC8 age=1
[wp] DISCOVERY at exitCount=107795 (pass 1)
[wp] armed breakpoints at module base 0xFFFFF80325600000 (DR2 LFH-check armed=0): DR0=+0xA3D054 (U34 ExInitializePoolHeapManagement entry, VA=0xFFFFF8032603D054), DR1=+0x3FD6F0 (KeBugCheckEx, VA=0xFFFFF803259FD6F0), DR2=+0x343B49 (RtlpHpLfhOwnerMoveSubsegment entry, VA=0xFFFFF80325943B49), DR3=+0x9A188F (HalpIommuInitSystem ret, VA=0xFFFFF80325FA188F)
[u32] ExPoolState pool-descriptor fields (pass 1):
[u32]   pool[0] desc@RVA0xC57EC0: +0x08=0x0 +0x10=0x0  <== +0x10 NULL
[u32]   pool[1] desc@RVA0xC59F80: +0x08=0x0 +0x10=0x0  <== +0x10 NULL
[u32]   pool[2] desc@RVA0xC5C040: +0x08=0x0 +0x10=0x0  <== +0x10 NULL
[u32]   pool[3] desc@RVA0xC5E100: +0x08=0x0 +0x10=0x0  <== +0x10 NULL
[u32]   pool[4] desc@RVA0xC601C0: +0x08=0x0 +0x10=0x0  <== +0x10 NULL
[u32]   pool[5] desc@RVA0xC62280: +0x08=0x0 +0x10=0x0  <== +0x10 NULL
[u32]   pool[6] desc@RVA0xC64340: +0x08=0x0 +0x10=0x0  <== +0x10 NULL
[u32]   pool[7] desc@RVA0xC66400: +0x08=0x0 +0x10=0x0  <== +0x10 NULL
[u27] dumped kernel image to ntoskrnl_dump.bin (4096/4096 pages readable)
[u33] baseline pass=1 exitCount=107795 pool[0] +0x08=0x0 +0x10=0x0
[u33] baseline pass=1 exitCount=107795 pool[1] +0x08=0x0 +0x10=0x0
[u33] baseline pass=1 exitCount=107795 pool[2] +0x08=0x0 +0x10=0x0
[u33] baseline pass=1 exitCount=107795 pool[3] +0x08=0x0 +0x10=0x0
[ioapic #1] gpa=0xFEC00000 pageOff=0x0 rip=0xFFFFF803259A57DD write=1 insnLen=0 bytes=16
[ioapic #2] gpa=0xFEC00010 pageOff=0x10 rip=0xFFFFF803259A57E3 write=1 insnLen=0 bytes=16
[ioapic #3] gpa=0xFEC00000 pageOff=0x0 rip=0xFFFFF803259A57EA write=1 insnLen=0 bytes=16
[ioapic #4] gpa=0xFEC00010 pageOff=0x10 rip=0xFFFFF803259A57F0 write=0 insnLen=0 bytes=16
[ioapic #5] gpa=0xFEC00000 pageOff=0x0 rip=0xFFFFF803259A57F3 write=1 insnLen=0 bytes=16
[ioapic #6] gpa=0xFEC00010 pageOff=0x10 rip=0xFFFFF803259A57F9 write=1 insnLen=0 bytes=16
[ioapic #7] gpa=0xFEC00000 pageOff=0x0 rip=0xFFFFF803259A5800 write=1 insnLen=0 bytes=16
[ioapic #8] gpa=0xFEC00010 pageOff=0x10 rip=0xFFFFF803259A5806 write=0 insnLen=0 bytes=16
[ioapic #9] gpa=0xFEC00000 pageOff=0x0 rip=0xFFFFF803259A5835 write=1 insnLen=0 bytes=16
[ioapic #10] gpa=0xFEC00010 pageOff=0x10 rip=0xFFFFF803259A583B write=0 insnLen=0 bytes=16
[ioapic #11] gpa=0xFEC00010 pageOff=0x10 rip=0xFFFFF803259A5846 write=1 insnLen=0 bytes=16
[ioapic #12] gpa=0xFEC00000 pageOff=0x0 rip=0xFFFFF803259A585D write=1 insnLen=0 bytes=16
[ioapic #13] gpa=0xFEC00010 pageOff=0x10 rip=0xFFFFF803259A585F write=0 insnLen=0 bytes=16
[ioapic #14] gpa=0xFEC00010 pageOff=0x10 rip=0xFFFFF803259A587A write=1 insnLen=0 bytes=16
[ioapic #15] gpa=0xFEC00000 pageOff=0x0 rip=0xFFFFF803259A5881 write=1 insnLen=0 bytes=16
[ioapic #16] gpa=0xFEC00010 pageOff=0x10 rip=0xFFFFF803259A5883 write=1 insnLen=0 bytes=16
[ioapic #17] gpa=0xFEC00000 pageOff=0x0 rip=0xFFFFF803259A585D write=1 insnLen=0 bytes=16
[ioapic #18] gpa=0xFEC00010 pageOff=0x10 rip=0xFFFFF803259A585F write=0 insnLen=0 bytes=16
[ioapic #19] gpa=0xFEC00010 pageOff=0x10 rip=0xFFFFF803259A587A write=1 insnLen=0 bytes=16
[ioapic #20] gpa=0xFEC00000 pageOff=0x0 rip=0xFFFFF803259A5881 write=1 insnLen=0 bytes=16
[ioapic #21] gpa=0xFEC00010 pageOff=0x10 rip=0xFFFFF803259A5883 write=1 insnLen=0 bytes=16
[ioapic #22] gpa=0xFEC00000 pageOff=0x0 rip=0xFFFFF803259A585D write=1 insnLen=0 bytes=16
[ioapic #23] gpa=0xFEC00010 pageOff=0x10 rip=0xFFFFF803259A585F write=0 insnLen=0 bytes=16
[ioapic #24] gpa=0xFEC00010 pageOff=0x10 rip=0xFFFFF803259A587A write=1 insnLen=0 bytes=16
[ioapic #25] gpa=0xFEC00000 pageOff=0x0 rip=0xFFFFF803259A5881 write=1 insnLen=0 bytes=16
[ioapic #26] gpa=0xFEC00010 pageOff=0x10 rip=0xFFFFF803259A5883 write=1 insnLen=0 bytes=16
[ioapic #27] gpa=0xFEC00000 pageOff=0x0 rip=0xFFFFF803259A585D write=1 insnLen=0 bytes=16
[ioapic #28] gpa=0xFEC00010 pageOff=0x10 rip=0xFFFFF803259A585F write=0 insnLen=0 bytes=16
[ioapic #29] gpa=0xFEC00010 pageOff=0x10 rip=0xFFFFF803259A587A write=1 insnLen=0 bytes=16
[ioapic #30] gpa=0xFEC00000 pageOff=0x0 rip=0xFFFFF803259A5881 write=1 insnLen=0 bytes=16
[ioapic #31] gpa=0xFEC00010 pageOff=0x10 rip=0xFFFFF803259A5883 write=1 insnLen=0 bytes=16
[ioapic #32] gpa=0xFEC00000 pageOff=0x0 rip=0xFFFFF803259A585D write=1 insnLen=0 bytes=16
[ioapic #33] gpa=0xFEC00010 pageOff=0x10 rip=0xFFFFF803259A585F write=0 insnLen=0 bytes=16
[ioapic #34] gpa=0xFEC00010 pageOff=0x10 rip=0xFFFFF803259A587A write=1 insnLen=0 bytes=16
[ioapic #35] gpa=0xFEC00000 pageOff=0x0 rip=0xFFFFF803259A5881 write=1 insnLen=0 bytes=16
[ioapic #36] gpa=0xFEC00010 pageOff=0x10 rip=0xFFFFF803259A5883 write=1 insnLen=0 bytes=16
[ioapic #37] gpa=0xFEC00000 pageOff=0x0 rip=0xFFFFF803259A585D write=1 insnLen=0 bytes=16
[ioapic #38] gpa=0xFEC00010 pageOff=0x10 rip=0xFFFFF803259A585F write=0 insnLen=0 bytes=16
[ioapic #39] gpa=0xFEC00010 pageOff=0x10 rip=0xFFFFF803259A587A write=1 insnLen=0 bytes=16
[ioapic #40] gpa=0xFEC00000 pageOff=0x0 rip=0xFFFFF803259A5881 write=1 insnLen=0 bytes=16
[ioapic #41] gpa=0xFEC00010 pageOff=0x10 rip=0xFFFFF803259A5883 write=1 insnLen=0 bytes=16
[ioapic #42] gpa=0xFEC00000 pageOff=0x0 rip=0xFFFFF803259A585D write=1 insnLen=0 bytes=16
[ioapic #43] gpa=0xFEC00010 pageOff=0x10 rip=0xFFFFF803259A585F write=0 insnLen=0 bytes=16
[ioapic #44] gpa=0xFEC00010 pageOff=0x10 rip=0xFFFFF803259A587A write=1 insnLen=0 bytes=16
[ioapic #45] gpa=0xFEC00000 pageOff=0x0 rip=0xFFFFF803259A5881 write=1 insnLen=0 bytes=16
[ioapic #46] gpa=0xFEC00010 pageOff=0x10 rip=0xFFFFF803259A5883 write=1 insnLen=0 bytes=16
[ioapic #47] gpa=0xFEC00000 pageOff=0x0 rip=0xFFFFF803259A585D write=1 insnLen=0 bytes=16
[ioapic #48] gpa=0xFEC00010 pageOff=0x10 rip=0xFFFFF803259A585F write=0 insnLen=0 bytes=16
[ioapic #49] gpa=0xFEC00010 pageOff=0x10 rip=0xFFFFF803259A587A write=1 insnLen=0 bytes=16
[ioapic #50] gpa=0xFEC00000 pageOff=0x0 rip=0xFFFFF803259A5881 write=1 insnLen=0 bytes=16
[ioapic #51] gpa=0xFEC00010 pageOff=0x10 rip=0xFFFFF803259A5883 write=1 insnLen=0 bytes=16
[ioapic #52] gpa=0xFEC00000 pageOff=0x0 rip=0xFFFFF803259A585D write=1 insnLen=0 bytes=16
[ioapic #53] gpa=0xFEC00010 pageOff=0x10 rip=0xFFFFF803259A585F write=0 insnLen=0 bytes=16
[ioapic #54] gpa=0xFEC00010 pageOff=0x10 rip=0xFFFFF803259A587A write=1 insnLen=0 bytes=16
[ioapic #55] gpa=0xFEC00000 pageOff=0x0 rip=0xFFFFF803259A5881 write=1 insnLen=0 bytes=16
[ioapic #56] gpa=0xFEC00010 pageOff=0x10 rip=0xFFFFF803259A5883 write=1 insnLen=0 bytes=16
[ioapic #57] gpa=0xFEC00000 pageOff=0x0 rip=0xFFFFF803259A585D write=1 insnLen=0 bytes=16
[ioapic #58] gpa=0xFEC00010 pageOff=0x10 rip=0xFFFFF803259A585F write=0 insnLen=0 bytes=16
[ioapic #59] gpa=0xFEC00010 pageOff=0x10 rip=0xFFFFF803259A587A write=1 insnLen=0 bytes=16
[ioapic #60] gpa=0xFEC00000 pageOff=0x0 rip=0xFFFFF803259A5881 write=1 insnLen=0 bytes=16
[ioapic #61] gpa=0xFEC00010 pageOff=0x10 rip=0xFFFFF803259A5883 write=1 insnLen=0 bytes=16
[ioapic #62] gpa=0xFEC00000 pageOff=0x0 rip=0xFFFFF803259A585D write=1 insnLen=0 bytes=16
[ioapic #63] gpa=0xFEC00010 pageOff=0x10 rip=0xFFFFF803259A585F write=0 insnLen=0 bytes=16
[ioapic #64] gpa=0xFEC00010 pageOff=0x10 rip=0xFFFFF803259A587A write=1 insnLen=0 bytes=16
[ioapic #65] gpa=0xFEC00000 pageOff=0x0 rip=0xFFFFF803259A5881 write=1 insnLen=0 bytes=16
[ioapic #66] gpa=0xFEC00010 pageOff=0x10 rip=0xFFFFF803259A5883 write=1 insnLen=0 bytes=16
[ioapic #67] gpa=0xFEC00000 pageOff=0x0 rip=0xFFFFF803259A585D write=1 insnLen=0 bytes=16
[ioapic #68] gpa=0xFEC00010 pageOff=0x10 rip=0xFFFFF803259A585F write=0 insnLen=0 bytes=16
[ioapic #69] gpa=0xFEC00010 pageOff=0x10 rip=0xFFFFF803259A587A write=1 insnLen=0 bytes=16
[ioapic #70] gpa=0xFEC00000 pageOff=0x0 rip=0xFFFFF803259A5881 write=1 insnLen=0 bytes=16
[ioapic #71] gpa=0xFEC00010 pageOff=0x10 rip=0xFFFFF803259A5883 write=1 insnLen=0 bytes=16
[ioapic #72] gpa=0xFEC00000 pageOff=0x0 rip=0xFFFFF803259A585D write=1 insnLen=0 bytes=16
[ioapic #73] gpa=0xFEC00010 pageOff=0x10 rip=0xFFFFF803259A585F write=0 insnLen=0 bytes=16
[ioapic #74] gpa=0xFEC00010 pageOff=0x10 rip=0xFFFFF803259A587A write=1 insnLen=0 bytes=16
[ioapic #75] gpa=0xFEC00000 pageOff=0x0 rip=0xFFFFF803259A5881 write=1 insnLen=0 bytes=16
[ioapic #76] gpa=0xFEC00010 pageOff=0x10 rip=0xFFFFF803259A5883 write=1 insnLen=0 bytes=16
[ioapic #77] gpa=0xFEC00000 pageOff=0x0 rip=0xFFFFF803259A585D write=1 insnLen=0 bytes=16
[ioapic #78] gpa=0xFEC00010 pageOff=0x10 rip=0xFFFFF803259A585F write=0 insnLen=0 bytes=16
[ioapic #79] gpa=0xFEC00010 pageOff=0x10 rip=0xFFFFF803259A587A write=1 insnLen=0 bytes=16
[ioapic #80] gpa=0xFEC00000 pageOff=0x0 rip=0xFFFFF803259A5881 write=1 insnLen=0 bytes=16
[ioapic #81] gpa=0xFEC00010 pageOff=0x10 rip=0xFFFFF803259A5883 write=1 insnLen=0 bytes=16
[ioapic #82] gpa=0xFEC00000 pageOff=0x0 rip=0xFFFFF803259A585D write=1 insnLen=0 bytes=16
[ioapic #83] gpa=0xFEC00010 pageOff=0x10 rip=0xFFFFF803259A585F write=0 insnLen=0 bytes=16
[ioapic #84] gpa=0xFEC00010 pageOff=0x10 rip=0xFFFFF803259A587A write=1 insnLen=0 bytes=16
[ioapic #85] gpa=0xFEC00000 pageOff=0x0 rip=0xFFFFF803259A5881 write=1 insnLen=0 bytes=16
[ioapic #86] gpa=0xFEC00010 pageOff=0x10 rip=0xFFFFF803259A5883 write=1 insnLen=0 bytes=16
[ioapic #87] gpa=0xFEC00000 pageOff=0x0 rip=0xFFFFF803259A585D write=1 insnLen=0 bytes=16
[ioapic #88] gpa=0xFEC00010 pageOff=0x10 rip=0xFFFFF803259A585F write=0 insnLen=0 bytes=16
[ioapic #89] gpa=0xFEC00010 pageOff=0x10 rip=0xFFFFF803259A587A write=1 insnLen=0 bytes=16
[ioapic #90] gpa=0xFEC00000 pageOff=0x0 rip=0xFFFFF803259A5881 write=1 insnLen=0 bytes=16
[ioapic #91] gpa=0xFEC00010 pageOff=0x10 rip=0xFFFFF803259A5883 write=1 insnLen=0 bytes=16
[ioapic #92] gpa=0xFEC00000 pageOff=0x0 rip=0xFFFFF803259A585D write=1 insnLen=0 bytes=16
[ioapic #93] gpa=0xFEC00010 pageOff=0x10 rip=0xFFFFF803259A585F write=0 insnLen=0 bytes=16
[ioapic #94] gpa=0xFEC00010 pageOff=0x10 rip=0xFFFFF803259A587A write=1 insnLen=0 bytes=16
[ioapic #95] gpa=0xFEC00000 pageOff=0x0 rip=0xFFFFF803259A5881 write=1 insnLen=0 bytes=16
[ioapic #96] gpa=0xFEC00010 pageOff=0x10 rip=0xFFFFF803259A5883 write=1 insnLen=0 bytes=16
[ioapic #97] gpa=0xFEC00000 pageOff=0x0 rip=0xFFFFF803259A585D write=1 insnLen=0 bytes=16
[ioapic #98] gpa=0xFEC00010 pageOff=0x10 rip=0xFFFFF803259A585F write=0 insnLen=0 bytes=16
[ioapic #99] gpa=0xFEC00010 pageOff=0x10 rip=0xFFFFF803259A587A write=1 insnLen=0 bytes=16
[ioapic #100] gpa=0xFEC00000 pageOff=0x0 rip=0xFFFFF803259A5881 write=1 insnLen=0 bytes=16
[iommuret] hit #1: HalpIommuInitSystem returned EAX=0x00000000 (success/other) rsp=0xFFFFF8032A275438 exitCount=108067
[iommuret] hit #2: HalpIommuInitSystem returned EAX=0x00000000 (success/other) rsp=0xFFFFF8032A275438 exitCount=108068
[iommuret] hit #3: HalpIommuInitSystem returned EAX=0x00000000 (success/other) rsp=0xFFFFF8032A275438 exitCount=108069
[iommuret] hit #4: HalpIommuInitSystem returned EAX=0x00000000 (success/other) rsp=0xFFFFF8032A275438 exitCount=108070
[iommuret] hit #5: HalpIommuInitSystem returned EAX=0x00000000 (success/other) rsp=0xFFFFF8032A275438 exitCount=108071
[iommuret] hit #6: HalpIommuInitSystem returned EAX=0x00000000 (success/other) rsp=0xFFFFF8032A275438 exitCount=108072
[iommuret] hit #7: HalpIommuInitSystem returned EAX=0x00000000 (success/other) rsp=0xFFFFF8032A275438 exitCount=108073
[iommuret] hit #8: HalpIommuInitSystem returned EAX=0x00000000 (success/other) rsp=0xFFFFF8032A275438 exitCount=108074
[iommuret] hit #9: HalpIommuInitSystem returned EAX=0x00000000 (success/other) rsp=0xFFFFF8032A275438 exitCount=108075
[iommuret] hit #10: HalpIommuInitSystem returned EAX=0x00000000 (success/other) rsp=0xFFFFF8032A275438 exitCount=108076
[iommuret] hit #11: HalpIommuInitSystem returned EAX=0x00000000 (success/other) rsp=0xFFFFF8032A275438 exitCount=108077
[iommuret] hit #12: HalpIommuInitSystem returned EAX=0x00000000 (success/other) rsp=0xFFFFF8032A275438 exitCount=108078
[iommuret] hit #13: HalpIommuInitSystem returned EAX=0x00000000 (success/other) rsp=0xFFFFF8032A275438 exitCount=108079
[iommuret] hit #14: HalpIommuInitSystem returned EAX=0x00000000 (success/other) rsp=0xFFFFF8032A275438 exitCount=108080
[iommuret] hit #15: HalpIommuInitSystem returned EAX=0x00000000 (success/other) rsp=0xFFFFF8032A275438 exitCount=108081
[iommuret] hit #16: HalpIommuInitSystem returned EAX=0x00000000 (success/other) rsp=0xFFFFF8032A275438 exitCount=108082
[iommuret] hit #17: HalpIommuInitSystem returned EAX=0x00000000 (success/other) rsp=0xFFFFF8032A275438 exitCount=108083
[iommuret] hit #18: HalpIommuInitSystem returned EAX=0x00000000 (success/other) rsp=0xFFFFF8032A275438 exitCount=108084
[iommuret] hit #19: HalpIommuInitSystem returned EAX=0x00000000 (success/other) rsp=0xFFFFF8032A275438 exitCount=108085
[iommuret] hit #20: HalpIommuInitSystem returned EAX=0x00000000 (success/other) rsp=0xFFFFF8032A275438 exitCount=108086
[iommuret] hit #21: HalpIommuInitSystem returned EAX=0x00000000 (success/other) rsp=0xFFFFF8032A275438 exitCount=108087
[iommuret] hit #22: HalpIommuInitSystem returned EAX=0x00000000 (success/other) rsp=0xFFFFF8032A275438 exitCount=108088
[iommuret] hit #23: HalpIommuInitSystem returned EAX=0x00000000 (success/other) rsp=0xFFFFF8032A275438 exitCount=108089
[iommuret] hit #24: HalpIommuInitSystem returned EAX=0x00000000 (success/other) rsp=0xFFFFF8032A275438 exitCount=108090
[iommuret] hit #25: HalpIommuInitSystem returned EAX=0x00000000 (success/other) rsp=0xFFFFF8032A275438 exitCount=108091
[iommuret] hit #26: HalpIommuInitSystem returned EAX=0x00000000 (success/other) rsp=0xFFFFF8032A275438 exitCount=108092
[iommuret] hit #27: HalpIommuInitSystem returned EAX=0x00000000 (success/other) rsp=0xFFFFF8032A275438 exitCount=108093
[iommuret] hit #28: HalpIommuInitSystem returned EAX=0x00000000 (success/other) rsp=0xFFFFF8032A275438 exitCount=108094
[iommuret] hit #29: HalpIommuInitSystem returned EAX=0x00000000 (success/other) rsp=0xFFFFF8032A275438 exitCount=108095
[iommuret] hit #30: HalpIommuInitSystem returned EAX=0x00000000 (success/other) rsp=0xFFFFF8032A275438 exitCount=108096
[iommuret] hit #31: HalpIommuInitSystem returned EAX=0x00000000 (success/other) rsp=0xFFFFF8032A275438 exitCount=108097
[iommuret] hit #32: HalpIommuInitSystem returned EAX=0x00000000 (success/other) rsp=0xFFFFF8032A275438 exitCount=108098
[iommuret] hit #33: HalpIommuInitSystem returned EAX=0x00000000 (success/other) rsp=0xFFFFF8032A275438 exitCount=108099
[iommuret] hit #34: HalpIommuInitSystem returned EAX=0x00000000 (success/other) rsp=0xFFFFF8032A275438 exitCount=108100
[iommuret] hit #35: HalpIommuInitSystem returned EAX=0x00000000 (success/other) rsp=0xFFFFF8032A275438 exitCount=108101
[iommuret] hit #36: HalpIommuInitSystem returned EAX=0x00000000 (success/other) rsp=0xFFFFF8032A275438 exitCount=108102
[iommuret] hit #37: HalpIommuInitSystem returned EAX=0x00000000 (success/other) rsp=0xFFFFF8032A275438 exitCount=108103
[iommuret] hit #38: HalpIommuInitSystem returned EAX=0x00000000 (success/other) rsp=0xFFFFF8032A275438 exitCount=108104
[iommuret] hit #39: HalpIommuInitSystem returned EAX=0x00000000 (success/other) rsp=0xFFFFF8032A275438 exitCount=108105
[iommuret] hit #40: HalpIommuInitSystem returned EAX=0x00000000 (success/other) rsp=0xFFFFF8032A275438 exitCount=108106
[iommuret] hit #41: HalpIommuInitSystem returned EAX=0x00000000 (success/other) rsp=0xFFFFF8032A275438 exitCount=108107
[iommuret] hit #42: HalpIommuInitSystem returned EAX=0x00000000 (success/other) rsp=0xFFFFF8032A275438 exitCount=108108
[iommuret] hit #43: HalpIommuInitSystem returned EAX=0x00000000 (success/other) rsp=0xFFFFF8032A275438 exitCount=108109
[iommuret] hit #44: HalpIommuInitSystem returned EAX=0x00000000 (success/other) rsp=0xFFFFF8032A275438 exitCount=108110
[iommuret] hit #45: HalpIommuInitSystem returned EAX=0x00000000 (success/other) rsp=0xFFFFF8032A275438 exitCount=108111
[iommuret] hit #46: HalpIommuInitSystem returned EAX=0x00000000 (success/other) rsp=0xFFFFF8032A275438 exitCount=108112
[iommuret] hit #47: HalpIommuInitSystem returned EAX=0x00000000 (success/other) rsp=0xFFFFF8032A275438 exitCount=108113
[iommuret] hit #48: HalpIommuInitSystem returned EAX=0x00000000 (success/other) rsp=0xFFFFF8032A275438 exitCount=108114
[iommuret] hit #49: HalpIommuInitSystem returned EAX=0x00000000 (success/other) rsp=0xFFFFF8032A275438 exitCount=108115
[iommuret] hit #50: HalpIommuInitSystem returned EAX=0x00000000 (success/other) rsp=0xFFFFF8032A275438 exitCount=108116
[iommuret] hit #51: HalpIommuInitSystem returned EAX=0x00000000 (success/other) rsp=0xFFFFF8032A275438 exitCount=108117
[iommuret] hit #52: HalpIommuInitSystem returned EAX=0x00000000 (success/other) rsp=0xFFFFF8032A275438 exitCount=108118
[iommuret] hit #53: HalpIommuInitSystem returned EAX=0x00000000 (success/other) rsp=0xFFFFF8032A275438 exitCount=108119
[iommuret] hit #54: HalpIommuInitSystem returned EAX=0x00000000 (success/other) rsp=0xFFFFF8032A275438 exitCount=108120
[iommuret] hit #55: HalpIommuInitSystem returned EAX=0x00000000 (success/other) rsp=0xFFFFF8032A275438 exitCount=108121
[iommuret] hit #56: HalpIommuInitSystem returned EAX=0x00000000 (success/other) rsp=0xFFFFF8032A275438 exitCount=108122
[iommuret] hit #57: HalpIommuInitSystem returned EAX=0x00000000 (success/other) rsp=0xFFFFF8032A275438 exitCount=108123
[iommuret] hit #58: HalpIommuInitSystem returned EAX=0x00000000 (success/other) rsp=0xFFFFF8032A275438 exitCount=108124
[iommuret] hit #59: HalpIommuInitSystem returned EAX=0x00000000 (success/other) rsp=0xFFFFF8032A275438 exitCount=108125
[iommuret] hit #60: HalpIommuInitSystem returned EAX=0x00000000 (success/other) rsp=0xFFFFF8032A275438 exitCount=108126
[iommuret] hit #61: HalpIommuInitSystem returned EAX=0x00000000 (success/other) rsp=0xFFFFF8032A275438 exitCount=108127
[iommuret] hit #62: HalpIommuInitSystem returned EAX=0x00000000 (success/other) rsp=0xFFFFF8032A275438 exitCount=108128
[iommuret] hit #63: HalpIommuInitSystem returned EAX=0x00000000 (success/other) rsp=0xFFFFF8032A275438 exitCount=108129
[iommuret] hit #64: HalpIommuInitSystem returned EAX=0x00000000 (success/other) rsp=0xFFFFF8032A275438 exitCount=108130
[iommuret] hit #65: HalpIommuInitSystem returned EAX=0x00000000 (success/other) rsp=0xFFFFF8032A275438 exitCount=108131
[iommuret] hit #66: HalpIommuInitSystem returned EAX=0x00000000 (success/other) rsp=0xFFFFF8032A275438 exitCount=108132
[iommuret] hit #67: HalpIommuInitSystem returned EAX=0x00000000 (success/other) rsp=0xFFFFF8032A275438 exitCount=108133
[iommuret] hit #68: HalpIommuInitSystem returned EAX=0x00000000 (success/other) rsp=0xFFFFF8032A275438 exitCount=108134
[iommuret] hit #69: HalpIommuInitSystem returned EAX=0x00000000 (success/other) rsp=0xFFFFF8032A275438 exitCount=108135
[iommuret] hit #70: HalpIommuInitSystem returned EAX=0x00000000 (success/other) rsp=0xFFFFF8032A275438 exitCount=108136
[iommuret] hit #71: HalpIommuInitSystem returned EAX=0x00000000 (success/other) rsp=0xFFFFF8032A275438 exitCount=108137
[iommuret] hit #72: HalpIommuInitSystem returned EAX=0x00000000 (success/other) rsp=0xFFFFF8032A275438 exitCount=108138
[iommuret] hit #73: HalpIommuInitSystem returned EAX=0x00000000 (success/other) rsp=0xFFFFF8032A275438 exitCount=108139
[iommuret] hit #74: HalpIommuInitSystem returned EAX=0x00000000 (success/other) rsp=0xFFFFF8032A275438 exitCount=108140
[iommuret] hit #75: HalpIommuInitSystem returned EAX=0x00000000 (success/other) rsp=0xFFFFF8032A275438 exitCount=108141
[iommuret] hit #76: HalpIommuInitSystem returned EAX=0x00000000 (success/other) rsp=0xFFFFF8032A275438 exitCount=108142
[iommuret] hit #77: HalpIommuInitSystem returned EAX=0x00000000 (success/other) rsp=0xFFFFF8032A275438 exitCount=108143
[iommuret] hit #78: HalpIommuInitSystem returned EAX=0x00000000 (success/other) rsp=0xFFFFF8032A275438 exitCount=108144
[iommuret] hit #79: HalpIommuInitSystem returned EAX=0x00000000 (success/other) rsp=0xFFFFF8032A275438 exitCount=108145
[iommuret] hit #80: HalpIommuInitSystem returned EAX=0x00000000 (success/other) rsp=0xFFFFF8032A275438 exitCount=108146
[iommuret] hit #81: HalpIommuInitSystem returned EAX=0x00000000 (success/other) rsp=0xFFFFF8032A275438 exitCount=108147
[iommuret] hit #82: HalpIommuInitSystem returned EAX=0x00000000 (success/other) rsp=0xFFFFF8032A275438 exitCount=108148
[iommuret] hit #83: HalpIommuInitSystem returned EAX=0x00000000 (success/other) rsp=0xFFFFF8032A275438 exitCount=108149
[iommuret] hit #84: HalpIommuInitSystem returned EAX=0x00000000 (success/other) rsp=0xFFFFF8032A275438 exitCount=108150
[iommuret] hit #85: HalpIommuInitSystem returned EAX=0x00000000 (success/other) rsp=0xFFFFF8032A275438 exitCount=108151
[iommuret] hit #86: HalpIommuInitSystem returned EAX=0x00000000 (success/other) rsp=0xFFFFF8032A275438 exitCount=108152
[iommuret] hit #87: HalpIommuInitSystem returned EAX=0x00000000 (success/other) rsp=0xFFFFF8032A275438 exitCount=108153
[iommuret] hit #88: HalpIommuInitSystem returned EAX=0x00000000 (success/other) rsp=0xFFFFF8032A275438 exitCount=108154
[iommuret] hit #89: HalpIommuInitSystem returned EAX=0x00000000 (success/other) rsp=0xFFFFF8032A275438 exitCount=108155
[iommuret] hit #90: HalpIommuInitSystem returned EAX=0x00000000 (success/other) rsp=0xFFFFF8032A275438 exitCount=108156
[iommuret] hit #91: HalpIommuInitSystem returned EAX=0x00000000 (success/other) rsp=0xFFFFF8032A275438 exitCount=108157
[iommuret] hit #92: HalpIommuInitSystem returned EAX=0x00000000 (success/other) rsp=0xFFFFF8032A275438 exitCount=108158
[iommuret] hit #93: HalpIommuInitSystem returned EAX=0x00000000 (success/other) rsp=0xFFFFF8032A275438 exitCount=108159
[iommuret] hit #94: HalpIommuInitSystem returned EAX=0x00000000 (success/other) rsp=0xFFFFF8032A275438 exitCount=108160
[iommuret] hit #95: HalpIommuInitSystem returned EAX=0x00000000 (success/other) rsp=0xFFFFF8032A275438 exitCount=108161
[iommuret] hit #96: HalpIommuInitSystem returned EAX=0x00000000 (success/other) rsp=0xFFFFF8032A275438 exitCount=108162
[iommuret] hit #97: HalpIommuInitSystem returned EAX=0x00000000 (success/other) rsp=0xFFFFF8032A275438 exitCount=108163
[iommuret] hit #98: HalpIommuInitSystem returned EAX=0x00000000 (success/other) rsp=0xFFFFF8032A275438 exitCount=108164
[iommuret] hit #99: HalpIommuInitSystem returned EAX=0x00000000 (success/other) rsp=0xFFFFF8032A275438 exitCount=108165
[iommuret] hit #100: HalpIommuInitSystem returned EAX=0x00000000 (success/other) rsp=0xFFFFF8032A275438 exitCount=108166
[iommuret] hit #101: HalpIommuInitSystem returned EAX=0x00000000 (success/other) rsp=0xFFFFF8032A275438 exitCount=108167
[iommuret] hit #102: HalpIommuInitSystem returned EAX=0x00000000 (success/other) rsp=0xFFFFF8032A275438 exitCount=108168
[iommuret] hit #103: HalpIommuInitSystem returned EAX=0x00000000 (success/other) rsp=0xFFFFF8032A275438 exitCount=108169
[iommuret] hit #104: HalpIommuInitSystem returned EAX=0x00000000 (success/other) rsp=0xFFFFF8032A275438 exitCount=108170
[iommuret] hit #105: HalpIommuInitSystem returned EAX=0x00000000 (success/other) rsp=0xFFFFF8032A275438 exitCount=108171
[iommuret] hit #106: HalpIommuInitSystem returned EAX=0x00000000 (success/other) rsp=0xFFFFF8032A275438 exitCount=108172
[iommuret] hit #107: HalpIommuInitSystem returned EAX=0x00000000 (success/other) rsp=0xFFFFF8032A275438 exitCount=108173
[iommuret] hit #108: HalpIommuInitSystem returned EAX=0x00000000 (success/other) rsp=0xFFFFF8032A275438 exitCount=108174
[iommuret] hit #109: HalpIommuInitSystem returned EAX=0x00000000 (success/other) rsp=0xFFFFF8032A275438 exitCount=108175
[iommuret] hit #110: HalpIommuInitSystem returned EAX=0x00000000 (success/other) rsp=0xFFFFF8032A275438 exitCount=108176
[iommuret] hit #111: HalpIommuInitSystem returned EAX=0x00000000 (success/other) rsp=0xFFFFF8032A275438 exitCount=108177
[iommuret] hit #112: HalpIommuInitSystem returned EAX=0x00000000 (success/other) rsp=0xFFFFF8032A275438 exitCount=108178
[iommuret] hit #113: HalpIommuInitSystem returned EAX=0x00000000 (success/other) rsp=0xFFFFF8032A275438 exitCount=108179
[iommuret] hit #114: HalpIommuInitSystem returned EAX=0x00000000 (success/other) rsp=0xFFFFF8032A275438 exitCount=108180
[iommuret] hit #115: HalpIommuInitSystem returned EAX=0x00000000 (success/other) rsp=0xFFFFF8032A275438 exitCount=108181
[iommuret] hit #116: HalpIommuInitSystem returned EAX=0x00000000 (success/other) rsp=0xFFFFF8032A275438 exitCount=108182
[iommuret] hit #117: HalpIommuInitSystem returned EAX=0x00000000 (success/other) rsp=0xFFFFF8032A275438 exitCount=108183
[iommuret] hit #118: HalpIommuInitSystem returned EAX=0x00000000 (success/other) rsp=0xFFFFF8032A275438 exitCount=108184
[iommuret] hit #119: HalpIommuInitSystem returned EAX=0x00000000 (success/other) rsp=0xFFFFF8032A275438 exitCount=108185
[iommuret] hit #120: HalpIommuInitSystem returned EAX=0x00000000 (success/other) rsp=0xFFFFF8032A275438 exitCount=108186
[iommuret] hit #121: HalpIommuInitSystem returned EAX=0x00000000 (success/other) rsp=0xFFFFF8032A275438 exitCount=108187
[iommuret] hit #122: HalpIommuInitSystem returned EAX=0x00000000 (success/other) rsp=0xFFFFF8032A275438 exitCount=108188
[iommuret] hit #123: HalpIommuInitSystem returned EAX=0x00000000 (success/other) rsp=0xFFFFF8032A275438 exitCount=108189
[iommuret] hit #124: HalpIommuInitSystem returned EAX=0x00000000 (success/other) rsp=0xFFFFF8032A275438 exitCount=108190
[iommuret] hit #125: HalpIommuInitSystem returned EAX=0x00000000 (success/other) rsp=0xFFFFF8032A275438 exitCount=108191
[iommuret] hit #126: HalpIommuInitSystem returned EAX=0x00000000 (success/other) rsp=0xFFFFF8032A275438 exitCount=108192
[iommuret] hit #127: HalpIommuInitSystem returned EAX=0x00000000 (success/other) rsp=0xFFFFF8032A275438 exitCount=108193
[iommuret] hit #128: HalpIommuInitSystem returned EAX=0x00000000 (success/other) rsp=0xFFFFF8032A275438 exitCount=108194
[iommuret] hit #129: HalpIommuInitSystem returned EAX=0x00000000 (success/other) rsp=0xFFFFF8032A275438 exitCount=108195
[iommuret] hit #130: HalpIommuInitSystem returned EAX=0x00000000 (success/other) rsp=0xFFFFF8032A275438 exitCount=108196
[iommuret] hit #131: HalpIommuInitSystem returned EAX=0x00000000 (success/other) rsp=0xFFFFF8032A275438 exitCount=108197
[iommuret] hit #132: HalpIommuInitSystem returned EAX=0x00000000 (success/other) rsp=0xFFFFF8032A275438 exitCount=108198
[iommuret] hit #133: HalpIommuInitSystem returned EAX=0x00000000 (success/other) rsp=0xFFFFF8032A275438 exitCount=108199
[iommuret] hit #134: HalpIommuInitSystem returned EAX=0x00000000 (success/other) rsp=0xFFFFF8032A275438 exitCount=108200
[iommuret] hit #135: HalpIommuInitSystem returned EAX=0x00000000 (success/other) rsp=0xFFFFF8032A275438 exitCount=108201
[iommuret] hit #136: HalpIommuInitSystem returned EAX=0x00000000 (success/other) rsp=0xFFFFF8032A275438 exitCount=108202
[iommuret] hit #137: HalpIommuInitSystem returned EAX=0x00000000 (success/other) rsp=0xFFFFF8032A275438 exitCount=108203
[iommuret] hit #138: HalpIommuInitSystem returned EAX=0x00000000 (success/other) rsp=0xFFFFF8032A275438 exitCount=108204
[iommuret] hit #139: HalpIommuInitSystem returned EAX=0x00000000 (success/other) rsp=0xFFFFF8032A275438 exitCount=108205
[iommuret] hit #140: HalpIommuInitSystem returned EAX=0x00000000 (success/other) rsp=0xFFFFF8032A275438 exitCount=108206
[iommuret] hit #141: HalpIommuInitSystem returned EAX=0x00000000 (success/other) rsp=0xFFFFF8032A275438 exitCount=108207
[iommuret] hit #142: HalpIommuInitSystem returned EAX=0x00000000 (success/other) rsp=0xFFFFF8032A275438 exitCount=108208
[iommuret] hit #143: HalpIommuInitSystem returned EAX=0x00000000 (success/other) rsp=0xFFFFF8032A275438 exitCount=108209
[iommuret] hit #144: HalpIommuInitSystem returned EAX=0x00000000 (success/other) rsp=0xFFFFF8032A275438 exitCount=108210
[iommuret] hit #145: HalpIommuInitSystem returned EAX=0x00000000 (success/other) rsp=0xFFFFF8032A275438 exitCount=108211
[iommuret] hit #146: HalpIommuInitSystem returned EAX=0x00000000 (success/other) rsp=0xFFFFF8032A275438 exitCount=108212
[iommuret] hit #147: HalpIommuInitSystem returned EAX=0x00000000 (success/other) rsp=0xFFFFF8032A275438 exitCount=108213
[iommuret] hit #148: HalpIommuInitSystem returned EAX=0x00000000 (success/other) rsp=0xFFFFF8032A275438 exitCount=108214
[iommuret] hit #149: HalpIommuInitSystem returned EAX=0x00000000 (success/other) rsp=0xFFFFF8032A275438 exitCount=108215
[iommuret] hit #150: HalpIommuInitSystem returned EAX=0x00000000 (success/other) rsp=0xFFFFF8032A275438 exitCount=108216
[iommuret] hit #151: HalpIommuInitSystem returned EAX=0x00000000 (success/other) rsp=0xFFFFF8032A275438 exitCount=108217
[iommuret] hit #152: HalpIommuInitSystem returned EAX=0x00000000 (success/other) rsp=0xFFFFF8032A275438 exitCount=108218
[iommuret] hit #153: HalpIommuInitSystem returned EAX=0x00000000 (success/other) rsp=0xFFFFF8032A275438 exitCount=108219
[iommuret] hit #154: HalpIommuInitSystem returned EAX=0x00000000 (success/other) rsp=0xFFFFF8032A275438 exitCount=108220
[iommuret] hit #155: HalpIommuInitSystem returned EAX=0x00000000 (success/other) rsp=0xFFFFF8032A275438 exitCount=108221
[iommuret] hit #156: HalpIommuInitSystem returned EAX=0x00000000 (success/other) rsp=0xFFFFF8032A275438 exitCount=108222
[iommuret] hit #157: HalpIommuInitSystem returned EAX=0x00000000 (success/other) rsp=0xFFFFF8032A275438 exitCount=108223
[iommuret] hit #158: HalpIommuInitSystem returned EAX=0x00000000 (success/other) rsp=0xFFFFF8032A275438 exitCount=108224
[iommuret] hit #159: HalpIommuInitSystem returned EAX=0x00000000 (success/other) rsp=0xFFFFF8032A275438 exitCount=108225
[iommuret] hit #160: HalpIommuInitSystem returned EAX=0x00000000 (success/other) rsp=0xFFFFF8032A275438 exitCount=108226
[iommuret] hit #161: HalpIommuInitSystem returned EAX=0x00000000 (success/other) rsp=0xFFFFF8032A275438 exitCount=108227
[iommuret] hit #162: HalpIommuInitSystem returned EAX=0x00000000 (success/other) rsp=0xFFFFF8032A275438 exitCount=108228
[iommuret] hit #163: HalpIommuInitSystem returned EAX=0x00000000 (success/other) rsp=0xFFFFF8032A275438 exitCount=108229
[iommuret] hit #164: HalpIommuInitSystem returned EAX=0x00000000 (success/other) rsp=0xFFFFF8032A275438 exitCount=108230
[iommuret] hit #165: HalpIommuInitSystem returned EAX=0x00000000 (success/other) rsp=0xFFFFF8032A275438 exitCount=108231
[iommuret] hit #166: HalpIommuInitSystem returned EAX=0x00000000 (success/other) rsp=0xFFFFF8032A275438 exitCount=108232
[iommuret] hit #167: HalpIommuInitSystem returned EAX=0x00000000 (success/other) rsp=0xFFFFF8032A275438 exitCount=108233
[iommuret] hit #168: HalpIommuInitSystem returned EAX=0x00000000 (success/other) rsp=0xFFFFF8032A275438 exitCount=108234
[iommuret] hit #169: HalpIommuInitSystem returned EAX=0x00000000 (success/other) rsp=0xFFFFF8032A275438 exitCount=108235
[iommuret] hit #170: HalpIommuInitSystem returned EAX=0x00000000 (success/other) rsp=0xFFFFF8032A275438 exitCount=108236
[iommuret] hit #171: HalpIommuInitSystem returned EAX=0x00000000 (success/other) rsp=0xFFFFF8032A275438 exitCount=108237
[iommuret] hit #172: HalpIommuInitSystem returned EAX=0x00000000 (success/other) rsp=0xFFFFF8032A275438 exitCount=108238
[iommuret] hit #173: HalpIommuInitSystem returned EAX=0x00000000 (success/other) rsp=0xFFFFF8032A275438 exitCount=108239
[iommuret] hit #174: HalpIommuInitSystem returned EAX=0x00000000 (success/other) rsp=0xFFFFF8032A275438 exitCount=108240
[iommuret] hit #175: HalpIommuInitSystem returned EAX=0x00000000 (success/other) rsp=0xFFFFF8032A275438 exitCount=108241
[iommuret] hit #176: HalpIommuInitSystem returned EAX=0x00000000 (success/other) rsp=0xFFFFF8032A275438 exitCount=108242
[iommuret] hit #177: HalpIommuInitSystem returned EAX=0x00000000 (success/other) rsp=0xFFFFF8032A275438 exitCount=108243
[iommuret] hit #178: HalpIommuInitSystem returned EAX=0x00000000 (success/other) rsp=0xFFFFF8032A275438 exitCount=108244
[iommuret] hit #179: HalpIommuInitSystem returned EAX=0x00000000 (success/other) rsp=0xFFFFF8032A275438 exitCount=108245
[iommuret] hit #180: HalpIommuInitSystem returned EAX=0x00000000 (success/other) rsp=0xFFFFF8032A275438 exitCount=108246
[iommuret] hit #181: HalpIommuInitSystem returned EAX=0x00000000 (success/other) rsp=0xFFFFF8032A275438 exitCount=108247
[iommuret] hit #182: HalpIommuInitSystem returned EAX=0x00000000 (success/other) rsp=0xFFFFF8032A275438 exitCount=108248
[iommuret] hit #183: HalpIommuInitSystem returned EAX=0x00000000 (success/other) rsp=0xFFFFF8032A275438 exitCount=108249
[iommuret] hit #184: HalpIommuInitSystem returned EAX=0x00000000 (success/other) rsp=0xFFFFF8032A275438 exitCount=108250
[iommuret] hit #185: HalpIommuInitSystem returned EAX=0x00000000 (success/other) rsp=0xFFFFF8032A275438 exitCount=108251
[iommuret] hit #186: HalpIommuInitSystem returned EAX=0x00000000 (success/other) rsp=0xFFFFF8032A275438 exitCount=108252
[iommuret] hit #187: HalpIommuInitSystem returned EAX=0x00000000 (success/other) rsp=0xFFFFF8032A275438 exitCount=108253
[iommuret] hit #188: HalpIommuInitSystem returned EAX=0x00000000 (success/other) rsp=0xFFFFF8032A275438 exitCount=108254
[iommuret] hit #189: HalpIommuInitSystem returned EAX=0x00000000 (success/other) rsp=0xFFFFF8032A275438 exitCount=108255
[iommuret] hit #190: HalpIommuInitSystem returned EAX=0x00000000 (success/other) rsp=0xFFFFF8032A275438 exitCount=108256
[iommuret] hit #191: HalpIommuInitSystem returned EAX=0x00000000 (success/other) rsp=0xFFFFF8032A275438 exitCount=108257
[iommuret] hit #192: HalpIommuInitSystem returned EAX=0x00000000 (success/other) rsp=0xFFFFF8032A275438 exitCount=108258
[iommuret] hit #193: HalpIommuInitSystem returned EAX=0x00000000 (success/other) rsp=0xFFFFF8032A275438 exitCount=108259
[iommuret] hit #194: HalpIommuInitSystem returned EAX=0x00000000 (success/other) rsp=0xFFFFF8032A275438 exitCount=108260
[iommuret] hit #195: HalpIommuInitSystem returned EAX=0x00000000 (success/other) rsp=0xFFFFF8032A275438 exitCount=108261
[iommuret] hit #196: HalpIommuInitSystem returned EAX=0x00000000 (success/other) rsp=0xFFFFF8032A275438 exitCount=108262
[iommuret] hit #197: HalpIommuInitSystem returned EAX=0x00000000 (success/other) rsp=0xFFFFF8032A275438 exitCount=108263
[iommuret] hit #198: HalpIommuInitSystem returned EAX=0x00000000 (success/other) rsp=0xFFFFF8032A275438 exitCount=108264
[iommuret] hit #199: HalpIommuInitSystem returned EAX=0x00000000 (success/other) rsp=0xFFFFF8032A275438 exitCount=108265
[iommuret] hit #200: HalpIommuInitSystem returned EAX=0x00000000 (success/other) rsp=0xFFFFF8032A275438 exitCount=108266
[iommuret] hit #201: HalpIommuInitSystem returned EAX=0x00000000 (success/other) rsp=0xFFFFF8032A275438 exitCount=108267
[iommuret] hit #202: HalpIommuInitSystem returned EAX=0x00000000 (success/other) rsp=0xFFFFF8032A275438 exitCount=108268
[iommuret] hit #203: HalpIommuInitSystem returned EAX=0x00000000 (success/other) rsp=0xFFFFF8032A275438 exitCount=108269
[iommuret] hit #204: HalpIommuInitSystem returned EAX=0x00000000 (success/other) rsp=0xFFFFF8032A275438 exitCount=108270
[iommuret] hit #205: HalpIommuInitSystem returned EAX=0x00000000 (success/other) rsp=0xFFFFF8032A275438 exitCount=108271
[iommuret] hit #206: HalpIommuInitSystem returned EAX=0x00000000 (success/other) rsp=0xFFFFF8032A275438 exitCount=108272
[iommuret] hit #207: HalpIommuInitSystem returned EAX=0x00000000 (success/other) rsp=0xFFFFF8032A275438 exitCount=108273
[iommuret] hit #208: HalpIommuInitSystem returned EAX=0x00000000 (success/other) rsp=0xFFFFF8032A275438 exitCount=108274
[iommuret] hit #209: HalpIommuInitSystem returned EAX=0x00000000 (success/other) rsp=0xFFFFF8032A275438 exitCount=108275
[iommuret] hit #210: HalpIommuInitSystem returned EAX=0x00000000 (success/other) rsp=0xFFFFF8032A275438 exitCount=108276
[iommuret] hit #211: HalpIommuInitSystem returned EAX=0x00000000 (success/other) rsp=0xFFFFF8032A275438 exitCount=108277
[iommuret] hit #212: HalpIommuInitSystem returned EAX=0x00000000 (success/other) rsp=0xFFFFF8032A275438 exitCount=108278
[iommuret] hit #213: HalpIommuInitSystem returned EAX=0x00000000 (success/other) rsp=0xFFFFF8032A275438 exitCount=108279
[iommuret] hit #214: HalpIommuInitSystem returned EAX=0x00000000 (success/other) rsp=0xFFFFF8032A275438 exitCount=108280
[iommuret] hit #215: HalpIommuInitSystem returned EAX=0x00000000 (success/other) rsp=0xFFFFF8032A275438 exitCount=108281
[iommuret] hit #216: HalpIommuInitSystem returned EAX=0x00000000 (success/other) rsp=0xFFFFF8032A275438 exitCount=108282
[iommuret] hit #217: HalpIommuInitSystem returned EAX=0x00000000 (success/other) rsp=0xFFFFF8032A275438 exitCount=108283
[iommuret] hit #218: HalpIommuInitSystem returned EAX=0x00000000 (success/other) rsp=0xFFFFF8032A275438 exitCount=108284
[iommuret] hit #219: HalpIommuInitSystem returned EAX=0x00000000 (success/other) rsp=0xFFFFF8032A275438 exitCount=108285
[iommuret] hit #220: HalpIommuInitSystem returned EAX=0x00000000 (success/other) rsp=0xFFFFF8032A275438 exitCount=108286
[iommuret] hit #221: HalpIommuInitSystem returned EAX=0x00000000 (success/other) rsp=0xFFFFF8032A275438 exitCount=108287
[iommuret] hit #222: HalpIommuInitSystem returned EAX=0x00000000 (success/other) rsp=0xFFFFF8032A275438 exitCount=108288
[iommuret] hit #223: HalpIommuInitSystem returned EAX=0x00000000 (success/other) rsp=0xFFFFF8032A275438 exitCount=108289
[iommuret] hit #224: HalpIommuInitSystem returned EAX=0x00000000 (success/other) rsp=0xFFFFF8032A275438 exitCount=108290
[iommuret] hit #225: HalpIommuInitSystem returned EAX=0x00000000 (success/other) rsp=0xFFFFF8032A275438 exitCount=108291
[iommuret] hit #226: HalpIommuInitSystem returned EAX=0x00000000 (success/other) rsp=0xFFFFF8032A275438 exitCount=108292
[iommuret] hit #227: HalpIommuInitSystem returned EAX=0x00000000 (success/other) rsp=0xFFFFF8032A275438 exitCount=108293
[iommuret] hit #228: HalpIommuInitSystem returned EAX=0x00000000 (success/other) rsp=0xFFFFF8032A275438 exitCount=108294
[iommuret] hit #229: HalpIommuInitSystem returned EAX=0x00000000 (success/other) rsp=0xFFFFF8032A275438 exitCount=108295
[iommuret] hit #230: HalpIommuInitSystem returned EAX=0x00000000 (success/other) rsp=0xFFFFF8032A275438 exitCount=108296
[iommuret] hit #231: HalpIommuInitSystem returned EAX=0x00000000 (success/other) rsp=0xFFFFF8032A275438 exitCount=108297
[iommuret] hit #232: HalpIommuInitSystem returned EAX=0x00000000 (success/other) rsp=0xFFFFF8032A275438 exitCount=108298
[iommuret] hit #233: HalpIommuInitSystem returned EAX=0x00000000 (success/other) rsp=0xFFFFF8032A275438 exitCount=108299
[iommuret] hit #234: HalpIommuInitSystem returned EAX=0x00000000 (success/other) rsp=0xFFFFF8032A275438 exitCount=108300
[iommuret] hit #235: HalpIommuInitSystem returned EAX=0x00000000 (success/other) rsp=0xFFFFF8032A275438 exitCount=108301
[iommuret] hit #236: HalpIommuInitSystem returned EAX=0x00000000 (success/other) rsp=0xFFFFF8032A275438 exitCount=108302
[iommuret] hit #237: HalpIommuInitSystem returned EAX=0x00000000 (success/other) rsp=0xFFFFF8032A275438 exitCount=108303
[iommuret] hit #238: HalpIommuInitSystem returned EAX=0x00000000 (success/other) rsp=0xFFFFF8032A275438 exitCount=108304
[iommuret] hit #239: HalpIommuInitSystem returned EAX=0x00000000 (success/other) rsp=0xFFFFF8032A275438 exitCount=108305
[iommuret] hit #240: HalpIommuInitSystem returned EAX=0x00000000 (success/other) rsp=0xFFFFF8032A275438 exitCount=108306
[iommuret] hit #241: HalpIommuInitSystem returned EAX=0x00000000 (success/other) rsp=0xFFFFF8032A275438 exitCount=108307
[iommuret] hit #242: HalpIommuInitSystem returned EAX=0x00000000 (success/other) rsp=0xFFFFF8032A275438 exitCount=108308
[iommuret] hit #243: HalpIommuInitSystem returned EAX=0x00000000 (success/other) rsp=0xFFFFF8032A275438 exitCount=108309
[iommuret] hit #244: HalpIommuInitSystem returned EAX=0x00000000 (success/other) rsp=0xFFFFF8032A275438 exitCount=108310
[iommuret] hit #245: HalpIommuInitSystem returned EAX=0x00000000 (success/other) rsp=0xFFFFF8032A275438 exitCount=108311
[iommuret] hit #246: HalpIommuInitSystem returned EAX=0x00000000 (success/other) rsp=0xFFFFF8032A275438 exitCount=108312
[iommuret] hit #247: HalpIommuInitSystem returned EAX=0x00000000 (success/other) rsp=0xFFFFF8032A275438 exitCount=108313
[iommuret] hit #248: HalpIommuInitSystem returned EAX=0x00000000 (success/other) rsp=0xFFFFF8032A275438 exitCount=108314
[iommuret] hit #249: HalpIommuInitSystem returned EAX=0x00000000 (success/other) rsp=0xFFFFF8032A275438 exitCount=108315
[iommuret] hit #250: HalpIommuInitSystem returned EAX=0x00000000 (success/other) rsp=0xFFFFF8032A275438 exitCount=108316
[iommuret] hit #251: HalpIommuInitSystem returned EAX=0x00000000 (success/other) rsp=0xFFFFF8032A275438 exitCount=108317
[iommuret] hit #252: HalpIommuInitSystem returned EAX=0x00000000 (success/other) rsp=0xFFFFF8032A275438 exitCount=108318
[iommuret] hit #253: HalpIommuInitSystem returned EAX=0x00000000 (success/other) rsp=0xFFFFF8032A275438 exitCount=108319
[iommuret] hit #254: HalpIommuInitSystem returned EAX=0x00000000 (success/other) rsp=0xFFFFF8032A275438 exitCount=108320
[iommuret] hit #255: HalpIommuInitSystem returned EAX=0x00000000 (success/other) rsp=0xFFFFF8032A275438 exitCount=108321
[iommuret] hit #256: HalpIommuInitSystem returned EAX=0x00000000 (success/other) rsp=0xFFFFF8032A275438 exitCount=108322
[iommuret] hit #257: HalpIommuInitSystem returned EAX=0x00000000 (success/other) rsp=0xFFFFF8032A275438 exitCount=108323
[iommuret] hit #258: HalpIommuInitSystem returned EAX=0x00000000 (success/other) rsp=0xFFFFF8032A275438 exitCount=108324
[iommuret] hit #259: HalpIommuInitSystem returned EAX=0x00000000 (success/other) rsp=0xFFFFF8032A275438 exitCount=108325
[iommuret] hit #260: HalpIommuInitSystem returned EAX=0x00000000 (success/other) rsp=0xFFFFF8032A275438 exitCount=108326
[iommuret] hit #261: HalpIommuInitSystem returned EAX=0x00000000 (success/other) rsp=0xFFFFF8032A275438 exitCount=108327
[iommuret] hit #262: HalpIommuInitSystem returned EAX=0x00000000 (success/other) rsp=0xFFFFF8032A275438 exitCount=108328
[iommuret] hit #263: HalpIommuInitSystem returned EAX=0x00000000 (success/other) rsp=0xFFFFF8032A275438 exitCount=108329
[iommuret] hit #264: HalpIommuInitSystem returned EAX=0x00000000 (success/other) rsp=0xFFFFF8032A275438 exitCount=108330
[iommuret] hit #265: HalpIommuInitSystem returned EAX=0x00000000 (success/other) rsp=0xFFFFF8032A275438 exitCount=108331
[iommuret] hit #266: HalpIommuInitSystem returned EAX=0x00000000 (success/other) rsp=0xFFFFF8032A275438 exitCount=108332
[iommuret] hit #267: HalpIommuInitSystem returned EAX=0x00000000 (success/other) rsp=0xFFFFF8032A275438 exitCount=108333
[iommuret] hit #268: HalpIommuInitSystem returned EAX=0x00000000 (success/other) rsp=0xFFFFF8032A275438 exitCount=108334
[iommuret] hit #269: HalpIommuInitSystem returned EAX=0x00000000 (success/other) rsp=0xFFFFF8032A275438 exitCount=108335
[iommuret] hit #270: HalpIommuInitSystem returned EAX=0x00000000 (success/other) rsp=0xFFFFF8032A275438 exitCount=108336
[iommuret] hit #271: HalpIommuInitSystem returned EAX=0x00000000 (success/other) rsp=0xFFFFF8032A275438 exitCount=108337
[iommuret] hit #272: HalpIommuInitSystem returned EAX=0x00000000 (success/other) rsp=0xFFFFF8032A275438 exitCount=108338
[iommuret] hit #273: HalpIommuInitSystem returned EAX=0x00000000 (success/other) rsp=0xFFFFF8032A275438 exitCount=108339
[iommuret] hit #274: HalpIommuInitSystem returned EAX=0x00000000 (success/other) rsp=0xFFFFF8032A275438 exitCount=108340
[iommuret] hit #275: HalpIommuInitSystem returned EAX=0x00000000 (success/other) rsp=0xFFFFF8032A275438 exitCount=108341
[iommuret] hit #276: HalpIommuInitSystem returned EAX=0x00000000 (success/other) rsp=0xFFFFF8032A275438 exitCount=108342
[iommuret] hit #277: HalpIommuInitSystem returned EAX=0x00000000 (success/other) rsp=0xFFFFF8032A275438 exitCount=108343
[iommuret] hit #278: HalpIommuInitSystem returned EAX=0x00000000 (success/other) rsp=0xFFFFF8032A275438 exitCount=108344
[iommuret] hit #279: HalpIommuInitSystem returned EAX=0x00000000 (success/other) rsp=0xFFFFF8032A275438 exitCount=108345
[iommuret] hit #280: HalpIommuInitSystem returned EAX=0x00000000 (success/other) rsp=0xFFFFF8032A275438 exitCount=108346
[iommuret] hit #281: HalpIommuInitSystem returned EAX=0x00000000 (success/other) rsp=0xFFFFF8032A275438 exitCount=108347
[iommuret] hit #282: HalpIommuInitSystem returned EAX=0x00000000 (success/other) rsp=0xFFFFF8032A275438 exitCount=108348
[iommuret] hit #283: HalpIommuInitSystem returned EAX=0x00000000 (success/other) rsp=0xFFFFF8032A275438 exitCount=108349
[iommuret] hit #284: HalpIommuInitSystem returned EAX=0x00000000 (success/other) rsp=0xFFFFF8032A275438 exitCount=108350
[iommuret] hit #285: HalpIommuInitSystem returned EAX=0x00000000 (success/other) rsp=0xFFFFF8032A275438 exitCount=108351
[iommuret] hit #286: HalpIommuInitSystem returned EAX=0x00000000 (success/other) rsp=0xFFFFF8032A275438 exitCount=108352
[iommuret] hit #287: HalpIommuInitSystem returned EAX=0x00000000 (success/other) rsp=0xFFFFF8032A275438 exitCount=108353
[iommuret] hit #288: HalpIommuInitSystem returned EAX=0x00000000 (success/other) rsp=0xFFFFF8032A275438 exitCount=108354
[iommuret] hit #289: HalpIommuInitSystem returned EAX=0x00000000 (success/other) rsp=0xFFFFF8032A275438 exitCount=108355
[iommuret] hit #290: HalpIommuInitSystem returned EAX=0x00000000 (success/other) rsp=0xFFFFF8032A275438 exitCount=108356
[iommuret] hit #291: HalpIommuInitSystem returned EAX=0x00000000 (success/other) rsp=0xFFFFF8032A275438 exitCount=108357
[iommuret] hit #292: HalpIommuInitSystem returned EAX=0x00000000 (success/other) rsp=0xFFFFF8032A275438 exitCount=108358
[iommuret] hit #293: HalpIommuInitSystem returned EAX=0x00000000 (success/other) rsp=0xFFFFF8032A275438 exitCount=108359
[iommuret] hit #294: HalpIommuInitSystem returned EAX=0x00000000 (success/other) rsp=0xFFFFF8032A275438 exitCount=108360
[iommuret] hit #295: HalpIommuInitSystem returned EAX=0x00000000 (success/other) rsp=0xFFFFF8032A275438 exitCount=108361
[iommuret] hit #296: HalpIommuInitSystem returned EAX=0x00000000 (success/other) rsp=0xFFFFF8032A275438 exitCount=108362
[iommuret] hit #297: HalpIommuInitSystem returned EAX=0x00000000 (success/other) rsp=0xFFFFF8032A275438 exitCount=108363
[iommuret] hit #298: HalpIommuInitSystem returned EAX=0x00000000 (success/other) rsp=0xFFFFF8032A275438 exitCount=108364
[iommuret] hit #299: HalpIommuInitSystem returned EAX=0x00000000 (success/other) rsp=0xFFFFF8032A275438 exitCount=108365
[iommuret] hit #300: HalpIommuInitSystem returned EAX=0x00000000 (success/other) rsp=0xFFFFF8032A275438 exitCount=108366
[iommuret] hit #301: HalpIommuInitSystem returned EAX=0x00000000 (success/other) rsp=0xFFFFF8032A275438 exitCount=108367
[iommuret] hit #302: HalpIommuInitSystem returned EAX=0x00000000 (success/other) rsp=0xFFFFF8032A275438 exitCount=108368
[iommuret] hit #303: HalpIommuInitSystem returned EAX=0x00000000 (success/other) rsp=0xFFFFF8032A275438 exitCount=108369
[iommuret] hit #304: HalpIommuInitSystem returned EAX=0x00000000 (success/other) rsp=0xFFFFF8032A275438 exitCount=108370
[iommuret] hit #305: HalpIommuInitSystem returned EAX=0x00000000 (success/other) rsp=0xFFFFF8032A275438 exitCount=108371
[iommuret] hit #306: HalpIommuInitSystem returned EAX=0x00000000 (success/other) rsp=0xFFFFF8032A275438 exitCount=108372
[iommuret] hit #307: HalpIommuInitSystem returned EAX=0x00000000 (success/other) rsp=0xFFFFF8032A275438 exitCount=108373
[iommuret] hit #308: HalpIommuInitSystem returned EAX=0x00000000 (success/other) rsp=0xFFFFF8032A275438 exitCount=108374
[iommuret] hit #309: HalpIommuInitSystem returned EAX=0x00000000 (success/other) rsp=0xFFFFF8032A275438 exitCount=108375
[iommuret] hit #310: HalpIommuInitSystem returned EAX=0x00000000 (success/other) rsp=0xFFFFF8032A275438 exitCount=108376
[iommuret] hit #311: HalpIommuInitSystem returned EAX=0x00000000 (success/other) rsp=0xFFFFF8032A275438 exitCount=108377
[iommuret] hit #312: HalpIommuInitSystem returned EAX=0x00000000 (success/other) rsp=0xFFFFF8032A275438 exitCount=108378
[iommuret] hit #313: HalpIommuInitSystem returned EAX=0x00000000 (success/other) rsp=0xFFFFF8032A275438 exitCount=108379
[iommuret] hit #314: HalpIommuInitSystem returned EAX=0x00000000 (success/other) rsp=0xFFFFF8032A275438 exitCount=108380
[iommuret] hit #315: HalpIommuInitSystem returned EAX=0x00000000 (success/other) rsp=0xFFFFF8032A275438 exitCount=108381
[iommuret] hit #316: HalpIommuInitSystem returned EAX=0x00000000 (success/other) rsp=0xFFFFF8032A275438 exitCount=108382
[iommuret] hit #317: HalpIommuInitSystem returned EAX=0x00000000 (success/other) rsp=0xFFFFF8032A275438 exitCount=108383
[iommuret] hit #318: HalpIommuInitSystem returned EAX=0x00000000 (success/other) rsp=0xFFFFF8032A275438 exitCount=108384
[iommuret] hit #319: HalpIommuInitSystem returned EAX=0x00000000 (success/other) rsp=0xFFFFF8032A275438 exitCount=108385
[iommuret] hit #320: HalpIommuInitSystem returned EAX=0x00000000 (success/other) rsp=0xFFFFF8032A275438 exitCount=108386
[iommuret] hit #321: HalpIommuInitSystem returned EAX=0x00000000 (success/other) rsp=0xFFFFF8032A275438 exitCount=108387
[iommuret] hit #322: HalpIommuInitSystem returned EAX=0x00000000 (success/other) rsp=0xFFFFF8032A275438 exitCount=108388
[iommuret] hit #323: HalpIommuInitSystem returned EAX=0x00000000 (success/other) rsp=0xFFFFF8032A275438 exitCount=108389
[iommuret] hit #324: HalpIommuInitSystem returned EAX=0x00000000 (success/other) rsp=0xFFFFF8032A275438 exitCount=108390
[iommuret] hit #325: HalpIommuInitSystem returned EAX=0x00000000 (success/other) rsp=0xFFFFF8032A275438 exitCount=108391
[iommuret] hit #326: HalpIommuInitSystem returned EAX=0x00000000 (success/other) rsp=0xFFFFF8032A275438 exitCount=108392
[iommuret] hit #327: HalpIommuInitSystem returned EAX=0x00000000 (success/other) rsp=0xFFFFF8032A275438 exitCount=108393
[iommuret] hit #328: HalpIommuInitSystem returned EAX=0x00000000 (success/other) rsp=0xFFFFF8032A275438 exitCount=108394
[iommuret] hit #329: HalpIommuInitSystem returned EAX=0x00000000 (success/other) rsp=0xFFFFF8032A275438 exitCount=108395
[iommuret] hit #330: HalpIommuInitSystem returned EAX=0x00000000 (success/other) rsp=0xFFFFF8032A275438 exitCount=108396
[iommuret] hit #331: HalpIommuInitSystem returned EAX=0x00000000 (success/other) rsp=0xFFFFF8032A275438 exitCount=108397
[iommuret] hit #332: HalpIommuInitSystem returned EAX=0x00000000 (success/other) rsp=0xFFFFF8032A275438 exitCount=108398
[iommuret] hit #333: HalpIommuInitSystem returned EAX=0x00000000 (success/other) rsp=0xFFFFF8032A275438 exitCount=108399
[iommuret] hit #334: HalpIommuInitSystem returned EAX=0x00000000 (success/other) rsp=0xFFFFF8032A275438 exitCount=108400
[iommuret] hit #335: HalpIommuInitSystem returned EAX=0x00000000 (success/other) rsp=0xFFFFF8032A275438 exitCount=108401
[iommuret] hit #336: HalpIommuInitSystem returned EAX=0x00000000 (success/other) rsp=0xFFFFF8032A275438 exitCount=108402
[iommuret] hit #337: HalpIommuInitSystem returned EAX=0x00000000 (success/other) rsp=0xFFFFF8032A275438 exitCount=108403
[iommuret] hit #338: HalpIommuInitSystem returned EAX=0x00000000 (success/other) rsp=0xFFFFF8032A275438 exitCount=108404
[iommuret] hit #339: HalpIommuInitSystem returned EAX=0x00000000 (success/other) rsp=0xFFFFF8032A275438 exitCount=108405
[iommuret] hit #340: HalpIommuInitSystem returned EAX=0x00000000 (success/other) rsp=0xFFFFF8032A275438 exitCount=108406
[iommuret] hit #341: HalpIommuInitSystem returned EAX=0x00000000 (success/other) rsp=0xFFFFF8032A275438 exitCount=108407
[iommuret] hit #342: HalpIommuInitSystem returned EAX=0x00000000 (success/other) rsp=0xFFFFF8032A275438 exitCount=108408
[iommuret] hit #343: HalpIommuInitSystem returned EAX=0x00000000 (success/other) rsp=0xFFFFF8032A275438 exitCount=108409
[iommuret] hit #344: HalpIommuInitSystem returned EAX=0x00000000 (success/other) rsp=0xFFFFF8032A275438 exitCount=108410
[iommuret] hit #345: HalpIommuInitSystem returned EAX=0x00000000 (success/other) rsp=0xFFFFF8032A275438 exitCount=108411
[iommuret] hit #346: HalpIommuInitSystem returned EAX=0x00000000 (success/other) rsp=0xFFFFF8032A275438 exitCount=108412
[iommuret] hit #347: HalpIommuInitSystem returned EAX=0x00000000 (success/other) rsp=0xFFFFF8032A275438 exitCount=108413
[iommuret] hit #348: HalpIommuInitSystem returned EAX=0x00000000 (success/other) rsp=0xFFFFF8032A275438 exitCount=108414
[iommuret] hit #349: HalpIommuInitSystem returned EAX=0x00000000 (success/other) rsp=0xFFFFF8032A275438 exitCount=108415
[iommuret] hit #350: HalpIommuInitSystem returned EAX=0x00000000 (success/other) rsp=0xFFFFF8032A275438 exitCount=108416
[iommuret] hit #351: HalpIommuInitSystem returned EAX=0x00000000 (success/other) rsp=0xFFFFF8032A275438 exitCount=108417
[iommuret] hit #352: HalpIommuInitSystem returned EAX=0x00000000 (success/other) rsp=0xFFFFF8032A275438 exitCount=108418
[iommuret] hit #353: HalpIommuInitSystem returned EAX=0x00000000 (success/other) rsp=0xFFFFF8032A275438 exitCount=108419
[iommuret] hit #354: HalpIommuInitSystem returned EAX=0x00000000 (success/other) rsp=0xFFFFF8032A275438 exitCount=108420
[iommuret] hit #355: HalpIommuInitSystem returned EAX=0x00000000 (success/other) rsp=0xFFFFF8032A275438 exitCount=108421
[iommuret] hit #356: HalpIommuInitSystem returned EAX=0x00000000 (success/other) rsp=0xFFFFF8032A275438 exitCount=108422
[iommuret] hit #357: HalpIommuInitSystem returned EAX=0x00000000 (success/other) rsp=0xFFFFF8032A275438 exitCount=108423
[iommuret] hit #358: HalpIommuInitSystem returned EAX=0x00000000 (success/other) rsp=0xFFFFF8032A275438 exitCount=108424
[iommuret] hit #359: HalpIommuInitSystem returned EAX=0x00000000 (success/other) rsp=0xFFFFF8032A275438 exitCount=108425
[iommuret] hit #360: HalpIommuInitSystem returned EAX=0x00000000 (success/other) rsp=0xFFFFF8032A275438 exitCount=108426
[iommuret] hit #361: HalpIommuInitSystem returned EAX=0x00000000 (success/other) rsp=0xFFFFF8032A275438 exitCount=108427
[iommuret] hit #362: HalpIommuInitSystem returned EAX=0x00000000 (success/other) rsp=0xFFFFF8032A275438 exitCount=108428
[iommuret] hit #363: HalpIommuInitSystem returned EAX=0x00000000 (success/other) rsp=0xFFFFF8032A275438 exitCount=108429
[iommuret] hit #364: HalpIommuInitSystem returned EAX=0x00000000 (success/other) rsp=0xFFFFF8032A275438 exitCount=108430
[iommuret] hit #365: HalpIommuInitSystem returned EAX=0x00000000 (success/other) rsp=0xFFFFF8032A275438 exitCount=108431
[iommuret] hit #366: HalpIommuInitSystem returned EAX=0x00000000 (success/other) rsp=0xFFFFF8032A275438 exitCount=108432
[iommuret] hit #367: HalpIommuInitSystem returned EAX=0x00000000 (success/other) rsp=0xFFFFF8032A275438 exitCount=108433
[iommuret] hit #368: HalpIommuInitSystem returned EAX=0x00000000 (success/other) rsp=0xFFFFF8032A275438 exitCount=108434
[iommuret] hit #369: HalpIommuInitSystem returned EAX=0x00000000 (success/other) rsp=0xFFFFF8032A275438 exitCount=108435
[iommuret] hit #370: HalpIommuInitSystem returned EAX=0x00000000 (success/other) rsp=0xFFFFF8032A275438 exitCount=108436
[iommuret] hit #371: HalpIommuInitSystem returned EAX=0x00000000 (success/other) rsp=0xFFFFF8032A275438 exitCount=108437
[iommuret] hit #372: HalpIommuInitSystem returned EAX=0x00000000 (success/other) rsp=0xFFFFF8032A275438 exitCount=108438
[iommuret] hit #373: HalpIommuInitSystem returned EAX=0x00000000 (success/other) rsp=0xFFFFF8032A275438 exitCount=108439
[iommuret] hit #374: HalpIommuInitSystem returned EAX=0x00000000 (success/other) rsp=0xFFFFF8032A275438 exitCount=108440
[iommuret] hit #375: HalpIommuInitSystem returned EAX=0x00000000 (success/other) rsp=0xFFFFF8032A275438 exitCount=108441
[iommuret] hit #376: HalpIommuInitSystem returned EAX=0x00000000 (success/other) rsp=0xFFFFF8032A275438 exitCount=108442
[iommuret] hit #377: HalpIommuInitSystem returned EAX=0x00000000 (success/other) rsp=0xFFFFF8032A275438 exitCount=108443
[iommuret] hit #378: HalpIommuInitSystem returned EAX=0x00000000 (success/other) rsp=0xFFFFF8032A275438 exitCount=108444
[iommuret] hit #379: HalpIommuInitSystem returned EAX=0x00000000 (success/other) rsp=0xFFFFF8032A275438 exitCount=108445
[iommuret] hit #380: HalpIommuInitSystem returned EAX=0x00000000 (success/other) rsp=0xFFFFF8032A275438 exitCount=108446
[iommuret] hit #381: HalpIommuInitSystem returned EAX=0x00000000 (success/other) rsp=0xFFFFF8032A275438 exitCount=108447
[iommuret] hit #382: HalpIommuInitSystem returned EAX=0x00000000 (success/other) rsp=0xFFFFF8032A275438 exitCount=108448
[iommuret] hit #383: HalpIommuInitSystem returned EAX=0x00000000 (success/other) rsp=0xFFFFF8032A275438 exitCount=108449
[iommuret] hit #384: HalpIommuInitSystem returned EAX=0x00000000 (success/other) rsp=0xFFFFF8032A275438 exitCount=108450
[iommuret] hit #385: HalpIommuInitSystem returned EAX=0x00000000 (success/other) rsp=0xFFFFF8032A275438 exitCount=108451
[iommuret] hit #386: HalpIommuInitSystem returned EAX=0x00000000 (success/other) rsp=0xFFFFF8032A275438 exitCount=108452
[iommuret] hit #387: HalpIommuInitSystem returned EAX=0x00000000 (success/other) rsp=0xFFFFF8032A275438 exitCount=108453
[iommuret] hit #388: HalpIommuInitSystem returned EAX=0x00000000 (success/other) rsp=0xFFFFF8032A275438 exitCount=108454
[iommuret] hit #389: HalpIommuInitSystem returned EAX=0x00000000 (success/other) rsp=0xFFFFF8032A275438 exitCount=108455
[iommuret] hit #390: HalpIommuInitSystem returned EAX=0x00000000 (success/other) rsp=0xFFFFF8032A275438 exitCount=108456
[iommuret] hit #391: HalpIommuInitSystem returned EAX=0x00000000 (success/other) rsp=0xFFFFF8032A275438 exitCount=108457
[iommuret] hit #392: HalpIommuInitSystem returned EAX=0x00000000 (success/other) rsp=0xFFFFF8032A275438 exitCount=108458
[iommuret] hit #393: HalpIommuInitSystem returned EAX=0x00000000 (success/other) rsp=0xFFFFF8032A275438 exitCount=108459
[iommuret] hit #394: HalpIommuInitSystem returned EAX=0x00000000 (success/other) rsp=0xFFFFF8032A275438 exitCount=108460
[iommuret] hit #395: HalpIommuInitSystem returned EAX=0x00000000 (success/other) rsp=0xFFFFF8032A275438 exitCount=108461
[iommuret] hit #396: HalpIommuInitSystem returned EAX=0x00000000 (success/other) rsp=0xFFFFF8032A275438 exitCount=108462
[iommuret] hit #397: HalpIommuInitSystem returned EAX=0x00000000 (success/other) rsp=0xFFFFF8032A275438 exitCount=108463
[iommuret] hit #398: HalpIommuInitSystem returned EAX=0x00000000 (success/other) rsp=0xFFFFF8032A275438 exitCount=108464
[iommuret] hit #399: HalpIommuInitSystem returned EAX=0x00000000 (success/other) rsp=0xFFFFF8032A275438 exitCount=108465
[iommuret] hit #400: HalpIommuInitSystem returned EAX=0x00000000 (success/other) rsp=0xFFFFF8032A275438 exitCount=108466
[iommuret] hit #401: HalpIommuInitSystem returned EAX=0x00000000 (success/other) rsp=0xFFFFF8032A275438 exitCount=108467
[iommuret] hit #402: HalpIommuInitSystem returned EAX=0x00000000 (success/other) rsp=0xFFFFF8032A275438 exitCount=108468
[iommuret] hit #403: HalpIommuInitSystem returned EAX=0x00000000 (success/other) rsp=0xFFFFF8032A275438 exitCount=108469
[iommuret] hit #404: HalpIommuInitSystem returned EAX=0x00000000 (success/other) rsp=0xFFFFF8032A275438 exitCount=108470
[iommuret] hit #405: HalpIommuInitSystem returned EAX=0x00000000 (success/other) rsp=0xFFFFF8032A275438 exitCount=108471
[iommuret] hit #406: HalpIommuInitSystem returned EAX=0x00000000 (success/other) rsp=0xFFFFF8032A275438 exitCount=108472
[iommuret] hit #407: HalpIommuInitSystem returned EAX=0x00000000 (success/other) rsp=0xFFFFF8032A275438 exitCount=108473
[iommuret] hit #408: HalpIommuInitSystem returned EAX=0x00000000 (success/other) rsp=0xFFFFF8032A275438 exitCount=108474
[iommuret] hit #409: HalpIommuInitSystem returned EAX=0x00000000 (success/other) rsp=0xFFFFF8032A275438 exitCount=108475
[iommuret] hit #410: HalpIommuInitSystem returned EAX=0x00000000 (success/other) rsp=0xFFFFF8032A275438 exitCount=108476
[iommuret] hit #411: HalpIommuInitSystem returned EAX=0x00000000 (success/other) rsp=0xFFFFF8032A275438 exitCount=108477
[iommuret] hit #412: HalpIommuInitSystem returned EAX=0x00000000 (success/other) rsp=0xFFFFF8032A275438 exitCount=108478
[iommuret] hit #413: HalpIommuInitSystem returned EAX=0x00000000 (success/other) rsp=0xFFFFF8032A275438 exitCount=108479
[iommuret] hit #414: HalpIommuInitSystem returned EAX=0x00000000 (success/other) rsp=0xFFFFF8032A275438 exitCount=108480
[iommuret] hit #415: HalpIommuInitSystem returned EAX=0x00000000 (success/other) rsp=0xFFFFF8032A275438 exitCount=108481
[iommuret] hit #416: HalpIommuInitSystem returned EAX=0x00000000 (success/other) rsp=0xFFFFF8032A275438 exitCount=108482
[iommuret] hit #417: HalpIommuInitSystem returned EAX=0x00000000 (success/other) rsp=0xFFFFF8032A275438 exitCount=108483
[iommuret] hit #418: HalpIommuInitSystem returned EAX=0x00000000 (success/other) rsp=0xFFFFF8032A275438 exitCount=108484
[iommuret] hit #419: HalpIommuInitSystem returned EAX=0x00000000 (success/other) rsp=0xFFFFF8032A275438 exitCount=108485
[iommuret] hit #420: HalpIommuInitSystem returned EAX=0x00000000 (success/other) rsp=0xFFFFF8032A275438 exitCount=108486
[iommuret] hit #421: HalpIommuInitSystem returned EAX=0x00000000 (success/other) rsp=0xFFFFF8032A275438 exitCount=108487
[iommuret] hit #422: HalpIommuInitSystem returned EAX=0x00000000 (success/other) rsp=0xFFFFF8032A275438 exitCount=108488
[iommuret] hit #423: HalpIommuInitSystem returned EAX=0x00000000 (success/other) rsp=0xFFFFF8032A275438 exitCount=108489
[iommuret] hit #424: HalpIommuInitSystem returned EAX=0x00000000 (success/other) rsp=0xFFFFF8032A275438 exitCount=108490
[iommuret] hit #425: HalpIommuInitSystem returned EAX=0x00000000 (success/other) rsp=0xFFFFF8032A275438 exitCount=108491
[iommuret] hit #426: HalpIommuInitSystem returned EAX=0x00000000 (success/other) rsp=0xFFFFF8032A275438 exitCount=108492
[iommuret] hit #427: HalpIommuInitSystem returned EAX=0x00000000 (success/other) rsp=0xFFFFF8032A275438 exitCount=108493
[iommuret] hit #428: HalpIommuInitSystem returned EAX=0x00000000 (success/other) rsp=0xFFFFF8032A275438 exitCount=108494
[iommuret] hit #429: HalpIommuInitSystem returned EAX=0x00000000 (success/other) rsp=0xFFFFF8032A275438 exitCount=108495
[iommuret] hit #430: HalpIommuInitSystem returned EAX=0x00000000 (success/other) rsp=0xFFFFF8032A275438 exitCount=108496
[iommuret] hit #431: HalpIommuInitSystem returned EAX=0x00000000 (success/other) rsp=0xFFFFF8032A275438 exitCount=108497
[iommuret] hit #432: HalpIommuInitSystem returned EAX=0x00000000 (success/other) rsp=0xFFFFF8032A275438 exitCount=108498
[iommuret] hit #433: HalpIommuInitSystem returned EAX=0x00000000 (success/other) rsp=0xFFFFF8032A275438 exitCount=108499
[iommuret] hit #434: HalpIommuInitSystem returned EAX=0x00000000 (success/other) rsp=0xFFFFF8032A275438 exitCount=108500
[iommuret] hit #435: HalpIommuInitSystem returned EAX=0x00000000 (success/other) rsp=0xFFFFF8032A275438 exitCount=108501
[iommuret] hit #436: HalpIommuInitSystem returned EAX=0x00000000 (success/other) rsp=0xFFFFF8032A275438 exitCount=108502
[iommuret] hit #437: HalpIommuInitSystem returned EAX=0x00000000 (success/other) rsp=0xFFFFF8032A275438 exitCount=108503
[iommuret] hit #438: HalpIommuInitSystem returned EAX=0x00000000 (success/other) rsp=0xFFFFF8032A275438 exitCount=108504
[iommuret] hit #439: HalpIommuInitSystem returned EAX=0x00000000 (success/other) rsp=0xFFFFF8032A275438 exitCount=108505
[iommuret] hit #440: HalpIommuInitSystem returned EAX=0x00000000 (success/other) rsp=0xFFFFF8032A275438 exitCount=108506
[iommuret] hit #441: HalpIommuInitSystem returned EAX=0x00000000 (success/other) rsp=0xFFFFF8032A275438 exitCount=108507
[iommuret] hit #442: HalpIommuInitSystem returned EAX=0x00000000 (success/other) rsp=0xFFFFF8032A275438 exitCount=108508
[iommuret] hit #443: HalpIommuInitSystem returned EAX=0x00000000 (success/other) rsp=0xFFFFF8032A275438 exitCount=108509
[iommuret] hit #444: HalpIommuInitSystem returned EAX=0x00000000 (success/other) rsp=0xFFFFF8032A275438 exitCount=108510
[iommuret] hit #445: HalpIommuInitSystem returned EAX=0x00000000 (success/other) rsp=0xFFFFF8032A275438 exitCount=108511
[iommuret] hit #446: HalpIommuInitSystem returned EAX=0x00000000 (success/other) rsp=0xFFFFF8032A275438 exitCount=108512
[iommuret] hit #447: HalpIommuInitSystem returned EAX=0x00000000 (success/other) rsp=0xFFFFF8032A275438 exitCount=108513
[iommuret] hit #448: HalpIommuInitSystem returned EAX=0x00000000 (success/other) rsp=0xFFFFF8032A275438 exitCount=108514
[iommuret] hit #449: HalpIommuInitSystem returned EAX=0x00000000 (success/other) rsp=0xFFFFF8032A275438 exitCount=108515
[iommuret] hit #450: HalpIommuInitSystem returned EAX=0x00000000 (success/other) rsp=0xFFFFF8032A275438 exitCount=108516
[iommuret] hit #451: HalpIommuInitSystem returned EAX=0x00000000 (success/other) rsp=0xFFFFF8032A275438 exitCount=108517
[iommuret] hit #452: HalpIommuInitSystem returned EAX=0x00000000 (success/other) rsp=0xFFFFF8032A275438 exitCount=108518
[iommuret] hit #453: HalpIommuInitSystem returned EAX=0x00000000 (success/other) rsp=0xFFFFF8032A275438 exitCount=108519
[iommuret] hit #454: HalpIommuInitSystem returned EAX=0x00000000 (success/other) rsp=0xFFFFF8032A275438 exitCount=108520
[iommuret] hit #455: HalpIommuInitSystem returned EAX=0x00000000 (success/other) rsp=0xFFFFF8032A275438 exitCount=108521
[iommuret] hit #456: HalpIommuInitSystem returned EAX=0x00000000 (success/other) rsp=0xFFFFF8032A275438 exitCount=108522
[iommuret] hit #457: HalpIommuInitSystem returned EAX=0x00000000 (success/other) rsp=0xFFFFF8032A275438 exitCount=108523
[iommuret] hit #458: HalpIommuInitSystem returned EAX=0x00000000 (success/other) rsp=0xFFFFF8032A275438 exitCount=108524
[iommuret] hit #459: HalpIommuInitSystem returned EAX=0x00000000 (success/other) rsp=0xFFFFF8032A275438 exitCount=108525
[iommuret] hit #460: HalpIommuInitSystem returned EAX=0x00000000 (success/other) rsp=0xFFFFF8032A275438 exitCount=108526
[iommuret] hit #461: HalpIommuInitSystem returned EAX=0x00000000 (success/other) rsp=0xFFFFF8032A275438 exitCount=108527
[iommuret] hit #462: HalpIommuInitSystem returned EAX=0x00000000 (success/other) rsp=0xFFFFF8032A275438 exitCount=108528
[iommuret] hit #463: HalpIommuInitSystem returned EAX=0x00000000 (success/other) rsp=0xFFFFF8032A275438 exitCount=108529
[iommuret] hit #464: HalpIommuInitSystem returned EAX=0x00000000 (success/other) rsp=0xFFFFF8032A275438 exitCount=108530
[iommuret] hit #465: HalpIommuInitSystem returned EAX=0x00000000 (success/other) rsp=0xFFFFF8032A275438 exitCount=108531
[iommuret] hit #466: HalpIommuInitSystem returned EAX=0x00000000 (success/other) rsp=0xFFFFF8032A275438 exitCount=108532
[iommuret] hit #467: HalpIommuInitSystem returned EAX=0x00000000 (success/other) rsp=0xFFFFF8032A275438 exitCount=108533
[iommuret] hit #468: HalpIommuInitSystem returned EAX=0x00000000 (success/other) rsp=0xFFFFF8032A275438 exitCount=108534
[iommuret] hit #469: HalpIommuInitSystem returned EAX=0x00000000 (success/other) rsp=0xFFFFF8032A275438 exitCount=108535
[iommuret] hit #470: HalpIommuInitSystem returned EAX=0x00000000 (success/other) rsp=0xFFFFF8032A275438 exitCount=108536
[iommuret] hit #471: HalpIommuInitSystem returned EAX=0x00000000 (success/other) rsp=0xFFFFF8032A275438 exitCount=108537
[iommuret] hit #472: HalpIommuInitSystem returned EAX=0x00000000 (success/other) rsp=0xFFFFF8032A275438 exitCount=108538
[iommuret] hit #473: HalpIommuInitSystem returned EAX=0x00000000 (success/other) rsp=0xFFFFF8032A275438 exitCount=108539
[iommuret] hit #474: HalpIommuInitSystem returned EAX=0x00000000 (success/other) rsp=0xFFFFF8032A275438 exitCount=108540
[iommuret] hit #475: HalpIommuInitSystem returned EAX=0x00000000 (success/other) rsp=0xFFFFF8032A275438 exitCount=108541
[iommuret] hit #476: HalpIommuInitSystem returned EAX=0x00000000 (success/other) rsp=0xFFFFF8032A275438 exitCount=108542
[iommuret] hit #477: HalpIommuInitSystem returned EAX=0x00000000 (success/other) rsp=0xFFFFF8032A275438 exitCount=108543
[iommuret] hit #478: HalpIommuInitSystem returned EAX=0x00000000 (success/other) rsp=0xFFFFF8032A275438 exitCount=108544
[iommuret] hit #479: HalpIommuInitSystem returned EAX=0x00000000 (success/other) rsp=0xFFFFF8032A275438 exitCount=108545
[iommuret] hit #480: HalpIommuInitSystem returned EAX=0x00000000 (success/other) rsp=0xFFFFF8032A275438 exitCount=108546
[iommuret] hit #481: HalpIommuInitSystem returned EAX=0x00000000 (success/other) rsp=0xFFFFF8032A275438 exitCount=108547
[iommuret] hit #482: HalpIommuInitSystem returned EAX=0x00000000 (success/other) rsp=0xFFFFF8032A275438 exitCount=108548
[iommuret] hit #483: HalpIommuInitSystem returned EAX=0x00000000 (success/other) rsp=0xFFFFF8032A275438 exitCount=108549
[iommuret] hit #484: HalpIommuInitSystem returned EAX=0x00000000 (success/other) rsp=0xFFFFF8032A275438 exitCount=108550
[iommuret] hit #485: HalpIommuInitSystem returned EAX=0x00000000 (success/other) rsp=0xFFFFF8032A275438 exitCount=108551
[iommuret] hit #486: HalpIommuInitSystem returned EAX=0x00000000 (success/other) rsp=0xFFFFF8032A275438 exitCount=108552
[iommuret] hit #487: HalpIommuInitSystem returned EAX=0x00000000 (success/other) rsp=0xFFFFF8032A275438 exitCount=108553
[iommuret] hit #488: HalpIommuInitSystem returned EAX=0x00000000 (success/other) rsp=0xFFFFF8032A275438 exitCount=108554
[iommuret] hit #489: HalpIommuInitSystem returned EAX=0x00000000 (success/other) rsp=0xFFFFF8032A275438 exitCount=108555
[iommuret] hit #490: HalpIommuInitSystem returned EAX=0x00000000 (success/other) rsp=0xFFFFF8032A275438 exitCount=108556
[iommuret] hit #491: HalpIommuInitSystem returned EAX=0x00000000 (success/other) rsp=0xFFFFF8032A275438 exitCount=108557
[iommuret] hit #492: HalpIommuInitSystem returned EAX=0x00000000 (success/other) rsp=0xFFFFF8032A275438 exitCount=108558
[iommuret] hit #493: HalpIommuInitSystem returned EAX=0x00000000 (success/other) rsp=0xFFFFF8032A275438 exitCount=108559
[iommuret] hit #494: HalpIommuInitSystem returned EAX=0x00000000 (success/other) rsp=0xFFFFF8032A275438 exitCount=108560
[iommuret] hit #495: HalpIommuInitSystem returned EAX=0x00000000 (success/other) rsp=0xFFFFF8032A275438 exitCount=108561
[iommuret] hit #496: HalpIommuInitSystem returned EAX=0x00000000 (success/other) rsp=0xFFFFF8032A275438 exitCount=108562
[iommuret] hit #497: HalpIommuInitSystem returned EAX=0x00000000 (success/other) rsp=0xFFFFF8032A275438 exitCount=108563
[iommuret] hit #498: HalpIommuInitSystem returned EAX=0x00000000 (success/other) rsp=0xFFFFF8032A275438 exitCount=108564
[iommuret] hit #499: HalpIommuInitSystem returned EAX=0x00000000 (success/other) rsp=0xFFFFF8032A275438 exitCount=108565
[iommuret] hit #500: HalpIommuInitSystem returned EAX=0x00000000 (success/other) rsp=0xFFFFF8032A275438 exitCount=108566
[iommuret] hit #501: HalpIommuInitSystem returned EAX=0x00000000 (success/other) rsp=0xFFFFF8032A275438 exitCount=108567
[iommuret] hit #502: HalpIommuInitSystem returned EAX=0x00000000 (success/other) rsp=0xFFFFF8032A275438 exitCount=108568
[iommuret] hit #503: HalpIommuInitSystem returned EAX=0x00000000 (success/other) rsp=0xFFFFF8032A275438 exitCount=108569
[iommuret] hit #504: HalpIommuInitSystem returned EAX=0x00000000 (success/other) rsp=0xFFFFF8032A275438 exitCount=108570
[iommuret] hit #505: HalpIommuInitSystem returned EAX=0x00000000 (success/other) rsp=0xFFFFF8032A275438 exitCount=108571
[iommuret] hit #506: HalpIommuInitSystem returned EAX=0x00000000 (success/other) rsp=0xFFFFF8032A275438 exitCount=108572
[iommuret] hit #507: HalpIommuInitSystem returned EAX=0x00000000 (success/other) rsp=0xFFFFF8032A275438 exitCount=108573
[iommuret] hit #508: HalpIommuInitSystem returned EAX=0x00000000 (success/other) rsp=0xFFFFF8032A275438 exitCount=108574
[iommuret] hit #509: HalpIommuInitSystem returned EAX=0x00000000 (success/other) rsp=0xFFFFF8032A275438 exitCount=108575
[iommuret] hit #510: HalpIommuInitSystem returned EAX=0x00000000 (success/other) rsp=0xFFFFF8032A275438 exitCount=108576
[iommuret] hit #511: HalpIommuInitSystem returned EAX=0x00000000 (success/other) rsp=0xFFFFF8032A275438 exitCount=108577
[iommuret] hit #512: HalpIommuInitSystem returned EAX=0x00000000 (success/other) rsp=0xFFFFF8032A275438 exitCount=108578
[iommuret] hit #513: HalpIommuInitSystem returned EAX=0x00000000 (success/other) rsp=0xFFFFF8032A275438 exitCount=108579
[iommuret] hit #514: HalpIommuInitSystem returned EAX=0x00000000 (success/other) rsp=0xFFFFF8032A275438 exitCount=108580
[iommuret] hit #515: HalpIommuInitSystem returned EAX=0x00000000 (success/other) rsp=0xFFFFF8032A275438 exitCount=108581
[iommuret] hit #516: HalpIommuInitSystem returned EAX=0x00000000 (success/other) rsp=0xFFFFF8032A275438 exitCount=108582
[iommuret] hit #517: HalpIommuInitSystem returned EAX=0x00000000 (success/other) rsp=0xFFFFF8032A275438 exitCount=108583
[iommuret] hit #518: HalpIommuInitSystem returned EAX=0x00000000 (success/other) rsp=0xFFFFF8032A275438 exitCount=108584
[iommuret] hit #519: HalpIommuInitSystem returned EAX=0x00000000 (success/other) rsp=0xFFFFF8032A275438 exitCount=108585
[iommuret] hit #520: HalpIommuInitSystem returned EAX=0x00000000 (success/other) rsp=0xFFFFF8032A275438 exitCount=108586
[iommuret] hit #521: HalpIommuInitSystem returned EAX=0x00000000 (success/other) rsp=0xFFFFF8032A275438 exitCount=108587
[iommuret] hit #522: HalpIommuInitSystem returned EAX=0x00000000 (success/other) rsp=0xFFFFF8032A275438 exitCount=108588
[iommuret] hit #523: HalpIommuInitSystem returned EAX=0x00000000 (success/other) rsp=0xFFFFF8032A275438 exitCount=108589
[iommuret] hit #524: HalpIommuInitSystem returned EAX=0x00000000 (success/other) rsp=0xFFFFF8032A275438 exitCount=108590
[iommuret] hit #525: HalpIommuInitSystem returned EAX=0x00000000 (success/other) rsp=0xFFFFF8032A275438 exitCount=108591
[iommuret] hit #526: HalpIommuInitSystem returned EAX=0x00000000 (success/other) rsp=0xFFFFF8032A275438 exitCount=108592
[iommuret] hit #527: HalpIommuInitSystem returned EAX=0x00000000 (success/other) rsp=0xFFFFF8032A275438 exitCount=108593
[iommuret] hit #528: HalpIommuInitSystem returned EAX=0x00000000 (success/other) rsp=0xFFFFF8032A275438 exitCount=108594
[iommuret] hit #529: HalpIommuInitSystem returned EAX=0x00000000 (success/other) rsp=0xFFFFF8032A275438 exitCount=108595
[iommuret] hit #530: HalpIommuInitSystem returned EAX=0x00000000 (success/other) rsp=0xFFFFF8032A275438 exitCount=108596
[iommuret] hit #531: HalpIommuInitSystem returned EAX=0x00000000 (success/other) rsp=0xFFFFF8032A275438 exitCount=108597
[iommuret] hit #532: HalpIommuInitSystem returned EAX=0x00000000 (success/other) rsp=0xFFFFF8032A275438 exitCount=108598
[iommuret] hit #533: HalpIommuInitSystem returned EAX=0x00000000 (success/other) rsp=0xFFFFF8032A275438 exitCount=108599
[iommuret] hit #534: HalpIommuInitSystem returned EAX=0x00000000 (success/other) rsp=0xFFFFF8032A275438 exitCount=108600
[iommuret] hit #535: HalpIommuInitSystem returned EAX=0x00000000 (success/other) rsp=0xFFFFF8032A275438 exitCount=108601
[iommuret] hit #536: HalpIommuInitSystem returned EAX=0x00000000 (success/other) rsp=0xFFFFF8032A275438 exitCount=108602
[iommuret] hit #537: HalpIommuInitSystem returned EAX=0x00000000 (success/other) rsp=0xFFFFF8032A275438 exitCount=108603
[iommuret] hit #538: HalpIommuInitSystem returned EAX=0x00000000 (success/other) rsp=0xFFFFF8032A275438 exitCount=108604
[iommuret] hit #539: HalpIommuInitSystem returned EAX=0x00000000 (success/other) rsp=0xFFFFF8032A275438 exitCount=108605
[iommuret] hit #540: HalpIommuInitSystem returned EAX=0x00000000 (success/other) rsp=0xFFFFF8032A275438 exitCount=108606
[iommuret] hit #541: HalpIommuInitSystem returned EAX=0x00000000 (success/other) rsp=0xFFFFF8032A275438 exitCount=108607
[iommuret] hit #542: HalpIommuInitSystem returned EAX=0x00000000 (success/other) rsp=0xFFFFF8032A275438 exitCount=108608
[iommuret] hit #543: HalpIommuInitSystem returned EAX=0x00000000 (success/other) rsp=0xFFFFF8032A275438 exitCount=108609
[iommuret] hit #544: HalpIommuInitSystem returned EAX=0x00000000 (success/other) rsp=0xFFFFF8032A275438 exitCount=108610
[iommuret] hit #545: HalpIommuInitSystem returned EAX=0x00000000 (success/other) rsp=0xFFFFF8032A275438 exitCount=108611
[iommuret] hit #546: HalpIommuInitSystem returned EAX=0x00000000 (success/other) rsp=0xFFFFF8032A275438 exitCount=108612
[iommuret] hit #547: HalpIommuInitSystem returned EAX=0x00000000 (success/other) rsp=0xFFFFF8032A275438 exitCount=108613
[iommuret] hit #548: HalpIommuInitSystem returned EAX=0x00000000 (success/other) rsp=0xFFFFF8032A275438 exitCount=108614
[iommuret] hit #549: HalpIommuInitSystem returned EAX=0x00000000 (success/other) rsp=0xFFFFF8032A275438 exitCount=108615
[iommuret] hit #550: HalpIommuInitSystem returned EAX=0x00000000 (success/other) rsp=0xFFFFF8032A275438 exitCount=108616
[iommuret] hit #551: HalpIommuInitSystem returned EAX=0x00000000 (success/other) rsp=0xFFFFF8032A275438 exitCount=108617
[iommuret] hit #552: HalpIommuInitSystem returned EAX=0x00000000 (success/other) rsp=0xFFFFF8032A275438 exitCount=108618
[iommuret] hit #553: HalpIommuInitSystem returned EAX=0x00000000 (success/other) rsp=0xFFFFF8032A275438 exitCount=108619
[iommuret] hit #554: HalpIommuInitSystem returned EAX=0x00000000 (success/other) rsp=0xFFFFF8032A275438 exitCount=108620
[iommuret] hit #555: HalpIommuInitSystem returned EAX=0x00000000 (success/other) rsp=0xFFFFF8032A275438 exitCount=108621
[iommuret] hit #556: HalpIommuInitSystem returned EAX=0x00000000 (success/other) rsp=0xFFFFF8032A275438 exitCount=108622
[iommuret] hit #557: HalpIommuInitSystem returned EAX=0x00000000 (success/other) rsp=0xFFFFF8032A275438 exitCount=108623
[iommuret] hit #558: HalpIommuInitSystem returned EAX=0x00000000 (success/other) rsp=0xFFFFF8032A275438 exitCount=108624
[iommuret] hit #559: HalpIommuInitSystem returned EAX=0x00000000 (success/other) rsp=0xFFFFF8032A275438 exitCount=108625
[iommuret] hit #560: HalpIommuInitSystem returned EAX=0x00000000 (success/other) rsp=0xFFFFF8032A275438 exitCount=108626
[iommuret] hit #561: HalpIommuInitSystem returned EAX=0x00000000 (success/other) rsp=0xFFFFF8032A275438 exitCount=108627
[iommuret] hit #562: HalpIommuInitSystem returned EAX=0x00000000 (success/other) rsp=0xFFFFF8032A275438 exitCount=108628
[iommuret] hit #563: HalpIommuInitSystem returned EAX=0x00000000 (success/other) rsp=0xFFFFF8032A275438 exitCount=108629
[iommuret] hit #564: HalpIommuInitSystem returned EAX=0x00000000 (success/other) rsp=0xFFFFF8032A275438 exitCount=108630
[iommuret] hit #565: HalpIommuInitSystem returned EAX=0x00000000 (success/other) rsp=0xFFFFF8032A275438 exitCount=108631
[iommuret] hit #566: HalpIommuInitSystem returned EAX=0x00000000 (success/other) rsp=0xFFFFF8032A275438 exitCount=108632
[iommuret] hit #567: HalpIommuInitSystem returned EAX=0x00000000 (success/other) rsp=0xFFFFF8032A275438 exitCount=108633
[iommuret] hit #568: HalpIommuInitSystem returned EAX=0x00000000 (success/other) rsp=0xFFFFF8032A275438 exitCount=108634
[iommuret] hit #569: HalpIommuInitSystem returned EAX=0x00000000 (success/other) rsp=0xFFFFF8032A275438 exitCount=108635
[iommuret] hit #570: HalpIommuInitSystem returned EAX=0x00000000 (success/other) rsp=0xFFFFF8032A275438 exitCount=108636
[iommuret] hit #571: HalpIommuInitSystem returned EAX=0x00000000 (success/other) rsp=0xFFFFF8032A275438 exitCount=108637
[iommuret] hit #572: HalpIommuInitSystem returned EAX=0x00000000 (success/other) rsp=0xFFFFF8032A275438 exitCount=108638
[iommuret] hit #573: HalpIommuInitSystem returned EAX=0x00000000 (success/other) rsp=0xFFFFF8032A275438 exitCount=108639
[iommuret] hit #574: HalpIommuInitSystem returned EAX=0x00000000 (success/other) rsp=0xFFFFF8032A275438 exitCount=108640
[iommuret] hit #575: HalpIommuInitSystem returned EAX=0x00000000 (success/other) rsp=0xFFFFF8032A275438 exitCount=108641
[iommuret] hit #576: HalpIommuInitSystem returned EAX=0x00000000 (success/other) rsp=0xFFFFF8032A275438 exitCount=108642
[iommuret] hit #577: HalpIommuInitSystem returned EAX=0x00000000 (success/other) rsp=0xFFFFF8032A275438 exitCount=108643
[iommuret] hit #578: HalpIommuInitSystem returned EAX=0x00000000 (success/other) rsp=0xFFFFF8032A275438 exitCount=108644
[iommuret] hit #579: HalpIommuInitSystem returned EAX=0x00000000 (success/other) rsp=0xFFFFF8032A275438 exitCount=108645
[iommuret] hit #580: HalpIommuInitSystem returned EAX=0x00000000 (success/other) rsp=0xFFFFF8032A275438 exitCount=108646
[iommuret] hit #581: HalpIommuInitSystem returned EAX=0x00000000 (success/other) rsp=0xFFFFF8032A275438 exitCount=108647
[iommuret] hit #582: HalpIommuInitSystem returned EAX=0x00000000 (success/other) rsp=0xFFFFF8032A275438 exitCount=108648
[iommuret] hit #583: HalpIommuInitSystem returned EAX=0x00000000 (success/other) rsp=0xFFFFF8032A275438 exitCount=108649
[iommuret] hit #584: HalpIommuInitSystem returned EAX=0x00000000 (success/other) rsp=0xFFFFF8032A275438 exitCount=108650
[iommuret] hit #585: HalpIommuInitSystem returned EAX=0x00000000 (success/other) rsp=0xFFFFF8032A275438 exitCount=108651
[iommuret] hit #586: HalpIommuInitSystem returned EAX=0x00000000 (success/other) rsp=0xFFFFF8032A275438 exitCount=108652
[iommuret] hit #587: HalpIommuInitSystem returned EAX=0x00000000 (success/other) rsp=0xFFFFF8032A275438 exitCount=108653
[iommuret] hit #588: HalpIommuInitSystem returned EAX=0x00000000 (success/other) rsp=0xFFFFF8032A275438 exitCount=108654
[iommuret] hit #589: HalpIommuInitSystem returned EAX=0x00000000 (success/other) rsp=0xFFFFF8032A275438 exitCount=108655
[iommuret] hit #590: HalpIommuInitSystem returned EAX=0x00000000 (success/other) rsp=0xFFFFF8032A275438 exitCount=108656
[iommuret] hit #591: HalpIommuInitSystem returned EAX=0x00000000 (success/other) rsp=0xFFFFF8032A275438 exitCount=108657
[iommuret] hit #592: HalpIommuInitSystem returned EAX=0x00000000 (success/other) rsp=0xFFFFF8032A275438 exitCount=108658
[iommuret] hit #593: HalpIommuInitSystem returned EAX=0x00000000 (success/other) rsp=0xFFFFF8032A275438 exitCount=108659
[iommuret] hit #594: HalpIommuInitSystem returned EAX=0x00000000 (success/other) rsp=0xFFFFF8032A275438 exitCount=108660
[iommuret] hit #595: HalpIommuInitSystem returned EAX=0x00000000 (success/other) rsp=0xFFFFF8032A275438 exitCount=108661
[iommuret] hit #596: HalpIommuInitSystem returned EAX=0x00000000 (success/other) rsp=0xFFFFF8032A275438 exitCount=108662
[iommuret] hit #597: HalpIommuInitSystem returned EAX=0x00000000 (success/other) rsp=0xFFFFF8032A275438 exitCount=108663
[iommuret] hit #598: HalpIommuInitSystem returned EAX=0x00000000 (success/other) rsp=0xFFFFF8032A275438 exitCount=108664
[iommuret] hit #599: HalpIommuInitSystem returned EAX=0x00000000 (success/other) rsp=0xFFFFF8032A275438 exitCount=108665
[iommuret] hit #600: HalpIommuInitSystem returned EAX=0x00000000 (success/other) rsp=0xFFFFF8032A275438 exitCount=108666
[iommuret] hit #601: HalpIommuInitSystem returned EAX=0x00000000 (success/other) rsp=0xFFFFF8032A275438 exitCount=108667
[iommuret] hit #602: HalpIommuInitSystem returned EAX=0x00000000 (success/other) rsp=0xFFFFF8032A275438 exitCount=108668
[iommuret] hit #603: HalpIommuInitSystem returned EAX=0x00000000 (success/other) rsp=0xFFFFF8032A275438 exitCount=108669
[iommuret] hit #604: HalpIommuInitSystem returned EAX=0x00000000 (success/other) rsp=0xFFFFF8032A275438 exitCount=108670
[iommuret] hit #605: HalpIommuInitSystem returned EAX=0x00000000 (success/other) rsp=0xFFFFF8032A275438 exitCount=108671
[iommuret] hit #606: HalpIommuInitSystem returned EAX=0x00000000 (success/other) rsp=0xFFFFF8032A275438 exitCount=108672
[iommuret] hit #607: HalpIommuInitSystem returned EAX=0x00000000 (success/other) rsp=0xFFFFF8032A275438 exitCount=108673
[iommuret] hit #608: HalpIommuInitSystem returned EAX=0x00000000 (success/other) rsp=0xFFFFF8032A275438 exitCount=108674
[iommuret] hit #609: HalpIommuInitSystem returned EAX=0x00000000 (success/other) rsp=0xFFFFF8032A275438 exitCount=108675
[iommuret] hit #610: HalpIommuInitSystem returned EAX=0x00000000 (success/other) rsp=0xFFFFF8032A275438 exitCount=108676
[iommuret] hit #611: HalpIommuInitSystem returned EAX=0x00000000 (success/other) rsp=0xFFFFF8032A275438 exitCount=108677
[iommuret] hit #612: HalpIommuInitSystem returned EAX=0x00000000 (success/other) rsp=0xFFFFF8032A275438 exitCount=108678
[iommuret] hit #613: HalpIommuInitSystem returned EAX=0x00000000 (success/other) rsp=0xFFFFF8032A275438 exitCount=108679
[iommuret] hit #614: HalpIommuInitSystem returned EAX=0x00000000 (success/other) rsp=0xFFFFF8032A275438 exitCount=108680
[iommuret] hit #615: HalpIommuInitSystem returned EAX=0x00000000 (success/other) rsp=0xFFFFF8032A275438 exitCount=108681
[iommuret] hit #616: HalpIommuInitSystem returned EAX=0x00000000 (success/other) rsp=0xFFFFF8032A275438 exitCount=108682
[iommuret] hit #617: HalpIommuInitSystem returned EAX=0x00000000 (success/other) rsp=0xFFFFF8032A275438 exitCount=108683
[iommuret] hit #618: HalpIommuInitSystem returned EAX=0x00000000 (success/other) rsp=0xFFFFF8032A275438 exitCount=108684
[iommuret] hit #619: HalpIommuInitSystem returned EAX=0x00000000 (success/other) rsp=0xFFFFF8032A275438 exitCount=108685
[iommuret] hit #620: HalpIommuInitSystem returned EAX=0x00000000 (success/other) rsp=0xFFFFF8032A275438 exitCount=108686
[iommuret] hit #621: HalpIommuInitSystem returned EAX=0x00000000 (success/other) rsp=0xFFFFF8032A275438 exitCount=108687
[iommuret] hit #622: HalpIommuInitSystem returned EAX=0x00000000 (success/other) rsp=0xFFFFF8032A275438 exitCount=108688
[iommuret] hit #623: HalpIommuInitSystem returned EAX=0x00000000 (success/other) rsp=0xFFFFF8032A275438 exitCount=108689
[iommuret] hit #624: HalpIommuInitSystem returned EAX=0x00000000 (success/other) rsp=0xFFFFF8032A275438 exitCount=108690
[iommuret] hit #625: HalpIommuInitSystem returned EAX=0x00000000 (success/other) rsp=0xFFFFF8032A275438 exitCount=108691
[iommuret] hit #626: HalpIommuInitSystem returned EAX=0x00000000 (success/other) rsp=0xFFFFF8032A275438 exitCount=108692
[iommuret] hit #627: HalpIommuInitSystem returned EAX=0x00000000 (success/other) rsp=0xFFFFF8032A275438 exitCount=108693
[iommuret] hit #628: HalpIommuInitSystem returned EAX=0x00000000 (success/other) rsp=0xFFFFF8032A275438 exitCount=108694
[iommuret] hit #629: HalpIommuInitSystem returned EAX=0x00000000 (success/other) rsp=0xFFFFF8032A275438 exitCount=108695
[iommuret] hit #630: HalpIommuInitSystem returned EAX=0x00000000 (success/other) rsp=0xFFFFF8032A275438 exitCount=108696
[iommuret] hit #631: HalpIommuInitSystem returned EAX=0x00000000 (success/other) rsp=0xFFFFF8032A275438 exitCount=108697
[iommuret] hit #632: HalpIommuInitSystem returned EAX=0x00000000 (success/other) rsp=0xFFFFF8032A275438 exitCount=108698
[iommuret] hit #633: HalpIommuInitSystem returned EAX=0x00000000 (success/other) rsp=0xFFFFF8032A275438 exitCount=108699
[iommuret] hit #634: HalpIommuInitSystem returned EAX=0x00000000 (success/other) rsp=0xFFFFF8032A275438 exitCount=108700
[iommuret] hit #635: HalpIommuInitSystem returned EAX=0x00000000 (success/other) rsp=0xFFFFF8032A275438 exitCount=108701
[iommuret] hit #636: HalpIommuInitSystem returned EAX=0x00000000 (success/other) rsp=0xFFFFF8032A275438 exitCount=108702
[iommuret] hit #637: HalpIommuInitSystem returned EAX=0x00000000 (success/other) rsp=0xFFFFF8032A275438 exitCount=108703
[iommuret] hit #638: HalpIommuInitSystem returned EAX=0x00000000 (success/other) rsp=0xFFFFF8032A275438 exitCount=108704
[iommuret] hit #639: HalpIommuInitSystem returned EAX=0x00000000 (success/other) rsp=0xFFFFF8032A275438 exitCount=108705
[iommuret] hit #640: HalpIommuInitSystem returned EAX=0x00000000 (success/other) rsp=0xFFFFF8032A275438 exitCount=108706
[iommuret] hit #641: HalpIommuInitSystem returned EAX=0x00000000 (success/other) rsp=0xFFFFF8032A275438 exitCount=108707
[iommuret] hit #642: HalpIommuInitSystem returned EAX=0x00000000 (success/other) rsp=0xFFFFF8032A275438 exitCount=108708
[iommuret] hit #643: HalpIommuInitSystem returned EAX=0x00000000 (success/other) rsp=0xFFFFF8032A275438 exitCount=108709
[iommuret] hit #644: HalpIommuInitSystem returned EAX=0x00000000 (success/other) rsp=0xFFFFF8032A275438 exitCount=108710
[iommuret] hit #645: HalpIommuInitSystem returned EAX=0x00000000 (success/other) rsp=0xFFFFF8032A275438 exitCount=108711
[iommuret] hit #646: HalpIommuInitSystem returned EAX=0x00000000 (success/other) rsp=0xFFFFF8032A275438 exitCount=108712
[iommuret] hit #647: HalpIommuInitSystem returned EAX=0x00000000 (success/other) rsp=0xFFFFF8032A275438 exitCount=108713
[iommuret] hit #648: HalpIommuInitSystem returned EAX=0x00000000 (success/other) rsp=0xFFFFF8032A275438 exitCount=108714
[iommuret] hit #649: HalpIommuInitSystem returned EAX=0x00000000 (success/other) rsp=0xFFFFF8032A275438 exitCount=108715
[iommuret] hit #650: HalpIommuInitSystem returned EAX=0x00000000 (success/other) rsp=0xFFFFF8032A275438 exitCount=108716
[iommuret] hit #651: HalpIommuInitSystem returned EAX=0x00000000 (success/other) rsp=0xFFFFF8032A275438 exitCount=108717
[iommuret] hit #652: HalpIommuInitSystem returned EAX=0x00000000 (success/other) rsp=0xFFFFF8032A275438 exitCount=108718
[iommuret] hit #653: HalpIommuInitSystem returned EAX=0x00000000 (success/other) rsp=0xFFFFF8032A275438 exitCount=108719
[iommuret] hit #654: HalpIommuInitSystem returned EAX=0x00000000 (success/other) rsp=0xFFFFF8032A275438 exitCount=108720
[iommuret] hit #655: HalpIommuInitSystem returned EAX=0x00000000 (success/other) rsp=0xFFFFF8032A275438 exitCount=108721
[iommuret] hit #656: HalpIommuInitSystem returned EAX=0x00000000 (success/other) rsp=0xFFFFF8032A275438 exitCount=108722
[iommuret] hit #657: HalpIommuInitSystem returned EAX=0x00000000 (success/other) rsp=0xFFFFF8032A275438 exitCount=108723
[iommuret] hit #658: HalpIommuInitSystem returned EAX=0x00000000 (success/other) rsp=0xFFFFF8032A275438 exitCount=108724
[iommuret] hit #659: HalpIommuInitSystem returned EAX=0x00000000 (success/other) rsp=0xFFFFF8032A275438 exitCount=108725
[iommuret] hit #660: HalpIommuInitSystem returned EAX=0x00000000 (success/other) rsp=0xFFFFF8032A275438 exitCount=108726
[iommuret] hit #661: HalpIommuInitSystem returned EAX=0x00000000 (success/other) rsp=0xFFFFF8032A275438 exitCount=108727
[iommuret] hit #662: HalpIommuInitSystem returned EAX=0x00000000 (success/other) rsp=0xFFFFF8032A275438 exitCount=108728
[iommuret] hit #663: HalpIommuInitSystem returned EAX=0x00000000 (success/other) rsp=0xFFFFF8032A275438 exitCount=108729
[iommuret] hit #664: HalpIommuInitSystem returned EAX=0x00000000 (success/other) rsp=0xFFFFF8032A275438 exitCount=108730
[iommuret] hit #665: HalpIommuInitSystem returned EAX=0x00000000 (success/other) rsp=0xFFFFF8032A275438 exitCount=108731
[iommuret] hit #666: HalpIommuInitSystem returned EAX=0x00000000 (success/other) rsp=0xFFFFF8032A275438 exitCount=108732
[iommuret] hit #667: HalpIommuInitSystem returned EAX=0x00000000 (success/other) rsp=0xFFFFF8032A275438 exitCount=108733
[iommuret] hit #668: HalpIommuInitSystem returned EAX=0x00000000 (success/other) rsp=0xFFFFF8032A275438 exitCount=108734
[iommuret] hit #669: HalpIommuInitSystem returned EAX=0x00000000 (success/other) rsp=0xFFFFF8032A275438 exitCount=108735
[iommuret] hit #670: HalpIommuInitSystem returned EAX=0x00000000 (success/other) rsp=0xFFFFF8032A275438 exitCount=108736
[iommuret] hit #671: HalpIommuInitSystem returned EAX=0x00000000 (success/other) rsp=0xFFFFF8032A275438 exitCount=108737
[iommuret] hit #672: HalpIommuInitSystem returned EAX=0x00000000 (success/other) rsp=0xFFFFF8032A275438 exitCount=108738
[iommuret] hit #673: HalpIommuInitSystem returned EAX=0x00000000 (success/other) rsp=0xFFFFF8032A275438 exitCount=108739
[iommuret] hit #674: HalpIommuInitSystem returned EAX=0x00000000 (success/other) rsp=0xFFFFF8032A275438 exitCount=108740
[iommuret] hit #675: HalpIommuInitSystem returned EAX=0x00000000 (success/other) rsp=0xFFFFF8032A275438 exitCount=108741
[iommuret] hit #676: HalpIommuInitSystem returned EAX=0x00000000 (success/other) rsp=0xFFFFF8032A275438 exitCount=108742
[iommuret] hit #677: HalpIommuInitSystem returned EAX=0x00000000 (success/other) rsp=0xFFFFF8032A275438 exitCount=108743
[iommuret] hit #678: HalpIommuInitSystem returned EAX=0x00000000 (success/other) rsp=0xFFFFF8032A275438 exitCount=108744
[iommuret] hit #679: HalpIommuInitSystem returned EAX=0x00000000 (success/other) rsp=0xFFFFF8032A275438 exitCount=108745
[iommuret] hit #680: HalpIommuInitSystem returned EAX=0x00000000 (success/other) rsp=0xFFFFF8032A275438 exitCount=108746
[iommuret] hit #681: HalpIommuInitSystem returned EAX=0x00000000 (success/other) rsp=0xFFFFF8032A275438 exitCount=108747
[iommuret] hit #682: HalpIommuInitSystem returned EAX=0x00000000 (success/other) rsp=0xFFFFF8032A275438 exitCount=108748
[iommuret] hit #683: HalpIommuInitSystem returned EAX=0x00000000 (success/other) rsp=0xFFFFF8032A275438 exitCount=108749
[iommuret] hit #684: HalpIommuInitSystem returned EAX=0x00000000 (success/other) rsp=0xFFFFF8032A275438 exitCount=108750
[iommuret] hit #685: HalpIommuInitSystem returned EAX=0x00000000 (success/other) rsp=0xFFFFF8032A275438 exitCount=108751
[iommuret] hit #686: HalpIommuInitSystem returned EAX=0x00000000 (success/other) rsp=0xFFFFF8032A275438 exitCount=108752
[iommuret] hit #687: HalpIommuInitSystem returned EAX=0x00000000 (success/other) rsp=0xFFFFF8032A275438 exitCount=108753
[iommuret] hit #688: HalpIommuInitSystem returned EAX=0x00000000 (success/other) rsp=0xFFFFF8032A275438 exitCount=108754
[iommuret] hit #689: HalpIommuInitSystem returned EAX=0x00000000 (success/other) rsp=0xFFFFF8032A275438 exitCount=108755
[iommuret] hit #690: HalpIommuInitSystem returned EAX=0x00000000 (success/other) rsp=0xFFFFF8032A275438 exitCount=108756
[iommuret] hit #691: HalpIommuInitSystem returned EAX=0x00000000 (success/other) rsp=0xFFFFF8032A275438 exitCount=108757
[iommuret] hit #692: HalpIommuInitSystem returned EAX=0x00000000 (success/other) rsp=0xFFFFF8032A275438 exitCount=108758
[iommuret] hit #693: HalpIommuInitSystem returned EAX=0x00000000 (success/other) rsp=0xFFFFF8032A275438 exitCount=108759
[iommuret] hit #694: HalpIommuInitSystem returned EAX=0x00000000 (success/other) rsp=0xFFFFF8032A275438 exitCount=108760
[iommuret] hit #695: HalpIommuInitSystem returned EAX=0x00000000 (success/other) rsp=0xFFFFF8032A275438 exitCount=108761
[iommuret] hit #696: HalpIommuInitSystem returned EAX=0x00000000 (success/other) rsp=0xFFFFF8032A275438 exitCount=108762
[iommuret] hit #697: HalpIommuInitSystem returned EAX=0x00000000 (success/other) rsp=0xFFFFF8032A275438 exitCount=108763
[iommuret] hit #698: HalpIommuInitSystem returned EAX=0x00000000 (success/other) rsp=0xFFFFF8032A275438 exitCount=108764
[iommuret] hit #699: HalpIommuInitSystem returned EAX=0x00000000 (success/other) rsp=0xFFFFF8032A275438 exitCount=108765
[iommuret] hit #700: HalpIommuInitSystem returned EAX=0x00000000 (success/other) rsp=0xFFFFF8032A275438 exitCount=108766
[iommuret] hit #701: HalpIommuInitSystem returned EAX=0x00000000 (success/other) rsp=0xFFFFF8032A275438 exitCount=108767
[iommuret] hit #702: HalpIommuInitSystem returned EAX=0x00000000 (success/other) rsp=0xFFFFF8032A275438 exitCount=108768
[iommuret] hit #703: HalpIommuInitSystem returned EAX=0x00000000 (success/other) rsp=0xFFFFF8032A275438 exitCount=108769
[iommuret] hit #704: HalpIommuInitSystem returned EAX=0x00000000 (success/other) rsp=0xFFFFF8032A275438 exitCount=108770
[iommuret] hit #705: HalpIommuInitSystem returned EAX=0x00000000 (success/other) rsp=0xFFFFF8032A275438 exitCount=108771
[iommuret] hit #706: HalpIommuInitSystem returned EAX=0x00000000 (success/other) rsp=0xFFFFF8032A275438 exitCount=108772
[iommuret] hit #707: HalpIommuInitSystem returned EAX=0x00000000 (success/other) rsp=0xFFFFF8032A275438 exitCount=108773
[iommuret] hit #708: HalpIommuInitSystem returned EAX=0x00000000 (success/other) rsp=0xFFFFF8032A275438 exitCount=108774
[iommuret] hit #709: HalpIommuInitSystem returned EAX=0x00000000 (success/other) rsp=0xFFFFF8032A275438 exitCount=108775
[iommuret] hit #710: HalpIommuInitSystem returned EAX=0x00000000 (success/other) rsp=0xFFFFF8032A275438 exitCount=108776
[iommuret] hit #711: HalpIommuInitSystem returned EAX=0x00000000 (success/other) rsp=0xFFFFF8032A275438 exitCount=108777
[iommuret] hit #712: HalpIommuInitSystem returned EAX=0x00000000 (success/other) rsp=0xFFFFF8032A275438 exitCount=108778
[iommuret] hit #713: HalpIommuInitSystem returned EAX=0x00000000 (success/other) rsp=0xFFFFF8032A275438 exitCount=108779
[iommuret] hit #714: HalpIommuInitSystem returned EAX=0x00000000 (success/other) rsp=0xFFFFF8032A275438 exitCount=108780
[iommuret] hit #715: HalpIommuInitSystem returned EAX=0x00000000 (success/other) rsp=0xFFFFF8032A275438 exitCount=108781
[iommuret] hit #716: HalpIommuInitSystem returned EAX=0x00000000 (success/other) rsp=0xFFFFF8032A275438 exitCount=108782
[iommuret] hit #717: HalpIommuInitSystem returned EAX=0x00000000 (success/other) rsp=0xFFFFF8032A275438 exitCount=108783
[iommuret] hit #718: HalpIommuInitSystem returned EAX=0x00000000 (success/other) rsp=0xFFFFF8032A275438 exitCount=108784
[iommuret] hit #719: HalpIommuInitSystem returned EAX=0x00000000 (success/other) rsp=0xFFFFF8032A275438 exitCount=108785
[iommuret] hit #720: HalpIommuInitSystem returned EAX=0x00000000 (success/other) rsp=0xFFFFF8032A275438 exitCount=108786
[iommuret] hit #721: HalpIommuInitSystem returned EAX=0x00000000 (success/other) rsp=0xFFFFF8032A275438 exitCount=108787
[iommuret] hit #722: HalpIommuInitSystem returned EAX=0x00000000 (success/other) rsp=0xFFFFF8032A275438 exitCount=108788
[iommuret] hit #723: HalpIommuInitSystem returned EAX=0x00000000 (success/other) rsp=0xFFFFF8032A275438 exitCount=108789
[iommuret] hit #724: HalpIommuInitSystem returned EAX=0x00000000 (success/other) rsp=0xFFFFF8032A275438 exitCount=108790
[iommuret] hit #725: HalpIommuInitSystem returned EAX=0x00000000 (success/other) rsp=0xFFFFF8032A275438 exitCount=108791
[iommuret] hit #726: HalpIommuInitSystem returned EAX=0x00000000 (success/other) rsp=0xFFFFF8032A275438 exitCount=108792
[iommuret] hit #727: HalpIommuInitSystem returned EAX=0x00000000 (success/other) rsp=0xFFFFF8032A275438 exitCount=108793
[iommuret] hit #728: HalpIommuInitSystem returned EAX=0x00000000 (success/other) rsp=0xFFFFF8032A275438 exitCount=108794
[iommuret] hit #729: HalpIommuInitSystem returned EAX=0x00000000 (success/other) rsp=0xFFFFF8032A275438 exitCount=108795
[iommuret] hit #730: HalpIommuInitSystem returned EAX=0x00000000 (success/other) rsp=0xFFFFF8032A275438 exitCount=108796
[iommuret] hit #731: HalpIommuInitSystem returned EAX=0x00000000 (success/other) rsp=0xFFFFF8032A275438 exitCount=108797
[iommuret] hit #732: HalpIommuInitSystem returned EAX=0x00000000 (success/other) rsp=0xFFFFF8032A275438 exitCount=108798
[iommuret] hit #733: HalpIommuInitSystem returned EAX=0x00000000 (success/other) rsp=0xFFFFF8032A275438 exitCount=108799
[iommuret] hit #734: HalpIommuInitSystem returned EAX=0x00000000 (success/other) rsp=0xFFFFF8032A275438 exitCount=108800
[iommuret] hit #735: HalpIommuInitSystem returned EAX=0x00000000 (success/other) rsp=0xFFFFF8032A275438 exitCount=108801
[iommuret] hit #736: HalpIommuInitSystem returned EAX=0x00000000 (success/other) rsp=0xFFFFF8032A275438 exitCount=108802
[iommuret] hit #737: HalpIommuInitSystem returned EAX=0x00000000 (success/other) rsp=0xFFFFF8032A275438 exitCount=108803
[iommuret] hit #738: HalpIommuInitSystem returned EAX=0x00000000 (success/other) rsp=0xFFFFF8032A275438 exitCount=108804
[iommuret] hit #739: HalpIommuInitSystem returned EAX=0x00000000 (success/other) rsp=0xFFFFF8032A275438 exitCount=108805
[iommuret] hit #740: HalpIommuInitSystem returned EAX=0x00000000 (success/other) rsp=0xFFFFF8032A275438 exitCount=108806
[iommuret] hit #741: HalpIommuInitSystem returned EAX=0x00000000 (success/other) rsp=0xFFFFF8032A275438 exitCount=108807
[iommuret] hit #742: HalpIommuInitSystem returned EAX=0x00000000 (success/other) rsp=0xFFFFF8032A275438 exitCount=108808
[iommuret] hit #743: HalpIommuInitSystem returned EAX=0x00000000 (success/other) rsp=0xFFFFF8032A275438 exitCount=108809
[iommuret] hit #744: HalpIommuInitSystem returned EAX=0x00000000 (success/other) rsp=0xFFFFF8032A275438 exitCount=108810
[iommuret] hit #745: HalpIommuInitSystem returned EAX=0x00000000 (success/other) rsp=0xFFFFF8032A275438 exitCount=108811
[iommuret] hit #746: HalpIommuInitSystem returned EAX=0x00000000 (success/other) rsp=0xFFFFF8032A275438 exitCount=108812
[iommuret] hit #747: HalpIommuInitSystem returned EAX=0x00000000 (success/other) rsp=0xFFFFF8032A275438 exitCount=108813
[iommuret] hit #748: HalpIommuInitSystem returned EAX=0x00000000 (success/other) rsp=0xFFFFF8032A275438 exitCount=108814
[iommuret] hit #749: HalpIommuInitSystem returned EAX=0x00000000 (success/other) rsp=0xFFFFF8032A275438 exitCount=108815
[iommuret] hit #750: HalpIommuInitSystem returned EAX=0x00000000 (success/other) rsp=0xFFFFF8032A275438 exitCount=108816
[iommuret] hit #751: HalpIommuInitSystem returned EAX=0x00000000 (success/other) rsp=0xFFFFF8032A275438 exitCount=108817
[iommuret] hit #752: HalpIommuInitSystem returned EAX=0x00000000 (success/other) rsp=0xFFFFF8032A275438 exitCount=108818
[iommuret] hit #753: HalpIommuInitSystem returned EAX=0x00000000 (success/other) rsp=0xFFFFF8032A275438 exitCount=108819
[iommuret] hit #754: HalpIommuInitSystem returned EAX=0x00000000 (success/other) rsp=0xFFFFF8032A275438 exitCount=108820
[iommuret] hit #755: HalpIommuInitSystem returned EAX=0x00000000 (success/other) rsp=0xFFFFF8032A275438 exitCount=108821
[iommuret] hit #756: HalpIommuInitSystem returned EAX=0x00000000 (success/other) rsp=0xFFFFF8032A275438 exitCount=108822
[iommuret] hit #757: HalpIommuInitSystem returned EAX=0x00000000 (success/other) rsp=0xFFFFF8032A275438 exitCount=108823
[iommuret] hit #758: HalpIommuInitSystem returned EAX=0x00000000 (success/other) rsp=0xFFFFF8032A275438 exitCount=108824
[iommuret] hit #759: HalpIommuInitSystem returned EAX=0x00000000 (success/other) rsp=0xFFFFF8032A275438 exitCount=108825
[iommuret] hit #760: HalpIommuInitSystem returned EAX=0x00000000 (success/other) rsp=0xFFFFF8032A275438 exitCount=108826
[iommuret] hit #761: HalpIommuInitSystem returned EAX=0x00000000 (success/other) rsp=0xFFFFF8032A275438 exitCount=108827
[iommuret] hit #762: HalpIommuInitSystem returned EAX=0x00000000 (success/other) rsp=0xFFFFF8032A275438 exitCount=108828
[iommuret] hit #763: HalpIommuInitSystem returned EAX=0x00000000 (success/other) rsp=0xFFFFF8032A275438 exitCount=108829
[iommuret] hit #764: HalpIommuInitSystem returned EAX=0x00000000 (success/other) rsp=0xFFFFF8032A275438 exitCount=108830
[iommuret] hit #765: HalpIommuInitSystem returned EAX=0x00000000 (success/other) rsp=0xFFFFF8032A275438 exitCount=108831
[iommuret] hit #766: HalpIommuInitSystem returned EAX=0x00000000 (success/other) rsp=0xFFFFF8032A275438 exitCount=108832
[iommuret] hit #767: HalpIommuInitSystem returned EAX=0x00000000 (success/other) rsp=0xFFFFF8032A275438 exitCount=108833
[iommuret] hit #768: HalpIommuInitSystem returned EAX=0x00000000 (success/other) rsp=0xFFFFF8032A275438 exitCount=108834
[iommuret] hit #769: HalpIommuInitSystem returned EAX=0x00000000 (success/other) rsp=0xFFFFF8032A275438 exitCount=108835
[iommuret] hit #770: HalpIommuInitSystem returned EAX=0x00000000 (success/other) rsp=0xFFFFF8032A275438 exitCount=108836
[iommuret] hit #771: HalpIommuInitSystem returned EAX=0x00000000 (success/other) rsp=0xFFFFF8032A275438 exitCount=108837
[iommuret] hit #772: HalpIommuInitSystem returned EAX=0x00000000 (success/other) rsp=0xFFFFF8032A275438 exitCount=108838
[iommuret] hit #773: HalpIommuInitSystem returned EAX=0x00000000 (success/other) rsp=0xFFFFF8032A275438 exitCount=108839
[iommuret] hit #774: HalpIommuInitSystem returned EAX=0x00000000 (success/other) rsp=0xFFFFF8032A275438 exitCount=108840
[iommuret] hit #775: HalpIommuInitSystem returned EAX=0x00000000 (success/other) rsp=0xFFFFF8032A275438 exitCount=108841
[iommuret] hit #776: HalpIommuInitSystem returned EAX=0x00000000 (success/other) rsp=0xFFFFF8032A275438 exitCount=108842
[iommuret] hit #777: HalpIommuInitSystem returned EAX=0x00000000 (success/other) rsp=0xFFFFF8032A275438 exitCount=108843
[iommuret] hit #778: HalpIommuInitSystem returned EAX=0x00000000 (success/other) rsp=0xFFFFF8032A275438 exitCount=108844
[iommuret] hit #779: HalpIommuInitSystem returned EAX=0x00000000 (success/other) rsp=0xFFFFF8032A275438 exitCount=108845
[iommuret] hit #780: HalpIommuInitSystem returned EAX=0x00000000 (success/other) rsp=0xFFFFF8032A275438 exitCount=108846
[iommuret] hit #781: HalpIommuInitSystem returned EAX=0x00000000 (success/other) rsp=0xFFFFF8032A275438 exitCount=108847
[iommuret] hit #782: HalpIommuInitSystem returned EAX=0x00000000 (success/other) rsp=0xFFFFF8032A275438 exitCount=108848
[iommuret] hit #783: HalpIommuInitSystem returned EAX=0x00000000 (success/other) rsp=0xFFFFF8032A275438 exitCount=108849
[iommuret] hit #784: HalpIommuInitSystem returned EAX=0x00000000 (success/other) rsp=0xFFFFF8032A275438 exitCount=108850
[iommuret] hit #785: HalpIommuInitSystem returned EAX=0x00000000 (success/other) rsp=0xFFFFF8032A275438 exitCount=108851
[iommuret] hit #786: HalpIommuInitSystem returned EAX=0x00000000 (success/other) rsp=0xFFFFF8032A275438 exitCount=108852
[iommuret] hit #787: HalpIommuInitSystem returned EAX=0x00000000 (success/other) rsp=0xFFFFF8032A275438 exitCount=108853
[iommuret] hit #788: HalpIommuInitSystem returned EAX=0x00000000 (success/other) rsp=0xFFFFF8032A275438 exitCount=108854
[iommuret] hit #789: HalpIommuInitSystem returned EAX=0x00000000 (success/other) rsp=0xFFFFF8032A275438 exitCount=108855
[iommuret] hit #790: HalpIommuInitSystem returned EAX=0x00000000 (success/other) rsp=0xFFFFF8032A275438 exitCount=108856
[iommuret] hit #791: HalpIommuInitSystem returned EAX=0x00000000 (success/other) rsp=0xFFFFF8032A275438 exitCount=108857
[iommuret] hit #792: HalpIommuInitSystem returned EAX=0x00000000 (success/other) rsp=0xFFFFF8032A275438 exitCount=108858
[iommuret] hit #793: HalpIommuInitSystem returned EAX=0x00000000 (success/other) rsp=0xFFFFF8032A275438 exitCount=108859
[iommuret] hit #794: HalpIommuInitSystem returned EAX=0x00000000 (success/other) rsp=0xFFFFF8032A275438 exitCount=108860
[iommuret] hit #795: HalpIommuInitSystem returned EAX=0x00000000 (success/other) rsp=0xFFFFF8032A275438 exitCount=108861
[iommuret] hit #796: HalpIommuInitSystem returned EAX=0x00000000 (success/other) rsp=0xFFFFF8032A275438 exitCount=108862
[iommuret] hit #797: HalpIommuInitSystem returned EAX=0x00000000 (success/other) rsp=0xFFFFF8032A275438 exitCount=108863
[iommuret] hit #798: HalpIommuInitSystem returned EAX=0x00000000 (success/other) rsp=0xFFFFF8032A275438 exitCount=108864
[iommuret] hit #799: HalpIommuInitSystem returned EAX=0x00000000 (success/other) rsp=0xFFFFF8032A275438 exitCount=108865
[iommuret] hit #800: HalpIommuInitSystem returned EAX=0x00000000 (success/other) rsp=0xFFFFF8032A275438 exitCount=108866
[iommuret] hit #801: HalpIommuInitSystem returned EAX=0x00000000 (success/other) rsp=0xFFFFF8032A275438 exitCount=108867
[iommuret] hit #802: HalpIommuInitSystem returned EAX=0x00000000 (success/other) rsp=0xFFFFF8032A275438 exitCount=108868
[iommuret] hit #803: HalpIommuInitSystem returned EAX=0x00000000 (success/other) rsp=0xFFFFF8032A275438 exitCount=108869
[iommuret] hit #804: HalpIommuInitSystem returned EAX=0x00000000 (success/other) rsp=0xFFFFF8032A275438 exitCount=108870
[iommuret] hit #805: HalpIommuInitSystem returned EAX=0x00000000 (success/other) rsp=0xFFFFF8032A275438 exitCount=108871
[iommuret] hit #806: HalpIommuInitSystem returned EAX=0x00000000 (success/other) rsp=0xFFFFF8032A275438 exitCount=108872
[iommuret] hit #807: HalpIommuInitSystem returned EAX=0x00000000 (success/other) rsp=0xFFFFF8032A275438 exitCount=108873
[iommuret] hit #808: HalpIommuInitSystem returned EAX=0x00000000 (success/other) rsp=0xFFFFF8032A275438 exitCount=108874
[iommuret] hit #809: HalpIommuInitSystem returned EAX=0x00000000 (success/other) rsp=0xFFFFF8032A275438 exitCount=108875
[iommuret] hit #810: HalpIommuInitSystem returned EAX=0x00000000 (success/other) rsp=0xFFFFF8032A275438 exitCount=108876
[iommuret] hit #811: HalpIommuInitSystem returned EAX=0x00000000 (success/other) rsp=0xFFFFF8032A275438 exitCount=108877
[iommuret] hit #812: HalpIommuInitSystem returned EAX=0x00000000 (success/other) rsp=0xFFFFF8032A275438 exitCount=108878
[iommuret] hit #813: HalpIommuInitSystem returned EAX=0x00000000 (success/other) rsp=0xFFFFF8032A275438 exitCount=108879
[iommuret] hit #814: HalpIommuInitSystem returned EAX=0x00000000 (success/other) rsp=0xFFFFF8032A275438 exitCount=108880
[iommuret] hit #815: HalpIommuInitSystem returned EAX=0x00000000 (success/other) rsp=0xFFFFF8032A275438 exitCount=108881
[iommuret] hit #816: HalpIommuInitSystem returned EAX=0x00000000 (success/other) rsp=0xFFFFF8032A275438 exitCount=108882
[iommuret] hit #817: HalpIommuInitSystem returned EAX=0x00000000 (success/other) rsp=0xFFFFF8032A275438 exitCount=108883
[iommuret] hit #818: HalpIommuInitSystem returned EAX=0x00000000 (success/other) rsp=0xFFFFF8032A275438 exitCount=108884
[iommuret] hit #819: HalpIommuInitSystem returned EAX=0x00000000 (success/other) rsp=0xFFFFF8032A275438 exitCount=108885
[iommuret] hit #820: HalpIommuInitSystem returned EAX=0x00000000 (success/other) rsp=0xFFFFF8032A275438 exitCount=108886
[iommuret] hit #821: HalpIommuInitSystem returned EAX=0x00000000 (success/other) rsp=0xFFFFF8032A275438 exitCount=108887
[iommuret] hit #822: HalpIommuInitSystem returned EAX=0x00000000 (success/other) rsp=0xFFFFF8032A275438 exitCount=108888
[iommuret] hit #823: HalpIommuInitSystem returned EAX=0x00000000 (success/other) rsp=0xFFFFF8032A275438 exitCount=108889
[iommuret] hit #824: HalpIommuInitSystem returned EAX=0x00000000 (success/other) rsp=0xFFFFF8032A275438 exitCount=108890
[iommuret] hit #825: HalpIommuInitSystem returned EAX=0x00000000 (success/other) rsp=0xFFFFF8032A275438 exitCount=108891
[iommuret] hit #826: HalpIommuInitSystem returned EAX=0x00000000 (success/other) rsp=0xFFFFF8032A275438 exitCount=108892
[iommuret] hit #827: HalpIommuInitSystem returned EAX=0x00000000 (success/other) rsp=0xFFFFF8032A275438 exitCount=108893
[iommuret] hit #828: HalpIommuInitSystem returned EAX=0x00000000 (success/other) rsp=0xFFFFF8032A275438 exitCount=108894
[iommuret] hit #829: HalpIommuInitSystem returned EAX=0x00000000 (success/other) rsp=0xFFFFF8032A275438 exitCount=108895
[iommuret] hit #830: HalpIommuInitSystem returned EAX=0x00000000 (success/other) rsp=0xFFFFF8032A275438 exitCount=108896
[iommuret] hit #831: HalpIommuInitSystem returned EAX=0x00000000 (success/other) rsp=0xFFFFF8032A275438 exitCount=108897
[iommuret] hit #832: HalpIommuInitSystem returned EAX=0x00000000 (success/other) rsp=0xFFFFF8032A275438 exitCount=108898
[iommuret] hit #833: HalpIommuInitSystem returned EAX=0x00000000 (success/other) rsp=0xFFFFF8032A275438 exitCount=108899
[iommuret] hit #834: HalpIommuInitSystem returned EAX=0x00000000 (success/other) rsp=0xFFFFF8032A275438 exitCount=108900
[iommuret] hit #835: HalpIommuInitSystem returned EAX=0x00000000 (success/other) rsp=0xFFFFF8032A275438 exitCount=108901
[iommuret] hit #836: HalpIommuInitSystem returned EAX=0x00000000 (success/other) rsp=0xFFFFF8032A275438 exitCount=108902
[iommuret] hit #837: HalpIommuInitSystem returned EAX=0x00000000 (success/other) rsp=0xFFFFF8032A275438 exitCount=108903
[iommuret] hit #838: HalpIommuInitSystem returned EAX=0x00000000 (success/other) rsp=0xFFFFF8032A275438 exitCount=108904
[iommuret] hit #839: HalpIommuInitSystem returned EAX=0x00000000 (success/other) rsp=0xFFFFF8032A275438 exitCount=108905
[iommuret] hit #840: HalpIommuInitSystem returned EAX=0x00000000 (success/other) rsp=0xFFFFF8032A275438 exitCount=108906
[iommuret] hit #841: HalpIommuInitSystem returned EAX=0x00000000 (success/other) rsp=0xFFFFF8032A275438 exitCount=108907
[iommuret] hit #842: HalpIommuInitSystem returned EAX=0x00000000 (success/other) rsp=0xFFFFF8032A275438 exitCount=108908
[iommuret] hit #843: HalpIommuInitSystem returned EAX=0x00000000 (success/other) rsp=0xFFFFF8032A275438 exitCount=108909
[iommuret] hit #844: HalpIommuInitSystem returned EAX=0x00000000 (success/other) rsp=0xFFFFF8032A275438 exitCount=108910
[iommuret] hit #845: HalpIommuInitSystem returned EAX=0x00000000 (success/other) rsp=0xFFFFF8032A275438 exitCount=108911
[iommuret] hit #846: HalpIommuInitSystem returned EAX=0x00000000 (success/other) rsp=0xFFFFF8032A275438 exitCount=108912
[iommuret] hit #847: HalpIommuInitSystem returned EAX=0x00000000 (success/other) rsp=0xFFFFF8032A275438 exitCount=108913
[iommuret] hit #848: HalpIommuInitSystem returned EAX=0x00000000 (success/other) rsp=0xFFFFF8032A275438 exitCount=108914
[iommuret] hit #849: HalpIommuInitSystem returned EAX=0x00000000 (success/other) rsp=0xFFFFF8032A275438 exitCount=108915
[iommuret] hit #850: HalpIommuInitSystem returned EAX=0x00000000 (success/other) rsp=0xFFFFF8032A275438 exitCount=108916
[iommuret] hit #851: HalpIommuInitSystem returned EAX=0x00000000 (success/other) rsp=0xFFFFF8032A275438 exitCount=108917
[iommuret] hit #852: HalpIommuInitSystem returned EAX=0x00000000 (success/other) rsp=0xFFFFF8032A275438 exitCount=108918
[iommuret] hit #853: HalpIommuInitSystem returned EAX=0x00000000 (success/other) rsp=0xFFFFF8032A275438 exitCount=108919
[iommuret] hit #854: HalpIommuInitSystem returned EAX=0x00000000 (success/other) rsp=0xFFFFF8032A275438 exitCount=108920
[iommuret] hit #855: HalpIommuInitSystem returned EAX=0x00000000 (success/other) rsp=0xFFFFF8032A275438 exitCount=108921
[iommuret] hit #856: HalpIommuInitSystem returned EAX=0x00000000 (success/other) rsp=0xFFFFF8032A275438 exitCount=108922
[iommuret] hit #857: HalpIommuInitSystem returned EAX=0x00000000 (success/other) rsp=0xFFFFF8032A275438 exitCount=108923
[iommuret] hit #858: HalpIommuInitSystem returned EAX=0x00000000 (success/other) rsp=0xFFFFF8032A275438 exitCount=108924
[iommuret] hit #859: HalpIommuInitSystem returned EAX=0x00000000 (success/other) rsp=0xFFFFF8032A275438 exitCount=108925
[iommuret] hit #860: HalpIommuInitSystem returned EAX=0x00000000 (success/other) rsp=0xFFFFF8032A275438 exitCount=108926
[iommuret] hit #861: HalpIommuInitSystem returned EAX=0x00000000 (success/other) rsp=0xFFFFF8032A275438 exitCount=108927
[iommuret] hit #862: HalpIommuInitSystem returned EAX=0x00000000 (success/other) rsp=0xFFFFF8032A275438 exitCount=108928
[iommuret] hit #863: HalpIommuInitSystem returned EAX=0x00000000 (success/other) rsp=0xFFFFF8032A275438 exitCount=108929
[iommuret] hit #864: HalpIommuInitSystem returned EAX=0x00000000 (success/other) rsp=0xFFFFF8032A275438 exitCount=108930
[iommuret] hit #865: HalpIommuInitSystem returned EAX=0x00000000 (success/other) rsp=0xFFFFF8032A275438 exitCount=108931
[iommuret] hit #866: HalpIommuInitSystem returned EAX=0x00000000 (success/other) rsp=0xFFFFF8032A275438 exitCount=108932
[iommuret] hit #867: HalpIommuInitSystem returned EAX=0x00000000 (success/other) rsp=0xFFFFF8032A275438 exitCount=108933
[iommuret] hit #868: HalpIommuInitSystem returned EAX=0x00000000 (success/other) rsp=0xFFFFF8032A275438 exitCount=108934
[iommuret] hit #869: HalpIommuInitSystem returned EAX=0x00000000 (success/other) rsp=0xFFFFF8032A275438 exitCount=108935
[iommuret] hit #870: HalpIommuInitSystem returned EAX=0x00000000 (success/other) rsp=0xFFFFF8032A275438 exitCount=108936
[iommuret] hit #871: HalpIommuInitSystem returned EAX=0x00000000 (success/other) rsp=0xFFFFF8032A275438 exitCount=108937
[iommuret] hit #872: HalpIommuInitSystem returned EAX=0x00000000 (success/other) rsp=0xFFFFF8032A275438 exitCount=108938
[iommuret] hit #873: HalpIommuInitSystem returned EAX=0x00000000 (success/other) rsp=0xFFFFF8032A275438 exitCount=108939
[iommuret] hit #874: HalpIommuInitSystem returned EAX=0x00000000 (success/other) rsp=0xFFFFF8032A275438 exitCount=108940
[iommuret] hit #875: HalpIommuInitSystem returned EAX=0x00000000 (success/other) rsp=0xFFFFF8032A275438 exitCount=108941
[iommuret] hit #876: HalpIommuInitSystem returned EAX=0x00000000 (success/other) rsp=0xFFFFF8032A275438 exitCount=108942
[iommuret] hit #877: HalpIommuInitSystem returned EAX=0x00000000 (success/other) rsp=0xFFFFF8032A275438 exitCount=108943
[iommuret] hit #878: HalpIommuInitSystem returned EAX=0x00000000 (success/other) rsp=0xFFFFF8032A275438 exitCount=108944
[iommuret] hit #879: HalpIommuInitSystem returned EAX=0x00000000 (success/other) rsp=0xFFFFF8032A275438 exitCount=108945
[iommuret] hit #880: HalpIommuInitSystem returned EAX=0x00000000 (success/other) rsp=0xFFFFF8032A275438 exitCount=108946
[iommuret] hit #881: HalpIommuInitSystem returned EAX=0x00000000 (success/other) rsp=0xFFFFF8032A275438 exitCount=108947
[iommuret] hit #882: HalpIommuInitSystem returned EAX=0x00000000 (success/other) rsp=0xFFFFF8032A275438 exitCount=108948
[iommuret] hit #883: HalpIommuInitSystem returned EAX=0x00000000 (success/other) rsp=0xFFFFF8032A275438 exitCount=108949
[iommuret] hit #884: HalpIommuInitSystem returned EAX=0x00000000 (success/other) rsp=0xFFFFF8032A275438 exitCount=108950
[iommuret] hit #885: HalpIommuInitSystem returned EAX=0x00000000 (success/other) rsp=0xFFFFF8032A275438 exitCount=108951
[iommuret] hit #886: HalpIommuInitSystem returned EAX=0x00000000 (success/other) rsp=0xFFFFF8032A275438 exitCount=108952
[iommuret] hit #887: HalpIommuInitSystem returned EAX=0x00000000 (success/other) rsp=0xFFFFF8032A275438 exitCount=108953
[iommuret] hit #888: HalpIommuInitSystem returned EAX=0x00000000 (success/other) rsp=0xFFFFF8032A275438 exitCount=108954
[iommuret] hit #889: HalpIommuInitSystem returned EAX=0x00000000 (success/other) rsp=0xFFFFF8032A275438 exitCount=108955
[iommuret] hit #890: HalpIommuInitSystem returned EAX=0x00000000 (success/other) rsp=0xFFFFF8032A275438 exitCount=108956
[iommuret] hit #891: HalpIommuInitSystem returned EAX=0x00000000 (success/other) rsp=0xFFFFF8032A275438 exitCount=108957
[iommuret] hit #892: HalpIommuInitSystem returned EAX=0x00000000 (success/other) rsp=0xFFFFF8032A275438 exitCount=108958
[iommuret] hit #893: HalpIommuInitSystem returned EAX=0x00000000 (success/other) rsp=0xFFFFF8032A275438 exitCount=108959
[iommuret] hit #894: HalpIommuInitSystem returned EAX=0x00000000 (success/other) rsp=0xFFFFF8032A275438 exitCount=108960
[iommuret] hit #895: HalpIommuInitSystem returned EAX=0x00000000 (success/other) rsp=0xFFFFF8032A275438 exitCount=108961
[iommuret] hit #896: HalpIommuInitSystem returned EAX=0x00000000 (success/other) rsp=0xFFFFF8032A275438 exitCount=108962
[iommuret] hit #897: HalpIommuInitSystem returned EAX=0x00000000 (success/other) rsp=0xFFFFF8032A275438 exitCount=108963
[iommuret] hit #898: HalpIommuInitSystem returned EAX=0x00000000 (success/other) rsp=0xFFFFF8032A275438 exitCount=108964
[iommuret] hit #899: HalpIommuInitSystem returned EAX=0x00000000 (success/other) rsp=0xFFFFF8032A275438 exitCount=108965
[iommuret] hit #900: HalpIommuInitSystem returned EAX=0x00000000 (success/other) rsp=0xFFFFF8032A275438 exitCount=108966
[iommuret] hit #901: HalpIommuInitSystem returned EAX=0x00000000 (success/other) rsp=0xFFFFF8032A275438 exitCount=108967
[iommuret] hit #902: HalpIommuInitSystem returned EAX=0x00000000 (success/other) rsp=0xFFFFF8032A275438 exitCount=108968
[iommuret] hit #903: HalpIommuInitSystem returned EAX=0x00000000 (success/other) rsp=0xFFFFF8032A275438 exitCount=108969
[iommuret] hit #904: HalpIommuInitSystem returned EAX=0x00000000 (success/other) rsp=0xFFFFF8032A275438 exitCount=108970
[iommuret] hit #905: HalpIommuInitSystem returned EAX=0x00000000 (success/other) rsp=0xFFFFF8032A275438 exitCount=108971
[iommuret] hit #906: HalpIommuInitSystem returned EAX=0x00000000 (success/other) rsp=0xFFFFF8032A275438 exitCount=108972
[iommuret] hit #907: HalpIommuInitSystem returned EAX=0x00000000 (success/other) rsp=0xFFFFF8032A275438 exitCount=108973
[iommuret] hit #908: HalpIommuInitSystem returned EAX=0x00000000 (success/other) rsp=0xFFFFF8032A275438 exitCount=108974
[iommuret] hit #909: HalpIommuInitSystem returned EAX=0x00000000 (success/other) rsp=0xFFFFF8032A275438 exitCount=108975
[iommuret] hit #910: HalpIommuInitSystem returned EAX=0x00000000 (success/other) rsp=0xFFFFF8032A275438 exitCount=108976
[iommuret] hit #911: HalpIommuInitSystem returned EAX=0x00000000 (success/other) rsp=0xFFFFF8032A275438 exitCount=108977
[iommuret] hit #912: HalpIommuInitSystem returned EAX=0x00000000 (success/other) rsp=0xFFFFF8032A275438 exitCount=108978
[iommuret] hit #913: HalpIommuInitSystem returned EAX=0x00000000 (success/other) rsp=0xFFFFF8032A275438 exitCount=108979
[iommuret] hit #914: HalpIommuInitSystem returned EAX=0x00000000 (success/other) rsp=0xFFFFF8032A275438 exitCount=108980
[iommuret] hit #915: HalpIommuInitSystem returned EAX=0x00000000 (success/other) rsp=0xFFFFF8032A275438 exitCount=108981
[iommuret] hit #916: HalpIommuInitSystem returned EAX=0x00000000 (success/other) rsp=0xFFFFF8032A275438 exitCount=108982
[iommuret] hit #917: HalpIommuInitSystem returned EAX=0x00000000 (success/other) rsp=0xFFFFF8032A275438 exitCount=108983
[iommuret] hit #918: HalpIommuInitSystem returned EAX=0x00000000 (success/other) rsp=0xFFFFF8032A275438 exitCount=108984
[iommuret] hit #919: HalpIommuInitSystem returned EAX=0x00000000 (success/other) rsp=0xFFFFF8032A275438 exitCount=108985
[iommuret] hit #920: HalpIommuInitSystem returned EAX=0x00000000 (success/other) rsp=0xFFFFF8032A275438 exitCount=108986
[iommuret] hit #921: HalpIommuInitSystem returned EAX=0x00000000 (success/other) rsp=0xFFFFF8032A275438 exitCount=108987
[iommuret] hit #922: HalpIommuInitSystem returned EAX=0x00000000 (success/other) rsp=0xFFFFF8032A275438 exitCount=108988
[iommuret] hit #923: HalpIommuInitSystem returned EAX=0x00000000 (success/other) rsp=0xFFFFF8032A275438 exitCount=108989
[iommuret] hit #924: HalpIommuInitSystem returned EAX=0x00000000 (success/other) rsp=0xFFFFF8032A275438 exitCount=108990
[iommuret] hit #925: HalpIommuInitSystem returned EAX=0x00000000 (success/other) rsp=0xFFFFF8032A275438 exitCount=108991
[iommuret] hit #926: HalpIommuInitSystem returned EAX=0x00000000 (success/other) rsp=0xFFFFF8032A275438 exitCount=108992
[iommuret] hit #927: HalpIommuInitSystem returned EAX=0x00000000 (success/other) rsp=0xFFFFF8032A275438 exitCount=108993
[iommuret] hit #928: HalpIommuInitSystem returned EAX=0x00000000 (success/other) rsp=0xFFFFF8032A275438 exitCount=108994
[iommuret] hit #929: HalpIommuInitSystem returned EAX=0x00000000 (success/other) rsp=0xFFFFF8032A275438 exitCount=108995
[iommuret] hit #930: HalpIommuInitSystem returned EAX=0x00000000 (success/other) rsp=0xFFFFF8032A275438 exitCount=108996
[iommuret] hit #931: HalpIommuInitSystem returned EAX=0x00000000 (success/other) rsp=0xFFFFF8032A275438 exitCount=108997
[iommuret] hit #932: HalpIommuInitSystem returned EAX=0x00000000 (success/other) rsp=0xFFFFF8032A275438 exitCount=108998
[iommuret] hit #933: HalpIommuInitSystem returned EAX=0x00000000 (success/other) rsp=0xFFFFF8032A275438 exitCount=108999
[iommuret] hit #934: HalpIommuInitSystem returned EAX=0x00000000 (success/other) rsp=0xFFFFF8032A275438 exitCount=109000
[iommuret] hit #935: HalpIommuInitSystem returned EAX=0x00000000 (success/other) rsp=0xFFFFF8032A275438 exitCount=109001
[iommuret] hit #936: HalpIommuInitSystem returned EAX=0x00000000 (success/other) rsp=0xFFFFF8032A275438 exitCount=109002
[iommuret] hit #937: HalpIommuInitSystem returned EAX=0x00000000 (success/other) rsp=0xFFFFF8032A275438 exitCount=109003
[iommuret] hit #938: HalpIommuInitSystem returned EAX=0x00000000 (success/other) rsp=0xFFFFF8032A275438 exitCount=109004
[iommuret] hit #939: HalpIommuInitSystem returned EAX=0x00000000 (success/other) rsp=0xFFFFF8032A275438 exitCount=109005
[iommuret] hit #940: HalpIommuInitSystem returned EAX=0x00000000 (success/other) rsp=0xFFFFF8032A275438 exitCount=109006
[iommuret] hit #941: HalpIommuInitSystem returned EAX=0x00000000 (success/other) rsp=0xFFFFF8032A275438 exitCount=109007
[iommuret] hit #942: HalpIommuInitSystem returned EAX=0x00000000 (success/other) rsp=0xFFFFF8032A275438 exitCount=109008
[iommuret] hit #943: HalpIommuInitSystem returned EAX=0x00000000 (success/other) rsp=0xFFFFF8032A275438 exitCount=109009
[iommuret] hit #944: HalpIommuInitSystem returned EAX=0x00000000 (success/other) rsp=0xFFFFF8032A275438 exitCount=109010
[iommuret] hit #945: HalpIommuInitSystem returned EAX=0x00000000 (success/other) rsp=0xFFFFF8032A275438 exitCount=109011
[iommuret] hit #946: HalpIommuInitSystem returned EAX=0x00000000 (success/other) rsp=0xFFFFF8032A275438 exitCount=109012
[iommuret] hit #947: HalpIommuInitSystem returned EAX=0x00000000 (success/other) rsp=0xFFFFF8032A275438 exitCount=109013
[iommuret] hit #948: HalpIommuInitSystem returned EAX=0x00000000 (success/other) rsp=0xFFFFF8032A275438 exitCount=109014
[iommuret] hit #949: HalpIommuInitSystem returned EAX=0x00000000 (success/other) rsp=0xFFFFF8032A275438 exitCount=109015
[iommuret] hit #950: HalpIommuInitSystem returned EAX=0x00000000 (success/other) rsp=0xFFFFF8032A275438 exitCount=109016
[iommuret] hit #951: HalpIommuInitSystem returned EAX=0x00000000 (success/other) rsp=0xFFFFF8032A275438 exitCount=109017
[iommuret] hit #952: HalpIommuInitSystem returned EAX=0x00000000 (success/other) rsp=0xFFFFF8032A275438 exitCount=109018
[iommuret] hit #953: HalpIommuInitSystem returned EAX=0x00000000 (success/other) rsp=0xFFFFF8032A275438 exitCount=109019
[iommuret] hit #954: HalpIommuInitSystem returned EAX=0x00000000 (success/other) rsp=0xFFFFF8032A275438 exitCount=109020
[iommuret] hit #955: HalpIommuInitSystem returned EAX=0x00000000 (success/other) rsp=0xFFFFF8032A275438 exitCount=109021
[iommuret] hit #956: HalpIommuInitSystem returned EAX=0x00000000 (success/other) rsp=0xFFFFF8032A275438 exitCount=109022
[iommuret] hit #957: HalpIommuInitSystem returned EAX=0x00000000 (success/other) rsp=0xFFFFF8032A275438 exitCount=109023
[iommuret] hit #958: HalpIommuInitSystem returned EAX=0x00000000 (success/other) rsp=0xFFFFF8032A275438 exitCount=109024
[iommuret] hit #959: HalpIommuInitSystem returned EAX=0x00000000 (success/other) rsp=0xFFFFF8032A275438 exitCount=109025
[iommuret] hit #960: HalpIommuInitSystem returned EAX=0x00000000 (success/other) rsp=0xFFFFF8032A275438 exitCount=109026
[iommuret] hit #961: HalpIommuInitSystem returned EAX=0x00000000 (success/other) rsp=0xFFFFF8032A275438 exitCount=109027
[iommuret] hit #962: HalpIommuInitSystem returned EAX=0x00000000 (success/other) rsp=0xFFFFF8032A275438 exitCount=109028
[iommuret] hit #963: HalpIommuInitSystem returned EAX=0x00000000 (success/other) rsp=0xFFFFF8032A275438 exitCount=109029
[iommuret] hit #964: HalpIommuInitSystem returned EAX=0x00000000 (success/other) rsp=0xFFFFF8032A275438 exitCount=109030
[iommuret] hit #965: HalpIommuInitSystem returned EAX=0x00000000 (success/other) rsp=0xFFFFF8032A275438 exitCount=109031
[iommuret] hit #966: HalpIommuInitSystem returned EAX=0x00000000 (success/other) rsp=0xFFFFF8032A275438 exitCount=109032
[iommuret] hit #967: HalpIommuInitSystem returned EAX=0x00000000 (success/other) rsp=0xFFFFF8032A275438 exitCount=109033
[iommuret] hit #968: HalpIommuInitSystem returned EAX=0x00000000 (success/other) rsp=0xFFFFF8032A275438 exitCount=109034
[iommuret] hit #969: HalpIommuInitSystem returned EAX=0x00000000 (success/other) rsp=0xFFFFF8032A275438 exitCount=109035
[iommuret] hit #970: HalpIommuInitSystem returned EAX=0x00000000 (success/other) rsp=0xFFFFF8032A275438 exitCount=109036
[iommuret] hit #971: HalpIommuInitSystem returned EAX=0x00000000 (success/other) rsp=0xFFFFF8032A275438 exitCount=109037
[iommuret] hit #972: HalpIommuInitSystem returned EAX=0x00000000 (success/other) rsp=0xFFFFF8032A275438 exitCount=109038
[iommuret] hit #973: HalpIommuInitSystem returned EAX=0x00000000 (success/other) rsp=0xFFFFF8032A275438 exitCount=109039
[iommuret] hit #974: HalpIommuInitSystem returned EAX=0x00000000 (success/other) rsp=0xFFFFF8032A275438 exitCount=109040
[iommuret] hit #975: HalpIommuInitSystem returned EAX=0x00000000 (success/other) rsp=0xFFFFF8032A275438 exitCount=109041
[iommuret] hit #976: HalpIommuInitSystem returned EAX=0x00000000 (success/other) rsp=0xFFFFF8032A275438 exitCount=109042
[iommuret] hit #977: HalpIommuInitSystem returned EAX=0x00000000 (success/other) rsp=0xFFFFF8032A275438 exitCount=109043
[iommuret] hit #978: HalpIommuInitSystem returned EAX=0x00000000 (success/other) rsp=0xFFFFF8032A275438 exitCount=109044
[iommuret] hit #979: HalpIommuInitSystem returned EAX=0x00000000 (success/other) rsp=0xFFFFF8032A275438 exitCount=109045
[iommuret] hit #980: HalpIommuInitSystem returned EAX=0x00000000 (success/other) rsp=0xFFFFF8032A275438 exitCount=109046
[iommuret] hit #981: HalpIommuInitSystem returned EAX=0x00000000 (success/other) rsp=0xFFFFF8032A275438 exitCount=109047
[iommuret] hit #982: HalpIommuInitSystem returned EAX=0x00000000 (success/other) rsp=0xFFFFF8032A275438 exitCount=109048
[iommuret] hit #983: HalpIommuInitSystem returned EAX=0x00000000 (success/other) rsp=0xFFFFF8032A275438 exitCount=109049
[iommuret] hit #984: HalpIommuInitSystem returned EAX=0x00000000 (success/other) rsp=0xFFFFF8032A275438 exitCount=109050
[iommuret] hit #985: HalpIommuInitSystem returned EAX=0x00000000 (success/other) rsp=0xFFFFF8032A275438 exitCount=109051
[iommuret] hit #986: HalpIommuInitSystem returned EAX=0x00000000 (success/other) rsp=0xFFFFF8032A275438 exitCount=109052
[iommuret] hit #987: HalpIommuInitSystem returned EAX=0x00000000 (success/other) rsp=0xFFFFF8032A275438 exitCount=109053
[iommuret] hit #988: HalpIommuInitSystem returned EAX=0x00000000 (success/other) rsp=0xFFFFF8032A275438 exitCount=109054
[iommuret] hit #989: HalpIommuInitSystem returned EAX=0x00000000 (success/other) rsp=0xFFFFF8032A275438 exitCount=109055
[iommuret] hit #990: HalpIommuInitSystem returned EAX=0x00000000 (success/other) rsp=0xFFFFF8032A275438 exitCount=109056
[iommuret] hit #991: HalpIommuInitSystem returned EAX=0x00000000 (success/other) rsp=0xFFFFF8032A275438 exitCount=109057
[iommuret] hit #992: HalpIommuInitSystem returned EAX=0x00000000 (success/other) rsp=0xFFFFF8032A275438 exitCount=109058
[iommuret] hit #993: HalpIommuInitSystem returned EAX=0x00000000 (success/other) rsp=0xFFFFF8032A275438 exitCount=109059
[iommuret] hit #994: HalpIommuInitSystem returned EAX=0x00000000 (success/other) rsp=0xFFFFF8032A275438 exitCount=109060
[iommuret] hit #995: HalpIommuInitSystem returned EAX=0x00000000 (success/other) rsp=0xFFFFF8032A275438 exitCount=109061
[iommuret] hit #996: HalpIommuInitSystem returned EAX=0x00000000 (success/other) rsp=0xFFFFF8032A275438 exitCount=109062
[iommuret] hit #997: HalpIommuInitSystem returned EAX=0x00000000 (success/other) rsp=0xFFFFF8032A275438 exitCount=109063
[iommuret] hit #998: HalpIommuInitSystem returned EAX=0x00000000 (success/other) rsp=0xFFFFF8032A275438 exitCount=109064
[iommuret] hit #999: HalpIommuInitSystem returned EAX=0x00000000 (success/other) rsp=0xFFFFF8032A275438 exitCount=109065
[iommuret] hit #1000: HalpIommuInitSystem returned EAX=0x00000000 (success/other) rsp=0xFFFFF8032A275438 exitCount=109066
[iommuret] hit #1001: HalpIommuInitSystem returned EAX=0x00000000 (success/other) rsp=0xFFFFF8032A275438 exitCount=109067
[iommuret] hit #1002: HalpIommuInitSystem returned EAX=0x00000000 (success/other) rsp=0xFFFFF8032A275438 exitCount=109068
[iommuret] hit #1003: HalpIommuInitSystem returned EAX=0x00000000 (success/other) rsp=0xFFFFF8032A275438 exitCount=109069
[iommuret] hit #1004: HalpIommuInitSystem returned EAX=0x00000000 (success/other) rsp=0xFFFFF8032A275438 exitCount=109070
[iommuret] hit #1005: HalpIommuInitSystem returned EAX=0x00000000 (success/other) rsp=0xFFFFF8032A275438 exitCount=109071
[iommuret] hit #1006: HalpIommuInitSystem returned EAX=0x00000000 (success/other) rsp=0xFFFFF8032A275438 exitCount=109072
[iommuret] hit #1007: HalpIommuInitSystem returned EAX=0x00000000 (success/other) rsp=0xFFFFF8032A275438 exitCount=109073
[iommuret] hit #1008: HalpIommuInitSystem returned EAX=0x00000000 (success/other) rsp=0xFFFFF8032A275438 exitCount=109074
[iommuret] hit #1009: HalpIommuInitSystem returned EAX=0x00000000 (success/other) rsp=0xFFFFF8032A275438 exitCount=109075
[iommuret] hit #1010: HalpIommuInitSystem returned EAX=0x00000000 (success/other) rsp=0xFFFFF8032A275438 exitCount=109076
[iommuret] hit #1011: HalpIommuInitSystem returned EAX=0x00000000 (success/other) rsp=0xFFFFF8032A275438 exitCount=109077
[iommuret] hit #1012: HalpIommuInitSystem returned EAX=0x00000000 (success/other) rsp=0xFFFFF8032A275438 exitCount=109078
[iommuret] hit #1013: HalpIommuInitSystem returned EAX=0x00000000 (success/other) rsp=0xFFFFF8032A275438 exitCount=109079
[iommuret] hit #1014: HalpIommuInitSystem returned EAX=0x00000000 (success/other) rsp=0xFFFFF8032A275438 exitCount=109080
[iommuret] hit #1015: HalpIommuInitSystem returned EAX=0x00000000 (success/other) rsp=0xFFFFF8032A275438 exitCount=109081
[iommuret] hit #1016: HalpIommuInitSystem returned EAX=0x00000000 (success/other) rsp=0xFFFFF8032A275438 exitCount=109082
[iommuret] hit #1017: HalpIommuInitSystem returned EAX=0x00000000 (success/other) rsp=0xFFFFF8032A275438 exitCount=109083
[iommuret] hit #1018: HalpIommuInitSystem returned EAX=0x00000000 (success/other) rsp=0xFFFFF8032A275438 exitCount=109084
[iommuret] hit #1019: HalpIommuInitSystem returned EAX=0x00000000 (success/other) rsp=0xFFFFF8032A275438 exitCount=109085
[iommuret] hit #1020: HalpIommuInitSystem returned EAX=0x00000000 (success/other) rsp=0xFFFFF8032A275438 exitCount=109086
[iommuret] hit #1021: HalpIommuInitSystem returned EAX=0x00000000 (success/other) rsp=0xFFFFF8032A275438 exitCount=109087
[iommuret] hit #1022: HalpIommuInitSystem returned EAX=0x00000000 (success/other) rsp=0xFFFFF8032A275438 exitCount=109088
[iommuret] hit #1023: HalpIommuInitSystem returned EAX=0x00000000 (success/other) rsp=0xFFFFF8032A275438 exitCount=109089
[iommuret] hit #1024: HalpIommuInitSystem returned EAX=0x00000000 (success/other) rsp=0xFFFFF8032A275438 exitCount=109090
[iommuret] hit #1025: HalpIommuInitSystem returned EAX=0x00000000 (success/other) rsp=0xFFFFF8032A275438 exitCount=109091
[iommuret] hit #1026: HalpIommuInitSystem returned EAX=0x00000000 (success/other) rsp=0xFFFFF8032A275438 exitCount=109092
[iommuret] hit #1027: HalpIommuInitSystem returned EAX=0x00000000 (success/other) rsp=0xFFFFF8032A275438 exitCount=109093
[iommuret] hit #1028: HalpIommuInitSystem returned EAX=0x00000000 (success/other) rsp=0xFFFFF8032A275438 exitCount=109094
[iommuret] hit #1029: HalpIommuInitSystem returned EAX=0x00000000 (success/other) rsp=0xFFFFF8032A275438 exitCount=109095
[iommuret] hit #1030: HalpIommuInitSystem returned EAX=0x00000000 (success/other) rsp=0xFFFFF8032A275438 exitCount=109096
[iommuret] hit #1031: HalpIommuInitSystem returned EAX=0x00000000 (success/other) rsp=0xFFFFF8032A275438 exitCount=109097
[iommuret] hit #1032: HalpIommuInitSystem returned EAX=0x00000000 (success/other) rsp=0xFFFFF8032A275438 exitCount=109098
[iommuret] hit #1033: HalpIommuInitSystem returned EAX=0x00000000 (success/other) rsp=0xFFFFF8032A275438 exitCount=109099
[iommuret] hit #1034: HalpIommuInitSystem returned EAX=0x00000000 (success/other) rsp=0xFFFFF8032A275438 exitCount=109100
[iommuret] hit #1035: HalpIommuInitSystem returned EAX=0x00000000 (success/other) rsp=0xFFFFF8032A275438 exitCount=109101
[iommuret] hit #1036: HalpIommuInitSystem returned EAX=0x00000000 (success/other) rsp=0xFFFFF8032A275438 exitCount=109102
[iommuret] hit #1037: HalpIommuInitSystem returned EAX=0x00000000 (success/other) rsp=0xFFFFF8032A275438 exitCount=109103
[iommuret] hit #1038: HalpIommuInitSystem returned EAX=0x00000000 (success/other) rsp=0xFFFFF8032A275438 exitCount=109104
[iommuret] hit #1039: HalpIommuInitSystem returned EAX=0x00000000 (success/other) rsp=0xFFFFF8032A275438 exitCount=109105
[iommuret] hit #1040: HalpIommuInitSystem returned EAX=0x00000000 (success/other) rsp=0xFFFFF8032A275438 exitCount=109106
[iommuret] hit #1041: HalpIommuInitSystem returned EAX=0x00000000 (success/other) rsp=0xFFFFF8032A275438 exitCount=109107
[iommuret] hit #1042: HalpIommuInitSystem returned EAX=0x00000000 (success/other) rsp=0xFFFFF8032A275438 exitCount=109108
[iommuret] hit #1043: HalpIommuInitSystem returned EAX=0x00000000 (success/other) rsp=0xFFFFF8032A275438 exitCount=109109
[iommuret] hit #1044: HalpIommuInitSystem returned EAX=0x00000000 (success/other) rsp=0xFFFFF8032A275438 exitCount=109110
[iommuret] hit #1045: HalpIommuInitSystem returned EAX=0x00000000 (success/other) rsp=0xFFFFF8032A275438 exitCount=109111
[iommuret] hit #1046: HalpIommuInitSystem returned EAX=0x00000000 (success/other) rsp=0xFFFFF8032A275438 exitCount=109112
[iommuret] hit #1047: HalpIommuInitSystem returned EAX=0x00000000 (success/other) rsp=0xFFFFF8032A275438 exitCount=109113
[iommuret] hit #1048: HalpIommuInitSystem returned EAX=0x00000000 (success/other) rsp=0xFFFFF8032A275438 exitCount=109114
[iommuret] hit #1049: HalpIommuInitSystem returned EAX=0x00000000 (success/other) rsp=0xFFFFF8032A275438 exitCount=109115
[iommuret] hit #1050: HalpIommuInitSystem returned EAX=0x00000000 (success/other) rsp=0xFFFFF8032A275438 exitCount=109116
[iommuret] hit #1051: HalpIommuInitSystem returned EAX=0x00000000 (success/other) rsp=0xFFFFF8032A275438 exitCount=109117
[iommuret] hit #1052: HalpIommuInitSystem returned EAX=0x00000000 (success/other) rsp=0xFFFFF8032A275438 exitCount=109118
[iommuret] hit #1053: HalpIommuInitSystem returned EAX=0x00000000 (success/other) rsp=0xFFFFF8032A275438 exitCount=109119
[iommuret] hit #1054: HalpIommuInitSystem returned EAX=0x00000000 (success/other) rsp=0xFFFFF8032A275438 exitCount=109120
[iommuret] hit #1055: HalpIommuInitSystem returned EAX=0x00000000 (success/other) rsp=0xFFFFF8032A275438 exitCount=109121
[iommuret] hit #1056: HalpIommuInitSystem returned EAX=0x00000000 (success/other) rsp=0xFFFFF8032A275438 exitCount=109122
[iommuret] hit #1057: HalpIommuInitSystem returned EAX=0x00000000 (success/other) rsp=0xFFFFF8032A275438 exitCount=109123
[iommuret] hit #1058: HalpIommuInitSystem returned EAX=0x00000000 (success/other) rsp=0xFFFFF8032A275438 exitCount=109124
[iommuret] hit #1059: HalpIommuInitSystem returned EAX=0x00000000 (success/other) rsp=0xFFFFF8032A275438 exitCount=109125
[iommuret] hit #1060: HalpIommuInitSystem returned EAX=0x00000000 (success/other) rsp=0xFFFFF8032A275438 exitCount=109126
[iommuret] hit #1061: HalpIommuInitSystem returned EAX=0x00000000 (success/other) rsp=0xFFFFF8032A275438 exitCount=109127
[iommuret] hit #1062: HalpIommuInitSystem returned EAX=0x00000000 (success/other) rsp=0xFFFFF8032A275438 exitCount=109128
[iommuret] hit #1063: HalpIommuInitSystem returned EAX=0x00000000 (success/other) rsp=0xFFFFF8032A275438 exitCount=109129
[iommuret] hit #1064: HalpIommuInitSystem returned EAX=0x00000000 (success/other) rsp=0xFFFFF8032A275438 exitCount=109130
[iommuret] hit #1065: HalpIommuInitSystem returned EAX=0x00000000 (success/other) rsp=0xFFFFF8032A275438 exitCount=109131
[iommuret] hit #1066: HalpIommuInitSystem returned EAX=0x00000000 (success/other) rsp=0xFFFFF8032A275438 exitCount=109132
[iommuret] hit #1067: HalpIommuInitSystem returned EAX=0x00000000 (success/other) rsp=0xFFFFF8032A275438 exitCount=109133
[iommuret] hit #1068: HalpIommuInitSystem returned EAX=0x00000000 (success/other) rsp=0xFFFFF8032A275438 exitCount=109134
[iommuret] hit #1069: HalpIommuInitSystem returned EAX=0x00000000 (success/other) rsp=0xFFFFF8032A275438 exitCount=109135
[iommuret] hit #1070: HalpIommuInitSystem returned EAX=0x00000000 (success/other) rsp=0xFFFFF8032A275438 exitCount=109136
[iommuret] hit #1071: HalpIommuInitSystem returned EAX=0x00000000 (success/other) rsp=0xFFFFF8032A275438 exitCount=109137
[iommuret] hit #1072: HalpIommuInitSystem returned EAX=0x00000000 (success/other) rsp=0xFFFFF8032A275438 exitCount=109138
[iommuret] hit #1073: HalpIommuInitSystem returned EAX=0x00000000 (success/other) rsp=0xFFFFF8032A275438 exitCount=109139
[iommuret] hit #1074: HalpIommuInitSystem returned EAX=0x00000000 (success/other) rsp=0xFFFFF8032A275438 exitCount=109140
[iommuret] hit #1075: HalpIommuInitSystem returned EAX=0x00000000 (success/other) rsp=0xFFFFF8032A275438 exitCount=109141
[iommuret] hit #1076: HalpIommuInitSystem returned EAX=0x00000000 (success/other) rsp=0xFFFFF8032A275438 exitCount=109142
[iommuret] hit #1077: HalpIommuInitSystem returned EAX=0x00000000 (success/other) rsp=0xFFFFF8032A275438 exitCount=109143
[iommuret] hit #1078: HalpIommuInitSystem returned EAX=0x00000000 (success/other) rsp=0xFFFFF8032A275438 exitCount=109144
[iommuret] hit #1079: HalpIommuInitSystem returned EAX=0x00000000 (success/other) rsp=0xFFFFF8032A275438 exitCount=109145
[iommuret] hit #1080: HalpIommuInitSystem returned EAX=0x00000000 (success/other) rsp=0xFFFFF8032A275438 exitCount=109146
[iommuret] hit #1081: HalpIommuInitSystem returned EAX=0x00000000 (success/other) rsp=0xFFFFF8032A275438 exitCount=109147
[iommuret] hit #1082: HalpIommuInitSystem returned EAX=0x00000000 (success/other) rsp=0xFFFFF8032A275438 exitCount=109148
[iommuret] hit #1083: HalpIommuInitSystem returned EAX=0x00000000 (success/other) rsp=0xFFFFF8032A275438 exitCount=109149
[iommuret] hit #1084: HalpIommuInitSystem returned EAX=0x00000000 (success/other) rsp=0xFFFFF8032A275438 exitCount=109150
[iommuret] hit #1085: HalpIommuInitSystem returned EAX=0x00000000 (success/other) rsp=0xFFFFF8032A275438 exitCount=109151
[iommuret] hit #1086: HalpIommuInitSystem returned EAX=0x00000000 (success/other) rsp=0xFFFFF8032A275438 exitCount=109152
[iommuret] hit #1087: HalpIommuInitSystem returned EAX=0x00000000 (success/other) rsp=0xFFFFF8032A275438 exitCount=109153
[iommuret] hit #1088: HalpIommuInitSystem returned EAX=0x00000000 (success/other) rsp=0xFFFFF8032A275438 exitCount=109154
[iommuret] hit #1089: HalpIommuInitSystem returned EAX=0x00000000 (success/other) rsp=0xFFFFF8032A275438 exitCount=109155
[iommuret] hit #1090: HalpIommuInitSystem returned EAX=0x00000000 (success/other) rsp=0xFFFFF8032A275438 exitCount=109156
[iommuret] hit #1091: HalpIommuInitSystem returned EAX=0x00000000 (success/other) rsp=0xFFFFF8032A275438 exitCount=109157
[iommuret] hit #1092: HalpIommuInitSystem returned EAX=0x00000000 (success/other) rsp=0xFFFFF8032A275438 exitCount=109158
[iommuret] hit #1093: HalpIommuInitSystem returned EAX=0x00000000 (success/other) rsp=0xFFFFF8032A275438 exitCount=109159
[iommuret] hit #1094: HalpIommuInitSystem returned EAX=0x00000000 (success/other) rsp=0xFFFFF8032A275438 exitCount=109160
[iommuret] hit #1095: HalpIommuInitSystem returned EAX=0x00000000 (success/other) rsp=0xFFFFF8032A275438 exitCount=109161
[iommuret] hit #1096: HalpIommuInitSystem returned EAX=0x00000000 (success/other) rsp=0xFFFFF8032A275438 exitCount=109162
[iommuret] hit #1097: HalpIommuInitSystem returned EAX=0x00000000 (success/other) rsp=0xFFFFF8032A275438 exitCount=109163
[iommuret] hit #1098: HalpIommuInitSystem returned EAX=0x00000000 (success/other) rsp=0xFFFFF8032A275438 exitCount=109164
[iommuret] hit #1099: HalpIommuInitSystem returned EAX=0x00000000 (success/other) rsp=0xFFFFF8032A275438 exitCount=109165
[iommuret] hit #1100: HalpIommuInitSystem returned EAX=0x00000000 (success/other) rsp=0xFFFFF8032A275438 exitCount=109166
[iommuret] hit #1101: HalpIommuInitSystem returned EAX=0x00000000 (success/other) rsp=0xFFFFF8032A275438 exitCount=109167
[iommuret] hit #1102: HalpIommuInitSystem returned EAX=0x00000000 (success/other) rsp=0xFFFFF8032A275438 exitCount=109168
[iommuret] hit #1103: HalpIommuInitSystem returned EAX=0x00000000 (success/other) rsp=0xFFFFF8032A275438 exitCount=109169
[iommuret] hit #1104: HalpIommuInitSystem returned EAX=0x00000000 (success/other) rsp=0xFFFFF8032A275438 exitCount=109170
[iommuret] hit #1105: HalpIommuInitSystem returned EAX=0x00000000 (success/other) rsp=0xFFFFF8032A275438 exitCount=109171
[iommuret] hit #1106: HalpIommuInitSystem returned EAX=0x00000000 (success/other) rsp=0xFFFFF8032A275438 exitCount=109172
[iommuret] hit #1107: HalpIommuInitSystem returned EAX=0x00000000 (success/other) rsp=0xFFFFF8032A275438 exitCount=109173
[iommuret] hit #1108: HalpIommuInitSystem returned EAX=0x00000000 (success/other) rsp=0xFFFFF8032A275438 exitCount=109174
[iommuret] hit #1109: HalpIommuInitSystem returned EAX=0x00000000 (success/other) rsp=0xFFFFF8032A275438 exitCount=109175
[iommuret] hit #1110: HalpIommuInitSystem returned EAX=0x00000000 (success/other) rsp=0xFFFFF8032A275438 exitCount=109176
[iommuret] hit #1111: HalpIommuInitSystem returned EAX=0x00000000 (success/other) rsp=0xFFFFF8032A275438 exitCount=109177
[iommuret] hit #1112: HalpIommuInitSystem returned EAX=0x00000000 (success/other) rsp=0xFFFFF8032A275438 exitCount=109178
[iommuret] hit #1113: HalpIommuInitSystem returned EAX=0x00000000 (success/other) rsp=0xFFFFF8032A275438 exitCount=109179
[iommuret] hit #1114: HalpIommuInitSystem returned EAX=0x00000000 (success/other) rsp=0xFFFFF8032A275438 exitCount=109180
[iommuret] hit #1115: HalpIommuInitSystem returned EAX=0x00000000 (success/other) rsp=0xFFFFF8032A275438 exitCount=109181
[iommuret] hit #1116: HalpIommuInitSystem returned EAX=0x00000000 (success/other) rsp=0xFFFFF8032A275438 exitCount=109182
[iommuret] hit #1117: HalpIommuInitSystem returned EAX=0x00000000 (success/other) rsp=0xFFFFF8032A275438 exitCount=109183
[iommuret] hit #1118: HalpIommuInitSystem returned EAX=0x00000000 (success/other) rsp=0xFFFFF8032A275438 exitCount=109184
[iommuret] hit #1119: HalpIommuInitSystem returned EAX=0x00000000 (success/other) rsp=0xFFFFF8032A275438 exitCount=109185
[iommuret] hit #1120: HalpIommuInitSystem returned EAX=0x00000000 (success/other) rsp=0xFFFFF8032A275438 exitCount=109186
[iommuret] hit #1121: HalpIommuInitSystem returned EAX=0x00000000 (success/other) rsp=0xFFFFF8032A275438 exitCount=109187
[iommuret] hit #1122: HalpIommuInitSystem returned EAX=0x00000000 (success/other) rsp=0xFFFFF8032A275438 exitCount=109188
[iommuret] hit #1123: HalpIommuInitSystem returned EAX=0x00000000 (success/other) rsp=0xFFFFF8032A275438 exitCount=109189
[iommuret] hit #1124: HalpIommuInitSystem returned EAX=0x00000000 (success/other) rsp=0xFFFFF8032A275438 exitCount=109190
[iommuret] hit #1125: HalpIommuInitSystem returned EAX=0x00000000 (success/other) rsp=0xFFFFF8032A275438 exitCount=109191
[iommuret] hit #1126: HalpIommuInitSystem returned EAX=0x00000000 (success/other) rsp=0xFFFFF8032A275438 exitCount=109192
[iommuret] hit #1127: HalpIommuInitSystem returned EAX=0x00000000 (success/other) rsp=0xFFFFF8032A275438 exitCount=109193
[iommuret] hit #1128: HalpIommuInitSystem returned EAX=0x00000000 (success/other) rsp=0xFFFFF8032A275438 exitCount=109194
[iommuret] hit #1129: HalpIommuInitSystem returned EAX=0x00000000 (success/other) rsp=0xFFFFF8032A275438 exitCount=109195
[iommuret] hit #1130: HalpIommuInitSystem returned EAX=0x00000000 (success/other) rsp=0xFFFFF8032A275438 exitCount=109196
[iommuret] hit #1131: HalpIommuInitSystem returned EAX=0x00000000 (success/other) rsp=0xFFFFF8032A275438 exitCount=109197
[iommuret] hit #1132: HalpIommuInitSystem returned EAX=0x00000000 (success/other) rsp=0xFFFFF8032A275438 exitCount=109198
[iommuret] hit #1133: HalpIommuInitSystem returned EAX=0x00000000 (success/other) rsp=0xFFFFF8032A275438 exitCount=109199
[iommuret] hit #1134: HalpIommuInitSystem returned EAX=0x00000000 (success/other) rsp=0xFFFFF8032A275438 exitCount=109200
[iommuret] hit #1135: HalpIommuInitSystem returned EAX=0x00000000 (success/other) rsp=0xFFFFF8032A275438 exitCount=109201
[iommuret] hit #1136: HalpIommuInitSystem returned EAX=0x00000000 (success/other) rsp=0xFFFFF8032A275438 exitCount=109202
[iommuret] hit #1137: HalpIommuInitSystem returned EAX=0x00000000 (success/other) rsp=0xFFFFF8032A275438 exitCount=109203
[iommuret] hit #1138: HalpIommuInitSystem returned EAX=0x00000000 (success/other) rsp=0xFFFFF8032A275438 exitCount=109204
[iommuret] hit #1139: HalpIommuInitSystem returned EAX=0x00000000 (success/other) rsp=0xFFFFF8032A275438 exitCount=109205
[iommuret] hit #1140: HalpIommuInitSystem returned EAX=0x00000000 (success/other) rsp=0xFFFFF8032A275438 exitCount=109206
[iommuret] hit #1141: HalpIommuInitSystem returned EAX=0x00000000 (success/other) rsp=0xFFFFF8032A275438 exitCount=109207
[iommuret] hit #1142: HalpIommuInitSystem returned EAX=0x00000000 (success/other) rsp=0xFFFFF8032A275438 exitCount=109208
[iommuret] hit #1143: HalpIommuInitSystem returned EAX=0x00000000 (success/other) rsp=0xFFFFF8032A275438 exitCount=109209
[iommuret] hit #1144: HalpIommuInitSystem returned EAX=0x00000000 (success/other) rsp=0xFFFFF8032A275438 exitCount=109210
[iommuret] hit #1145: HalpIommuInitSystem returned EAX=0x00000000 (success/other) rsp=0xFFFFF8032A275438 exitCount=109211
[iommuret] hit #1146: HalpIommuInitSystem returned EAX=0x00000000 (success/other) rsp=0xFFFFF8032A275438 exitCount=109212
[iommuret] hit #1147: HalpIommuInitSystem returned EAX=0x00000000 (success/other) rsp=0xFFFFF8032A275438 exitCount=109213
[iommuret] hit #1148: HalpIommuInitSystem returned EAX=0x00000000 (success/other) rsp=0xFFFFF8032A275438 exitCount=109214
[iommuret] hit #1149: HalpIommuInitSystem returned EAX=0x00000000 (success/other) rsp=0xFFFFF8032A275438 exitCount=109215
[iommuret] hit #1150: HalpIommuInitSystem returned EAX=0x00000000 (success/other) rsp=0xFFFFF8032A275438 exitCount=109216
[iommuret] hit #1151: HalpIommuInitSystem returned EAX=0x00000000 (success/other) rsp=0xFFFFF8032A275438 exitCount=109217
[iommuret] hit #1152: HalpIommuInitSystem returned EAX=0x00000000 (success/other) rsp=0xFFFFF8032A275438 exitCount=109218
[iommuret] hit #1153: HalpIommuInitSystem returned EAX=0x00000000 (success/other) rsp=0xFFFFF8032A275438 exitCount=109219
[iommuret] hit #1154: HalpIommuInitSystem returned EAX=0x00000000 (success/other) rsp=0xFFFFF8032A275438 exitCount=109220
[iommuret] hit #1155: HalpIommuInitSystem returned EAX=0x00000000 (success/other) rsp=0xFFFFF8032A275438 exitCount=109221
[iommuret] hit #1156: HalpIommuInitSystem returned EAX=0x00000000 (success/other) rsp=0xFFFFF8032A275438 exitCount=109222
[iommuret] hit #1157: HalpIommuInitSystem returned EAX=0x00000000 (success/other) rsp=0xFFFFF8032A275438 exitCount=109223
[iommuret] hit #1158: HalpIommuInitSystem returned EAX=0x00000000 (success/other) rsp=0xFFFFF8032A275438 exitCount=109224
[iommuret] hit #1159: HalpIommuInitSystem returned EAX=0x00000000 (success/other) rsp=0xFFFFF8032A275438 exitCount=109225
[iommuret] hit #1160: HalpIommuInitSystem returned EAX=0x00000000 (success/other) rsp=0xFFFFF8032A275438 exitCount=109226
[iommuret] hit #1161: HalpIommuInitSystem returned EAX=0x00000000 (success/other) rsp=0xFFFFF8032A275438 exitCount=109227
[iommuret] hit #1162: HalpIommuInitSystem returned EAX=0x00000000 (success/other) rsp=0xFFFFF8032A275438 exitCount=109228
[iommuret] hit #1163: HalpIommuInitSystem returned EAX=0x00000000 (success/other) rsp=0xFFFFF8032A275438 exitCount=109229
[iommuret] hit #1164: HalpIommuInitSystem returned EAX=0x00000000 (success/other) rsp=0xFFFFF8032A275438 exitCount=109230
[iommuret] hit #1165: HalpIommuInitSystem returned EAX=0x00000000 (success/other) rsp=0xFFFFF8032A275438 exitCount=109231
[iommuret] hit #1166: HalpIommuInitSystem returned EAX=0x00000000 (success/other) rsp=0xFFFFF8032A275438 exitCount=109232
[iommuret] hit #1167: HalpIommuInitSystem returned EAX=0x00000000 (success/other) rsp=0xFFFFF8032A275438 exitCount=109233
[iommuret] hit #1168: HalpIommuInitSystem returned EAX=0x00000000 (success/other) rsp=0xFFFFF8032A275438 exitCount=109234
[iommuret] hit #1169: HalpIommuInitSystem returned EAX=0x00000000 (success/other) rsp=0xFFFFF8032A275438 exitCount=109235
[iommuret] hit #1170: HalpIommuInitSystem returned EAX=0x00000000 (success/other) rsp=0xFFFFF8032A275438 exitCount=109236
[iommuret] hit #1171: HalpIommuInitSystem returned EAX=0x00000000 (success/other) rsp=0xFFFFF8032A275438 exitCount=109237
[iommuret] hit #1172: HalpIommuInitSystem returned EAX=0x00000000 (success/other) rsp=0xFFFFF8032A275438 exitCount=109238
[iommuret] hit #1173: HalpIommuInitSystem returned EAX=0x00000000 (success/other) rsp=0xFFFFF8032A275438 exitCount=109239
[iommuret] hit #1174: HalpIommuInitSystem returned EAX=0x00000000 (success/other) rsp=0xFFFFF8032A275438 exitCount=109240
[iommuret] hit #1175: HalpIommuInitSystem returned EAX=0x00000000 (success/other) rsp=0xFFFFF8032A275438 exitCount=109241
[iommuret] hit #1176: HalpIommuInitSystem returned EAX=0x00000000 (success/other) rsp=0xFFFFF8032A275438 exitCount=109242
[iommuret] hit #1177: HalpIommuInitSystem returned EAX=0x00000000 (success/other) rsp=0xFFFFF8032A275438 exitCount=109243
[iommuret] hit #1178: HalpIommuInitSystem returned EAX=0x00000000 (success/other) rsp=0xFFFFF8032A275438 exitCount=109244
[iommuret] hit #1179: HalpIommuInitSystem returned EAX=0x00000000 (success/other) rsp=0xFFFFF8032A275438 exitCount=109245
[iommuret] hit #1180: HalpIommuInitSystem returned EAX=0x00000000 (success/other) rsp=0xFFFFF8032A275438 exitCount=109246
[iommuret] hit #1181: HalpIommuInitSystem returned EAX=0x00000000 (success/other) rsp=0xFFFFF8032A275438 exitCount=109247
[iommuret] hit #1182: HalpIommuInitSystem returned EAX=0x00000000 (success/other) rsp=0xFFFFF8032A275438 exitCount=109248
[iommuret] hit #1183: HalpIommuInitSystem returned EAX=0x00000000 (success/other) rsp=0xFFFFF8032A275438 exitCount=109249
[iommuret] hit #1184: HalpIommuInitSystem returned EAX=0x00000000 (success/other) rsp=0xFFFFF8032A275438 exitCount=109250
[iommuret] hit #1185: HalpIommuInitSystem returned EAX=0x00000000 (success/other) rsp=0xFFFFF8032A275438 exitCount=109251
[iommuret] hit #1186: HalpIommuInitSystem returned EAX=0x00000000 (success/other) rsp=0xFFFFF8032A275438 exitCount=109252
[iommuret] hit #1187: HalpIommuInitSystem returned EAX=0x00000000 (success/other) rsp=0xFFFFF8032A275438 exitCount=109253
[iommuret] hit #1188: HalpIommuInitSystem returned EAX=0x00000000 (success/other) rsp=0xFFFFF8032A275438 exitCount=109254
[iommuret] hit #1189: HalpIommuInitSystem returned EAX=0x00000000 (success/other) rsp=0xFFFFF8032A275438 exitCount=109255
[iommuret] hit #1190: HalpIommuInitSystem returned EAX=0x00000000 (success/other) rsp=0xFFFFF8032A275438 exitCount=109256
[iommuret] hit #1191: HalpIommuInitSystem returned EAX=0x00000000 (success/other) rsp=0xFFFFF8032A275438 exitCount=109257
[iommuret] hit #1192: HalpIommuInitSystem returned EAX=0x00000000 (success/other) rsp=0xFFFFF8032A275438 exitCount=109258
[iommuret] hit #1193: HalpIommuInitSystem returned EAX=0x00000000 (success/other) rsp=0xFFFFF8032A275438 exitCount=109259
[iommuret] hit #1194: HalpIommuInitSystem returned EAX=0x00000000 (success/other) rsp=0xFFFFF8032A275438 exitCount=109260
[iommuret] hit #1195: HalpIommuInitSystem returned EAX=0x00000000 (success/other) rsp=0xFFFFF8032A275438 exitCount=109261
[iommuret] hit #1196: HalpIommuInitSystem returned EAX=0x00000000 (success/other) rsp=0xFFFFF8032A275438 exitCount=109262
[iommuret] hit #1197: HalpIommuInitSystem returned EAX=0x00000000 (success/other) rsp=0xFFFFF8032A275438 exitCount=109263
[iommuret] hit #1198: HalpIommuInitSystem returned EAX=0x00000000 (success/other) rsp=0xFFFFF8032A275438 exitCount=109264
[iommuret] hit #1199: HalpIommuInitSystem returned EAX=0x00000000 (success/other) rsp=0xFFFFF8032A275438 exitCount=109265
[iommuret] hit #1200: HalpIommuInitSystem returned EAX=0x00000000 (success/other) rsp=0xFFFFF8032A275438 exitCount=109266
[iommuret] hit #1201: HalpIommuInitSystem returned EAX=0x00000000 (success/other) rsp=0xFFFFF8032A275438 exitCount=109267
[iommuret] hit #1202: HalpIommuInitSystem returned EAX=0x00000000 (success/other) rsp=0xFFFFF8032A275438 exitCount=109268
[iommuret] hit #1203: HalpIommuInitSystem returned EAX=0x00000000 (success/other) rsp=0xFFFFF8032A275438 exitCount=109269
[iommuret] hit #1204: HalpIommuInitSystem returned EAX=0x00000000 (success/other) rsp=0xFFFFF8032A275438 exitCount=109270
[iommuret] hit #1205: HalpIommuInitSystem returned EAX=0x00000000 (success/other) rsp=0xFFFFF8032A275438 exitCount=109271
[iommuret] hit #1206: HalpIommuInitSystem returned EAX=0x00000000 (success/other) rsp=0xFFFFF8032A275438 exitCount=109272
[iommuret] hit #1207: HalpIommuInitSystem returned EAX=0x00000000 (success/other) rsp=0xFFFFF8032A275438 exitCount=109273
[iommuret] hit #1208: HalpIommuInitSystem returned EAX=0x00000000 (success/other) rsp=0xFFFFF8032A275438 exitCount=109274
[iommuret] hit #1209: HalpIommuInitSystem returned EAX=0x00000000 (success/other) rsp=0xFFFFF8032A275438 exitCount=109275
[iommuret] hit #1210: HalpIommuInitSystem returned EAX=0x00000000 (success/other) rsp=0xFFFFF8032A275438 exitCount=109276
[iommuret] hit #1211: HalpIommuInitSystem returned EAX=0x00000000 (success/other) rsp=0xFFFFF8032A275438 exitCount=109277
[iommuret] hit #1212: HalpIommuInitSystem returned EAX=0x00000000 (success/other) rsp=0xFFFFF8032A275438 exitCount=109278
[iommuret] hit #1213: HalpIommuInitSystem returned EAX=0x00000000 (success/other) rsp=0xFFFFF8032A275438 exitCount=109279
[iommuret] hit #1214: HalpIommuInitSystem returned EAX=0x00000000 (success/other) rsp=0xFFFFF8032A275438 exitCount=109280
[iommuret] hit #1215: HalpIommuInitSystem returned EAX=0x00000000 (success/other) rsp=0xFFFFF8032A275438 exitCount=109281
[iommuret] hit #1216: HalpIommuInitSystem returned EAX=0x00000000 (success/other) rsp=0xFFFFF8032A275438 exitCount=109282
[iommuret] hit #1217: HalpIommuInitSystem returned EAX=0x00000000 (success/other) rsp=0xFFFFF8032A275438 exitCount=109283
[iommuret] hit #1218: HalpIommuInitSystem returned EAX=0x00000000 (success/other) rsp=0xFFFFF8032A275438 exitCount=109284
[iommuret] hit #1219: HalpIommuInitSystem returned EAX=0x00000000 (success/other) rsp=0xFFFFF8032A275438 exitCount=109285
[iommuret] hit #1220: HalpIommuInitSystem returned EAX=0x00000000 (success/other) rsp=0xFFFFF8032A275438 exitCount=109286
[iommuret] hit #1221: HalpIommuInitSystem returned EAX=0x00000000 (success/other) rsp=0xFFFFF8032A275438 exitCount=109287
[iommuret] hit #1222: HalpIommuInitSystem returned EAX=0x00000000 (success/other) rsp=0xFFFFF8032A275438 exitCount=109288
[iommuret] hit #1223: HalpIommuInitSystem returned EAX=0x00000000 (success/other) rsp=0xFFFFF8032A275438 exitCount=109289
[iommuret] hit #1224: HalpIommuInitSystem returned EAX=0x00000000 (success/other) rsp=0xFFFFF8032A275438 exitCount=109290
[iommuret] hit #1225: HalpIommuInitSystem returned EAX=0x00000000 (success/other) rsp=0xFFFFF8032A275438 exitCount=109291
[iommuret] hit #1226: HalpIommuInitSystem returned EAX=0x00000000 (success/other) rsp=0xFFFFF8032A275438 exitCount=109292
[iommuret] hit #1227: HalpIommuInitSystem returned EAX=0x00000000 (success/other) rsp=0xFFFFF8032A275438 exitCount=109293
[iommuret] hit #1228: HalpIommuInitSystem returned EAX=0x00000000 (success/other) rsp=0xFFFFF8032A275438 exitCount=109294
[iommuret] hit #1229: HalpIommuInitSystem returned EAX=0x00000000 (success/other) rsp=0xFFFFF8032A275438 exitCount=109295
[iommuret] hit #1230: HalpIommuInitSystem returned EAX=0x00000000 (success/other) rsp=0xFFFFF8032A275438 exitCount=109296
[iommuret] hit #1231: HalpIommuInitSystem returned EAX=0x00000000 (success/other) rsp=0xFFFFF8032A275438 exitCount=109297
[iommuret] hit #1232: HalpIommuInitSystem returned EAX=0x00000000 (success/other) rsp=0xFFFFF8032A275438 exitCount=109298
[iommuret] hit #1233: HalpIommuInitSystem returned EAX=0x00000000 (success/other) rsp=0xFFFFF8032A275438 exitCount=109299
[iommuret] hit #1234: HalpIommuInitSystem returned EAX=0x00000000 (success/other) rsp=0xFFFFF8032A275438 exitCount=109300
[iommuret] hit #1235: HalpIommuInitSystem returned EAX=0x00000000 (success/other) rsp=0xFFFFF8032A275438 exitCount=109301
[iommuret] hit #1236: HalpIommuInitSystem returned EAX=0x00000000 (success/other) rsp=0xFFFFF8032A275438 exitCount=109302
[iommuret] hit #1237: HalpIommuInitSystem returned EAX=0x00000000 (success/other) rsp=0xFFFFF8032A275438 exitCount=109303
[iommuret] hit #1238: HalpIommuInitSystem returned EAX=0x00000000 (success/other) rsp=0xFFFFF8032A275438 exitCount=109304
[iommuret] hit #1239: HalpIommuInitSystem returned EAX=0x00000000 (success/other) rsp=0xFFFFF8032A275438 exitCount=109305
[iommuret] hit #1240: HalpIommuInitSystem returned EAX=0x00000000 (success/other) rsp=0xFFFFF8032A275438 exitCount=109306
[iommuret] hit #1241: HalpIommuInitSystem returned EAX=0x00000000 (success/other) rsp=0xFFFFF8032A275438 exitCount=109307
[iommuret] hit #1242: HalpIommuInitSystem returned EAX=0x00000000 (success/other) rsp=0xFFFFF8032A275438 exitCount=109308
[iommuret] hit #1243: HalpIommuInitSystem returned EAX=0x00000000 (success/other) rsp=0xFFFFF8032A275438 exitCount=109309
[iommuret] hit #1244: HalpIommuInitSystem returned EAX=0x00000000 (success/other) rsp=0xFFFFF8032A275438 exitCount=109310
[iommuret] hit #1245: HalpIommuInitSystem returned EAX=0x00000000 (success/other) rsp=0xFFFFF8032A275438 exitCount=109311
[iommuret] hit #1246: HalpIommuInitSystem returned EAX=0x00000000 (success/other) rsp=0xFFFFF8032A275438 exitCount=109312
[iommuret] hit #1247: HalpIommuInitSystem returned EAX=0x00000000 (success/other) rsp=0xFFFFF8032A275438 exitCount=109313
[iommuret] hit #1248: HalpIommuInitSystem returned EAX=0x00000000 (success/other) rsp=0xFFFFF8032A275438 exitCount=109314
[iommuret] hit #1249: HalpIommuInitSystem returned EAX=0x00000000 (success/other) rsp=0xFFFFF8032A275438 exitCount=109315
[iommuret] hit #1250: HalpIommuInitSystem returned EAX=0x00000000 (success/other) rsp=0xFFFFF8032A275438 exitCount=109316
[iommuret] hit #1251: HalpIommuInitSystem returned EAX=0x00000000 (success/other) rsp=0xFFFFF8032A275438 exitCount=109317
[iommuret] hit #1252: HalpIommuInitSystem returned EAX=0x00000000 (success/other) rsp=0xFFFFF8032A275438 exitCount=109318
[iommuret] hit #1253: HalpIommuInitSystem returned EAX=0x00000000 (success/other) rsp=0xFFFFF8032A275438 exitCount=109319
[iommuret] hit #1254: HalpIommuInitSystem returned EAX=0x00000000 (success/other) rsp=0xFFFFF8032A275438 exitCount=109320
[iommuret] hit #1255: HalpIommuInitSystem returned EAX=0x00000000 (success/other) rsp=0xFFFFF8032A275438 exitCount=109321
[iommuret] hit #1256: HalpIommuInitSystem returned EAX=0x00000000 (success/other) rsp=0xFFFFF8032A275438 exitCount=109322
[iommuret] hit #1257: HalpIommuInitSystem returned EAX=0x00000000 (success/other) rsp=0xFFFFF8032A275438 exitCount=109323
[iommuret] hit #1258: HalpIommuInitSystem returned EAX=0x00000000 (success/other) rsp=0xFFFFF8032A275438 exitCount=109324
[iommuret] hit #1259: HalpIommuInitSystem returned EAX=0x00000000 (success/other) rsp=0xFFFFF8032A275438 exitCount=109325
[iommuret] hit #1260: HalpIommuInitSystem returned EAX=0x00000000 (success/other) rsp=0xFFFFF8032A275438 exitCount=109326
[iommuret] hit #1261: HalpIommuInitSystem returned EAX=0x00000000 (success/other) rsp=0xFFFFF8032A275438 exitCount=109327
[iommuret] hit #1262: HalpIommuInitSystem returned EAX=0x00000000 (success/other) rsp=0xFFFFF8032A275438 exitCount=109328
[iommuret] hit #1263: HalpIommuInitSystem returned EAX=0x00000000 (success/other) rsp=0xFFFFF8032A275438 exitCount=109329
[iommuret] hit #1264: HalpIommuInitSystem returned EAX=0x00000000 (success/other) rsp=0xFFFFF8032A275438 exitCount=109330
[iommuret] hit #1265: HalpIommuInitSystem returned EAX=0x00000000 (success/other) rsp=0xFFFFF8032A275438 exitCount=109331
[iommuret] hit #1266: HalpIommuInitSystem returned EAX=0x00000000 (success/other) rsp=0xFFFFF8032A275438 exitCount=109332
[iommuret] hit #1267: HalpIommuInitSystem returned EAX=0x00000000 (success/other) rsp=0xFFFFF8032A275438 exitCount=109333
[iommuret] hit #1268: HalpIommuInitSystem returned EAX=0x00000000 (success/other) rsp=0xFFFFF8032A275438 exitCount=109334
[iommuret] hit #1269: HalpIommuInitSystem returned EAX=0x00000000 (success/other) rsp=0xFFFFF8032A275438 exitCount=109335
[iommuret] hit #1270: HalpIommuInitSystem returned EAX=0x00000000 (success/other) rsp=0xFFFFF8032A275438 exitCount=109336
[iommuret] hit #1271: HalpIommuInitSystem returned EAX=0x00000000 (success/other) rsp=0xFFFFF8032A275438 exitCount=109337
[iommuret] hit #1272: HalpIommuInitSystem returned EAX=0x00000000 (success/other) rsp=0xFFFFF8032A275438 exitCount=109338
[iommuret] hit #1273: HalpIommuInitSystem returned EAX=0x00000000 (success/other) rsp=0xFFFFF8032A275438 exitCount=109339
[iommuret] hit #1274: HalpIommuInitSystem returned EAX=0x00000000 (success/other) rsp=0xFFFFF8032A275438 exitCount=109340
[iommuret] hit #1275: HalpIommuInitSystem returned EAX=0x00000000 (success/other) rsp=0xFFFFF8032A275438 exitCount=109341
[iommuret] hit #1276: HalpIommuInitSystem returned EAX=0x00000000 (success/other) rsp=0xFFFFF8032A275438 exitCount=109342
[iommuret] hit #1277: HalpIommuInitSystem returned EAX=0x00000000 (success/other) rsp=0xFFFFF8032A275438 exitCount=109343
[iommuret] hit #1278: HalpIommuInitSystem returned EAX=0x00000000 (success/other) rsp=0xFFFFF8032A275438 exitCount=109344
[iommuret] hit #1279: HalpIommuInitSystem returned EAX=0x00000000 (success/other) rsp=0xFFFFF8032A275438 exitCount=109345
[iommuret] hit #1280: HalpIommuInitSystem returned EAX=0x00000000 (success/other) rsp=0xFFFFF8032A275438 exitCount=109346
[iommuret] hit #1281: HalpIommuInitSystem returned EAX=0x00000000 (success/other) rsp=0xFFFFF8032A275438 exitCount=109347
[iommuret] hit #1282: HalpIommuInitSystem returned EAX=0x00000000 (success/other) rsp=0xFFFFF8032A275438 exitCount=109348
[iommuret] hit #1283: HalpIommuInitSystem returned EAX=0x00000000 (success/other) rsp=0xFFFFF8032A275438 exitCount=109349
[iommuret] hit #1284: HalpIommuInitSystem returned EAX=0x00000000 (success/other) rsp=0xFFFFF8032A275438 exitCount=109350
[iommuret] hit #1285: HalpIommuInitSystem returned EAX=0x00000000 (success/other) rsp=0xFFFFF8032A275438 exitCount=109351
[iommuret] hit #1286: HalpIommuInitSystem returned EAX=0x00000000 (success/other) rsp=0xFFFFF8032A275438 exitCount=109352
[iommuret] hit #1287: HalpIommuInitSystem returned EAX=0x00000000 (success/other) rsp=0xFFFFF8032A275438 exitCount=109353
[iommuret] hit #1288: HalpIommuInitSystem returned EAX=0x00000000 (success/other) rsp=0xFFFFF8032A275438 exitCount=109354
[iommuret] hit #1289: HalpIommuInitSystem returned EAX=0x00000000 (success/other) rsp=0xFFFFF8032A275438 exitCount=109355
[iommuret] hit #1290: HalpIommuInitSystem returned EAX=0x00000000 (success/other) rsp=0xFFFFF8032A275438 exitCount=109356
[iommuret] hit #1291: HalpIommuInitSystem returned EAX=0x00000000 (success/other) rsp=0xFFFFF8032A275438 exitCount=109357
[iommuret] hit #1292: HalpIommuInitSystem returned EAX=0x00000000 (success/other) rsp=0xFFFFF8032A275438 exitCount=109358
[iommuret] hit #1293: HalpIommuInitSystem returned EAX=0x00000000 (success/other) rsp=0xFFFFF8032A275438 exitCount=109359
[iommuret] hit #1294: HalpIommuInitSystem returned EAX=0x00000000 (success/other) rsp=0xFFFFF8032A275438 exitCount=109360
[iommuret] hit #1295: HalpIommuInitSystem returned EAX=0x00000000 (success/other) rsp=0xFFFFF8032A275438 exitCount=109361
[iommuret] hit #1296: HalpIommuInitSystem returned EAX=0x00000000 (success/other) rsp=0xFFFFF8032A275438 exitCount=109362
[iommuret] hit #1297: HalpIommuInitSystem returned EAX=0x00000000 (success/other) rsp=0xFFFFF8032A275438 exitCount=109363
[iommuret] hit #1298: HalpIommuInitSystem returned EAX=0x00000000 (success/other) rsp=0xFFFFF8032A275438 exitCount=109364
[iommuret] hit #1299: HalpIommuInitSystem returned EAX=0x00000000 (success/other) rsp=0xFFFFF8032A275438 exitCount=109365
[iommuret] hit #1300: HalpIommuInitSystem returned EAX=0x00000000 (success/other) rsp=0xFFFFF8032A275438 exitCount=109366
[iommuret] hit #1301: HalpIommuInitSystem returned EAX=0x00000000 (success/other) rsp=0xFFFFF8032A275438 exitCount=109367
[iommuret] hit #1302: HalpIommuInitSystem returned EAX=0x00000000 (success/other) rsp=0xFFFFF8032A275438 exitCount=109368
[iommuret] hit #1303: HalpIommuInitSystem returned EAX=0x00000000 (success/other) rsp=0xFFFFF8032A275438 exitCount=109369
[iommuret] hit #1304: HalpIommuInitSystem returned EAX=0x00000000 (success/other) rsp=0xFFFFF8032A275438 exitCount=109370
[iommuret] hit #1305: HalpIommuInitSystem returned EAX=0x00000000 (success/other) rsp=0xFFFFF8032A275438 exitCount=109371
[iommuret] hit #1306: HalpIommuInitSystem returned EAX=0x00000000 (success/other) rsp=0xFFFFF8032A275438 exitCount=109372
[iommuret] hit #1307: HalpIommuInitSystem returned EAX=0x00000000 (success/other) rsp=0xFFFFF8032A275438 exitCount=109373
[iommuret] hit #1308: HalpIommuInitSystem returned EAX=0x00000000 (success/other) rsp=0xFFFFF8032A275438 exitCount=109374
[iommuret] hit #1309: HalpIommuInitSystem returned EAX=0x00000000 (success/other) rsp=0xFFFFF8032A275438 exitCount=109375
[iommuret] hit #1310: HalpIommuInitSystem returned EAX=0x00000000 (success/other) rsp=0xFFFFF8032A275438 exitCount=109376
[iommuret] hit #1311: HalpIommuInitSystem returned EAX=0x00000000 (success/other) rsp=0xFFFFF8032A275438 exitCount=109377
[iommuret] hit #1312: HalpIommuInitSystem returned EAX=0x00000000 (success/other) rsp=0xFFFFF8032A275438 exitCount=109378
[iommuret] hit #1313: HalpIommuInitSystem returned EAX=0x00000000 (success/other) rsp=0xFFFFF8032A275438 exitCount=109379
[iommuret] hit #1314: HalpIommuInitSystem returned EAX=0x00000000 (success/other) rsp=0xFFFFF8032A275438 exitCount=109380
[iommuret] hit #1315: HalpIommuInitSystem returned EAX=0x00000000 (success/other) rsp=0xFFFFF8032A275438 exitCount=109381
[iommuret] hit #1316: HalpIommuInitSystem returned EAX=0x00000000 (success/other) rsp=0xFFFFF8032A275438 exitCount=109382
[iommuret] hit #1317: HalpIommuInitSystem returned EAX=0x00000000 (success/other) rsp=0xFFFFF8032A275438 exitCount=109383
[iommuret] hit #1318: HalpIommuInitSystem returned EAX=0x00000000 (success/other) rsp=0xFFFFF8032A275438 exitCount=109384
[iommuret] hit #1319: HalpIommuInitSystem returned EAX=0x00000000 (success/other) rsp=0xFFFFF8032A275438 exitCount=109385
[iommuret] hit #1320: HalpIommuInitSystem returned EAX=0x00000000 (success/other) rsp=0xFFFFF8032A275438 exitCount=109386
[iommuret] hit #1321: HalpIommuInitSystem returned EAX=0x00000000 (success/other) rsp=0xFFFFF8032A275438 exitCount=109387
[iommuret] hit #1322: HalpIommuInitSystem returned EAX=0x00000000 (success/other) rsp=0xFFFFF8032A275438 exitCount=109388
[iommuret] hit #1323: HalpIommuInitSystem returned EAX=0x00000000 (success/other) rsp=0xFFFFF8032A275438 exitCount=109389
[iommuret] hit #1324: HalpIommuInitSystem returned EAX=0x00000000 (success/other) rsp=0xFFFFF8032A275438 exitCount=109390
[iommuret] hit #1325: HalpIommuInitSystem returned EAX=0x00000000 (success/other) rsp=0xFFFFF8032A275438 exitCount=109391
[iommuret] hit #1326: HalpIommuInitSystem returned EAX=0x00000000 (success/other) rsp=0xFFFFF8032A275438 exitCount=109392
[iommuret] hit #1327: HalpIommuInitSystem returned EAX=0x00000000 (success/other) rsp=0xFFFFF8032A275438 exitCount=109393
[iommuret] hit #1328: HalpIommuInitSystem returned EAX=0x00000000 (success/other) rsp=0xFFFFF8032A275438 exitCount=109394
[iommuret] hit #1329: HalpIommuInitSystem returned EAX=0x00000000 (success/other) rsp=0xFFFFF8032A275438 exitCount=109395
[iommuret] hit #1330: HalpIommuInitSystem returned EAX=0x00000000 (success/other) rsp=0xFFFFF8032A275438 exitCount=109396
[iommuret] hit #1331: HalpIommuInitSystem returned EAX=0x00000000 (success/other) rsp=0xFFFFF8032A275438 exitCount=109397
[iommuret] hit #1332: HalpIommuInitSystem returned EAX=0x00000000 (success/other) rsp=0xFFFFF8032A275438 exitCount=109398
[iommuret] hit #1333: HalpIommuInitSystem returned EAX=0x00000000 (success/other) rsp=0xFFFFF8032A275438 exitCount=109399
[iommuret] hit #1334: HalpIommuInitSystem returned EAX=0x00000000 (success/other) rsp=0xFFFFF8032A275438 exitCount=109400
[iommuret] hit #1335: HalpIommuInitSystem returned EAX=0x00000000 (success/other) rsp=0xFFFFF8032A275438 exitCount=109401
[iommuret] hit #1336: HalpIommuInitSystem returned EAX=0x00000000 (success/other) rsp=0xFFFFF8032A275438 exitCount=109402
[iommuret] hit #1337: HalpIommuInitSystem returned EAX=0x00000000 (success/other) rsp=0xFFFFF8032A275438 exitCount=109403
[iommuret] hit #1338: HalpIommuInitSystem returned EAX=0x00000000 (success/other) rsp=0xFFFFF8032A275438 exitCount=109404
[iommuret] hit #1339: HalpIommuInitSystem returned EAX=0x00000000 (success/other) rsp=0xFFFFF8032A275438 exitCount=109405
[iommuret] hit #1340: HalpIommuInitSystem returned EAX=0x00000000 (success/other) rsp=0xFFFFF8032A275438 exitCount=109406
[iommuret] hit #1341: HalpIommuInitSystem returned EAX=0x00000000 (success/other) rsp=0xFFFFF8032A275438 exitCount=109407
[iommuret] hit #1342: HalpIommuInitSystem returned EAX=0x00000000 (success/other) rsp=0xFFFFF8032A275438 exitCount=109408
[iommuret] hit #1343: HalpIommuInitSystem returned EAX=0x00000000 (success/other) rsp=0xFFFFF8032A275438 exitCount=109409
[iommuret] hit #1344: HalpIommuInitSystem returned EAX=0x00000000 (success/other) rsp=0xFFFFF8032A275438 exitCount=109410
[iommuret] hit #1345: HalpIommuInitSystem returned EAX=0x00000000 (success/other) rsp=0xFFFFF8032A275438 exitCount=109411
[iommuret] hit #1346: HalpIommuInitSystem returned EAX=0x00000000 (success/other) rsp=0xFFFFF8032A275438 exitCount=109412
[iommuret] hit #1347: HalpIommuInitSystem returned EAX=0x00000000 (success/other) rsp=0xFFFFF8032A275438 exitCount=109413
[iommuret] hit #1348: HalpIommuInitSystem returned EAX=0x00000000 (success/other) rsp=0xFFFFF8032A275438 exitCount=109414
[iommuret] hit #1349: HalpIommuInitSystem returned EAX=0x00000000 (success/other) rsp=0xFFFFF8032A275438 exitCount=109415
[iommuret] hit #1350: HalpIommuInitSystem returned EAX=0x00000000 (success/other) rsp=0xFFFFF8032A275438 exitCount=109416
[iommuret] hit #1351: HalpIommuInitSystem returned EAX=0x00000000 (success/other) rsp=0xFFFFF8032A275438 exitCount=109417
[iommuret] hit #1352: HalpIommuInitSystem returned EAX=0x00000000 (success/other) rsp=0xFFFFF8032A275438 exitCount=109418
[iommuret] hit #1353: HalpIommuInitSystem returned EAX=0x00000000 (success/other) rsp=0xFFFFF8032A275438 exitCount=109419
[iommuret] hit #1354: HalpIommuInitSystem returned EAX=0x00000000 (success/other) rsp=0xFFFFF8032A275438 exitCount=109420
[iommuret] hit #1355: HalpIommuInitSystem returned EAX=0x00000000 (success/other) rsp=0xFFFFF8032A275438 exitCount=109421
[iommuret] hit #1356: HalpIommuInitSystem returned EAX=0x00000000 (success/other) rsp=0xFFFFF8032A275438 exitCount=109422
[iommuret] hit #1357: HalpIommuInitSystem returned EAX=0x00000000 (success/other) rsp=0xFFFFF8032A275438 exitCount=109423
[iommuret] hit #1358: HalpIommuInitSystem returned EAX=0x00000000 (success/other) rsp=0xFFFFF8032A275438 exitCount=109424
[iommuret] hit #1359: HalpIommuInitSystem returned EAX=0x00000000 (success/other) rsp=0xFFFFF8032A275438 exitCount=109425
[iommuret] hit #1360: HalpIommuInitSystem returned EAX=0x00000000 (success/other) rsp=0xFFFFF8032A275438 exitCount=109426
[iommuret] hit #1361: HalpIommuInitSystem returned EAX=0x00000000 (success/other) rsp=0xFFFFF8032A275438 exitCount=109427
[iommuret] hit #1362: HalpIommuInitSystem returned EAX=0x00000000 (success/other) rsp=0xFFFFF8032A275438 exitCount=109428
[iommuret] hit #1363: HalpIommuInitSystem returned EAX=0x00000000 (success/other) rsp=0xFFFFF8032A275438 exitCount=109429
[iommuret] hit #1364: HalpIommuInitSystem returned EAX=0x00000000 (success/other) rsp=0xFFFFF8032A275438 exitCount=109430
[iommuret] hit #1365: HalpIommuInitSystem returned EAX=0x00000000 (success/other) rsp=0xFFFFF8032A275438 exitCount=109431
[iommuret] hit #1366: HalpIommuInitSystem returned EAX=0x00000000 (success/other) rsp=0xFFFFF8032A275438 exitCount=109432
[iommuret] hit #1367: HalpIommuInitSystem returned EAX=0x00000000 (success/other) rsp=0xFFFFF8032A275438 exitCount=109433
[iommuret] hit #1368: HalpIommuInitSystem returned EAX=0x00000000 (success/other) rsp=0xFFFFF8032A275438 exitCount=109434
[iommuret] hit #1369: HalpIommuInitSystem returned EAX=0x00000000 (success/other) rsp=0xFFFFF8032A275438 exitCount=109435
[iommuret] hit #1370: HalpIommuInitSystem returned EAX=0x00000000 (success/other) rsp=0xFFFFF8032A275438 exitCount=109436
[iommuret] hit #1371: HalpIommuInitSystem returned EAX=0x00000000 (success/other) rsp=0xFFFFF8032A275438 exitCount=109437
[iommuret] hit #1372: HalpIommuInitSystem returned EAX=0x00000000 (success/other) rsp=0xFFFFF8032A275438 exitCount=109438
[iommuret] hit #1373: HalpIommuInitSystem returned EAX=0x00000000 (success/other) rsp=0xFFFFF8032A275438 exitCount=109439
[iommuret] hit #1374: HalpIommuInitSystem returned EAX=0x00000000 (success/other) rsp=0xFFFFF8032A275438 exitCount=109440
[iommuret] hit #1375: HalpIommuInitSystem returned EAX=0x00000000 (success/other) rsp=0xFFFFF8032A275438 exitCount=109441
[iommuret] hit #1376: HalpIommuInitSystem returned EAX=0x00000000 (success/other) rsp=0xFFFFF8032A275438 exitCount=109442
[iommuret] hit #1377: HalpIommuInitSystem returned EAX=0x00000000 (success/other) rsp=0xFFFFF8032A275438 exitCount=109443
[iommuret] hit #1378: HalpIommuInitSystem returned EAX=0x00000000 (success/other) rsp=0xFFFFF8032A275438 exitCount=109444
[iommuret] hit #1379: HalpIommuInitSystem returned EAX=0x00000000 (success/other) rsp=0xFFFFF8032A275438 exitCount=109445
[iommuret] hit #1380: HalpIommuInitSystem returned EAX=0x00000000 (success/other) rsp=0xFFFFF8032A275438 exitCount=109446
[iommuret] hit #1381: HalpIommuInitSystem returned EAX=0x00000000 (success/other) rsp=0xFFFFF8032A275438 exitCount=109447
[iommuret] hit #1382: HalpIommuInitSystem returned EAX=0x00000000 (success/other) rsp=0xFFFFF8032A275438 exitCount=109448
[iommuret] hit #1383: HalpIommuInitSystem returned EAX=0x00000000 (success/other) rsp=0xFFFFF8032A275438 exitCount=109449
[iommuret] hit #1384: HalpIommuInitSystem returned EAX=0x00000000 (success/other) rsp=0xFFFFF8032A275438 exitCount=109450
[iommuret] hit #1385: HalpIommuInitSystem returned EAX=0x00000000 (success/other) rsp=0xFFFFF8032A275438 exitCount=109451
[iommuret] hit #1386: HalpIommuInitSystem returned EAX=0x00000000 (success/other) rsp=0xFFFFF8032A275438 exitCount=109452
[iommuret] hit #1387: HalpIommuInitSystem returned EAX=0x00000000 (success/other) rsp=0xFFFFF8032A275438 exitCount=109453
[iommuret] hit #1388: HalpIommuInitSystem returned EAX=0x00000000 (success/other) rsp=0xFFFFF8032A275438 exitCount=109454
[iommuret] hit #1389: HalpIommuInitSystem returned EAX=0x00000000 (success/other) rsp=0xFFFFF8032A275438 exitCount=109455
[iommuret] hit #1390: HalpIommuInitSystem returned EAX=0x00000000 (success/other) rsp=0xFFFFF8032A275438 exitCount=109456
[iommuret] hit #1391: HalpIommuInitSystem returned EAX=0x00000000 (success/other) rsp=0xFFFFF8032A275438 exitCount=109457
[iommuret] hit #1392: HalpIommuInitSystem returned EAX=0x00000000 (success/other) rsp=0xFFFFF8032A275438 exitCount=109458
[iommuret] hit #1393: HalpIommuInitSystem returned EAX=0x00000000 (success/other) rsp=0xFFFFF8032A275438 exitCount=109459
[iommuret] hit #1394: HalpIommuInitSystem returned EAX=0x00000000 (success/other) rsp=0xFFFFF8032A275438 exitCount=109460
[iommuret] hit #1395: HalpIommuInitSystem returned EAX=0x00000000 (success/other) rsp=0xFFFFF8032A275438 exitCount=109461
[iommuret] hit #1396: HalpIommuInitSystem returned EAX=0x00000000 (success/other) rsp=0xFFFFF8032A275438 exitCount=109462
[iommuret] hit #1397: HalpIommuInitSystem returned EAX=0x00000000 (success/other) rsp=0xFFFFF8032A275438 exitCount=109463
[iommuret] hit #1398: HalpIommuInitSystem returned EAX=0x00000000 (success/other) rsp=0xFFFFF8032A275438 exitCount=109464
[iommuret] hit #1399: HalpIommuInitSystem returned EAX=0x00000000 (success/other) rsp=0xFFFFF8032A275438 exitCount=109465
[iommuret] hit #1400: HalpIommuInitSystem returned EAX=0x00000000 (success/other) rsp=0xFFFFF8032A275438 exitCount=109466
[iommuret] hit #1401: HalpIommuInitSystem returned EAX=0x00000000 (success/other) rsp=0xFFFFF8032A275438 exitCount=109467
[iommuret] hit #1402: HalpIommuInitSystem returned EAX=0x00000000 (success/other) rsp=0xFFFFF8032A275438 exitCount=109468
[iommuret] hit #1403: HalpIommuInitSystem returned EAX=0x00000000 (success/other) rsp=0xFFFFF8032A275438 exitCount=109469
[iommuret] hit #1404: HalpIommuInitSystem returned EAX=0x00000000 (success/other) rsp=0xFFFFF8032A275438 exitCount=109470
[iommuret] hit #1405: HalpIommuInitSystem returned EAX=0x00000000 (success/other) rsp=0xFFFFF8032A275438 exitCount=109471
[iommuret] hit #1406: HalpIommuInitSystem returned EAX=0x00000000 (success/other) rsp=0xFFFFF8032A275438 exitCount=109472
[iommuret] hit #1407: HalpIommuInitSystem returned EAX=0x00000000 (success/other) rsp=0xFFFFF8032A275438 exitCount=109473
[iommuret] hit #1408: HalpIommuInitSystem returned EAX=0x00000000 (success/other) rsp=0xFFFFF8032A275438 exitCount=109474
[iommuret] hit #1409: HalpIommuInitSystem returned EAX=0x00000000 (success/other) rsp=0xFFFFF8032A275438 exitCount=109475
[iommuret] hit #1410: HalpIommuInitSystem returned EAX=0x00000000 (success/other) rsp=0xFFFFF8032A275438 exitCount=109476
[iommuret] hit #1411: HalpIommuInitSystem returned EAX=0x00000000 (success/other) rsp=0xFFFFF8032A275438 exitCount=109477
[iommuret] hit #1412: HalpIommuInitSystem returned EAX=0x00000000 (success/other) rsp=0xFFFFF8032A275438 exitCount=109478
[iommuret] hit #1413: HalpIommuInitSystem returned EAX=0x00000000 (success/other) rsp=0xFFFFF8032A275438 exitCount=109479
[iommuret] hit #1414: HalpIommuInitSystem returned EAX=0x00000000 (success/other) rsp=0xFFFFF8032A275438 exitCount=109480
[iommuret] hit #1415: HalpIommuInitSystem returned EAX=0x00000000 (success/other) rsp=0xFFFFF8032A275438 exitCount=109481
[iommuret] hit #1416: HalpIommuInitSystem returned EAX=0x00000000 (success/other) rsp=0xFFFFF8032A275438 exitCount=109482
[iommuret] hit #1417: HalpIommuInitSystem returned EAX=0x00000000 (success/other) rsp=0xFFFFF8032A275438 exitCount=109483
[iommuret] hit #1418: HalpIommuInitSystem returned EAX=0x00000000 (success/other) rsp=0xFFFFF8032A275438 exitCount=109484
[iommuret] hit #1419: HalpIommuInitSystem returned EAX=0x00000000 (success/other) rsp=0xFFFFF8032A275438 exitCount=109485
[iommuret] hit #1420: HalpIommuInitSystem returned EAX=0x00000000 (success/other) rsp=0xFFFFF8032A275438 exitCount=109486
[iommuret] hit #1421: HalpIommuInitSystem returned EAX=0x00000000 (success/other) rsp=0xFFFFF8032A275438 exitCount=109487
[iommuret] hit #1422: HalpIommuInitSystem returned EAX=0x00000000 (success/other) rsp=0xFFFFF8032A275438 exitCount=109488
[iommuret] hit #1423: HalpIommuInitSystem returned EAX=0x00000000 (success/other) rsp=0xFFFFF8032A275438 exitCount=109489
[iommuret] hit #1424: HalpIommuInitSystem returned EAX=0x00000000 (success/other) rsp=0xFFFFF8032A275438 exitCount=109490
[iommuret] hit #1425: HalpIommuInitSystem returned EAX=0x00000000 (success/other) rsp=0xFFFFF8032A275438 exitCount=109491
[iommuret] hit #1426: HalpIommuInitSystem returned EAX=0x00000000 (success/other) rsp=0xFFFFF8032A275438 exitCount=109492
[iommuret] hit #1427: HalpIommuInitSystem returned EAX=0x00000000 (success/other) rsp=0xFFFFF8032A275438 exitCount=109493
[iommuret] hit #1428: HalpIommuInitSystem returned EAX=0x00000000 (success/other) rsp=0xFFFFF8032A275438 exitCount=109494
[iommuret] hit #1429: HalpIommuInitSystem returned EAX=0x00000000 (success/other) rsp=0xFFFFF8032A275438 exitCount=109495
[iommuret] hit #1430: HalpIommuInitSystem returned EAX=0x00000000 (success/other) rsp=0xFFFFF8032A275438 exitCount=109496
[iommuret] hit #1431: HalpIommuInitSystem returned EAX=0x00000000 (success/other) rsp=0xFFFFF8032A275438 exitCount=109497
[iommuret] hit #1432: HalpIommuInitSystem returned EAX=0x00000000 (success/other) rsp=0xFFFFF8032A275438 exitCount=109498
[iommuret] hit #1433: HalpIommuInitSystem returned EAX=0x00000000 (success/other) rsp=0xFFFFF8032A275438 exitCount=109499
[iommuret] hit #1434: HalpIommuInitSystem returned EAX=0x00000000 (success/other) rsp=0xFFFFF8032A275438 exitCount=109500
[iommuret] hit #1435: HalpIommuInitSystem returned EAX=0x00000000 (success/other) rsp=0xFFFFF8032A275438 exitCount=109501
[iommuret] hit #1436: HalpIommuInitSystem returned EAX=0x00000000 (success/other) rsp=0xFFFFF8032A275438 exitCount=109502
[iommuret] hit #1437: HalpIommuInitSystem returned EAX=0x00000000 (success/other) rsp=0xFFFFF8032A275438 exitCount=109503
[iommuret] hit #1438: HalpIommuInitSystem returned EAX=0x00000000 (success/other) rsp=0xFFFFF8032A275438 exitCount=109504
[iommuret] hit #1439: HalpIommuInitSystem returned EAX=0x00000000 (success/other) rsp=0xFFFFF8032A275438 exitCount=109505
[iommuret] hit #1440: HalpIommuInitSystem returned EAX=0x00000000 (success/other) rsp=0xFFFFF8032A275438 exitCount=109506
[iommuret] hit #1441: HalpIommuInitSystem returned EAX=0x00000000 (success/other) rsp=0xFFFFF8032A275438 exitCount=109507
[iommuret] hit #1442: HalpIommuInitSystem returned EAX=0x00000000 (success/other) rsp=0xFFFFF8032A275438 exitCount=109508
[iommuret] hit #1443: HalpIommuInitSystem returned EAX=0x00000000 (success/other) rsp=0xFFFFF8032A275438 exitCount=109509
[iommuret] hit #1444: HalpIommuInitSystem returned EAX=0x00000000 (success/other) rsp=0xFFFFF8032A275438 exitCount=109510
[iommuret] hit #1445: HalpIommuInitSystem returned EAX=0x00000000 (success/other) rsp=0xFFFFF8032A275438 exitCount=109511
[iommuret] hit #1446: HalpIommuInitSystem returned EAX=0x00000000 (success/other) rsp=0xFFFFF8032A275438 exitCount=109512
[iommuret] hit #1447: HalpIommuInitSystem returned EAX=0x00000000 (success/other) rsp=0xFFFFF8032A275438 exitCount=109513
[iommuret] hit #1448: HalpIommuInitSystem returned EAX=0x00000000 (success/other) rsp=0xFFFFF8032A275438 exitCount=109514
[iommuret] hit #1449: HalpIommuInitSystem returned EAX=0x00000000 (success/other) rsp=0xFFFFF8032A275438 exitCount=109515
[iommuret] hit #1450: HalpIommuInitSystem returned EAX=0x00000000 (success/other) rsp=0xFFFFF8032A275438 exitCount=109516
[iommuret] hit #1451: HalpIommuInitSystem returned EAX=0x00000000 (success/other) rsp=0xFFFFF8032A275438 exitCount=109517
[iommuret] hit #1452: HalpIommuInitSystem returned EAX=0x00000000 (success/other) rsp=0xFFFFF8032A275438 exitCount=109518
[iommuret] hit #1453: HalpIommuInitSystem returned EAX=0x00000000 (success/other) rsp=0xFFFFF8032A275438 exitCount=109519
[iommuret] hit #1454: HalpIommuInitSystem returned EAX=0x00000000 (success/other) rsp=0xFFFFF8032A275438 exitCount=109520
[iommuret] hit #1455: HalpIommuInitSystem returned EAX=0x00000000 (success/other) rsp=0xFFFFF8032A275438 exitCount=109521
[iommuret] hit #1456: HalpIommuInitSystem returned EAX=0x00000000 (success/other) rsp=0xFFFFF8032A275438 exitCount=109522
[iommuret] hit #1457: HalpIommuInitSystem returned EAX=0x00000000 (success/other) rsp=0xFFFFF8032A275438 exitCount=109523
[iommuret] hit #1458: HalpIommuInitSystem returned EAX=0x00000000 (success/other) rsp=0xFFFFF8032A275438 exitCount=109524
[iommuret] hit #1459: HalpIommuInitSystem returned EAX=0x00000000 (success/other) rsp=0xFFFFF8032A275438 exitCount=109525
[iommuret] hit #1460: HalpIommuInitSystem returned EAX=0x00000000 (success/other) rsp=0xFFFFF8032A275438 exitCount=109526
[iommuret] hit #1461: HalpIommuInitSystem returned EAX=0x00000000 (success/other) rsp=0xFFFFF8032A275438 exitCount=109527
[iommuret] hit #1462: HalpIommuInitSystem returned EAX=0x00000000 (success/other) rsp=0xFFFFF8032A275438 exitCount=109528
[iommuret] hit #1463: HalpIommuInitSystem returned EAX=0x00000000 (success/other) rsp=0xFFFFF8032A275438 exitCount=109529
[iommuret] hit #1464: HalpIommuInitSystem returned EAX=0x00000000 (success/other) rsp=0xFFFFF8032A275438 exitCount=109530
[iommuret] hit #1465: HalpIommuInitSystem returned EAX=0x00000000 (success/other) rsp=0xFFFFF8032A275438 exitCount=109531
[iommuret] hit #1466: HalpIommuInitSystem returned EAX=0x00000000 (success/other) rsp=0xFFFFF8032A275438 exitCount=109532
[iommuret] hit #1467: HalpIommuInitSystem returned EAX=0x00000000 (success/other) rsp=0xFFFFF8032A275438 exitCount=109533
[iommuret] hit #1468: HalpIommuInitSystem returned EAX=0x00000000 (success/other) rsp=0xFFFFF8032A275438 exitCount=109534
[iommuret] hit #1469: HalpIommuInitSystem returned EAX=0x00000000 (success/other) rsp=0xFFFFF8032A275438 exitCount=109535
[iommuret] hit #1470: HalpIommuInitSystem returned EAX=0x00000000 (success/other) rsp=0xFFFFF8032A275438 exitCount=109536
[iommuret] hit #1471: HalpIommuInitSystem returned EAX=0x00000000 (success/other) rsp=0xFFFFF8032A275438 exitCount=109537
[iommuret] hit #1472: HalpIommuInitSystem returned EAX=0x00000000 (success/other) rsp=0xFFFFF8032A275438 exitCount=109538
[iommuret] hit #1473: HalpIommuInitSystem returned EAX=0x00000000 (success/other) rsp=0xFFFFF8032A275438 exitCount=109539
[iommuret] hit #1474: HalpIommuInitSystem returned EAX=0x00000000 (success/other) rsp=0xFFFFF8032A275438 exitCount=109540
[iommuret] hit #1475: HalpIommuInitSystem returned EAX=0x00000000 (success/other) rsp=0xFFFFF8032A275438 exitCount=109541
[iommuret] hit #1476: HalpIommuInitSystem returned EAX=0x00000000 (success/other) rsp=0xFFFFF8032A275438 exitCount=109542
[iommuret] hit #1477: HalpIommuInitSystem returned EAX=0x00000000 (success/other) rsp=0xFFFFF8032A275438 exitCount=109543
[iommuret] hit #1478: HalpIommuInitSystem returned EAX=0x00000000 (success/other) rsp=0xFFFFF8032A275438 exitCount=109544
[iommuret] hit #1479: HalpIommuInitSystem returned EAX=0x00000000 (success/other) rsp=0xFFFFF8032A275438 exitCount=109545
[iommuret] hit #1480: HalpIommuInitSystem returned EAX=0x00000000 (success/other) rsp=0xFFFFF8032A275438 exitCount=109546
[iommuret] hit #1481: HalpIommuInitSystem returned EAX=0x00000000 (success/other) rsp=0xFFFFF8032A275438 exitCount=109547
[iommuret] hit #1482: HalpIommuInitSystem returned EAX=0x00000000 (success/other) rsp=0xFFFFF8032A275438 exitCount=109548
[iommuret] hit #1483: HalpIommuInitSystem returned EAX=0x00000000 (success/other) rsp=0xFFFFF8032A275438 exitCount=109549
[iommuret] hit #1484: HalpIommuInitSystem returned EAX=0x00000000 (success/other) rsp=0xFFFFF8032A275438 exitCount=109550
[iommuret] hit #1485: HalpIommuInitSystem returned EAX=0x00000000 (success/other) rsp=0xFFFFF8032A275438 exitCount=109551
[iommuret] hit #1486: HalpIommuInitSystem returned EAX=0x00000000 (success/other) rsp=0xFFFFF8032A275438 exitCount=109552
[iommuret] hit #1487: HalpIommuInitSystem returned EAX=0x00000000 (success/other) rsp=0xFFFFF8032A275438 exitCount=109553
[iommuret] hit #1488: HalpIommuInitSystem returned EAX=0x00000000 (success/other) rsp=0xFFFFF8032A275438 exitCount=109554
[iommuret] hit #1489: HalpIommuInitSystem returned EAX=0x00000000 (success/other) rsp=0xFFFFF8032A275438 exitCount=109555
[iommuret] hit #1490: HalpIommuInitSystem returned EAX=0x00000000 (success/other) rsp=0xFFFFF8032A275438 exitCount=109556
[iommuret] hit #1491: HalpIommuInitSystem returned EAX=0x00000000 (success/other) rsp=0xFFFFF8032A275438 exitCount=109557
[iommuret] hit #1492: HalpIommuInitSystem returned EAX=0x00000000 (success/other) rsp=0xFFFFF8032A275438 exitCount=109558
[iommuret] hit #1493: HalpIommuInitSystem returned EAX=0x00000000 (success/other) rsp=0xFFFFF8032A275438 exitCount=109559
[iommuret] hit #1494: HalpIommuInitSystem returned EAX=0x00000000 (success/other) rsp=0xFFFFF8032A275438 exitCount=109560
[iommuret] hit #1495: HalpIommuInitSystem returned EAX=0x00000000 (success/other) rsp=0xFFFFF8032A275438 exitCount=109561
[iommuret] hit #1496: HalpIommuInitSystem returned EAX=0x00000000 (success/other) rsp=0xFFFFF8032A275438 exitCount=109562
[iommuret] hit #1497: HalpIommuInitSystem returned EAX=0x00000000 (success/other) rsp=0xFFFFF8032A275438 exitCount=109563
[iommuret] hit #1498: HalpIommuInitSystem returned EAX=0x00000000 (success/other) rsp=0xFFFFF8032A275438 exitCount=109564
[iommuret] hit #1499: HalpIommuInitSystem returned EAX=0x00000000 (success/other) rsp=0xFFFFF8032A275438 exitCount=109565
[iommuret] hit #1500: HalpIommuInitSystem returned EAX=0x00000000 (success/other) rsp=0xFFFFF8032A275438 exitCount=109566
[iommuret] hit #1501: HalpIommuInitSystem returned EAX=0x00000000 (success/other) rsp=0xFFFFF8032A275438 exitCount=109567
[iommuret] hit #1502: HalpIommuInitSystem returned EAX=0x00000000 (success/other) rsp=0xFFFFF8032A275438 exitCount=109568
[iommuret] hit #1503: HalpIommuInitSystem returned EAX=0x00000000 (success/other) rsp=0xFFFFF8032A275438 exitCount=109569
[iommuret] hit #1504: HalpIommuInitSystem returned EAX=0x00000000 (success/other) rsp=0xFFFFF8032A275438 exitCount=109570
[iommuret] hit #1505: HalpIommuInitSystem returned EAX=0x00000000 (success/other) rsp=0xFFFFF8032A275438 exitCount=109571
[iommuret] hit #1506: HalpIommuInitSystem returned EAX=0x00000000 (success/other) rsp=0xFFFFF8032A275438 exitCount=109572
[iommuret] hit #1507: HalpIommuInitSystem returned EAX=0x00000000 (success/other) rsp=0xFFFFF8032A275438 exitCount=109573
[iommuret] hit #1508: HalpIommuInitSystem returned EAX=0x00000000 (success/other) rsp=0xFFFFF8032A275438 exitCount=109574
[iommuret] hit #1509: HalpIommuInitSystem returned EAX=0x00000000 (success/other) rsp=0xFFFFF8032A275438 exitCount=109575
[iommuret] hit #1510: HalpIommuInitSystem returned EAX=0x00000000 (success/other) rsp=0xFFFFF8032A275438 exitCount=109576
[iommuret] hit #1511: HalpIommuInitSystem returned EAX=0x00000000 (success/other) rsp=0xFFFFF8032A275438 exitCount=109577
[iommuret] hit #1512: HalpIommuInitSystem returned EAX=0x00000000 (success/other) rsp=0xFFFFF8032A275438 exitCount=109578
[iommuret] hit #1513: HalpIommuInitSystem returned EAX=0x00000000 (success/other) rsp=0xFFFFF8032A275438 exitCount=109579
[iommuret] hit #1514: HalpIommuInitSystem returned EAX=0x00000000 (success/other) rsp=0xFFFFF8032A275438 exitCount=109580
[iommuret] hit #1515: HalpIommuInitSystem returned EAX=0x00000000 (success/other) rsp=0xFFFFF8032A275438 exitCount=109581
[iommuret] hit #1516: HalpIommuInitSystem returned EAX=0x00000000 (success/other) rsp=0xFFFFF8032A275438 exitCount=109582
[iommuret] hit #1517: HalpIommuInitSystem returned EAX=0x00000000 (success/other) rsp=0xFFFFF8032A275438 exitCount=109583
[iommuret] hit #1518: HalpIommuInitSystem returned EAX=0x00000000 (success/other) rsp=0xFFFFF8032A275438 exitCount=109584
[iommuret] hit #1519: HalpIommuInitSystem returned EAX=0x00000000 (success/other) rsp=0xFFFFF8032A275438 exitCount=109585
[iommuret] hit #1520: HalpIommuInitSystem returned EAX=0x00000000 (success/other) rsp=0xFFFFF8032A275438 exitCount=109586
[iommuret] hit #1521: HalpIommuInitSystem returned EAX=0x00000000 (success/other) rsp=0xFFFFF8032A275438 exitCount=109587
[iommuret] hit #1522: HalpIommuInitSystem returned EAX=0x00000000 (success/other) rsp=0xFFFFF8032A275438 exitCount=109588
[iommuret] hit #1523: HalpIommuInitSystem returned EAX=0x00000000 (success/other) rsp=0xFFFFF8032A275438 exitCount=109589
[iommuret] hit #1524: HalpIommuInitSystem returned EAX=0x00000000 (success/other) rsp=0xFFFFF8032A275438 exitCount=109590
[iommuret] hit #1525: HalpIommuInitSystem returned EAX=0x00000000 (success/other) rsp=0xFFFFF8032A275438 exitCount=109591
[iommuret] hit #1526: HalpIommuInitSystem returned EAX=0x00000000 (success/other) rsp=0xFFFFF8032A275438 exitCount=109592
[iommuret] hit #1527: HalpIommuInitSystem returned EAX=0x00000000 (success/other) rsp=0xFFFFF8032A275438 exitCount=109593
[iommuret] hit #1528: HalpIommuInitSystem returned EAX=0x00000000 (success/other) rsp=0xFFFFF8032A275438 exitCount=109594
[iommuret] hit #1529: HalpIommuInitSystem returned EAX=0x00000000 (success/other) rsp=0xFFFFF8032A275438 exitCount=109595
[iommuret] hit #1530: HalpIommuInitSystem returned EAX=0x00000000 (success/other) rsp=0xFFFFF8032A275438 exitCount=109596
[iommuret] hit #1531: HalpIommuInitSystem returned EAX=0x00000000 (success/other) rsp=0xFFFFF8032A275438 exitCount=109597
[iommuret] hit #1532: HalpIommuInitSystem returned EAX=0x00000000 (success/other) rsp=0xFFFFF8032A275438 exitCount=109598
[iommuret] hit #1533: HalpIommuInitSystem returned EAX=0x00000000 (success/other) rsp=0xFFFFF8032A275438 exitCount=109599
[iommuret] hit #1534: HalpIommuInitSystem returned EAX=0x00000000 (success/other) rsp=0xFFFFF8032A275438 exitCount=109600
[iommuret] hit #1535: HalpIommuInitSystem returned EAX=0x00000000 (success/other) rsp=0xFFFFF8032A275438 exitCount=109601
[iommuret] hit #1536: HalpIommuInitSystem returned EAX=0x00000000 (success/other) rsp=0xFFFFF8032A275438 exitCount=109602
[iommuret] hit #1537: HalpIommuInitSystem returned EAX=0x00000000 (success/other) rsp=0xFFFFF8032A275438 exitCount=109603
[iommuret] hit #1538: HalpIommuInitSystem returned EAX=0x00000000 (success/other) rsp=0xFFFFF8032A275438 exitCount=109604
[iommuret] hit #1539: HalpIommuInitSystem returned EAX=0x00000000 (success/other) rsp=0xFFFFF8032A275438 exitCount=109605
[iommuret] hit #1540: HalpIommuInitSystem returned EAX=0x00000000 (success/other) rsp=0xFFFFF8032A275438 exitCount=109606
[iommuret] hit #1541: HalpIommuInitSystem returned EAX=0x00000000 (success/other) rsp=0xFFFFF8032A275438 exitCount=109607
[iommuret] hit #1542: HalpIommuInitSystem returned EAX=0x00000000 (success/other) rsp=0xFFFFF8032A275438 exitCount=109608
[iommuret] hit #1543: HalpIommuInitSystem returned EAX=0x00000000 (success/other) rsp=0xFFFFF8032A275438 exitCount=109609
[iommuret] hit #1544: HalpIommuInitSystem returned EAX=0x00000000 (success/other) rsp=0xFFFFF8032A275438 exitCount=109610
[iommuret] hit #1545: HalpIommuInitSystem returned EAX=0x00000000 (success/other) rsp=0xFFFFF8032A275438 exitCount=109611
[iommuret] hit #1546: HalpIommuInitSystem returned EAX=0x00000000 (success/other) rsp=0xFFFFF8032A275438 exitCount=109612
[iommuret] hit #1547: HalpIommuInitSystem returned EAX=0x00000000 (success/other) rsp=0xFFFFF8032A275438 exitCount=109613
[iommuret] hit #1548: HalpIommuInitSystem returned EAX=0x00000000 (success/other) rsp=0xFFFFF8032A275438 exitCount=109614
[iommuret] hit #1549: HalpIommuInitSystem returned EAX=0x00000000 (success/other) rsp=0xFFFFF8032A275438 exitCount=109615
[iommuret] hit #1550: HalpIommuInitSystem returned EAX=0x00000000 (success/other) rsp=0xFFFFF8032A275438 exitCount=109616
[iommuret] hit #1551: HalpIommuInitSystem returned EAX=0x00000000 (success/other) rsp=0xFFFFF8032A275438 exitCount=109617
[iommuret] hit #1552: HalpIommuInitSystem returned EAX=0x00000000 (success/other) rsp=0xFFFFF8032A275438 exitCount=109618
[iommuret] hit #1553: HalpIommuInitSystem returned EAX=0x00000000 (success/other) rsp=0xFFFFF8032A275438 exitCount=109619
[iommuret] hit #1554: HalpIommuInitSystem returned EAX=0x00000000 (success/other) rsp=0xFFFFF8032A275438 exitCount=109620
[iommuret] hit #1555: HalpIommuInitSystem returned EAX=0x00000000 (success/other) rsp=0xFFFFF8032A275438 exitCount=109621
[iommuret] hit #1556: HalpIommuInitSystem returned EAX=0x00000000 (success/other) rsp=0xFFFFF8032A275438 exitCount=109622
[iommuret] hit #1557: HalpIommuInitSystem returned EAX=0x00000000 (success/other) rsp=0xFFFFF8032A275438 exitCount=109623
[iommuret] hit #1558: HalpIommuInitSystem returned EAX=0x00000000 (success/other) rsp=0xFFFFF8032A275438 exitCount=109624
[iommuret] hit #1559: HalpIommuInitSystem returned EAX=0x00000000 (success/other) rsp=0xFFFFF8032A275438 exitCount=109625
[iommuret] hit #1560: HalpIommuInitSystem returned EAX=0x00000000 (success/other) rsp=0xFFFFF8032A275438 exitCount=109626
[iommuret] hit #1561: HalpIommuInitSystem returned EAX=0x00000000 (success/other) rsp=0xFFFFF8032A275438 exitCount=109627
[iommuret] hit #1562: HalpIommuInitSystem returned EAX=0x00000000 (success/other) rsp=0xFFFFF8032A275438 exitCount=109628
[iommuret] hit #1563: HalpIommuInitSystem returned EAX=0x00000000 (success/other) rsp=0xFFFFF8032A275438 exitCount=109629
[iommuret] hit #1564: HalpIommuInitSystem returned EAX=0x00000000 (success/other) rsp=0xFFFFF8032A275438 exitCount=109630
[iommuret] hit #1565: HalpIommuInitSystem returned EAX=0x00000000 (success/other) rsp=0xFFFFF8032A275438 exitCount=109631
[iommuret] hit #1566: HalpIommuInitSystem returned EAX=0x00000000 (success/other) rsp=0xFFFFF8032A275438 exitCount=109632
[iommuret] hit #1567: HalpIommuInitSystem returned EAX=0x00000000 (success/other) rsp=0xFFFFF8032A275438 exitCount=109633
[iommuret] hit #1568: HalpIommuInitSystem returned EAX=0x00000000 (success/other) rsp=0xFFFFF8032A275438 exitCount=109634
[iommuret] hit #1569: HalpIommuInitSystem returned EAX=0x00000000 (success/other) rsp=0xFFFFF8032A275438 exitCount=109635
[iommuret] hit #1570: HalpIommuInitSystem returned EAX=0x00000000 (success/other) rsp=0xFFFFF8032A275438 exitCount=109636
[iommuret] hit #1571: HalpIommuInitSystem returned EAX=0x00000000 (success/other) rsp=0xFFFFF8032A275438 exitCount=109637
[iommuret] hit #1572: HalpIommuInitSystem returned EAX=0x00000000 (success/other) rsp=0xFFFFF8032A275438 exitCount=109638
[iommuret] hit #1573: HalpIommuInitSystem returned EAX=0x00000000 (success/other) rsp=0xFFFFF8032A275438 exitCount=109639
[iommuret] hit #1574: HalpIommuInitSystem returned EAX=0x00000000 (success/other) rsp=0xFFFFF8032A275438 exitCount=109640
[iommuret] hit #1575: HalpIommuInitSystem returned EAX=0x00000000 (success/other) rsp=0xFFFFF8032A275438 exitCount=109641
[iommuret] hit #1576: HalpIommuInitSystem returned EAX=0x00000000 (success/other) rsp=0xFFFFF8032A275438 exitCount=109642
[iommuret] hit #1577: HalpIommuInitSystem returned EAX=0x00000000 (success/other) rsp=0xFFFFF8032A275438 exitCount=109643
[iommuret] hit #1578: HalpIommuInitSystem returned EAX=0x00000000 (success/other) rsp=0xFFFFF8032A275438 exitCount=109644
[iommuret] hit #1579: HalpIommuInitSystem returned EAX=0x00000000 (success/other) rsp=0xFFFFF8032A275438 exitCount=109645
[iommuret] hit #1580: HalpIommuInitSystem returned EAX=0x00000000 (success/other) rsp=0xFFFFF8032A275438 exitCount=109646
[iommuret] hit #1581: HalpIommuInitSystem returned EAX=0x00000000 (success/other) rsp=0xFFFFF8032A275438 exitCount=109647
[iommuret] hit #1582: HalpIommuInitSystem returned EAX=0x00000000 (success/other) rsp=0xFFFFF8032A275438 exitCount=109648
[iommuret] hit #1583: HalpIommuInitSystem returned EAX=0x00000000 (success/other) rsp=0xFFFFF8032A275438 exitCount=109649
[iommuret] hit #1584: HalpIommuInitSystem returned EAX=0x00000000 (success/other) rsp=0xFFFFF8032A275438 exitCount=109650
[iommuret] hit #1585: HalpIommuInitSystem returned EAX=0x00000000 (success/other) rsp=0xFFFFF8032A275438 exitCount=109651
[iommuret] hit #1586: HalpIommuInitSystem returned EAX=0x00000000 (success/other) rsp=0xFFFFF8032A275438 exitCount=109652
[iommuret] hit #1587: HalpIommuInitSystem returned EAX=0x00000000 (success/other) rsp=0xFFFFF8032A275438 exitCount=109653
[iommuret] hit #1588: HalpIommuInitSystem returned EAX=0x00000000 (success/other) rsp=0xFFFFF8032A275438 exitCount=109654
[iommuret] hit #1589: HalpIommuInitSystem returned EAX=0x00000000 (success/other) rsp=0xFFFFF8032A275438 exitCount=109655
[iommuret] hit #1590: HalpIommuInitSystem returned EAX=0x00000000 (success/other) rsp=0xFFFFF8032A275438 exitCount=109656
[iommuret] hit #1591: HalpIommuInitSystem returned EAX=0x00000000 (success/other) rsp=0xFFFFF8032A275438 exitCount=109657
[iommuret] hit #1592: HalpIommuInitSystem returned EAX=0x00000000 (success/other) rsp=0xFFFFF8032A275438 exitCount=109658
[iommuret] hit #1593: HalpIommuInitSystem returned EAX=0x00000000 (success/other) rsp=0xFFFFF8032A275438 exitCount=109659
[iommuret] hit #1594: HalpIommuInitSystem returned EAX=0x00000000 (success/other) rsp=0xFFFFF8032A275438 exitCount=109660
[iommuret] hit #1595: HalpIommuInitSystem returned EAX=0x00000000 (success/other) rsp=0xFFFFF8032A275438 exitCount=109661
[iommuret] hit #1596: HalpIommuInitSystem returned EAX=0x00000000 (success/other) rsp=0xFFFFF8032A275438 exitCount=109662
[iommuret] hit #1597: HalpIommuInitSystem returned EAX=0x00000000 (success/other) rsp=0xFFFFF8032A275438 exitCount=109663
[iommuret] hit #1598: HalpIommuInitSystem returned EAX=0x00000000 (success/other) rsp=0xFFFFF8032A275438 exitCount=109664
[iommuret] hit #1599: HalpIommuInitSystem returned EAX=0x00000000 (success/other) rsp=0xFFFFF8032A275438 exitCount=109665
[iommuret] hit #1600: HalpIommuInitSystem returned EAX=0x00000000 (success/other) rsp=0xFFFFF8032A275438 exitCount=109666
[iommuret] hit #1601: HalpIommuInitSystem returned EAX=0x00000000 (success/other) rsp=0xFFFFF8032A275438 exitCount=109667
[iommuret] hit #1602: HalpIommuInitSystem returned EAX=0x00000000 (success/other) rsp=0xFFFFF8032A275438 exitCount=109668
[iommuret] hit #1603: HalpIommuInitSystem returned EAX=0x00000000 (success/other) rsp=0xFFFFF8032A275438 exitCount=109669
[iommuret] hit #1604: HalpIommuInitSystem returned EAX=0x00000000 (success/other) rsp=0xFFFFF8032A275438 exitCount=109670
[iommuret] hit #1605: HalpIommuInitSystem returned EAX=0x00000000 (success/other) rsp=0xFFFFF8032A275438 exitCount=109671
[iommuret] hit #1606: HalpIommuInitSystem returned EAX=0x00000000 (success/other) rsp=0xFFFFF8032A275438 exitCount=109672
[iommuret] hit #1607: HalpIommuInitSystem returned EAX=0x00000000 (success/other) rsp=0xFFFFF8032A275438 exitCount=109673
[iommuret] hit #1608: HalpIommuInitSystem returned EAX=0x00000000 (success/other) rsp=0xFFFFF8032A275438 exitCount=109674
[iommuret] hit #1609: HalpIommuInitSystem returned EAX=0x00000000 (success/other) rsp=0xFFFFF8032A275438 exitCount=109675
[iommuret] hit #1610: HalpIommuInitSystem returned EAX=0x00000000 (success/other) rsp=0xFFFFF8032A275438 exitCount=109676
[iommuret] hit #1611: HalpIommuInitSystem returned EAX=0x00000000 (success/other) rsp=0xFFFFF8032A275438 exitCount=109677
[iommuret] hit #1612: HalpIommuInitSystem returned EAX=0x00000000 (success/other) rsp=0xFFFFF8032A275438 exitCount=109678
[iommuret] hit #1613: HalpIommuInitSystem returned EAX=0x00000000 (success/other) rsp=0xFFFFF8032A275438 exitCount=109679
[iommuret] hit #1614: HalpIommuInitSystem returned EAX=0x00000000 (success/other) rsp=0xFFFFF8032A275438 exitCount=109680
[iommuret] hit #1615: HalpIommuInitSystem returned EAX=0x00000000 (success/other) rsp=0xFFFFF8032A275438 exitCount=109681
[iommuret] hit #1616: HalpIommuInitSystem returned EAX=0x00000000 (success/other) rsp=0xFFFFF8032A275438 exitCount=109682
[iommuret] hit #1617: HalpIommuInitSystem returned EAX=0x00000000 (success/other) rsp=0xFFFFF8032A275438 exitCount=109683
[iommuret] hit #1618: HalpIommuInitSystem returned EAX=0x00000000 (success/other) rsp=0xFFFFF8032A275438 exitCount=109684
[iommuret] hit #1619: HalpIommuInitSystem returned EAX=0x00000000 (success/other) rsp=0xFFFFF8032A275438 exitCount=109685
[iommuret] hit #1620: HalpIommuInitSystem returned EAX=0x00000000 (success/other) rsp=0xFFFFF8032A275438 exitCount=109686
[iommuret] hit #1621: HalpIommuInitSystem returned EAX=0x00000000 (success/other) rsp=0xFFFFF8032A275438 exitCount=109687
[iommuret] hit #1622: HalpIommuInitSystem returned EAX=0x00000000 (success/other) rsp=0xFFFFF8032A275438 exitCount=109688
[iommuret] hit #1623: HalpIommuInitSystem returned EAX=0x00000000 (success/other) rsp=0xFFFFF8032A275438 exitCount=109689
[iommuret] hit #1624: HalpIommuInitSystem returned EAX=0x00000000 (success/other) rsp=0xFFFFF8032A275438 exitCount=109690
[iommuret] hit #1625: HalpIommuInitSystem returned EAX=0x00000000 (success/other) rsp=0xFFFFF8032A275438 exitCount=109691
[iommuret] hit #1626: HalpIommuInitSystem returned EAX=0x00000000 (success/other) rsp=0xFFFFF8032A275438 exitCount=109692
[iommuret] hit #1627: HalpIommuInitSystem returned EAX=0x00000000 (success/other) rsp=0xFFFFF8032A275438 exitCount=109693
[iommuret] hit #1628: HalpIommuInitSystem returned EAX=0x00000000 (success/other) rsp=0xFFFFF8032A275438 exitCount=109694
[iommuret] hit #1629: HalpIommuInitSystem returned EAX=0x00000000 (success/other) rsp=0xFFFFF8032A275438 exitCount=109695
[iommuret] hit #1630: HalpIommuInitSystem returned EAX=0x00000000 (success/other) rsp=0xFFFFF8032A275438 exitCount=109696
[iommuret] hit #1631: HalpIommuInitSystem returned EAX=0x00000000 (success/other) rsp=0xFFFFF8032A275438 exitCount=109697
[iommuret] hit #1632: HalpIommuInitSystem returned EAX=0x00000000 (success/other) rsp=0xFFFFF8032A275438 exitCount=109698
[iommuret] hit #1633: HalpIommuInitSystem returned EAX=0x00000000 (success/other) rsp=0xFFFFF8032A275438 exitCount=109699
[iommuret] hit #1634: HalpIommuInitSystem returned EAX=0x00000000 (success/other) rsp=0xFFFFF8032A275438 exitCount=109700
[iommuret] hit #1635: HalpIommuInitSystem returned EAX=0x00000000 (success/other) rsp=0xFFFFF8032A275438 exitCount=109701
[iommuret] hit #1636: HalpIommuInitSystem returned EAX=0x00000000 (success/other) rsp=0xFFFFF8032A275438 exitCount=109702
[iommuret] hit #1637: HalpIommuInitSystem returned EAX=0x00000000 (success/other) rsp=0xFFFFF8032A275438 exitCount=109703
[iommuret] hit #1638: HalpIommuInitSystem returned EAX=0x00000000 (success/other) rsp=0xFFFFF8032A275438 exitCount=109704
[iommuret] hit #1639: HalpIommuInitSystem returned EAX=0x00000000 (success/other) rsp=0xFFFFF8032A275438 exitCount=109705
[iommuret] hit #1640: HalpIommuInitSystem returned EAX=0x00000000 (success/other) rsp=0xFFFFF8032A275438 exitCount=109706
[iommuret] hit #1641: HalpIommuInitSystem returned EAX=0x00000000 (success/other) rsp=0xFFFFF8032A275438 exitCount=109707
[iommuret] hit #1642: HalpIommuInitSystem returned EAX=0x00000000 (success/other) rsp=0xFFFFF8032A275438 exitCount=109708
[iommuret] hit #1643: HalpIommuInitSystem returned EAX=0x00000000 (success/other) rsp=0xFFFFF8032A275438 exitCount=109709
[iommuret] hit #1644: HalpIommuInitSystem returned EAX=0x00000000 (success/other) rsp=0xFFFFF8032A275438 exitCount=109710
[iommuret] hit #1645: HalpIommuInitSystem returned EAX=0x00000000 (success/other) rsp=0xFFFFF8032A275438 exitCount=109711
[iommuret] hit #1646: HalpIommuInitSystem returned EAX=0x00000000 (success/other) rsp=0xFFFFF8032A275438 exitCount=109712
[iommuret] hit #1647: HalpIommuInitSystem returned EAX=0x00000000 (success/other) rsp=0xFFFFF8032A275438 exitCount=109713
[iommuret] hit #1648: HalpIommuInitSystem returned EAX=0x00000000 (success/other) rsp=0xFFFFF8032A275438 exitCount=109714
[iommuret] hit #1649: HalpIommuInitSystem returned EAX=0x00000000 (success/other) rsp=0xFFFFF8032A275438 exitCount=109715
[iommuret] hit #1650: HalpIommuInitSystem returned EAX=0x00000000 (success/other) rsp=0xFFFFF8032A275438 exitCount=109716
[iommuret] hit #1651: HalpIommuInitSystem returned EAX=0x00000000 (success/other) rsp=0xFFFFF8032A275438 exitCount=109717
[iommuret] hit #1652: HalpIommuInitSystem returned EAX=0x00000000 (success/other) rsp=0xFFFFF8032A275438 exitCount=109718
[iommuret] hit #1653: HalpIommuInitSystem returned EAX=0x00000000 (success/other) rsp=0xFFFFF8032A275438 exitCount=109719
[iommuret] hit #1654: HalpIommuInitSystem returned EAX=0x00000000 (success/other) rsp=0xFFFFF8032A275438 exitCount=109720
[iommuret] hit #1655: HalpIommuInitSystem returned EAX=0x00000000 (success/other) rsp=0xFFFFF8032A275438 exitCount=109721
[iommuret] hit #1656: HalpIommuInitSystem returned EAX=0x00000000 (success/other) rsp=0xFFFFF8032A275438 exitCount=109722
[iommuret] hit #1657: HalpIommuInitSystem returned EAX=0x00000000 (success/other) rsp=0xFFFFF8032A275438 exitCount=109723
[iommuret] hit #1658: HalpIommuInitSystem returned EAX=0x00000000 (success/other) rsp=0xFFFFF8032A275438 exitCount=109724
[iommuret] hit #1659: HalpIommuInitSystem returned EAX=0x00000000 (success/other) rsp=0xFFFFF8032A275438 exitCount=109725
[iommuret] hit #1660: HalpIommuInitSystem returned EAX=0x00000000 (success/other) rsp=0xFFFFF8032A275438 exitCount=109726
[iommuret] hit #1661: HalpIommuInitSystem returned EAX=0x00000000 (success/other) rsp=0xFFFFF8032A275438 exitCount=109727
[iommuret] hit #1662: HalpIommuInitSystem returned EAX=0x00000000 (success/other) rsp=0xFFFFF8032A275438 exitCount=109728
[iommuret] hit #1663: HalpIommuInitSystem returned EAX=0x00000000 (success/other) rsp=0xFFFFF8032A275438 exitCount=109729
[iommuret] hit #1664: HalpIommuInitSystem returned EAX=0x00000000 (success/other) rsp=0xFFFFF8032A275438 exitCount=109730
[iommuret] hit #1665: HalpIommuInitSystem returned EAX=0x00000000 (success/other) rsp=0xFFFFF8032A275438 exitCount=109731
[iommuret] hit #1666: HalpIommuInitSystem returned EAX=0x00000000 (success/other) rsp=0xFFFFF8032A275438 exitCount=109732
[iommuret] hit #1667: HalpIommuInitSystem returned EAX=0x00000000 (success/other) rsp=0xFFFFF8032A275438 exitCount=109733
[iommuret] hit #1668: HalpIommuInitSystem returned EAX=0x00000000 (success/other) rsp=0xFFFFF8032A275438 exitCount=109734
[iommuret] hit #1669: HalpIommuInitSystem returned EAX=0x00000000 (success/other) rsp=0xFFFFF8032A275438 exitCount=109735
[iommuret] hit #1670: HalpIommuInitSystem returned EAX=0x00000000 (success/other) rsp=0xFFFFF8032A275438 exitCount=109736
[iommuret] hit #1671: HalpIommuInitSystem returned EAX=0x00000000 (success/other) rsp=0xFFFFF8032A275438 exitCount=109737
[iommuret] hit #1672: HalpIommuInitSystem returned EAX=0x00000000 (success/other) rsp=0xFFFFF8032A275438 exitCount=109738
[iommuret] hit #1673: HalpIommuInitSystem returned EAX=0x00000000 (success/other) rsp=0xFFFFF8032A275438 exitCount=109739
[iommuret] hit #1674: HalpIommuInitSystem returned EAX=0x00000000 (success/other) rsp=0xFFFFF8032A275438 exitCount=109740
[iommuret] hit #1675: HalpIommuInitSystem returned EAX=0x00000000 (success/other) rsp=0xFFFFF8032A275438 exitCount=109741
[iommuret] hit #1676: HalpIommuInitSystem returned EAX=0x00000000 (success/other) rsp=0xFFFFF8032A275438 exitCount=109742
[iommuret] hit #1677: HalpIommuInitSystem returned EAX=0x00000000 (success/other) rsp=0xFFFFF8032A275438 exitCount=109743
[iommuret] hit #1678: HalpIommuInitSystem returned EAX=0x00000000 (success/other) rsp=0xFFFFF8032A275438 exitCount=109744
[iommuret] hit #1679: HalpIommuInitSystem returned EAX=0x00000000 (success/other) rsp=0xFFFFF8032A275438 exitCount=109745
[iommuret] hit #1680: HalpIommuInitSystem returned EAX=0x00000000 (success/other) rsp=0xFFFFF8032A275438 exitCount=109746
[iommuret] hit #1681: HalpIommuInitSystem returned EAX=0x00000000 (success/other) rsp=0xFFFFF8032A275438 exitCount=109747
[iommuret] hit #1682: HalpIommuInitSystem returned EAX=0x00000000 (success/other) rsp=0xFFFFF8032A275438 exitCount=109748
[iommuret] hit #1683: HalpIommuInitSystem returned EAX=0x00000000 (success/other) rsp=0xFFFFF8032A275438 exitCount=109749
[iommuret] hit #1684: HalpIommuInitSystem returned EAX=0x00000000 (success/other) rsp=0xFFFFF8032A275438 exitCount=109750
[iommuret] hit #1685: HalpIommuInitSystem returned EAX=0x00000000 (success/other) rsp=0xFFFFF8032A275438 exitCount=109751
[iommuret] hit #1686: HalpIommuInitSystem returned EAX=0x00000000 (success/other) rsp=0xFFFFF8032A275438 exitCount=109752
[iommuret] hit #1687: HalpIommuInitSystem returned EAX=0x00000000 (success/other) rsp=0xFFFFF8032A275438 exitCount=109753
[iommuret] hit #1688: HalpIommuInitSystem returned EAX=0x00000000 (success/other) rsp=0xFFFFF8032A275438 exitCount=109754
[iommuret] hit #1689: HalpIommuInitSystem returned EAX=0x00000000 (success/other) rsp=0xFFFFF8032A275438 exitCount=109755
[iommuret] hit #1690: HalpIommuInitSystem returned EAX=0x00000000 (success/other) rsp=0xFFFFF8032A275438 exitCount=109756
[iommuret] hit #1691: HalpIommuInitSystem returned EAX=0x00000000 (success/other) rsp=0xFFFFF8032A275438 exitCount=109757
[iommuret] hit #1692: HalpIommuInitSystem returned EAX=0x00000000 (success/other) rsp=0xFFFFF8032A275438 exitCount=109758
[iommuret] hit #1693: HalpIommuInitSystem returned EAX=0x00000000 (success/other) rsp=0xFFFFF8032A275438 exitCount=109759
[iommuret] hit #1694: HalpIommuInitSystem returned EAX=0x00000000 (success/other) rsp=0xFFFFF8032A275438 exitCount=109760
[iommuret] hit #1695: HalpIommuInitSystem returned EAX=0x00000000 (success/other) rsp=0xFFFFF8032A275438 exitCount=109761
[iommuret] hit #1696: HalpIommuInitSystem returned EAX=0x00000000 (success/other) rsp=0xFFFFF8032A275438 exitCount=109762
[iommuret] hit #1697: HalpIommuInitSystem returned EAX=0x00000000 (success/other) rsp=0xFFFFF8032A275438 exitCount=109763
[iommuret] hit #1698: HalpIommuInitSystem returned EAX=0x00000000 (success/other) rsp=0xFFFFF8032A275438 exitCount=109764
[iommuret] hit #1699: HalpIommuInitSystem returned EAX=0x00000000 (success/other) rsp=0xFFFFF8032A275438 exitCount=109765
[iommuret] hit #1700: HalpIommuInitSystem returned EAX=0x00000000 (success/other) rsp=0xFFFFF8032A275438 exitCount=109766
[iommuret] hit #1701: HalpIommuInitSystem returned EAX=0x00000000 (success/other) rsp=0xFFFFF8032A275438 exitCount=109767
[iommuret] hit #1702: HalpIommuInitSystem returned EAX=0x00000000 (success/other) rsp=0xFFFFF8032A275438 exitCount=109768
[iommuret] hit #1703: HalpIommuInitSystem returned EAX=0x00000000 (success/other) rsp=0xFFFFF8032A275438 exitCount=109769
[iommuret] hit #1704: HalpIommuInitSystem returned EAX=0x00000000 (success/other) rsp=0xFFFFF8032A275438 exitCount=109770
[iommuret] hit #1705: HalpIommuInitSystem returned EAX=0x00000000 (success/other) rsp=0xFFFFF8032A275438 exitCount=109771
[iommuret] hit #1706: HalpIommuInitSystem returned EAX=0x00000000 (success/other) rsp=0xFFFFF8032A275438 exitCount=109772
[iommuret] hit #1707: HalpIommuInitSystem returned EAX=0x00000000 (success/other) rsp=0xFFFFF8032A275438 exitCount=109773
[iommuret] hit #1708: HalpIommuInitSystem returned EAX=0x00000000 (success/other) rsp=0xFFFFF8032A275438 exitCount=109774
[iommuret] hit #1709: HalpIommuInitSystem returned EAX=0x00000000 (success/other) rsp=0xFFFFF8032A275438 exitCount=109775
[iommuret] hit #1710: HalpIommuInitSystem returned EAX=0x00000000 (success/other) rsp=0xFFFFF8032A275438 exitCount=109776
[iommuret] hit #1711: HalpIommuInitSystem returned EAX=0x00000000 (success/other) rsp=0xFFFFF8032A275438 exitCount=109777
[iommuret] hit #1712: HalpIommuInitSystem returned EAX=0x00000000 (success/other) rsp=0xFFFFF8032A275438 exitCount=109778
[iommuret] hit #1713: HalpIommuInitSystem returned EAX=0x00000000 (success/other) rsp=0xFFFFF8032A275438 exitCount=109779
[iommuret] hit #1714: HalpIommuInitSystem returned EAX=0x00000000 (success/other) rsp=0xFFFFF8032A275438 exitCount=109780
[iommuret] hit #1715: HalpIommuInitSystem returned EAX=0x00000000 (success/other) rsp=0xFFFFF8032A275438 exitCount=109781
[iommuret] hit #1716: HalpIommuInitSystem returned EAX=0x00000000 (success/other) rsp=0xFFFFF8032A275438 exitCount=109782
[iommuret] hit #1717: HalpIommuInitSystem returned EAX=0x00000000 (success/other) rsp=0xFFFFF8032A275438 exitCount=109783
[iommuret] hit #1718: HalpIommuInitSystem returned EAX=0x00000000 (success/other) rsp=0xFFFFF8032A275438 exitCount=109784
[iommuret] hit #1719: HalpIommuInitSystem returned EAX=0x00000000 (success/other) rsp=0xFFFFF8032A275438 exitCount=109785
[iommuret] hit #1720: HalpIommuInitSystem returned EAX=0x00000000 (success/other) rsp=0xFFFFF8032A275438 exitCount=109786
[iommuret] hit #1721: HalpIommuInitSystem returned EAX=0x00000000 (success/other) rsp=0xFFFFF8032A275438 exitCount=109787
[iommuret] hit #1722: HalpIommuInitSystem returned EAX=0x00000000 (success/other) rsp=0xFFFFF8032A275438 exitCount=109788
[iommuret] hit #1723: HalpIommuInitSystem returned EAX=0x00000000 (success/other) rsp=0xFFFFF8032A275438 exitCount=109789
[iommuret] hit #1724: HalpIommuInitSystem returned EAX=0x00000000 (success/other) rsp=0xFFFFF8032A275438 exitCount=109790
[iommuret] hit #1725: HalpIommuInitSystem returned EAX=0x00000000 (success/other) rsp=0xFFFFF8032A275438 exitCount=109791
[iommuret] hit #1726: HalpIommuInitSystem returned EAX=0x00000000 (success/other) rsp=0xFFFFF8032A275438 exitCount=109792
[iommuret] hit #1727: HalpIommuInitSystem returned EAX=0x00000000 (success/other) rsp=0xFFFFF8032A275438 exitCount=109793
[iommuret] hit #1728: HalpIommuInitSystem returned EAX=0x00000000 (success/other) rsp=0xFFFFF8032A275438 exitCount=109794
[iommuret] hit #1729: HalpIommuInitSystem returned EAX=0x00000000 (success/other) rsp=0xFFFFF8032A275438 exitCount=109795
[iommuret] hit #1730: HalpIommuInitSystem returned EAX=0x00000000 (success/other) rsp=0xFFFFF8032A275438 exitCount=109796
[iommuret] hit #1731: HalpIommuInitSystem returned EAX=0x00000000 (success/other) rsp=0xFFFFF8032A275438 exitCount=109797
[iommuret] hit #1732: HalpIommuInitSystem returned EAX=0x00000000 (success/other) rsp=0xFFFFF8032A275438 exitCount=109798
[iommuret] hit #1733: HalpIommuInitSystem returned EAX=0x00000000 (success/other) rsp=0xFFFFF8032A275438 exitCount=109799
[iommuret] hit #1734: HalpIommuInitSystem returned EAX=0x00000000 (success/other) rsp=0xFFFFF8032A275438 exitCount=109800
[iommuret] hit #1735: HalpIommuInitSystem returned EAX=0x00000000 (success/other) rsp=0xFFFFF8032A275438 exitCount=109801
[iommuret] hit #1736: HalpIommuInitSystem returned EAX=0x00000000 (success/other) rsp=0xFFFFF8032A275438 exitCount=109802
[iommuret] hit #1737: HalpIommuInitSystem returned EAX=0x00000000 (success/other) rsp=0xFFFFF8032A275438 exitCount=109803
[iommuret] hit #1738: HalpIommuInitSystem returned EAX=0x00000000 (success/other) rsp=0xFFFFF8032A275438 exitCount=109804
[iommuret] hit #1739: HalpIommuInitSystem returned EAX=0x00000000 (success/other) rsp=0xFFFFF8032A275438 exitCount=109805
[iommuret] hit #1740: HalpIommuInitSystem returned EAX=0x00000000 (success/other) rsp=0xFFFFF8032A275438 exitCount=109806
[iommuret] hit #1741: HalpIommuInitSystem returned EAX=0x00000000 (success/other) rsp=0xFFFFF8032A275438 exitCount=109807
[iommuret] hit #1742: HalpIommuInitSystem returned EAX=0x00000000 (success/other) rsp=0xFFFFF8032A275438 exitCount=109808
[iommuret] hit #1743: HalpIommuInitSystem returned EAX=0x00000000 (success/other) rsp=0xFFFFF8032A275438 exitCount=109809
[iommuret] hit #1744: HalpIommuInitSystem returned EAX=0x00000000 (success/other) rsp=0xFFFFF8032A275438 exitCount=109810
[iommuret] hit #1745: HalpIommuInitSystem returned EAX=0x00000000 (success/other) rsp=0xFFFFF8032A275438 exitCount=109811
[iommuret] hit #1746: HalpIommuInitSystem returned EAX=0x00000000 (success/other) rsp=0xFFFFF8032A275438 exitCount=109812
[iommuret] hit #1747: HalpIommuInitSystem returned EAX=0x00000000 (success/other) rsp=0xFFFFF8032A275438 exitCount=109813
[iommuret] hit #1748: HalpIommuInitSystem returned EAX=0x00000000 (success/other) rsp=0xFFFFF8032A275438 exitCount=109814
[iommuret] hit #1749: HalpIommuInitSystem returned EAX=0x00000000 (success/other) rsp=0xFFFFF8032A275438 exitCount=109815
[iommuret] hit #1750: HalpIommuInitSystem returned EAX=0x00000000 (success/other) rsp=0xFFFFF8032A275438 exitCount=109816
[iommuret] hit #1751: HalpIommuInitSystem returned EAX=0x00000000 (success/other) rsp=0xFFFFF8032A275438 exitCount=109817
[iommuret] hit #1752: HalpIommuInitSystem returned EAX=0x00000000 (success/other) rsp=0xFFFFF8032A275438 exitCount=109818
[iommuret] hit #1753: HalpIommuInitSystem returned EAX=0x00000000 (success/other) rsp=0xFFFFF8032A275438 exitCount=109819
[iommuret] hit #1754: HalpIommuInitSystem returned EAX=0x00000000 (success/other) rsp=0xFFFFF8032A275438 exitCount=109820
[iommuret] hit #1755: HalpIommuInitSystem returned EAX=0x00000000 (success/other) rsp=0xFFFFF8032A275438 exitCount=109821
[iommuret] hit #1756: HalpIommuInitSystem returned EAX=0x00000000 (success/other) rsp=0xFFFFF8032A275438 exitCount=109822
[iommuret] hit #1757: HalpIommuInitSystem returned EAX=0x00000000 (success/other) rsp=0xFFFFF8032A275438 exitCount=109823
[iommuret] hit #1758: HalpIommuInitSystem returned EAX=0x00000000 (success/other) rsp=0xFFFFF8032A275438 exitCount=109824
[iommuret] hit #1759: HalpIommuInitSystem returned EAX=0x00000000 (success/other) rsp=0xFFFFF8032A275438 exitCount=109825
[iommuret] hit #1760: HalpIommuInitSystem returned EAX=0x00000000 (success/other) rsp=0xFFFFF8032A275438 exitCount=109826
[iommuret] hit #1761: HalpIommuInitSystem returned EAX=0x00000000 (success/other) rsp=0xFFFFF8032A275438 exitCount=109827
[iommuret] hit #1762: HalpIommuInitSystem returned EAX=0x00000000 (success/other) rsp=0xFFFFF8032A275438 exitCount=109828
[iommuret] hit #1763: HalpIommuInitSystem returned EAX=0x00000000 (success/other) rsp=0xFFFFF8032A275438 exitCount=109829
[iommuret] hit #1764: HalpIommuInitSystem returned EAX=0x00000000 (success/other) rsp=0xFFFFF8032A275438 exitCount=109830
[iommuret] hit #1765: HalpIommuInitSystem returned EAX=0x00000000 (success/other) rsp=0xFFFFF8032A275438 exitCount=109831
[iommuret] hit #1766: HalpIommuInitSystem returned EAX=0x00000000 (success/other) rsp=0xFFFFF8032A275438 exitCount=109832
[iommuret] hit #1767: HalpIommuInitSystem returned EAX=0x00000000 (success/other) rsp=0xFFFFF8032A275438 exitCount=109833
[iommuret] hit #1768: HalpIommuInitSystem returned EAX=0x00000000 (success/other) rsp=0xFFFFF8032A275438 exitCount=109834
[iommuret] hit #1769: HalpIommuInitSystem returned EAX=0x00000000 (success/other) rsp=0xFFFFF8032A275438 exitCount=109835
[iommuret] hit #1770: HalpIommuInitSystem returned EAX=0x00000000 (success/other) rsp=0xFFFFF8032A275438 exitCount=109836
[iommuret] hit #1771: HalpIommuInitSystem returned EAX=0x00000000 (success/other) rsp=0xFFFFF8032A275438 exitCount=109837
[iommuret] hit #1772: HalpIommuInitSystem returned EAX=0x00000000 (success/other) rsp=0xFFFFF8032A275438 exitCount=109838
[iommuret] hit #1773: HalpIommuInitSystem returned EAX=0x00000000 (success/other) rsp=0xFFFFF8032A275438 exitCount=109839
[iommuret] hit #1774: HalpIommuInitSystem returned EAX=0x00000000 (success/other) rsp=0xFFFFF8032A275438 exitCount=109840
[iommuret] hit #1775: HalpIommuInitSystem returned EAX=0x00000000 (success/other) rsp=0xFFFFF8032A275438 exitCount=109841
[iommuret] hit #1776: HalpIommuInitSystem returned EAX=0x00000000 (success/other) rsp=0xFFFFF8032A275438 exitCount=109842
[iommuret] hit #1777: HalpIommuInitSystem returned EAX=0x00000000 (success/other) rsp=0xFFFFF8032A275438 exitCount=109843
[iommuret] hit #1778: HalpIommuInitSystem returned EAX=0x00000000 (success/other) rsp=0xFFFFF8032A275438 exitCount=109844
[iommuret] hit #1779: HalpIommuInitSystem returned EAX=0x00000000 (success/other) rsp=0xFFFFF8032A275438 exitCount=109845
[iommuret] hit #1780: HalpIommuInitSystem returned EAX=0x00000000 (success/other) rsp=0xFFFFF8032A275438 exitCount=109846
[iommuret] hit #1781: HalpIommuInitSystem returned EAX=0x00000000 (success/other) rsp=0xFFFFF8032A275438 exitCount=109847
[iommuret] hit #1782: HalpIommuInitSystem returned EAX=0x00000000 (success/other) rsp=0xFFFFF8032A275438 exitCount=109848
[iommuret] hit #1783: HalpIommuInitSystem returned EAX=0x00000000 (success/other) rsp=0xFFFFF8032A275438 exitCount=109849
[iommuret] hit #1784: HalpIommuInitSystem returned EAX=0x00000000 (success/other) rsp=0xFFFFF8032A275438 exitCount=109850
[iommuret] hit #1785: HalpIommuInitSystem returned EAX=0x00000000 (success/other) rsp=0xFFFFF8032A275438 exitCount=109851
[iommuret] hit #1786: HalpIommuInitSystem returned EAX=0x00000000 (success/other) rsp=0xFFFFF8032A275438 exitCount=109852
[iommuret] hit #1787: HalpIommuInitSystem returned EAX=0x00000000 (success/other) rsp=0xFFFFF8032A275438 exitCount=109853
[iommuret] hit #1788: HalpIommuInitSystem returned EAX=0x00000000 (success/other) rsp=0xFFFFF8032A275438 exitCount=109854
[iommuret] hit #1789: HalpIommuInitSystem returned EAX=0x00000000 (success/other) rsp=0xFFFFF8032A275438 exitCount=109855
[iommuret] hit #1790: HalpIommuInitSystem returned EAX=0x00000000 (success/other) rsp=0xFFFFF8032A275438 exitCount=109856
[iommuret] hit #1791: HalpIommuInitSystem returned EAX=0x00000000 (success/other) rsp=0xFFFFF8032A275438 exitCount=109857
[iommuret] hit #1792: HalpIommuInitSystem returned EAX=0x00000000 (success/other) rsp=0xFFFFF8032A275438 exitCount=109858
[iommuret] hit #1793: HalpIommuInitSystem returned EAX=0x00000000 (success/other) rsp=0xFFFFF8032A275438 exitCount=109859
[iommuret] hit #1794: HalpIommuInitSystem returned EAX=0x00000000 (success/other) rsp=0xFFFFF8032A275438 exitCount=109860
[iommuret] hit #1795: HalpIommuInitSystem returned EAX=0x00000000 (success/other) rsp=0xFFFFF8032A275438 exitCount=109861
[iommuret] hit #1796: HalpIommuInitSystem returned EAX=0x00000000 (success/other) rsp=0xFFFFF8032A275438 exitCount=109862
[iommuret] hit #1797: HalpIommuInitSystem returned EAX=0x00000000 (success/other) rsp=0xFFFFF8032A275438 exitCount=109863
[iommuret] hit #1798: HalpIommuInitSystem returned EAX=0x00000000 (success/other) rsp=0xFFFFF8032A275438 exitCount=109864
[iommuret] hit #1799: HalpIommuInitSystem returned EAX=0x00000000 (success/other) rsp=0xFFFFF8032A275438 exitCount=109865
[iommuret] hit #1800: HalpIommuInitSystem returned EAX=0x00000000 (success/other) rsp=0xFFFFF8032A275438 exitCount=109866
[iommuret] hit #1801: HalpIommuInitSystem returned EAX=0x00000000 (success/other) rsp=0xFFFFF8032A275438 exitCount=109867
[iommuret] hit #1802: HalpIommuInitSystem returned EAX=0x00000000 (success/other) rsp=0xFFFFF8032A275438 exitCount=109868
[iommuret] hit #1803: HalpIommuInitSystem returned EAX=0x00000000 (success/other) rsp=0xFFFFF8032A275438 exitCount=109869
[iommuret] hit #1804: HalpIommuInitSystem returned EAX=0x00000000 (success/other) rsp=0xFFFFF8032A275438 exitCount=109870
[iommuret] hit #1805: HalpIommuInitSystem returned EAX=0x00000000 (success/other) rsp=0xFFFFF8032A275438 exitCount=109871
[iommuret] hit #1806: HalpIommuInitSystem returned EAX=0x00000000 (success/other) rsp=0xFFFFF8032A275438 exitCount=109872
[iommuret] hit #1807: HalpIommuInitSystem returned EAX=0x00000000 (success/other) rsp=0xFFFFF8032A275438 exitCount=109873
[iommuret] hit #1808: HalpIommuInitSystem returned EAX=0x00000000 (success/other) rsp=0xFFFFF8032A275438 exitCount=109874
[iommuret] hit #1809: HalpIommuInitSystem returned EAX=0x00000000 (success/other) rsp=0xFFFFF8032A275438 exitCount=109875
[iommuret] hit #1810: HalpIommuInitSystem returned EAX=0x00000000 (success/other) rsp=0xFFFFF8032A275438 exitCount=109876
[iommuret] hit #1811: HalpIommuInitSystem returned EAX=0x00000000 (success/other) rsp=0xFFFFF8032A275438 exitCount=109877
[iommuret] hit #1812: HalpIommuInitSystem returned EAX=0x00000000 (success/other) rsp=0xFFFFF8032A275438 exitCount=109878
[iommuret] hit #1813: HalpIommuInitSystem returned EAX=0x00000000 (success/other) rsp=0xFFFFF8032A275438 exitCount=109879
[iommuret] hit #1814: HalpIommuInitSystem returned EAX=0x00000000 (success/other) rsp=0xFFFFF8032A275438 exitCount=109880
[iommuret] hit #1815: HalpIommuInitSystem returned EAX=0x00000000 (success/other) rsp=0xFFFFF8032A275438 exitCount=109881
[iommuret] hit #1816: HalpIommuInitSystem returned EAX=0x00000000 (success/other) rsp=0xFFFFF8032A275438 exitCount=109882
[iommuret] hit #1817: HalpIommuInitSystem returned EAX=0x00000000 (success/other) rsp=0xFFFFF8032A275438 exitCount=109883
[iommuret] hit #1818: HalpIommuInitSystem returned EAX=0x00000000 (success/other) rsp=0xFFFFF8032A275438 exitCount=109884
[iommuret] hit #1819: HalpIommuInitSystem returned EAX=0x00000000 (success/other) rsp=0xFFFFF8032A275438 exitCount=109885
[iommuret] hit #1820: HalpIommuInitSystem returned EAX=0x00000000 (success/other) rsp=0xFFFFF8032A275438 exitCount=109886
[iommuret] hit #1821: HalpIommuInitSystem returned EAX=0x00000000 (success/other) rsp=0xFFFFF8032A275438 exitCount=109887
[iommuret] hit #1822: HalpIommuInitSystem returned EAX=0x00000000 (success/other) rsp=0xFFFFF8032A275438 exitCount=109888
[iommuret] hit #1823: HalpIommuInitSystem returned EAX=0x00000000 (success/other) rsp=0xFFFFF8032A275438 exitCount=109889
[iommuret] hit #1824: HalpIommuInitSystem returned EAX=0x00000000 (success/other) rsp=0xFFFFF8032A275438 exitCount=109890
[iommuret] hit #1825: HalpIommuInitSystem returned EAX=0x00000000 (success/other) rsp=0xFFFFF8032A275438 exitCount=109891
[iommuret] hit #1826: HalpIommuInitSystem returned EAX=0x00000000 (success/other) rsp=0xFFFFF8032A275438 exitCount=109892
[iommuret] hit #1827: HalpIommuInitSystem returned EAX=0x00000000 (success/other) rsp=0xFFFFF8032A275438 exitCount=109893
[iommuret] hit #1828: HalpIommuInitSystem returned EAX=0x00000000 (success/other) rsp=0xFFFFF8032A275438 exitCount=109894
[iommuret] hit #1829: HalpIommuInitSystem returned EAX=0x00000000 (success/other) rsp=0xFFFFF8032A275438 exitCount=109895
[iommuret] hit #1830: HalpIommuInitSystem returned EAX=0x00000000 (success/other) rsp=0xFFFFF8032A275438 exitCount=109896
[iommuret] hit #1831: HalpIommuInitSystem returned EAX=0x00000000 (success/other) rsp=0xFFFFF8032A275438 exitCount=109897
[iommuret] hit #1832: HalpIommuInitSystem returned EAX=0x00000000 (success/other) rsp=0xFFFFF8032A275438 exitCount=109898
[iommuret] hit #1833: HalpIommuInitSystem returned EAX=0x00000000 (success/other) rsp=0xFFFFF8032A275438 exitCount=109899
[iommuret] hit #1834: HalpIommuInitSystem returned EAX=0x00000000 (success/other) rsp=0xFFFFF8032A275438 exitCount=109900
[iommuret] hit #1835: HalpIommuInitSystem returned EAX=0x00000000 (success/other) rsp=0xFFFFF8032A275438 exitCount=109901
[iommuret] hit #1836: HalpIommuInitSystem returned EAX=0x00000000 (success/other) rsp=0xFFFFF8032A275438 exitCount=109902
[iommuret] hit #1837: HalpIommuInitSystem returned EAX=0x00000000 (success/other) rsp=0xFFFFF8032A275438 exitCount=109903
[iommuret] hit #1838: HalpIommuInitSystem returned EAX=0x00000000 (success/other) rsp=0xFFFFF8032A275438 exitCount=109904
[iommuret] hit #1839: HalpIommuInitSystem returned EAX=0x00000000 (success/other) rsp=0xFFFFF8032A275438 exitCount=109905
[iommuret] hit #1840: HalpIommuInitSystem returned EAX=0x00000000 (success/other) rsp=0xFFFFF8032A275438 exitCount=109906
[iommuret] hit #1841: HalpIommuInitSystem returned EAX=0x00000000 (success/other) rsp=0xFFFFF8032A275438 exitCount=109907
[iommuret] hit #1842: HalpIommuInitSystem returned EAX=0x00000000 (success/other) rsp=0xFFFFF8032A275438 exitCount=109908
[iommuret] hit #1843: HalpIommuInitSystem returned EAX=0x00000000 (success/other) rsp=0xFFFFF8032A275438 exitCount=109909
[iommuret] hit #1844: HalpIommuInitSystem returned EAX=0x00000000 (success/other) rsp=0xFFFFF8032A275438 exitCount=109910
[iommuret] hit #1845: HalpIommuInitSystem returned EAX=0x00000000 (success/other) rsp=0xFFFFF8032A275438 exitCount=109911
[iommuret] hit #1846: HalpIommuInitSystem returned EAX=0x00000000 (success/other) rsp=0xFFFFF8032A275438 exitCount=109912
[iommuret] hit #1847: HalpIommuInitSystem returned EAX=0x00000000 (success/other) rsp=0xFFFFF8032A275438 exitCount=109913
[iommuret] hit #1848: HalpIommuInitSystem returned EAX=0x00000000 (success/other) rsp=0xFFFFF8032A275438 exitCount=109914
[iommuret] hit #1849: HalpIommuInitSystem returned EAX=0x00000000 (success/other) rsp=0xFFFFF8032A275438 exitCount=109915
[iommuret] hit #1850: HalpIommuInitSystem returned EAX=0x00000000 (success/other) rsp=0xFFFFF8032A275438 exitCount=109916
[iommuret] hit #1851: HalpIommuInitSystem returned EAX=0x00000000 (success/other) rsp=0xFFFFF8032A275438 exitCount=109917
[iommuret] hit #1852: HalpIommuInitSystem returned EAX=0x00000000 (success/other) rsp=0xFFFFF8032A275438 exitCount=109918
[iommuret] hit #1853: HalpIommuInitSystem returned EAX=0x00000000 (success/other) rsp=0xFFFFF8032A275438 exitCount=109919
[iommuret] hit #1854: HalpIommuInitSystem returned EAX=0x00000000 (success/other) rsp=0xFFFFF8032A275438 exitCount=109920
[iommuret] hit #1855: HalpIommuInitSystem returned EAX=0x00000000 (success/other) rsp=0xFFFFF8032A275438 exitCount=109921
[iommuret] hit #1856: HalpIommuInitSystem returned EAX=0x00000000 (success/other) rsp=0xFFFFF8032A275438 exitCount=109922
[iommuret] hit #1857: HalpIommuInitSystem returned EAX=0x00000000 (success/other) rsp=0xFFFFF8032A275438 exitCount=109923
[iommuret] hit #1858: HalpIommuInitSystem returned EAX=0x00000000 (success/other) rsp=0xFFFFF8032A275438 exitCount=109924
[iommuret] hit #1859: HalpIommuInitSystem returned EAX=0x00000000 (success/other) rsp=0xFFFFF8032A275438 exitCount=109925
[iommuret] hit #1860: HalpIommuInitSystem returned EAX=0x00000000 (success/other) rsp=0xFFFFF8032A275438 exitCount=109926
[iommuret] hit #1861: HalpIommuInitSystem returned EAX=0x00000000 (success/other) rsp=0xFFFFF8032A275438 exitCount=109927
[iommuret] hit #1862: HalpIommuInitSystem returned EAX=0x00000000 (success/other) rsp=0xFFFFF8032A275438 exitCount=109928
[iommuret] hit #1863: HalpIommuInitSystem returned EAX=0x00000000 (success/other) rsp=0xFFFFF8032A275438 exitCount=109929
[iommuret] hit #1864: HalpIommuInitSystem returned EAX=0x00000000 (success/other) rsp=0xFFFFF8032A275438 exitCount=109930
[iommuret] hit #1865: HalpIommuInitSystem returned EAX=0x00000000 (success/other) rsp=0xFFFFF8032A275438 exitCount=109931
[iommuret] hit #1866: HalpIommuInitSystem returned EAX=0x00000000 (success/other) rsp=0xFFFFF8032A275438 exitCount=109932
[iommuret] hit #1867: HalpIommuInitSystem returned EAX=0x00000000 (success/other) rsp=0xFFFFF8032A275438 exitCount=109933
[iommuret] hit #1868: HalpIommuInitSystem returned EAX=0x00000000 (success/other) rsp=0xFFFFF8032A275438 exitCount=109934
[iommuret] hit #1869: HalpIommuInitSystem returned EAX=0x00000000 (success/other) rsp=0xFFFFF8032A275438 exitCount=109935
[iommuret] hit #1870: HalpIommuInitSystem returned EAX=0x00000000 (success/other) rsp=0xFFFFF8032A275438 exitCount=109936
[iommuret] hit #1871: HalpIommuInitSystem returned EAX=0x00000000 (success/other) rsp=0xFFFFF8032A275438 exitCount=109937
[iommuret] hit #1872: HalpIommuInitSystem returned EAX=0x00000000 (success/other) rsp=0xFFFFF8032A275438 exitCount=109938
[iommuret] hit #1873: HalpIommuInitSystem returned EAX=0x00000000 (success/other) rsp=0xFFFFF8032A275438 exitCount=109939
[iommuret] hit #1874: HalpIommuInitSystem returned EAX=0x00000000 (success/other) rsp=0xFFFFF8032A275438 exitCount=109940
[iommuret] hit #1875: HalpIommuInitSystem returned EAX=0x00000000 (success/other) rsp=0xFFFFF8032A275438 exitCount=109941
[iommuret] hit #1876: HalpIommuInitSystem returned EAX=0x00000000 (success/other) rsp=0xFFFFF8032A275438 exitCount=109942
[iommuret] hit #1877: HalpIommuInitSystem returned EAX=0x00000000 (success/other) rsp=0xFFFFF8032A275438 exitCount=109943
[iommuret] hit #1878: HalpIommuInitSystem returned EAX=0x00000000 (success/other) rsp=0xFFFFF8032A275438 exitCount=109944
[iommuret] hit #1879: HalpIommuInitSystem returned EAX=0x00000000 (success/other) rsp=0xFFFFF8032A275438 exitCount=109945
[iommuret] hit #1880: HalpIommuInitSystem returned EAX=0x00000000 (success/other) rsp=0xFFFFF8032A275438 exitCount=109946
[iommuret] hit #1881: HalpIommuInitSystem returned EAX=0x00000000 (success/other) rsp=0xFFFFF8032A275438 exitCount=109947
[iommuret] hit #1882: HalpIommuInitSystem returned EAX=0x00000000 (success/other) rsp=0xFFFFF8032A275438 exitCount=109948
[iommuret] hit #1883: HalpIommuInitSystem returned EAX=0x00000000 (success/other) rsp=0xFFFFF8032A275438 exitCount=109949
[iommuret] hit #1884: HalpIommuInitSystem returned EAX=0x00000000 (success/other) rsp=0xFFFFF8032A275438 exitCount=109950
[iommuret] hit #1885: HalpIommuInitSystem returned EAX=0x00000000 (success/other) rsp=0xFFFFF8032A275438 exitCount=109951
[iommuret] hit #1886: HalpIommuInitSystem returned EAX=0x00000000 (success/other) rsp=0xFFFFF8032A275438 exitCount=109952
[iommuret] hit #1887: HalpIommuInitSystem returned EAX=0x00000000 (success/other) rsp=0xFFFFF8032A275438 exitCount=109953
[iommuret] hit #1888: HalpIommuInitSystem returned EAX=0x00000000 (success/other) rsp=0xFFFFF8032A275438 exitCount=109954
[iommuret] hit #1889: HalpIommuInitSystem returned EAX=0x00000000 (success/other) rsp=0xFFFFF8032A275438 exitCount=109955
[iommuret] hit #1890: HalpIommuInitSystem returned EAX=0x00000000 (success/other) rsp=0xFFFFF8032A275438 exitCount=109956
[iommuret] hit #1891: HalpIommuInitSystem returned EAX=0x00000000 (success/other) rsp=0xFFFFF8032A275438 exitCount=109957
[iommuret] hit #1892: HalpIommuInitSystem returned EAX=0x00000000 (success/other) rsp=0xFFFFF8032A275438 exitCount=109958
[iommuret] hit #1893: HalpIommuInitSystem returned EAX=0x00000000 (success/other) rsp=0xFFFFF8032A275438 exitCount=109959
[iommuret] hit #1894: HalpIommuInitSystem returned EAX=0x00000000 (success/other) rsp=0xFFFFF8032A275438 exitCount=109960
[iommuret] hit #1895: HalpIommuInitSystem returned EAX=0x00000000 (success/other) rsp=0xFFFFF8032A275438 exitCount=109961
[iommuret] hit #1896: HalpIommuInitSystem returned EAX=0x00000000 (success/other) rsp=0xFFFFF8032A275438 exitCount=109962
[iommuret] hit #1897: HalpIommuInitSystem returned EAX=0x00000000 (success/other) rsp=0xFFFFF8032A275438 exitCount=109963
[iommuret] hit #1898: HalpIommuInitSystem returned EAX=0x00000000 (success/other) rsp=0xFFFFF8032A275438 exitCount=109964
[iommuret] hit #1899: HalpIommuInitSystem returned EAX=0x00000000 (success/other) rsp=0xFFFFF8032A275438 exitCount=109965
[iommuret] hit #1900: HalpIommuInitSystem returned EAX=0x00000000 (success/other) rsp=0xFFFFF8032A275438 exitCount=109966
[iommuret] hit #1901: HalpIommuInitSystem returned EAX=0x00000000 (success/other) rsp=0xFFFFF8032A275438 exitCount=109967
[iommuret] hit #1902: HalpIommuInitSystem returned EAX=0x00000000 (success/other) rsp=0xFFFFF8032A275438 exitCount=109968
[iommuret] hit #1903: HalpIommuInitSystem returned EAX=0x00000000 (success/other) rsp=0xFFFFF8032A275438 exitCount=109969
[iommuret] hit #1904: HalpIommuInitSystem returned EAX=0x00000000 (success/other) rsp=0xFFFFF8032A275438 exitCount=109970
[iommuret] hit #1905: HalpIommuInitSystem returned EAX=0x00000000 (success/other) rsp=0xFFFFF8032A275438 exitCount=109971
[iommuret] hit #1906: HalpIommuInitSystem returned EAX=0x00000000 (success/other) rsp=0xFFFFF8032A275438 exitCount=109972
[iommuret] hit #1907: HalpIommuInitSystem returned EAX=0x00000000 (success/other) rsp=0xFFFFF8032A275438 exitCount=109973
[iommuret] hit #1908: HalpIommuInitSystem returned EAX=0x00000000 (success/other) rsp=0xFFFFF8032A275438 exitCount=109974
[iommuret] hit #1909: HalpIommuInitSystem returned EAX=0x00000000 (success/other) rsp=0xFFFFF8032A275438 exitCount=109975
[iommuret] hit #1910: HalpIommuInitSystem returned EAX=0x00000000 (success/other) rsp=0xFFFFF8032A275438 exitCount=109976
[iommuret] hit #1911: HalpIommuInitSystem returned EAX=0x00000000 (success/other) rsp=0xFFFFF8032A275438 exitCount=109977
[iommuret] hit #1912: HalpIommuInitSystem returned EAX=0x00000000 (success/other) rsp=0xFFFFF8032A275438 exitCount=109978
[iommuret] hit #1913: HalpIommuInitSystem returned EAX=0x00000000 (success/other) rsp=0xFFFFF8032A275438 exitCount=109979
[iommuret] hit #1914: HalpIommuInitSystem returned EAX=0x00000000 (success/other) rsp=0xFFFFF8032A275438 exitCount=109980
[iommuret] hit #1915: HalpIommuInitSystem returned EAX=0x00000000 (success/other) rsp=0xFFFFF8032A275438 exitCount=109981
[iommuret] hit #1916: HalpIommuInitSystem returned EAX=0x00000000 (success/other) rsp=0xFFFFF8032A275438 exitCount=109982
[iommuret] hit #1917: HalpIommuInitSystem returned EAX=0x00000000 (success/other) rsp=0xFFFFF8032A275438 exitCount=109983
[iommuret] hit #1918: HalpIommuInitSystem returned EAX=0x00000000 (success/other) rsp=0xFFFFF8032A275438 exitCount=109984
[iommuret] hit #1919: HalpIommuInitSystem returned EAX=0x00000000 (success/other) rsp=0xFFFFF8032A275438 exitCount=109985
[iommuret] hit #1920: HalpIommuInitSystem returned EAX=0x00000000 (success/other) rsp=0xFFFFF8032A275438 exitCount=109986
[iommuret] hit #1921: HalpIommuInitSystem returned EAX=0x00000000 (success/other) rsp=0xFFFFF8032A275438 exitCount=109987
[iommuret] hit #1922: HalpIommuInitSystem returned EAX=0x00000000 (success/other) rsp=0xFFFFF8032A275438 exitCount=109988
[iommuret] hit #1923: HalpIommuInitSystem returned EAX=0x00000000 (success/other) rsp=0xFFFFF8032A275438 exitCount=109989
[iommuret] hit #1924: HalpIommuInitSystem returned EAX=0x00000000 (success/other) rsp=0xFFFFF8032A275438 exitCount=109990
[iommuret] hit #1925: HalpIommuInitSystem returned EAX=0x00000000 (success/other) rsp=0xFFFFF8032A275438 exitCount=109991
[iommuret] hit #1926: HalpIommuInitSystem returned EAX=0x00000000 (success/other) rsp=0xFFFFF8032A275438 exitCount=109992
[iommuret] hit #1927: HalpIommuInitSystem returned EAX=0x00000000 (success/other) rsp=0xFFFFF8032A275438 exitCount=109993
[iommuret] hit #1928: HalpIommuInitSystem returned EAX=0x00000000 (success/other) rsp=0xFFFFF8032A275438 exitCount=109994
[iommuret] hit #1929: HalpIommuInitSystem returned EAX=0x00000000 (success/other) rsp=0xFFFFF8032A275438 exitCount=109995
[iommuret] hit #1930: HalpIommuInitSystem returned EAX=0x00000000 (success/other) rsp=0xFFFFF8032A275438 exitCount=109996
[iommuret] hit #1931: HalpIommuInitSystem returned EAX=0x00000000 (success/other) rsp=0xFFFFF8032A275438 exitCount=109997
[iommuret] hit #1932: HalpIommuInitSystem returned EAX=0x00000000 (success/other) rsp=0xFFFFF8032A275438 exitCount=109998
[iommuret] hit #1933: HalpIommuInitSystem returned EAX=0x00000000 (success/other) rsp=0xFFFFF8032A275438 exitCount=109999
[heartbeat: exitCount=110000 elapsedSec=10.9 lastPort=0xA1 write=1 val=0xFF]
[iommuret] hit #1934: HalpIommuInitSystem returned EAX=0x00000000 (success/other) rsp=0xFFFFF8032A275438 exitCount=110000
[iommuret] hit #1935: HalpIommuInitSystem returned EAX=0x00000000 (success/other) rsp=0xFFFFF8032A275438 exitCount=110001
[iommuret] hit #1936: HalpIommuInitSystem returned EAX=0x00000000 (success/other) rsp=0xFFFFF8032A275438 exitCount=110002
[iommuret] hit #1937: HalpIommuInitSystem returned EAX=0x00000000 (success/other) rsp=0xFFFFF8032A275438 exitCount=110003
[iommuret] hit #1938: HalpIommuInitSystem returned EAX=0x00000000 (success/other) rsp=0xFFFFF8032A275438 exitCount=110004
[iommuret] hit #1939: HalpIommuInitSystem returned EAX=0x00000000 (success/other) rsp=0xFFFFF8032A275438 exitCount=110005
[iommuret] hit #1940: HalpIommuInitSystem returned EAX=0x00000000 (success/other) rsp=0xFFFFF8032A275438 exitCount=110006
[iommuret] hit #1941: HalpIommuInitSystem returned EAX=0x00000000 (success/other) rsp=0xFFFFF8032A275438 exitCount=110007
[iommuret] hit #1942: HalpIommuInitSystem returned EAX=0x00000000 (success/other) rsp=0xFFFFF8032A275438 exitCount=110008
[iommuret] hit #1943: HalpIommuInitSystem returned EAX=0x00000000 (success/other) rsp=0xFFFFF8032A275438 exitCount=110009
[iommuret] hit #1944: HalpIommuInitSystem returned EAX=0x00000000 (success/other) rsp=0xFFFFF8032A275438 exitCount=110010
[iommuret] hit #1945: HalpIommuInitSystem returned EAX=0x00000000 (success/other) rsp=0xFFFFF8032A275438 exitCount=110011
[iommuret] hit #1946: HalpIommuInitSystem returned EAX=0x00000000 (success/other) rsp=0xFFFFF8032A275438 exitCount=110012
[iommuret] hit #1947: HalpIommuInitSystem returned EAX=0x00000000 (success/other) rsp=0xFFFFF8032A275438 exitCount=110013
[iommuret] hit #1948: HalpIommuInitSystem returned EAX=0x00000000 (success/other) rsp=0xFFFFF8032A275438 exitCount=110014
[iommuret] hit #1949: HalpIommuInitSystem returned EAX=0x00000000 (success/other) rsp=0xFFFFF8032A275438 exitCount=110015
[iommuret] hit #1950: HalpIommuInitSystem returned EAX=0x00000000 (success/other) rsp=0xFFFFF8032A275438 exitCount=110016
[iommuret] hit #1951: HalpIommuInitSystem returned EAX=0x00000000 (success/other) rsp=0xFFFFF8032A275438 exitCount=110017
[iommuret] hit #1952: HalpIommuInitSystem returned EAX=0x00000000 (success/other) rsp=0xFFFFF8032A275438 exitCount=110018
[iommuret] hit #1953: HalpIommuInitSystem returned EAX=0x00000000 (success/other) rsp=0xFFFFF8032A275438 exitCount=110019
[iommuret] hit #1954: HalpIommuInitSystem returned EAX=0x00000000 (success/other) rsp=0xFFFFF8032A275438 exitCount=110020
[iommuret] hit #1955: HalpIommuInitSystem returned EAX=0x00000000 (success/other) rsp=0xFFFFF8032A275438 exitCount=110021
[iommuret] hit #1956: HalpIommuInitSystem returned EAX=0x00000000 (success/other) rsp=0xFFFFF8032A275438 exitCount=110022
[iommuret] hit #1957: HalpIommuInitSystem returned EAX=0x00000000 (success/other) rsp=0xFFFFF8032A275438 exitCount=110023
[iommuret] hit #1958: HalpIommuInitSystem returned EAX=0x00000000 (success/other) rsp=0xFFFFF8032A275438 exitCount=110024
[iommuret] hit #1959: HalpIommuInitSystem returned EAX=0x00000000 (success/other) rsp=0xFFFFF8032A275438 exitCount=110025
[iommuret] hit #1960: HalpIommuInitSystem returned EAX=0x00000000 (success/other) rsp=0xFFFFF8032A275438 exitCount=110026
[iommuret] hit #1961: HalpIommuInitSystem returned EAX=0x00000000 (success/other) rsp=0xFFFFF8032A275438 exitCount=110027
[iommuret] hit #1962: HalpIommuInitSystem returned EAX=0x00000000 (success/other) rsp=0xFFFFF8032A275438 exitCount=110028
[iommuret] hit #1963: HalpIommuInitSystem returned EAX=0x00000000 (success/other) rsp=0xFFFFF8032A275438 exitCount=110029
[iommuret] hit #1964: HalpIommuInitSystem returned EAX=0x00000000 (success/other) rsp=0xFFFFF8032A275438 exitCount=110030
[iommuret] hit #1965: HalpIommuInitSystem returned EAX=0x00000000 (success/other) rsp=0xFFFFF8032A275438 exitCount=110031
[iommuret] hit #1966: HalpIommuInitSystem returned EAX=0x00000000 (success/other) rsp=0xFFFFF8032A275438 exitCount=110032
[iommuret] hit #1967: HalpIommuInitSystem returned EAX=0x00000000 (success/other) rsp=0xFFFFF8032A275438 exitCount=110033
[iommuret] hit #1968: HalpIommuInitSystem returned EAX=0x00000000 (success/other) rsp=0xFFFFF8032A275438 exitCount=110034
[iommuret] hit #1969: HalpIommuInitSystem returned EAX=0x00000000 (success/other) rsp=0xFFFFF8032A275438 exitCount=110035
[iommuret] hit #1970: HalpIommuInitSystem returned EAX=0x00000000 (success/other) rsp=0xFFFFF8032A275438 exitCount=110036
[iommuret] hit #1971: HalpIommuInitSystem returned EAX=0x00000000 (success/other) rsp=0xFFFFF8032A275438 exitCount=110037
[iommuret] hit #1972: HalpIommuInitSystem returned EAX=0x00000000 (success/other) rsp=0xFFFFF8032A275438 exitCount=110038
[iommuret] hit #1973: HalpIommuInitSystem returned EAX=0x00000000 (success/other) rsp=0xFFFFF8032A275438 exitCount=110039
[iommuret] hit #1974: HalpIommuInitSystem returned EAX=0x00000000 (success/other) rsp=0xFFFFF8032A275438 exitCount=110040
[iommuret] hit #1975: HalpIommuInitSystem returned EAX=0x00000000 (success/other) rsp=0xFFFFF8032A275438 exitCount=110041
[iommuret] hit #1976: HalpIommuInitSystem returned EAX=0x00000000 (success/other) rsp=0xFFFFF8032A275438 exitCount=110042
[iommuret] hit #1977: HalpIommuInitSystem returned EAX=0x00000000 (success/other) rsp=0xFFFFF8032A275438 exitCount=110043
[iommuret] hit #1978: HalpIommuInitSystem returned EAX=0x00000000 (success/other) rsp=0xFFFFF8032A275438 exitCount=110044
[iommuret] hit #1979: HalpIommuInitSystem returned EAX=0x00000000 (success/other) rsp=0xFFFFF8032A275438 exitCount=110045
[iommuret] hit #1980: HalpIommuInitSystem returned EAX=0x00000000 (success/other) rsp=0xFFFFF8032A275438 exitCount=110046
[iommuret] hit #1981: HalpIommuInitSystem returned EAX=0x00000000 (success/other) rsp=0xFFFFF8032A275438 exitCount=110047
[iommuret] hit #1982: HalpIommuInitSystem returned EAX=0x00000000 (success/other) rsp=0xFFFFF8032A275438 exitCount=110048
[iommuret] hit #1983: HalpIommuInitSystem returned EAX=0x00000000 (success/other) rsp=0xFFFFF8032A275438 exitCount=110049
[iommuret] hit #1984: HalpIommuInitSystem returned EAX=0x00000000 (success/other) rsp=0xFFFFF8032A275438 exitCount=110050
[iommuret] hit #1985: HalpIommuInitSystem returned EAX=0x00000000 (success/other) rsp=0xFFFFF8032A275438 exitCount=110051
[iommuret] hit #1986: HalpIommuInitSystem returned EAX=0x00000000 (success/other) rsp=0xFFFFF8032A275438 exitCount=110052
[iommuret] hit #1987: HalpIommuInitSystem returned EAX=0x00000000 (success/other) rsp=0xFFFFF8032A275438 exitCount=110053
[iommuret] hit #1988: HalpIommuInitSystem returned EAX=0x00000000 (success/other) rsp=0xFFFFF8032A275438 exitCount=110054
[iommuret] hit #1989: HalpIommuInitSystem returned EAX=0x00000000 (success/other) rsp=0xFFFFF8032A275438 exitCount=110055
[iommuret] hit #1990: HalpIommuInitSystem returned EAX=0x00000000 (success/other) rsp=0xFFFFF8032A275438 exitCount=110056
[iommuret] hit #1991: HalpIommuInitSystem returned EAX=0x00000000 (success/other) rsp=0xFFFFF8032A275438 exitCount=110057
[iommuret] hit #1992: HalpIommuInitSystem returned EAX=0x00000000 (success/other) rsp=0xFFFFF8032A275438 exitCount=110058
[iommuret] hit #1993: HalpIommuInitSystem returned EAX=0x00000000 (success/other) rsp=0xFFFFF8032A275438 exitCount=110059
[iommuret] hit #1994: HalpIommuInitSystem returned EAX=0x00000000 (success/other) rsp=0xFFFFF8032A275438 exitCount=110060
[iommuret] hit #1995: HalpIommuInitSystem returned EAX=0x00000000 (success/other) rsp=0xFFFFF8032A275438 exitCount=110061
[iommuret] hit #1996: HalpIommuInitSystem returned EAX=0x00000000 (success/other) rsp=0xFFFFF8032A275438 exitCount=110062
[iommuret] hit #1997: HalpIommuInitSystem returned EAX=0x00000000 (success/other) rsp=0xFFFFF8032A275438 exitCount=110063
[iommuret] hit #1998: HalpIommuInitSystem returned EAX=0x00000000 (success/other) rsp=0xFFFFF8032A275438 exitCount=110064
[iommuret] hit #1999: HalpIommuInitSystem returned EAX=0x00000000 (success/other) rsp=0xFFFFF8032A275438 exitCount=110065
[iommuret] hit #2000: HalpIommuInitSystem returned EAX=0x00000000 (success/other) rsp=0xFFFFF8032A275438 exitCount=110066
[iommuret] hit #2001: HalpIommuInitSystem returned EAX=0x00000000 (success/other) rsp=0xFFFFF8032A275438 exitCount=110067
[iommuret] hit #2002: HalpIommuInitSystem returned EAX=0x00000000 (success/other) rsp=0xFFFFF8032A275438 exitCount=110068
[iommuret] hit #2003: HalpIommuInitSystem returned EAX=0x00000000 (success/other) rsp=0xFFFFF8032A275438 exitCount=110069
[iommuret] hit #2004: HalpIommuInitSystem returned EAX=0x00000000 (success/other) rsp=0xFFFFF8032A275438 exitCount=110070
[iommuret] hit #2005: HalpIommuInitSystem returned EAX=0x00000000 (success/other) rsp=0xFFFFF8032A275438 exitCount=110071
[iommuret] hit #2006: HalpIommuInitSystem returned EAX=0x00000000 (success/other) rsp=0xFFFFF8032A275438 exitCount=110072
[iommuret] hit #2007: HalpIommuInitSystem returned EAX=0x00000000 (success/other) rsp=0xFFFFF8032A275438 exitCount=110073
[iommuret] hit #2008: HalpIommuInitSystem returned EAX=0x00000000 (success/other) rsp=0xFFFFF8032A275438 exitCount=110074
[iommuret] hit #2009: HalpIommuInitSystem returned EAX=0x00000000 (success/other) rsp=0xFFFFF8032A275438 exitCount=110075
[iommuret] hit #2010: HalpIommuInitSystem returned EAX=0x00000000 (success/other) rsp=0xFFFFF8032A275438 exitCount=110076
[iommuret] hit #2011: HalpIommuInitSystem returned EAX=0x00000000 (success/other) rsp=0xFFFFF8032A275438 exitCount=110077
[iommuret] hit #2012: HalpIommuInitSystem returned EAX=0x00000000 (success/other) rsp=0xFFFFF8032A275438 exitCount=110078
[iommuret] hit #2013: HalpIommuInitSystem returned EAX=0x00000000 (success/other) rsp=0xFFFFF8032A275438 exitCount=110079
[iommuret] hit #2014: HalpIommuInitSystem returned EAX=0x00000000 (success/other) rsp=0xFFFFF8032A275438 exitCount=110080
[iommuret] hit #2015: HalpIommuInitSystem returned EAX=0x00000000 (success/other) rsp=0xFFFFF8032A275438 exitCount=110081
[iommuret] hit #2016: HalpIommuInitSystem returned EAX=0x00000000 (success/other) rsp=0xFFFFF8032A275438 exitCount=110082
[iommuret] hit #2017: HalpIommuInitSystem returned EAX=0x00000000 (success/other) rsp=0xFFFFF8032A275438 exitCount=110083
[iommuret] hit #2018: HalpIommuInitSystem returned EAX=0x00000000 (success/other) rsp=0xFFFFF8032A275438 exitCount=110084
[iommuret] hit #2019: HalpIommuInitSystem returned EAX=0x00000000 (success/other) rsp=0xFFFFF8032A275438 exitCount=110085
[iommuret] hit #2020: HalpIommuInitSystem returned EAX=0x00000000 (success/other) rsp=0xFFFFF8032A275438 exitCount=110086
[iommuret] hit #2021: HalpIommuInitSystem returned EAX=0x00000000 (success/other) rsp=0xFFFFF8032A275438 exitCount=110087
[iommuret] hit #2022: HalpIommuInitSystem returned EAX=0x00000000 (success/other) rsp=0xFFFFF8032A275438 exitCount=110088
[iommuret] hit #2023: HalpIommuInitSystem returned EAX=0x00000000 (success/other) rsp=0xFFFFF8032A275438 exitCount=110089
[iommuret] hit #2024: HalpIommuInitSystem returned EAX=0x00000000 (success/other) rsp=0xFFFFF8032A275438 exitCount=110090
[iommuret] hit #2025: HalpIommuInitSystem returned EAX=0x00000000 (success/other) rsp=0xFFFFF8032A275438 exitCount=110091
[iommuret] hit #2026: HalpIommuInitSystem returned EAX=0x00000000 (success/other) rsp=0xFFFFF8032A275438 exitCount=110092
[iommuret] hit #2027: HalpIommuInitSystem returned EAX=0x00000000 (success/other) rsp=0xFFFFF8032A275438 exitCount=110093
[iommuret] hit #2028: HalpIommuInitSystem returned EAX=0x00000000 (success/other) rsp=0xFFFFF8032A275438 exitCount=110094
[iommuret] hit #2029: HalpIommuInitSystem returned EAX=0x00000000 (success/other) rsp=0xFFFFF8032A275438 exitCount=110095
[iommuret] hit #2030: HalpIommuInitSystem returned EAX=0x00000000 (success/other) rsp=0xFFFFF8032A275438 exitCount=110096
[iommuret] hit #2031: HalpIommuInitSystem returned EAX=0x00000000 (success/other) rsp=0xFFFFF8032A275438 exitCount=110097
[iommuret] hit #2032: HalpIommuInitSystem returned EAX=0x00000000 (success/other) rsp=0xFFFFF8032A275438 exitCount=110098
[iommuret] hit #2033: HalpIommuInitSystem returned EAX=0x00000000 (success/other) rsp=0xFFFFF8032A275438 exitCount=110099
[iommuret] hit #2034: HalpIommuInitSystem returned EAX=0x00000000 (success/other) rsp=0xFFFFF8032A275438 exitCount=110100
[iommuret] hit #2035: HalpIommuInitSystem returned EAX=0x00000000 (success/other) rsp=0xFFFFF8032A275438 exitCount=110101
[iommuret] hit #2036: HalpIommuInitSystem returned EAX=0x00000000 (success/other) rsp=0xFFFFF8032A275438 exitCount=110102
[iommuret] hit #2037: HalpIommuInitSystem returned EAX=0x00000000 (success/other) rsp=0xFFFFF8032A275438 exitCount=110103
[iommuret] hit #2038: HalpIommuInitSystem returned EAX=0x00000000 (success/other) rsp=0xFFFFF8032A275438 exitCount=110104
[iommuret] hit #2039: HalpIommuInitSystem returned EAX=0x00000000 (success/other) rsp=0xFFFFF8032A275438 exitCount=110105
[iommuret] hit #2040: HalpIommuInitSystem returned EAX=0x00000000 (success/other) rsp=0xFFFFF8032A275438 exitCount=110106
[iommuret] hit #2041: HalpIommuInitSystem returned EAX=0x00000000 (success/other) rsp=0xFFFFF8032A275438 exitCount=110107
[iommuret] hit #2042: HalpIommuInitSystem returned EAX=0x00000000 (success/other) rsp=0xFFFFF8032A275438 exitCount=110108
[iommuret] hit #2043: HalpIommuInitSystem returned EAX=0x00000000 (success/other) rsp=0xFFFFF8032A275438 exitCount=110109
[iommuret] hit #2044: HalpIommuInitSystem returned EAX=0x00000000 (success/other) rsp=0xFFFFF8032A275438 exitCount=110110
[iommuret] hit #2045: HalpIommuInitSystem returned EAX=0x00000000 (success/other) rsp=0xFFFFF8032A275438 exitCount=110111
[iommuret] hit #2046: HalpIommuInitSystem returned EAX=0x00000000 (success/other) rsp=0xFFFFF8032A275438 exitCount=110112
[iommuret] hit #2047: HalpIommuInitSystem returned EAX=0x00000000 (success/other) rsp=0xFFFFF8032A275438 exitCount=110113
[iommuret] hit #2048: HalpIommuInitSystem returned EAX=0x00000000 (success/other) rsp=0xFFFFF8032A275438 exitCount=110114
[iommuret] hit #2049: HalpIommuInitSystem returned EAX=0x00000000 (success/other) rsp=0xFFFFF8032A275438 exitCount=110115
[iommuret] hit #2050: HalpIommuInitSystem returned EAX=0x00000000 (success/other) rsp=0xFFFFF8032A275438 exitCount=110116
[iommuret] hit #2051: HalpIommuInitSystem returned EAX=0x00000000 (success/other) rsp=0xFFFFF8032A275438 exitCount=110117
[iommuret] hit #2052: HalpIommuInitSystem returned EAX=0x00000000 (success/other) rsp=0xFFFFF8032A275438 exitCount=110118
[iommuret] hit #2053: HalpIommuInitSystem returned EAX=0x00000000 (success/other) rsp=0xFFFFF8032A275438 exitCount=110119
[iommuret] hit #2054: HalpIommuInitSystem returned EAX=0x00000000 (success/other) rsp=0xFFFFF8032A275438 exitCount=110120
[iommuret] hit #2055: HalpIommuInitSystem returned EAX=0x00000000 (success/other) rsp=0xFFFFF8032A275438 exitCount=110121
[iommuret] hit #2056: HalpIommuInitSystem returned EAX=0x00000000 (success/other) rsp=0xFFFFF8032A275438 exitCount=110122
[iommuret] hit #2057: HalpIommuInitSystem returned EAX=0x00000000 (success/other) rsp=0xFFFFF8032A275438 exitCount=110123
[iommuret] hit #2058: HalpIommuInitSystem returned EAX=0x00000000 (success/other) rsp=0xFFFFF8032A275438 exitCount=110124
[iommuret] hit #2059: HalpIommuInitSystem returned EAX=0x00000000 (success/other) rsp=0xFFFFF8032A275438 exitCount=110125
[iommuret] hit #2060: HalpIommuInitSystem returned EAX=0x00000000 (success/other) rsp=0xFFFFF8032A275438 exitCount=110126
[iommuret] hit #2061: HalpIommuInitSystem returned EAX=0x00000000 (success/other) rsp=0xFFFFF8032A275438 exitCount=110127
[iommuret] hit #2062: HalpIommuInitSystem returned EAX=0x00000000 (success/other) rsp=0xFFFFF8032A275438 exitCount=110128
[iommuret] hit #2063: HalpIommuInitSystem returned EAX=0x00000000 (success/other) rsp=0xFFFFF8032A275438 exitCount=110129
[iommuret] hit #2064: HalpIommuInitSystem returned EAX=0x00000000 (success/other) rsp=0xFFFFF8032A275438 exitCount=110130
[iommuret] hit #2065: HalpIommuInitSystem returned EAX=0x00000000 (success/other) rsp=0xFFFFF8032A275438 exitCount=110131
[iommuret] hit #2066: HalpIommuInitSystem returned EAX=0x00000000 (success/other) rsp=0xFFFFF8032A275438 exitCount=110132
[iommuret] hit #2067: HalpIommuInitSystem returned EAX=0x00000000 (success/other) rsp=0xFFFFF8032A275438 exitCount=110133
[iommuret] hit #2068: HalpIommuInitSystem returned EAX=0x00000000 (success/other) rsp=0xFFFFF8032A275438 exitCount=110134
[iommuret] hit #2069: HalpIommuInitSystem returned EAX=0x00000000 (success/other) rsp=0xFFFFF8032A275438 exitCount=110135
[iommuret] hit #2070: HalpIommuInitSystem returned EAX=0x00000000 (success/other) rsp=0xFFFFF8032A275438 exitCount=110136
[iommuret] hit #2071: HalpIommuInitSystem returned EAX=0x00000000 (success/other) rsp=0xFFFFF8032A275438 exitCount=110137
[iommuret] hit #2072: HalpIommuInitSystem returned EAX=0x00000000 (success/other) rsp=0xFFFFF8032A275438 exitCount=110138
[iommuret] hit #2073: HalpIommuInitSystem returned EAX=0x00000000 (success/other) rsp=0xFFFFF8032A275438 exitCount=110139
[iommuret] hit #2074: HalpIommuInitSystem returned EAX=0x00000000 (success/other) rsp=0xFFFFF8032A275438 exitCount=110140
[iommuret] hit #2075: HalpIommuInitSystem returned EAX=0x00000000 (success/other) rsp=0xFFFFF8032A275438 exitCount=110141
[iommuret] hit #2076: HalpIommuInitSystem returned EAX=0x00000000 (success/other) rsp=0xFFFFF8032A275438 exitCount=110142
[iommuret] hit #2077: HalpIommuInitSystem returned EAX=0x00000000 (success/other) rsp=0xFFFFF8032A275438 exitCount=110143
[iommuret] hit #2078: HalpIommuInitSystem returned EAX=0x00000000 (success/other) rsp=0xFFFFF8032A275438 exitCount=110144
[iommuret] hit #2079: HalpIommuInitSystem returned EAX=0x00000000 (success/other) rsp=0xFFFFF8032A275438 exitCount=110145
[iommuret] hit #2080: HalpIommuInitSystem returned EAX=0x00000000 (success/other) rsp=0xFFFFF8032A275438 exitCount=110146
[iommuret] hit #2081: HalpIommuInitSystem returned EAX=0x00000000 (success/other) rsp=0xFFFFF8032A275438 exitCount=110147
[iommuret] hit #2082: HalpIommuInitSystem returned EAX=0x00000000 (success/other) rsp=0xFFFFF8032A275438 exitCount=110148
[iommuret] hit #2083: HalpIommuInitSystem returned EAX=0x00000000 (success/other) rsp=0xFFFFF8032A275438 exitCount=110149
[iommuret] hit #2084: HalpIommuInitSystem returned EAX=0x00000000 (success/other) rsp=0xFFFFF8032A275438 exitCount=110150
[iommuret] hit #2085: HalpIommuInitSystem returned EAX=0x00000000 (success/other) rsp=0xFFFFF8032A275438 exitCount=110151
[iommuret] hit #2086: HalpIommuInitSystem returned EAX=0x00000000 (success/other) rsp=0xFFFFF8032A275438 exitCount=110152
[iommuret] hit #2087: HalpIommuInitSystem returned EAX=0x00000000 (success/other) rsp=0xFFFFF8032A275438 exitCount=110153
[iommuret] hit #2088: HalpIommuInitSystem returned EAX=0x00000000 (success/other) rsp=0xFFFFF8032A275438 exitCount=110154
[iommuret] hit #2089: HalpIommuInitSystem returned EAX=0x00000000 (success/other) rsp=0xFFFFF8032A275438 exitCount=110155
[iommuret] hit #2090: HalpIommuInitSystem returned EAX=0x00000000 (success/other) rsp=0xFFFFF8032A275438 exitCount=110156
[iommuret] hit #2091: HalpIommuInitSystem returned EAX=0x00000000 (success/other) rsp=0xFFFFF8032A275438 exitCount=110157
[iommuret] hit #2092: HalpIommuInitSystem returned EAX=0x00000000 (success/other) rsp=0xFFFFF8032A275438 exitCount=110158
[iommuret] hit #2093: HalpIommuInitSystem returned EAX=0x00000000 (success/other) rsp=0xFFFFF8032A275438 exitCount=110159
[iommuret] hit #2094: HalpIommuInitSystem returned EAX=0x00000000 (success/other) rsp=0xFFFFF8032A275438 exitCount=110160
[iommuret] hit #2095: HalpIommuInitSystem returned EAX=0x00000000 (success/other) rsp=0xFFFFF8032A275438 exitCount=110161
[iommuret] hit #2096: HalpIommuInitSystem returned EAX=0x00000000 (success/other) rsp=0xFFFFF8032A275438 exitCount=110162
[iommuret] hit #2097: HalpIommuInitSystem returned EAX=0x00000000 (success/other) rsp=0xFFFFF8032A275438 exitCount=110163
[iommuret] hit #2098: HalpIommuInitSystem returned EAX=0x00000000 (success/other) rsp=0xFFFFF8032A275438 exitCount=110164
[iommuret] hit #2099: HalpIommuInitSystem returned EAX=0x00000000 (success/other) rsp=0xFFFFF8032A275438 exitCount=110165
[iommuret] hit #2100: HalpIommuInitSystem returned EAX=0x00000000 (success/other) rsp=0xFFFFF8032A275438 exitCount=110166
[iommuret] hit #2101: HalpIommuInitSystem returned EAX=0x00000000 (success/other) rsp=0xFFFFF8032A275438 exitCount=110167
[iommuret] hit #2102: HalpIommuInitSystem returned EAX=0x00000000 (success/other) rsp=0xFFFFF8032A275438 exitCount=110168
[iommuret] hit #2103: HalpIommuInitSystem returned EAX=0x00000000 (success/other) rsp=0xFFFFF8032A275438 exitCount=110169
[iommuret] hit #2104: HalpIommuInitSystem returned EAX=0x00000000 (success/other) rsp=0xFFFFF8032A275438 exitCount=110170
[iommuret] hit #2105: HalpIommuInitSystem returned EAX=0x00000000 (success/other) rsp=0xFFFFF8032A275438 exitCount=110171
[iommuret] hit #2106: HalpIommuInitSystem returned EAX=0x00000000 (success/other) rsp=0xFFFFF8032A275438 exitCount=110172
[iommuret] hit #2107: HalpIommuInitSystem returned EAX=0x00000000 (success/other) rsp=0xFFFFF8032A275438 exitCount=110173
[iommuret] hit #2108: HalpIommuInitSystem returned EAX=0x00000000 (success/other) rsp=0xFFFFF8032A275438 exitCount=110174
[iommuret] hit #2109: HalpIommuInitSystem returned EAX=0x00000000 (success/other) rsp=0xFFFFF8032A275438 exitCount=110175
[iommuret] hit #2110: HalpIommuInitSystem returned EAX=0x00000000 (success/other) rsp=0xFFFFF8032A275438 exitCount=110176
[iommuret] hit #2111: HalpIommuInitSystem returned EAX=0x00000000 (success/other) rsp=0xFFFFF8032A275438 exitCount=110177
[iommuret] hit #2112: HalpIommuInitSystem returned EAX=0x00000000 (success/other) rsp=0xFFFFF8032A275438 exitCount=110178
[iommuret] hit #2113: HalpIommuInitSystem returned EAX=0x00000000 (success/other) rsp=0xFFFFF8032A275438 exitCount=110179
[iommuret] hit #2114: HalpIommuInitSystem returned EAX=0x00000000 (success/other) rsp=0xFFFFF8032A275438 exitCount=110180
[iommuret] hit #2115: HalpIommuInitSystem returned EAX=0x00000000 (success/other) rsp=0xFFFFF8032A275438 exitCount=110181
[iommuret] hit #2116: HalpIommuInitSystem returned EAX=0x00000000 (success/other) rsp=0xFFFFF8032A275438 exitCount=110182
[iommuret] hit #2117: HalpIommuInitSystem returned EAX=0x00000000 (success/other) rsp=0xFFFFF8032A275438 exitCount=110183
[iommuret] hit #2118: HalpIommuInitSystem returned EAX=0x00000000 (success/other) rsp=0xFFFFF8032A275438 exitCount=110184
[iommuret] hit #2119: HalpIommuInitSystem returned EAX=0x00000000 (success/other) rsp=0xFFFFF8032A275438 exitCount=110185
[iommuret] hit #2120: HalpIommuInitSystem returned EAX=0x00000000 (success/other) rsp=0xFFFFF8032A275438 exitCount=110186
[iommuret] hit #2121: HalpIommuInitSystem returned EAX=0x00000000 (success/other) rsp=0xFFFFF8032A275438 exitCount=110187
[iommuret] hit #2122: HalpIommuInitSystem returned EAX=0x00000000 (success/other) rsp=0xFFFFF8032A275438 exitCount=110188
[iommuret] hit #2123: HalpIommuInitSystem returned EAX=0x00000000 (success/other) rsp=0xFFFFF8032A275438 exitCount=110189
[iommuret] hit #2124: HalpIommuInitSystem returned EAX=0x00000000 (success/other) rsp=0xFFFFF8032A275438 exitCount=110190
[iommuret] hit #2125: HalpIommuInitSystem returned EAX=0x00000000 (success/other) rsp=0xFFFFF8032A275438 exitCount=110191
[iommuret] hit #2126: HalpIommuInitSystem returned EAX=0x00000000 (success/other) rsp=0xFFFFF8032A275438 exitCount=110192
[iommuret] hit #2127: HalpIommuInitSystem returned EAX=0x00000000 (success/other) rsp=0xFFFFF8032A275438 exitCount=110193
[iommuret] hit #2128: HalpIommuInitSystem returned EAX=0x00000000 (success/other) rsp=0xFFFFF8032A275438 exitCount=110194
[iommuret] hit #2129: HalpIommuInitSystem returned EAX=0x00000000 (success/other) rsp=0xFFFFF8032A275438 exitCount=110195
[iommuret] hit #2130: HalpIommuInitSystem returned EAX=0x00000000 (success/other) rsp=0xFFFFF8032A275438 exitCount=110196
[iommuret] hit #2131: HalpIommuInitSystem returned EAX=0x00000000 (success/other) rsp=0xFFFFF8032A275438 exitCount=110197
[iommuret] hit #2132: HalpIommuInitSystem returned EAX=0x00000000 (success/other) rsp=0xFFFFF8032A275438 exitCount=110198
[iommuret] hit #2133: HalpIommuInitSystem returned EAX=0x00000000 (success/other) rsp=0xFFFFF8032A275438 exitCount=110199
[iommuret] hit #2134: HalpIommuInitSystem returned EAX=0x00000000 (success/other) rsp=0xFFFFF8032A275438 exitCount=110200
[iommuret] hit #2135: HalpIommuInitSystem returned EAX=0x00000000 (success/other) rsp=0xFFFFF8032A275438 exitCount=110201
[iommuret] hit #2136: HalpIommuInitSystem returned EAX=0x00000000 (success/other) rsp=0xFFFFF8032A275438 exitCount=110202
[iommuret] hit #2137: HalpIommuInitSystem returned EAX=0x00000000 (success/other) rsp=0xFFFFF8032A275438 exitCount=110203
[iommuret] hit #2138: HalpIommuInitSystem returned EAX=0x00000000 (success/other) rsp=0xFFFFF8032A275438 exitCount=110204
[iommuret] hit #2139: HalpIommuInitSystem returned EAX=0x00000000 (success/other) rsp=0xFFFFF8032A275438 exitCount=110205
[iommuret] hit #2140: HalpIommuInitSystem returned EAX=0x00000000 (success/other) rsp=0xFFFFF8032A275438 exitCount=110206
[iommuret] hit #2141: HalpIommuInitSystem returned EAX=0x00000000 (success/other) rsp=0xFFFFF8032A275438 exitCount=110207
[iommuret] hit #2142: HalpIommuInitSystem returned EAX=0x00000000 (success/other) rsp=0xFFFFF8032A275438 exitCount=110208
[iommuret] hit #2143: HalpIommuInitSystem returned EAX=0x00000000 (success/other) rsp=0xFFFFF8032A275438 exitCount=110209
[iommuret] hit #2144: HalpIommuInitSystem returned EAX=0x00000000 (success/other) rsp=0xFFFFF8032A275438 exitCount=110210
[iommuret] hit #2145: HalpIommuInitSystem returned EAX=0x00000000 (success/other) rsp=0xFFFFF8032A275438 exitCount=110211
[iommuret] hit #2146: HalpIommuInitSystem returned EAX=0x00000000 (success/other) rsp=0xFFFFF8032A275438 exitCount=110212
[iommuret] hit #2147: HalpIommuInitSystem returned EAX=0x00000000 (success/other) rsp=0xFFFFF8032A275438 exitCount=110213
[iommuret] hit #2148: HalpIommuInitSystem returned EAX=0x00000000 (success/other) rsp=0xFFFFF8032A275438 exitCount=110214
[iommuret] hit #2149: HalpIommuInitSystem returned EAX=0x00000000 (success/other) rsp=0xFFFFF8032A275438 exitCount=110215
[iommuret] hit #2150: HalpIommuInitSystem returned EAX=0x00000000 (success/other) rsp=0xFFFFF8032A275438 exitCount=110216
[iommuret] hit #2151: HalpIommuInitSystem returned EAX=0x00000000 (success/other) rsp=0xFFFFF8032A275438 exitCount=110217
[iommuret] hit #2152: HalpIommuInitSystem returned EAX=0x00000000 (success/other) rsp=0xFFFFF8032A275438 exitCount=110218
[iommuret] hit #2153: HalpIommuInitSystem returned EAX=0x00000000 (success/other) rsp=0xFFFFF8032A275438 exitCount=110219
[iommuret] hit #2154: HalpIommuInitSystem returned EAX=0x00000000 (success/other) rsp=0xFFFFF8032A275438 exitCount=110220
[iommuret] hit #2155: HalpIommuInitSystem returned EAX=0x00000000 (success/other) rsp=0xFFFFF8032A275438 exitCount=110221
[iommuret] hit #2156: HalpIommuInitSystem returned EAX=0x00000000 (success/other) rsp=0xFFFFF8032A275438 exitCount=110222
[iommuret] hit #2157: HalpIommuInitSystem returned EAX=0x00000000 (success/other) rsp=0xFFFFF8032A275438 exitCount=110223
[iommuret] hit #2158: HalpIommuInitSystem returned EAX=0x00000000 (success/other) rsp=0xFFFFF8032A275438 exitCount=110224
[iommuret] hit #2159: HalpIommuInitSystem returned EAX=0x00000000 (success/other) rsp=0xFFFFF8032A275438 exitCount=110225
[iommuret] hit #2160: HalpIommuInitSystem returned EAX=0x00000000 (success/other) rsp=0xFFFFF8032A275438 exitCount=110226
[iommuret] hit #2161: HalpIommuInitSystem returned EAX=0x00000000 (success/other) rsp=0xFFFFF8032A275438 exitCount=110227
[iommuret] hit #2162: HalpIommuInitSystem returned EAX=0x00000000 (success/other) rsp=0xFFFFF8032A275438 exitCount=110228
[iommuret] hit #2163: HalpIommuInitSystem returned EAX=0x00000000 (success/other) rsp=0xFFFFF8032A275438 exitCount=110229
[iommuret] hit #2164: HalpIommuInitSystem returned EAX=0x00000000 (success/other) rsp=0xFFFFF8032A275438 exitCount=110230
[iommuret] hit #2165: HalpIommuInitSystem returned EAX=0x00000000 (success/other) rsp=0xFFFFF8032A275438 exitCount=110231
[iommuret] hit #2166: HalpIommuInitSystem returned EAX=0x00000000 (success/other) rsp=0xFFFFF8032A275438 exitCount=110232
[iommuret] hit #2167: HalpIommuInitSystem returned EAX=0x00000000 (success/other) rsp=0xFFFFF8032A275438 exitCount=110233
[iommuret] hit #2168: HalpIommuInitSystem returned EAX=0x00000000 (success/other) rsp=0xFFFFF8032A275438 exitCount=110234
[iommuret] hit #2169: HalpIommuInitSystem returned EAX=0x00000000 (success/other) rsp=0xFFFFF8032A275438 exitCount=110235
[iommuret] hit #2170: HalpIommuInitSystem returned EAX=0x00000000 (success/other) rsp=0xFFFFF8032A275438 exitCount=110236
[iommuret] hit #2171: HalpIommuInitSystem returned EAX=0x00000000 (success/other) rsp=0xFFFFF8032A275438 exitCount=110237
[iommuret] hit #2172: HalpIommuInitSystem returned EAX=0x00000000 (success/other) rsp=0xFFFFF8032A275438 exitCount=110238
[iommuret] hit #2173: HalpIommuInitSystem returned EAX=0x00000000 (success/other) rsp=0xFFFFF8032A275438 exitCount=110239
[iommuret] hit #2174: HalpIommuInitSystem returned EAX=0x00000000 (success/other) rsp=0xFFFFF8032A275438 exitCount=110240
[iommuret] hit #2175: HalpIommuInitSystem returned EAX=0x00000000 (success/other) rsp=0xFFFFF8032A275438 exitCount=110241
[iommuret] hit #2176: HalpIommuInitSystem returned EAX=0x00000000 (success/other) rsp=0xFFFFF8032A275438 exitCount=110242
[iommuret] hit #2177: HalpIommuInitSystem returned EAX=0x00000000 (success/other) rsp=0xFFFFF8032A275438 exitCount=110243
[iommuret] hit #2178: HalpIommuInitSystem returned EAX=0x00000000 (success/other) rsp=0xFFFFF8032A275438 exitCount=110244
[iommuret] hit #2179: HalpIommuInitSystem returned EAX=0x00000000 (success/other) rsp=0xFFFFF8032A275438 exitCount=110245
[iommuret] hit #2180: HalpIommuInitSystem returned EAX=0x00000000 (success/other) rsp=0xFFFFF8032A275438 exitCount=110246
[iommuret] hit #2181: HalpIommuInitSystem returned EAX=0x00000000 (success/other) rsp=0xFFFFF8032A275438 exitCount=110247
[iommuret] hit #2182: HalpIommuInitSystem returned EAX=0x00000000 (success/other) rsp=0xFFFFF8032A275438 exitCount=110248
[iommuret] hit #2183: HalpIommuInitSystem returned EAX=0x00000000 (success/other) rsp=0xFFFFF8032A275438 exitCount=110249
[iommuret] hit #2184: HalpIommuInitSystem returned EAX=0x00000000 (success/other) rsp=0xFFFFF8032A275438 exitCount=110250
[iommuret] hit #2185: HalpIommuInitSystem returned EAX=0x00000000 (success/other) rsp=0xFFFFF8032A275438 exitCount=110251
[iommuret] hit #2186: HalpIommuInitSystem returned EAX=0x00000000 (success/other) rsp=0xFFFFF8032A275438 exitCount=110252
[iommuret] hit #2187: HalpIommuInitSystem returned EAX=0x00000000 (success/other) rsp=0xFFFFF8032A275438 exitCount=110253
[iommuret] hit #2188: HalpIommuInitSystem returned EAX=0x00000000 (success/other) rsp=0xFFFFF8032A275438 exitCount=110254
[iommuret] hit #2189: HalpIommuInitSystem returned EAX=0x00000000 (success/other) rsp=0xFFFFF8032A275438 exitCount=110255
[iommuret] hit #2190: HalpIommuInitSystem returned EAX=0x00000000 (success/other) rsp=0xFFFFF8032A275438 exitCount=110256
[iommuret] hit #2191: HalpIommuInitSystem returned EAX=0x00000000 (success/other) rsp=0xFFFFF8032A275438 exitCount=110257
[iommuret] hit #2192: HalpIommuInitSystem returned EAX=0x00000000 (success/other) rsp=0xFFFFF8032A275438 exitCount=110258
[iommuret] hit #2193: HalpIommuInitSystem returned EAX=0x00000000 (success/other) rsp=0xFFFFF8032A275438 exitCount=110259
[iommuret] hit #2194: HalpIommuInitSystem returned EAX=0x00000000 (success/other) rsp=0xFFFFF8032A275438 exitCount=110260
[iommuret] hit #2195: HalpIommuInitSystem returned EAX=0x00000000 (success/other) rsp=0xFFFFF8032A275438 exitCount=110261
[iommuret] hit #2196: HalpIommuInitSystem returned EAX=0x00000000 (success/other) rsp=0xFFFFF8032A275438 exitCount=110262
[iommuret] hit #2197: HalpIommuInitSystem returned EAX=0x00000000 (success/other) rsp=0xFFFFF8032A275438 exitCount=110263
[iommuret] hit #2198: HalpIommuInitSystem returned EAX=0x00000000 (success/other) rsp=0xFFFFF8032A275438 exitCount=110264
[iommuret] hit #2199: HalpIommuInitSystem returned EAX=0x00000000 (success/other) rsp=0xFFFFF8032A275438 exitCount=110265
[iommuret] hit #2200: HalpIommuInitSystem returned EAX=0x00000000 (success/other) rsp=0xFFFFF8032A275438 exitCount=110266
[iommuret] hit #2201: HalpIommuInitSystem returned EAX=0x00000000 (success/other) rsp=0xFFFFF8032A275438 exitCount=110267
[iommuret] hit #2202: HalpIommuInitSystem returned EAX=0x00000000 (success/other) rsp=0xFFFFF8032A275438 exitCount=110268
[iommuret] hit #2203: HalpIommuInitSystem returned EAX=0x00000000 (success/other) rsp=0xFFFFF8032A275438 exitCount=110269
[iommuret] hit #2204: HalpIommuInitSystem returned EAX=0x00000000 (success/other) rsp=0xFFFFF8032A275438 exitCount=110270
[iommuret] hit #2205: HalpIommuInitSystem returned EAX=0x00000000 (success/other) rsp=0xFFFFF8032A275438 exitCount=110271
[iommuret] hit #2206: HalpIommuInitSystem returned EAX=0x00000000 (success/other) rsp=0xFFFFF8032A275438 exitCount=110272
[iommuret] hit #2207: HalpIommuInitSystem returned EAX=0x00000000 (success/other) rsp=0xFFFFF8032A275438 exitCount=110273
[iommuret] hit #2208: HalpIommuInitSystem returned EAX=0x00000000 (success/other) rsp=0xFFFFF8032A275438 exitCount=110274
[iommuret] hit #2209: HalpIommuInitSystem returned EAX=0x00000000 (success/other) rsp=0xFFFFF8032A275438 exitCount=110275
[iommuret] hit #2210: HalpIommuInitSystem returned EAX=0x00000000 (success/other) rsp=0xFFFFF8032A275438 exitCount=110276
[iommuret] hit #2211: HalpIommuInitSystem returned EAX=0x00000000 (success/other) rsp=0xFFFFF8032A275438 exitCount=110277
[iommuret] hit #2212: HalpIommuInitSystem returned EAX=0x00000000 (success/other) rsp=0xFFFFF8032A275438 exitCount=110278
[iommuret] hit #2213: HalpIommuInitSystem returned EAX=0x00000000 (success/other) rsp=0xFFFFF8032A275438 exitCount=110279
[iommuret] hit #2214: HalpIommuInitSystem returned EAX=0x00000000 (success/other) rsp=0xFFFFF8032A275438 exitCount=110280
[iommuret] hit #2215: HalpIommuInitSystem returned EAX=0x00000000 (success/other) rsp=0xFFFFF8032A275438 exitCount=110281
[iommuret] hit #2216: HalpIommuInitSystem returned EAX=0x00000000 (success/other) rsp=0xFFFFF8032A275438 exitCount=110282
[iommuret] hit #2217: HalpIommuInitSystem returned EAX=0x00000000 (success/other) rsp=0xFFFFF8032A275438 exitCount=110283
[iommuret] hit #2218: HalpIommuInitSystem returned EAX=0x00000000 (success/other) rsp=0xFFFFF8032A275438 exitCount=110284
[iommuret] hit #2219: HalpIommuInitSystem returned EAX=0x00000000 (success/other) rsp=0xFFFFF8032A275438 exitCount=110285
[iommuret] hit #2220: HalpIommuInitSystem returned EAX=0x00000000 (success/other) rsp=0xFFFFF8032A275438 exitCount=110286
[iommuret] hit #2221: HalpIommuInitSystem returned EAX=0x00000000 (success/other) rsp=0xFFFFF8032A275438 exitCount=110287
[iommuret] hit #2222: HalpIommuInitSystem returned EAX=0x00000000 (success/other) rsp=0xFFFFF8032A275438 exitCount=110288
[iommuret] hit #2223: HalpIommuInitSystem returned EAX=0x00000000 (success/other) rsp=0xFFFFF8032A275438 exitCount=110289
[iommuret] hit #2224: HalpIommuInitSystem returned EAX=0x00000000 (success/other) rsp=0xFFFFF8032A275438 exitCount=110290
[iommuret] hit #2225: HalpIommuInitSystem returned EAX=0x00000000 (success/other) rsp=0xFFFFF8032A275438 exitCount=110291
[iommuret] hit #2226: HalpIommuInitSystem returned EAX=0x00000000 (success/other) rsp=0xFFFFF8032A275438 exitCount=110292
[iommuret] hit #2227: HalpIommuInitSystem returned EAX=0x00000000 (success/other) rsp=0xFFFFF8032A275438 exitCount=110293
[iommuret] hit #2228: HalpIommuInitSystem returned EAX=0x00000000 (success/other) rsp=0xFFFFF8032A275438 exitCount=110294
[iommuret] hit #2229: HalpIommuInitSystem returned EAX=0x00000000 (success/other) rsp=0xFFFFF8032A275438 exitCount=110295
[iommuret] hit #2230: HalpIommuInitSystem returned EAX=0x00000000 (success/other) rsp=0xFFFFF8032A275438 exitCount=110296
[iommuret] hit #2231: HalpIommuInitSystem returned EAX=0x00000000 (success/other) rsp=0xFFFFF8032A275438 exitCount=110297
[iommuret] hit #2232: HalpIommuInitSystem returned EAX=0x00000000 (success/other) rsp=0xFFFFF8032A275438 exitCount=110298
[iommuret] hit #2233: HalpIommuInitSystem returned EAX=0x00000000 (success/other) rsp=0xFFFFF8032A275438 exitCount=110299
[iommuret] hit #2234: HalpIommuInitSystem returned EAX=0x00000000 (success/other) rsp=0xFFFFF8032A275438 exitCount=110300
[iommuret] hit #2235: HalpIommuInitSystem returned EAX=0x00000000 (success/other) rsp=0xFFFFF8032A275438 exitCount=110301
[iommuret] hit #2236: HalpIommuInitSystem returned EAX=0x00000000 (success/other) rsp=0xFFFFF8032A275438 exitCount=110302
[iommuret] hit #2237: HalpIommuInitSystem returned EAX=0x00000000 (success/other) rsp=0xFFFFF8032A275438 exitCount=110303
[iommuret] hit #2238: HalpIommuInitSystem returned EAX=0x00000000 (success/other) rsp=0xFFFFF8032A275438 exitCount=110304
[iommuret] hit #2239: HalpIommuInitSystem returned EAX=0x00000000 (success/other) rsp=0xFFFFF8032A275438 exitCount=110305
[iommuret] hit #2240: HalpIommuInitSystem returned EAX=0x00000000 (success/other) rsp=0xFFFFF8032A275438 exitCount=110306
[iommuret] hit #2241: HalpIommuInitSystem returned EAX=0x00000000 (success/other) rsp=0xFFFFF8032A275438 exitCount=110307
[iommuret] hit #2242: HalpIommuInitSystem returned EAX=0x00000000 (success/other) rsp=0xFFFFF8032A275438 exitCount=110308
[iommuret] hit #2243: HalpIommuInitSystem returned EAX=0x00000000 (success/other) rsp=0xFFFFF8032A275438 exitCount=110309
[iommuret] hit #2244: HalpIommuInitSystem returned EAX=0x00000000 (success/other) rsp=0xFFFFF8032A275438 exitCount=110310
[iommuret] hit #2245: HalpIommuInitSystem returned EAX=0x00000000 (success/other) rsp=0xFFFFF8032A275438 exitCount=110311
[iommuret] hit #2246: HalpIommuInitSystem returned EAX=0x00000000 (success/other) rsp=0xFFFFF8032A275438 exitCount=110312
[iommuret] hit #2247: HalpIommuInitSystem returned EAX=0x00000000 (success/other) rsp=0xFFFFF8032A275438 exitCount=110313
[iommuret] hit #2248: HalpIommuInitSystem returned EAX=0x00000000 (success/other) rsp=0xFFFFF8032A275438 exitCount=110314
[iommuret] hit #2249: HalpIommuInitSystem returned EAX=0x00000000 (success/other) rsp=0xFFFFF8032A275438 exitCount=110315
[iommuret] hit #2250: HalpIommuInitSystem returned EAX=0x00000000 (success/other) rsp=0xFFFFF8032A275438 exitCount=110316
[iommuret] hit #2251: HalpIommuInitSystem returned EAX=0x00000000 (success/other) rsp=0xFFFFF8032A275438 exitCount=110317
[iommuret] hit #2252: HalpIommuInitSystem returned EAX=0x00000000 (success/other) rsp=0xFFFFF8032A275438 exitCount=110318
[iommuret] hit #2253: HalpIommuInitSystem returned EAX=0x00000000 (success/other) rsp=0xFFFFF8032A275438 exitCount=110319
[iommuret] hit #2254: HalpIommuInitSystem returned EAX=0x00000000 (success/other) rsp=0xFFFFF8032A275438 exitCount=110320
[iommuret] hit #2255: HalpIommuInitSystem returned EAX=0x00000000 (success/other) rsp=0xFFFFF8032A275438 exitCount=110321
[iommuret] hit #2256: HalpIommuInitSystem returned EAX=0x00000000 (success/other) rsp=0xFFFFF8032A275438 exitCount=110322
[iommuret] hit #2257: HalpIommuInitSystem returned EAX=0x00000000 (success/other) rsp=0xFFFFF8032A275438 exitCount=110323
[iommuret] hit #2258: HalpIommuInitSystem returned EAX=0x00000000 (success/other) rsp=0xFFFFF8032A275438 exitCount=110324
[iommuret] hit #2259: HalpIommuInitSystem returned EAX=0x00000000 (success/other) rsp=0xFFFFF8032A275438 exitCount=110325
[iommuret] hit #2260: HalpIommuInitSystem returned EAX=0x00000000 (success/other) rsp=0xFFFFF8032A275438 exitCount=110326
[iommuret] hit #2261: HalpIommuInitSystem returned EAX=0x00000000 (success/other) rsp=0xFFFFF8032A275438 exitCount=110327
[iommuret] hit #2262: HalpIommuInitSystem returned EAX=0x00000000 (success/other) rsp=0xFFFFF8032A275438 exitCount=110328
[iommuret] hit #2263: HalpIommuInitSystem returned EAX=0x00000000 (success/other) rsp=0xFFFFF8032A275438 exitCount=110329
[iommuret] hit #2264: HalpIommuInitSystem returned EAX=0x00000000 (success/other) rsp=0xFFFFF8032A275438 exitCount=110330
[iommuret] hit #2265: HalpIommuInitSystem returned EAX=0x00000000 (success/other) rsp=0xFFFFF8032A275438 exitCount=110331
[iommuret] hit #2266: HalpIommuInitSystem returned EAX=0x00000000 (success/other) rsp=0xFFFFF8032A275438 exitCount=110332
[iommuret] hit #2267: HalpIommuInitSystem returned EAX=0x00000000 (success/other) rsp=0xFFFFF8032A275438 exitCount=110333
[iommuret] hit #2268: HalpIommuInitSystem returned EAX=0x00000000 (success/other) rsp=0xFFFFF8032A275438 exitCount=110334
[iommuret] hit #2269: HalpIommuInitSystem returned EAX=0x00000000 (success/other) rsp=0xFFFFF8032A275438 exitCount=110335
[iommuret] hit #2270: HalpIommuInitSystem returned EAX=0x00000000 (success/other) rsp=0xFFFFF8032A275438 exitCount=110336
[iommuret] hit #2271: HalpIommuInitSystem returned EAX=0x00000000 (success/other) rsp=0xFFFFF8032A275438 exitCount=110337
[iommuret] hit #2272: HalpIommuInitSystem returned EAX=0x00000000 (success/other) rsp=0xFFFFF8032A275438 exitCount=110338
[iommuret] hit #2273: HalpIommuInitSystem returned EAX=0x00000000 (success/other) rsp=0xFFFFF8032A275438 exitCount=110339
[iommuret] hit #2274: HalpIommuInitSystem returned EAX=0x00000000 (success/other) rsp=0xFFFFF8032A275438 exitCount=110340
[iommuret] hit #2275: HalpIommuInitSystem returned EAX=0x00000000 (success/other) rsp=0xFFFFF8032A275438 exitCount=110341
[iommuret] hit #2276: HalpIommuInitSystem returned EAX=0x00000000 (success/other) rsp=0xFFFFF8032A275438 exitCount=110342
[iommuret] hit #2277: HalpIommuInitSystem returned EAX=0x00000000 (success/other) rsp=0xFFFFF8032A275438 exitCount=110343
[iommuret] hit #2278: HalpIommuInitSystem returned EAX=0x00000000 (success/other) rsp=0xFFFFF8032A275438 exitCount=110344
[iommuret] hit #2279: HalpIommuInitSystem returned EAX=0x00000000 (success/other) rsp=0xFFFFF8032A275438 exitCount=110345
[iommuret] hit #2280: HalpIommuInitSystem returned EAX=0x00000000 (success/other) rsp=0xFFFFF8032A275438 exitCount=110346
[iommuret] hit #2281: HalpIommuInitSystem returned EAX=0x00000000 (success/other) rsp=0xFFFFF8032A275438 exitCount=110347
[iommuret] hit #2282: HalpIommuInitSystem returned EAX=0x00000000 (success/other) rsp=0xFFFFF8032A275438 exitCount=110348
[iommuret] hit #2283: HalpIommuInitSystem returned EAX=0x00000000 (success/other) rsp=0xFFFFF8032A275438 exitCount=110349
[iommuret] hit #2284: HalpIommuInitSystem returned EAX=0x00000000 (success/other) rsp=0xFFFFF8032A275438 exitCount=110350
[iommuret] hit #2285: HalpIommuInitSystem returned EAX=0x00000000 (success/other) rsp=0xFFFFF8032A275438 exitCount=110351
[iommuret] hit #2286: HalpIommuInitSystem returned EAX=0x00000000 (success/other) rsp=0xFFFFF8032A275438 exitCount=110352
[iommuret] hit #2287: HalpIommuInitSystem returned EAX=0x00000000 (success/other) rsp=0xFFFFF8032A275438 exitCount=110353
[iommuret] hit #2288: HalpIommuInitSystem returned EAX=0x00000000 (success/other) rsp=0xFFFFF8032A275438 exitCount=110354
[iommuret] hit #2289: HalpIommuInitSystem returned EAX=0x00000000 (success/other) rsp=0xFFFFF8032A275438 exitCount=110355
[iommuret] hit #2290: HalpIommuInitSystem returned EAX=0x00000000 (success/other) rsp=0xFFFFF8032A275438 exitCount=110356
[iommuret] hit #2291: HalpIommuInitSystem returned EAX=0x00000000 (success/other) rsp=0xFFFFF8032A275438 exitCount=110357
[iommuret] hit #2292: HalpIommuInitSystem returned EAX=0x00000000 (success/other) rsp=0xFFFFF8032A275438 exitCount=110358
[iommuret] hit #2293: HalpIommuInitSystem returned EAX=0x00000000 (success/other) rsp=0xFFFFF8032A275438 exitCount=110359
[iommuret] hit #2294: HalpIommuInitSystem returned EAX=0x00000000 (success/other) rsp=0xFFFFF8032A275438 exitCount=110360
[iommuret] hit #2295: HalpIommuInitSystem returned EAX=0x00000000 (success/other) rsp=0xFFFFF8032A275438 exitCount=110361
[iommuret] hit #2296: HalpIommuInitSystem returned EAX=0x00000000 (success/other) rsp=0xFFFFF8032A275438 exitCount=110362
[iommuret] hit #2297: HalpIommuInitSystem returned EAX=0x00000000 (success/other) rsp=0xFFFFF8032A275438 exitCount=110363
[iommuret] hit #2298: HalpIommuInitSystem returned EAX=0x00000000 (success/other) rsp=0xFFFFF8032A275438 exitCount=110364
[iommuret] hit #2299: HalpIommuInitSystem returned EAX=0x00000000 (success/other) rsp=0xFFFFF8032A275438 exitCount=110365
[iommuret] hit #2300: HalpIommuInitSystem returned EAX=0x00000000 (success/other) rsp=0xFFFFF8032A275438 exitCount=110366
[iommuret] hit #2301: HalpIommuInitSystem returned EAX=0x00000000 (success/other) rsp=0xFFFFF8032A275438 exitCount=110367
[iommuret] hit #2302: HalpIommuInitSystem returned EAX=0x00000000 (success/other) rsp=0xFFFFF8032A275438 exitCount=110368
[iommuret] hit #2303: HalpIommuInitSystem returned EAX=0x00000000 (success/other) rsp=0xFFFFF8032A275438 exitCount=110369
[iommuret] hit #2304: HalpIommuInitSystem returned EAX=0x00000000 (success/other) rsp=0xFFFFF8032A275438 exitCount=110370
[iommuret] hit #2305: HalpIommuInitSystem returned EAX=0x00000000 (success/other) rsp=0xFFFFF8032A275438 exitCount=110371
[iommuret] hit #2306: HalpIommuInitSystem returned EAX=0x00000000 (success/other) rsp=0xFFFFF8032A275438 exitCount=110372
[iommuret] hit #2307: HalpIommuInitSystem returned EAX=0x00000000 (success/other) rsp=0xFFFFF8032A275438 exitCount=110373
[iommuret] hit #2308: HalpIommuInitSystem returned EAX=0x00000000 (success/other) rsp=0xFFFFF8032A275438 exitCount=110374
[iommuret] hit #2309: HalpIommuInitSystem returned EAX=0x00000000 (success/other) rsp=0xFFFFF8032A275438 exitCount=110375
[iommuret] hit #2310: HalpIommuInitSystem returned EAX=0x00000000 (success/other) rsp=0xFFFFF8032A275438 exitCount=110376
[iommuret] hit #2311: HalpIommuInitSystem returned EAX=0x00000000 (success/other) rsp=0xFFFFF8032A275438 exitCount=110377
[iommuret] hit #2312: HalpIommuInitSystem returned EAX=0x00000000 (success/other) rsp=0xFFFFF8032A275438 exitCount=110378
[iommuret] hit #2313: HalpIommuInitSystem returned EAX=0x00000000 (success/other) rsp=0xFFFFF8032A275438 exitCount=110379
[iommuret] hit #2314: HalpIommuInitSystem returned EAX=0x00000000 (success/other) rsp=0xFFFFF8032A275438 exitCount=110380
[iommuret] hit #2315: HalpIommuInitSystem returned EAX=0x00000000 (success/other) rsp=0xFFFFF8032A275438 exitCount=110381
[iommuret] hit #2316: HalpIommuInitSystem returned EAX=0x00000000 (success/other) rsp=0xFFFFF8032A275438 exitCount=110382
[iommuret] hit #2317: HalpIommuInitSystem returned EAX=0x00000000 (success/other) rsp=0xFFFFF8032A275438 exitCount=110383
[iommuret] hit #2318: HalpIommuInitSystem returned EAX=0x00000000 (success/other) rsp=0xFFFFF8032A275438 exitCount=110384
[iommuret] hit #2319: HalpIommuInitSystem returned EAX=0x00000000 (success/other) rsp=0xFFFFF8032A275438 exitCount=110385
[iommuret] hit #2320: HalpIommuInitSystem returned EAX=0x00000000 (success/other) rsp=0xFFFFF8032A275438 exitCount=110386
[iommuret] hit #2321: HalpIommuInitSystem returned EAX=0x00000000 (success/other) rsp=0xFFFFF8032A275438 exitCount=110387
[iommuret] hit #2322: HalpIommuInitSystem returned EAX=0x00000000 (success/other) rsp=0xFFFFF8032A275438 exitCount=110388
[iommuret] hit #2323: HalpIommuInitSystem returned EAX=0x00000000 (success/other) rsp=0xFFFFF8032A275438 exitCount=110389
[iommuret] hit #2324: HalpIommuInitSystem returned EAX=0x00000000 (success/other) rsp=0xFFFFF8032A275438 exitCount=110390
[iommuret] hit #2325: HalpIommuInitSystem returned EAX=0x00000000 (success/other) rsp=0xFFFFF8032A275438 exitCount=110391
[iommuret] hit #2326: HalpIommuInitSystem returned EAX=0x00000000 (success/other) rsp=0xFFFFF8032A275438 exitCount=110392
[iommuret] hit #2327: HalpIommuInitSystem returned EAX=0x00000000 (success/other) rsp=0xFFFFF8032A275438 exitCount=110393
[iommuret] hit #2328: HalpIommuInitSystem returned EAX=0x00000000 (success/other) rsp=0xFFFFF8032A275438 exitCount=110394
[iommuret] hit #2329: HalpIommuInitSystem returned EAX=0x00000000 (success/other) rsp=0xFFFFF8032A275438 exitCount=110395
[iommuret] hit #2330: HalpIommuInitSystem returned EAX=0x00000000 (success/other) rsp=0xFFFFF8032A275438 exitCount=110396
[iommuret] hit #2331: HalpIommuInitSystem returned EAX=0x00000000 (success/other) rsp=0xFFFFF8032A275438 exitCount=110397
[iommuret] hit #2332: HalpIommuInitSystem returned EAX=0x00000000 (success/other) rsp=0xFFFFF8032A275438 exitCount=110398
[iommuret] hit #2333: HalpIommuInitSystem returned EAX=0x00000000 (success/other) rsp=0xFFFFF8032A275438 exitCount=110399
[iommuret] hit #2334: HalpIommuInitSystem returned EAX=0x00000000 (success/other) rsp=0xFFFFF8032A275438 exitCount=110400
[iommuret] hit #2335: HalpIommuInitSystem returned EAX=0x00000000 (success/other) rsp=0xFFFFF8032A275438 exitCount=110401
[iommuret] hit #2336: HalpIommuInitSystem returned EAX=0x00000000 (success/other) rsp=0xFFFFF8032A275438 exitCount=110402
[iommuret] hit #2337: HalpIommuInitSystem returned EAX=0x00000000 (success/other) rsp=0xFFFFF8032A275438 exitCount=110403
[iommuret] hit #2338: HalpIommuInitSystem returned EAX=0x00000000 (success/other) rsp=0xFFFFF8032A275438 exitCount=110404
[iommuret] hit #2339: HalpIommuInitSystem returned EAX=0x00000000 (success/other) rsp=0xFFFFF8032A275438 exitCount=110405
[iommuret] hit #2340: HalpIommuInitSystem returned EAX=0x00000000 (success/other) rsp=0xFFFFF8032A275438 exitCount=110406
[iommuret] hit #2341: HalpIommuInitSystem returned EAX=0x00000000 (success/other) rsp=0xFFFFF8032A275438 exitCount=110407
[iommuret] hit #2342: HalpIommuInitSystem returned EAX=0x00000000 (success/other) rsp=0xFFFFF8032A275438 exitCount=110408
[iommuret] hit #2343: HalpIommuInitSystem returned EAX=0x00000000 (success/other) rsp=0xFFFFF8032A275438 exitCount=110409
[iommuret] hit #2344: HalpIommuInitSystem returned EAX=0x00000000 (success/other) rsp=0xFFFFF8032A275438 exitCount=110410
[iommuret] hit #2345: HalpIommuInitSystem returned EAX=0x00000000 (success/other) rsp=0xFFFFF8032A275438 exitCount=110411
[iommuret] hit #2346: HalpIommuInitSystem returned EAX=0x00000000 (success/other) rsp=0xFFFFF8032A275438 exitCount=110412
[iommuret] hit #2347: HalpIommuInitSystem returned EAX=0x00000000 (success/other) rsp=0xFFFFF8032A275438 exitCount=110413
[iommuret] hit #2348: HalpIommuInitSystem returned EAX=0x00000000 (success/other) rsp=0xFFFFF8032A275438 exitCount=110414
[iommuret] hit #2349: HalpIommuInitSystem returned EAX=0x00000000 (success/other) rsp=0xFFFFF8032A275438 exitCount=110415
[iommuret] hit #2350: HalpIommuInitSystem returned EAX=0x00000000 (success/other) rsp=0xFFFFF8032A275438 exitCount=110416
[iommuret] hit #2351: HalpIommuInitSystem returned EAX=0x00000000 (success/other) rsp=0xFFFFF8032A275438 exitCount=110417
[iommuret] hit #2352: HalpIommuInitSystem returned EAX=0x00000000 (success/other) rsp=0xFFFFF8032A275438 exitCount=110418
[iommuret] hit #2353: HalpIommuInitSystem returned EAX=0x00000000 (success/other) rsp=0xFFFFF8032A275438 exitCount=110419
[iommuret] hit #2354: HalpIommuInitSystem returned EAX=0x00000000 (success/other) rsp=0xFFFFF8032A275438 exitCount=110420
[iommuret] hit #2355: HalpIommuInitSystem returned EAX=0x00000000 (success/other) rsp=0xFFFFF8032A275438 exitCount=110421
[iommuret] hit #2356: HalpIommuInitSystem returned EAX=0x00000000 (success/other) rsp=0xFFFFF8032A275438 exitCount=110422
[iommuret] hit #2357: HalpIommuInitSystem returned EAX=0x00000000 (success/other) rsp=0xFFFFF8032A275438 exitCount=110423
[iommuret] hit #2358: HalpIommuInitSystem returned EAX=0x00000000 (success/other) rsp=0xFFFFF8032A275438 exitCount=110424
[iommuret] hit #2359: HalpIommuInitSystem returned EAX=0x00000000 (success/other) rsp=0xFFFFF8032A275438 exitCount=110425
[iommuret] hit #2360: HalpIommuInitSystem returned EAX=0x00000000 (success/other) rsp=0xFFFFF8032A275438 exitCount=110426
[iommuret] hit #2361: HalpIommuInitSystem returned EAX=0x00000000 (success/other) rsp=0xFFFFF8032A275438 exitCount=110427
[iommuret] hit #2362: HalpIommuInitSystem returned EAX=0x00000000 (success/other) rsp=0xFFFFF8032A275438 exitCount=110428
[iommuret] hit #2363: HalpIommuInitSystem returned EAX=0x00000000 (success/other) rsp=0xFFFFF8032A275438 exitCount=110429
[iommuret] hit #2364: HalpIommuInitSystem returned EAX=0x00000000 (success/other) rsp=0xFFFFF8032A275438 exitCount=110430
[iommuret] hit #2365: HalpIommuInitSystem returned EAX=0x00000000 (success/other) rsp=0xFFFFF8032A275438 exitCount=110431
[iommuret] hit #2366: HalpIommuInitSystem returned EAX=0x00000000 (success/other) rsp=0xFFFFF8032A275438 exitCount=110432
[iommuret] hit #2367: HalpIommuInitSystem returned EAX=0x00000000 (success/other) rsp=0xFFFFF8032A275438 exitCount=110433
[iommuret] hit #2368: HalpIommuInitSystem returned EAX=0x00000000 (success/other) rsp=0xFFFFF8032A275438 exitCount=110434
[iommuret] hit #2369: HalpIommuInitSystem returned EAX=0x00000000 (success/other) rsp=0xFFFFF8032A275438 exitCount=110435
[iommuret] hit #2370: HalpIommuInitSystem returned EAX=0x00000000 (success/other) rsp=0xFFFFF8032A275438 exitCount=110436
[iommuret] hit #2371: HalpIommuInitSystem returned EAX=0x00000000 (success/other) rsp=0xFFFFF8032A275438 exitCount=110437
[iommuret] hit #2372: HalpIommuInitSystem returned EAX=0x00000000 (success/other) rsp=0xFFFFF8032A275438 exitCount=110438
[iommuret] hit #2373: HalpIommuInitSystem returned EAX=0x00000000 (success/other) rsp=0xFFFFF8032A275438 exitCount=110439
[iommuret] hit #2374: HalpIommuInitSystem returned EAX=0x00000000 (success/other) rsp=0xFFFFF8032A275438 exitCount=110440
[iommuret] hit #2375: HalpIommuInitSystem returned EAX=0x00000000 (success/other) rsp=0xFFFFF8032A275438 exitCount=110441
[iommuret] hit #2376: HalpIommuInitSystem returned EAX=0x00000000 (success/other) rsp=0xFFFFF8032A275438 exitCount=110442
[iommuret] hit #2377: HalpIommuInitSystem returned EAX=0x00000000 (success/other) rsp=0xFFFFF8032A275438 exitCount=110443
[iommuret] hit #2378: HalpIommuInitSystem returned EAX=0x00000000 (success/other) rsp=0xFFFFF8032A275438 exitCount=110444
[iommuret] hit #2379: HalpIommuInitSystem returned EAX=0x00000000 (success/other) rsp=0xFFFFF8032A275438 exitCount=110445
[iommuret] hit #2380: HalpIommuInitSystem returned EAX=0x00000000 (success/other) rsp=0xFFFFF8032A275438 exitCount=110446
[iommuret] hit #2381: HalpIommuInitSystem returned EAX=0x00000000 (success/other) rsp=0xFFFFF8032A275438 exitCount=110447
[iommuret] hit #2382: HalpIommuInitSystem returned EAX=0x00000000 (success/other) rsp=0xFFFFF8032A275438 exitCount=110448
[iommuret] hit #2383: HalpIommuInitSystem returned EAX=0x00000000 (success/other) rsp=0xFFFFF8032A275438 exitCount=110449
[iommuret] hit #2384: HalpIommuInitSystem returned EAX=0x00000000 (success/other) rsp=0xFFFFF8032A275438 exitCount=110450
[iommuret] hit #2385: HalpIommuInitSystem returned EAX=0x00000000 (success/other) rsp=0xFFFFF8032A275438 exitCount=110451
[iommuret] hit #2386: HalpIommuInitSystem returned EAX=0x00000000 (success/other) rsp=0xFFFFF8032A275438 exitCount=110452
[iommuret] hit #2387: HalpIommuInitSystem returned EAX=0x00000000 (success/other) rsp=0xFFFFF8032A275438 exitCount=110453
[iommuret] hit #2388: HalpIommuInitSystem returned EAX=0x00000000 (success/other) rsp=0xFFFFF8032A275438 exitCount=110454
[iommuret] hit #2389: HalpIommuInitSystem returned EAX=0x00000000 (success/other) rsp=0xFFFFF8032A275438 exitCount=110455
[iommuret] hit #2390: HalpIommuInitSystem returned EAX=0x00000000 (success/other) rsp=0xFFFFF8032A275438 exitCount=110456
[iommuret] hit #2391: HalpIommuInitSystem returned EAX=0x00000000 (success/other) rsp=0xFFFFF8032A275438 exitCount=110457
[iommuret] hit #2392: HalpIommuInitSystem returned EAX=0x00000000 (success/other) rsp=0xFFFFF8032A275438 exitCount=110458
[iommuret] hit #2393: HalpIommuInitSystem returned EAX=0x00000000 (success/other) rsp=0xFFFFF8032A275438 exitCount=110459
[iommuret] hit #2394: HalpIommuInitSystem returned EAX=0x00000000 (success/other) rsp=0xFFFFF8032A275438 exitCount=110460
[iommuret] hit #2395: HalpIommuInitSystem returned EAX=0x00000000 (success/other) rsp=0xFFFFF8032A275438 exitCount=110461
[iommuret] hit #2396: HalpIommuInitSystem returned EAX=0x00000000 (success/other) rsp=0xFFFFF8032A275438 exitCount=110462
[iommuret] hit #2397: HalpIommuInitSystem returned EAX=0x00000000 (success/other) rsp=0xFFFFF8032A275438 exitCount=110463
[iommuret] hit #2398: HalpIommuInitSystem returned EAX=0x00000000 (success/other) rsp=0xFFFFF8032A275438 exitCount=110464
[iommuret] hit #2399: HalpIommuInitSystem returned EAX=0x00000000 (success/other) rsp=0xFFFFF8032A275438 exitCount=110465
[iommuret] hit #2400: HalpIommuInitSystem returned EAX=0x00000000 (success/other) rsp=0xFFFFF8032A275438 exitCount=110466
[iommuret] hit #2401: HalpIommuInitSystem returned EAX=0x00000000 (success/other) rsp=0xFFFFF8032A275438 exitCount=110467
[iommuret] hit #2402: HalpIommuInitSystem returned EAX=0x00000000 (success/other) rsp=0xFFFFF8032A275438 exitCount=110468
[iommuret] hit #2403: HalpIommuInitSystem returned EAX=0x00000000 (success/other) rsp=0xFFFFF8032A275438 exitCount=110469
[iommuret] hit #2404: HalpIommuInitSystem returned EAX=0x00000000 (success/other) rsp=0xFFFFF8032A275438 exitCount=110470
[iommuret] hit #2405: HalpIommuInitSystem returned EAX=0x00000000 (success/other) rsp=0xFFFFF8032A275438 exitCount=110471
[iommuret] hit #2406: HalpIommuInitSystem returned EAX=0x00000000 (success/other) rsp=0xFFFFF8032A275438 exitCount=110472
[iommuret] hit #2407: HalpIommuInitSystem returned EAX=0x00000000 (success/other) rsp=0xFFFFF8032A275438 exitCount=110473
[iommuret] hit #2408: HalpIommuInitSystem returned EAX=0x00000000 (success/other) rsp=0xFFFFF8032A275438 exitCount=110474
[iommuret] hit #2409: HalpIommuInitSystem returned EAX=0x00000000 (success/other) rsp=0xFFFFF8032A275438 exitCount=110475
[iommuret] hit #2410: HalpIommuInitSystem returned EAX=0x00000000 (success/other) rsp=0xFFFFF8032A275438 exitCount=110476
[iommuret] hit #2411: HalpIommuInitSystem returned EAX=0x00000000 (success/other) rsp=0xFFFFF8032A275438 exitCount=110477
[iommuret] hit #2412: HalpIommuInitSystem returned EAX=0x00000000 (success/other) rsp=0xFFFFF8032A275438 exitCount=110478
[iommuret] hit #2413: HalpIommuInitSystem returned EAX=0x00000000 (success/other) rsp=0xFFFFF8032A275438 exitCount=110479
[iommuret] hit #2414: HalpIommuInitSystem returned EAX=0x00000000 (success/other) rsp=0xFFFFF8032A275438 exitCount=110480
[iommuret] hit #2415: HalpIommuInitSystem returned EAX=0x00000000 (success/other) rsp=0xFFFFF8032A275438 exitCount=110481
[iommuret] hit #2416: HalpIommuInitSystem returned EAX=0x00000000 (success/other) rsp=0xFFFFF8032A275438 exitCount=110482
[iommuret] hit #2417: HalpIommuInitSystem returned EAX=0x00000000 (success/other) rsp=0xFFFFF8032A275438 exitCount=110483
[iommuret] hit #2418: HalpIommuInitSystem returned EAX=0x00000000 (success/other) rsp=0xFFFFF8032A275438 exitCount=110484
[iommuret] hit #2419: HalpIommuInitSystem returned EAX=0x00000000 (success/other) rsp=0xFFFFF8032A275438 exitCount=110485
[iommuret] hit #2420: HalpIommuInitSystem returned EAX=0x00000000 (success/other) rsp=0xFFFFF8032A275438 exitCount=110486
[iommuret] hit #2421: HalpIommuInitSystem returned EAX=0x00000000 (success/other) rsp=0xFFFFF8032A275438 exitCount=110487
[iommuret] hit #2422: HalpIommuInitSystem returned EAX=0x00000000 (success/other) rsp=0xFFFFF8032A275438 exitCount=110488
[iommuret] hit #2423: HalpIommuInitSystem returned EAX=0x00000000 (success/other) rsp=0xFFFFF8032A275438 exitCount=110489
[iommuret] hit #2424: HalpIommuInitSystem returned EAX=0x00000000 (success/other) rsp=0xFFFFF8032A275438 exitCount=110490
[iommuret] hit #2425: HalpIommuInitSystem returned EAX=0x00000000 (success/other) rsp=0xFFFFF8032A275438 exitCount=110491
[iommuret] hit #2426: HalpIommuInitSystem returned EAX=0x00000000 (success/other) rsp=0xFFFFF8032A275438 exitCount=110492
[iommuret] hit #2427: HalpIommuInitSystem returned EAX=0x00000000 (success/other) rsp=0xFFFFF8032A275438 exitCount=110493
[iommuret] hit #2428: HalpIommuInitSystem returned EAX=0x00000000 (success/other) rsp=0xFFFFF8032A275438 exitCount=110494
[iommuret] hit #2429: HalpIommuInitSystem returned EAX=0x00000000 (success/other) rsp=0xFFFFF8032A275438 exitCount=110495
[iommuret] hit #2430: HalpIommuInitSystem returned EAX=0x00000000 (success/other) rsp=0xFFFFF8032A275438 exitCount=110496
[iommuret] hit #2431: HalpIommuInitSystem returned EAX=0x00000000 (success/other) rsp=0xFFFFF8032A275438 exitCount=110497
[iommuret] hit #2432: HalpIommuInitSystem returned EAX=0x00000000 (success/other) rsp=0xFFFFF8032A275438 exitCount=110498
[iommuret] hit #2433: HalpIommuInitSystem returned EAX=0x00000000 (success/other) rsp=0xFFFFF8032A275438 exitCount=110499
[iommuret] hit #2434: HalpIommuInitSystem returned EAX=0x00000000 (success/other) rsp=0xFFFFF8032A275438 exitCount=110500
[iommuret] hit #2435: HalpIommuInitSystem returned EAX=0x00000000 (success/other) rsp=0xFFFFF8032A275438 exitCount=110501
[iommuret] hit #2436: HalpIommuInitSystem returned EAX=0x00000000 (success/other) rsp=0xFFFFF8032A275438 exitCount=110502
[iommuret] hit #2437: HalpIommuInitSystem returned EAX=0x00000000 (success/other) rsp=0xFFFFF8032A275438 exitCount=110503
[iommuret] hit #2438: HalpIommuInitSystem returned EAX=0x00000000 (success/other) rsp=0xFFFFF8032A275438 exitCount=110504
[iommuret] hit #2439: HalpIommuInitSystem returned EAX=0x00000000 (success/other) rsp=0xFFFFF8032A275438 exitCount=110505
[iommuret] hit #2440: HalpIommuInitSystem returned EAX=0x00000000 (success/other) rsp=0xFFFFF8032A275438 exitCount=110506
[iommuret] hit #2441: HalpIommuInitSystem returned EAX=0x00000000 (success/other) rsp=0xFFFFF8032A275438 exitCount=110507
[iommuret] hit #2442: HalpIommuInitSystem returned EAX=0x00000000 (success/other) rsp=0xFFFFF8032A275438 exitCount=110508
[iommuret] hit #2443: HalpIommuInitSystem returned EAX=0x00000000 (success/other) rsp=0xFFFFF8032A275438 exitCount=110509
[iommuret] hit #2444: HalpIommuInitSystem returned EAX=0x00000000 (success/other) rsp=0xFFFFF8032A275438 exitCount=110510
[iommuret] hit #2445: HalpIommuInitSystem returned EAX=0x00000000 (success/other) rsp=0xFFFFF8032A275438 exitCount=110511
[iommuret] hit #2446: HalpIommuInitSystem returned EAX=0x00000000 (success/other) rsp=0xFFFFF8032A275438 exitCount=110512
[iommuret] hit #2447: HalpIommuInitSystem returned EAX=0x00000000 (success/other) rsp=0xFFFFF8032A275438 exitCount=110513
[iommuret] hit #2448: HalpIommuInitSystem returned EAX=0x00000000 (success/other) rsp=0xFFFFF8032A275438 exitCount=110514
[iommuret] hit #2449: HalpIommuInitSystem returned EAX=0x00000000 (success/other) rsp=0xFFFFF8032A275438 exitCount=110515
[iommuret] hit #2450: HalpIommuInitSystem returned EAX=0x00000000 (success/other) rsp=0xFFFFF8032A275438 exitCount=110516
[iommuret] hit #2451: HalpIommuInitSystem returned EAX=0x00000000 (success/other) rsp=0xFFFFF8032A275438 exitCount=110517
[iommuret] hit #2452: HalpIommuInitSystem returned EAX=0x00000000 (success/other) rsp=0xFFFFF8032A275438 exitCount=110518
[iommuret] hit #2453: HalpIommuInitSystem returned EAX=0x00000000 (success/other) rsp=0xFFFFF8032A275438 exitCount=110519
[iommuret] hit #2454: HalpIommuInitSystem returned EAX=0x00000000 (success/other) rsp=0xFFFFF8032A275438 exitCount=110520
[iommuret] hit #2455: HalpIommuInitSystem returned EAX=0x00000000 (success/other) rsp=0xFFFFF8032A275438 exitCount=110521
[iommuret] hit #2456: HalpIommuInitSystem returned EAX=0x00000000 (success/other) rsp=0xFFFFF8032A275438 exitCount=110522
[iommuret] hit #2457: HalpIommuInitSystem returned EAX=0x00000000 (success/other) rsp=0xFFFFF8032A275438 exitCount=110523
[iommuret] hit #2458: HalpIommuInitSystem returned EAX=0x00000000 (success/other) rsp=0xFFFFF8032A275438 exitCount=110524
[iommuret] hit #2459: HalpIommuInitSystem returned EAX=0x00000000 (success/other) rsp=0xFFFFF8032A275438 exitCount=110525
[iommuret] hit #2460: HalpIommuInitSystem returned EAX=0x00000000 (success/other) rsp=0xFFFFF8032A275438 exitCount=110526
[iommuret] hit #2461: HalpIommuInitSystem returned EAX=0x00000000 (success/other) rsp=0xFFFFF8032A275438 exitCount=110527
[iommuret] hit #2462: HalpIommuInitSystem returned EAX=0x00000000 (success/other) rsp=0xFFFFF8032A275438 exitCount=110528
[iommuret] hit #2463: HalpIommuInitSystem returned EAX=0x00000000 (success/other) rsp=0xFFFFF8032A275438 exitCount=110529
[iommuret] hit #2464: HalpIommuInitSystem returned EAX=0x00000000 (success/other) rsp=0xFFFFF8032A275438 exitCount=110530
[iommuret] hit #2465: HalpIommuInitSystem returned EAX=0x00000000 (success/other) rsp=0xFFFFF8032A275438 exitCount=110531
[iommuret] hit #2466: HalpIommuInitSystem returned EAX=0x00000000 (success/other) rsp=0xFFFFF8032A275438 exitCount=110532
[iommuret] hit #2467: HalpIommuInitSystem returned EAX=0x00000000 (success/other) rsp=0xFFFFF8032A275438 exitCount=110533
[iommuret] hit #2468: HalpIommuInitSystem returned EAX=0x00000000 (success/other) rsp=0xFFFFF8032A275438 exitCount=110534
[iommuret] hit #2469: HalpIommuInitSystem returned EAX=0x00000000 (success/other) rsp=0xFFFFF8032A275438 exitCount=110535
[iommuret] hit #2470: HalpIommuInitSystem returned EAX=0x00000000 (success/other) rsp=0xFFFFF8032A275438 exitCount=110536
[iommuret] hit #2471: HalpIommuInitSystem returned EAX=0x00000000 (success/other) rsp=0xFFFFF8032A275438 exitCount=110537
[iommuret] hit #2472: HalpIommuInitSystem returned EAX=0x00000000 (success/other) rsp=0xFFFFF8032A275438 exitCount=110538
[iommuret] hit #2473: HalpIommuInitSystem returned EAX=0x00000000 (success/other) rsp=0xFFFFF8032A275438 exitCount=110539
[iommuret] hit #2474: HalpIommuInitSystem returned EAX=0x00000000 (success/other) rsp=0xFFFFF8032A275438 exitCount=110540
[iommuret] hit #2475: HalpIommuInitSystem returned EAX=0x00000000 (success/other) rsp=0xFFFFF8032A275438 exitCount=110541
[iommuret] hit #2476: HalpIommuInitSystem returned EAX=0x00000000 (success/other) rsp=0xFFFFF8032A275438 exitCount=110542
[iommuret] hit #2477: HalpIommuInitSystem returned EAX=0x00000000 (success/other) rsp=0xFFFFF8032A275438 exitCount=110543
[iommuret] hit #2478: HalpIommuInitSystem returned EAX=0x00000000 (success/other) rsp=0xFFFFF8032A275438 exitCount=110544
[iommuret] hit #2479: HalpIommuInitSystem returned EAX=0x00000000 (success/other) rsp=0xFFFFF8032A275438 exitCount=110545
[iommuret] hit #2480: HalpIommuInitSystem returned EAX=0x00000000 (success/other) rsp=0xFFFFF8032A275438 exitCount=110546
[iommuret] hit #2481: HalpIommuInitSystem returned EAX=0x00000000 (success/other) rsp=0xFFFFF8032A275438 exitCount=110547
[iommuret] hit #2482: HalpIommuInitSystem returned EAX=0x00000000 (success/other) rsp=0xFFFFF8032A275438 exitCount=110548
[iommuret] hit #2483: HalpIommuInitSystem returned EAX=0x00000000 (success/other) rsp=0xFFFFF8032A275438 exitCount=110549
[iommuret] hit #2484: HalpIommuInitSystem returned EAX=0x00000000 (success/other) rsp=0xFFFFF8032A275438 exitCount=110550
[iommuret] hit #2485: HalpIommuInitSystem returned EAX=0x00000000 (success/other) rsp=0xFFFFF8032A275438 exitCount=110551
[iommuret] hit #2486: HalpIommuInitSystem returned EAX=0x00000000 (success/other) rsp=0xFFFFF8032A275438 exitCount=110552
[iommuret] hit #2487: HalpIommuInitSystem returned EAX=0x00000000 (success/other) rsp=0xFFFFF8032A275438 exitCount=110553
[iommuret] hit #2488: HalpIommuInitSystem returned EAX=0x00000000 (success/other) rsp=0xFFFFF8032A275438 exitCount=110554
[iommuret] hit #2489: HalpIommuInitSystem returned EAX=0x00000000 (success/other) rsp=0xFFFFF8032A275438 exitCount=110555
[iommuret] hit #2490: HalpIommuInitSystem returned EAX=0x00000000 (success/other) rsp=0xFFFFF8032A275438 exitCount=110556
[iommuret] hit #2491: HalpIommuInitSystem returned EAX=0x00000000 (success/other) rsp=0xFFFFF8032A275438 exitCount=110557
[iommuret] hit #2492: HalpIommuInitSystem returned EAX=0x00000000 (success/other) rsp=0xFFFFF8032A275438 exitCount=110558
[iommuret] hit #2493: HalpIommuInitSystem returned EAX=0x00000000 (success/other) rsp=0xFFFFF8032A275438 exitCount=110559
[iommuret] hit #2494: HalpIommuInitSystem returned EAX=0x00000000 (success/other) rsp=0xFFFFF8032A275438 exitCount=110560
[iommuret] hit #2495: HalpIommuInitSystem returned EAX=0x00000000 (success/other) rsp=0xFFFFF8032A275438 exitCount=110561
[iommuret] hit #2496: HalpIommuInitSystem returned EAX=0x00000000 (success/other) rsp=0xFFFFF8032A275438 exitCount=110562
[iommuret] hit #2497: HalpIommuInitSystem returned EAX=0x00000000 (success/other) rsp=0xFFFFF8032A275438 exitCount=110563
[iommuret] hit #2498: HalpIommuInitSystem returned EAX=0x00000000 (success/other) rsp=0xFFFFF8032A275438 exitCount=110564
[iommuret] hit #2499: HalpIommuInitSystem returned EAX=0x00000000 (success/other) rsp=0xFFFFF8032A275438 exitCount=110565
[iommuret] hit #2500: HalpIommuInitSystem returned EAX=0x00000000 (success/other) rsp=0xFFFFF8032A275438 exitCount=110566
[iommuret] hit #2501: HalpIommuInitSystem returned EAX=0x00000000 (success/other) rsp=0xFFFFF8032A275438 exitCount=110567
[iommuret] hit #2502: HalpIommuInitSystem returned EAX=0x00000000 (success/other) rsp=0xFFFFF8032A275438 exitCount=110568
[iommuret] hit #2503: HalpIommuInitSystem returned EAX=0x00000000 (success/other) rsp=0xFFFFF8032A275438 exitCount=110569
[iommuret] hit #2504: HalpIommuInitSystem returned EAX=0x00000000 (success/other) rsp=0xFFFFF8032A275438 exitCount=110570
[iommuret] hit #2505: HalpIommuInitSystem returned EAX=0x00000000 (success/other) rsp=0xFFFFF8032A275438 exitCount=110571
[iommuret] hit #2506: HalpIommuInitSystem returned EAX=0x00000000 (success/other) rsp=0xFFFFF8032A275438 exitCount=110572
[iommuret] hit #2507: HalpIommuInitSystem returned EAX=0x00000000 (success/other) rsp=0xFFFFF8032A275438 exitCount=110573
[iommuret] hit #2508: HalpIommuInitSystem returned EAX=0x00000000 (success/other) rsp=0xFFFFF8032A275438 exitCount=110574
[iommuret] hit #2509: HalpIommuInitSystem returned EAX=0x00000000 (success/other) rsp=0xFFFFF8032A275438 exitCount=110575
[iommuret] hit #2510: HalpIommuInitSystem returned EAX=0x00000000 (success/other) rsp=0xFFFFF8032A275438 exitCount=110576
[iommuret] hit #2511: HalpIommuInitSystem returned EAX=0x00000000 (success/other) rsp=0xFFFFF8032A275438 exitCount=110577
[iommuret] hit #2512: HalpIommuInitSystem returned EAX=0x00000000 (success/other) rsp=0xFFFFF8032A275438 exitCount=110578
[iommuret] hit #2513: HalpIommuInitSystem returned EAX=0x00000000 (success/other) rsp=0xFFFFF8032A275438 exitCount=110579
[iommuret] hit #2514: HalpIommuInitSystem returned EAX=0x00000000 (success/other) rsp=0xFFFFF8032A275438 exitCount=110580
[iommuret] hit #2515: HalpIommuInitSystem returned EAX=0x00000000 (success/other) rsp=0xFFFFF8032A275438 exitCount=110581
[iommuret] hit #2516: HalpIommuInitSystem returned EAX=0x00000000 (success/other) rsp=0xFFFFF8032A275438 exitCount=110582
[iommuret] hit #2517: HalpIommuInitSystem returned EAX=0x00000000 (success/other) rsp=0xFFFFF8032A275438 exitCount=110583
[iommuret] hit #2518: HalpIommuInitSystem returned EAX=0x00000000 (success/other) rsp=0xFFFFF8032A275438 exitCount=110584
[iommuret] hit #2519: HalpIommuInitSystem returned EAX=0x00000000 (success/other) rsp=0xFFFFF8032A275438 exitCount=110585
[iommuret] hit #2520: HalpIommuInitSystem returned EAX=0x00000000 (success/other) rsp=0xFFFFF8032A275438 exitCount=110586
[iommuret] hit #2521: HalpIommuInitSystem returned EAX=0x00000000 (success/other) rsp=0xFFFFF8032A275438 exitCount=110587
[iommuret] hit #2522: HalpIommuInitSystem returned EAX=0x00000000 (success/other) rsp=0xFFFFF8032A275438 exitCount=110588
[iommuret] hit #2523: HalpIommuInitSystem returned EAX=0x00000000 (success/other) rsp=0xFFFFF8032A275438 exitCount=110589
[iommuret] hit #2524: HalpIommuInitSystem returned EAX=0x00000000 (success/other) rsp=0xFFFFF8032A275438 exitCount=110590
[iommuret] hit #2525: HalpIommuInitSystem returned EAX=0x00000000 (success/other) rsp=0xFFFFF8032A275438 exitCount=110591
[iommuret] hit #2526: HalpIommuInitSystem returned EAX=0x00000000 (success/other) rsp=0xFFFFF8032A275438 exitCount=110592
[iommuret] hit #2527: HalpIommuInitSystem returned EAX=0x00000000 (success/other) rsp=0xFFFFF8032A275438 exitCount=110593
[iommuret] hit #2528: HalpIommuInitSystem returned EAX=0x00000000 (success/other) rsp=0xFFFFF8032A275438 exitCount=110594
[iommuret] hit #2529: HalpIommuInitSystem returned EAX=0x00000000 (success/other) rsp=0xFFFFF8032A275438 exitCount=110595
[iommuret] hit #2530: HalpIommuInitSystem returned EAX=0x00000000 (success/other) rsp=0xFFFFF8032A275438 exitCount=110596
[iommuret] hit #2531: HalpIommuInitSystem returned EAX=0x00000000 (success/other) rsp=0xFFFFF8032A275438 exitCount=110597
[iommuret] hit #2532: HalpIommuInitSystem returned EAX=0x00000000 (success/other) rsp=0xFFFFF8032A275438 exitCount=110598
[iommuret] hit #2533: HalpIommuInitSystem returned EAX=0x00000000 (success/other) rsp=0xFFFFF8032A275438 exitCount=110599
[iommuret] hit #2534: HalpIommuInitSystem returned EAX=0x00000000 (success/other) rsp=0xFFFFF8032A275438 exitCount=110600
[iommuret] hit #2535: HalpIommuInitSystem returned EAX=0x00000000 (success/other) rsp=0xFFFFF8032A275438 exitCount=110601
[iommuret] hit #2536: HalpIommuInitSystem returned EAX=0x00000000 (success/other) rsp=0xFFFFF8032A275438 exitCount=110602
[iommuret] hit #2537: HalpIommuInitSystem returned EAX=0x00000000 (success/other) rsp=0xFFFFF8032A275438 exitCount=110603
[iommuret] hit #2538: HalpIommuInitSystem returned EAX=0x00000000 (success/other) rsp=0xFFFFF8032A275438 exitCount=110604
[iommuret] hit #2539: HalpIommuInitSystem returned EAX=0x00000000 (success/other) rsp=0xFFFFF8032A275438 exitCount=110605
[iommuret] hit #2540: HalpIommuInitSystem returned EAX=0x00000000 (success/other) rsp=0xFFFFF8032A275438 exitCount=110606
[iommuret] hit #2541: HalpIommuInitSystem returned EAX=0x00000000 (success/other) rsp=0xFFFFF8032A275438 exitCount=110607
[iommuret] hit #2542: HalpIommuInitSystem returned EAX=0x00000000 (success/other) rsp=0xFFFFF8032A275438 exitCount=110608
[iommuret] hit #2543: HalpIommuInitSystem returned EAX=0x00000000 (success/other) rsp=0xFFFFF8032A275438 exitCount=110609
[iommuret] hit #2544: HalpIommuInitSystem returned EAX=0x00000000 (success/other) rsp=0xFFFFF8032A275438 exitCount=110610
[iommuret] hit #2545: HalpIommuInitSystem returned EAX=0x00000000 (success/other) rsp=0xFFFFF8032A275438 exitCount=110611
[iommuret] hit #2546: HalpIommuInitSystem returned EAX=0x00000000 (success/other) rsp=0xFFFFF8032A275438 exitCount=110612
[iommuret] hit #2547: HalpIommuInitSystem returned EAX=0x00000000 (success/other) rsp=0xFFFFF8032A275438 exitCount=110613
[iommuret] hit #2548: HalpIommuInitSystem returned EAX=0x00000000 (success/other) rsp=0xFFFFF8032A275438 exitCount=110614
[iommuret] hit #2549: HalpIommuInitSystem returned EAX=0x00000000 (success/other) rsp=0xFFFFF8032A275438 exitCount=110615
[iommuret] hit #2550: HalpIommuInitSystem returned EAX=0x00000000 (success/other) rsp=0xFFFFF8032A275438 exitCount=110616
[iommuret] hit #2551: HalpIommuInitSystem returned EAX=0x00000000 (success/other) rsp=0xFFFFF8032A275438 exitCount=110617
[iommuret] hit #2552: HalpIommuInitSystem returned EAX=0x00000000 (success/other) rsp=0xFFFFF8032A275438 exitCount=110618
[iommuret] hit #2553: HalpIommuInitSystem returned EAX=0x00000000 (success/other) rsp=0xFFFFF8032A275438 exitCount=110619
[iommuret] hit #2554: HalpIommuInitSystem returned EAX=0x00000000 (success/other) rsp=0xFFFFF8032A275438 exitCount=110620
[iommuret] hit #2555: HalpIommuInitSystem returned EAX=0x00000000 (success/other) rsp=0xFFFFF8032A275438 exitCount=110621
[iommuret] hit #2556: HalpIommuInitSystem returned EAX=0x00000000 (success/other) rsp=0xFFFFF8032A275438 exitCount=110622
[iommuret] hit #2557: HalpIommuInitSystem returned EAX=0x00000000 (success/other) rsp=0xFFFFF8032A275438 exitCount=110623
[iommuret] hit #2558: HalpIommuInitSystem returned EAX=0x00000000 (success/other) rsp=0xFFFFF8032A275438 exitCount=110624
[iommuret] hit #2559: HalpIommuInitSystem returned EAX=0x00000000 (success/other) rsp=0xFFFFF8032A275438 exitCount=110625
[iommuret] hit #2560: HalpIommuInitSystem returned EAX=0x00000000 (success/other) rsp=0xFFFFF8032A275438 exitCount=110626
[iommuret] hit #2561: HalpIommuInitSystem returned EAX=0x00000000 (success/other) rsp=0xFFFFF8032A275438 exitCount=110627
[iommuret] hit #2562: HalpIommuInitSystem returned EAX=0x00000000 (success/other) rsp=0xFFFFF8032A275438 exitCount=110628
[iommuret] hit #2563: HalpIommuInitSystem returned EAX=0x00000000 (success/other) rsp=0xFFFFF8032A275438 exitCount=110629
[iommuret] hit #2564: HalpIommuInitSystem returned EAX=0x00000000 (success/other) rsp=0xFFFFF8032A275438 exitCount=110630
[iommuret] hit #2565: HalpIommuInitSystem returned EAX=0x00000000 (success/other) rsp=0xFFFFF8032A275438 exitCount=110631
[iommuret] hit #2566: HalpIommuInitSystem returned EAX=0x00000000 (success/other) rsp=0xFFFFF8032A275438 exitCount=110632
[iommuret] hit #2567: HalpIommuInitSystem returned EAX=0x00000000 (success/other) rsp=0xFFFFF8032A275438 exitCount=110633
[iommuret] hit #2568: HalpIommuInitSystem returned EAX=0x00000000 (success/other) rsp=0xFFFFF8032A275438 exitCount=110634
[iommuret] hit #2569: HalpIommuInitSystem returned EAX=0x00000000 (success/other) rsp=0xFFFFF8032A275438 exitCount=110635
[iommuret] hit #2570: HalpIommuInitSystem returned EAX=0x00000000 (success/other) rsp=0xFFFFF8032A275438 exitCount=110636
[iommuret] hit #2571: HalpIommuInitSystem returned EAX=0x00000000 (success/other) rsp=0xFFFFF8032A275438 exitCount=110637
[iommuret] hit #2572: HalpIommuInitSystem returned EAX=0x00000000 (success/other) rsp=0xFFFFF8032A275438 exitCount=110638
[iommuret] hit #2573: HalpIommuInitSystem returned EAX=0x00000000 (success/other) rsp=0xFFFFF8032A275438 exitCount=110639
[iommuret] hit #2574: HalpIommuInitSystem returned EAX=0x00000000 (success/other) rsp=0xFFFFF8032A275438 exitCount=110640
[iommuret] hit #2575: HalpIommuInitSystem returned EAX=0x00000000 (success/other) rsp=0xFFFFF8032A275438 exitCount=110641
[iommuret] hit #2576: HalpIommuInitSystem returned EAX=0x00000000 (success/other) rsp=0xFFFFF8032A275438 exitCount=110642
[iommuret] hit #2577: HalpIommuInitSystem returned EAX=0x00000000 (success/other) rsp=0xFFFFF8032A275438 exitCount=110643
[iommuret] hit #2578: HalpIommuInitSystem returned EAX=0x00000000 (success/other) rsp=0xFFFFF8032A275438 exitCount=110644
[iommuret] hit #2579: HalpIommuInitSystem returned EAX=0x00000000 (success/other) rsp=0xFFFFF8032A275438 exitCount=110645
[iommuret] hit #2580: HalpIommuInitSystem returned EAX=0x00000000 (success/other) rsp=0xFFFFF8032A275438 exitCount=110646
[iommuret] hit #2581: HalpIommuInitSystem returned EAX=0x00000000 (success/other) rsp=0xFFFFF8032A275438 exitCount=110647
[iommuret] hit #2582: HalpIommuInitSystem returned EAX=0x00000000 (success/other) rsp=0xFFFFF8032A275438 exitCount=110648
[iommuret] hit #2583: HalpIommuInitSystem returned EAX=0x00000000 (success/other) rsp=0xFFFFF8032A275438 exitCount=110649
[iommuret] hit #2584: HalpIommuInitSystem returned EAX=0x00000000 (success/other) rsp=0xFFFFF8032A275438 exitCount=110650
[iommuret] hit #2585: HalpIommuInitSystem returned EAX=0x00000000 (success/other) rsp=0xFFFFF8032A275438 exitCount=110651
[iommuret] hit #2586: HalpIommuInitSystem returned EAX=0x00000000 (success/other) rsp=0xFFFFF8032A275438 exitCount=110652
[iommuret] hit #2587: HalpIommuInitSystem returned EAX=0x00000000 (success/other) rsp=0xFFFFF8032A275438 exitCount=110653
[iommuret] hit #2588: HalpIommuInitSystem returned EAX=0x00000000 (success/other) rsp=0xFFFFF8032A275438 exitCount=110654
[iommuret] hit #2589: HalpIommuInitSystem returned EAX=0x00000000 (success/other) rsp=0xFFFFF8032A275438 exitCount=110655
[iommuret] hit #2590: HalpIommuInitSystem returned EAX=0x00000000 (success/other) rsp=0xFFFFF8032A275438 exitCount=110656
[iommuret] hit #2591: HalpIommuInitSystem returned EAX=0x00000000 (success/other) rsp=0xFFFFF8032A275438 exitCount=110657
[iommuret] hit #2592: HalpIommuInitSystem returned EAX=0x00000000 (success/other) rsp=0xFFFFF8032A275438 exitCount=110658
[iommuret] hit #2593: HalpIommuInitSystem returned EAX=0x00000000 (success/other) rsp=0xFFFFF8032A275438 exitCount=110659
[iommuret] hit #2594: HalpIommuInitSystem returned EAX=0x00000000 (success/other) rsp=0xFFFFF8032A275438 exitCount=110660
[iommuret] hit #2595: HalpIommuInitSystem returned EAX=0x00000000 (success/other) rsp=0xFFFFF8032A275438 exitCount=110661
[iommuret] hit #2596: HalpIommuInitSystem returned EAX=0x00000000 (success/other) rsp=0xFFFFF8032A275438 exitCount=110662
[iommuret] hit #2597: HalpIommuInitSystem returned EAX=0x00000000 (success/other) rsp=0xFFFFF8032A275438 exitCount=110663
[iommuret] hit #2598: HalpIommuInitSystem returned EAX=0x00000000 (success/other) rsp=0xFFFFF8032A275438 exitCount=110664
[iommuret] hit #2599: HalpIommuInitSystem returned EAX=0x00000000 (success/other) rsp=0xFFFFF8032A275438 exitCount=110665
[iommuret] hit #2600: HalpIommuInitSystem returned EAX=0x00000000 (success/other) rsp=0xFFFFF8032A275438 exitCount=110666
[iommuret] hit #2601: HalpIommuInitSystem returned EAX=0x00000000 (success/other) rsp=0xFFFFF8032A275438 exitCount=110667
[iommuret] hit #2602: HalpIommuInitSystem returned EAX=0x00000000 (success/other) rsp=0xFFFFF8032A275438 exitCount=110668
[iommuret] hit #2603: HalpIommuInitSystem returned EAX=0x00000000 (success/other) rsp=0xFFFFF8032A275438 exitCount=110669
[iommuret] hit #2604: HalpIommuInitSystem returned EAX=0x00000000 (success/other) rsp=0xFFFFF8032A275438 exitCount=110670
[iommuret] hit #2605: HalpIommuInitSystem returned EAX=0x00000000 (success/other) rsp=0xFFFFF8032A275438 exitCount=110671
[iommuret] hit #2606: HalpIommuInitSystem returned EAX=0x00000000 (success/other) rsp=0xFFFFF8032A275438 exitCount=110672
[iommuret] hit #2607: HalpIommuInitSystem returned EAX=0x00000000 (success/other) rsp=0xFFFFF8032A275438 exitCount=110673
[iommuret] hit #2608: HalpIommuInitSystem returned EAX=0x00000000 (success/other) rsp=0xFFFFF8032A275438 exitCount=110674
[iommuret] hit #2609: HalpIommuInitSystem returned EAX=0x00000000 (success/other) rsp=0xFFFFF8032A275438 exitCount=110675
[iommuret] hit #2610: HalpIommuInitSystem returned EAX=0x00000000 (success/other) rsp=0xFFFFF8032A275438 exitCount=110676
[iommuret] hit #2611: HalpIommuInitSystem returned EAX=0x00000000 (success/other) rsp=0xFFFFF8032A275438 exitCount=110677
[iommuret] hit #2612: HalpIommuInitSystem returned EAX=0x00000000 (success/other) rsp=0xFFFFF8032A275438 exitCount=110678
[iommuret] hit #2613: HalpIommuInitSystem returned EAX=0x00000000 (success/other) rsp=0xFFFFF8032A275438 exitCount=110679
[iommuret] hit #2614: HalpIommuInitSystem returned EAX=0x00000000 (success/other) rsp=0xFFFFF8032A275438 exitCount=110680
[iommuret] hit #2615: HalpIommuInitSystem returned EAX=0x00000000 (success/other) rsp=0xFFFFF8032A275438 exitCount=110681
[iommuret] hit #2616: HalpIommuInitSystem returned EAX=0x00000000 (success/other) rsp=0xFFFFF8032A275438 exitCount=110682
[iommuret] hit #2617: HalpIommuInitSystem returned EAX=0x00000000 (success/other) rsp=0xFFFFF8032A275438 exitCount=110683
[iommuret] hit #2618: HalpIommuInitSystem returned EAX=0x00000000 (success/other) rsp=0xFFFFF8032A275438 exitCount=110684
[iommuret] hit #2619: HalpIommuInitSystem returned EAX=0x00000000 (success/other) rsp=0xFFFFF8032A275438 exitCount=110685
[iommuret] hit #2620: HalpIommuInitSystem returned EAX=0x00000000 (success/other) rsp=0xFFFFF8032A275438 exitCount=110686
[iommuret] hit #2621: HalpIommuInitSystem returned EAX=0x00000000 (success/other) rsp=0xFFFFF8032A275438 exitCount=110687
[iommuret] hit #2622: HalpIommuInitSystem returned EAX=0x00000000 (success/other) rsp=0xFFFFF8032A275438 exitCount=110688
[iommuret] hit #2623: HalpIommuInitSystem returned EAX=0x00000000 (success/other) rsp=0xFFFFF8032A275438 exitCount=110689
[iommuret] hit #2624: HalpIommuInitSystem returned EAX=0x00000000 (success/other) rsp=0xFFFFF8032A275438 exitCount=110690
[iommuret] hit #2625: HalpIommuInitSystem returned EAX=0x00000000 (success/other) rsp=0xFFFFF8032A275438 exitCount=110691
[iommuret] hit #2626: HalpIommuInitSystem returned EAX=0x00000000 (success/other) rsp=0xFFFFF8032A275438 exitCount=110692
[iommuret] hit #2627: HalpIommuInitSystem returned EAX=0x00000000 (success/other) rsp=0xFFFFF8032A275438 exitCount=110693
[iommuret] hit #2628: HalpIommuInitSystem returned EAX=0x00000000 (success/other) rsp=0xFFFFF8032A275438 exitCount=110694
[iommuret] hit #2629: HalpIommuInitSystem returned EAX=0x00000000 (success/other) rsp=0xFFFFF8032A275438 exitCount=110695
[iommuret] hit #2630: HalpIommuInitSystem returned EAX=0x00000000 (success/other) rsp=0xFFFFF8032A275438 exitCount=110696
[iommuret] hit #2631: HalpIommuInitSystem returned EAX=0x00000000 (success/other) rsp=0xFFFFF8032A275438 exitCount=110697
[iommuret] hit #2632: HalpIommuInitSystem returned EAX=0x00000000 (success/other) rsp=0xFFFFF8032A275438 exitCount=110698
[iommuret] hit #2633: HalpIommuInitSystem returned EAX=0x00000000 (success/other) rsp=0xFFFFF8032A275438 exitCount=110699
[iommuret] hit #2634: HalpIommuInitSystem returned EAX=0x00000000 (success/other) rsp=0xFFFFF8032A275438 exitCount=110700
[iommuret] hit #2635: HalpIommuInitSystem returned EAX=0x00000000 (success/other) rsp=0xFFFFF8032A275438 exitCount=110701
[iommuret] hit #2636: HalpIommuInitSystem returned EAX=0x00000000 (success/other) rsp=0xFFFFF8032A275438 exitCount=110702
[iommuret] hit #2637: HalpIommuInitSystem returned EAX=0x00000000 (success/other) rsp=0xFFFFF8032A275438 exitCount=110703
[iommuret] hit #2638: HalpIommuInitSystem returned EAX=0x00000000 (success/other) rsp=0xFFFFF8032A275438 exitCount=110704
[iommuret] hit #2639: HalpIommuInitSystem returned EAX=0x00000000 (success/other) rsp=0xFFFFF8032A275438 exitCount=110705
[iommuret] hit #2640: HalpIommuInitSystem returned EAX=0x00000000 (success/other) rsp=0xFFFFF8032A275438 exitCount=110706
[iommuret] hit #2641: HalpIommuInitSystem returned EAX=0x00000000 (success/other) rsp=0xFFFFF8032A275438 exitCount=110707
[iommuret] hit #2642: HalpIommuInitSystem returned EAX=0x00000000 (success/other) rsp=0xFFFFF8032A275438 exitCount=110708
[iommuret] hit #2643: HalpIommuInitSystem returned EAX=0x00000000 (success/other) rsp=0xFFFFF8032A275438 exitCount=110709
[iommuret] hit #2644: HalpIommuInitSystem returned EAX=0x00000000 (success/other) rsp=0xFFFFF8032A275438 exitCount=110710
[iommuret] hit #2645: HalpIommuInitSystem returned EAX=0x00000000 (success/other) rsp=0xFFFFF8032A275438 exitCount=110711
[iommuret] hit #2646: HalpIommuInitSystem returned EAX=0x00000000 (success/other) rsp=0xFFFFF8032A275438 exitCount=110712
[iommuret] hit #2647: HalpIommuInitSystem returned EAX=0x00000000 (success/other) rsp=0xFFFFF8032A275438 exitCount=110713
[iommuret] hit #2648: HalpIommuInitSystem returned EAX=0x00000000 (success/other) rsp=0xFFFFF8032A275438 exitCount=110714
[iommuret] hit #2649: HalpIommuInitSystem returned EAX=0x00000000 (success/other) rsp=0xFFFFF8032A275438 exitCount=110715
[iommuret] hit #2650: HalpIommuInitSystem returned EAX=0x00000000 (success/other) rsp=0xFFFFF8032A275438 exitCount=110716
[iommuret] hit #2651: HalpIommuInitSystem returned EAX=0x00000000 (success/other) rsp=0xFFFFF8032A275438 exitCount=110717
[iommuret] hit #2652: HalpIommuInitSystem returned EAX=0x00000000 (success/other) rsp=0xFFFFF8032A275438 exitCount=110718
[iommuret] hit #2653: HalpIommuInitSystem returned EAX=0x00000000 (success/other) rsp=0xFFFFF8032A275438 exitCount=110719
[iommuret] hit #2654: HalpIommuInitSystem returned EAX=0x00000000 (success/other) rsp=0xFFFFF8032A275438 exitCount=110720
[iommuret] hit #2655: HalpIommuInitSystem returned EAX=0x00000000 (success/other) rsp=0xFFFFF8032A275438 exitCount=110721
[iommuret] hit #2656: HalpIommuInitSystem returned EAX=0x00000000 (success/other) rsp=0xFFFFF8032A275438 exitCount=110722
[iommuret] hit #2657: HalpIommuInitSystem returned EAX=0x00000000 (success/other) rsp=0xFFFFF8032A275438 exitCount=110723
[iommuret] hit #2658: HalpIommuInitSystem returned EAX=0x00000000 (success/other) rsp=0xFFFFF8032A275438 exitCount=110724
[iommuret] hit #2659: HalpIommuInitSystem returned EAX=0x00000000 (success/other) rsp=0xFFFFF8032A275438 exitCount=110725
[iommuret] hit #2660: HalpIommuInitSystem returned EAX=0x00000000 (success/other) rsp=0xFFFFF8032A275438 exitCount=110726
[iommuret] hit #2661: HalpIommuInitSystem returned EAX=0x00000000 (success/other) rsp=0xFFFFF8032A275438 exitCount=110727
[iommuret] hit #2662: HalpIommuInitSystem returned EAX=0x00000000 (success/other) rsp=0xFFFFF8032A275438 exitCount=110728
[iommuret] hit #2663: HalpIommuInitSystem returned EAX=0x00000000 (success/other) rsp=0xFFFFF8032A275438 exitCount=110729
[iommuret] hit #2664: HalpIommuInitSystem returned EAX=0x00000000 (success/other) rsp=0xFFFFF8032A275438 exitCount=110730
[iommuret] hit #2665: HalpIommuInitSystem returned EAX=0x00000000 (success/other) rsp=0xFFFFF8032A275438 exitCount=110731
[iommuret] hit #2666: HalpIommuInitSystem returned EAX=0x00000000 (success/other) rsp=0xFFFFF8032A275438 exitCount=110732
[iommuret] hit #2667: HalpIommuInitSystem returned EAX=0x00000000 (success/other) rsp=0xFFFFF8032A275438 exitCount=110733
[iommuret] hit #2668: HalpIommuInitSystem returned EAX=0x00000000 (success/other) rsp=0xFFFFF8032A275438 exitCount=110734
[iommuret] hit #2669: HalpIommuInitSystem returned EAX=0x00000000 (success/other) rsp=0xFFFFF8032A275438 exitCount=110735
[iommuret] hit #2670: HalpIommuInitSystem returned EAX=0x00000000 (success/other) rsp=0xFFFFF8032A275438 exitCount=110736
[iommuret] hit #2671: HalpIommuInitSystem returned EAX=0x00000000 (success/other) rsp=0xFFFFF8032A275438 exitCount=110737
[iommuret] hit #2672: HalpIommuInitSystem returned EAX=0x00000000 (success/other) rsp=0xFFFFF8032A275438 exitCount=110738
[iommuret] hit #2673: HalpIommuInitSystem returned EAX=0x00000000 (success/other) rsp=0xFFFFF8032A275438 exitCount=110739
[iommuret] hit #2674: HalpIommuInitSystem returned EAX=0x00000000 (success/other) rsp=0xFFFFF8032A275438 exitCount=110740
[iommuret] hit #2675: HalpIommuInitSystem returned EAX=0x00000000 (success/other) rsp=0xFFFFF8032A275438 exitCount=110741
[iommuret] hit #2676: HalpIommuInitSystem returned EAX=0x00000000 (success/other) rsp=0xFFFFF8032A275438 exitCount=110742
[iommuret] hit #2677: HalpIommuInitSystem returned EAX=0x00000000 (success/other) rsp=0xFFFFF8032A275438 exitCount=110743
[iommuret] hit #2678: HalpIommuInitSystem returned EAX=0x00000000 (success/other) rsp=0xFFFFF8032A275438 exitCount=110744
[iommuret] hit #2679: HalpIommuInitSystem returned EAX=0x00000000 (success/other) rsp=0xFFFFF8032A275438 exitCount=110745
[iommuret] hit #2680: HalpIommuInitSystem returned EAX=0x00000000 (success/other) rsp=0xFFFFF8032A275438 exitCount=110746
[iommuret] hit #2681: HalpIommuInitSystem returned EAX=0x00000000 (success/other) rsp=0xFFFFF8032A275438 exitCount=110747
[iommuret] hit #2682: HalpIommuInitSystem returned EAX=0x00000000 (success/other) rsp=0xFFFFF8032A275438 exitCount=110748
[iommuret] hit #2683: HalpIommuInitSystem returned EAX=0x00000000 (success/other) rsp=0xFFFFF8032A275438 exitCount=110749
[iommuret] hit #2684: HalpIommuInitSystem returned EAX=0x00000000 (success/other) rsp=0xFFFFF8032A275438 exitCount=110750
[iommuret] hit #2685: HalpIommuInitSystem returned EAX=0x00000000 (success/other) rsp=0xFFFFF8032A275438 exitCount=110751
[iommuret] hit #2686: HalpIommuInitSystem returned EAX=0x00000000 (success/other) rsp=0xFFFFF8032A275438 exitCount=110752
[iommuret] hit #2687: HalpIommuInitSystem returned EAX=0x00000000 (success/other) rsp=0xFFFFF8032A275438 exitCount=110753
[iommuret] hit #2688: HalpIommuInitSystem returned EAX=0x00000000 (success/other) rsp=0xFFFFF8032A275438 exitCount=110754
[iommuret] hit #2689: HalpIommuInitSystem returned EAX=0x00000000 (success/other) rsp=0xFFFFF8032A275438 exitCount=110755
[iommuret] hit #2690: HalpIommuInitSystem returned EAX=0x00000000 (success/other) rsp=0xFFFFF8032A275438 exitCount=110756
[iommuret] hit #2691: HalpIommuInitSystem returned EAX=0x00000000 (success/other) rsp=0xFFFFF8032A275438 exitCount=110757
[iommuret] hit #2692: HalpIommuInitSystem returned EAX=0x00000000 (success/other) rsp=0xFFFFF8032A275438 exitCount=110758
[iommuret] hit #2693: HalpIommuInitSystem returned EAX=0x00000000 (success/other) rsp=0xFFFFF8032A275438 exitCount=110759
[iommuret] hit #2694: HalpIommuInitSystem returned EAX=0x00000000 (success/other) rsp=0xFFFFF8032A275438 exitCount=110760
[iommuret] hit #2695: HalpIommuInitSystem returned EAX=0x00000000 (success/other) rsp=0xFFFFF8032A275438 exitCount=110761
[iommuret] hit #2696: HalpIommuInitSystem returned EAX=0x00000000 (success/other) rsp=0xFFFFF8032A275438 exitCount=110762
[iommuret] hit #2697: HalpIommuInitSystem returned EAX=0x00000000 (success/other) rsp=0xFFFFF8032A275438 exitCount=110763
[iommuret] hit #2698: HalpIommuInitSystem returned EAX=0x00000000 (success/other) rsp=0xFFFFF8032A275438 exitCount=110764
[iommuret] hit #2699: HalpIommuInitSystem returned EAX=0x00000000 (success/other) rsp=0xFFFFF8032A275438 exitCount=110765
[iommuret] hit #2700: HalpIommuInitSystem returned EAX=0x00000000 (success/other) rsp=0xFFFFF8032A275438 exitCount=110766
[iommuret] hit #2701: HalpIommuInitSystem returned EAX=0x00000000 (success/other) rsp=0xFFFFF8032A275438 exitCount=110767
[iommuret] hit #2702: HalpIommuInitSystem returned EAX=0x00000000 (success/other) rsp=0xFFFFF8032A275438 exitCount=110768
[iommuret] hit #2703: HalpIommuInitSystem returned EAX=0x00000000 (success/other) rsp=0xFFFFF8032A275438 exitCount=110769
[iommuret] hit #2704: HalpIommuInitSystem returned EAX=0x00000000 (success/other) rsp=0xFFFFF8032A275438 exitCount=110770
[iommuret] hit #2705: HalpIommuInitSystem returned EAX=0x00000000 (success/other) rsp=0xFFFFF8032A275438 exitCount=110771
[iommuret] hit #2706: HalpIommuInitSystem returned EAX=0x00000000 (success/other) rsp=0xFFFFF8032A275438 exitCount=110772
[iommuret] hit #2707: HalpIommuInitSystem returned EAX=0x00000000 (success/other) rsp=0xFFFFF8032A275438 exitCount=110773
[iommuret] hit #2708: HalpIommuInitSystem returned EAX=0x00000000 (success/other) rsp=0xFFFFF8032A275438 exitCount=110774
[iommuret] hit #2709: HalpIommuInitSystem returned EAX=0x00000000 (success/other) rsp=0xFFFFF8032A275438 exitCount=110775
[iommuret] hit #2710: HalpIommuInitSystem returned EAX=0x00000000 (success/other) rsp=0xFFFFF8032A275438 exitCount=110776
[iommuret] hit #2711: HalpIommuInitSystem returned EAX=0x00000000 (success/other) rsp=0xFFFFF8032A275438 exitCount=110777
[iommuret] hit #2712: HalpIommuInitSystem returned EAX=0x00000000 (success/other) rsp=0xFFFFF8032A275438 exitCount=110778
[iommuret] hit #2713: HalpIommuInitSystem returned EAX=0x00000000 (success/other) rsp=0xFFFFF8032A275438 exitCount=110779
[iommuret] hit #2714: HalpIommuInitSystem returned EAX=0x00000000 (success/other) rsp=0xFFFFF8032A275438 exitCount=110780
[iommuret] hit #2715: HalpIommuInitSystem returned EAX=0x00000000 (success/other) rsp=0xFFFFF8032A275438 exitCount=110781
[iommuret] hit #2716: HalpIommuInitSystem returned EAX=0x00000000 (success/other) rsp=0xFFFFF8032A275438 exitCount=110782
[iommuret] hit #2717: HalpIommuInitSystem returned EAX=0x00000000 (success/other) rsp=0xFFFFF8032A275438 exitCount=110783
[iommuret] hit #2718: HalpIommuInitSystem returned EAX=0x00000000 (success/other) rsp=0xFFFFF8032A275438 exitCount=110784
[iommuret] hit #2719: HalpIommuInitSystem returned EAX=0x00000000 (success/other) rsp=0xFFFFF8032A275438 exitCount=110785
[iommuret] hit #2720: HalpIommuInitSystem returned EAX=0x00000000 (success/other) rsp=0xFFFFF8032A275438 exitCount=110786
[iommuret] hit #2721: HalpIommuInitSystem returned EAX=0x00000000 (success/other) rsp=0xFFFFF8032A275438 exitCount=110787
[iommuret] hit #2722: HalpIommuInitSystem returned EAX=0x00000000 (success/other) rsp=0xFFFFF8032A275438 exitCount=110788
[iommuret] hit #2723: HalpIommuInitSystem returned EAX=0x00000000 (success/other) rsp=0xFFFFF8032A275438 exitCount=110789
[iommuret] hit #2724: HalpIommuInitSystem returned EAX=0x00000000 (success/other) rsp=0xFFFFF8032A275438 exitCount=110790
[iommuret] hit #2725: HalpIommuInitSystem returned EAX=0x00000000 (success/other) rsp=0xFFFFF8032A275438 exitCount=110791
[iommuret] hit #2726: HalpIommuInitSystem returned EAX=0x00000000 (success/other) rsp=0xFFFFF8032A275438 exitCount=110792
[iommuret] hit #2727: HalpIommuInitSystem returned EAX=0x00000000 (success/other) rsp=0xFFFFF8032A275438 exitCount=110793
[iommuret] hit #2728: HalpIommuInitSystem returned EAX=0x00000000 (success/other) rsp=0xFFFFF8032A275438 exitCount=110794
[iommuret] hit #2729: HalpIommuInitSystem returned EAX=0x00000000 (success/other) rsp=0xFFFFF8032A275438 exitCount=110795
[iommuret] hit #2730: HalpIommuInitSystem returned EAX=0x00000000 (success/other) rsp=0xFFFFF8032A275438 exitCount=110796
[iommuret] hit #2731: HalpIommuInitSystem returned EAX=0x00000000 (success/other) rsp=0xFFFFF8032A275438 exitCount=110797
[iommuret] hit #2732: HalpIommuInitSystem returned EAX=0x00000000 (success/other) rsp=0xFFFFF8032A275438 exitCount=110798
[iommuret] hit #2733: HalpIommuInitSystem returned EAX=0x00000000 (success/other) rsp=0xFFFFF8032A275438 exitCount=110799
[iommuret] hit #2734: HalpIommuInitSystem returned EAX=0x00000000 (success/other) rsp=0xFFFFF8032A275438 exitCount=110800
[iommuret] hit #2735: HalpIommuInitSystem returned EAX=0x00000000 (success/other) rsp=0xFFFFF8032A275438 exitCount=110801
[iommuret] hit #2736: HalpIommuInitSystem returned EAX=0x00000000 (success/other) rsp=0xFFFFF8032A275438 exitCount=110802
[iommuret] hit #2737: HalpIommuInitSystem returned EAX=0x00000000 (success/other) rsp=0xFFFFF8032A275438 exitCount=110803
[iommuret] hit #2738: HalpIommuInitSystem returned EAX=0x00000000 (success/other) rsp=0xFFFFF8032A275438 exitCount=110804
[iommuret] hit #2739: HalpIommuInitSystem returned EAX=0x00000000 (success/other) rsp=0xFFFFF8032A275438 exitCount=110805
[iommuret] hit #2740: HalpIommuInitSystem returned EAX=0x00000000 (success/other) rsp=0xFFFFF8032A275438 exitCount=110806
[iommuret] hit #2741: HalpIommuInitSystem returned EAX=0x00000000 (success/other) rsp=0xFFFFF8032A275438 exitCount=110807
[iommuret] hit #2742: HalpIommuInitSystem returned EAX=0x00000000 (success/other) rsp=0xFFFFF8032A275438 exitCount=110808
[iommuret] hit #2743: HalpIommuInitSystem returned EAX=0x00000000 (success/other) rsp=0xFFFFF8032A275438 exitCount=110809
[iommuret] hit #2744: HalpIommuInitSystem returned EAX=0x00000000 (success/other) rsp=0xFFFFF8032A275438 exitCount=110810
[iommuret] hit #2745: HalpIommuInitSystem returned EAX=0x00000000 (success/other) rsp=0xFFFFF8032A275438 exitCount=110811
[iommuret] hit #2746: HalpIommuInitSystem returned EAX=0x00000000 (success/other) rsp=0xFFFFF8032A275438 exitCount=110812
[iommuret] hit #2747: HalpIommuInitSystem returned EAX=0x00000000 (success/other) rsp=0xFFFFF8032A275438 exitCount=110813
[iommuret] hit #2748: HalpIommuInitSystem returned EAX=0x00000000 (success/other) rsp=0xFFFFF8032A275438 exitCount=110814
[iommuret] hit #2749: HalpIommuInitSystem returned EAX=0x00000000 (success/other) rsp=0xFFFFF8032A275438 exitCount=110815
[iommuret] hit #2750: HalpIommuInitSystem returned EAX=0x00000000 (success/other) rsp=0xFFFFF8032A275438 exitCount=110816
[iommuret] hit #2751: HalpIommuInitSystem returned EAX=0x00000000 (success/other) rsp=0xFFFFF8032A275438 exitCount=110817
[iommuret] hit #2752: HalpIommuInitSystem returned EAX=0x00000000 (success/other) rsp=0xFFFFF8032A275438 exitCount=110818
[iommuret] hit #2753: HalpIommuInitSystem returned EAX=0x00000000 (success/other) rsp=0xFFFFF8032A275438 exitCount=110819
[iommuret] hit #2754: HalpIommuInitSystem returned EAX=0x00000000 (success/other) rsp=0xFFFFF8032A275438 exitCount=110820
[iommuret] hit #2755: HalpIommuInitSystem returned EAX=0x00000000 (success/other) rsp=0xFFFFF8032A275438 exitCount=110821
[iommuret] hit #2756: HalpIommuInitSystem returned EAX=0x00000000 (success/other) rsp=0xFFFFF8032A275438 exitCount=110822
[iommuret] hit #2757: HalpIommuInitSystem returned EAX=0x00000000 (success/other) rsp=0xFFFFF8032A275438 exitCount=110823
[iommuret] hit #2758: HalpIommuInitSystem returned EAX=0x00000000 (success/other) rsp=0xFFFFF8032A275438 exitCount=110824
[iommuret] hit #2759: HalpIommuInitSystem returned EAX=0x00000000 (success/other) rsp=0xFFFFF8032A275438 exitCount=110825
[iommuret] hit #2760: HalpIommuInitSystem returned EAX=0x00000000 (success/other) rsp=0xFFFFF8032A275438 exitCount=110826
[iommuret] hit #2761: HalpIommuInitSystem returned EAX=0x00000000 (success/other) rsp=0xFFFFF8032A275438 exitCount=110827
[iommuret] hit #2762: HalpIommuInitSystem returned EAX=0x00000000 (success/other) rsp=0xFFFFF8032A275438 exitCount=110828
[iommuret] hit #2763: HalpIommuInitSystem returned EAX=0x00000000 (success/other) rsp=0xFFFFF8032A275438 exitCount=110829
[iommuret] hit #2764: HalpIommuInitSystem returned EAX=0x00000000 (success/other) rsp=0xFFFFF8032A275438 exitCount=110830
[iommuret] hit #2765: HalpIommuInitSystem returned EAX=0x00000000 (success/other) rsp=0xFFFFF8032A275438 exitCount=110831
[iommuret] hit #2766: HalpIommuInitSystem returned EAX=0x00000000 (success/other) rsp=0xFFFFF8032A275438 exitCount=110832
[iommuret] hit #2767: HalpIommuInitSystem returned EAX=0x00000000 (success/other) rsp=0xFFFFF8032A275438 exitCount=110833
[iommuret] hit #2768: HalpIommuInitSystem returned EAX=0x00000000 (success/other) rsp=0xFFFFF8032A275438 exitCount=110834
[iommuret] hit #2769: HalpIommuInitSystem returned EAX=0x00000000 (success/other) rsp=0xFFFFF8032A275438 exitCount=110835
[iommuret] hit #2770: HalpIommuInitSystem returned EAX=0x00000000 (success/other) rsp=0xFFFFF8032A275438 exitCount=110836
[iommuret] hit #2771: HalpIommuInitSystem returned EAX=0x00000000 (success/other) rsp=0xFFFFF8032A275438 exitCount=110837
[iommuret] hit #2772: HalpIommuInitSystem returned EAX=0x00000000 (success/other) rsp=0xFFFFF8032A275438 exitCount=110838
[iommuret] hit #2773: HalpIommuInitSystem returned EAX=0x00000000 (success/other) rsp=0xFFFFF8032A275438 exitCount=110839
[iommuret] hit #2774: HalpIommuInitSystem returned EAX=0x00000000 (success/other) rsp=0xFFFFF8032A275438 exitCount=110840
[iommuret] hit #2775: HalpIommuInitSystem returned EAX=0x00000000 (success/other) rsp=0xFFFFF8032A275438 exitCount=110841
[iommuret] hit #2776: HalpIommuInitSystem returned EAX=0x00000000 (success/other) rsp=0xFFFFF8032A275438 exitCount=110842
[iommuret] hit #2777: HalpIommuInitSystem returned EAX=0x00000000 (success/other) rsp=0xFFFFF8032A275438 exitCount=110843
[iommuret] hit #2778: HalpIommuInitSystem returned EAX=0x00000000 (success/other) rsp=0xFFFFF8032A275438 exitCount=110844
[iommuret] hit #2779: HalpIommuInitSystem returned EAX=0x00000000 (success/other) rsp=0xFFFFF8032A275438 exitCount=110845
[iommuret] hit #2780: HalpIommuInitSystem returned EAX=0x00000000 (success/other) rsp=0xFFFFF8032A275438 exitCount=110846
[iommuret] hit #2781: HalpIommuInitSystem returned EAX=0x00000000 (success/other) rsp=0xFFFFF8032A275438 exitCount=110847
[iommuret] hit #2782: HalpIommuInitSystem returned EAX=0x00000000 (success/other) rsp=0xFFFFF8032A275438 exitCount=110848
[iommuret] hit #2783: HalpIommuInitSystem returned EAX=0x00000000 (success/other) rsp=0xFFFFF8032A275438 exitCount=110849
[iommuret] hit #2784: HalpIommuInitSystem returned EAX=0x00000000 (success/other) rsp=0xFFFFF8032A275438 exitCount=110850
[iommuret] hit #2785: HalpIommuInitSystem returned EAX=0x00000000 (success/other) rsp=0xFFFFF8032A275438 exitCount=110851
[iommuret] hit #2786: HalpIommuInitSystem returned EAX=0x00000000 (success/other) rsp=0xFFFFF8032A275438 exitCount=110852
[iommuret] hit #2787: HalpIommuInitSystem returned EAX=0x00000000 (success/other) rsp=0xFFFFF8032A275438 exitCount=110853
[iommuret] hit #2788: HalpIommuInitSystem returned EAX=0x00000000 (success/other) rsp=0xFFFFF8032A275438 exitCount=110854
[iommuret] hit #2789: HalpIommuInitSystem returned EAX=0x00000000 (success/other) rsp=0xFFFFF8032A275438 exitCount=110855
[iommuret] hit #2790: HalpIommuInitSystem returned EAX=0x00000000 (success/other) rsp=0xFFFFF8032A275438 exitCount=110856
[iommuret] hit #2791: HalpIommuInitSystem returned EAX=0x00000000 (success/other) rsp=0xFFFFF8032A275438 exitCount=110857
[iommuret] hit #2792: HalpIommuInitSystem returned EAX=0x00000000 (success/other) rsp=0xFFFFF8032A275438 exitCount=110858
[iommuret] hit #2793: HalpIommuInitSystem returned EAX=0x00000000 (success/other) rsp=0xFFFFF8032A275438 exitCount=110859
[iommuret] hit #2794: HalpIommuInitSystem returned EAX=0x00000000 (success/other) rsp=0xFFFFF8032A275438 exitCount=110860
[iommuret] hit #2795: HalpIommuInitSystem returned EAX=0x00000000 (success/other) rsp=0xFFFFF8032A275438 exitCount=110861
[iommuret] hit #2796: HalpIommuInitSystem returned EAX=0x00000000 (success/other) rsp=0xFFFFF8032A275438 exitCount=110862
[iommuret] hit #2797: HalpIommuInitSystem returned EAX=0x00000000 (success/other) rsp=0xFFFFF8032A275438 exitCount=110863
[iommuret] hit #2798: HalpIommuInitSystem returned EAX=0x00000000 (success/other) rsp=0xFFFFF8032A275438 exitCount=110864
[iommuret] hit #2799: HalpIommuInitSystem returned EAX=0x00000000 (success/other) rsp=0xFFFFF8032A275438 exitCount=110865
[iommuret] hit #2800: HalpIommuInitSystem returned EAX=0x00000000 (success/other) rsp=0xFFFFF8032A275438 exitCount=110866
[iommuret] hit #2801: HalpIommuInitSystem returned EAX=0x00000000 (success/other) rsp=0xFFFFF8032A275438 exitCount=110867
[iommuret] hit #2802: HalpIommuInitSystem returned EAX=0x00000000 (success/other) rsp=0xFFFFF8032A275438 exitCount=110868
[iommuret] hit #2803: HalpIommuInitSystem returned EAX=0x00000000 (success/other) rsp=0xFFFFF8032A275438 exitCount=110869
[iommuret] hit #2804: HalpIommuInitSystem returned EAX=0x00000000 (success/other) rsp=0xFFFFF8032A275438 exitCount=110870
[iommuret] hit #2805: HalpIommuInitSystem returned EAX=0x00000000 (success/other) rsp=0xFFFFF8032A275438 exitCount=110871
[iommuret] hit #2806: HalpIommuInitSystem returned EAX=0x00000000 (success/other) rsp=0xFFFFF8032A275438 exitCount=110872
[iommuret] hit #2807: HalpIommuInitSystem returned EAX=0x00000000 (success/other) rsp=0xFFFFF8032A275438 exitCount=110873
[iommuret] hit #2808: HalpIommuInitSystem returned EAX=0x00000000 (success/other) rsp=0xFFFFF8032A275438 exitCount=110874
[iommuret] hit #2809: HalpIommuInitSystem returned EAX=0x00000000 (success/other) rsp=0xFFFFF8032A275438 exitCount=110875
[iommuret] hit #2810: HalpIommuInitSystem returned EAX=0x00000000 (success/other) rsp=0xFFFFF8032A275438 exitCount=110876
[iommuret] hit #2811: HalpIommuInitSystem returned EAX=0x00000000 (success/other) rsp=0xFFFFF8032A275438 exitCount=110877
[iommuret] hit #2812: HalpIommuInitSystem returned EAX=0x00000000 (success/other) rsp=0xFFFFF8032A275438 exitCount=110878
[iommuret] hit #2813: HalpIommuInitSystem returned EAX=0x00000000 (success/other) rsp=0xFFFFF8032A275438 exitCount=110879
[iommuret] hit #2814: HalpIommuInitSystem returned EAX=0x00000000 (success/other) rsp=0xFFFFF8032A275438 exitCount=110880
[iommuret] hit #2815: HalpIommuInitSystem returned EAX=0x00000000 (success/other) rsp=0xFFFFF8032A275438 exitCount=110881
[iommuret] hit #2816: HalpIommuInitSystem returned EAX=0x00000000 (success/other) rsp=0xFFFFF8032A275438 exitCount=110882
[iommuret] hit #2817: HalpIommuInitSystem returned EAX=0x00000000 (success/other) rsp=0xFFFFF8032A275438 exitCount=110883
[iommuret] hit #2818: HalpIommuInitSystem returned EAX=0x00000000 (success/other) rsp=0xFFFFF8032A275438 exitCount=110884
[iommuret] hit #2819: HalpIommuInitSystem returned EAX=0x00000000 (success/other) rsp=0xFFFFF8032A275438 exitCount=110885
[iommuret] hit #2820: HalpIommuInitSystem returned EAX=0x00000000 (success/other) rsp=0xFFFFF8032A275438 exitCount=110886
[iommuret] hit #2821: HalpIommuInitSystem returned EAX=0x00000000 (success/other) rsp=0xFFFFF8032A275438 exitCount=110887
[iommuret] hit #2822: HalpIommuInitSystem returned EAX=0x00000000 (success/other) rsp=0xFFFFF8032A275438 exitCount=110888
[iommuret] hit #2823: HalpIommuInitSystem returned EAX=0x00000000 (success/other) rsp=0xFFFFF8032A275438 exitCount=110889
[iommuret] hit #2824: HalpIommuInitSystem returned EAX=0x00000000 (success/other) rsp=0xFFFFF8032A275438 exitCount=110890
[iommuret] hit #2825: HalpIommuInitSystem returned EAX=0x00000000 (success/other) rsp=0xFFFFF8032A275438 exitCount=110891
[iommuret] hit #2826: HalpIommuInitSystem returned EAX=0x00000000 (success/other) rsp=0xFFFFF8032A275438 exitCount=110892
[iommuret] hit #2827: HalpIommuInitSystem returned EAX=0x00000000 (success/other) rsp=0xFFFFF8032A275438 exitCount=110893
[iommuret] hit #2828: HalpIommuInitSystem returned EAX=0x00000000 (success/other) rsp=0xFFFFF8032A275438 exitCount=110894
[iommuret] hit #2829: HalpIommuInitSystem returned EAX=0x00000000 (success/other) rsp=0xFFFFF8032A275438 exitCount=110895
[iommuret] hit #2830: HalpIommuInitSystem returned EAX=0x00000000 (success/other) rsp=0xFFFFF8032A275438 exitCount=110896
[iommuret] hit #2831: HalpIommuInitSystem returned EAX=0x00000000 (success/other) rsp=0xFFFFF8032A275438 exitCount=110897
[iommuret] hit #2832: HalpIommuInitSystem returned EAX=0x00000000 (success/other) rsp=0xFFFFF8032A275438 exitCount=110898
[iommuret] hit #2833: HalpIommuInitSystem returned EAX=0x00000000 (success/other) rsp=0xFFFFF8032A275438 exitCount=110899
[iommuret] hit #2834: HalpIommuInitSystem returned EAX=0x00000000 (success/other) rsp=0xFFFFF8032A275438 exitCount=110900
[iommuret] hit #2835: HalpIommuInitSystem returned EAX=0x00000000 (success/other) rsp=0xFFFFF8032A275438 exitCount=110901
[iommuret] hit #2836: HalpIommuInitSystem returned EAX=0x00000000 (success/other) rsp=0xFFFFF8032A275438 exitCount=110902
[iommuret] hit #2837: HalpIommuInitSystem returned EAX=0x00000000 (success/other) rsp=0xFFFFF8032A275438 exitCount=110903
[iommuret] hit #2838: HalpIommuInitSystem returned EAX=0x00000000 (success/other) rsp=0xFFFFF8032A275438 exitCount=110904
[iommuret] hit #2839: HalpIommuInitSystem returned EAX=0x00000000 (success/other) rsp=0xFFFFF8032A275438 exitCount=110905
[iommuret] hit #2840: HalpIommuInitSystem returned EAX=0x00000000 (success/other) rsp=0xFFFFF8032A275438 exitCount=110906
[iommuret] hit #2841: HalpIommuInitSystem returned EAX=0x00000000 (success/other) rsp=0xFFFFF8032A275438 exitCount=110907
[iommuret] hit #2842: HalpIommuInitSystem returned EAX=0x00000000 (success/other) rsp=0xFFFFF8032A275438 exitCount=110908
[iommuret] hit #2843: HalpIommuInitSystem returned EAX=0x00000000 (success/other) rsp=0xFFFFF8032A275438 exitCount=110909
[iommuret] hit #2844: HalpIommuInitSystem returned EAX=0x00000000 (success/other) rsp=0xFFFFF8032A275438 exitCount=110910
[iommuret] hit #2845: HalpIommuInitSystem returned EAX=0x00000000 (success/other) rsp=0xFFFFF8032A275438 exitCount=110911
[iommuret] hit #2846: HalpIommuInitSystem returned EAX=0x00000000 (success/other) rsp=0xFFFFF8032A275438 exitCount=110912
[iommuret] hit #2847: HalpIommuInitSystem returned EAX=0x00000000 (success/other) rsp=0xFFFFF8032A275438 exitCount=110913
[iommuret] hit #2848: HalpIommuInitSystem returned EAX=0x00000000 (success/other) rsp=0xFFFFF8032A275438 exitCount=110914
[iommuret] hit #2849: HalpIommuInitSystem returned EAX=0x00000000 (success/other) rsp=0xFFFFF8032A275438 exitCount=110915
[iommuret] hit #2850: HalpIommuInitSystem returned EAX=0x00000000 (success/other) rsp=0xFFFFF8032A275438 exitCount=110916
[iommuret] hit #2851: HalpIommuInitSystem returned EAX=0x00000000 (success/other) rsp=0xFFFFF8032A275438 exitCount=110917
[iommuret] hit #2852: HalpIommuInitSystem returned EAX=0x00000000 (success/other) rsp=0xFFFFF8032A275438 exitCount=110918
[iommuret] hit #2853: HalpIommuInitSystem returned EAX=0x00000000 (success/other) rsp=0xFFFFF8032A275438 exitCount=110919
[iommuret] hit #2854: HalpIommuInitSystem returned EAX=0x00000000 (success/other) rsp=0xFFFFF8032A275438 exitCount=110920
[iommuret] hit #2855: HalpIommuInitSystem returned EAX=0x00000000 (success/other) rsp=0xFFFFF8032A275438 exitCount=110921
[iommuret] hit #2856: HalpIommuInitSystem returned EAX=0x00000000 (success/other) rsp=0xFFFFF8032A275438 exitCount=110922
[iommuret] hit #2857: HalpIommuInitSystem returned EAX=0x00000000 (success/other) rsp=0xFFFFF8032A275438 exitCount=110923
[iommuret] hit #2858: HalpIommuInitSystem returned EAX=0x00000000 (success/other) rsp=0xFFFFF8032A275438 exitCount=110924
[iommuret] hit #2859: HalpIommuInitSystem returned EAX=0x00000000 (success/other) rsp=0xFFFFF8032A275438 exitCount=110925
[iommuret] hit #2860: HalpIommuInitSystem returned EAX=0x00000000 (success/other) rsp=0xFFFFF8032A275438 exitCount=110926
[iommuret] hit #2861: HalpIommuInitSystem returned EAX=0x00000000 (success/other) rsp=0xFFFFF8032A275438 exitCount=110927
[iommuret] hit #2862: HalpIommuInitSystem returned EAX=0x00000000 (success/other) rsp=0xFFFFF8032A275438 exitCount=110928
[iommuret] hit #2863: HalpIommuInitSystem returned EAX=0x00000000 (success/other) rsp=0xFFFFF8032A275438 exitCount=110929
[iommuret] hit #2864: HalpIommuInitSystem returned EAX=0x00000000 (success/other) rsp=0xFFFFF8032A275438 exitCount=110930
[iommuret] hit #2865: HalpIommuInitSystem returned EAX=0x00000000 (success/other) rsp=0xFFFFF8032A275438 exitCount=110931
[iommuret] hit #2866: HalpIommuInitSystem returned EAX=0x00000000 (success/other) rsp=0xFFFFF8032A275438 exitCount=110932
[iommuret] hit #2867: HalpIommuInitSystem returned EAX=0x00000000 (success/other) rsp=0xFFFFF8032A275438 exitCount=110933
[iommuret] hit #2868: HalpIommuInitSystem returned EAX=0x00000000 (success/other) rsp=0xFFFFF8032A275438 exitCount=110934
[iommuret] hit #2869: HalpIommuInitSystem returned EAX=0x00000000 (success/other) rsp=0xFFFFF8032A275438 exitCount=110935
[iommuret] hit #2870: HalpIommuInitSystem returned EAX=0x00000000 (success/other) rsp=0xFFFFF8032A275438 exitCount=110936
[iommuret] hit #2871: HalpIommuInitSystem returned EAX=0x00000000 (success/other) rsp=0xFFFFF8032A275438 exitCount=110937
[iommuret] hit #2872: HalpIommuInitSystem returned EAX=0x00000000 (success/other) rsp=0xFFFFF8032A275438 exitCount=110938
[iommuret] hit #2873: HalpIommuInitSystem returned EAX=0x00000000 (success/other) rsp=0xFFFFF8032A275438 exitCount=110939
[iommuret] hit #2874: HalpIommuInitSystem returned EAX=0x00000000 (success/other) rsp=0xFFFFF8032A275438 exitCount=110940
[iommuret] hit #2875: HalpIommuInitSystem returned EAX=0x00000000 (success/other) rsp=0xFFFFF8032A275438 exitCount=110941
[iommuret] hit #2876: HalpIommuInitSystem returned EAX=0x00000000 (success/other) rsp=0xFFFFF8032A275438 exitCount=110942
[iommuret] hit #2877: HalpIommuInitSystem returned EAX=0x00000000 (success/other) rsp=0xFFFFF8032A275438 exitCount=110943
[iommuret] hit #2878: HalpIommuInitSystem returned EAX=0x00000000 (success/other) rsp=0xFFFFF8032A275438 exitCount=110944
[iommuret] hit #2879: HalpIommuInitSystem returned EAX=0x00000000 (success/other) rsp=0xFFFFF8032A275438 exitCount=110945
[iommuret] hit #2880: HalpIommuInitSystem returned EAX=0x00000000 (success/other) rsp=0xFFFFF8032A275438 exitCount=110946
[iommuret] hit #2881: HalpIommuInitSystem returned EAX=0x00000000 (success/other) rsp=0xFFFFF8032A275438 exitCount=110947
[iommuret] hit #2882: HalpIommuInitSystem returned EAX=0x00000000 (success/other) rsp=0xFFFFF8032A275438 exitCount=110948
[iommuret] hit #2883: HalpIommuInitSystem returned EAX=0x00000000 (success/other) rsp=0xFFFFF8032A275438 exitCount=110949
[iommuret] hit #2884: HalpIommuInitSystem returned EAX=0x00000000 (success/other) rsp=0xFFFFF8032A275438 exitCount=110950
[iommuret] hit #2885: HalpIommuInitSystem returned EAX=0x00000000 (success/other) rsp=0xFFFFF8032A275438 exitCount=110951
[iommuret] hit #2886: HalpIommuInitSystem returned EAX=0x00000000 (success/other) rsp=0xFFFFF8032A275438 exitCount=110952
[iommuret] hit #2887: HalpIommuInitSystem returned EAX=0x00000000 (success/other) rsp=0xFFFFF8032A275438 exitCount=110953
[iommuret] hit #2888: HalpIommuInitSystem returned EAX=0x00000000 (success/other) rsp=0xFFFFF8032A275438 exitCount=110954
[iommuret] hit #2889: HalpIommuInitSystem returned EAX=0x00000000 (success/other) rsp=0xFFFFF8032A275438 exitCount=110955
[iommuret] hit #2890: HalpIommuInitSystem returned EAX=0x00000000 (success/other) rsp=0xFFFFF8032A275438 exitCount=110956
[iommuret] hit #2891: HalpIommuInitSystem returned EAX=0x00000000 (success/other) rsp=0xFFFFF8032A275438 exitCount=110957
[iommuret] hit #2892: HalpIommuInitSystem returned EAX=0x00000000 (success/other) rsp=0xFFFFF8032A275438 exitCount=110958
[iommuret] hit #2893: HalpIommuInitSystem returned EAX=0x00000000 (success/other) rsp=0xFFFFF8032A275438 exitCount=110959
[iommuret] hit #2894: HalpIommuInitSystem returned EAX=0x00000000 (success/other) rsp=0xFFFFF8032A275438 exitCount=110960
[iommuret] hit #2895: HalpIommuInitSystem returned EAX=0x00000000 (success/other) rsp=0xFFFFF8032A275438 exitCount=110961
[iommuret] hit #2896: HalpIommuInitSystem returned EAX=0x00000000 (success/other) rsp=0xFFFFF8032A275438 exitCount=110962
[iommuret] hit #2897: HalpIommuInitSystem returned EAX=0x00000000 (success/other) rsp=0xFFFFF8032A275438 exitCount=110963
[iommuret] hit #2898: HalpIommuInitSystem returned EAX=0x00000000 (success/other) rsp=0xFFFFF8032A275438 exitCount=110964
[iommuret] hit #2899: HalpIommuInitSystem returned EAX=0x00000000 (success/other) rsp=0xFFFFF8032A275438 exitCount=110965
[iommuret] hit #2900: HalpIommuInitSystem returned EAX=0x00000000 (success/other) rsp=0xFFFFF8032A275438 exitCount=110966
[iommuret] hit #2901: HalpIommuInitSystem returned EAX=0x00000000 (success/other) rsp=0xFFFFF8032A275438 exitCount=110967
[iommuret] hit #2902: HalpIommuInitSystem returned EAX=0x00000000 (success/other) rsp=0xFFFFF8032A275438 exitCount=110968
[iommuret] hit #2903: HalpIommuInitSystem returned EAX=0x00000000 (success/other) rsp=0xFFFFF8032A275438 exitCount=110969
[iommuret] hit #2904: HalpIommuInitSystem returned EAX=0x00000000 (success/other) rsp=0xFFFFF8032A275438 exitCount=110970
[iommuret] hit #2905: HalpIommuInitSystem returned EAX=0x00000000 (success/other) rsp=0xFFFFF8032A275438 exitCount=110971
[iommuret] hit #2906: HalpIommuInitSystem returned EAX=0x00000000 (success/other) rsp=0xFFFFF8032A275438 exitCount=110972
[iommuret] hit #2907: HalpIommuInitSystem returned EAX=0x00000000 (success/other) rsp=0xFFFFF8032A275438 exitCount=110973
[iommuret] hit #2908: HalpIommuInitSystem returned EAX=0x00000000 (success/other) rsp=0xFFFFF8032A275438 exitCount=110974
[iommuret] hit #2909: HalpIommuInitSystem returned EAX=0x00000000 (success/other) rsp=0xFFFFF8032A275438 exitCount=110975
[iommuret] hit #2910: HalpIommuInitSystem returned EAX=0x00000000 (success/other) rsp=0xFFFFF8032A275438 exitCount=110976
[iommuret] hit #2911: HalpIommuInitSystem returned EAX=0x00000000 (success/other) rsp=0xFFFFF8032A275438 exitCount=110977
[iommuret] hit #2912: HalpIommuInitSystem returned EAX=0x00000000 (success/other) rsp=0xFFFFF8032A275438 exitCount=110978
[iommuret] hit #2913: HalpIommuInitSystem returned EAX=0x00000000 (success/other) rsp=0xFFFFF8032A275438 exitCount=110979
[iommuret] hit #2914: HalpIommuInitSystem returned EAX=0x00000000 (success/other) rsp=0xFFFFF8032A275438 exitCount=110980
[iommuret] hit #2915: HalpIommuInitSystem returned EAX=0x00000000 (success/other) rsp=0xFFFFF8032A275438 exitCount=110981
[iommuret] hit #2916: HalpIommuInitSystem returned EAX=0x00000000 (success/other) rsp=0xFFFFF8032A275438 exitCount=110982
[iommuret] hit #2917: HalpIommuInitSystem returned EAX=0x00000000 (success/other) rsp=0xFFFFF8032A275438 exitCount=110983
[iommuret] hit #2918: HalpIommuInitSystem returned EAX=0x00000000 (success/other) rsp=0xFFFFF8032A275438 exitCount=110984
[iommuret] hit #2919: HalpIommuInitSystem returned EAX=0x00000000 (success/other) rsp=0xFFFFF8032A275438 exitCount=110985
[iommuret] hit #2920: HalpIommuInitSystem returned EAX=0x00000000 (success/other) rsp=0xFFFFF8032A275438 exitCount=110986
[iommuret] hit #2921: HalpIommuInitSystem returned EAX=0x00000000 (success/other) rsp=0xFFFFF8032A275438 exitCount=110987
[iommuret] hit #2922: HalpIommuInitSystem returned EAX=0x00000000 (success/other) rsp=0xFFFFF8032A275438 exitCount=110988
[iommuret] hit #2923: HalpIommuInitSystem returned EAX=0x00000000 (success/other) rsp=0xFFFFF8032A275438 exitCount=110989
[iommuret] hit #2924: HalpIommuInitSystem returned EAX=0x00000000 (success/other) rsp=0xFFFFF8032A275438 exitCount=110990
[iommuret] hit #2925: HalpIommuInitSystem returned EAX=0x00000000 (success/other) rsp=0xFFFFF8032A275438 exitCount=110991
[iommuret] hit #2926: HalpIommuInitSystem returned EAX=0x00000000 (success/other) rsp=0xFFFFF8032A275438 exitCount=110992
[iommuret] hit #2927: HalpIommuInitSystem returned EAX=0x00000000 (success/other) rsp=0xFFFFF8032A275438 exitCount=110993
[iommuret] hit #2928: HalpIommuInitSystem returned EAX=0x00000000 (success/other) rsp=0xFFFFF8032A275438 exitCount=110994
[iommuret] hit #2929: HalpIommuInitSystem returned EAX=0x00000000 (success/other) rsp=0xFFFFF8032A275438 exitCount=110995
[iommuret] hit #2930: HalpIommuInitSystem returned EAX=0x00000000 (success/other) rsp=0xFFFFF8032A275438 exitCount=110996
[iommuret] hit #2931: HalpIommuInitSystem returned EAX=0x00000000 (success/other) rsp=0xFFFFF8032A275438 exitCount=110997
[iommuret] hit #2932: HalpIommuInitSystem returned EAX=0x00000000 (success/other) rsp=0xFFFFF8032A275438 exitCount=110998
[iommuret] hit #2933: HalpIommuInitSystem returned EAX=0x00000000 (success/other) rsp=0xFFFFF8032A275438 exitCount=110999
[iommuret] hit #2934: HalpIommuInitSystem returned EAX=0x00000000 (success/other) rsp=0xFFFFF8032A275438 exitCount=111000
[iommuret] hit #2935: HalpIommuInitSystem returned EAX=0x00000000 (success/other) rsp=0xFFFFF8032A275438 exitCount=111001
[iommuret] hit #2936: HalpIommuInitSystem returned EAX=0x00000000 (success/other) rsp=0xFFFFF8032A275438 exitCount=111002
[iommuret] hit #2937: HalpIommuInitSystem returned EAX=0x00000000 (success/other) rsp=0xFFFFF8032A275438 exitCount=111003
[iommuret] hit #2938: HalpIommuInitSystem returned EAX=0x00000000 (success/other) rsp=0xFFFFF8032A275438 exitCount=111004
[iommuret] hit #2939: HalpIommuInitSystem returned EAX=0x00000000 (success/other) rsp=0xFFFFF8032A275438 exitCount=111005
[iommuret] hit #2940: HalpIommuInitSystem returned EAX=0x00000000 (success/other) rsp=0xFFFFF8032A275438 exitCount=111006
[iommuret] hit #2941: HalpIommuInitSystem returned EAX=0x00000000 (success/other) rsp=0xFFFFF8032A275438 exitCount=111007
[iommuret] hit #2942: HalpIommuInitSystem returned EAX=0x00000000 (success/other) rsp=0xFFFFF8032A275438 exitCount=111008
[iommuret] hit #2943: HalpIommuInitSystem returned EAX=0x00000000 (success/other) rsp=0xFFFFF8032A275438 exitCount=111009
[iommuret] hit #2944: HalpIommuInitSystem returned EAX=0x00000000 (success/other) rsp=0xFFFFF8032A275438 exitCount=111010
[iommuret] hit #2945: HalpIommuInitSystem returned EAX=0x00000000 (success/other) rsp=0xFFFFF8032A275438 exitCount=111011
[iommuret] hit #2946: HalpIommuInitSystem returned EAX=0x00000000 (success/other) rsp=0xFFFFF8032A275438 exitCount=111012
[iommuret] hit #2947: HalpIommuInitSystem returned EAX=0x00000000 (success/other) rsp=0xFFFFF8032A275438 exitCount=111013
[iommuret] hit #2948: HalpIommuInitSystem returned EAX=0x00000000 (success/other) rsp=0xFFFFF8032A275438 exitCount=111014
[iommuret] hit #2949: HalpIommuInitSystem returned EAX=0x00000000 (success/other) rsp=0xFFFFF8032A275438 exitCount=111015
[iommuret] hit #2950: HalpIommuInitSystem returned EAX=0x00000000 (success/other) rsp=0xFFFFF8032A275438 exitCount=111016
[iommuret] hit #2951: HalpIommuInitSystem returned EAX=0x00000000 (success/other) rsp=0xFFFFF8032A275438 exitCount=111017
[iommuret] hit #2952: HalpIommuInitSystem returned EAX=0x00000000 (success/other) rsp=0xFFFFF8032A275438 exitCount=111018
[iommuret] hit #2953: HalpIommuInitSystem returned EAX=0x00000000 (success/other) rsp=0xFFFFF8032A275438 exitCount=111019
[iommuret] hit #2954: HalpIommuInitSystem returned EAX=0x00000000 (success/other) rsp=0xFFFFF8032A275438 exitCount=111020
[iommuret] hit #2955: HalpIommuInitSystem returned EAX=0x00000000 (success/other) rsp=0xFFFFF8032A275438 exitCount=111021
[iommuret] hit #2956: HalpIommuInitSystem returned EAX=0x00000000 (success/other) rsp=0xFFFFF8032A275438 exitCount=111022
[iommuret] hit #2957: HalpIommuInitSystem returned EAX=0x00000000 (success/other) rsp=0xFFFFF8032A275438 exitCount=111023
[iommuret] hit #2958: HalpIommuInitSystem returned EAX=0x00000000 (success/other) rsp=0xFFFFF8032A275438 exitCount=111024
[iommuret] hit #2959: HalpIommuInitSystem returned EAX=0x00000000 (success/other) rsp=0xFFFFF8032A275438 exitCount=111025
[iommuret] hit #2960: HalpIommuInitSystem returned EAX=0x00000000 (success/other) rsp=0xFFFFF8032A275438 exitCount=111026
[iommuret] hit #2961: HalpIommuInitSystem returned EAX=0x00000000 (success/other) rsp=0xFFFFF8032A275438 exitCount=111027
[iommuret] hit #2962: HalpIommuInitSystem returned EAX=0x00000000 (success/other) rsp=0xFFFFF8032A275438 exitCount=111028
[iommuret] hit #2963: HalpIommuInitSystem returned EAX=0x00000000 (success/other) rsp=0xFFFFF8032A275438 exitCount=111029
[iommuret] hit #2964: HalpIommuInitSystem returned EAX=0x00000000 (success/other) rsp=0xFFFFF8032A275438 exitCount=111030
[iommuret] hit #2965: HalpIommuInitSystem returned EAX=0x00000000 (success/other) rsp=0xFFFFF8032A275438 exitCount=111031
[iommuret] hit #2966: HalpIommuInitSystem returned EAX=0x00000000 (success/other) rsp=0xFFFFF8032A275438 exitCount=111032
[iommuret] hit #2967: HalpIommuInitSystem returned EAX=0x00000000 (success/other) rsp=0xFFFFF8032A275438 exitCount=111033
[iommuret] hit #2968: HalpIommuInitSystem returned EAX=0x00000000 (success/other) rsp=0xFFFFF8032A275438 exitCount=111034
[iommuret] hit #2969: HalpIommuInitSystem returned EAX=0x00000000 (success/other) rsp=0xFFFFF8032A275438 exitCount=111035
[iommuret] hit #2970: HalpIommuInitSystem returned EAX=0x00000000 (success/other) rsp=0xFFFFF8032A275438 exitCount=111036
[iommuret] hit #2971: HalpIommuInitSystem returned EAX=0x00000000 (success/other) rsp=0xFFFFF8032A275438 exitCount=111037
[iommuret] hit #2972: HalpIommuInitSystem returned EAX=0x00000000 (success/other) rsp=0xFFFFF8032A275438 exitCount=111038
[iommuret] hit #2973: HalpIommuInitSystem returned EAX=0x00000000 (success/other) rsp=0xFFFFF8032A275438 exitCount=111039
[iommuret] hit #2974: HalpIommuInitSystem returned EAX=0x00000000 (success/other) rsp=0xFFFFF8032A275438 exitCount=111040
[iommuret] hit #2975: HalpIommuInitSystem returned EAX=0x00000000 (success/other) rsp=0xFFFFF8032A275438 exitCount=111041
[iommuret] hit #2976: HalpIommuInitSystem returned EAX=0x00000000 (success/other) rsp=0xFFFFF8032A275438 exitCount=111042
[iommuret] hit #2977: HalpIommuInitSystem returned EAX=0x00000000 (success/other) rsp=0xFFFFF8032A275438 exitCount=111043
[iommuret] hit #2978: HalpIommuInitSystem returned EAX=0x00000000 (success/other) rsp=0xFFFFF8032A275438 exitCount=111044
[iommuret] hit #2979: HalpIommuInitSystem returned EAX=0x00000000 (success/other) rsp=0xFFFFF8032A275438 exitCount=111045
[iommuret] hit #2980: HalpIommuInitSystem returned EAX=0x00000000 (success/other) rsp=0xFFFFF8032A275438 exitCount=111046
[iommuret] hit #2981: HalpIommuInitSystem returned EAX=0x00000000 (success/other) rsp=0xFFFFF8032A275438 exitCount=111047
[iommuret] hit #2982: HalpIommuInitSystem returned EAX=0x00000000 (success/other) rsp=0xFFFFF8032A275438 exitCount=111048
[iommuret] hit #2983: HalpIommuInitSystem returned EAX=0x00000000 (success/other) rsp=0xFFFFF8032A275438 exitCount=111049
[iommuret] hit #2984: HalpIommuInitSystem returned EAX=0x00000000 (success/other) rsp=0xFFFFF8032A275438 exitCount=111050
[iommuret] hit #2985: HalpIommuInitSystem returned EAX=0x00000000 (success/other) rsp=0xFFFFF8032A275438 exitCount=111051
[iommuret] hit #2986: HalpIommuInitSystem returned EAX=0x00000000 (success/other) rsp=0xFFFFF8032A275438 exitCount=111052
[iommuret] hit #2987: HalpIommuInitSystem returned EAX=0x00000000 (success/other) rsp=0xFFFFF8032A275438 exitCount=111053
[iommuret] hit #2988: HalpIommuInitSystem returned EAX=0x00000000 (success/other) rsp=0xFFFFF8032A275438 exitCount=111054
[iommuret] hit #2989: HalpIommuInitSystem returned EAX=0x00000000 (success/other) rsp=0xFFFFF8032A275438 exitCount=111055
[iommuret] hit #2990: HalpIommuInitSystem returned EAX=0x00000000 (success/other) rsp=0xFFFFF8032A275438 exitCount=111056
[iommuret] hit #2991: HalpIommuInitSystem returned EAX=0x00000000 (success/other) rsp=0xFFFFF8032A275438 exitCount=111057
[iommuret] hit #2992: HalpIommuInitSystem returned EAX=0x00000000 (success/other) rsp=0xFFFFF8032A275438 exitCount=111058
[iommuret] hit #2993: HalpIommuInitSystem returned EAX=0x00000000 (success/other) rsp=0xFFFFF8032A275438 exitCount=111059
[iommuret] hit #2994: HalpIommuInitSystem returned EAX=0x00000000 (success/other) rsp=0xFFFFF8032A275438 exitCount=111060
[iommuret] hit #2995: HalpIommuInitSystem returned EAX=0x00000000 (success/other) rsp=0xFFFFF8032A275438 exitCount=111061
[iommuret] hit #2996: HalpIommuInitSystem returned EAX=0x00000000 (success/other) rsp=0xFFFFF8032A275438 exitCount=111062
[iommuret] hit #2997: HalpIommuInitSystem returned EAX=0x00000000 (success/other) rsp=0xFFFFF8032A275438 exitCount=111063
[iommuret] hit #2998: HalpIommuInitSystem returned EAX=0x00000000 (success/other) rsp=0xFFFFF8032A275438 exitCount=111064
[iommuret] hit #2999: HalpIommuInitSystem returned EAX=0x00000000 (success/other) rsp=0xFFFFF8032A275438 exitCount=111065
[iommuret] hit #3000: HalpIommuInitSystem returned EAX=0x00000000 (success/other) rsp=0xFFFFF8032A275438 exitCount=111066
[iommuret] cap reached (3000 hits) -- disabling DR3 for this pass
[heartbeat: exitCount=115000 elapsedSec=11.6 lastPort=0xB008 write=0 val=0xFF]
[cmos-ab] write reg=0x0A value=0x25 (RegA=0x25 RegB=0x02, PIE=0)
[ioapic-rte] controller id=1 entry=8 reg=0x20 value=0x000008D1 -> full RTE now 0x01000000000008D1 (vector=0xD1 masked=0)
[cmos-ab] write reg=0x0B value=0x02 (RegA=0x25 RegB=0x02, PIE=0)
[ioapic-rte] controller id=1 entry=8 reg=0x21 value=0x01000000 -> full RTE now 0x01000000000008D1 (vector=0xD1 masked=0)
[ioapic-rte] controller id=1 entry=8 reg=0x20 value=0x000008D1 -> full RTE now 0x01000000000008D1 (vector=0xD1 masked=0)
[cmos-ab] write reg=0x0B value=0x42 (RegA=0x25 RegB=0x42, PIE=1)
[rtc-diag] tick #1 FIRED vector=0xD1, skippedTotal=0 firedTotal=1
[rtc-diag] tick #2 FIRED vector=0xD1, skippedTotal=0 firedTotal=2
[rtc-diag] tick #3 FIRED vector=0xD1, skippedTotal=0 firedTotal=3
[rtc-diag] tick #4 FIRED vector=0xD1, skippedTotal=0 firedTotal=4
[rtc-diag] tick #5 FIRED vector=0xD1, skippedTotal=0 firedTotal=5
[rtc-diag] tick #6 FIRED vector=0xD1, skippedTotal=0 firedTotal=6
[rtc-diag] tick #7 FIRED vector=0xD1, skippedTotal=0 firedTotal=7
[rtc-diag] tick #8 FIRED vector=0xD1, skippedTotal=0 firedTotal=8
[rtc-diag] tick #9 FIRED vector=0xD1, skippedTotal=0 firedTotal=9
[rtc-diag] tick #10 FIRED vector=0xD1, skippedTotal=0 firedTotal=10
[rtc-diag] tick #11 FIRED vector=0xD1, skippedTotal=0 firedTotal=11
[rtc-diag] tick #12 FIRED vector=0xD1, skippedTotal=0 firedTotal=12
[rtc-diag] tick #13 FIRED vector=0xD1, skippedTotal=0 firedTotal=13
[rtc-diag] tick #14 FIRED vector=0xD1, skippedTotal=0 firedTotal=14
[rtc-diag] tick #15 FIRED vector=0xD1, skippedTotal=0 firedTotal=15
[rtc-diag] tick #16 FIRED vector=0xD1, skippedTotal=0 firedTotal=16
[rtc-diag] tick #17 FIRED vector=0xD1, skippedTotal=0 firedTotal=17
[rtc-diag] tick #18 FIRED vector=0xD1, skippedTotal=0 firedTotal=18
[rtc-diag] tick #19 FIRED vector=0xD1, skippedTotal=0 firedTotal=19
[rtc-diag] tick #20 FIRED vector=0xD1, skippedTotal=0 firedTotal=20
[rtc-diag] tick #21 FIRED vector=0xD1, skippedTotal=0 firedTotal=21
[rtc-diag] tick #22 FIRED vector=0xD1, skippedTotal=0 firedTotal=22
[rtc-diag] tick #23 FIRED vector=0xD1, skippedTotal=0 firedTotal=23
[rtc-diag] tick #24 FIRED vector=0xD1, skippedTotal=0 firedTotal=24
[rtc-diag] tick #25 FIRED vector=0xD1, skippedTotal=0 firedTotal=25
[rtc-diag] tick #26 FIRED vector=0xD1, skippedTotal=0 firedTotal=26
[rtc-diag] tick #27 FIRED vector=0xD1, skippedTotal=0 firedTotal=27
[rtc-diag] tick #28 FIRED vector=0xD1, skippedTotal=0 firedTotal=28
[rtc-diag] tick #29 FIRED vector=0xD1, skippedTotal=0 firedTotal=29
[rtc-diag] tick #30 FIRED vector=0xD1, skippedTotal=0 firedTotal=30
[cmos-ab] write reg=0x0B value=0x02 (RegA=0x25 RegB=0x02, PIE=0)
[u33] EDGE pass=1 exitCount=119795 pool[0]: +0x08 0x0->0xFFFF998662202000 +0x10 0x0->0xFFFFB18181800000 +0x08 INIT(null->set) +0x10 INIT(null->set)
[heartbeat: exitCount=120000 elapsedSec=12.6 lastPort=0xCFC write=0 val=0xC]
[heartbeat: exitCount=125000 elapsedSec=12.8 lastPort=0xCF8 write=1 val=0xC]
[heartbeat: exitCount=130000 elapsedSec=12.9 lastPort=0xCF8 write=1 val=0xC]
[heartbeat: exitCount=135000 elapsedSec=13.4 lastPort=0xCFC write=0 val=0xC]
[heartbeat: exitCount=140000 elapsedSec=13.6 lastPort=0xCF8 write=1 val=0xC]
[cmos-ab] write reg=0x0B value=0x02 (RegA=0x25 RegB=0x02, PIE=0)
[ioapic-rte] controller id=1 entry=8 reg=0x21 value=0x01000000 -> full RTE now 0x01000000000008D1 (vector=0xD1 masked=0)
[ioapic-rte] controller id=1 entry=8 reg=0x20 value=0x000008D1 -> full RTE now 0x01000000000008D1 (vector=0xD1 masked=0)
[cmos-ab] write reg=0x0B value=0x42 (RegA=0x25 RegB=0x42, PIE=1)
[heartbeat: exitCount=145000 elapsedSec=14.1 lastPort=0xB008 write=0 val=0x9]
[cmos-ab] write reg=0x0B value=0x02 (RegA=0x25 RegB=0x02, PIE=0)
[cmos-ab] write reg=0x0B value=0x42 (RegA=0x25 RegB=0x42, PIE=1)
[cmos-ab] write reg=0x0B value=0x02 (RegA=0x25 RegB=0x02, PIE=0)
[cmos-ab] write reg=0x0B value=0x42 (RegA=0x25 RegB=0x42, PIE=1)
[cmos-ab] write reg=0x0B value=0x02 (RegA=0x25 RegB=0x02, PIE=0)
[cmos-ab] write reg=0x0B value=0x42 (RegA=0x25 RegB=0x42, PIE=1)

[BUGCHECK] hit #1: KeBugCheckEx code=0xA5 p1=0x11 p2=0x3 p3=0x0 exitCount=146959
[BUGCHECK]   p4=0x0  caller(return)=0xFFFFF803279C0454[kerneldiag] candidate address 0xFFFFF803279C0454 resolves to module base 0xFFFFF80327900000 (+0xC0454 into it)
[kerneldiag] debug directory: type=2 codeViewRva=0x73F3C
[kerneldiag] module PDB name: acpi.pdb guid=662B8231-E47D-1FF9-F7E8C8FD1B44A572 age=1
  (base 0xFFFFF80327900000 RVA 0xC0454)
[BUGCHECK]   stack (canonical kernel qwords):
[BUGCHECK]     [rsp+0x00]=0xFFFFF803279C0454[kerneldiag] candidate address 0xFFFFF803279C0454 resolves to module base 0xFFFFF80327900000 (+0xC0454 into it)
[kerneldiag] debug directory: type=2 codeViewRva=0x73F3C
[kerneldiag] module PDB name: acpi.pdb guid=662B8231-E47D-1FF9-F7E8C8FD1B44A572 age=1
  (RVA 0xC0454)
[BUGCHECK]     [rsp+0x10]=0xFFFFF803279701CA[kerneldiag] candidate address 0xFFFFF803279701CA resolves to module base 0xFFFFF80327900000 (+0x701CA into it)
[kerneldiag] debug directory: type=2 codeViewRva=0x73F3C
[kerneldiag] module PDB name: acpi.pdb guid=662B8231-E47D-1FF9-F7E8C8FD1B44A572 age=1
  (RVA 0x701CA)
[BUGCHECK]     [rsp+0x18]=0xFFFF99866285C9A0[kerneldiag] no PE header found scanning VA back from 0xFFFF99866285C9A0

[BUGCHECK]     [rsp+0x20]=0xFFFF998662881860[kerneldiag] no PE header found scanning VA back from 0xFFFF998662881860

[BUGCHECK]     [rsp+0x30]=0xFFFFF803C0140019[kerneldiag] no PE header found scanning VA back from 0xFFFFF803C0140019

[heartbeat: exitCount=150000 elapsedSec=15.9 lastPort=0xB008 write=0 val=0xC]
[heartbeat: exitCount=155000 elapsedSec=16.1 lastPort=0xB008 write=0 val=0xC]
[heartbeat: exitCount=160000 elapsedSec=16.2 lastPort=0xB008 write=0 val=0xC]
[heartbeat: exitCount=165000 elapsedSec=16.4 lastPort=0xB008 write=0 val=0xC]
[heartbeat: exitCount=170000 elapsedSec=16.5 lastPort=0xB008 write=0 val=0xC]
[heartbeat: exitCount=175000 elapsedSec=16.7 lastPort=0xB008 write=0 val=0xC]
[heartbeat: exitCount=180000 elapsedSec=16.8 lastPort=0xB008 write=0 val=0xC]
[heartbeat: exitCount=185000 elapsedSec=16.9 lastPort=0xB008 write=0 val=0xC]
[heartbeat: exitCount=190000 elapsedSec=17.1 lastPort=0xB008 write=0 val=0xC]
[heartbeat: exitCount=195000 elapsedSec=17.2 lastPort=0xB008 write=0 val=0xC]
[heartbeat: exitCount=200000 elapsedSec=17.5 lastPort=0xB008 write=0 val=0xC]
[heartbeat: exitCount=205000 elapsedSec=17.6 lastPort=0xB008 write=0 val=0xC]
[heartbeat: exitCount=210000 elapsedSec=17.8 lastPort=0xB008 write=0 val=0xC]
[heartbeat: exitCount=215000 elapsedSec=17.9 lastPort=0xB008 write=0 val=0xC]
[heartbeat: exitCount=220000 elapsedSec=18.0 lastPort=0xB008 write=0 val=0xC]
[heartbeat: exitCount=225000 elapsedSec=18.2 lastPort=0xB008 write=0 val=0xC]
[heartbeat: exitCount=230000 elapsedSec=18.4 lastPort=0xB008 write=0 val=0xC]
[heartbeat: exitCount=235000 elapsedSec=18.5 lastPort=0xB008 write=0 val=0xC]
[heartbeat: exitCount=240000 elapsedSec=18.7 lastPort=0xB008 write=0 val=0xC]
[heartbeat: exitCount=245000 elapsedSec=18.9 lastPort=0xB008 write=0 val=0xC]
[heartbeat: exitCount=250000 elapsedSec=19.1 lastPort=0xB008 write=0 val=0xC]
[heartbeat: exitCount=255000 elapsedSec=19.3 lastPort=0xB008 write=0 val=0xC]
[heartbeat: exitCount=260000 elapsedSec=19.5 lastPort=0xB008 write=0 val=0xC]
[heartbeat: exitCount=265000 elapsedSec=19.6 lastPort=0xB008 write=0 val=0xC]
[heartbeat: exitCount=270000 elapsedSec=19.9 lastPort=0xB008 write=0 val=0xC]
[heartbeat: exitCount=275000 elapsedSec=20.0 lastPort=0xB008 write=0 val=0xC]
[heartbeat: exitCount=280000 elapsedSec=20.2 lastPort=0xB008 write=0 val=0xC]
[heartbeat: exitCount=285000 elapsedSec=20.4 lastPort=0xB008 write=0 val=0xC]
[heartbeat: exitCount=290000 elapsedSec=20.6 lastPort=0xB008 write=0 val=0xC]
[heartbeat: exitCount=295000 elapsedSec=20.7 lastPort=0xB008 write=0 val=0xC]
[heartbeat: exitCount=300000 elapsedSec=20.8 lastPort=0xB008 write=0 val=0xC]
[heartbeat: exitCount=305000 elapsedSec=20.9 lastPort=0xB008 write=0 val=0xC]
[heartbeat: exitCount=310000 elapsedSec=21.0 lastPort=0xB008 write=0 val=0xC]
[heartbeat: exitCount=315000 elapsedSec=21.1 lastPort=0xB008 write=0 val=0xC]
[heartbeat: exitCount=320000 elapsedSec=21.2 lastPort=0xB008 write=0 val=0xC]
[heartbeat: exitCount=325000 elapsedSec=21.3 lastPort=0xB008 write=0 val=0xC]
[heartbeat: exitCount=330000 elapsedSec=21.4 lastPort=0xB008 write=0 val=0xC]
[heartbeat: exitCount=335000 elapsedSec=21.6 lastPort=0xB008 write=0 val=0xC]
[heartbeat: exitCount=340000 elapsedSec=21.7 lastPort=0xB008 write=0 val=0xC]
[heartbeat: exitCount=345000 elapsedSec=21.8 lastPort=0xB008 write=0 val=0xC]
[heartbeat: exitCount=350000 elapsedSec=22.0 lastPort=0xB008 write=0 val=0xC]
[heartbeat: exitCount=355000 elapsedSec=22.1 lastPort=0xB008 write=0 val=0xC]
[heartbeat: exitCount=360000 elapsedSec=22.2 lastPort=0xB008 write=0 val=0xC]
[heartbeat: exitCount=365000 elapsedSec=22.3 lastPort=0xB008 write=0 val=0xC]
[heartbeat: exitCount=370000 elapsedSec=22.4 lastPort=0xB008 write=0 val=0xC]
[heartbeat: exitCount=375000 elapsedSec=22.5 lastPort=0xB008 write=0 val=0xC]
[heartbeat: exitCount=380000 elapsedSec=22.6 lastPort=0xB008 write=0 val=0xC]
[heartbeat: exitCount=385000 elapsedSec=22.7 lastPort=0xB008 write=0 val=0xC]
[heartbeat: exitCount=390000 elapsedSec=22.8 lastPort=0xB008 write=0 val=0xC]
[heartbeat: exitCount=395000 elapsedSec=22.9 lastPort=0xB008 write=0 val=0xC]
[heartbeat: exitCount=400000 elapsedSec=23.0 lastPort=0xB008 write=0 val=0xC]
[heartbeat: exitCount=405000 elapsedSec=23.1 lastPort=0xB008 write=0 val=0xC]
[heartbeat: exitCount=410000 elapsedSec=23.2 lastPort=0xB008 write=0 val=0xC]
[heartbeat: exitCount=415000 elapsedSec=23.3 lastPort=0xB008 write=0 val=0xC]
[heartbeat: exitCount=420000 elapsedSec=23.8 lastPort=0xB008 write=0 val=0xC]
[heartbeat: exitCount=425000 elapsedSec=24.3 lastPort=0xB008 write=0 val=0xC]
[heartbeat: exitCount=430000 elapsedSec=24.4 lastPort=0xB008 write=0 val=0xC]
[heartbeat: exitCount=435000 elapsedSec=24.6 lastPort=0xB008 write=0 val=0xC]
[heartbeat: exitCount=440000 elapsedSec=24.7 lastPort=0xB008 write=0 val=0xC]
[heartbeat: exitCount=445000 elapsedSec=24.7 lastPort=0xB008 write=0 val=0xC]
[heartbeat: exitCount=450000 elapsedSec=24.8 lastPort=0xB008 write=0 val=0xC]
[heartbeat: exitCount=455000 elapsedSec=25.3 lastPort=0xB008 write=0 val=0xC]
[heartbeat: exitCount=460000 elapsedSec=25.4 lastPort=0xB008 write=0 val=0xC]
[rtc-diag] tick #500 SKIPPED (interrupts disabled), skippedTotal=422 firedTotal=78
[heartbeat: exitCount=465000 elapsedSec=25.6 lastPort=0xB008 write=0 val=0xC]
[heartbeat: exitCount=470000 elapsedSec=25.7 lastPort=0xB008 write=0 val=0xC]
[heartbeat: exitCount=475000 elapsedSec=25.8 lastPort=0xB008 write=0 val=0xC]
[cmos-ab] write reg=0x0B value=0x02 (RegA=0x25 RegB=0x02, PIE=0)
[cmos-ab] write reg=0x0B value=0x02 (RegA=0x25 RegB=0x02, PIE=0)
[reset] port 0x64/0xFE keyboard-controller reset pulse honored -- vCPU restarted at reset vector (exitCount=478935)
[fwcfg] select #24: selector=0x0
[fwcfg] select #25: selector=0x1
[fwcfg] select #26: selector=0x19
[fwcfg] select #27: selector=0x19
[fwcfg] select #28: selector=0x19
[fwcfg] select #29: selector=0x19
[fwcfg] select #30: selector=0x19
[fwcfg] select #31: selector=0x19
[fwcfg] select #32: selector=0x19
[fwcfg] select #33: selector=0x19
[fwcfg] select #34: selector=0x0
[fwcfg] select #35: selector=0x1
[fwcfg] select #36: selector=0x19
[fwcfg] select #37: selector=0xE
[fwcfg] select #38: selector=0x5
[heartbeat: exitCount=480000 elapsedSec=26.6 lastPort=0xB008 write=0 val=0x2]
[heartbeat: exitCount=485000 elapsedSec=27.1 lastPort=0xB008 write=0 val=0x2]
[fwcfg] select #39: selector=0x23
[ramfb] configured: address=0xBE500000 800x600 stride=3200
[cmos-ab] write reg=0x0A value=0x26 (RegA=0x26 RegB=0x02, PIE=0)
[fwcfg] select #40: selector=0x17
[heartbeat: exitCount=490000 elapsedSec=27.5 lastPort=0xCF8 write=1 val=0x89]
[2J[001;001H[=3h[2J[001;001H[2J[001;001H[8;056;240t[2J[001;001H[2J[001;001H[=3h[2J[001;001H[2J[001;001H[8;031;100t[2J[001;001H[aux] controller: disable AUX port
[heartbeat: exitCount=495000 elapsedSec=28.0 lastPort=0xCF8 write=1 val=0x0]
[heartbeat: exitCount=500000 elapsedSec=28.1 lastPort=0xB008 write=0 val=0x0]
BdsDxe: loading Boot0002 "UEFI LocalHost Virtual Disk LH0001 " from PciRoot(0x0)/Pci(0x2,0x0)/Sata(0x0,0xFFFF,0x0)
BdsDxe: starting Boot0002 "UEFI LocalHost Virtual Disk LH0001 " from PciRoot(0x0)/Pci(0x2,0x0)/Sata(0x0,0xFFFF,0x0)
[2J[001;001H[=3h[2J[001;001H[heartbeat: exitCount=505000 elapsedSec=29.8 lastPort=0x2FD write=0 val=0x89]
[heartbeat: exitCount=510000 elapsedSec=30.8 lastPort=0xB008 write=0 val=0x89]
[heartbeat: exitCount=515000 elapsedSec=32.4 lastPort=0xB008 write=0 val=0x89]
[heartbeat: exitCount=520000 elapsedSec=33.2 lastPort=0xB008 write=0 val=0x89]
[heartbeat: exitCount=525000 elapsedSec=33.6 lastPort=0xB008 write=0 val=0x89]
[heartbeat: exitCount=530000 elapsedSec=34.0 lastPort=0xB008 write=0 val=0x89]
[heartbeat: exitCount=535000 elapsedSec=34.3 lastPort=0xB008 write=0 val=0x89]
[heartbeat: exitCount=540000 elapsedSec=34.6 lastPort=0xB008 write=0 val=0x89]
[heartbeat: exitCount=545000 elapsedSec=34.8 lastPort=0xB008 write=0 val=0x89]
[heartbeat: exitCount=550000 elapsedSec=35.2 lastPort=0xB008 write=0 val=0x89]
[heartbeat: exitCount=555000 elapsedSec=35.7 lastPort=0xB008 write=0 val=0x89]
[heartbeat: exitCount=560000 elapsedSec=36.0 lastPort=0xB008 write=0 val=0x89]
[heartbeat: exitCount=565000 elapsedSec=36.3 lastPort=0xB008 write=0 val=0x89]
[aux] controller: disable AUX port
[heartbeat: exitCount=570000 elapsedSec=39.4 lastPort=0xCF8 write=1 val=0x0]
[heartbeat: exitCount=575000 elapsedSec=39.6 lastPort=0xCF8 write=1 val=0x0]
[heartbeat: exitCount=580000 elapsedSec=39.7 lastPort=0xCF8 write=1 val=0x0]
[heartbeat: exitCount=585000 elapsedSec=39.9 lastPort=0xCF8 write=1 val=0x0]
[kerneldiag] candidate address 0xFFFFF800341A57DD resolves to module base 0xFFFFF80033E00000 (+0x3A57DD into it)
[kerneldiag] debug directory: type=2 codeViewRva=0x40970
[kerneldiag] module PDB name: ntkrnlmp.pdb guid=D9424FC4-861E-47C1-0FAD1B35DEC6DCC8 age=1
[wp] DISCOVERY at exitCount=586243 (pass 2)
[wp] armed breakpoints at module base 0xFFFFF80033E00000 (DR2 LFH-check armed=1): DR0=+0xA3D054 (U34 ExInitializePoolHeapManagement entry, VA=0xFFFFF8003483D054), DR1=+0x3FD6F0 (KeBugCheckEx, VA=0xFFFFF800341FD6F0), DR2=+0x343B49 (RtlpHpLfhOwnerMoveSubsegment entry, VA=0xFFFFF80034143B49), DR3=+0x9A188F (HalpIommuInitSystem ret, VA=0xFFFFF800347A188F)
[u32] ExPoolState pool-descriptor fields (pass 2):
[u32]   pool[0] desc@RVA0xC57EC0: +0x08=0x0 +0x10=0x0  <== +0x10 NULL
[u32]   pool[1] desc@RVA0xC59F80: +0x08=0x0 +0x10=0x0  <== +0x10 NULL
[u32]   pool[2] desc@RVA0xC5C040: +0x08=0x0 +0x10=0x0  <== +0x10 NULL
[u32]   pool[3] desc@RVA0xC5E100: +0x08=0x0 +0x10=0x0  <== +0x10 NULL
[u32]   pool[4] desc@RVA0xC601C0: +0x08=0x0 +0x10=0x0  <== +0x10 NULL
[u32]   pool[5] desc@RVA0xC62280: +0x08=0x0 +0x10=0x0  <== +0x10 NULL
[u32]   pool[6] desc@RVA0xC64340: +0x08=0x0 +0x10=0x0  <== +0x10 NULL
[u32]   pool[7] desc@RVA0xC66400: +0x08=0x0 +0x10=0x0  <== +0x10 NULL
[u33] pass boundary -- re-baselining pool-descriptor tracker for pass 2
[u33] baseline pass=2 exitCount=586243 pool[0] +0x08=0x0 +0x10=0x0
[u33] baseline pass=2 exitCount=586243 pool[1] +0x08=0x0 +0x10=0x0
[u33] baseline pass=2 exitCount=586243 pool[2] +0x08=0x0 +0x10=0x0
[u33] baseline pass=2 exitCount=586243 pool[3] +0x08=0x0 +0x10=0x0
[iommuret] hit #1: HalpIommuInitSystem returned EAX=0x00000000 (success/other) rsp=0xFFFFF8003A675438 exitCount=586515
[iommuret] hit #2: HalpIommuInitSystem returned EAX=0x00000000 (success/other) rsp=0xFFFFF8003A675438 exitCount=586516
[iommuret] hit #3: HalpIommuInitSystem returned EAX=0x00000000 (success/other) rsp=0xFFFFF8003A675438 exitCount=586517
[iommuret] hit #4: HalpIommuInitSystem returned EAX=0x00000000 (success/other) rsp=0xFFFFF8003A675438 exitCount=586518
[iommuret] hit #5: HalpIommuInitSystem returned EAX=0x00000000 (success/other) rsp=0xFFFFF8003A675438 exitCount=586519
[iommuret] hit #6: HalpIommuInitSystem returned EAX=0x00000000 (success/other) rsp=0xFFFFF8003A675438 exitCount=586520
[iommuret] hit #7: HalpIommuInitSystem returned EAX=0x00000000 (success/other) rsp=0xFFFFF8003A675438 exitCount=586521
[iommuret] hit #8: HalpIommuInitSystem returned EAX=0x00000000 (success/other) rsp=0xFFFFF8003A675438 exitCount=586522
[iommuret] hit #9: HalpIommuInitSystem returned EAX=0x00000000 (success/other) rsp=0xFFFFF8003A675438 exitCount=586523
[iommuret] hit #10: HalpIommuInitSystem returned EAX=0x00000000 (success/other) rsp=0xFFFFF8003A675438 exitCount=586524
[iommuret] hit #11: HalpIommuInitSystem returned EAX=0x00000000 (success/other) rsp=0xFFFFF8003A675438 exitCount=586525
[iommuret] hit #12: HalpIommuInitSystem returned EAX=0x00000000 (success/other) rsp=0xFFFFF8003A675438 exitCount=586526
[iommuret] hit #13: HalpIommuInitSystem returned EAX=0x00000000 (success/other) rsp=0xFFFFF8003A675438 exitCount=586527
[iommuret] hit #14: HalpIommuInitSystem returned EAX=0x00000000 (success/other) rsp=0xFFFFF8003A675438 exitCount=586528
[iommuret] hit #15: HalpIommuInitSystem returned EAX=0x00000000 (success/other) rsp=0xFFFFF8003A675438 exitCount=586529
[iommuret] hit #16: HalpIommuInitSystem returned EAX=0x00000000 (success/other) rsp=0xFFFFF8003A675438 exitCount=586530
[iommuret] hit #17: HalpIommuInitSystem returned EAX=0x00000000 (success/other) rsp=0xFFFFF8003A675438 exitCount=586531
[iommuret] hit #18: HalpIommuInitSystem returned EAX=0x00000000 (success/other) rsp=0xFFFFF8003A675438 exitCount=586532
[iommuret] hit #19: HalpIommuInitSystem returned EAX=0x00000000 (success/other) rsp=0xFFFFF8003A675438 exitCount=586533
[iommuret] hit #20: HalpIommuInitSystem returned EAX=0x00000000 (success/other) rsp=0xFFFFF8003A675438 exitCount=586534
[iommuret] hit #21: HalpIommuInitSystem returned EAX=0x00000000 (success/other) rsp=0xFFFFF8003A675438 exitCount=586535
[iommuret] hit #22: HalpIommuInitSystem returned EAX=0x00000000 (success/other) rsp=0xFFFFF8003A675438 exitCount=586536
[iommuret] hit #23: HalpIommuInitSystem returned EAX=0x00000000 (success/other) rsp=0xFFFFF8003A675438 exitCount=586537
[iommuret] hit #24: HalpIommuInitSystem returned EAX=0x00000000 (success/other) rsp=0xFFFFF8003A675438 exitCount=586538
[iommuret] hit #25: HalpIommuInitSystem returned EAX=0x00000000 (success/other) rsp=0xFFFFF8003A675438 exitCount=586539
[iommuret] hit #26: HalpIommuInitSystem returned EAX=0x00000000 (success/other) rsp=0xFFFFF8003A675438 exitCount=586540
[iommuret] hit #27: HalpIommuInitSystem returned EAX=0x00000000 (success/other) rsp=0xFFFFF8003A675438 exitCount=586541
[iommuret] hit #28: HalpIommuInitSystem returned EAX=0x00000000 (success/other) rsp=0xFFFFF8003A675438 exitCount=586542
[iommuret] hit #29: HalpIommuInitSystem returned EAX=0x00000000 (success/other) rsp=0xFFFFF8003A675438 exitCount=586543
[iommuret] hit #30: HalpIommuInitSystem returned EAX=0x00000000 (success/other) rsp=0xFFFFF8003A675438 exitCount=586544
[iommuret] hit #31: HalpIommuInitSystem returned EAX=0x00000000 (success/other) rsp=0xFFFFF8003A675438 exitCount=586545
[iommuret] hit #32: HalpIommuInitSystem returned EAX=0x00000000 (success/other) rsp=0xFFFFF8003A675438 exitCount=586546
[iommuret] hit #33: HalpIommuInitSystem returned EAX=0x00000000 (success/other) rsp=0xFFFFF8003A675438 exitCount=586547
[iommuret] hit #34: HalpIommuInitSystem returned EAX=0x00000000 (success/other) rsp=0xFFFFF8003A675438 exitCount=586548
[iommuret] hit #35: HalpIommuInitSystem returned EAX=0x00000000 (success/other) rsp=0xFFFFF8003A675438 exitCount=586549
[iommuret] hit #36: HalpIommuInitSystem returned EAX=0x00000000 (success/other) rsp=0xFFFFF8003A675438 exitCount=586550
[iommuret] hit #37: HalpIommuInitSystem returned EAX=0x00000000 (success/other) rsp=0xFFFFF8003A675438 exitCount=586551
[iommuret] hit #38: HalpIommuInitSystem returned EAX=0x00000000 (success/other) rsp=0xFFFFF8003A675438 exitCount=586552
[iommuret] hit #39: HalpIommuInitSystem returned EAX=0x00000000 (success/other) rsp=0xFFFFF8003A675438 exitCount=586553
[iommuret] hit #40: HalpIommuInitSystem returned EAX=0x00000000 (success/other) rsp=0xFFFFF8003A675438 exitCount=586554
[iommuret] hit #41: HalpIommuInitSystem returned EAX=0x00000000 (success/other) rsp=0xFFFFF8003A675438 exitCount=586555
[iommuret] hit #42: HalpIommuInitSystem returned EAX=0x00000000 (success/other) rsp=0xFFFFF8003A675438 exitCount=586556
[iommuret] hit #43: HalpIommuInitSystem returned EAX=0x00000000 (success/other) rsp=0xFFFFF8003A675438 exitCount=586557
[iommuret] hit #44: HalpIommuInitSystem returned EAX=0x00000000 (success/other) rsp=0xFFFFF8003A675438 exitCount=586558
[iommuret] hit #45: HalpIommuInitSystem returned EAX=0x00000000 (success/other) rsp=0xFFFFF8003A675438 exitCount=586559
[iommuret] hit #46: HalpIommuInitSystem returned EAX=0x00000000 (success/other) rsp=0xFFFFF8003A675438 exitCount=586560
[iommuret] hit #47: HalpIommuInitSystem returned EAX=0x00000000 (success/other) rsp=0xFFFFF8003A675438 exitCount=586561
[iommuret] hit #48: HalpIommuInitSystem returned EAX=0x00000000 (success/other) rsp=0xFFFFF8003A675438 exitCount=586562
[iommuret] hit #49: HalpIommuInitSystem returned EAX=0x00000000 (success/other) rsp=0xFFFFF8003A675438 exitCount=586563
[iommuret] hit #50: HalpIommuInitSystem returned EAX=0x00000000 (success/other) rsp=0xFFFFF8003A675438 exitCount=586564
[iommuret] hit #51: HalpIommuInitSystem returned EAX=0x00000000 (success/other) rsp=0xFFFFF8003A675438 exitCount=586565
[iommuret] hit #52: HalpIommuInitSystem returned EAX=0x00000000 (success/other) rsp=0xFFFFF8003A675438 exitCount=586566
[iommuret] hit #53: HalpIommuInitSystem returned EAX=0x00000000 (success/other) rsp=0xFFFFF8003A675438 exitCount=586567
[iommuret] hit #54: HalpIommuInitSystem returned EAX=0x00000000 (success/other) rsp=0xFFFFF8003A675438 exitCount=586568
[iommuret] hit #55: HalpIommuInitSystem returned EAX=0x00000000 (success/other) rsp=0xFFFFF8003A675438 exitCount=586569
[iommuret] hit #56: HalpIommuInitSystem returned EAX=0x00000000 (success/other) rsp=0xFFFFF8003A675438 exitCount=586570
[iommuret] hit #57: HalpIommuInitSystem returned EAX=0x00000000 (success/other) rsp=0xFFFFF8003A675438 exitCount=586571
[iommuret] hit #58: HalpIommuInitSystem returned EAX=0x00000000 (success/other) rsp=0xFFFFF8003A675438 exitCount=586572
[iommuret] hit #59: HalpIommuInitSystem returned EAX=0x00000000 (success/other) rsp=0xFFFFF8003A675438 exitCount=586573
[iommuret] hit #60: HalpIommuInitSystem returned EAX=0x00000000 (success/other) rsp=0xFFFFF8003A675438 exitCount=586574
[iommuret] hit #61: HalpIommuInitSystem returned EAX=0x00000000 (success/other) rsp=0xFFFFF8003A675438 exitCount=586575
[iommuret] hit #62: HalpIommuInitSystem returned EAX=0x00000000 (success/other) rsp=0xFFFFF8003A675438 exitCount=586576
[iommuret] hit #63: HalpIommuInitSystem returned EAX=0x00000000 (success/other) rsp=0xFFFFF8003A675438 exitCount=586577
[iommuret] hit #64: HalpIommuInitSystem returned EAX=0x00000000 (success/other) rsp=0xFFFFF8003A675438 exitCount=586578
[iommuret] hit #65: HalpIommuInitSystem returned EAX=0x00000000 (success/other) rsp=0xFFFFF8003A675438 exitCount=586579
[iommuret] hit #66: HalpIommuInitSystem returned EAX=0x00000000 (success/other) rsp=0xFFFFF8003A675438 exitCount=586580
[iommuret] hit #67: HalpIommuInitSystem returned EAX=0x00000000 (success/other) rsp=0xFFFFF8003A675438 exitCount=586581
[iommuret] hit #68: HalpIommuInitSystem returned EAX=0x00000000 (success/other) rsp=0xFFFFF8003A675438 exitCount=586582
[iommuret] hit #69: HalpIommuInitSystem returned EAX=0x00000000 (success/other) rsp=0xFFFFF8003A675438 exitCount=586583
[iommuret] hit #70: HalpIommuInitSystem returned EAX=0x00000000 (success/other) rsp=0xFFFFF8003A675438 exitCount=586584
[iommuret] hit #71: HalpIommuInitSystem returned EAX=0x00000000 (success/other) rsp=0xFFFFF8003A675438 exitCount=586585
[iommuret] hit #72: HalpIommuInitSystem returned EAX=0x00000000 (success/other) rsp=0xFFFFF8003A675438 exitCount=586586
[iommuret] hit #73: HalpIommuInitSystem returned EAX=0x00000000 (success/other) rsp=0xFFFFF8003A675438 exitCount=586587
[iommuret] hit #74: HalpIommuInitSystem returned EAX=0x00000000 (success/other) rsp=0xFFFFF8003A675438 exitCount=586588
[iommuret] hit #75: HalpIommuInitSystem returned EAX=0x00000000 (success/other) rsp=0xFFFFF8003A675438 exitCount=586589
[iommuret] hit #76: HalpIommuInitSystem returned EAX=0x00000000 (success/other) rsp=0xFFFFF8003A675438 exitCount=586590
[iommuret] hit #77: HalpIommuInitSystem returned EAX=0x00000000 (success/other) rsp=0xFFFFF8003A675438 exitCount=586591
[iommuret] hit #78: HalpIommuInitSystem returned EAX=0x00000000 (success/other) rsp=0xFFFFF8003A675438 exitCount=586592
[iommuret] hit #79: HalpIommuInitSystem returned EAX=0x00000000 (success/other) rsp=0xFFFFF8003A675438 exitCount=586593
[iommuret] hit #80: HalpIommuInitSystem returned EAX=0x00000000 (success/other) rsp=0xFFFFF8003A675438 exitCount=586594
[iommuret] hit #81: HalpIommuInitSystem returned EAX=0x00000000 (success/other) rsp=0xFFFFF8003A675438 exitCount=586595
[iommuret] hit #82: HalpIommuInitSystem returned EAX=0x00000000 (success/other) rsp=0xFFFFF8003A675438 exitCount=586596
[iommuret] hit #83: HalpIommuInitSystem returned EAX=0x00000000 (success/other) rsp=0xFFFFF8003A675438 exitCount=586597
[iommuret] hit #84: HalpIommuInitSystem returned EAX=0x00000000 (success/other) rsp=0xFFFFF8003A675438 exitCount=586598
[iommuret] hit #85: HalpIommuInitSystem returned EAX=0x00000000 (success/other) rsp=0xFFFFF8003A675438 exitCount=586599
[iommuret] hit #86: HalpIommuInitSystem returned EAX=0x00000000 (success/other) rsp=0xFFFFF8003A675438 exitCount=586600
[iommuret] hit #87: HalpIommuInitSystem returned EAX=0x00000000 (success/other) rsp=0xFFFFF8003A675438 exitCount=586601
[iommuret] hit #88: HalpIommuInitSystem returned EAX=0x00000000 (success/other) rsp=0xFFFFF8003A675438 exitCount=586602
[iommuret] hit #89: HalpIommuInitSystem returned EAX=0x00000000 (success/other) rsp=0xFFFFF8003A675438 exitCount=586603
[iommuret] hit #90: HalpIommuInitSystem returned EAX=0x00000000 (success/other) rsp=0xFFFFF8003A675438 exitCount=586604
[iommuret] hit #91: HalpIommuInitSystem returned EAX=0x00000000 (success/other) rsp=0xFFFFF8003A675438 exitCount=586605
[iommuret] hit #92: HalpIommuInitSystem returned EAX=0x00000000 (success/other) rsp=0xFFFFF8003A675438 exitCount=586606
[iommuret] hit #93: HalpIommuInitSystem returned EAX=0x00000000 (success/other) rsp=0xFFFFF8003A675438 exitCount=586607
[iommuret] hit #94: HalpIommuInitSystem returned EAX=0x00000000 (success/other) rsp=0xFFFFF8003A675438 exitCount=586608
[iommuret] hit #95: HalpIommuInitSystem returned EAX=0x00000000 (success/other) rsp=0xFFFFF8003A675438 exitCount=586609
[iommuret] hit #96: HalpIommuInitSystem returned EAX=0x00000000 (success/other) rsp=0xFFFFF8003A675438 exitCount=586610
[iommuret] hit #97: HalpIommuInitSystem returned EAX=0x00000000 (success/other) rsp=0xFFFFF8003A675438 exitCount=586611
[iommuret] hit #98: HalpIommuInitSystem returned EAX=0x00000000 (success/other) rsp=0xFFFFF8003A675438 exitCount=586612
[iommuret] hit #99: HalpIommuInitSystem returned EAX=0x00000000 (success/other) rsp=0xFFFFF8003A675438 exitCount=586613
[iommuret] hit #100: HalpIommuInitSystem returned EAX=0x00000000 (success/other) rsp=0xFFFFF8003A675438 exitCount=586614
[iommuret] hit #101: HalpIommuInitSystem returned EAX=0x00000000 (success/other) rsp=0xFFFFF8003A675438 exitCount=586615
[iommuret] hit #102: HalpIommuInitSystem returned EAX=0x00000000 (success/other) rsp=0xFFFFF8003A675438 exitCount=586616
[iommuret] hit #103: HalpIommuInitSystem returned EAX=0x00000000 (success/other) rsp=0xFFFFF8003A675438 exitCount=586617
[iommuret] hit #104: HalpIommuInitSystem returned EAX=0x00000000 (success/other) rsp=0xFFFFF8003A675438 exitCount=586618
[iommuret] hit #105: HalpIommuInitSystem returned EAX=0x00000000 (success/other) rsp=0xFFFFF8003A675438 exitCount=586619
[iommuret] hit #106: HalpIommuInitSystem returned EAX=0x00000000 (success/other) rsp=0xFFFFF8003A675438 exitCount=586620
[iommuret] hit #107: HalpIommuInitSystem returned EAX=0x00000000 (success/other) rsp=0xFFFFF8003A675438 exitCount=586621
[iommuret] hit #108: HalpIommuInitSystem returned EAX=0x00000000 (success/other) rsp=0xFFFFF8003A675438 exitCount=586622
[iommuret] hit #109: HalpIommuInitSystem returned EAX=0x00000000 (success/other) rsp=0xFFFFF8003A675438 exitCount=586623
[iommuret] hit #110: HalpIommuInitSystem returned EAX=0x00000000 (success/other) rsp=0xFFFFF8003A675438 exitCount=586624
[iommuret] hit #111: HalpIommuInitSystem returned EAX=0x00000000 (success/other) rsp=0xFFFFF8003A675438 exitCount=586625
[iommuret] hit #112: HalpIommuInitSystem returned EAX=0x00000000 (success/other) rsp=0xFFFFF8003A675438 exitCount=586626
[iommuret] hit #113: HalpIommuInitSystem returned EAX=0x00000000 (success/other) rsp=0xFFFFF8003A675438 exitCount=586627
[iommuret] hit #114: HalpIommuInitSystem returned EAX=0x00000000 (success/other) rsp=0xFFFFF8003A675438 exitCount=586628
[iommuret] hit #115: HalpIommuInitSystem returned EAX=0x00000000 (success/other) rsp=0xFFFFF8003A675438 exitCount=586629
[iommuret] hit #116: HalpIommuInitSystem returned EAX=0x00000000 (success/other) rsp=0xFFFFF8003A675438 exitCount=586630
[iommuret] hit #117: HalpIommuInitSystem returned EAX=0x00000000 (success/other) rsp=0xFFFFF8003A675438 exitCount=586631
[iommuret] hit #118: HalpIommuInitSystem returned EAX=0x00000000 (success/other) rsp=0xFFFFF8003A675438 exitCount=586632
[iommuret] hit #119: HalpIommuInitSystem returned EAX=0x00000000 (success/other) rsp=0xFFFFF8003A675438 exitCount=586633
[iommuret] hit #120: HalpIommuInitSystem returned EAX=0x00000000 (success/other) rsp=0xFFFFF8003A675438 exitCount=586634
[iommuret] hit #121: HalpIommuInitSystem returned EAX=0x00000000 (success/other) rsp=0xFFFFF8003A675438 exitCount=586635
[iommuret] hit #122: HalpIommuInitSystem returned EAX=0x00000000 (success/other) rsp=0xFFFFF8003A675438 exitCount=586636
[iommuret] hit #123: HalpIommuInitSystem returned EAX=0x00000000 (success/other) rsp=0xFFFFF8003A675438 exitCount=586637
[iommuret] hit #124: HalpIommuInitSystem returned EAX=0x00000000 (success/other) rsp=0xFFFFF8003A675438 exitCount=586638
[iommuret] hit #125: HalpIommuInitSystem returned EAX=0x00000000 (success/other) rsp=0xFFFFF8003A675438 exitCount=586639
[iommuret] hit #126: HalpIommuInitSystem returned EAX=0x00000000 (success/other) rsp=0xFFFFF8003A675438 exitCount=586640
[iommuret] hit #127: HalpIommuInitSystem returned EAX=0x00000000 (success/other) rsp=0xFFFFF8003A675438 exitCount=586641
[iommuret] hit #128: HalpIommuInitSystem returned EAX=0x00000000 (success/other) rsp=0xFFFFF8003A675438 exitCount=586642
[iommuret] hit #129: HalpIommuInitSystem returned EAX=0x00000000 (success/other) rsp=0xFFFFF8003A675438 exitCount=586643
[iommuret] hit #130: HalpIommuInitSystem returned EAX=0x00000000 (success/other) rsp=0xFFFFF8003A675438 exitCount=586644
[iommuret] hit #131: HalpIommuInitSystem returned EAX=0x00000000 (success/other) rsp=0xFFFFF8003A675438 exitCount=586645
[iommuret] hit #132: HalpIommuInitSystem returned EAX=0x00000000 (success/other) rsp=0xFFFFF8003A675438 exitCount=586646
[iommuret] hit #133: HalpIommuInitSystem returned EAX=0x00000000 (success/other) rsp=0xFFFFF8003A675438 exitCount=586647
[iommuret] hit #134: HalpIommuInitSystem returned EAX=0x00000000 (success/other) rsp=0xFFFFF8003A675438 exitCount=586648
[iommuret] hit #135: HalpIommuInitSystem returned EAX=0x00000000 (success/other) rsp=0xFFFFF8003A675438 exitCount=586649
[iommuret] hit #136: HalpIommuInitSystem returned EAX=0x00000000 (success/other) rsp=0xFFFFF8003A675438 exitCount=586650
[iommuret] hit #137: HalpIommuInitSystem returned EAX=0x00000000 (success/other) rsp=0xFFFFF8003A675438 exitCount=586651
[iommuret] hit #138: HalpIommuInitSystem returned EAX=0x00000000 (success/other) rsp=0xFFFFF8003A675438 exitCount=586652
[iommuret] hit #139: HalpIommuInitSystem returned EAX=0x00000000 (success/other) rsp=0xFFFFF8003A675438 exitCount=586653
[iommuret] hit #140: HalpIommuInitSystem returned EAX=0x00000000 (success/other) rsp=0xFFFFF8003A675438 exitCount=586654
[iommuret] hit #141: HalpIommuInitSystem returned EAX=0x00000000 (success/other) rsp=0xFFFFF8003A675438 exitCount=586655
[iommuret] hit #142: HalpIommuInitSystem returned EAX=0x00000000 (success/other) rsp=0xFFFFF8003A675438 exitCount=586656
[iommuret] hit #143: HalpIommuInitSystem returned EAX=0x00000000 (success/other) rsp=0xFFFFF8003A675438 exitCount=586657
[iommuret] hit #144: HalpIommuInitSystem returned EAX=0x00000000 (success/other) rsp=0xFFFFF8003A675438 exitCount=586658
[iommuret] hit #145: HalpIommuInitSystem returned EAX=0x00000000 (success/other) rsp=0xFFFFF8003A675438 exitCount=586659
[iommuret] hit #146: HalpIommuInitSystem returned EAX=0x00000000 (success/other) rsp=0xFFFFF8003A675438 exitCount=586660
[iommuret] hit #147: HalpIommuInitSystem returned EAX=0x00000000 (success/other) rsp=0xFFFFF8003A675438 exitCount=586661
[iommuret] hit #148: HalpIommuInitSystem returned EAX=0x00000000 (success/other) rsp=0xFFFFF8003A675438 exitCount=586662
[iommuret] hit #149: HalpIommuInitSystem returned EAX=0x00000000 (success/other) rsp=0xFFFFF8003A675438 exitCount=586663
[iommuret] hit #150: HalpIommuInitSystem returned EAX=0x00000000 (success/other) rsp=0xFFFFF8003A675438 exitCount=586664
[iommuret] hit #151: HalpIommuInitSystem returned EAX=0x00000000 (success/other) rsp=0xFFFFF8003A675438 exitCount=586665
[iommuret] hit #152: HalpIommuInitSystem returned EAX=0x00000000 (success/other) rsp=0xFFFFF8003A675438 exitCount=586666
[iommuret] hit #153: HalpIommuInitSystem returned EAX=0x00000000 (success/other) rsp=0xFFFFF8003A675438 exitCount=586667
[iommuret] hit #154: HalpIommuInitSystem returned EAX=0x00000000 (success/other) rsp=0xFFFFF8003A675438 exitCount=586668
[iommuret] hit #155: HalpIommuInitSystem returned EAX=0x00000000 (success/other) rsp=0xFFFFF8003A675438 exitCount=586669
[iommuret] hit #156: HalpIommuInitSystem returned EAX=0x00000000 (success/other) rsp=0xFFFFF8003A675438 exitCount=586670
[iommuret] hit #157: HalpIommuInitSystem returned EAX=0x00000000 (success/other) rsp=0xFFFFF8003A675438 exitCount=586671
[iommuret] hit #158: HalpIommuInitSystem returned EAX=0x00000000 (success/other) rsp=0xFFFFF8003A675438 exitCount=586672
[iommuret] hit #159: HalpIommuInitSystem returned EAX=0x00000000 (success/other) rsp=0xFFFFF8003A675438 exitCount=586673
[iommuret] hit #160: HalpIommuInitSystem returned EAX=0x00000000 (success/other) rsp=0xFFFFF8003A675438 exitCount=586674
[iommuret] hit #161: HalpIommuInitSystem returned EAX=0x00000000 (success/other) rsp=0xFFFFF8003A675438 exitCount=586675
[iommuret] hit #162: HalpIommuInitSystem returned EAX=0x00000000 (success/other) rsp=0xFFFFF8003A675438 exitCount=586676
[iommuret] hit #163: HalpIommuInitSystem returned EAX=0x00000000 (success/other) rsp=0xFFFFF8003A675438 exitCount=586677
[iommuret] hit #164: HalpIommuInitSystem returned EAX=0x00000000 (success/other) rsp=0xFFFFF8003A675438 exitCount=586678
[iommuret] hit #165: HalpIommuInitSystem returned EAX=0x00000000 (success/other) rsp=0xFFFFF8003A675438 exitCount=586679
[iommuret] hit #166: HalpIommuInitSystem returned EAX=0x00000000 (success/other) rsp=0xFFFFF8003A675438 exitCount=586680
[iommuret] hit #167: HalpIommuInitSystem returned EAX=0x00000000 (success/other) rsp=0xFFFFF8003A675438 exitCount=586681
[iommuret] hit #168: HalpIommuInitSystem returned EAX=0x00000000 (success/other) rsp=0xFFFFF8003A675438 exitCount=586682
[iommuret] hit #169: HalpIommuInitSystem returned EAX=0x00000000 (success/other) rsp=0xFFFFF8003A675438 exitCount=586683
[iommuret] hit #170: HalpIommuInitSystem returned EAX=0x00000000 (success/other) rsp=0xFFFFF8003A675438 exitCount=586684
[iommuret] hit #171: HalpIommuInitSystem returned EAX=0x00000000 (success/other) rsp=0xFFFFF8003A675438 exitCount=586685
[iommuret] hit #172: HalpIommuInitSystem returned EAX=0x00000000 (success/other) rsp=0xFFFFF8003A675438 exitCount=586686
[iommuret] hit #173: HalpIommuInitSystem returned EAX=0x00000000 (success/other) rsp=0xFFFFF8003A675438 exitCount=586687
[iommuret] hit #174: HalpIommuInitSystem returned EAX=0x00000000 (success/other) rsp=0xFFFFF8003A675438 exitCount=586688
[iommuret] hit #175: HalpIommuInitSystem returned EAX=0x00000000 (success/other) rsp=0xFFFFF8003A675438 exitCount=586689
[iommuret] hit #176: HalpIommuInitSystem returned EAX=0x00000000 (success/other) rsp=0xFFFFF8003A675438 exitCount=586690
[iommuret] hit #177: HalpIommuInitSystem returned EAX=0x00000000 (success/other) rsp=0xFFFFF8003A675438 exitCount=586691
[iommuret] hit #178: HalpIommuInitSystem returned EAX=0x00000000 (success/other) rsp=0xFFFFF8003A675438 exitCount=586692
[iommuret] hit #179: HalpIommuInitSystem returned EAX=0x00000000 (success/other) rsp=0xFFFFF8003A675438 exitCount=586693
[iommuret] hit #180: HalpIommuInitSystem returned EAX=0x00000000 (success/other) rsp=0xFFFFF8003A675438 exitCount=586694
[iommuret] hit #181: HalpIommuInitSystem returned EAX=0x00000000 (success/other) rsp=0xFFFFF8003A675438 exitCount=586695
[iommuret] hit #182: HalpIommuInitSystem returned EAX=0x00000000 (success/other) rsp=0xFFFFF8003A675438 exitCount=586696
[iommuret] hit #183: HalpIommuInitSystem returned EAX=0x00000000 (success/other) rsp=0xFFFFF8003A675438 exitCount=586697
[iommuret] hit #184: HalpIommuInitSystem returned EAX=0x00000000 (success/other) rsp=0xFFFFF8003A675438 exitCount=586698
[iommuret] hit #185: HalpIommuInitSystem returned EAX=0x00000000 (success/other) rsp=0xFFFFF8003A675438 exitCount=586699
[iommuret] hit #186: HalpIommuInitSystem returned EAX=0x00000000 (success/other) rsp=0xFFFFF8003A675438 exitCount=586700
[iommuret] hit #187: HalpIommuInitSystem returned EAX=0x00000000 (success/other) rsp=0xFFFFF8003A675438 exitCount=586701
[iommuret] hit #188: HalpIommuInitSystem returned EAX=0x00000000 (success/other) rsp=0xFFFFF8003A675438 exitCount=586702
[iommuret] hit #189: HalpIommuInitSystem returned EAX=0x00000000 (success/other) rsp=0xFFFFF8003A675438 exitCount=586703
[iommuret] hit #190: HalpIommuInitSystem returned EAX=0x00000000 (success/other) rsp=0xFFFFF8003A675438 exitCount=586704
[iommuret] hit #191: HalpIommuInitSystem returned EAX=0x00000000 (success/other) rsp=0xFFFFF8003A675438 exitCount=586705
[iommuret] hit #192: HalpIommuInitSystem returned EAX=0x00000000 (success/other) rsp=0xFFFFF8003A675438 exitCount=586706
[iommuret] hit #193: HalpIommuInitSystem returned EAX=0x00000000 (success/other) rsp=0xFFFFF8003A675438 exitCount=586707
[iommuret] hit #194: HalpIommuInitSystem returned EAX=0x00000000 (success/other) rsp=0xFFFFF8003A675438 exitCount=586708
[iommuret] hit #195: HalpIommuInitSystem returned EAX=0x00000000 (success/other) rsp=0xFFFFF8003A675438 exitCount=586709
[iommuret] hit #196: HalpIommuInitSystem returned EAX=0x00000000 (success/other) rsp=0xFFFFF8003A675438 exitCount=586710
[iommuret] hit #197: HalpIommuInitSystem returned EAX=0x00000000 (success/other) rsp=0xFFFFF8003A675438 exitCount=586711
[iommuret] hit #198: HalpIommuInitSystem returned EAX=0x00000000 (success/other) rsp=0xFFFFF8003A675438 exitCount=586712
[iommuret] hit #199: HalpIommuInitSystem returned EAX=0x00000000 (success/other) rsp=0xFFFFF8003A675438 exitCount=586713
[iommuret] hit #200: HalpIommuInitSystem returned EAX=0x00000000 (success/other) rsp=0xFFFFF8003A675438 exitCount=586714
[iommuret] hit #201: HalpIommuInitSystem returned EAX=0x00000000 (success/other) rsp=0xFFFFF8003A675438 exitCount=586715
[iommuret] hit #202: HalpIommuInitSystem returned EAX=0x00000000 (success/other) rsp=0xFFFFF8003A675438 exitCount=586716
[iommuret] hit #203: HalpIommuInitSystem returned EAX=0x00000000 (success/other) rsp=0xFFFFF8003A675438 exitCount=586717
[iommuret] hit #204: HalpIommuInitSystem returned EAX=0x00000000 (success/other) rsp=0xFFFFF8003A675438 exitCount=586718
[iommuret] hit #205: HalpIommuInitSystem returned EAX=0x00000000 (success/other) rsp=0xFFFFF8003A675438 exitCount=586719
[iommuret] hit #206: HalpIommuInitSystem returned EAX=0x00000000 (success/other) rsp=0xFFFFF8003A675438 exitCount=586720
[iommuret] hit #207: HalpIommuInitSystem returned EAX=0x00000000 (success/other) rsp=0xFFFFF8003A675438 exitCount=586721
[iommuret] hit #208: HalpIommuInitSystem returned EAX=0x00000000 (success/other) rsp=0xFFFFF8003A675438 exitCount=586722
[iommuret] hit #209: HalpIommuInitSystem returned EAX=0x00000000 (success/other) rsp=0xFFFFF8003A675438 exitCount=586723
[iommuret] hit #210: HalpIommuInitSystem returned EAX=0x00000000 (success/other) rsp=0xFFFFF8003A675438 exitCount=586724
[iommuret] hit #211: HalpIommuInitSystem returned EAX=0x00000000 (success/other) rsp=0xFFFFF8003A675438 exitCount=586725
[iommuret] hit #212: HalpIommuInitSystem returned EAX=0x00000000 (success/other) rsp=0xFFFFF8003A675438 exitCount=586726
[iommuret] hit #213: HalpIommuInitSystem returned EAX=0x00000000 (success/other) rsp=0xFFFFF8003A675438 exitCount=586727
[iommuret] hit #214: HalpIommuInitSystem returned EAX=0x00000000 (success/other) rsp=0xFFFFF8003A675438 exitCount=586728
[iommuret] hit #215: HalpIommuInitSystem returned EAX=0x00000000 (success/other) rsp=0xFFFFF8003A675438 exitCount=586729
[iommuret] hit #216: HalpIommuInitSystem returned EAX=0x00000000 (success/other) rsp=0xFFFFF8003A675438 exitCount=586730
[iommuret] hit #217: HalpIommuInitSystem returned EAX=0x00000000 (success/other) rsp=0xFFFFF8003A675438 exitCount=586731
[iommuret] hit #218: HalpIommuInitSystem returned EAX=0x00000000 (success/other) rsp=0xFFFFF8003A675438 exitCount=586732
[iommuret] hit #219: HalpIommuInitSystem returned EAX=0x00000000 (success/other) rsp=0xFFFFF8003A675438 exitCount=586733
[iommuret] hit #220: HalpIommuInitSystem returned EAX=0x00000000 (success/other) rsp=0xFFFFF8003A675438 exitCount=586734
[iommuret] hit #221: HalpIommuInitSystem returned EAX=0x00000000 (success/other) rsp=0xFFFFF8003A675438 exitCount=586735
[iommuret] hit #222: HalpIommuInitSystem returned EAX=0x00000000 (success/other) rsp=0xFFFFF8003A675438 exitCount=586736
[iommuret] hit #223: HalpIommuInitSystem returned EAX=0x00000000 (success/other) rsp=0xFFFFF8003A675438 exitCount=586737
[iommuret] hit #224: HalpIommuInitSystem returned EAX=0x00000000 (success/other) rsp=0xFFFFF8003A675438 exitCount=586738
[iommuret] hit #225: HalpIommuInitSystem returned EAX=0x00000000 (success/other) rsp=0xFFFFF8003A675438 exitCount=586739
[iommuret] hit #226: HalpIommuInitSystem returned EAX=0x00000000 (success/other) rsp=0xFFFFF8003A675438 exitCount=586740
[iommuret] hit #227: HalpIommuInitSystem returned EAX=0x00000000 (success/other) rsp=0xFFFFF8003A675438 exitCount=586741
[iommuret] hit #228: HalpIommuInitSystem returned EAX=0x00000000 (success/other) rsp=0xFFFFF8003A675438 exitCount=586742
[iommuret] hit #229: HalpIommuInitSystem returned EAX=0x00000000 (success/other) rsp=0xFFFFF8003A675438 exitCount=586743
[iommuret] hit #230: HalpIommuInitSystem returned EAX=0x00000000 (success/other) rsp=0xFFFFF8003A675438 exitCount=586744
[iommuret] hit #231: HalpIommuInitSystem returned EAX=0x00000000 (success/other) rsp=0xFFFFF8003A675438 exitCount=586745
[iommuret] hit #232: HalpIommuInitSystem returned EAX=0x00000000 (success/other) rsp=0xFFFFF8003A675438 exitCount=586746
[iommuret] hit #233: HalpIommuInitSystem returned EAX=0x00000000 (success/other) rsp=0xFFFFF8003A675438 exitCount=586747
[iommuret] hit #234: HalpIommuInitSystem returned EAX=0x00000000 (success/other) rsp=0xFFFFF8003A675438 exitCount=586748
[iommuret] hit #235: HalpIommuInitSystem returned EAX=0x00000000 (success/other) rsp=0xFFFFF8003A675438 exitCount=586749
[iommuret] hit #236: HalpIommuInitSystem returned EAX=0x00000000 (success/other) rsp=0xFFFFF8003A675438 exitCount=586750
[iommuret] hit #237: HalpIommuInitSystem returned EAX=0x00000000 (success/other) rsp=0xFFFFF8003A675438 exitCount=586751
[iommuret] hit #238: HalpIommuInitSystem returned EAX=0x00000000 (success/other) rsp=0xFFFFF8003A675438 exitCount=586752
[iommuret] hit #239: HalpIommuInitSystem returned EAX=0x00000000 (success/other) rsp=0xFFFFF8003A675438 exitCount=586753
[iommuret] hit #240: HalpIommuInitSystem returned EAX=0x00000000 (success/other) rsp=0xFFFFF8003A675438 exitCount=586754
[iommuret] hit #241: HalpIommuInitSystem returned EAX=0x00000000 (success/other) rsp=0xFFFFF8003A675438 exitCount=586755
[iommuret] hit #242: HalpIommuInitSystem returned EAX=0x00000000 (success/other) rsp=0xFFFFF8003A675438 exitCount=586756
[iommuret] hit #243: HalpIommuInitSystem returned EAX=0x00000000 (success/other) rsp=0xFFFFF8003A675438 exitCount=586757
[iommuret] hit #244: HalpIommuInitSystem returned EAX=0x00000000 (success/other) rsp=0xFFFFF8003A675438 exitCount=586758
[iommuret] hit #245: HalpIommuInitSystem returned EAX=0x00000000 (success/other) rsp=0xFFFFF8003A675438 exitCount=586759
[iommuret] hit #246: HalpIommuInitSystem returned EAX=0x00000000 (success/other) rsp=0xFFFFF8003A675438 exitCount=586760
[iommuret] hit #247: HalpIommuInitSystem returned EAX=0x00000000 (success/other) rsp=0xFFFFF8003A675438 exitCount=586761
[iommuret] hit #248: HalpIommuInitSystem returned EAX=0x00000000 (success/other) rsp=0xFFFFF8003A675438 exitCount=586762
[iommuret] hit #249: HalpIommuInitSystem returned EAX=0x00000000 (success/other) rsp=0xFFFFF8003A675438 exitCount=586763
[iommuret] hit #250: HalpIommuInitSystem returned EAX=0x00000000 (success/other) rsp=0xFFFFF8003A675438 exitCount=586764
[iommuret] hit #251: HalpIommuInitSystem returned EAX=0x00000000 (success/other) rsp=0xFFFFF8003A675438 exitCount=586765
[iommuret] hit #252: HalpIommuInitSystem returned EAX=0x00000000 (success/other) rsp=0xFFFFF8003A675438 exitCount=586766
[iommuret] hit #253: HalpIommuInitSystem returned EAX=0x00000000 (success/other) rsp=0xFFFFF8003A675438 exitCount=586767
[iommuret] hit #254: HalpIommuInitSystem returned EAX=0x00000000 (success/other) rsp=0xFFFFF8003A675438 exitCount=586768
[iommuret] hit #255: HalpIommuInitSystem returned EAX=0x00000000 (success/other) rsp=0xFFFFF8003A675438 exitCount=586769
[iommuret] hit #256: HalpIommuInitSystem returned EAX=0x00000000 (success/other) rsp=0xFFFFF8003A675438 exitCount=586770
[iommuret] hit #257: HalpIommuInitSystem returned EAX=0x00000000 (success/other) rsp=0xFFFFF8003A675438 exitCount=586771
[iommuret] hit #258: HalpIommuInitSystem returned EAX=0x00000000 (success/other) rsp=0xFFFFF8003A675438 exitCount=586772
[iommuret] hit #259: HalpIommuInitSystem returned EAX=0x00000000 (success/other) rsp=0xFFFFF8003A675438 exitCount=586773
[iommuret] hit #260: HalpIommuInitSystem returned EAX=0x00000000 (success/other) rsp=0xFFFFF8003A675438 exitCount=586774
[iommuret] hit #261: HalpIommuInitSystem returned EAX=0x00000000 (success/other) rsp=0xFFFFF8003A675438 exitCount=586775
[iommuret] hit #262: HalpIommuInitSystem returned EAX=0x00000000 (success/other) rsp=0xFFFFF8003A675438 exitCount=586776
[iommuret] hit #263: HalpIommuInitSystem returned EAX=0x00000000 (success/other) rsp=0xFFFFF8003A675438 exitCount=586777
[iommuret] hit #264: HalpIommuInitSystem returned EAX=0x00000000 (success/other) rsp=0xFFFFF8003A675438 exitCount=586778
[iommuret] hit #265: HalpIommuInitSystem returned EAX=0x00000000 (success/other) rsp=0xFFFFF8003A675438 exitCount=586779
[iommuret] hit #266: HalpIommuInitSystem returned EAX=0x00000000 (success/other) rsp=0xFFFFF8003A675438 exitCount=586780
[iommuret] hit #267: HalpIommuInitSystem returned EAX=0x00000000 (success/other) rsp=0xFFFFF8003A675438 exitCount=586781
[iommuret] hit #268: HalpIommuInitSystem returned EAX=0x00000000 (success/other) rsp=0xFFFFF8003A675438 exitCount=586782
[iommuret] hit #269: HalpIommuInitSystem returned EAX=0x00000000 (success/other) rsp=0xFFFFF8003A675438 exitCount=586783
[iommuret] hit #270: HalpIommuInitSystem returned EAX=0x00000000 (success/other) rsp=0xFFFFF8003A675438 exitCount=586784
[iommuret] hit #271: HalpIommuInitSystem returned EAX=0x00000000 (success/other) rsp=0xFFFFF8003A675438 exitCount=586785
[iommuret] hit #272: HalpIommuInitSystem returned EAX=0x00000000 (success/other) rsp=0xFFFFF8003A675438 exitCount=586786
[iommuret] hit #273: HalpIommuInitSystem returned EAX=0x00000000 (success/other) rsp=0xFFFFF8003A675438 exitCount=586787
[iommuret] hit #274: HalpIommuInitSystem returned EAX=0x00000000 (success/other) rsp=0xFFFFF8003A675438 exitCount=586788
[iommuret] hit #275: HalpIommuInitSystem returned EAX=0x00000000 (success/other) rsp=0xFFFFF8003A675438 exitCount=586789
[iommuret] hit #276: HalpIommuInitSystem returned EAX=0x00000000 (success/other) rsp=0xFFFFF8003A675438 exitCount=586790
[iommuret] hit #277: HalpIommuInitSystem returned EAX=0x00000000 (success/other) rsp=0xFFFFF8003A675438 exitCount=586791
[iommuret] hit #278: HalpIommuInitSystem returned EAX=0x00000000 (success/other) rsp=0xFFFFF8003A675438 exitCount=586792
[iommuret] hit #279: HalpIommuInitSystem returned EAX=0x00000000 (success/other) rsp=0xFFFFF8003A675438 exitCount=586793
[iommuret] hit #280: HalpIommuInitSystem returned EAX=0x00000000 (success/other) rsp=0xFFFFF8003A675438 exitCount=586794
[iommuret] hit #281: HalpIommuInitSystem returned EAX=0x00000000 (success/other) rsp=0xFFFFF8003A675438 exitCount=586795
[iommuret] hit #282: HalpIommuInitSystem returned EAX=0x00000000 (success/other) rsp=0xFFFFF8003A675438 exitCount=586796
[iommuret] hit #283: HalpIommuInitSystem returned EAX=0x00000000 (success/other) rsp=0xFFFFF8003A675438 exitCount=586797
[iommuret] hit #284: HalpIommuInitSystem returned EAX=0x00000000 (success/other) rsp=0xFFFFF8003A675438 exitCount=586798
[iommuret] hit #285: HalpIommuInitSystem returned EAX=0x00000000 (success/other) rsp=0xFFFFF8003A675438 exitCount=586799
[iommuret] hit #286: HalpIommuInitSystem returned EAX=0x00000000 (success/other) rsp=0xFFFFF8003A675438 exitCount=586800
[iommuret] hit #287: HalpIommuInitSystem returned EAX=0x00000000 (success/other) rsp=0xFFFFF8003A675438 exitCount=586801
[iommuret] hit #288: HalpIommuInitSystem returned EAX=0x00000000 (success/other) rsp=0xFFFFF8003A675438 exitCount=586802
[iommuret] hit #289: HalpIommuInitSystem returned EAX=0x00000000 (success/other) rsp=0xFFFFF8003A675438 exitCount=586803
[iommuret] hit #290: HalpIommuInitSystem returned EAX=0x00000000 (success/other) rsp=0xFFFFF8003A675438 exitCount=586804
[iommuret] hit #291: HalpIommuInitSystem returned EAX=0x00000000 (success/other) rsp=0xFFFFF8003A675438 exitCount=586805
[iommuret] hit #292: HalpIommuInitSystem returned EAX=0x00000000 (success/other) rsp=0xFFFFF8003A675438 exitCount=586806
[iommuret] hit #293: HalpIommuInitSystem returned EAX=0x00000000 (success/other) rsp=0xFFFFF8003A675438 exitCount=586807
[iommuret] hit #294: HalpIommuInitSystem returned EAX=0x00000000 (success/other) rsp=0xFFFFF8003A675438 exitCount=586808
[iommuret] hit #295: HalpIommuInitSystem returned EAX=0x00000000 (success/other) rsp=0xFFFFF8003A675438 exitCount=586809
[iommuret] hit #296: HalpIommuInitSystem returned EAX=0x00000000 (success/other) rsp=0xFFFFF8003A675438 exitCount=586810
[iommuret] hit #297: HalpIommuInitSystem returned EAX=0x00000000 (success/other) rsp=0xFFFFF8003A675438 exitCount=586811
[iommuret] hit #298: HalpIommuInitSystem returned EAX=0x00000000 (success/other) rsp=0xFFFFF8003A675438 exitCount=586812
[iommuret] hit #299: HalpIommuInitSystem returned EAX=0x00000000 (success/other) rsp=0xFFFFF8003A675438 exitCount=586813
[iommuret] hit #300: HalpIommuInitSystem returned EAX=0x00000000 (success/other) rsp=0xFFFFF8003A675438 exitCount=586814
[iommuret] hit #301: HalpIommuInitSystem returned EAX=0x00000000 (success/other) rsp=0xFFFFF8003A675438 exitCount=586815
[iommuret] hit #302: HalpIommuInitSystem returned EAX=0x00000000 (success/other) rsp=0xFFFFF8003A675438 exitCount=586816
[iommuret] hit #303: HalpIommuInitSystem returned EAX=0x00000000 (success/other) rsp=0xFFFFF8003A675438 exitCount=586817
[iommuret] hit #304: HalpIommuInitSystem returned EAX=0x00000000 (success/other) rsp=0xFFFFF8003A675438 exitCount=586818
[iommuret] hit #305: HalpIommuInitSystem returned EAX=0x00000000 (success/other) rsp=0xFFFFF8003A675438 exitCount=586819
[iommuret] hit #306: HalpIommuInitSystem returned EAX=0x00000000 (success/other) rsp=0xFFFFF8003A675438 exitCount=586820
[iommuret] hit #307: HalpIommuInitSystem returned EAX=0x00000000 (success/other) rsp=0xFFFFF8003A675438 exitCount=586821
[iommuret] hit #308: HalpIommuInitSystem returned EAX=0x00000000 (success/other) rsp=0xFFFFF8003A675438 exitCount=586822
[iommuret] hit #309: HalpIommuInitSystem returned EAX=0x00000000 (success/other) rsp=0xFFFFF8003A675438 exitCount=586823
[iommuret] hit #310: HalpIommuInitSystem returned EAX=0x00000000 (success/other) rsp=0xFFFFF8003A675438 exitCount=586824
[iommuret] hit #311: HalpIommuInitSystem returned EAX=0x00000000 (success/other) rsp=0xFFFFF8003A675438 exitCount=586825
[iommuret] hit #312: HalpIommuInitSystem returned EAX=0x00000000 (success/other) rsp=0xFFFFF8003A675438 exitCount=586826
[iommuret] hit #313: HalpIommuInitSystem returned EAX=0x00000000 (success/other) rsp=0xFFFFF8003A675438 exitCount=586827
[iommuret] hit #314: HalpIommuInitSystem returned EAX=0x00000000 (success/other) rsp=0xFFFFF8003A675438 exitCount=586828
[iommuret] hit #315: HalpIommuInitSystem returned EAX=0x00000000 (success/other) rsp=0xFFFFF8003A675438 exitCount=586829
[iommuret] hit #316: HalpIommuInitSystem returned EAX=0x00000000 (success/other) rsp=0xFFFFF8003A675438 exitCount=586830
[iommuret] hit #317: HalpIommuInitSystem returned EAX=0x00000000 (success/other) rsp=0xFFFFF8003A675438 exitCount=586831
[iommuret] hit #318: HalpIommuInitSystem returned EAX=0x00000000 (success/other) rsp=0xFFFFF8003A675438 exitCount=586832
[iommuret] hit #319: HalpIommuInitSystem returned EAX=0x00000000 (success/other) rsp=0xFFFFF8003A675438 exitCount=586833
[iommuret] hit #320: HalpIommuInitSystem returned EAX=0x00000000 (success/other) rsp=0xFFFFF8003A675438 exitCount=586834
[iommuret] hit #321: HalpIommuInitSystem returned EAX=0x00000000 (success/other) rsp=0xFFFFF8003A675438 exitCount=586835
[iommuret] hit #322: HalpIommuInitSystem returned EAX=0x00000000 (success/other) rsp=0xFFFFF8003A675438 exitCount=586836
[iommuret] hit #323: HalpIommuInitSystem returned EAX=0x00000000 (success/other) rsp=0xFFFFF8003A675438 exitCount=586837
[iommuret] hit #324: HalpIommuInitSystem returned EAX=0x00000000 (success/other) rsp=0xFFFFF8003A675438 exitCount=586838
[iommuret] hit #325: HalpIommuInitSystem returned EAX=0x00000000 (success/other) rsp=0xFFFFF8003A675438 exitCount=586839
[iommuret] hit #326: HalpIommuInitSystem returned EAX=0x00000000 (success/other) rsp=0xFFFFF8003A675438 exitCount=586840
[iommuret] hit #327: HalpIommuInitSystem returned EAX=0x00000000 (success/other) rsp=0xFFFFF8003A675438 exitCount=586841
[iommuret] hit #328: HalpIommuInitSystem returned EAX=0x00000000 (success/other) rsp=0xFFFFF8003A675438 exitCount=586842
[iommuret] hit #329: HalpIommuInitSystem returned EAX=0x00000000 (success/other) rsp=0xFFFFF8003A675438 exitCount=586843
[iommuret] hit #330: HalpIommuInitSystem returned EAX=0x00000000 (success/other) rsp=0xFFFFF8003A675438 exitCount=586844
[iommuret] hit #331: HalpIommuInitSystem returned EAX=0x00000000 (success/other) rsp=0xFFFFF8003A675438 exitCount=586845
[iommuret] hit #332: HalpIommuInitSystem returned EAX=0x00000000 (success/other) rsp=0xFFFFF8003A675438 exitCount=586846
[iommuret] hit #333: HalpIommuInitSystem returned EAX=0x00000000 (success/other) rsp=0xFFFFF8003A675438 exitCount=586847
[iommuret] hit #334: HalpIommuInitSystem returned EAX=0x00000000 (success/other) rsp=0xFFFFF8003A675438 exitCount=586848
[iommuret] hit #335: HalpIommuInitSystem returned EAX=0x00000000 (success/other) rsp=0xFFFFF8003A675438 exitCount=586849
[iommuret] hit #336: HalpIommuInitSystem returned EAX=0x00000000 (success/other) rsp=0xFFFFF8003A675438 exitCount=586850
[iommuret] hit #337: HalpIommuInitSystem returned EAX=0x00000000 (success/other) rsp=0xFFFFF8003A675438 exitCount=586851
[iommuret] hit #338: HalpIommuInitSystem returned EAX=0x00000000 (success/other) rsp=0xFFFFF8003A675438 exitCount=586852
[iommuret] hit #339: HalpIommuInitSystem returned EAX=0x00000000 (success/other) rsp=0xFFFFF8003A675438 exitCount=586853
[iommuret] hit #340: HalpIommuInitSystem returned EAX=0x00000000 (success/other) rsp=0xFFFFF8003A675438 exitCount=586854
[iommuret] hit #341: HalpIommuInitSystem returned EAX=0x00000000 (success/other) rsp=0xFFFFF8003A675438 exitCount=586855
[iommuret] hit #342: HalpIommuInitSystem returned EAX=0x00000000 (success/other) rsp=0xFFFFF8003A675438 exitCount=586856
[iommuret] hit #343: HalpIommuInitSystem returned EAX=0x00000000 (success/other) rsp=0xFFFFF8003A675438 exitCount=586857
[iommuret] hit #344: HalpIommuInitSystem returned EAX=0x00000000 (success/other) rsp=0xFFFFF8003A675438 exitCount=586858
[iommuret] hit #345: HalpIommuInitSystem returned EAX=0x00000000 (success/other) rsp=0xFFFFF8003A675438 exitCount=586859
[iommuret] hit #346: HalpIommuInitSystem returned EAX=0x00000000 (success/other) rsp=0xFFFFF8003A675438 exitCount=586860
[iommuret] hit #347: HalpIommuInitSystem returned EAX=0x00000000 (success/other) rsp=0xFFFFF8003A675438 exitCount=586861
[iommuret] hit #348: HalpIommuInitSystem returned EAX=0x00000000 (success/other) rsp=0xFFFFF8003A675438 exitCount=586862
[iommuret] hit #349: HalpIommuInitSystem returned EAX=0x00000000 (success/other) rsp=0xFFFFF8003A675438 exitCount=586863
[iommuret] hit #350: HalpIommuInitSystem returned EAX=0x00000000 (success/other) rsp=0xFFFFF8003A675438 exitCount=586864
[iommuret] hit #351: HalpIommuInitSystem returned EAX=0x00000000 (success/other) rsp=0xFFFFF8003A675438 exitCount=586865
[iommuret] hit #352: HalpIommuInitSystem returned EAX=0x00000000 (success/other) rsp=0xFFFFF8003A675438 exitCount=586866
[iommuret] hit #353: HalpIommuInitSystem returned EAX=0x00000000 (success/other) rsp=0xFFFFF8003A675438 exitCount=586867
[iommuret] hit #354: HalpIommuInitSystem returned EAX=0x00000000 (success/other) rsp=0xFFFFF8003A675438 exitCount=586868
[iommuret] hit #355: HalpIommuInitSystem returned EAX=0x00000000 (success/other) rsp=0xFFFFF8003A675438 exitCount=586869
[iommuret] hit #356: HalpIommuInitSystem returned EAX=0x00000000 (success/other) rsp=0xFFFFF8003A675438 exitCount=586870
[iommuret] hit #357: HalpIommuInitSystem returned EAX=0x00000000 (success/other) rsp=0xFFFFF8003A675438 exitCount=586871
[iommuret] hit #358: HalpIommuInitSystem returned EAX=0x00000000 (success/other) rsp=0xFFFFF8003A675438 exitCount=586872
[iommuret] hit #359: HalpIommuInitSystem returned EAX=0x00000000 (success/other) rsp=0xFFFFF8003A675438 exitCount=586873
[iommuret] hit #360: HalpIommuInitSystem returned EAX=0x00000000 (success/other) rsp=0xFFFFF8003A675438 exitCount=586874
[iommuret] hit #361: HalpIommuInitSystem returned EAX=0x00000000 (success/other) rsp=0xFFFFF8003A675438 exitCount=586875
[iommuret] hit #362: HalpIommuInitSystem returned EAX=0x00000000 (success/other) rsp=0xFFFFF8003A675438 exitCount=586876
[iommuret] hit #363: HalpIommuInitSystem returned EAX=0x00000000 (success/other) rsp=0xFFFFF8003A675438 exitCount=586877
[iommuret] hit #364: HalpIommuInitSystem returned EAX=0x00000000 (success/other) rsp=0xFFFFF8003A675438 exitCount=586878
[iommuret] hit #365: HalpIommuInitSystem returned EAX=0x00000000 (success/other) rsp=0xFFFFF8003A675438 exitCount=586879
[iommuret] hit #366: HalpIommuInitSystem returned EAX=0x00000000 (success/other) rsp=0xFFFFF8003A675438 exitCount=586880
[iommuret] hit #367: HalpIommuInitSystem returned EAX=0x00000000 (success/other) rsp=0xFFFFF8003A675438 exitCount=586881
[iommuret] hit #368: HalpIommuInitSystem returned EAX=0x00000000 (success/other) rsp=0xFFFFF8003A675438 exitCount=586882
[iommuret] hit #369: HalpIommuInitSystem returned EAX=0x00000000 (success/other) rsp=0xFFFFF8003A675438 exitCount=586883
[iommuret] hit #370: HalpIommuInitSystem returned EAX=0x00000000 (success/other) rsp=0xFFFFF8003A675438 exitCount=586884
[iommuret] hit #371: HalpIommuInitSystem returned EAX=0x00000000 (success/other) rsp=0xFFFFF8003A675438 exitCount=586885
[iommuret] hit #372: HalpIommuInitSystem returned EAX=0x00000000 (success/other) rsp=0xFFFFF8003A675438 exitCount=586886
[iommuret] hit #373: HalpIommuInitSystem returned EAX=0x00000000 (success/other) rsp=0xFFFFF8003A675438 exitCount=586887
[iommuret] hit #374: HalpIommuInitSystem returned EAX=0x00000000 (success/other) rsp=0xFFFFF8003A675438 exitCount=586888
[iommuret] hit #375: HalpIommuInitSystem returned EAX=0x00000000 (success/other) rsp=0xFFFFF8003A675438 exitCount=586889
[iommuret] hit #376: HalpIommuInitSystem returned EAX=0x00000000 (success/other) rsp=0xFFFFF8003A675438 exitCount=586890
[iommuret] hit #377: HalpIommuInitSystem returned EAX=0x00000000 (success/other) rsp=0xFFFFF8003A675438 exitCount=586891
[iommuret] hit #378: HalpIommuInitSystem returned EAX=0x00000000 (success/other) rsp=0xFFFFF8003A675438 exitCount=586892
[iommuret] hit #379: HalpIommuInitSystem returned EAX=0x00000000 (success/other) rsp=0xFFFFF8003A675438 exitCount=586893
[iommuret] hit #380: HalpIommuInitSystem returned EAX=0x00000000 (success/other) rsp=0xFFFFF8003A675438 exitCount=586894
[iommuret] hit #381: HalpIommuInitSystem returned EAX=0x00000000 (success/other) rsp=0xFFFFF8003A675438 exitCount=586895
[iommuret] hit #382: HalpIommuInitSystem returned EAX=0x00000000 (success/other) rsp=0xFFFFF8003A675438 exitCount=586896
[iommuret] hit #383: HalpIommuInitSystem returned EAX=0x00000000 (success/other) rsp=0xFFFFF8003A675438 exitCount=586897
[iommuret] hit #384: HalpIommuInitSystem returned EAX=0x00000000 (success/other) rsp=0xFFFFF8003A675438 exitCount=586898
[iommuret] hit #385: HalpIommuInitSystem returned EAX=0x00000000 (success/other) rsp=0xFFFFF8003A675438 exitCount=586899
[iommuret] hit #386: HalpIommuInitSystem returned EAX=0x00000000 (success/other) rsp=0xFFFFF8003A675438 exitCount=586900
[iommuret] hit #387: HalpIommuInitSystem returned EAX=0x00000000 (success/other) rsp=0xFFFFF8003A675438 exitCount=586901
[iommuret] hit #388: HalpIommuInitSystem returned EAX=0x00000000 (success/other) rsp=0xFFFFF8003A675438 exitCount=586902
[iommuret] hit #389: HalpIommuInitSystem returned EAX=0x00000000 (success/other) rsp=0xFFFFF8003A675438 exitCount=586903
[iommuret] hit #390: HalpIommuInitSystem returned EAX=0x00000000 (success/other) rsp=0xFFFFF8003A675438 exitCount=586904
[iommuret] hit #391: HalpIommuInitSystem returned EAX=0x00000000 (success/other) rsp=0xFFFFF8003A675438 exitCount=586905
[iommuret] hit #392: HalpIommuInitSystem returned EAX=0x00000000 (success/other) rsp=0xFFFFF8003A675438 exitCount=586906
[iommuret] hit #393: HalpIommuInitSystem returned EAX=0x00000000 (success/other) rsp=0xFFFFF8003A675438 exitCount=586907
[iommuret] hit #394: HalpIommuInitSystem returned EAX=0x00000000 (success/other) rsp=0xFFFFF8003A675438 exitCount=586908
[iommuret] hit #395: HalpIommuInitSystem returned EAX=0x00000000 (success/other) rsp=0xFFFFF8003A675438 exitCount=586909
[iommuret] hit #396: HalpIommuInitSystem returned EAX=0x00000000 (success/other) rsp=0xFFFFF8003A675438 exitCount=586910
[iommuret] hit #397: HalpIommuInitSystem returned EAX=0x00000000 (success/other) rsp=0xFFFFF8003A675438 exitCount=586911
[iommuret] hit #398: HalpIommuInitSystem returned EAX=0x00000000 (success/other) rsp=0xFFFFF8003A675438 exitCount=586912
[iommuret] hit #399: HalpIommuInitSystem returned EAX=0x00000000 (success/other) rsp=0xFFFFF8003A675438 exitCount=586913
[iommuret] hit #400: HalpIommuInitSystem returned EAX=0x00000000 (success/other) rsp=0xFFFFF8003A675438 exitCount=586914
[iommuret] hit #401: HalpIommuInitSystem returned EAX=0x00000000 (success/other) rsp=0xFFFFF8003A675438 exitCount=586915
[iommuret] hit #402: HalpIommuInitSystem returned EAX=0x00000000 (success/other) rsp=0xFFFFF8003A675438 exitCount=586916
[iommuret] hit #403: HalpIommuInitSystem returned EAX=0x00000000 (success/other) rsp=0xFFFFF8003A675438 exitCount=586917
[iommuret] hit #404: HalpIommuInitSystem returned EAX=0x00000000 (success/other) rsp=0xFFFFF8003A675438 exitCount=586918
[iommuret] hit #405: HalpIommuInitSystem returned EAX=0x00000000 (success/other) rsp=0xFFFFF8003A675438 exitCount=586919
[iommuret] hit #406: HalpIommuInitSystem returned EAX=0x00000000 (success/other) rsp=0xFFFFF8003A675438 exitCount=586920
[iommuret] hit #407: HalpIommuInitSystem returned EAX=0x00000000 (success/other) rsp=0xFFFFF8003A675438 exitCount=586921
[iommuret] hit #408: HalpIommuInitSystem returned EAX=0x00000000 (success/other) rsp=0xFFFFF8003A675438 exitCount=586922
[iommuret] hit #409: HalpIommuInitSystem returned EAX=0x00000000 (success/other) rsp=0xFFFFF8003A675438 exitCount=586923
[iommuret] hit #410: HalpIommuInitSystem returned EAX=0x00000000 (success/other) rsp=0xFFFFF8003A675438 exitCount=586924
[iommuret] hit #411: HalpIommuInitSystem returned EAX=0x00000000 (success/other) rsp=0xFFFFF8003A675438 exitCount=586925
[iommuret] hit #412: HalpIommuInitSystem returned EAX=0x00000000 (success/other) rsp=0xFFFFF8003A675438 exitCount=586926
[iommuret] hit #413: HalpIommuInitSystem returned EAX=0x00000000 (success/other) rsp=0xFFFFF8003A675438 exitCount=586927
[iommuret] hit #414: HalpIommuInitSystem returned EAX=0x00000000 (success/other) rsp=0xFFFFF8003A675438 exitCount=586928
[iommuret] hit #415: HalpIommuInitSystem returned EAX=0x00000000 (success/other) rsp=0xFFFFF8003A675438 exitCount=586929
[iommuret] hit #416: HalpIommuInitSystem returned EAX=0x00000000 (success/other) rsp=0xFFFFF8003A675438 exitCount=586930
[iommuret] hit #417: HalpIommuInitSystem returned EAX=0x00000000 (success/other) rsp=0xFFFFF8003A675438 exitCount=586931
[iommuret] hit #418: HalpIommuInitSystem returned EAX=0x00000000 (success/other) rsp=0xFFFFF8003A675438 exitCount=586932
[iommuret] hit #419: HalpIommuInitSystem returned EAX=0x00000000 (success/other) rsp=0xFFFFF8003A675438 exitCount=586933
[iommuret] hit #420: HalpIommuInitSystem returned EAX=0x00000000 (success/other) rsp=0xFFFFF8003A675438 exitCount=586934
[iommuret] hit #421: HalpIommuInitSystem returned EAX=0x00000000 (success/other) rsp=0xFFFFF8003A675438 exitCount=586935
[iommuret] hit #422: HalpIommuInitSystem returned EAX=0x00000000 (success/other) rsp=0xFFFFF8003A675438 exitCount=586936
[iommuret] hit #423: HalpIommuInitSystem returned EAX=0x00000000 (success/other) rsp=0xFFFFF8003A675438 exitCount=586937
[iommuret] hit #424: HalpIommuInitSystem returned EAX=0x00000000 (success/other) rsp=0xFFFFF8003A675438 exitCount=586938
[iommuret] hit #425: HalpIommuInitSystem returned EAX=0x00000000 (success/other) rsp=0xFFFFF8003A675438 exitCount=586939
[iommuret] hit #426: HalpIommuInitSystem returned EAX=0x00000000 (success/other) rsp=0xFFFFF8003A675438 exitCount=586940
[iommuret] hit #427: HalpIommuInitSystem returned EAX=0x00000000 (success/other) rsp=0xFFFFF8003A675438 exitCount=586941
[iommuret] hit #428: HalpIommuInitSystem returned EAX=0x00000000 (success/other) rsp=0xFFFFF8003A675438 exitCount=586942
[iommuret] hit #429: HalpIommuInitSystem returned EAX=0x00000000 (success/other) rsp=0xFFFFF8003A675438 exitCount=586943
[iommuret] hit #430: HalpIommuInitSystem returned EAX=0x00000000 (success/other) rsp=0xFFFFF8003A675438 exitCount=586944
[iommuret] hit #431: HalpIommuInitSystem returned EAX=0x00000000 (success/other) rsp=0xFFFFF8003A675438 exitCount=586945
[iommuret] hit #432: HalpIommuInitSystem returned EAX=0x00000000 (success/other) rsp=0xFFFFF8003A675438 exitCount=586946
[iommuret] hit #433: HalpIommuInitSystem returned EAX=0x00000000 (success/other) rsp=0xFFFFF8003A675438 exitCount=586947
[iommuret] hit #434: HalpIommuInitSystem returned EAX=0x00000000 (success/other) rsp=0xFFFFF8003A675438 exitCount=586948
[iommuret] hit #435: HalpIommuInitSystem returned EAX=0x00000000 (success/other) rsp=0xFFFFF8003A675438 exitCount=586949
[iommuret] hit #436: HalpIommuInitSystem returned EAX=0x00000000 (success/other) rsp=0xFFFFF8003A675438 exitCount=586950
[iommuret] hit #437: HalpIommuInitSystem returned EAX=0x00000000 (success/other) rsp=0xFFFFF8003A675438 exitCount=586951
[iommuret] hit #438: HalpIommuInitSystem returned EAX=0x00000000 (success/other) rsp=0xFFFFF8003A675438 exitCount=586952
[iommuret] hit #439: HalpIommuInitSystem returned EAX=0x00000000 (success/other) rsp=0xFFFFF8003A675438 exitCount=586953
[iommuret] hit #440: HalpIommuInitSystem returned EAX=0x00000000 (success/other) rsp=0xFFFFF8003A675438 exitCount=586954
[iommuret] hit #441: HalpIommuInitSystem returned EAX=0x00000000 (success/other) rsp=0xFFFFF8003A675438 exitCount=586955
[iommuret] hit #442: HalpIommuInitSystem returned EAX=0x00000000 (success/other) rsp=0xFFFFF8003A675438 exitCount=586956
[iommuret] hit #443: HalpIommuInitSystem returned EAX=0x00000000 (success/other) rsp=0xFFFFF8003A675438 exitCount=586957
[iommuret] hit #444: HalpIommuInitSystem returned EAX=0x00000000 (success/other) rsp=0xFFFFF8003A675438 exitCount=586958
[iommuret] hit #445: HalpIommuInitSystem returned EAX=0x00000000 (success/other) rsp=0xFFFFF8003A675438 exitCount=586959
[iommuret] hit #446: HalpIommuInitSystem returned EAX=0x00000000 (success/other) rsp=0xFFFFF8003A675438 exitCount=586960
[iommuret] hit #447: HalpIommuInitSystem returned EAX=0x00000000 (success/other) rsp=0xFFFFF8003A675438 exitCount=586961
[iommuret] hit #448: HalpIommuInitSystem returned EAX=0x00000000 (success/other) rsp=0xFFFFF8003A675438 exitCount=586962
[iommuret] hit #449: HalpIommuInitSystem returned EAX=0x00000000 (success/other) rsp=0xFFFFF8003A675438 exitCount=586963
[iommuret] hit #450: HalpIommuInitSystem returned EAX=0x00000000 (success/other) rsp=0xFFFFF8003A675438 exitCount=586964
[iommuret] hit #451: HalpIommuInitSystem returned EAX=0x00000000 (success/other) rsp=0xFFFFF8003A675438 exitCount=586965
[iommuret] hit #452: HalpIommuInitSystem returned EAX=0x00000000 (success/other) rsp=0xFFFFF8003A675438 exitCount=586966
[iommuret] hit #453: HalpIommuInitSystem returned EAX=0x00000000 (success/other) rsp=0xFFFFF8003A675438 exitCount=586967
[iommuret] hit #454: HalpIommuInitSystem returned EAX=0x00000000 (success/other) rsp=0xFFFFF8003A675438 exitCount=586968
[iommuret] hit #455: HalpIommuInitSystem returned EAX=0x00000000 (success/other) rsp=0xFFFFF8003A675438 exitCount=586969
[iommuret] hit #456: HalpIommuInitSystem returned EAX=0x00000000 (success/other) rsp=0xFFFFF8003A675438 exitCount=586970
[iommuret] hit #457: HalpIommuInitSystem returned EAX=0x00000000 (success/other) rsp=0xFFFFF8003A675438 exitCount=586971
[iommuret] hit #458: HalpIommuInitSystem returned EAX=0x00000000 (success/other) rsp=0xFFFFF8003A675438 exitCount=586972
[iommuret] hit #459: HalpIommuInitSystem returned EAX=0x00000000 (success/other) rsp=0xFFFFF8003A675438 exitCount=586973
[iommuret] hit #460: HalpIommuInitSystem returned EAX=0x00000000 (success/other) rsp=0xFFFFF8003A675438 exitCount=586974
[iommuret] hit #461: HalpIommuInitSystem returned EAX=0x00000000 (success/other) rsp=0xFFFFF8003A675438 exitCount=586975
[iommuret] hit #462: HalpIommuInitSystem returned EAX=0x00000000 (success/other) rsp=0xFFFFF8003A675438 exitCount=586976
[iommuret] hit #463: HalpIommuInitSystem returned EAX=0x00000000 (success/other) rsp=0xFFFFF8003A675438 exitCount=586977
[iommuret] hit #464: HalpIommuInitSystem returned EAX=0x00000000 (success/other) rsp=0xFFFFF8003A675438 exitCount=586978
[iommuret] hit #465: HalpIommuInitSystem returned EAX=0x00000000 (success/other) rsp=0xFFFFF8003A675438 exitCount=586979
[iommuret] hit #466: HalpIommuInitSystem returned EAX=0x00000000 (success/other) rsp=0xFFFFF8003A675438 exitCount=586980
[iommuret] hit #467: HalpIommuInitSystem returned EAX=0x00000000 (success/other) rsp=0xFFFFF8003A675438 exitCount=586981
[iommuret] hit #468: HalpIommuInitSystem returned EAX=0x00000000 (success/other) rsp=0xFFFFF8003A675438 exitCount=586982
[iommuret] hit #469: HalpIommuInitSystem returned EAX=0x00000000 (success/other) rsp=0xFFFFF8003A675438 exitCount=586983
[iommuret] hit #470: HalpIommuInitSystem returned EAX=0x00000000 (success/other) rsp=0xFFFFF8003A675438 exitCount=586984
[iommuret] hit #471: HalpIommuInitSystem returned EAX=0x00000000 (success/other) rsp=0xFFFFF8003A675438 exitCount=586985
[iommuret] hit #472: HalpIommuInitSystem returned EAX=0x00000000 (success/other) rsp=0xFFFFF8003A675438 exitCount=586986
[iommuret] hit #473: HalpIommuInitSystem returned EAX=0x00000000 (success/other) rsp=0xFFFFF8003A675438 exitCount=586987
[iommuret] hit #474: HalpIommuInitSystem returned EAX=0x00000000 (success/other) rsp=0xFFFFF8003A675438 exitCount=586988
[iommuret] hit #475: HalpIommuInitSystem returned EAX=0x00000000 (success/other) rsp=0xFFFFF8003A675438 exitCount=586989
[iommuret] hit #476: HalpIommuInitSystem returned EAX=0x00000000 (success/other) rsp=0xFFFFF8003A675438 exitCount=586990
[iommuret] hit #477: HalpIommuInitSystem returned EAX=0x00000000 (success/other) rsp=0xFFFFF8003A675438 exitCount=586991
[iommuret] hit #478: HalpIommuInitSystem returned EAX=0x00000000 (success/other) rsp=0xFFFFF8003A675438 exitCount=586992
[iommuret] hit #479: HalpIommuInitSystem returned EAX=0x00000000 (success/other) rsp=0xFFFFF8003A675438 exitCount=586993
[iommuret] hit #480: HalpIommuInitSystem returned EAX=0x00000000 (success/other) rsp=0xFFFFF8003A675438 exitCount=586994
[iommuret] hit #481: HalpIommuInitSystem returned EAX=0x00000000 (success/other) rsp=0xFFFFF8003A675438 exitCount=586995
[iommuret] hit #482: HalpIommuInitSystem returned EAX=0x00000000 (success/other) rsp=0xFFFFF8003A675438 exitCount=586996
[iommuret] hit #483: HalpIommuInitSystem returned EAX=0x00000000 (success/other) rsp=0xFFFFF8003A675438 exitCount=586997
[iommuret] hit #484: HalpIommuInitSystem returned EAX=0x00000000 (success/other) rsp=0xFFFFF8003A675438 exitCount=586998
[iommuret] hit #485: HalpIommuInitSystem returned EAX=0x00000000 (success/other) rsp=0xFFFFF8003A675438 exitCount=586999
[iommuret] hit #486: HalpIommuInitSystem returned EAX=0x00000000 (success/other) rsp=0xFFFFF8003A675438 exitCount=587000
[iommuret] hit #487: HalpIommuInitSystem returned EAX=0x00000000 (success/other) rsp=0xFFFFF8003A675438 exitCount=587001
[iommuret] hit #488: HalpIommuInitSystem returned EAX=0x00000000 (success/other) rsp=0xFFFFF8003A675438 exitCount=587002
[iommuret] hit #489: HalpIommuInitSystem returned EAX=0x00000000 (success/other) rsp=0xFFFFF8003A675438 exitCount=587003
[iommuret] hit #490: HalpIommuInitSystem returned EAX=0x00000000 (success/other) rsp=0xFFFFF8003A675438 exitCount=587004
[iommuret] hit #491: HalpIommuInitSystem returned EAX=0x00000000 (success/other) rsp=0xFFFFF8003A675438 exitCount=587005
[iommuret] hit #492: HalpIommuInitSystem returned EAX=0x00000000 (success/other) rsp=0xFFFFF8003A675438 exitCount=587006
[iommuret] hit #493: HalpIommuInitSystem returned EAX=0x00000000 (success/other) rsp=0xFFFFF8003A675438 exitCount=587007
[iommuret] hit #494: HalpIommuInitSystem returned EAX=0x00000000 (success/other) rsp=0xFFFFF8003A675438 exitCount=587008
[iommuret] hit #495: HalpIommuInitSystem returned EAX=0x00000000 (success/other) rsp=0xFFFFF8003A675438 exitCount=587009
[iommuret] hit #496: HalpIommuInitSystem returned EAX=0x00000000 (success/other) rsp=0xFFFFF8003A675438 exitCount=587010
[iommuret] hit #497: HalpIommuInitSystem returned EAX=0x00000000 (success/other) rsp=0xFFFFF8003A675438 exitCount=587011
[iommuret] hit #498: HalpIommuInitSystem returned EAX=0x00000000 (success/other) rsp=0xFFFFF8003A675438 exitCount=587012
[iommuret] hit #499: HalpIommuInitSystem returned EAX=0x00000000 (success/other) rsp=0xFFFFF8003A675438 exitCount=587013
[iommuret] hit #500: HalpIommuInitSystem returned EAX=0x00000000 (success/other) rsp=0xFFFFF8003A675438 exitCount=587014
[iommuret] hit #501: HalpIommuInitSystem returned EAX=0x00000000 (success/other) rsp=0xFFFFF8003A675438 exitCount=587015
[iommuret] hit #502: HalpIommuInitSystem returned EAX=0x00000000 (success/other) rsp=0xFFFFF8003A675438 exitCount=587016
[iommuret] hit #503: HalpIommuInitSystem returned EAX=0x00000000 (success/other) rsp=0xFFFFF8003A675438 exitCount=587017
[iommuret] hit #504: HalpIommuInitSystem returned EAX=0x00000000 (success/other) rsp=0xFFFFF8003A675438 exitCount=587018
[iommuret] hit #505: HalpIommuInitSystem returned EAX=0x00000000 (success/other) rsp=0xFFFFF8003A675438 exitCount=587019
[iommuret] hit #506: HalpIommuInitSystem returned EAX=0x00000000 (success/other) rsp=0xFFFFF8003A675438 exitCount=587020
[iommuret] hit #507: HalpIommuInitSystem returned EAX=0x00000000 (success/other) rsp=0xFFFFF8003A675438 exitCount=587021
[iommuret] hit #508: HalpIommuInitSystem returned EAX=0x00000000 (success/other) rsp=0xFFFFF8003A675438 exitCount=587022
[iommuret] hit #509: HalpIommuInitSystem returned EAX=0x00000000 (success/other) rsp=0xFFFFF8003A675438 exitCount=587023
[iommuret] hit #510: HalpIommuInitSystem returned EAX=0x00000000 (success/other) rsp=0xFFFFF8003A675438 exitCount=587024
[iommuret] hit #511: HalpIommuInitSystem returned EAX=0x00000000 (success/other) rsp=0xFFFFF8003A675438 exitCount=587025
[iommuret] hit #512: HalpIommuInitSystem returned EAX=0x00000000 (success/other) rsp=0xFFFFF8003A675438 exitCount=587026
[iommuret] hit #513: HalpIommuInitSystem returned EAX=0x00000000 (success/other) rsp=0xFFFFF8003A675438 exitCount=587027
[iommuret] hit #514: HalpIommuInitSystem returned EAX=0x00000000 (success/other) rsp=0xFFFFF8003A675438 exitCount=587028
[iommuret] hit #515: HalpIommuInitSystem returned EAX=0x00000000 (success/other) rsp=0xFFFFF8003A675438 exitCount=587029
[iommuret] hit #516: HalpIommuInitSystem returned EAX=0x00000000 (success/other) rsp=0xFFFFF8003A675438 exitCount=587030
[iommuret] hit #517: HalpIommuInitSystem returned EAX=0x00000000 (success/other) rsp=0xFFFFF8003A675438 exitCount=587031
[iommuret] hit #518: HalpIommuInitSystem returned EAX=0x00000000 (success/other) rsp=0xFFFFF8003A675438 exitCount=587032
[iommuret] hit #519: HalpIommuInitSystem returned EAX=0x00000000 (success/other) rsp=0xFFFFF8003A675438 exitCount=587033
[iommuret] hit #520: HalpIommuInitSystem returned EAX=0x00000000 (success/other) rsp=0xFFFFF8003A675438 exitCount=587034
[iommuret] hit #521: HalpIommuInitSystem returned EAX=0x00000000 (success/other) rsp=0xFFFFF8003A675438 exitCount=587035
[iommuret] hit #522: HalpIommuInitSystem returned EAX=0x00000000 (success/other) rsp=0xFFFFF8003A675438 exitCount=587036
[iommuret] hit #523: HalpIommuInitSystem returned EAX=0x00000000 (success/other) rsp=0xFFFFF8003A675438 exitCount=587037
[iommuret] hit #524: HalpIommuInitSystem returned EAX=0x00000000 (success/other) rsp=0xFFFFF8003A675438 exitCount=587038
[iommuret] hit #525: HalpIommuInitSystem returned EAX=0x00000000 (success/other) rsp=0xFFFFF8003A675438 exitCount=587039
[iommuret] hit #526: HalpIommuInitSystem returned EAX=0x00000000 (success/other) rsp=0xFFFFF8003A675438 exitCount=587040
[iommuret] hit #527: HalpIommuInitSystem returned EAX=0x00000000 (success/other) rsp=0xFFFFF8003A675438 exitCount=587041
[iommuret] hit #528: HalpIommuInitSystem returned EAX=0x00000000 (success/other) rsp=0xFFFFF8003A675438 exitCount=587042
[iommuret] hit #529: HalpIommuInitSystem returned EAX=0x00000000 (success/other) rsp=0xFFFFF8003A675438 exitCount=587043
[iommuret] hit #530: HalpIommuInitSystem returned EAX=0x00000000 (success/other) rsp=0xFFFFF8003A675438 exitCount=587044
[iommuret] hit #531: HalpIommuInitSystem returned EAX=0x00000000 (success/other) rsp=0xFFFFF8003A675438 exitCount=587045
[iommuret] hit #532: HalpIommuInitSystem returned EAX=0x00000000 (success/other) rsp=0xFFFFF8003A675438 exitCount=587046
[iommuret] hit #533: HalpIommuInitSystem returned EAX=0x00000000 (success/other) rsp=0xFFFFF8003A675438 exitCount=587047
[iommuret] hit #534: HalpIommuInitSystem returned EAX=0x00000000 (success/other) rsp=0xFFFFF8003A675438 exitCount=587048
[iommuret] hit #535: HalpIommuInitSystem returned EAX=0x00000000 (success/other) rsp=0xFFFFF8003A675438 exitCount=587049
[iommuret] hit #536: HalpIommuInitSystem returned EAX=0x00000000 (success/other) rsp=0xFFFFF8003A675438 exitCount=587050
[iommuret] hit #537: HalpIommuInitSystem returned EAX=0x00000000 (success/other) rsp=0xFFFFF8003A675438 exitCount=587051
[iommuret] hit #538: HalpIommuInitSystem returned EAX=0x00000000 (success/other) rsp=0xFFFFF8003A675438 exitCount=587052
[iommuret] hit #539: HalpIommuInitSystem returned EAX=0x00000000 (success/other) rsp=0xFFFFF8003A675438 exitCount=587053
[iommuret] hit #540: HalpIommuInitSystem returned EAX=0x00000000 (success/other) rsp=0xFFFFF8003A675438 exitCount=587054
[iommuret] hit #541: HalpIommuInitSystem returned EAX=0x00000000 (success/other) rsp=0xFFFFF8003A675438 exitCount=587055
[iommuret] hit #542: HalpIommuInitSystem returned EAX=0x00000000 (success/other) rsp=0xFFFFF8003A675438 exitCount=587056
[iommuret] hit #543: HalpIommuInitSystem returned EAX=0x00000000 (success/other) rsp=0xFFFFF8003A675438 exitCount=587057
[iommuret] hit #544: HalpIommuInitSystem returned EAX=0x00000000 (success/other) rsp=0xFFFFF8003A675438 exitCount=587058
[iommuret] hit #545: HalpIommuInitSystem returned EAX=0x00000000 (success/other) rsp=0xFFFFF8003A675438 exitCount=587059
[iommuret] hit #546: HalpIommuInitSystem returned EAX=0x00000000 (success/other) rsp=0xFFFFF8003A675438 exitCount=587060
[iommuret] hit #547: HalpIommuInitSystem returned EAX=0x00000000 (success/other) rsp=0xFFFFF8003A675438 exitCount=587061
[iommuret] hit #548: HalpIommuInitSystem returned EAX=0x00000000 (success/other) rsp=0xFFFFF8003A675438 exitCount=587062
[iommuret] hit #549: HalpIommuInitSystem returned EAX=0x00000000 (success/other) rsp=0xFFFFF8003A675438 exitCount=587063
[iommuret] hit #550: HalpIommuInitSystem returned EAX=0x00000000 (success/other) rsp=0xFFFFF8003A675438 exitCount=587064
[iommuret] hit #551: HalpIommuInitSystem returned EAX=0x00000000 (success/other) rsp=0xFFFFF8003A675438 exitCount=587065
[iommuret] hit #552: HalpIommuInitSystem returned EAX=0x00000000 (success/other) rsp=0xFFFFF8003A675438 exitCount=587066
[iommuret] hit #553: HalpIommuInitSystem returned EAX=0x00000000 (success/other) rsp=0xFFFFF8003A675438 exitCount=587067
[iommuret] hit #554: HalpIommuInitSystem returned EAX=0x00000000 (success/other) rsp=0xFFFFF8003A675438 exitCount=587068
[iommuret] hit #555: HalpIommuInitSystem returned EAX=0x00000000 (success/other) rsp=0xFFFFF8003A675438 exitCount=587069
[iommuret] hit #556: HalpIommuInitSystem returned EAX=0x00000000 (success/other) rsp=0xFFFFF8003A675438 exitCount=587070
[iommuret] hit #557: HalpIommuInitSystem returned EAX=0x00000000 (success/other) rsp=0xFFFFF8003A675438 exitCount=587071
[iommuret] hit #558: HalpIommuInitSystem returned EAX=0x00000000 (success/other) rsp=0xFFFFF8003A675438 exitCount=587072
[iommuret] hit #559: HalpIommuInitSystem returned EAX=0x00000000 (success/other) rsp=0xFFFFF8003A675438 exitCount=587073
[iommuret] hit #560: HalpIommuInitSystem returned EAX=0x00000000 (success/other) rsp=0xFFFFF8003A675438 exitCount=587074
[iommuret] hit #561: HalpIommuInitSystem returned EAX=0x00000000 (success/other) rsp=0xFFFFF8003A675438 exitCount=587075
[iommuret] hit #562: HalpIommuInitSystem returned EAX=0x00000000 (success/other) rsp=0xFFFFF8003A675438 exitCount=587076
[iommuret] hit #563: HalpIommuInitSystem returned EAX=0x00000000 (success/other) rsp=0xFFFFF8003A675438 exitCount=587077
[iommuret] hit #564: HalpIommuInitSystem returned EAX=0x00000000 (success/other) rsp=0xFFFFF8003A675438 exitCount=587078
[iommuret] hit #565: HalpIommuInitSystem returned EAX=0x00000000 (success/other) rsp=0xFFFFF8003A675438 exitCount=587079
[iommuret] hit #566: HalpIommuInitSystem returned EAX=0x00000000 (success/other) rsp=0xFFFFF8003A675438 exitCount=587080
[iommuret] hit #567: HalpIommuInitSystem returned EAX=0x00000000 (success/other) rsp=0xFFFFF8003A675438 exitCount=587081
[iommuret] hit #568: HalpIommuInitSystem returned EAX=0x00000000 (success/other) rsp=0xFFFFF8003A675438 exitCount=587082
[iommuret] hit #569: HalpIommuInitSystem returned EAX=0x00000000 (success/other) rsp=0xFFFFF8003A675438 exitCount=587083
[iommuret] hit #570: HalpIommuInitSystem returned EAX=0x00000000 (success/other) rsp=0xFFFFF8003A675438 exitCount=587084
[iommuret] hit #571: HalpIommuInitSystem returned EAX=0x00000000 (success/other) rsp=0xFFFFF8003A675438 exitCount=587085
[iommuret] hit #572: HalpIommuInitSystem returned EAX=0x00000000 (success/other) rsp=0xFFFFF8003A675438 exitCount=587086
[iommuret] hit #573: HalpIommuInitSystem returned EAX=0x00000000 (success/other) rsp=0xFFFFF8003A675438 exitCount=587087
[iommuret] hit #574: HalpIommuInitSystem returned EAX=0x00000000 (success/other) rsp=0xFFFFF8003A675438 exitCount=587088
[iommuret] hit #575: HalpIommuInitSystem returned EAX=0x00000000 (success/other) rsp=0xFFFFF8003A675438 exitCount=587089
[iommuret] hit #576: HalpIommuInitSystem returned EAX=0x00000000 (success/other) rsp=0xFFFFF8003A675438 exitCount=587090
[iommuret] hit #577: HalpIommuInitSystem returned EAX=0x00000000 (success/other) rsp=0xFFFFF8003A675438 exitCount=587091
[iommuret] hit #578: HalpIommuInitSystem returned EAX=0x00000000 (success/other) rsp=0xFFFFF8003A675438 exitCount=587092
[iommuret] hit #579: HalpIommuInitSystem returned EAX=0x00000000 (success/other) rsp=0xFFFFF8003A675438 exitCount=587093
[iommuret] hit #580: HalpIommuInitSystem returned EAX=0x00000000 (success/other) rsp=0xFFFFF8003A675438 exitCount=587094
[iommuret] hit #581: HalpIommuInitSystem returned EAX=0x00000000 (success/other) rsp=0xFFFFF8003A675438 exitCount=587095
[iommuret] hit #582: HalpIommuInitSystem returned EAX=0x00000000 (success/other) rsp=0xFFFFF8003A675438 exitCount=587096
[iommuret] hit #583: HalpIommuInitSystem returned EAX=0x00000000 (success/other) rsp=0xFFFFF8003A675438 exitCount=587097
[iommuret] hit #584: HalpIommuInitSystem returned EAX=0x00000000 (success/other) rsp=0xFFFFF8003A675438 exitCount=587098
[iommuret] hit #585: HalpIommuInitSystem returned EAX=0x00000000 (success/other) rsp=0xFFFFF8003A675438 exitCount=587099
[iommuret] hit #586: HalpIommuInitSystem returned EAX=0x00000000 (success/other) rsp=0xFFFFF8003A675438 exitCount=587100
[iommuret] hit #587: HalpIommuInitSystem returned EAX=0x00000000 (success/other) rsp=0xFFFFF8003A675438 exitCount=587101
[iommuret] hit #588: HalpIommuInitSystem returned EAX=0x00000000 (success/other) rsp=0xFFFFF8003A675438 exitCount=587102
[iommuret] hit #589: HalpIommuInitSystem returned EAX=0x00000000 (success/other) rsp=0xFFFFF8003A675438 exitCount=587103
[iommuret] hit #590: HalpIommuInitSystem returned EAX=0x00000000 (success/other) rsp=0xFFFFF8003A675438 exitCount=587104
[iommuret] hit #591: HalpIommuInitSystem returned EAX=0x00000000 (success/other) rsp=0xFFFFF8003A675438 exitCount=587105
[iommuret] hit #592: HalpIommuInitSystem returned EAX=0x00000000 (success/other) rsp=0xFFFFF8003A675438 exitCount=587106
[iommuret] hit #593: HalpIommuInitSystem returned EAX=0x00000000 (success/other) rsp=0xFFFFF8003A675438 exitCount=587107
[iommuret] hit #594: HalpIommuInitSystem returned EAX=0x00000000 (success/other) rsp=0xFFFFF8003A675438 exitCount=587108
[iommuret] hit #595: HalpIommuInitSystem returned EAX=0x00000000 (success/other) rsp=0xFFFFF8003A675438 exitCount=587109
[iommuret] hit #596: HalpIommuInitSystem returned EAX=0x00000000 (success/other) rsp=0xFFFFF8003A675438 exitCount=587110
[iommuret] hit #597: HalpIommuInitSystem returned EAX=0x00000000 (success/other) rsp=0xFFFFF8003A675438 exitCount=587111
[iommuret] hit #598: HalpIommuInitSystem returned EAX=0x00000000 (success/other) rsp=0xFFFFF8003A675438 exitCount=587112
[iommuret] hit #599: HalpIommuInitSystem returned EAX=0x00000000 (success/other) rsp=0xFFFFF8003A675438 exitCount=587113
[iommuret] hit #600: HalpIommuInitSystem returned EAX=0x00000000 (success/other) rsp=0xFFFFF8003A675438 exitCount=587114
[iommuret] hit #601: HalpIommuInitSystem returned EAX=0x00000000 (success/other) rsp=0xFFFFF8003A675438 exitCount=587115
[iommuret] hit #602: HalpIommuInitSystem returned EAX=0x00000000 (success/other) rsp=0xFFFFF8003A675438 exitCount=587116
[iommuret] hit #603: HalpIommuInitSystem returned EAX=0x00000000 (success/other) rsp=0xFFFFF8003A675438 exitCount=587117
[iommuret] hit #604: HalpIommuInitSystem returned EAX=0x00000000 (success/other) rsp=0xFFFFF8003A675438 exitCount=587118
[iommuret] hit #605: HalpIommuInitSystem returned EAX=0x00000000 (success/other) rsp=0xFFFFF8003A675438 exitCount=587119
[iommuret] hit #606: HalpIommuInitSystem returned EAX=0x00000000 (success/other) rsp=0xFFFFF8003A675438 exitCount=587120
[iommuret] hit #607: HalpIommuInitSystem returned EAX=0x00000000 (success/other) rsp=0xFFFFF8003A675438 exitCount=587121
[iommuret] hit #608: HalpIommuInitSystem returned EAX=0x00000000 (success/other) rsp=0xFFFFF8003A675438 exitCount=587122
[iommuret] hit #609: HalpIommuInitSystem returned EAX=0x00000000 (success/other) rsp=0xFFFFF8003A675438 exitCount=587123
[iommuret] hit #610: HalpIommuInitSystem returned EAX=0x00000000 (success/other) rsp=0xFFFFF8003A675438 exitCount=587124
[iommuret] hit #611: HalpIommuInitSystem returned EAX=0x00000000 (success/other) rsp=0xFFFFF8003A675438 exitCount=587125
[iommuret] hit #612: HalpIommuInitSystem returned EAX=0x00000000 (success/other) rsp=0xFFFFF8003A675438 exitCount=587126
[iommuret] hit #613: HalpIommuInitSystem returned EAX=0x00000000 (success/other) rsp=0xFFFFF8003A675438 exitCount=587127
[iommuret] hit #614: HalpIommuInitSystem returned EAX=0x00000000 (success/other) rsp=0xFFFFF8003A675438 exitCount=587128
[iommuret] hit #615: HalpIommuInitSystem returned EAX=0x00000000 (success/other) rsp=0xFFFFF8003A675438 exitCount=587129
[iommuret] hit #616: HalpIommuInitSystem returned EAX=0x00000000 (success/other) rsp=0xFFFFF8003A675438 exitCount=587130
[iommuret] hit #617: HalpIommuInitSystem returned EAX=0x00000000 (success/other) rsp=0xFFFFF8003A675438 exitCount=587131
[iommuret] hit #618: HalpIommuInitSystem returned EAX=0x00000000 (success/other) rsp=0xFFFFF8003A675438 exitCount=587132
[iommuret] hit #619: HalpIommuInitSystem returned EAX=0x00000000 (success/other) rsp=0xFFFFF8003A675438 exitCount=587133
[iommuret] hit #620: HalpIommuInitSystem returned EAX=0x00000000 (success/other) rsp=0xFFFFF8003A675438 exitCount=587134
[iommuret] hit #621: HalpIommuInitSystem returned EAX=0x00000000 (success/other) rsp=0xFFFFF8003A675438 exitCount=587135
[iommuret] hit #622: HalpIommuInitSystem returned EAX=0x00000000 (success/other) rsp=0xFFFFF8003A675438 exitCount=587136
[iommuret] hit #623: HalpIommuInitSystem returned EAX=0x00000000 (success/other) rsp=0xFFFFF8003A675438 exitCount=587137
[iommuret] hit #624: HalpIommuInitSystem returned EAX=0x00000000 (success/other) rsp=0xFFFFF8003A675438 exitCount=587138
[iommuret] hit #625: HalpIommuInitSystem returned EAX=0x00000000 (success/other) rsp=0xFFFFF8003A675438 exitCount=587139
[iommuret] hit #626: HalpIommuInitSystem returned EAX=0x00000000 (success/other) rsp=0xFFFFF8003A675438 exitCount=587140
[iommuret] hit #627: HalpIommuInitSystem returned EAX=0x00000000 (success/other) rsp=0xFFFFF8003A675438 exitCount=587141
[iommuret] hit #628: HalpIommuInitSystem returned EAX=0x00000000 (success/other) rsp=0xFFFFF8003A675438 exitCount=587142
[iommuret] hit #629: HalpIommuInitSystem returned EAX=0x00000000 (success/other) rsp=0xFFFFF8003A675438 exitCount=587143
[iommuret] hit #630: HalpIommuInitSystem returned EAX=0x00000000 (success/other) rsp=0xFFFFF8003A675438 exitCount=587144
[iommuret] hit #631: HalpIommuInitSystem returned EAX=0x00000000 (success/other) rsp=0xFFFFF8003A675438 exitCount=587145
[iommuret] hit #632: HalpIommuInitSystem returned EAX=0x00000000 (success/other) rsp=0xFFFFF8003A675438 exitCount=587146
[iommuret] hit #633: HalpIommuInitSystem returned EAX=0x00000000 (success/other) rsp=0xFFFFF8003A675438 exitCount=587147
[iommuret] hit #634: HalpIommuInitSystem returned EAX=0x00000000 (success/other) rsp=0xFFFFF8003A675438 exitCount=587148
[iommuret] hit #635: HalpIommuInitSystem returned EAX=0x00000000 (success/other) rsp=0xFFFFF8003A675438 exitCount=587149
[iommuret] hit #636: HalpIommuInitSystem returned EAX=0x00000000 (success/other) rsp=0xFFFFF8003A675438 exitCount=587150
[iommuret] hit #637: HalpIommuInitSystem returned EAX=0x00000000 (success/other) rsp=0xFFFFF8003A675438 exitCount=587151
[iommuret] hit #638: HalpIommuInitSystem returned EAX=0x00000000 (success/other) rsp=0xFFFFF8003A675438 exitCount=587152
[iommuret] hit #639: HalpIommuInitSystem returned EAX=0x00000000 (success/other) rsp=0xFFFFF8003A675438 exitCount=587153
[iommuret] hit #640: HalpIommuInitSystem returned EAX=0x00000000 (success/other) rsp=0xFFFFF8003A675438 exitCount=587154
[iommuret] hit #641: HalpIommuInitSystem returned EAX=0x00000000 (success/other) rsp=0xFFFFF8003A675438 exitCount=587155
[iommuret] hit #642: HalpIommuInitSystem returned EAX=0x00000000 (success/other) rsp=0xFFFFF8003A675438 exitCount=587156
[iommuret] hit #643: HalpIommuInitSystem returned EAX=0x00000000 (success/other) rsp=0xFFFFF8003A675438 exitCount=587157
[iommuret] hit #644: HalpIommuInitSystem returned EAX=0x00000000 (success/other) rsp=0xFFFFF8003A675438 exitCount=587158
[iommuret] hit #645: HalpIommuInitSystem returned EAX=0x00000000 (success/other) rsp=0xFFFFF8003A675438 exitCount=587159
[iommuret] hit #646: HalpIommuInitSystem returned EAX=0x00000000 (success/other) rsp=0xFFFFF8003A675438 exitCount=587160
[iommuret] hit #647: HalpIommuInitSystem returned EAX=0x00000000 (success/other) rsp=0xFFFFF8003A675438 exitCount=587161
[iommuret] hit #648: HalpIommuInitSystem returned EAX=0x00000000 (success/other) rsp=0xFFFFF8003A675438 exitCount=587162
[iommuret] hit #649: HalpIommuInitSystem returned EAX=0x00000000 (success/other) rsp=0xFFFFF8003A675438 exitCount=587163
[iommuret] hit #650: HalpIommuInitSystem returned EAX=0x00000000 (success/other) rsp=0xFFFFF8003A675438 exitCount=587164
[iommuret] hit #651: HalpIommuInitSystem returned EAX=0x00000000 (success/other) rsp=0xFFFFF8003A675438 exitCount=587165
[iommuret] hit #652: HalpIommuInitSystem returned EAX=0x00000000 (success/other) rsp=0xFFFFF8003A675438 exitCount=587166
[iommuret] hit #653: HalpIommuInitSystem returned EAX=0x00000000 (success/other) rsp=0xFFFFF8003A675438 exitCount=587167
[iommuret] hit #654: HalpIommuInitSystem returned EAX=0x00000000 (success/other) rsp=0xFFFFF8003A675438 exitCount=587168
[iommuret] hit #655: HalpIommuInitSystem returned EAX=0x00000000 (success/other) rsp=0xFFFFF8003A675438 exitCount=587169
[iommuret] hit #656: HalpIommuInitSystem returned EAX=0x00000000 (success/other) rsp=0xFFFFF8003A675438 exitCount=587170
[iommuret] hit #657: HalpIommuInitSystem returned EAX=0x00000000 (success/other) rsp=0xFFFFF8003A675438 exitCount=587171
[iommuret] hit #658: HalpIommuInitSystem returned EAX=0x00000000 (success/other) rsp=0xFFFFF8003A675438 exitCount=587172
[iommuret] hit #659: HalpIommuInitSystem returned EAX=0x00000000 (success/other) rsp=0xFFFFF8003A675438 exitCount=587173
[iommuret] hit #660: HalpIommuInitSystem returned EAX=0x00000000 (success/other) rsp=0xFFFFF8003A675438 exitCount=587174
[iommuret] hit #661: HalpIommuInitSystem returned EAX=0x00000000 (success/other) rsp=0xFFFFF8003A675438 exitCount=587175
[iommuret] hit #662: HalpIommuInitSystem returned EAX=0x00000000 (success/other) rsp=0xFFFFF8003A675438 exitCount=587176
[iommuret] hit #663: HalpIommuInitSystem returned EAX=0x00000000 (success/other) rsp=0xFFFFF8003A675438 exitCount=587177
[iommuret] hit #664: HalpIommuInitSystem returned EAX=0x00000000 (success/other) rsp=0xFFFFF8003A675438 exitCount=587178
[iommuret] hit #665: HalpIommuInitSystem returned EAX=0x00000000 (success/other) rsp=0xFFFFF8003A675438 exitCount=587179
[iommuret] hit #666: HalpIommuInitSystem returned EAX=0x00000000 (success/other) rsp=0xFFFFF8003A675438 exitCount=587180
[iommuret] hit #667: HalpIommuInitSystem returned EAX=0x00000000 (success/other) rsp=0xFFFFF8003A675438 exitCount=587181
[iommuret] hit #668: HalpIommuInitSystem returned EAX=0x00000000 (success/other) rsp=0xFFFFF8003A675438 exitCount=587182
[iommuret] hit #669: HalpIommuInitSystem returned EAX=0x00000000 (success/other) rsp=0xFFFFF8003A675438 exitCount=587183
[iommuret] hit #670: HalpIommuInitSystem returned EAX=0x00000000 (success/other) rsp=0xFFFFF8003A675438 exitCount=587184
[iommuret] hit #671: HalpIommuInitSystem returned EAX=0x00000000 (success/other) rsp=0xFFFFF8003A675438 exitCount=587185
[iommuret] hit #672: HalpIommuInitSystem returned EAX=0x00000000 (success/other) rsp=0xFFFFF8003A675438 exitCount=587186
[iommuret] hit #673: HalpIommuInitSystem returned EAX=0x00000000 (success/other) rsp=0xFFFFF8003A675438 exitCount=587187
[iommuret] hit #674: HalpIommuInitSystem returned EAX=0x00000000 (success/other) rsp=0xFFFFF8003A675438 exitCount=587188
[iommuret] hit #675: HalpIommuInitSystem returned EAX=0x00000000 (success/other) rsp=0xFFFFF8003A675438 exitCount=587189
[iommuret] hit #676: HalpIommuInitSystem returned EAX=0x00000000 (success/other) rsp=0xFFFFF8003A675438 exitCount=587190
[iommuret] hit #677: HalpIommuInitSystem returned EAX=0x00000000 (success/other) rsp=0xFFFFF8003A675438 exitCount=587191
[iommuret] hit #678: HalpIommuInitSystem returned EAX=0x00000000 (success/other) rsp=0xFFFFF8003A675438 exitCount=587192
[iommuret] hit #679: HalpIommuInitSystem returned EAX=0x00000000 (success/other) rsp=0xFFFFF8003A675438 exitCount=587193
[iommuret] hit #680: HalpIommuInitSystem returned EAX=0x00000000 (success/other) rsp=0xFFFFF8003A675438 exitCount=587194
[iommuret] hit #681: HalpIommuInitSystem returned EAX=0x00000000 (success/other) rsp=0xFFFFF8003A675438 exitCount=587195
[iommuret] hit #682: HalpIommuInitSystem returned EAX=0x00000000 (success/other) rsp=0xFFFFF8003A675438 exitCount=587196
[iommuret] hit #683: HalpIommuInitSystem returned EAX=0x00000000 (success/other) rsp=0xFFFFF8003A675438 exitCount=587197
[iommuret] hit #684: HalpIommuInitSystem returned EAX=0x00000000 (success/other) rsp=0xFFFFF8003A675438 exitCount=587198
[iommuret] hit #685: HalpIommuInitSystem returned EAX=0x00000000 (success/other) rsp=0xFFFFF8003A675438 exitCount=587199
[iommuret] hit #686: HalpIommuInitSystem returned EAX=0x00000000 (success/other) rsp=0xFFFFF8003A675438 exitCount=587200
[iommuret] hit #687: HalpIommuInitSystem returned EAX=0x00000000 (success/other) rsp=0xFFFFF8003A675438 exitCount=587201
[iommuret] hit #688: HalpIommuInitSystem returned EAX=0x00000000 (success/other) rsp=0xFFFFF8003A675438 exitCount=587202
[iommuret] hit #689: HalpIommuInitSystem returned EAX=0x00000000 (success/other) rsp=0xFFFFF8003A675438 exitCount=587203
[iommuret] hit #690: HalpIommuInitSystem returned EAX=0x00000000 (success/other) rsp=0xFFFFF8003A675438 exitCount=587204
[iommuret] hit #691: HalpIommuInitSystem returned EAX=0x00000000 (success/other) rsp=0xFFFFF8003A675438 exitCount=587205
[iommuret] hit #692: HalpIommuInitSystem returned EAX=0x00000000 (success/other) rsp=0xFFFFF8003A675438 exitCount=587206
[iommuret] hit #693: HalpIommuInitSystem returned EAX=0x00000000 (success/other) rsp=0xFFFFF8003A675438 exitCount=587207
[iommuret] hit #694: HalpIommuInitSystem returned EAX=0x00000000 (success/other) rsp=0xFFFFF8003A675438 exitCount=587208
[iommuret] hit #695: HalpIommuInitSystem returned EAX=0x00000000 (success/other) rsp=0xFFFFF8003A675438 exitCount=587209
[iommuret] hit #696: HalpIommuInitSystem returned EAX=0x00000000 (success/other) rsp=0xFFFFF8003A675438 exitCount=587210
[iommuret] hit #697: HalpIommuInitSystem returned EAX=0x00000000 (success/other) rsp=0xFFFFF8003A675438 exitCount=587211
[iommuret] hit #698: HalpIommuInitSystem returned EAX=0x00000000 (success/other) rsp=0xFFFFF8003A675438 exitCount=587212
[iommuret] hit #699: HalpIommuInitSystem returned EAX=0x00000000 (success/other) rsp=0xFFFFF8003A675438 exitCount=587213
[iommuret] hit #700: HalpIommuInitSystem returned EAX=0x00000000 (success/other) rsp=0xFFFFF8003A675438 exitCount=587214
[iommuret] hit #701: HalpIommuInitSystem returned EAX=0x00000000 (success/other) rsp=0xFFFFF8003A675438 exitCount=587215
[iommuret] hit #702: HalpIommuInitSystem returned EAX=0x00000000 (success/other) rsp=0xFFFFF8003A675438 exitCount=587216
[iommuret] hit #703: HalpIommuInitSystem returned EAX=0x00000000 (success/other) rsp=0xFFFFF8003A675438 exitCount=587217
[iommuret] hit #704: HalpIommuInitSystem returned EAX=0x00000000 (success/other) rsp=0xFFFFF8003A675438 exitCount=587218
[iommuret] hit #705: HalpIommuInitSystem returned EAX=0x00000000 (success/other) rsp=0xFFFFF8003A675438 exitCount=587219
[iommuret] hit #706: HalpIommuInitSystem returned EAX=0x00000000 (success/other) rsp=0xFFFFF8003A675438 exitCount=587220
[iommuret] hit #707: HalpIommuInitSystem returned EAX=0x00000000 (success/other) rsp=0xFFFFF8003A675438 exitCount=587221
[iommuret] hit #708: HalpIommuInitSystem returned EAX=0x00000000 (success/other) rsp=0xFFFFF8003A675438 exitCount=587222
[iommuret] hit #709: HalpIommuInitSystem returned EAX=0x00000000 (success/other) rsp=0xFFFFF8003A675438 exitCount=587223
[iommuret] hit #710: HalpIommuInitSystem returned EAX=0x00000000 (success/other) rsp=0xFFFFF8003A675438 exitCount=587224
[iommuret] hit #711: HalpIommuInitSystem returned EAX=0x00000000 (success/other) rsp=0xFFFFF8003A675438 exitCount=587225
[iommuret] hit #712: HalpIommuInitSystem returned EAX=0x00000000 (success/other) rsp=0xFFFFF8003A675438 exitCount=587226
[iommuret] hit #713: HalpIommuInitSystem returned EAX=0x00000000 (success/other) rsp=0xFFFFF8003A675438 exitCount=587227
[iommuret] hit #714: HalpIommuInitSystem returned EAX=0x00000000 (success/other) rsp=0xFFFFF8003A675438 exitCount=587228
[iommuret] hit #715: HalpIommuInitSystem returned EAX=0x00000000 (success/other) rsp=0xFFFFF8003A675438 exitCount=587229
[iommuret] hit #716: HalpIommuInitSystem returned EAX=0x00000000 (success/other) rsp=0xFFFFF8003A675438 exitCount=587230
[iommuret] hit #717: HalpIommuInitSystem returned EAX=0x00000000 (success/other) rsp=0xFFFFF8003A675438 exitCount=587231
[iommuret] hit #718: HalpIommuInitSystem returned EAX=0x00000000 (success/other) rsp=0xFFFFF8003A675438 exitCount=587232
[iommuret] hit #719: HalpIommuInitSystem returned EAX=0x00000000 (success/other) rsp=0xFFFFF8003A675438 exitCount=587233
[iommuret] hit #720: HalpIommuInitSystem returned EAX=0x00000000 (success/other) rsp=0xFFFFF8003A675438 exitCount=587234
[iommuret] hit #721: HalpIommuInitSystem returned EAX=0x00000000 (success/other) rsp=0xFFFFF8003A675438 exitCount=587235
[iommuret] hit #722: HalpIommuInitSystem returned EAX=0x00000000 (success/other) rsp=0xFFFFF8003A675438 exitCount=587236
[iommuret] hit #723: HalpIommuInitSystem returned EAX=0x00000000 (success/other) rsp=0xFFFFF8003A675438 exitCount=587237
[iommuret] hit #724: HalpIommuInitSystem returned EAX=0x00000000 (success/other) rsp=0xFFFFF8003A675438 exitCount=587238
[iommuret] hit #725: HalpIommuInitSystem returned EAX=0x00000000 (success/other) rsp=0xFFFFF8003A675438 exitCount=587239
[iommuret] hit #726: HalpIommuInitSystem returned EAX=0x00000000 (success/other) rsp=0xFFFFF8003A675438 exitCount=587240
[iommuret] hit #727: HalpIommuInitSystem returned EAX=0x00000000 (success/other) rsp=0xFFFFF8003A675438 exitCount=587241
[iommuret] hit #728: HalpIommuInitSystem returned EAX=0x00000000 (success/other) rsp=0xFFFFF8003A675438 exitCount=587242
[iommuret] hit #729: HalpIommuInitSystem returned EAX=0x00000000 (success/other) rsp=0xFFFFF8003A675438 exitCount=587243
[iommuret] hit #730: HalpIommuInitSystem returned EAX=0x00000000 (success/other) rsp=0xFFFFF8003A675438 exitCount=587244
[iommuret] hit #731: HalpIommuInitSystem returned EAX=0x00000000 (success/other) rsp=0xFFFFF8003A675438 exitCount=587245
[iommuret] hit #732: HalpIommuInitSystem returned EAX=0x00000000 (success/other) rsp=0xFFFFF8003A675438 exitCount=587246
[iommuret] hit #733: HalpIommuInitSystem returned EAX=0x00000000 (success/other) rsp=0xFFFFF8003A675438 exitCount=587247
[iommuret] hit #734: HalpIommuInitSystem returned EAX=0x00000000 (success/other) rsp=0xFFFFF8003A675438 exitCount=587248
[iommuret] hit #735: HalpIommuInitSystem returned EAX=0x00000000 (success/other) rsp=0xFFFFF8003A675438 exitCount=587249
[iommuret] hit #736: HalpIommuInitSystem returned EAX=0x00000000 (success/other) rsp=0xFFFFF8003A675438 exitCount=587250
[iommuret] hit #737: HalpIommuInitSystem returned EAX=0x00000000 (success/other) rsp=0xFFFFF8003A675438 exitCount=587251
[iommuret] hit #738: HalpIommuInitSystem returned EAX=0x00000000 (success/other) rsp=0xFFFFF8003A675438 exitCount=587252
[iommuret] hit #739: HalpIommuInitSystem returned EAX=0x00000000 (success/other) rsp=0xFFFFF8003A675438 exitCount=587253
[iommuret] hit #740: HalpIommuInitSystem returned EAX=0x00000000 (success/other) rsp=0xFFFFF8003A675438 exitCount=587254
[iommuret] hit #741: HalpIommuInitSystem returned EAX=0x00000000 (success/other) rsp=0xFFFFF8003A675438 exitCount=587255
[iommuret] hit #742: HalpIommuInitSystem returned EAX=0x00000000 (success/other) rsp=0xFFFFF8003A675438 exitCount=587256
[iommuret] hit #743: HalpIommuInitSystem returned EAX=0x00000000 (success/other) rsp=0xFFFFF8003A675438 exitCount=587257
[iommuret] hit #744: HalpIommuInitSystem returned EAX=0x00000000 (success/other) rsp=0xFFFFF8003A675438 exitCount=587258
[iommuret] hit #745: HalpIommuInitSystem returned EAX=0x00000000 (success/other) rsp=0xFFFFF8003A675438 exitCount=587259
[iommuret] hit #746: HalpIommuInitSystem returned EAX=0x00000000 (success/other) rsp=0xFFFFF8003A675438 exitCount=587260
[iommuret] hit #747: HalpIommuInitSystem returned EAX=0x00000000 (success/other) rsp=0xFFFFF8003A675438 exitCount=587261
[iommuret] hit #748: HalpIommuInitSystem returned EAX=0x00000000 (success/other) rsp=0xFFFFF8003A675438 exitCount=587262
[iommuret] hit #749: HalpIommuInitSystem returned EAX=0x00000000 (success/other) rsp=0xFFFFF8003A675438 exitCount=587263
[iommuret] hit #750: HalpIommuInitSystem returned EAX=0x00000000 (success/other) rsp=0xFFFFF8003A675438 exitCount=587264
[iommuret] hit #751: HalpIommuInitSystem returned EAX=0x00000000 (success/other) rsp=0xFFFFF8003A675438 exitCount=587265
[iommuret] hit #752: HalpIommuInitSystem returned EAX=0x00000000 (success/other) rsp=0xFFFFF8003A675438 exitCount=587266
[iommuret] hit #753: HalpIommuInitSystem returned EAX=0x00000000 (success/other) rsp=0xFFFFF8003A675438 exitCount=587267
[iommuret] hit #754: HalpIommuInitSystem returned EAX=0x00000000 (success/other) rsp=0xFFFFF8003A675438 exitCount=587268
[iommuret] hit #755: HalpIommuInitSystem returned EAX=0x00000000 (success/other) rsp=0xFFFFF8003A675438 exitCount=587269
[iommuret] hit #756: HalpIommuInitSystem returned EAX=0x00000000 (success/other) rsp=0xFFFFF8003A675438 exitCount=587270
[iommuret] hit #757: HalpIommuInitSystem returned EAX=0x00000000 (success/other) rsp=0xFFFFF8003A675438 exitCount=587271
[iommuret] hit #758: HalpIommuInitSystem returned EAX=0x00000000 (success/other) rsp=0xFFFFF8003A675438 exitCount=587272
[iommuret] hit #759: HalpIommuInitSystem returned EAX=0x00000000 (success/other) rsp=0xFFFFF8003A675438 exitCount=587273
[iommuret] hit #760: HalpIommuInitSystem returned EAX=0x00000000 (success/other) rsp=0xFFFFF8003A675438 exitCount=587274
[iommuret] hit #761: HalpIommuInitSystem returned EAX=0x00000000 (success/other) rsp=0xFFFFF8003A675438 exitCount=587275
[iommuret] hit #762: HalpIommuInitSystem returned EAX=0x00000000 (success/other) rsp=0xFFFFF8003A675438 exitCount=587276
[iommuret] hit #763: HalpIommuInitSystem returned EAX=0x00000000 (success/other) rsp=0xFFFFF8003A675438 exitCount=587277
[iommuret] hit #764: HalpIommuInitSystem returned EAX=0x00000000 (success/other) rsp=0xFFFFF8003A675438 exitCount=587278
[iommuret] hit #765: HalpIommuInitSystem returned EAX=0x00000000 (success/other) rsp=0xFFFFF8003A675438 exitCount=587279
[iommuret] hit #766: HalpIommuInitSystem returned EAX=0x00000000 (success/other) rsp=0xFFFFF8003A675438 exitCount=587280
[iommuret] hit #767: HalpIommuInitSystem returned EAX=0x00000000 (success/other) rsp=0xFFFFF8003A675438 exitCount=587281
[iommuret] hit #768: HalpIommuInitSystem returned EAX=0x00000000 (success/other) rsp=0xFFFFF8003A675438 exitCount=587282
[iommuret] hit #769: HalpIommuInitSystem returned EAX=0x00000000 (success/other) rsp=0xFFFFF8003A675438 exitCount=587283
[iommuret] hit #770: HalpIommuInitSystem returned EAX=0x00000000 (success/other) rsp=0xFFFFF8003A675438 exitCount=587284
[iommuret] hit #771: HalpIommuInitSystem returned EAX=0x00000000 (success/other) rsp=0xFFFFF8003A675438 exitCount=587285
[iommuret] hit #772: HalpIommuInitSystem returned EAX=0x00000000 (success/other) rsp=0xFFFFF8003A675438 exitCount=587286
[iommuret] hit #773: HalpIommuInitSystem returned EAX=0x00000000 (success/other) rsp=0xFFFFF8003A675438 exitCount=587287
[iommuret] hit #774: HalpIommuInitSystem returned EAX=0x00000000 (success/other) rsp=0xFFFFF8003A675438 exitCount=587288
[iommuret] hit #775: HalpIommuInitSystem returned EAX=0x00000000 (success/other) rsp=0xFFFFF8003A675438 exitCount=587289
[iommuret] hit #776: HalpIommuInitSystem returned EAX=0x00000000 (success/other) rsp=0xFFFFF8003A675438 exitCount=587290
[iommuret] hit #777: HalpIommuInitSystem returned EAX=0x00000000 (success/other) rsp=0xFFFFF8003A675438 exitCount=587291
[iommuret] hit #778: HalpIommuInitSystem returned EAX=0x00000000 (success/other) rsp=0xFFFFF8003A675438 exitCount=587292
[iommuret] hit #779: HalpIommuInitSystem returned EAX=0x00000000 (success/other) rsp=0xFFFFF8003A675438 exitCount=587293
[iommuret] hit #780: HalpIommuInitSystem returned EAX=0x00000000 (success/other) rsp=0xFFFFF8003A675438 exitCount=587294
[iommuret] hit #781: HalpIommuInitSystem returned EAX=0x00000000 (success/other) rsp=0xFFFFF8003A675438 exitCount=587295
[iommuret] hit #782: HalpIommuInitSystem returned EAX=0x00000000 (success/other) rsp=0xFFFFF8003A675438 exitCount=587296
[iommuret] hit #783: HalpIommuInitSystem returned EAX=0x00000000 (success/other) rsp=0xFFFFF8003A675438 exitCount=587297
[iommuret] hit #784: HalpIommuInitSystem returned EAX=0x00000000 (success/other) rsp=0xFFFFF8003A675438 exitCount=587298
[iommuret] hit #785: HalpIommuInitSystem returned EAX=0x00000000 (success/other) rsp=0xFFFFF8003A675438 exitCount=587299
[iommuret] hit #786: HalpIommuInitSystem returned EAX=0x00000000 (success/other) rsp=0xFFFFF8003A675438 exitCount=587300
[iommuret] hit #787: HalpIommuInitSystem returned EAX=0x00000000 (success/other) rsp=0xFFFFF8003A675438 exitCount=587301
[iommuret] hit #788: HalpIommuInitSystem returned EAX=0x00000000 (success/other) rsp=0xFFFFF8003A675438 exitCount=587302
[iommuret] hit #789: HalpIommuInitSystem returned EAX=0x00000000 (success/other) rsp=0xFFFFF8003A675438 exitCount=587303
[iommuret] hit #790: HalpIommuInitSystem returned EAX=0x00000000 (success/other) rsp=0xFFFFF8003A675438 exitCount=587304
[iommuret] hit #791: HalpIommuInitSystem returned EAX=0x00000000 (success/other) rsp=0xFFFFF8003A675438 exitCount=587305
[iommuret] hit #792: HalpIommuInitSystem returned EAX=0x00000000 (success/other) rsp=0xFFFFF8003A675438 exitCount=587306
[iommuret] hit #793: HalpIommuInitSystem returned EAX=0x00000000 (success/other) rsp=0xFFFFF8003A675438 exitCount=587307
[iommuret] hit #794: HalpIommuInitSystem returned EAX=0x00000000 (success/other) rsp=0xFFFFF8003A675438 exitCount=587308
[iommuret] hit #795: HalpIommuInitSystem returned EAX=0x00000000 (success/other) rsp=0xFFFFF8003A675438 exitCount=587309
[iommuret] hit #796: HalpIommuInitSystem returned EAX=0x00000000 (success/other) rsp=0xFFFFF8003A675438 exitCount=587310
[iommuret] hit #797: HalpIommuInitSystem returned EAX=0x00000000 (success/other) rsp=0xFFFFF8003A675438 exitCount=587311
[iommuret] hit #798: HalpIommuInitSystem returned EAX=0x00000000 (success/other) rsp=0xFFFFF8003A675438 exitCount=587312
[iommuret] hit #799: HalpIommuInitSystem returned EAX=0x00000000 (success/other) rsp=0xFFFFF8003A675438 exitCount=587313
[iommuret] hit #800: HalpIommuInitSystem returned EAX=0x00000000 (success/other) rsp=0xFFFFF8003A675438 exitCount=587314
[iommuret] hit #801: HalpIommuInitSystem returned EAX=0x00000000 (success/other) rsp=0xFFFFF8003A675438 exitCount=587315
[iommuret] hit #802: HalpIommuInitSystem returned EAX=0x00000000 (success/other) rsp=0xFFFFF8003A675438 exitCount=587316
[iommuret] hit #803: HalpIommuInitSystem returned EAX=0x00000000 (success/other) rsp=0xFFFFF8003A675438 exitCount=587317
[iommuret] hit #804: HalpIommuInitSystem returned EAX=0x00000000 (success/other) rsp=0xFFFFF8003A675438 exitCount=587318
[iommuret] hit #805: HalpIommuInitSystem returned EAX=0x00000000 (success/other) rsp=0xFFFFF8003A675438 exitCount=587319
[iommuret] hit #806: HalpIommuInitSystem returned EAX=0x00000000 (success/other) rsp=0xFFFFF8003A675438 exitCount=587320
[iommuret] hit #807: HalpIommuInitSystem returned EAX=0x00000000 (success/other) rsp=0xFFFFF8003A675438 exitCount=587321
[iommuret] hit #808: HalpIommuInitSystem returned EAX=0x00000000 (success/other) rsp=0xFFFFF8003A675438 exitCount=587322
[iommuret] hit #809: HalpIommuInitSystem returned EAX=0x00000000 (success/other) rsp=0xFFFFF8003A675438 exitCount=587323
[iommuret] hit #810: HalpIommuInitSystem returned EAX=0x00000000 (success/other) rsp=0xFFFFF8003A675438 exitCount=587324
[iommuret] hit #811: HalpIommuInitSystem returned EAX=0x00000000 (success/other) rsp=0xFFFFF8003A675438 exitCount=587325
[iommuret] hit #812: HalpIommuInitSystem returned EAX=0x00000000 (success/other) rsp=0xFFFFF8003A675438 exitCount=587326
[iommuret] hit #813: HalpIommuInitSystem returned EAX=0x00000000 (success/other) rsp=0xFFFFF8003A675438 exitCount=587327
[iommuret] hit #814: HalpIommuInitSystem returned EAX=0x00000000 (success/other) rsp=0xFFFFF8003A675438 exitCount=587328
[iommuret] hit #815: HalpIommuInitSystem returned EAX=0x00000000 (success/other) rsp=0xFFFFF8003A675438 exitCount=587329
[iommuret] hit #816: HalpIommuInitSystem returned EAX=0x00000000 (success/other) rsp=0xFFFFF8003A675438 exitCount=587330
[iommuret] hit #817: HalpIommuInitSystem returned EAX=0x00000000 (success/other) rsp=0xFFFFF8003A675438 exitCount=587331
[iommuret] hit #818: HalpIommuInitSystem returned EAX=0x00000000 (success/other) rsp=0xFFFFF8003A675438 exitCount=587332
[iommuret] hit #819: HalpIommuInitSystem returned EAX=0x00000000 (success/other) rsp=0xFFFFF8003A675438 exitCount=587333
[iommuret] hit #820: HalpIommuInitSystem returned EAX=0x00000000 (success/other) rsp=0xFFFFF8003A675438 exitCount=587334
[iommuret] hit #821: HalpIommuInitSystem returned EAX=0x00000000 (success/other) rsp=0xFFFFF8003A675438 exitCount=587335
[iommuret] hit #822: HalpIommuInitSystem returned EAX=0x00000000 (success/other) rsp=0xFFFFF8003A675438 exitCount=587336
[iommuret] hit #823: HalpIommuInitSystem returned EAX=0x00000000 (success/other) rsp=0xFFFFF8003A675438 exitCount=587337
[iommuret] hit #824: HalpIommuInitSystem returned EAX=0x00000000 (success/other) rsp=0xFFFFF8003A675438 exitCount=587338
[iommuret] hit #825: HalpIommuInitSystem returned EAX=0x00000000 (success/other) rsp=0xFFFFF8003A675438 exitCount=587339
[iommuret] hit #826: HalpIommuInitSystem returned EAX=0x00000000 (success/other) rsp=0xFFFFF8003A675438 exitCount=587340
[iommuret] hit #827: HalpIommuInitSystem returned EAX=0x00000000 (success/other) rsp=0xFFFFF8003A675438 exitCount=587341
[iommuret] hit #828: HalpIommuInitSystem returned EAX=0x00000000 (success/other) rsp=0xFFFFF8003A675438 exitCount=587342
[iommuret] hit #829: HalpIommuInitSystem returned EAX=0x00000000 (success/other) rsp=0xFFFFF8003A675438 exitCount=587343
[iommuret] hit #830: HalpIommuInitSystem returned EAX=0x00000000 (success/other) rsp=0xFFFFF8003A675438 exitCount=587344
[iommuret] hit #831: HalpIommuInitSystem returned EAX=0x00000000 (success/other) rsp=0xFFFFF8003A675438 exitCount=587345
[iommuret] hit #832: HalpIommuInitSystem returned EAX=0x00000000 (success/other) rsp=0xFFFFF8003A675438 exitCount=587346
[iommuret] hit #833: HalpIommuInitSystem returned EAX=0x00000000 (success/other) rsp=0xFFFFF8003A675438 exitCount=587347
[iommuret] hit #834: HalpIommuInitSystem returned EAX=0x00000000 (success/other) rsp=0xFFFFF8003A675438 exitCount=587348
[iommuret] hit #835: HalpIommuInitSystem returned EAX=0x00000000 (success/other) rsp=0xFFFFF8003A675438 exitCount=587349
[iommuret] hit #836: HalpIommuInitSystem returned EAX=0x00000000 (success/other) rsp=0xFFFFF8003A675438 exitCount=587350
[iommuret] hit #837: HalpIommuInitSystem returned EAX=0x00000000 (success/other) rsp=0xFFFFF8003A675438 exitCount=587351
[iommuret] hit #838: HalpIommuInitSystem returned EAX=0x00000000 (success/other) rsp=0xFFFFF8003A675438 exitCount=587352
[iommuret] hit #839: HalpIommuInitSystem returned EAX=0x00000000 (success/other) rsp=0xFFFFF8003A675438 exitCount=587353
[iommuret] hit #840: HalpIommuInitSystem returned EAX=0x00000000 (success/other) rsp=0xFFFFF8003A675438 exitCount=587354
[iommuret] hit #841: HalpIommuInitSystem returned EAX=0x00000000 (success/other) rsp=0xFFFFF8003A675438 exitCount=587355
[iommuret] hit #842: HalpIommuInitSystem returned EAX=0x00000000 (success/other) rsp=0xFFFFF8003A675438 exitCount=587356
[iommuret] hit #843: HalpIommuInitSystem returned EAX=0x00000000 (success/other) rsp=0xFFFFF8003A675438 exitCount=587357
[iommuret] hit #844: HalpIommuInitSystem returned EAX=0x00000000 (success/other) rsp=0xFFFFF8003A675438 exitCount=587358
[iommuret] hit #845: HalpIommuInitSystem returned EAX=0x00000000 (success/other) rsp=0xFFFFF8003A675438 exitCount=587359
[iommuret] hit #846: HalpIommuInitSystem returned EAX=0x00000000 (success/other) rsp=0xFFFFF8003A675438 exitCount=587360
[iommuret] hit #847: HalpIommuInitSystem returned EAX=0x00000000 (success/other) rsp=0xFFFFF8003A675438 exitCount=587361
[iommuret] hit #848: HalpIommuInitSystem returned EAX=0x00000000 (success/other) rsp=0xFFFFF8003A675438 exitCount=587362
[iommuret] hit #849: HalpIommuInitSystem returned EAX=0x00000000 (success/other) rsp=0xFFFFF8003A675438 exitCount=587363
[iommuret] hit #850: HalpIommuInitSystem returned EAX=0x00000000 (success/other) rsp=0xFFFFF8003A675438 exitCount=587364
[iommuret] hit #851: HalpIommuInitSystem returned EAX=0x00000000 (success/other) rsp=0xFFFFF8003A675438 exitCount=587365
[iommuret] hit #852: HalpIommuInitSystem returned EAX=0x00000000 (success/other) rsp=0xFFFFF8003A675438 exitCount=587366
[iommuret] hit #853: HalpIommuInitSystem returned EAX=0x00000000 (success/other) rsp=0xFFFFF8003A675438 exitCount=587367
[iommuret] hit #854: HalpIommuInitSystem returned EAX=0x00000000 (success/other) rsp=0xFFFFF8003A675438 exitCount=587368
[iommuret] hit #855: HalpIommuInitSystem returned EAX=0x00000000 (success/other) rsp=0xFFFFF8003A675438 exitCount=587369
[iommuret] hit #856: HalpIommuInitSystem returned EAX=0x00000000 (success/other) rsp=0xFFFFF8003A675438 exitCount=587370
[iommuret] hit #857: HalpIommuInitSystem returned EAX=0x00000000 (success/other) rsp=0xFFFFF8003A675438 exitCount=587371
[iommuret] hit #858: HalpIommuInitSystem returned EAX=0x00000000 (success/other) rsp=0xFFFFF8003A675438 exitCount=587372
[iommuret] hit #859: HalpIommuInitSystem returned EAX=0x00000000 (success/other) rsp=0xFFFFF8003A675438 exitCount=587373
[iommuret] hit #860: HalpIommuInitSystem returned EAX=0x00000000 (success/other) rsp=0xFFFFF8003A675438 exitCount=587374
[iommuret] hit #861: HalpIommuInitSystem returned EAX=0x00000000 (success/other) rsp=0xFFFFF8003A675438 exitCount=587375
[iommuret] hit #862: HalpIommuInitSystem returned EAX=0x00000000 (success/other) rsp=0xFFFFF8003A675438 exitCount=587376
[iommuret] hit #863: HalpIommuInitSystem returned EAX=0x00000000 (success/other) rsp=0xFFFFF8003A675438 exitCount=587377
[iommuret] hit #864: HalpIommuInitSystem returned EAX=0x00000000 (success/other) rsp=0xFFFFF8003A675438 exitCount=587378
[iommuret] hit #865: HalpIommuInitSystem returned EAX=0x00000000 (success/other) rsp=0xFFFFF8003A675438 exitCount=587379
[iommuret] hit #866: HalpIommuInitSystem returned EAX=0x00000000 (success/other) rsp=0xFFFFF8003A675438 exitCount=587380
[iommuret] hit #867: HalpIommuInitSystem returned EAX=0x00000000 (success/other) rsp=0xFFFFF8003A675438 exitCount=587381
[iommuret] hit #868: HalpIommuInitSystem returned EAX=0x00000000 (success/other) rsp=0xFFFFF8003A675438 exitCount=587382
[iommuret] hit #869: HalpIommuInitSystem returned EAX=0x00000000 (success/other) rsp=0xFFFFF8003A675438 exitCount=587383
[iommuret] hit #870: HalpIommuInitSystem returned EAX=0x00000000 (success/other) rsp=0xFFFFF8003A675438 exitCount=587384
[iommuret] hit #871: HalpIommuInitSystem returned EAX=0x00000000 (success/other) rsp=0xFFFFF8003A675438 exitCount=587385
[iommuret] hit #872: HalpIommuInitSystem returned EAX=0x00000000 (success/other) rsp=0xFFFFF8003A675438 exitCount=587386
[iommuret] hit #873: HalpIommuInitSystem returned EAX=0x00000000 (success/other) rsp=0xFFFFF8003A675438 exitCount=587387
[iommuret] hit #874: HalpIommuInitSystem returned EAX=0x00000000 (success/other) rsp=0xFFFFF8003A675438 exitCount=587388
[iommuret] hit #875: HalpIommuInitSystem returned EAX=0x00000000 (success/other) rsp=0xFFFFF8003A675438 exitCount=587389
[iommuret] hit #876: HalpIommuInitSystem returned EAX=0x00000000 (success/other) rsp=0xFFFFF8003A675438 exitCount=587390
[iommuret] hit #877: HalpIommuInitSystem returned EAX=0x00000000 (success/other) rsp=0xFFFFF8003A675438 exitCount=587391
[iommuret] hit #878: HalpIommuInitSystem returned EAX=0x00000000 (success/other) rsp=0xFFFFF8003A675438 exitCount=587392
[iommuret] hit #879: HalpIommuInitSystem returned EAX=0x00000000 (success/other) rsp=0xFFFFF8003A675438 exitCount=587393
[iommuret] hit #880: HalpIommuInitSystem returned EAX=0x00000000 (success/other) rsp=0xFFFFF8003A675438 exitCount=587394
[iommuret] hit #881: HalpIommuInitSystem returned EAX=0x00000000 (success/other) rsp=0xFFFFF8003A675438 exitCount=587395
[iommuret] hit #882: HalpIommuInitSystem returned EAX=0x00000000 (success/other) rsp=0xFFFFF8003A675438 exitCount=587396
[iommuret] hit #883: HalpIommuInitSystem returned EAX=0x00000000 (success/other) rsp=0xFFFFF8003A675438 exitCount=587397
[iommuret] hit #884: HalpIommuInitSystem returned EAX=0x00000000 (success/other) rsp=0xFFFFF8003A675438 exitCount=587398
[iommuret] hit #885: HalpIommuInitSystem returned EAX=0x00000000 (success/other) rsp=0xFFFFF8003A675438 exitCount=587399
[iommuret] hit #886: HalpIommuInitSystem returned EAX=0x00000000 (success/other) rsp=0xFFFFF8003A675438 exitCount=587400
[iommuret] hit #887: HalpIommuInitSystem returned EAX=0x00000000 (success/other) rsp=0xFFFFF8003A675438 exitCount=587401
[iommuret] hit #888: HalpIommuInitSystem returned EAX=0x00000000 (success/other) rsp=0xFFFFF8003A675438 exitCount=587402
[iommuret] hit #889: HalpIommuInitSystem returned EAX=0x00000000 (success/other) rsp=0xFFFFF8003A675438 exitCount=587403
[iommuret] hit #890: HalpIommuInitSystem returned EAX=0x00000000 (success/other) rsp=0xFFFFF8003A675438 exitCount=587404
[iommuret] hit #891: HalpIommuInitSystem returned EAX=0x00000000 (success/other) rsp=0xFFFFF8003A675438 exitCount=587405
[iommuret] hit #892: HalpIommuInitSystem returned EAX=0x00000000 (success/other) rsp=0xFFFFF8003A675438 exitCount=587406
[iommuret] hit #893: HalpIommuInitSystem returned EAX=0x00000000 (success/other) rsp=0xFFFFF8003A675438 exitCount=587407
[iommuret] hit #894: HalpIommuInitSystem returned EAX=0x00000000 (success/other) rsp=0xFFFFF8003A675438 exitCount=587408
[iommuret] hit #895: HalpIommuInitSystem returned EAX=0x00000000 (success/other) rsp=0xFFFFF8003A675438 exitCount=587409
[iommuret] hit #896: HalpIommuInitSystem returned EAX=0x00000000 (success/other) rsp=0xFFFFF8003A675438 exitCount=587410
[iommuret] hit #897: HalpIommuInitSystem returned EAX=0x00000000 (success/other) rsp=0xFFFFF8003A675438 exitCount=587411
[iommuret] hit #898: HalpIommuInitSystem returned EAX=0x00000000 (success/other) rsp=0xFFFFF8003A675438 exitCount=587412
[iommuret] hit #899: HalpIommuInitSystem returned EAX=0x00000000 (success/other) rsp=0xFFFFF8003A675438 exitCount=587413
[iommuret] hit #900: HalpIommuInitSystem returned EAX=0x00000000 (success/other) rsp=0xFFFFF8003A675438 exitCount=587414
[iommuret] hit #901: HalpIommuInitSystem returned EAX=0x00000000 (success/other) rsp=0xFFFFF8003A675438 exitCount=587415
[iommuret] hit #902: HalpIommuInitSystem returned EAX=0x00000000 (success/other) rsp=0xFFFFF8003A675438 exitCount=587416
[iommuret] hit #903: HalpIommuInitSystem returned EAX=0x00000000 (success/other) rsp=0xFFFFF8003A675438 exitCount=587417
[iommuret] hit #904: HalpIommuInitSystem returned EAX=0x00000000 (success/other) rsp=0xFFFFF8003A675438 exitCount=587418
[iommuret] hit #905: HalpIommuInitSystem returned EAX=0x00000000 (success/other) rsp=0xFFFFF8003A675438 exitCount=587419
[iommuret] hit #906: HalpIommuInitSystem returned EAX=0x00000000 (success/other) rsp=0xFFFFF8003A675438 exitCount=587420
[iommuret] hit #907: HalpIommuInitSystem returned EAX=0x00000000 (success/other) rsp=0xFFFFF8003A675438 exitCount=587421
[iommuret] hit #908: HalpIommuInitSystem returned EAX=0x00000000 (success/other) rsp=0xFFFFF8003A675438 exitCount=587422
[iommuret] hit #909: HalpIommuInitSystem returned EAX=0x00000000 (success/other) rsp=0xFFFFF8003A675438 exitCount=587423
[iommuret] hit #910: HalpIommuInitSystem returned EAX=0x00000000 (success/other) rsp=0xFFFFF8003A675438 exitCount=587424
[iommuret] hit #911: HalpIommuInitSystem returned EAX=0x00000000 (success/other) rsp=0xFFFFF8003A675438 exitCount=587425
[iommuret] hit #912: HalpIommuInitSystem returned EAX=0x00000000 (success/other) rsp=0xFFFFF8003A675438 exitCount=587426
[iommuret] hit #913: HalpIommuInitSystem returned EAX=0x00000000 (success/other) rsp=0xFFFFF8003A675438 exitCount=587427
[iommuret] hit #914: HalpIommuInitSystem returned EAX=0x00000000 (success/other) rsp=0xFFFFF8003A675438 exitCount=587428
[iommuret] hit #915: HalpIommuInitSystem returned EAX=0x00000000 (success/other) rsp=0xFFFFF8003A675438 exitCount=587429
[iommuret] hit #916: HalpIommuInitSystem returned EAX=0x00000000 (success/other) rsp=0xFFFFF8003A675438 exitCount=587430
[iommuret] hit #917: HalpIommuInitSystem returned EAX=0x00000000 (success/other) rsp=0xFFFFF8003A675438 exitCount=587431
[iommuret] hit #918: HalpIommuInitSystem returned EAX=0x00000000 (success/other) rsp=0xFFFFF8003A675438 exitCount=587432
[iommuret] hit #919: HalpIommuInitSystem returned EAX=0x00000000 (success/other) rsp=0xFFFFF8003A675438 exitCount=587433
[iommuret] hit #920: HalpIommuInitSystem returned EAX=0x00000000 (success/other) rsp=0xFFFFF8003A675438 exitCount=587434
[iommuret] hit #921: HalpIommuInitSystem returned EAX=0x00000000 (success/other) rsp=0xFFFFF8003A675438 exitCount=587435
[iommuret] hit #922: HalpIommuInitSystem returned EAX=0x00000000 (success/other) rsp=0xFFFFF8003A675438 exitCount=587436
[iommuret] hit #923: HalpIommuInitSystem returned EAX=0x00000000 (success/other) rsp=0xFFFFF8003A675438 exitCount=587437
[iommuret] hit #924: HalpIommuInitSystem returned EAX=0x00000000 (success/other) rsp=0xFFFFF8003A675438 exitCount=587438
[iommuret] hit #925: HalpIommuInitSystem returned EAX=0x00000000 (success/other) rsp=0xFFFFF8003A675438 exitCount=587439
[iommuret] hit #926: HalpIommuInitSystem returned EAX=0x00000000 (success/other) rsp=0xFFFFF8003A675438 exitCount=587440
[iommuret] hit #927: HalpIommuInitSystem returned EAX=0x00000000 (success/other) rsp=0xFFFFF8003A675438 exitCount=587441
[iommuret] hit #928: HalpIommuInitSystem returned EAX=0x00000000 (success/other) rsp=0xFFFFF8003A675438 exitCount=587442
[iommuret] hit #929: HalpIommuInitSystem returned EAX=0x00000000 (success/other) rsp=0xFFFFF8003A675438 exitCount=587443
[iommuret] hit #930: HalpIommuInitSystem returned EAX=0x00000000 (success/other) rsp=0xFFFFF8003A675438 exitCount=587444
[iommuret] hit #931: HalpIommuInitSystem returned EAX=0x00000000 (success/other) rsp=0xFFFFF8003A675438 exitCount=587445
[iommuret] hit #932: HalpIommuInitSystem returned EAX=0x00000000 (success/other) rsp=0xFFFFF8003A675438 exitCount=587446
[iommuret] hit #933: HalpIommuInitSystem returned EAX=0x00000000 (success/other) rsp=0xFFFFF8003A675438 exitCount=587447
[iommuret] hit #934: HalpIommuInitSystem returned EAX=0x00000000 (success/other) rsp=0xFFFFF8003A675438 exitCount=587448
[iommuret] hit #935: HalpIommuInitSystem returned EAX=0x00000000 (success/other) rsp=0xFFFFF8003A675438 exitCount=587449
[iommuret] hit #936: HalpIommuInitSystem returned EAX=0x00000000 (success/other) rsp=0xFFFFF8003A675438 exitCount=587450
[iommuret] hit #937: HalpIommuInitSystem returned EAX=0x00000000 (success/other) rsp=0xFFFFF8003A675438 exitCount=587451
[iommuret] hit #938: HalpIommuInitSystem returned EAX=0x00000000 (success/other) rsp=0xFFFFF8003A675438 exitCount=587452
[iommuret] hit #939: HalpIommuInitSystem returned EAX=0x00000000 (success/other) rsp=0xFFFFF8003A675438 exitCount=587453
[iommuret] hit #940: HalpIommuInitSystem returned EAX=0x00000000 (success/other) rsp=0xFFFFF8003A675438 exitCount=587454
[iommuret] hit #941: HalpIommuInitSystem returned EAX=0x00000000 (success/other) rsp=0xFFFFF8003A675438 exitCount=587455
[iommuret] hit #942: HalpIommuInitSystem returned EAX=0x00000000 (success/other) rsp=0xFFFFF8003A675438 exitCount=587456
[iommuret] hit #943: HalpIommuInitSystem returned EAX=0x00000000 (success/other) rsp=0xFFFFF8003A675438 exitCount=587457
[iommuret] hit #944: HalpIommuInitSystem returned EAX=0x00000000 (success/other) rsp=0xFFFFF8003A675438 exitCount=587458
[iommuret] hit #945: HalpIommuInitSystem returned EAX=0x00000000 (success/other) rsp=0xFFFFF8003A675438 exitCount=587459
[iommuret] hit #946: HalpIommuInitSystem returned EAX=0x00000000 (success/other) rsp=0xFFFFF8003A675438 exitCount=587460
[iommuret] hit #947: HalpIommuInitSystem returned EAX=0x00000000 (success/other) rsp=0xFFFFF8003A675438 exitCount=587461
[iommuret] hit #948: HalpIommuInitSystem returned EAX=0x00000000 (success/other) rsp=0xFFFFF8003A675438 exitCount=587462
[iommuret] hit #949: HalpIommuInitSystem returned EAX=0x00000000 (success/other) rsp=0xFFFFF8003A675438 exitCount=587463
[iommuret] hit #950: HalpIommuInitSystem returned EAX=0x00000000 (success/other) rsp=0xFFFFF8003A675438 exitCount=587464
[iommuret] hit #951: HalpIommuInitSystem returned EAX=0x00000000 (success/other) rsp=0xFFFFF8003A675438 exitCount=587465
[iommuret] hit #952: HalpIommuInitSystem returned EAX=0x00000000 (success/other) rsp=0xFFFFF8003A675438 exitCount=587466
[iommuret] hit #953: HalpIommuInitSystem returned EAX=0x00000000 (success/other) rsp=0xFFFFF8003A675438 exitCount=587467
[iommuret] hit #954: HalpIommuInitSystem returned EAX=0x00000000 (success/other) rsp=0xFFFFF8003A675438 exitCount=587468
[iommuret] hit #955: HalpIommuInitSystem returned EAX=0x00000000 (success/other) rsp=0xFFFFF8003A675438 exitCount=587469
[iommuret] hit #956: HalpIommuInitSystem returned EAX=0x00000000 (success/other) rsp=0xFFFFF8003A675438 exitCount=587470
[iommuret] hit #957: HalpIommuInitSystem returned EAX=0x00000000 (success/other) rsp=0xFFFFF8003A675438 exitCount=587471
[iommuret] hit #958: HalpIommuInitSystem returned EAX=0x00000000 (success/other) rsp=0xFFFFF8003A675438 exitCount=587472
[iommuret] hit #959: HalpIommuInitSystem returned EAX=0x00000000 (success/other) rsp=0xFFFFF8003A675438 exitCount=587473
[iommuret] hit #960: HalpIommuInitSystem returned EAX=0x00000000 (success/other) rsp=0xFFFFF8003A675438 exitCount=587474
[iommuret] hit #961: HalpIommuInitSystem returned EAX=0x00000000 (success/other) rsp=0xFFFFF8003A675438 exitCount=587475
[iommuret] hit #962: HalpIommuInitSystem returned EAX=0x00000000 (success/other) rsp=0xFFFFF8003A675438 exitCount=587476
[iommuret] hit #963: HalpIommuInitSystem returned EAX=0x00000000 (success/other) rsp=0xFFFFF8003A675438 exitCount=587477
[iommuret] hit #964: HalpIommuInitSystem returned EAX=0x00000000 (success/other) rsp=0xFFFFF8003A675438 exitCount=587478
[iommuret] hit #965: HalpIommuInitSystem returned EAX=0x00000000 (success/other) rsp=0xFFFFF8003A675438 exitCount=587479
[iommuret] hit #966: HalpIommuInitSystem returned EAX=0x00000000 (success/other) rsp=0xFFFFF8003A675438 exitCount=587480
[iommuret] hit #967: HalpIommuInitSystem returned EAX=0x00000000 (success/other) rsp=0xFFFFF8003A675438 exitCount=587481
[iommuret] hit #968: HalpIommuInitSystem returned EAX=0x00000000 (success/other) rsp=0xFFFFF8003A675438 exitCount=587482
[iommuret] hit #969: HalpIommuInitSystem returned EAX=0x00000000 (success/other) rsp=0xFFFFF8003A675438 exitCount=587483
[iommuret] hit #970: HalpIommuInitSystem returned EAX=0x00000000 (success/other) rsp=0xFFFFF8003A675438 exitCount=587484
[iommuret] hit #971: HalpIommuInitSystem returned EAX=0x00000000 (success/other) rsp=0xFFFFF8003A675438 exitCount=587485
[iommuret] hit #972: HalpIommuInitSystem returned EAX=0x00000000 (success/other) rsp=0xFFFFF8003A675438 exitCount=587486
[iommuret] hit #973: HalpIommuInitSystem returned EAX=0x00000000 (success/other) rsp=0xFFFFF8003A675438 exitCount=587487
[iommuret] hit #974: HalpIommuInitSystem returned EAX=0x00000000 (success/other) rsp=0xFFFFF8003A675438 exitCount=587488
[iommuret] hit #975: HalpIommuInitSystem returned EAX=0x00000000 (success/other) rsp=0xFFFFF8003A675438 exitCount=587489
[iommuret] hit #976: HalpIommuInitSystem returned EAX=0x00000000 (success/other) rsp=0xFFFFF8003A675438 exitCount=587490
[iommuret] hit #977: HalpIommuInitSystem returned EAX=0x00000000 (success/other) rsp=0xFFFFF8003A675438 exitCount=587491
[iommuret] hit #978: HalpIommuInitSystem returned EAX=0x00000000 (success/other) rsp=0xFFFFF8003A675438 exitCount=587492
[iommuret] hit #979: HalpIommuInitSystem returned EAX=0x00000000 (success/other) rsp=0xFFFFF8003A675438 exitCount=587493
[iommuret] hit #980: HalpIommuInitSystem returned EAX=0x00000000 (success/other) rsp=0xFFFFF8003A675438 exitCount=587494
[iommuret] hit #981: HalpIommuInitSystem returned EAX=0x00000000 (success/other) rsp=0xFFFFF8003A675438 exitCount=587495
[iommuret] hit #982: HalpIommuInitSystem returned EAX=0x00000000 (success/other) rsp=0xFFFFF8003A675438 exitCount=587496
[iommuret] hit #983: HalpIommuInitSystem returned EAX=0x00000000 (success/other) rsp=0xFFFFF8003A675438 exitCount=587497
[iommuret] hit #984: HalpIommuInitSystem returned EAX=0x00000000 (success/other) rsp=0xFFFFF8003A675438 exitCount=587498
[iommuret] hit #985: HalpIommuInitSystem returned EAX=0x00000000 (success/other) rsp=0xFFFFF8003A675438 exitCount=587499
[iommuret] hit #986: HalpIommuInitSystem returned EAX=0x00000000 (success/other) rsp=0xFFFFF8003A675438 exitCount=587500
[iommuret] hit #987: HalpIommuInitSystem returned EAX=0x00000000 (success/other) rsp=0xFFFFF8003A675438 exitCount=587501
[iommuret] hit #988: HalpIommuInitSystem returned EAX=0x00000000 (success/other) rsp=0xFFFFF8003A675438 exitCount=587502
[iommuret] hit #989: HalpIommuInitSystem returned EAX=0x00000000 (success/other) rsp=0xFFFFF8003A675438 exitCount=587503
[iommuret] hit #990: HalpIommuInitSystem returned EAX=0x00000000 (success/other) rsp=0xFFFFF8003A675438 exitCount=587504
[iommuret] hit #991: HalpIommuInitSystem returned EAX=0x00000000 (success/other) rsp=0xFFFFF8003A675438 exitCount=587505
[iommuret] hit #992: HalpIommuInitSystem returned EAX=0x00000000 (success/other) rsp=0xFFFFF8003A675438 exitCount=587506
[iommuret] hit #993: HalpIommuInitSystem returned EAX=0x00000000 (success/other) rsp=0xFFFFF8003A675438 exitCount=587507
[iommuret] hit #994: HalpIommuInitSystem returned EAX=0x00000000 (success/other) rsp=0xFFFFF8003A675438 exitCount=587508
[iommuret] hit #995: HalpIommuInitSystem returned EAX=0x00000000 (success/other) rsp=0xFFFFF8003A675438 exitCount=587509
[iommuret] hit #996: HalpIommuInitSystem returned EAX=0x00000000 (success/other) rsp=0xFFFFF8003A675438 exitCount=587510
[iommuret] hit #997: HalpIommuInitSystem returned EAX=0x00000000 (success/other) rsp=0xFFFFF8003A675438 exitCount=587511
[iommuret] hit #998: HalpIommuInitSystem returned EAX=0x00000000 (success/other) rsp=0xFFFFF8003A675438 exitCount=587512
[iommuret] hit #999: HalpIommuInitSystem returned EAX=0x00000000 (success/other) rsp=0xFFFFF8003A675438 exitCount=587513
[iommuret] hit #1000: HalpIommuInitSystem returned EAX=0x00000000 (success/other) rsp=0xFFFFF8003A675438 exitCount=587514
[iommuret] hit #1001: HalpIommuInitSystem returned EAX=0x00000000 (success/other) rsp=0xFFFFF8003A675438 exitCount=587515
[iommuret] hit #1002: HalpIommuInitSystem returned EAX=0x00000000 (success/other) rsp=0xFFFFF8003A675438 exitCount=587516
[iommuret] hit #1003: HalpIommuInitSystem returned EAX=0x00000000 (success/other) rsp=0xFFFFF8003A675438 exitCount=587517
[iommuret] hit #1004: HalpIommuInitSystem returned EAX=0x00000000 (success/other) rsp=0xFFFFF8003A675438 exitCount=587518
[iommuret] hit #1005: HalpIommuInitSystem returned EAX=0x00000000 (success/other) rsp=0xFFFFF8003A675438 exitCount=587519
[iommuret] hit #1006: HalpIommuInitSystem returned EAX=0x00000000 (success/other) rsp=0xFFFFF8003A675438 exitCount=587520
[iommuret] hit #1007: HalpIommuInitSystem returned EAX=0x00000000 (success/other) rsp=0xFFFFF8003A675438 exitCount=587521
[iommuret] hit #1008: HalpIommuInitSystem returned EAX=0x00000000 (success/other) rsp=0xFFFFF8003A675438 exitCount=587522
[iommuret] hit #1009: HalpIommuInitSystem returned EAX=0x00000000 (success/other) rsp=0xFFFFF8003A675438 exitCount=587523
[iommuret] hit #1010: HalpIommuInitSystem returned EAX=0x00000000 (success/other) rsp=0xFFFFF8003A675438 exitCount=587524
[iommuret] hit #1011: HalpIommuInitSystem returned EAX=0x00000000 (success/other) rsp=0xFFFFF8003A675438 exitCount=587525
[iommuret] hit #1012: HalpIommuInitSystem returned EAX=0x00000000 (success/other) rsp=0xFFFFF8003A675438 exitCount=587526
[iommuret] hit #1013: HalpIommuInitSystem returned EAX=0x00000000 (success/other) rsp=0xFFFFF8003A675438 exitCount=587527
[iommuret] hit #1014: HalpIommuInitSystem returned EAX=0x00000000 (success/other) rsp=0xFFFFF8003A675438 exitCount=587528
[iommuret] hit #1015: HalpIommuInitSystem returned EAX=0x00000000 (success/other) rsp=0xFFFFF8003A675438 exitCount=587529
[iommuret] hit #1016: HalpIommuInitSystem returned EAX=0x00000000 (success/other) rsp=0xFFFFF8003A675438 exitCount=587530
[iommuret] hit #1017: HalpIommuInitSystem returned EAX=0x00000000 (success/other) rsp=0xFFFFF8003A675438 exitCount=587531
[iommuret] hit #1018: HalpIommuInitSystem returned EAX=0x00000000 (success/other) rsp=0xFFFFF8003A675438 exitCount=587532
[iommuret] hit #1019: HalpIommuInitSystem returned EAX=0x00000000 (success/other) rsp=0xFFFFF8003A675438 exitCount=587533
[iommuret] hit #1020: HalpIommuInitSystem returned EAX=0x00000000 (success/other) rsp=0xFFFFF8003A675438 exitCount=587534
[iommuret] hit #1021: HalpIommuInitSystem returned EAX=0x00000000 (success/other) rsp=0xFFFFF8003A675438 exitCount=587535
[iommuret] hit #1022: HalpIommuInitSystem returned EAX=0x00000000 (success/other) rsp=0xFFFFF8003A675438 exitCount=587536
[iommuret] hit #1023: HalpIommuInitSystem returned EAX=0x00000000 (success/other) rsp=0xFFFFF8003A675438 exitCount=587537
[iommuret] hit #1024: HalpIommuInitSystem returned EAX=0x00000000 (success/other) rsp=0xFFFFF8003A675438 exitCount=587538
[iommuret] hit #1025: HalpIommuInitSystem returned EAX=0x00000000 (success/other) rsp=0xFFFFF8003A675438 exitCount=587539
[iommuret] hit #1026: HalpIommuInitSystem returned EAX=0x00000000 (success/other) rsp=0xFFFFF8003A675438 exitCount=587540
[iommuret] hit #1027: HalpIommuInitSystem returned EAX=0x00000000 (success/other) rsp=0xFFFFF8003A675438 exitCount=587541
[iommuret] hit #1028: HalpIommuInitSystem returned EAX=0x00000000 (success/other) rsp=0xFFFFF8003A675438 exitCount=587542
[iommuret] hit #1029: HalpIommuInitSystem returned EAX=0x00000000 (success/other) rsp=0xFFFFF8003A675438 exitCount=587543
[iommuret] hit #1030: HalpIommuInitSystem returned EAX=0x00000000 (success/other) rsp=0xFFFFF8003A675438 exitCount=587544
[iommuret] hit #1031: HalpIommuInitSystem returned EAX=0x00000000 (success/other) rsp=0xFFFFF8003A675438 exitCount=587545
[iommuret] hit #1032: HalpIommuInitSystem returned EAX=0x00000000 (success/other) rsp=0xFFFFF8003A675438 exitCount=587546
[iommuret] hit #1033: HalpIommuInitSystem returned EAX=0x00000000 (success/other) rsp=0xFFFFF8003A675438 exitCount=587547
[iommuret] hit #1034: HalpIommuInitSystem returned EAX=0x00000000 (success/other) rsp=0xFFFFF8003A675438 exitCount=587548
[iommuret] hit #1035: HalpIommuInitSystem returned EAX=0x00000000 (success/other) rsp=0xFFFFF8003A675438 exitCount=587549
[iommuret] hit #1036: HalpIommuInitSystem returned EAX=0x00000000 (success/other) rsp=0xFFFFF8003A675438 exitCount=587550
[iommuret] hit #1037: HalpIommuInitSystem returned EAX=0x00000000 (success/other) rsp=0xFFFFF8003A675438 exitCount=587551
[iommuret] hit #1038: HalpIommuInitSystem returned EAX=0x00000000 (success/other) rsp=0xFFFFF8003A675438 exitCount=587552
[iommuret] hit #1039: HalpIommuInitSystem returned EAX=0x00000000 (success/other) rsp=0xFFFFF8003A675438 exitCount=587553
[iommuret] hit #1040: HalpIommuInitSystem returned EAX=0x00000000 (success/other) rsp=0xFFFFF8003A675438 exitCount=587554
[iommuret] hit #1041: HalpIommuInitSystem returned EAX=0x00000000 (success/other) rsp=0xFFFFF8003A675438 exitCount=587555
[iommuret] hit #1042: HalpIommuInitSystem returned EAX=0x00000000 (success/other) rsp=0xFFFFF8003A675438 exitCount=587556
[iommuret] hit #1043: HalpIommuInitSystem returned EAX=0x00000000 (success/other) rsp=0xFFFFF8003A675438 exitCount=587557
[iommuret] hit #1044: HalpIommuInitSystem returned EAX=0x00000000 (success/other) rsp=0xFFFFF8003A675438 exitCount=587558
[iommuret] hit #1045: HalpIommuInitSystem returned EAX=0x00000000 (success/other) rsp=0xFFFFF8003A675438 exitCount=587559
[iommuret] hit #1046: HalpIommuInitSystem returned EAX=0x00000000 (success/other) rsp=0xFFFFF8003A675438 exitCount=587560
[iommuret] hit #1047: HalpIommuInitSystem returned EAX=0x00000000 (success/other) rsp=0xFFFFF8003A675438 exitCount=587561
[iommuret] hit #1048: HalpIommuInitSystem returned EAX=0x00000000 (success/other) rsp=0xFFFFF8003A675438 exitCount=587562
[iommuret] hit #1049: HalpIommuInitSystem returned EAX=0x00000000 (success/other) rsp=0xFFFFF8003A675438 exitCount=587563
[iommuret] hit #1050: HalpIommuInitSystem returned EAX=0x00000000 (success/other) rsp=0xFFFFF8003A675438 exitCount=587564
[iommuret] hit #1051: HalpIommuInitSystem returned EAX=0x00000000 (success/other) rsp=0xFFFFF8003A675438 exitCount=587565
[iommuret] hit #1052: HalpIommuInitSystem returned EAX=0x00000000 (success/other) rsp=0xFFFFF8003A675438 exitCount=587566
[iommuret] hit #1053: HalpIommuInitSystem returned EAX=0x00000000 (success/other) rsp=0xFFFFF8003A675438 exitCount=587567
[iommuret] hit #1054: HalpIommuInitSystem returned EAX=0x00000000 (success/other) rsp=0xFFFFF8003A675438 exitCount=587568
[iommuret] hit #1055: HalpIommuInitSystem returned EAX=0x00000000 (success/other) rsp=0xFFFFF8003A675438 exitCount=587569
[iommuret] hit #1056: HalpIommuInitSystem returned EAX=0x00000000 (success/other) rsp=0xFFFFF8003A675438 exitCount=587570
[iommuret] hit #1057: HalpIommuInitSystem returned EAX=0x00000000 (success/other) rsp=0xFFFFF8003A675438 exitCount=587571
[iommuret] hit #1058: HalpIommuInitSystem returned EAX=0x00000000 (success/other) rsp=0xFFFFF8003A675438 exitCount=587572
[iommuret] hit #1059: HalpIommuInitSystem returned EAX=0x00000000 (success/other) rsp=0xFFFFF8003A675438 exitCount=587573
[iommuret] hit #1060: HalpIommuInitSystem returned EAX=0x00000000 (success/other) rsp=0xFFFFF8003A675438 exitCount=587574
[iommuret] hit #1061: HalpIommuInitSystem returned EAX=0x00000000 (success/other) rsp=0xFFFFF8003A675438 exitCount=587575
[iommuret] hit #1062: HalpIommuInitSystem returned EAX=0x00000000 (success/other) rsp=0xFFFFF8003A675438 exitCount=587576
[iommuret] hit #1063: HalpIommuInitSystem returned EAX=0x00000000 (success/other) rsp=0xFFFFF8003A675438 exitCount=587577
[iommuret] hit #1064: HalpIommuInitSystem returned EAX=0x00000000 (success/other) rsp=0xFFFFF8003A675438 exitCount=587578
[iommuret] hit #1065: HalpIommuInitSystem returned EAX=0x00000000 (success/other) rsp=0xFFFFF8003A675438 exitCount=587579
[iommuret] hit #1066: HalpIommuInitSystem returned EAX=0x00000000 (success/other) rsp=0xFFFFF8003A675438 exitCount=587580
[iommuret] hit #1067: HalpIommuInitSystem returned EAX=0x00000000 (success/other) rsp=0xFFFFF8003A675438 exitCount=587581
[iommuret] hit #1068: HalpIommuInitSystem returned EAX=0x00000000 (success/other) rsp=0xFFFFF8003A675438 exitCount=587582
[iommuret] hit #1069: HalpIommuInitSystem returned EAX=0x00000000 (success/other) rsp=0xFFFFF8003A675438 exitCount=587583
[iommuret] hit #1070: HalpIommuInitSystem returned EAX=0x00000000 (success/other) rsp=0xFFFFF8003A675438 exitCount=587584
[iommuret] hit #1071: HalpIommuInitSystem returned EAX=0x00000000 (success/other) rsp=0xFFFFF8003A675438 exitCount=587585
[iommuret] hit #1072: HalpIommuInitSystem returned EAX=0x00000000 (success/other) rsp=0xFFFFF8003A675438 exitCount=587586
[iommuret] hit #1073: HalpIommuInitSystem returned EAX=0x00000000 (success/other) rsp=0xFFFFF8003A675438 exitCount=587587
[iommuret] hit #1074: HalpIommuInitSystem returned EAX=0x00000000 (success/other) rsp=0xFFFFF8003A675438 exitCount=587588
[iommuret] hit #1075: HalpIommuInitSystem returned EAX=0x00000000 (success/other) rsp=0xFFFFF8003A675438 exitCount=587589
[iommuret] hit #1076: HalpIommuInitSystem returned EAX=0x00000000 (success/other) rsp=0xFFFFF8003A675438 exitCount=587590
[iommuret] hit #1077: HalpIommuInitSystem returned EAX=0x00000000 (success/other) rsp=0xFFFFF8003A675438 exitCount=587591
[iommuret] hit #1078: HalpIommuInitSystem returned EAX=0x00000000 (success/other) rsp=0xFFFFF8003A675438 exitCount=587592
[iommuret] hit #1079: HalpIommuInitSystem returned EAX=0x00000000 (success/other) rsp=0xFFFFF8003A675438 exitCount=587593
[iommuret] hit #1080: HalpIommuInitSystem returned EAX=0x00000000 (success/other) rsp=0xFFFFF8003A675438 exitCount=587594
[iommuret] hit #1081: HalpIommuInitSystem returned EAX=0x00000000 (success/other) rsp=0xFFFFF8003A675438 exitCount=587595
[iommuret] hit #1082: HalpIommuInitSystem returned EAX=0x00000000 (success/other) rsp=0xFFFFF8003A675438 exitCount=587596
[iommuret] hit #1083: HalpIommuInitSystem returned EAX=0x00000000 (success/other) rsp=0xFFFFF8003A675438 exitCount=587597
[iommuret] hit #1084: HalpIommuInitSystem returned EAX=0x00000000 (success/other) rsp=0xFFFFF8003A675438 exitCount=587598
[iommuret] hit #1085: HalpIommuInitSystem returned EAX=0x00000000 (success/other) rsp=0xFFFFF8003A675438 exitCount=587599
[iommuret] hit #1086: HalpIommuInitSystem returned EAX=0x00000000 (success/other) rsp=0xFFFFF8003A675438 exitCount=587600
[iommuret] hit #1087: HalpIommuInitSystem returned EAX=0x00000000 (success/other) rsp=0xFFFFF8003A675438 exitCount=587601
[iommuret] hit #1088: HalpIommuInitSystem returned EAX=0x00000000 (success/other) rsp=0xFFFFF8003A675438 exitCount=587602
[iommuret] hit #1089: HalpIommuInitSystem returned EAX=0x00000000 (success/other) rsp=0xFFFFF8003A675438 exitCount=587603
[iommuret] hit #1090: HalpIommuInitSystem returned EAX=0x00000000 (success/other) rsp=0xFFFFF8003A675438 exitCount=587604
[iommuret] hit #1091: HalpIommuInitSystem returned EAX=0x00000000 (success/other) rsp=0xFFFFF8003A675438 exitCount=587605
[iommuret] hit #1092: HalpIommuInitSystem returned EAX=0x00000000 (success/other) rsp=0xFFFFF8003A675438 exitCount=587606
[iommuret] hit #1093: HalpIommuInitSystem returned EAX=0x00000000 (success/other) rsp=0xFFFFF8003A675438 exitCount=587607
[iommuret] hit #1094: HalpIommuInitSystem returned EAX=0x00000000 (success/other) rsp=0xFFFFF8003A675438 exitCount=587608
[iommuret] hit #1095: HalpIommuInitSystem returned EAX=0x00000000 (success/other) rsp=0xFFFFF8003A675438 exitCount=587609
[iommuret] hit #1096: HalpIommuInitSystem returned EAX=0x00000000 (success/other) rsp=0xFFFFF8003A675438 exitCount=587610
[iommuret] hit #1097: HalpIommuInitSystem returned EAX=0x00000000 (success/other) rsp=0xFFFFF8003A675438 exitCount=587611
[iommuret] hit #1098: HalpIommuInitSystem returned EAX=0x00000000 (success/other) rsp=0xFFFFF8003A675438 exitCount=587612
[iommuret] hit #1099: HalpIommuInitSystem returned EAX=0x00000000 (success/other) rsp=0xFFFFF8003A675438 exitCount=587613
[iommuret] hit #1100: HalpIommuInitSystem returned EAX=0x00000000 (success/other) rsp=0xFFFFF8003A675438 exitCount=587614
[iommuret] hit #1101: HalpIommuInitSystem returned EAX=0x00000000 (success/other) rsp=0xFFFFF8003A675438 exitCount=587615
[iommuret] hit #1102: HalpIommuInitSystem returned EAX=0x00000000 (success/other) rsp=0xFFFFF8003A675438 exitCount=587616
[iommuret] hit #1103: HalpIommuInitSystem returned EAX=0x00000000 (success/other) rsp=0xFFFFF8003A675438 exitCount=587617
[iommuret] hit #1104: HalpIommuInitSystem returned EAX=0x00000000 (success/other) rsp=0xFFFFF8003A675438 exitCount=587618
[iommuret] hit #1105: HalpIommuInitSystem returned EAX=0x00000000 (success/other) rsp=0xFFFFF8003A675438 exitCount=587619
[iommuret] hit #1106: HalpIommuInitSystem returned EAX=0x00000000 (success/other) rsp=0xFFFFF8003A675438 exitCount=587620
[iommuret] hit #1107: HalpIommuInitSystem returned EAX=0x00000000 (success/other) rsp=0xFFFFF8003A675438 exitCount=587621
[iommuret] hit #1108: HalpIommuInitSystem returned EAX=0x00000000 (success/other) rsp=0xFFFFF8003A675438 exitCount=587622
[iommuret] hit #1109: HalpIommuInitSystem returned EAX=0x00000000 (success/other) rsp=0xFFFFF8003A675438 exitCount=587623
[iommuret] hit #1110: HalpIommuInitSystem returned EAX=0x00000000 (success/other) rsp=0xFFFFF8003A675438 exitCount=587624
[iommuret] hit #1111: HalpIommuInitSystem returned EAX=0x00000000 (success/other) rsp=0xFFFFF8003A675438 exitCount=587625
[iommuret] hit #1112: HalpIommuInitSystem returned EAX=0x00000000 (success/other) rsp=0xFFFFF8003A675438 exitCount=587626
[iommuret] hit #1113: HalpIommuInitSystem returned EAX=0x00000000 (success/other) rsp=0xFFFFF8003A675438 exitCount=587627
[iommuret] hit #1114: HalpIommuInitSystem returned EAX=0x00000000 (success/other) rsp=0xFFFFF8003A675438 exitCount=587628
[iommuret] hit #1115: HalpIommuInitSystem returned EAX=0x00000000 (success/other) rsp=0xFFFFF8003A675438 exitCount=587629
[iommuret] hit #1116: HalpIommuInitSystem returned EAX=0x00000000 (success/other) rsp=0xFFFFF8003A675438 exitCount=587630
[iommuret] hit #1117: HalpIommuInitSystem returned EAX=0x00000000 (success/other) rsp=0xFFFFF8003A675438 exitCount=587631
[iommuret] hit #1118: HalpIommuInitSystem returned EAX=0x00000000 (success/other) rsp=0xFFFFF8003A675438 exitCount=587632
[iommuret] hit #1119: HalpIommuInitSystem returned EAX=0x00000000 (success/other) rsp=0xFFFFF8003A675438 exitCount=587633
[iommuret] hit #1120: HalpIommuInitSystem returned EAX=0x00000000 (success/other) rsp=0xFFFFF8003A675438 exitCount=587634
[iommuret] hit #1121: HalpIommuInitSystem returned EAX=0x00000000 (success/other) rsp=0xFFFFF8003A675438 exitCount=587635
[iommuret] hit #1122: HalpIommuInitSystem returned EAX=0x00000000 (success/other) rsp=0xFFFFF8003A675438 exitCount=587636
[iommuret] hit #1123: HalpIommuInitSystem returned EAX=0x00000000 (success/other) rsp=0xFFFFF8003A675438 exitCount=587637
[iommuret] hit #1124: HalpIommuInitSystem returned EAX=0x00000000 (success/other) rsp=0xFFFFF8003A675438 exitCount=587638
[iommuret] hit #1125: HalpIommuInitSystem returned EAX=0x00000000 (success/other) rsp=0xFFFFF8003A675438 exitCount=587639
[iommuret] hit #1126: HalpIommuInitSystem returned EAX=0x00000000 (success/other) rsp=0xFFFFF8003A675438 exitCount=587640
[iommuret] hit #1127: HalpIommuInitSystem returned EAX=0x00000000 (success/other) rsp=0xFFFFF8003A675438 exitCount=587641
[iommuret] hit #1128: HalpIommuInitSystem returned EAX=0x00000000 (success/other) rsp=0xFFFFF8003A675438 exitCount=587642
[iommuret] hit #1129: HalpIommuInitSystem returned EAX=0x00000000 (success/other) rsp=0xFFFFF8003A675438 exitCount=587643
[iommuret] hit #1130: HalpIommuInitSystem returned EAX=0x00000000 (success/other) rsp=0xFFFFF8003A675438 exitCount=587644
[iommuret] hit #1131: HalpIommuInitSystem returned EAX=0x00000000 (success/other) rsp=0xFFFFF8003A675438 exitCount=587645
[iommuret] hit #1132: HalpIommuInitSystem returned EAX=0x00000000 (success/other) rsp=0xFFFFF8003A675438 exitCount=587646
[iommuret] hit #1133: HalpIommuInitSystem returned EAX=0x00000000 (success/other) rsp=0xFFFFF8003A675438 exitCount=587647
[iommuret] hit #1134: HalpIommuInitSystem returned EAX=0x00000000 (success/other) rsp=0xFFFFF8003A675438 exitCount=587648
[iommuret] hit #1135: HalpIommuInitSystem returned EAX=0x00000000 (success/other) rsp=0xFFFFF8003A675438 exitCount=587649
[iommuret] hit #1136: HalpIommuInitSystem returned EAX=0x00000000 (success/other) rsp=0xFFFFF8003A675438 exitCount=587650
[iommuret] hit #1137: HalpIommuInitSystem returned EAX=0x00000000 (success/other) rsp=0xFFFFF8003A675438 exitCount=587651
[iommuret] hit #1138: HalpIommuInitSystem returned EAX=0x00000000 (success/other) rsp=0xFFFFF8003A675438 exitCount=587652
[iommuret] hit #1139: HalpIommuInitSystem returned EAX=0x00000000 (success/other) rsp=0xFFFFF8003A675438 exitCount=587653
[iommuret] hit #1140: HalpIommuInitSystem returned EAX=0x00000000 (success/other) rsp=0xFFFFF8003A675438 exitCount=587654
[iommuret] hit #1141: HalpIommuInitSystem returned EAX=0x00000000 (success/other) rsp=0xFFFFF8003A675438 exitCount=587655
[iommuret] hit #1142: HalpIommuInitSystem returned EAX=0x00000000 (success/other) rsp=0xFFFFF8003A675438 exitCount=587656
[iommuret] hit #1143: HalpIommuInitSystem returned EAX=0x00000000 (success/other) rsp=0xFFFFF8003A675438 exitCount=587657
[iommuret] hit #1144: HalpIommuInitSystem returned EAX=0x00000000 (success/other) rsp=0xFFFFF8003A675438 exitCount=587658
[iommuret] hit #1145: HalpIommuInitSystem returned EAX=0x00000000 (success/other) rsp=0xFFFFF8003A675438 exitCount=587659
[iommuret] hit #1146: HalpIommuInitSystem returned EAX=0x00000000 (success/other) rsp=0xFFFFF8003A675438 exitCount=587660
[iommuret] hit #1147: HalpIommuInitSystem returned EAX=0x00000000 (success/other) rsp=0xFFFFF8003A675438 exitCount=587661
[iommuret] hit #1148: HalpIommuInitSystem returned EAX=0x00000000 (success/other) rsp=0xFFFFF8003A675438 exitCount=587662
[iommuret] hit #1149: HalpIommuInitSystem returned EAX=0x00000000 (success/other) rsp=0xFFFFF8003A675438 exitCount=587663
[iommuret] hit #1150: HalpIommuInitSystem returned EAX=0x00000000 (success/other) rsp=0xFFFFF8003A675438 exitCount=587664
[iommuret] hit #1151: HalpIommuInitSystem returned EAX=0x00000000 (success/other) rsp=0xFFFFF8003A675438 exitCount=587665
[iommuret] hit #1152: HalpIommuInitSystem returned EAX=0x00000000 (success/other) rsp=0xFFFFF8003A675438 exitCount=587666
[iommuret] hit #1153: HalpIommuInitSystem returned EAX=0x00000000 (success/other) rsp=0xFFFFF8003A675438 exitCount=587667
[iommuret] hit #1154: HalpIommuInitSystem returned EAX=0x00000000 (success/other) rsp=0xFFFFF8003A675438 exitCount=587668
[iommuret] hit #1155: HalpIommuInitSystem returned EAX=0x00000000 (success/other) rsp=0xFFFFF8003A675438 exitCount=587669
[iommuret] hit #1156: HalpIommuInitSystem returned EAX=0x00000000 (success/other) rsp=0xFFFFF8003A675438 exitCount=587670
[iommuret] hit #1157: HalpIommuInitSystem returned EAX=0x00000000 (success/other) rsp=0xFFFFF8003A675438 exitCount=587671
[iommuret] hit #1158: HalpIommuInitSystem returned EAX=0x00000000 (success/other) rsp=0xFFFFF8003A675438 exitCount=587672
[iommuret] hit #1159: HalpIommuInitSystem returned EAX=0x00000000 (success/other) rsp=0xFFFFF8003A675438 exitCount=587673
[iommuret] hit #1160: HalpIommuInitSystem returned EAX=0x00000000 (success/other) rsp=0xFFFFF8003A675438 exitCount=587674
[iommuret] hit #1161: HalpIommuInitSystem returned EAX=0x00000000 (success/other) rsp=0xFFFFF8003A675438 exitCount=587675
[iommuret] hit #1162: HalpIommuInitSystem returned EAX=0x00000000 (success/other) rsp=0xFFFFF8003A675438 exitCount=587676
[iommuret] hit #1163: HalpIommuInitSystem returned EAX=0x00000000 (success/other) rsp=0xFFFFF8003A675438 exitCount=587677
[iommuret] hit #1164: HalpIommuInitSystem returned EAX=0x00000000 (success/other) rsp=0xFFFFF8003A675438 exitCount=587678
[iommuret] hit #1165: HalpIommuInitSystem returned EAX=0x00000000 (success/other) rsp=0xFFFFF8003A675438 exitCount=587679
[iommuret] hit #1166: HalpIommuInitSystem returned EAX=0x00000000 (success/other) rsp=0xFFFFF8003A675438 exitCount=587680
[iommuret] hit #1167: HalpIommuInitSystem returned EAX=0x00000000 (success/other) rsp=0xFFFFF8003A675438 exitCount=587681
[iommuret] hit #1168: HalpIommuInitSystem returned EAX=0x00000000 (success/other) rsp=0xFFFFF8003A675438 exitCount=587682
[iommuret] hit #1169: HalpIommuInitSystem returned EAX=0x00000000 (success/other) rsp=0xFFFFF8003A675438 exitCount=587683
[iommuret] hit #1170: HalpIommuInitSystem returned EAX=0x00000000 (success/other) rsp=0xFFFFF8003A675438 exitCount=587684
[iommuret] hit #1171: HalpIommuInitSystem returned EAX=0x00000000 (success/other) rsp=0xFFFFF8003A675438 exitCount=587685
[iommuret] hit #1172: HalpIommuInitSystem returned EAX=0x00000000 (success/other) rsp=0xFFFFF8003A675438 exitCount=587686
[iommuret] hit #1173: HalpIommuInitSystem returned EAX=0x00000000 (success/other) rsp=0xFFFFF8003A675438 exitCount=587687
[iommuret] hit #1174: HalpIommuInitSystem returned EAX=0x00000000 (success/other) rsp=0xFFFFF8003A675438 exitCount=587688
[iommuret] hit #1175: HalpIommuInitSystem returned EAX=0x00000000 (success/other) rsp=0xFFFFF8003A675438 exitCount=587689
[iommuret] hit #1176: HalpIommuInitSystem returned EAX=0x00000000 (success/other) rsp=0xFFFFF8003A675438 exitCount=587690
[iommuret] hit #1177: HalpIommuInitSystem returned EAX=0x00000000 (success/other) rsp=0xFFFFF8003A675438 exitCount=587691
[iommuret] hit #1178: HalpIommuInitSystem returned EAX=0x00000000 (success/other) rsp=0xFFFFF8003A675438 exitCount=587692
[iommuret] hit #1179: HalpIommuInitSystem returned EAX=0x00000000 (success/other) rsp=0xFFFFF8003A675438 exitCount=587693
[iommuret] hit #1180: HalpIommuInitSystem returned EAX=0x00000000 (success/other) rsp=0xFFFFF8003A675438 exitCount=587694
[iommuret] hit #1181: HalpIommuInitSystem returned EAX=0x00000000 (success/other) rsp=0xFFFFF8003A675438 exitCount=587695
[iommuret] hit #1182: HalpIommuInitSystem returned EAX=0x00000000 (success/other) rsp=0xFFFFF8003A675438 exitCount=587696
[iommuret] hit #1183: HalpIommuInitSystem returned EAX=0x00000000 (success/other) rsp=0xFFFFF8003A675438 exitCount=587697
[iommuret] hit #1184: HalpIommuInitSystem returned EAX=0x00000000 (success/other) rsp=0xFFFFF8003A675438 exitCount=587698
[iommuret] hit #1185: HalpIommuInitSystem returned EAX=0x00000000 (success/other) rsp=0xFFFFF8003A675438 exitCount=587699
[iommuret] hit #1186: HalpIommuInitSystem returned EAX=0x00000000 (success/other) rsp=0xFFFFF8003A675438 exitCount=587700
[iommuret] hit #1187: HalpIommuInitSystem returned EAX=0x00000000 (success/other) rsp=0xFFFFF8003A675438 exitCount=587701
[iommuret] hit #1188: HalpIommuInitSystem returned EAX=0x00000000 (success/other) rsp=0xFFFFF8003A675438 exitCount=587702
[iommuret] hit #1189: HalpIommuInitSystem returned EAX=0x00000000 (success/other) rsp=0xFFFFF8003A675438 exitCount=587703
[iommuret] hit #1190: HalpIommuInitSystem returned EAX=0x00000000 (success/other) rsp=0xFFFFF8003A675438 exitCount=587704
[iommuret] hit #1191: HalpIommuInitSystem returned EAX=0x00000000 (success/other) rsp=0xFFFFF8003A675438 exitCount=587705
[iommuret] hit #1192: HalpIommuInitSystem returned EAX=0x00000000 (success/other) rsp=0xFFFFF8003A675438 exitCount=587706
[iommuret] hit #1193: HalpIommuInitSystem returned EAX=0x00000000 (success/other) rsp=0xFFFFF8003A675438 exitCount=587707
[iommuret] hit #1194: HalpIommuInitSystem returned EAX=0x00000000 (success/other) rsp=0xFFFFF8003A675438 exitCount=587708
[iommuret] hit #1195: HalpIommuInitSystem returned EAX=0x00000000 (success/other) rsp=0xFFFFF8003A675438 exitCount=587709
[iommuret] hit #1196: HalpIommuInitSystem returned EAX=0x00000000 (success/other) rsp=0xFFFFF8003A675438 exitCount=587710
[iommuret] hit #1197: HalpIommuInitSystem returned EAX=0x00000000 (success/other) rsp=0xFFFFF8003A675438 exitCount=587711
[iommuret] hit #1198: HalpIommuInitSystem returned EAX=0x00000000 (success/other) rsp=0xFFFFF8003A675438 exitCount=587712
[iommuret] hit #1199: HalpIommuInitSystem returned EAX=0x00000000 (success/other) rsp=0xFFFFF8003A675438 exitCount=587713
[iommuret] hit #1200: HalpIommuInitSystem returned EAX=0x00000000 (success/other) rsp=0xFFFFF8003A675438 exitCount=587714
[iommuret] hit #1201: HalpIommuInitSystem returned EAX=0x00000000 (success/other) rsp=0xFFFFF8003A675438 exitCount=587715
[iommuret] hit #1202: HalpIommuInitSystem returned EAX=0x00000000 (success/other) rsp=0xFFFFF8003A675438 exitCount=587716
[iommuret] hit #1203: HalpIommuInitSystem returned EAX=0x00000000 (success/other) rsp=0xFFFFF8003A675438 exitCount=587717
[iommuret] hit #1204: HalpIommuInitSystem returned EAX=0x00000000 (success/other) rsp=0xFFFFF8003A675438 exitCount=587718
[iommuret] hit #1205: HalpIommuInitSystem returned EAX=0x00000000 (success/other) rsp=0xFFFFF8003A675438 exitCount=587719
[iommuret] hit #1206: HalpIommuInitSystem returned EAX=0x00000000 (success/other) rsp=0xFFFFF8003A675438 exitCount=587720
[iommuret] hit #1207: HalpIommuInitSystem returned EAX=0x00000000 (success/other) rsp=0xFFFFF8003A675438 exitCount=587721
[iommuret] hit #1208: HalpIommuInitSystem returned EAX=0x00000000 (success/other) rsp=0xFFFFF8003A675438 exitCount=587722
[iommuret] hit #1209: HalpIommuInitSystem returned EAX=0x00000000 (success/other) rsp=0xFFFFF8003A675438 exitCount=587723
[iommuret] hit #1210: HalpIommuInitSystem returned EAX=0x00000000 (success/other) rsp=0xFFFFF8003A675438 exitCount=587724
[iommuret] hit #1211: HalpIommuInitSystem returned EAX=0x00000000 (success/other) rsp=0xFFFFF8003A675438 exitCount=587725
[iommuret] hit #1212: HalpIommuInitSystem returned EAX=0x00000000 (success/other) rsp=0xFFFFF8003A675438 exitCount=587726
[iommuret] hit #1213: HalpIommuInitSystem returned EAX=0x00000000 (success/other) rsp=0xFFFFF8003A675438 exitCount=587727
[iommuret] hit #1214: HalpIommuInitSystem returned EAX=0x00000000 (success/other) rsp=0xFFFFF8003A675438 exitCount=587728
[iommuret] hit #1215: HalpIommuInitSystem returned EAX=0x00000000 (success/other) rsp=0xFFFFF8003A675438 exitCount=587729
[iommuret] hit #1216: HalpIommuInitSystem returned EAX=0x00000000 (success/other) rsp=0xFFFFF8003A675438 exitCount=587730
[iommuret] hit #1217: HalpIommuInitSystem returned EAX=0x00000000 (success/other) rsp=0xFFFFF8003A675438 exitCount=587731
[iommuret] hit #1218: HalpIommuInitSystem returned EAX=0x00000000 (success/other) rsp=0xFFFFF8003A675438 exitCount=587732
[iommuret] hit #1219: HalpIommuInitSystem returned EAX=0x00000000 (success/other) rsp=0xFFFFF8003A675438 exitCount=587733
[iommuret] hit #1220: HalpIommuInitSystem returned EAX=0x00000000 (success/other) rsp=0xFFFFF8003A675438 exitCount=587734
[iommuret] hit #1221: HalpIommuInitSystem returned EAX=0x00000000 (success/other) rsp=0xFFFFF8003A675438 exitCount=587735
[iommuret] hit #1222: HalpIommuInitSystem returned EAX=0x00000000 (success/other) rsp=0xFFFFF8003A675438 exitCount=587736
[iommuret] hit #1223: HalpIommuInitSystem returned EAX=0x00000000 (success/other) rsp=0xFFFFF8003A675438 exitCount=587737
[iommuret] hit #1224: HalpIommuInitSystem returned EAX=0x00000000 (success/other) rsp=0xFFFFF8003A675438 exitCount=587738
[iommuret] hit #1225: HalpIommuInitSystem returned EAX=0x00000000 (success/other) rsp=0xFFFFF8003A675438 exitCount=587739
[iommuret] hit #1226: HalpIommuInitSystem returned EAX=0x00000000 (success/other) rsp=0xFFFFF8003A675438 exitCount=587740
[iommuret] hit #1227: HalpIommuInitSystem returned EAX=0x00000000 (success/other) rsp=0xFFFFF8003A675438 exitCount=587741
[iommuret] hit #1228: HalpIommuInitSystem returned EAX=0x00000000 (success/other) rsp=0xFFFFF8003A675438 exitCount=587742
[iommuret] hit #1229: HalpIommuInitSystem returned EAX=0x00000000 (success/other) rsp=0xFFFFF8003A675438 exitCount=587743
[iommuret] hit #1230: HalpIommuInitSystem returned EAX=0x00000000 (success/other) rsp=0xFFFFF8003A675438 exitCount=587744
[iommuret] hit #1231: HalpIommuInitSystem returned EAX=0x00000000 (success/other) rsp=0xFFFFF8003A675438 exitCount=587745
[iommuret] hit #1232: HalpIommuInitSystem returned EAX=0x00000000 (success/other) rsp=0xFFFFF8003A675438 exitCount=587746
[iommuret] hit #1233: HalpIommuInitSystem returned EAX=0x00000000 (success/other) rsp=0xFFFFF8003A675438 exitCount=587747
[iommuret] hit #1234: HalpIommuInitSystem returned EAX=0x00000000 (success/other) rsp=0xFFFFF8003A675438 exitCount=587748
[iommuret] hit #1235: HalpIommuInitSystem returned EAX=0x00000000 (success/other) rsp=0xFFFFF8003A675438 exitCount=587749
[iommuret] hit #1236: HalpIommuInitSystem returned EAX=0x00000000 (success/other) rsp=0xFFFFF8003A675438 exitCount=587750
[iommuret] hit #1237: HalpIommuInitSystem returned EAX=0x00000000 (success/other) rsp=0xFFFFF8003A675438 exitCount=587751
[iommuret] hit #1238: HalpIommuInitSystem returned EAX=0x00000000 (success/other) rsp=0xFFFFF8003A675438 exitCount=587752
[iommuret] hit #1239: HalpIommuInitSystem returned EAX=0x00000000 (success/other) rsp=0xFFFFF8003A675438 exitCount=587753
[iommuret] hit #1240: HalpIommuInitSystem returned EAX=0x00000000 (success/other) rsp=0xFFFFF8003A675438 exitCount=587754
[iommuret] hit #1241: HalpIommuInitSystem returned EAX=0x00000000 (success/other) rsp=0xFFFFF8003A675438 exitCount=587755
[iommuret] hit #1242: HalpIommuInitSystem returned EAX=0x00000000 (success/other) rsp=0xFFFFF8003A675438 exitCount=587756
[iommuret] hit #1243: HalpIommuInitSystem returned EAX=0x00000000 (success/other) rsp=0xFFFFF8003A675438 exitCount=587757
[iommuret] hit #1244: HalpIommuInitSystem returned EAX=0x00000000 (success/other) rsp=0xFFFFF8003A675438 exitCount=587758
[iommuret] hit #1245: HalpIommuInitSystem returned EAX=0x00000000 (success/other) rsp=0xFFFFF8003A675438 exitCount=587759
[iommuret] hit #1246: HalpIommuInitSystem returned EAX=0x00000000 (success/other) rsp=0xFFFFF8003A675438 exitCount=587760
[iommuret] hit #1247: HalpIommuInitSystem returned EAX=0x00000000 (success/other) rsp=0xFFFFF8003A675438 exitCount=587761
[iommuret] hit #1248: HalpIommuInitSystem returned EAX=0x00000000 (success/other) rsp=0xFFFFF8003A675438 exitCount=587762
[iommuret] hit #1249: HalpIommuInitSystem returned EAX=0x00000000 (success/other) rsp=0xFFFFF8003A675438 exitCount=587763
[iommuret] hit #1250: HalpIommuInitSystem returned EAX=0x00000000 (success/other) rsp=0xFFFFF8003A675438 exitCount=587764
[iommuret] hit #1251: HalpIommuInitSystem returned EAX=0x00000000 (success/other) rsp=0xFFFFF8003A675438 exitCount=587765
[iommuret] hit #1252: HalpIommuInitSystem returned EAX=0x00000000 (success/other) rsp=0xFFFFF8003A675438 exitCount=587766
[iommuret] hit #1253: HalpIommuInitSystem returned EAX=0x00000000 (success/other) rsp=0xFFFFF8003A675438 exitCount=587767
[iommuret] hit #1254: HalpIommuInitSystem returned EAX=0x00000000 (success/other) rsp=0xFFFFF8003A675438 exitCount=587768
[iommuret] hit #1255: HalpIommuInitSystem returned EAX=0x00000000 (success/other) rsp=0xFFFFF8003A675438 exitCount=587769
[iommuret] hit #1256: HalpIommuInitSystem returned EAX=0x00000000 (success/other) rsp=0xFFFFF8003A675438 exitCount=587770
[iommuret] hit #1257: HalpIommuInitSystem returned EAX=0x00000000 (success/other) rsp=0xFFFFF8003A675438 exitCount=587771
[iommuret] hit #1258: HalpIommuInitSystem returned EAX=0x00000000 (success/other) rsp=0xFFFFF8003A675438 exitCount=587772
[iommuret] hit #1259: HalpIommuInitSystem returned EAX=0x00000000 (success/other) rsp=0xFFFFF8003A675438 exitCount=587773
[iommuret] hit #1260: HalpIommuInitSystem returned EAX=0x00000000 (success/other) rsp=0xFFFFF8003A675438 exitCount=587774
[iommuret] hit #1261: HalpIommuInitSystem returned EAX=0x00000000 (success/other) rsp=0xFFFFF8003A675438 exitCount=587775
[iommuret] hit #1262: HalpIommuInitSystem returned EAX=0x00000000 (success/other) rsp=0xFFFFF8003A675438 exitCount=587776
[iommuret] hit #1263: HalpIommuInitSystem returned EAX=0x00000000 (success/other) rsp=0xFFFFF8003A675438 exitCount=587777
[iommuret] hit #1264: HalpIommuInitSystem returned EAX=0x00000000 (success/other) rsp=0xFFFFF8003A675438 exitCount=587778
[iommuret] hit #1265: HalpIommuInitSystem returned EAX=0x00000000 (success/other) rsp=0xFFFFF8003A675438 exitCount=587779
[iommuret] hit #1266: HalpIommuInitSystem returned EAX=0x00000000 (success/other) rsp=0xFFFFF8003A675438 exitCount=587780
[iommuret] hit #1267: HalpIommuInitSystem returned EAX=0x00000000 (success/other) rsp=0xFFFFF8003A675438 exitCount=587781
[iommuret] hit #1268: HalpIommuInitSystem returned EAX=0x00000000 (success/other) rsp=0xFFFFF8003A675438 exitCount=587782
[iommuret] hit #1269: HalpIommuInitSystem returned EAX=0x00000000 (success/other) rsp=0xFFFFF8003A675438 exitCount=587783
[iommuret] hit #1270: HalpIommuInitSystem returned EAX=0x00000000 (success/other) rsp=0xFFFFF8003A675438 exitCount=587784
[iommuret] hit #1271: HalpIommuInitSystem returned EAX=0x00000000 (success/other) rsp=0xFFFFF8003A675438 exitCount=587785
[iommuret] hit #1272: HalpIommuInitSystem returned EAX=0x00000000 (success/other) rsp=0xFFFFF8003A675438 exitCount=587786
[iommuret] hit #1273: HalpIommuInitSystem returned EAX=0x00000000 (success/other) rsp=0xFFFFF8003A675438 exitCount=587787
[iommuret] hit #1274: HalpIommuInitSystem returned EAX=0x00000000 (success/other) rsp=0xFFFFF8003A675438 exitCount=587788
[iommuret] hit #1275: HalpIommuInitSystem returned EAX=0x00000000 (success/other) rsp=0xFFFFF8003A675438 exitCount=587789
[iommuret] hit #1276: HalpIommuInitSystem returned EAX=0x00000000 (success/other) rsp=0xFFFFF8003A675438 exitCount=587790
[iommuret] hit #1277: HalpIommuInitSystem returned EAX=0x00000000 (success/other) rsp=0xFFFFF8003A675438 exitCount=587791
[iommuret] hit #1278: HalpIommuInitSystem returned EAX=0x00000000 (success/other) rsp=0xFFFFF8003A675438 exitCount=587792
[iommuret] hit #1279: HalpIommuInitSystem returned EAX=0x00000000 (success/other) rsp=0xFFFFF8003A675438 exitCount=587793
[iommuret] hit #1280: HalpIommuInitSystem returned EAX=0x00000000 (success/other) rsp=0xFFFFF8003A675438 exitCount=587794
[iommuret] hit #1281: HalpIommuInitSystem returned EAX=0x00000000 (success/other) rsp=0xFFFFF8003A675438 exitCount=587795
[iommuret] hit #1282: HalpIommuInitSystem returned EAX=0x00000000 (success/other) rsp=0xFFFFF8003A675438 exitCount=587796
[iommuret] hit #1283: HalpIommuInitSystem returned EAX=0x00000000 (success/other) rsp=0xFFFFF8003A675438 exitCount=587797
[iommuret] hit #1284: HalpIommuInitSystem returned EAX=0x00000000 (success/other) rsp=0xFFFFF8003A675438 exitCount=587798
[iommuret] hit #1285: HalpIommuInitSystem returned EAX=0x00000000 (success/other) rsp=0xFFFFF8003A675438 exitCount=587799
[iommuret] hit #1286: HalpIommuInitSystem returned EAX=0x00000000 (success/other) rsp=0xFFFFF8003A675438 exitCount=587800
[iommuret] hit #1287: HalpIommuInitSystem returned EAX=0x00000000 (success/other) rsp=0xFFFFF8003A675438 exitCount=587801
[iommuret] hit #1288: HalpIommuInitSystem returned EAX=0x00000000 (success/other) rsp=0xFFFFF8003A675438 exitCount=587802
[iommuret] hit #1289: HalpIommuInitSystem returned EAX=0x00000000 (success/other) rsp=0xFFFFF8003A675438 exitCount=587803
[iommuret] hit #1290: HalpIommuInitSystem returned EAX=0x00000000 (success/other) rsp=0xFFFFF8003A675438 exitCount=587804
[iommuret] hit #1291: HalpIommuInitSystem returned EAX=0x00000000 (success/other) rsp=0xFFFFF8003A675438 exitCount=587805
[iommuret] hit #1292: HalpIommuInitSystem returned EAX=0x00000000 (success/other) rsp=0xFFFFF8003A675438 exitCount=587806
[iommuret] hit #1293: HalpIommuInitSystem returned EAX=0x00000000 (success/other) rsp=0xFFFFF8003A675438 exitCount=587807
[iommuret] hit #1294: HalpIommuInitSystem returned EAX=0x00000000 (success/other) rsp=0xFFFFF8003A675438 exitCount=587808
[iommuret] hit #1295: HalpIommuInitSystem returned EAX=0x00000000 (success/other) rsp=0xFFFFF8003A675438 exitCount=587809
[iommuret] hit #1296: HalpIommuInitSystem returned EAX=0x00000000 (success/other) rsp=0xFFFFF8003A675438 exitCount=587810
[iommuret] hit #1297: HalpIommuInitSystem returned EAX=0x00000000 (success/other) rsp=0xFFFFF8003A675438 exitCount=587811
[iommuret] hit #1298: HalpIommuInitSystem returned EAX=0x00000000 (success/other) rsp=0xFFFFF8003A675438 exitCount=587812
[iommuret] hit #1299: HalpIommuInitSystem returned EAX=0x00000000 (success/other) rsp=0xFFFFF8003A675438 exitCount=587813
[iommuret] hit #1300: HalpIommuInitSystem returned EAX=0x00000000 (success/other) rsp=0xFFFFF8003A675438 exitCount=587814
[iommuret] hit #1301: HalpIommuInitSystem returned EAX=0x00000000 (success/other) rsp=0xFFFFF8003A675438 exitCount=587815
[iommuret] hit #1302: HalpIommuInitSystem returned EAX=0x00000000 (success/other) rsp=0xFFFFF8003A675438 exitCount=587816
[iommuret] hit #1303: HalpIommuInitSystem returned EAX=0x00000000 (success/other) rsp=0xFFFFF8003A675438 exitCount=587817
[iommuret] hit #1304: HalpIommuInitSystem returned EAX=0x00000000 (success/other) rsp=0xFFFFF8003A675438 exitCount=587818
[iommuret] hit #1305: HalpIommuInitSystem returned EAX=0x00000000 (success/other) rsp=0xFFFFF8003A675438 exitCount=587819
[iommuret] hit #1306: HalpIommuInitSystem returned EAX=0x00000000 (success/other) rsp=0xFFFFF8003A675438 exitCount=587820
[iommuret] hit #1307: HalpIommuInitSystem returned EAX=0x00000000 (success/other) rsp=0xFFFFF8003A675438 exitCount=587821
[iommuret] hit #1308: HalpIommuInitSystem returned EAX=0x00000000 (success/other) rsp=0xFFFFF8003A675438 exitCount=587822
[iommuret] hit #1309: HalpIommuInitSystem returned EAX=0x00000000 (success/other) rsp=0xFFFFF8003A675438 exitCount=587823
[iommuret] hit #1310: HalpIommuInitSystem returned EAX=0x00000000 (success/other) rsp=0xFFFFF8003A675438 exitCount=587824
[iommuret] hit #1311: HalpIommuInitSystem returned EAX=0x00000000 (success/other) rsp=0xFFFFF8003A675438 exitCount=587825
[iommuret] hit #1312: HalpIommuInitSystem returned EAX=0x00000000 (success/other) rsp=0xFFFFF8003A675438 exitCount=587826
[iommuret] hit #1313: HalpIommuInitSystem returned EAX=0x00000000 (success/other) rsp=0xFFFFF8003A675438 exitCount=587827
[iommuret] hit #1314: HalpIommuInitSystem returned EAX=0x00000000 (success/other) rsp=0xFFFFF8003A675438 exitCount=587828
[iommuret] hit #1315: HalpIommuInitSystem returned EAX=0x00000000 (success/other) rsp=0xFFFFF8003A675438 exitCount=587829
[iommuret] hit #1316: HalpIommuInitSystem returned EAX=0x00000000 (success/other) rsp=0xFFFFF8003A675438 exitCount=587830
[iommuret] hit #1317: HalpIommuInitSystem returned EAX=0x00000000 (success/other) rsp=0xFFFFF8003A675438 exitCount=587831
[iommuret] hit #1318: HalpIommuInitSystem returned EAX=0x00000000 (success/other) rsp=0xFFFFF8003A675438 exitCount=587832
[iommuret] hit #1319: HalpIommuInitSystem returned EAX=0x00000000 (success/other) rsp=0xFFFFF8003A675438 exitCount=587833
[iommuret] hit #1320: HalpIommuInitSystem returned EAX=0x00000000 (success/other) rsp=0xFFFFF8003A675438 exitCount=587834
[iommuret] hit #1321: HalpIommuInitSystem returned EAX=0x00000000 (success/other) rsp=0xFFFFF8003A675438 exitCount=587835
[iommuret] hit #1322: HalpIommuInitSystem returned EAX=0x00000000 (success/other) rsp=0xFFFFF8003A675438 exitCount=587836
[iommuret] hit #1323: HalpIommuInitSystem returned EAX=0x00000000 (success/other) rsp=0xFFFFF8003A675438 exitCount=587837
[iommuret] hit #1324: HalpIommuInitSystem returned EAX=0x00000000 (success/other) rsp=0xFFFFF8003A675438 exitCount=587838
[iommuret] hit #1325: HalpIommuInitSystem returned EAX=0x00000000 (success/other) rsp=0xFFFFF8003A675438 exitCount=587839
[iommuret] hit #1326: HalpIommuInitSystem returned EAX=0x00000000 (success/other) rsp=0xFFFFF8003A675438 exitCount=587840
[iommuret] hit #1327: HalpIommuInitSystem returned EAX=0x00000000 (success/other) rsp=0xFFFFF8003A675438 exitCount=587841
[iommuret] hit #1328: HalpIommuInitSystem returned EAX=0x00000000 (success/other) rsp=0xFFFFF8003A675438 exitCount=587842
[iommuret] hit #1329: HalpIommuInitSystem returned EAX=0x00000000 (success/other) rsp=0xFFFFF8003A675438 exitCount=587843
[iommuret] hit #1330: HalpIommuInitSystem returned EAX=0x00000000 (success/other) rsp=0xFFFFF8003A675438 exitCount=587844
[iommuret] hit #1331: HalpIommuInitSystem returned EAX=0x00000000 (success/other) rsp=0xFFFFF8003A675438 exitCount=587845
[iommuret] hit #1332: HalpIommuInitSystem returned EAX=0x00000000 (success/other) rsp=0xFFFFF8003A675438 exitCount=587846
[iommuret] hit #1333: HalpIommuInitSystem returned EAX=0x00000000 (success/other) rsp=0xFFFFF8003A675438 exitCount=587847
[iommuret] hit #1334: HalpIommuInitSystem returned EAX=0x00000000 (success/other) rsp=0xFFFFF8003A675438 exitCount=587848
[iommuret] hit #1335: HalpIommuInitSystem returned EAX=0x00000000 (success/other) rsp=0xFFFFF8003A675438 exitCount=587849
[iommuret] hit #1336: HalpIommuInitSystem returned EAX=0x00000000 (success/other) rsp=0xFFFFF8003A675438 exitCount=587850
[iommuret] hit #1337: HalpIommuInitSystem returned EAX=0x00000000 (success/other) rsp=0xFFFFF8003A675438 exitCount=587851
[iommuret] hit #1338: HalpIommuInitSystem returned EAX=0x00000000 (success/other) rsp=0xFFFFF8003A675438 exitCount=587852
[iommuret] hit #1339: HalpIommuInitSystem returned EAX=0x00000000 (success/other) rsp=0xFFFFF8003A675438 exitCount=587853
[iommuret] hit #1340: HalpIommuInitSystem returned EAX=0x00000000 (success/other) rsp=0xFFFFF8003A675438 exitCount=587854
[iommuret] hit #1341: HalpIommuInitSystem returned EAX=0x00000000 (success/other) rsp=0xFFFFF8003A675438 exitCount=587855
[iommuret] hit #1342: HalpIommuInitSystem returned EAX=0x00000000 (success/other) rsp=0xFFFFF8003A675438 exitCount=587856
[iommuret] hit #1343: HalpIommuInitSystem returned EAX=0x00000000 (success/other) rsp=0xFFFFF8003A675438 exitCount=587857
[iommuret] hit #1344: HalpIommuInitSystem returned EAX=0x00000000 (success/other) rsp=0xFFFFF8003A675438 exitCount=587858
[iommuret] hit #1345: HalpIommuInitSystem returned EAX=0x00000000 (success/other) rsp=0xFFFFF8003A675438 exitCount=587859
[iommuret] hit #1346: HalpIommuInitSystem returned EAX=0x00000000 (success/other) rsp=0xFFFFF8003A675438 exitCount=587860
[iommuret] hit #1347: HalpIommuInitSystem returned EAX=0x00000000 (success/other) rsp=0xFFFFF8003A675438 exitCount=587861
[iommuret] hit #1348: HalpIommuInitSystem returned EAX=0x00000000 (success/other) rsp=0xFFFFF8003A675438 exitCount=587862
[iommuret] hit #1349: HalpIommuInitSystem returned EAX=0x00000000 (success/other) rsp=0xFFFFF8003A675438 exitCount=587863
[iommuret] hit #1350: HalpIommuInitSystem returned EAX=0x00000000 (success/other) rsp=0xFFFFF8003A675438 exitCount=587864
[iommuret] hit #1351: HalpIommuInitSystem returned EAX=0x00000000 (success/other) rsp=0xFFFFF8003A675438 exitCount=587865
[iommuret] hit #1352: HalpIommuInitSystem returned EAX=0x00000000 (success/other) rsp=0xFFFFF8003A675438 exitCount=587866
[iommuret] hit #1353: HalpIommuInitSystem returned EAX=0x00000000 (success/other) rsp=0xFFFFF8003A675438 exitCount=587867
[iommuret] hit #1354: HalpIommuInitSystem returned EAX=0x00000000 (success/other) rsp=0xFFFFF8003A675438 exitCount=587868
[iommuret] hit #1355: HalpIommuInitSystem returned EAX=0x00000000 (success/other) rsp=0xFFFFF8003A675438 exitCount=587869
[iommuret] hit #1356: HalpIommuInitSystem returned EAX=0x00000000 (success/other) rsp=0xFFFFF8003A675438 exitCount=587870
[iommuret] hit #1357: HalpIommuInitSystem returned EAX=0x00000000 (success/other) rsp=0xFFFFF8003A675438 exitCount=587871
[iommuret] hit #1358: HalpIommuInitSystem returned EAX=0x00000000 (success/other) rsp=0xFFFFF8003A675438 exitCount=587872
[iommuret] hit #1359: HalpIommuInitSystem returned EAX=0x00000000 (success/other) rsp=0xFFFFF8003A675438 exitCount=587873
[iommuret] hit #1360: HalpIommuInitSystem returned EAX=0x00000000 (success/other) rsp=0xFFFFF8003A675438 exitCount=587874
[iommuret] hit #1361: HalpIommuInitSystem returned EAX=0x00000000 (success/other) rsp=0xFFFFF8003A675438 exitCount=587875
[iommuret] hit #1362: HalpIommuInitSystem returned EAX=0x00000000 (success/other) rsp=0xFFFFF8003A675438 exitCount=587876
[iommuret] hit #1363: HalpIommuInitSystem returned EAX=0x00000000 (success/other) rsp=0xFFFFF8003A675438 exitCount=587877
[iommuret] hit #1364: HalpIommuInitSystem returned EAX=0x00000000 (success/other) rsp=0xFFFFF8003A675438 exitCount=587878
[iommuret] hit #1365: HalpIommuInitSystem returned EAX=0x00000000 (success/other) rsp=0xFFFFF8003A675438 exitCount=587879
[iommuret] hit #1366: HalpIommuInitSystem returned EAX=0x00000000 (success/other) rsp=0xFFFFF8003A675438 exitCount=587880
[iommuret] hit #1367: HalpIommuInitSystem returned EAX=0x00000000 (success/other) rsp=0xFFFFF8003A675438 exitCount=587881
[iommuret] hit #1368: HalpIommuInitSystem returned EAX=0x00000000 (success/other) rsp=0xFFFFF8003A675438 exitCount=587882
[iommuret] hit #1369: HalpIommuInitSystem returned EAX=0x00000000 (success/other) rsp=0xFFFFF8003A675438 exitCount=587883
[iommuret] hit #1370: HalpIommuInitSystem returned EAX=0x00000000 (success/other) rsp=0xFFFFF8003A675438 exitCount=587884
[iommuret] hit #1371: HalpIommuInitSystem returned EAX=0x00000000 (success/other) rsp=0xFFFFF8003A675438 exitCount=587885
[iommuret] hit #1372: HalpIommuInitSystem returned EAX=0x00000000 (success/other) rsp=0xFFFFF8003A675438 exitCount=587886
[iommuret] hit #1373: HalpIommuInitSystem returned EAX=0x00000000 (success/other) rsp=0xFFFFF8003A675438 exitCount=587887
[iommuret] hit #1374: HalpIommuInitSystem returned EAX=0x00000000 (success/other) rsp=0xFFFFF8003A675438 exitCount=587888
[iommuret] hit #1375: HalpIommuInitSystem returned EAX=0x00000000 (success/other) rsp=0xFFFFF8003A675438 exitCount=587889
[iommuret] hit #1376: HalpIommuInitSystem returned EAX=0x00000000 (success/other) rsp=0xFFFFF8003A675438 exitCount=587890
[iommuret] hit #1377: HalpIommuInitSystem returned EAX=0x00000000 (success/other) rsp=0xFFFFF8003A675438 exitCount=587891
[iommuret] hit #1378: HalpIommuInitSystem returned EAX=0x00000000 (success/other) rsp=0xFFFFF8003A675438 exitCount=587892
[iommuret] hit #1379: HalpIommuInitSystem returned EAX=0x00000000 (success/other) rsp=0xFFFFF8003A675438 exitCount=587893
[iommuret] hit #1380: HalpIommuInitSystem returned EAX=0x00000000 (success/other) rsp=0xFFFFF8003A675438 exitCount=587894
[iommuret] hit #1381: HalpIommuInitSystem returned EAX=0x00000000 (success/other) rsp=0xFFFFF8003A675438 exitCount=587895
[iommuret] hit #1382: HalpIommuInitSystem returned EAX=0x00000000 (success/other) rsp=0xFFFFF8003A675438 exitCount=587896
[iommuret] hit #1383: HalpIommuInitSystem returned EAX=0x00000000 (success/other) rsp=0xFFFFF8003A675438 exitCount=587897
[iommuret] hit #1384: HalpIommuInitSystem returned EAX=0x00000000 (success/other) rsp=0xFFFFF8003A675438 exitCount=587898
[iommuret] hit #1385: HalpIommuInitSystem returned EAX=0x00000000 (success/other) rsp=0xFFFFF8003A675438 exitCount=587899
[iommuret] hit #1386: HalpIommuInitSystem returned EAX=0x00000000 (success/other) rsp=0xFFFFF8003A675438 exitCount=587900
[iommuret] hit #1387: HalpIommuInitSystem returned EAX=0x00000000 (success/other) rsp=0xFFFFF8003A675438 exitCount=587901
[iommuret] hit #1388: HalpIommuInitSystem returned EAX=0x00000000 (success/other) rsp=0xFFFFF8003A675438 exitCount=587902
[iommuret] hit #1389: HalpIommuInitSystem returned EAX=0x00000000 (success/other) rsp=0xFFFFF8003A675438 exitCount=587903
[iommuret] hit #1390: HalpIommuInitSystem returned EAX=0x00000000 (success/other) rsp=0xFFFFF8003A675438 exitCount=587904
[iommuret] hit #1391: HalpIommuInitSystem returned EAX=0x00000000 (success/other) rsp=0xFFFFF8003A675438 exitCount=587905
[iommuret] hit #1392: HalpIommuInitSystem returned EAX=0x00000000 (success/other) rsp=0xFFFFF8003A675438 exitCount=587906
[iommuret] hit #1393: HalpIommuInitSystem returned EAX=0x00000000 (success/other) rsp=0xFFFFF8003A675438 exitCount=587907
[iommuret] hit #1394: HalpIommuInitSystem returned EAX=0x00000000 (success/other) rsp=0xFFFFF8003A675438 exitCount=587908
[iommuret] hit #1395: HalpIommuInitSystem returned EAX=0x00000000 (success/other) rsp=0xFFFFF8003A675438 exitCount=587909
[iommuret] hit #1396: HalpIommuInitSystem returned EAX=0x00000000 (success/other) rsp=0xFFFFF8003A675438 exitCount=587910
[iommuret] hit #1397: HalpIommuInitSystem returned EAX=0x00000000 (success/other) rsp=0xFFFFF8003A675438 exitCount=587911
[iommuret] hit #1398: HalpIommuInitSystem returned EAX=0x00000000 (success/other) rsp=0xFFFFF8003A675438 exitCount=587912
[iommuret] hit #1399: HalpIommuInitSystem returned EAX=0x00000000 (success/other) rsp=0xFFFFF8003A675438 exitCount=587913
[iommuret] hit #1400: HalpIommuInitSystem returned EAX=0x00000000 (success/other) rsp=0xFFFFF8003A675438 exitCount=587914
[iommuret] hit #1401: HalpIommuInitSystem returned EAX=0x00000000 (success/other) rsp=0xFFFFF8003A675438 exitCount=587915
[iommuret] hit #1402: HalpIommuInitSystem returned EAX=0x00000000 (success/other) rsp=0xFFFFF8003A675438 exitCount=587916
[iommuret] hit #1403: HalpIommuInitSystem returned EAX=0x00000000 (success/other) rsp=0xFFFFF8003A675438 exitCount=587917
[iommuret] hit #1404: HalpIommuInitSystem returned EAX=0x00000000 (success/other) rsp=0xFFFFF8003A675438 exitCount=587918
[iommuret] hit #1405: HalpIommuInitSystem returned EAX=0x00000000 (success/other) rsp=0xFFFFF8003A675438 exitCount=587919
[iommuret] hit #1406: HalpIommuInitSystem returned EAX=0x00000000 (success/other) rsp=0xFFFFF8003A675438 exitCount=587920
[iommuret] hit #1407: HalpIommuInitSystem returned EAX=0x00000000 (success/other) rsp=0xFFFFF8003A675438 exitCount=587921
[iommuret] hit #1408: HalpIommuInitSystem returned EAX=0x00000000 (success/other) rsp=0xFFFFF8003A675438 exitCount=587922
[iommuret] hit #1409: HalpIommuInitSystem returned EAX=0x00000000 (success/other) rsp=0xFFFFF8003A675438 exitCount=587923
[iommuret] hit #1410: HalpIommuInitSystem returned EAX=0x00000000 (success/other) rsp=0xFFFFF8003A675438 exitCount=587924
[iommuret] hit #1411: HalpIommuInitSystem returned EAX=0x00000000 (success/other) rsp=0xFFFFF8003A675438 exitCount=587925
[iommuret] hit #1412: HalpIommuInitSystem returned EAX=0x00000000 (success/other) rsp=0xFFFFF8003A675438 exitCount=587926
[iommuret] hit #1413: HalpIommuInitSystem returned EAX=0x00000000 (success/other) rsp=0xFFFFF8003A675438 exitCount=587927
[iommuret] hit #1414: HalpIommuInitSystem returned EAX=0x00000000 (success/other) rsp=0xFFFFF8003A675438 exitCount=587928
[iommuret] hit #1415: HalpIommuInitSystem returned EAX=0x00000000 (success/other) rsp=0xFFFFF8003A675438 exitCount=587929
[iommuret] hit #1416: HalpIommuInitSystem returned EAX=0x00000000 (success/other) rsp=0xFFFFF8003A675438 exitCount=587930
[iommuret] hit #1417: HalpIommuInitSystem returned EAX=0x00000000 (success/other) rsp=0xFFFFF8003A675438 exitCount=587931
[iommuret] hit #1418: HalpIommuInitSystem returned EAX=0x00000000 (success/other) rsp=0xFFFFF8003A675438 exitCount=587932
[iommuret] hit #1419: HalpIommuInitSystem returned EAX=0x00000000 (success/other) rsp=0xFFFFF8003A675438 exitCount=587933
[iommuret] hit #1420: HalpIommuInitSystem returned EAX=0x00000000 (success/other) rsp=0xFFFFF8003A675438 exitCount=587934
[iommuret] hit #1421: HalpIommuInitSystem returned EAX=0x00000000 (success/other) rsp=0xFFFFF8003A675438 exitCount=587935
[iommuret] hit #1422: HalpIommuInitSystem returned EAX=0x00000000 (success/other) rsp=0xFFFFF8003A675438 exitCount=587936
[iommuret] hit #1423: HalpIommuInitSystem returned EAX=0x00000000 (success/other) rsp=0xFFFFF8003A675438 exitCount=587937
[iommuret] hit #1424: HalpIommuInitSystem returned EAX=0x00000000 (success/other) rsp=0xFFFFF8003A675438 exitCount=587938
[iommuret] hit #1425: HalpIommuInitSystem returned EAX=0x00000000 (success/other) rsp=0xFFFFF8003A675438 exitCount=587939
[iommuret] hit #1426: HalpIommuInitSystem returned EAX=0x00000000 (success/other) rsp=0xFFFFF8003A675438 exitCount=587940
[iommuret] hit #1427: HalpIommuInitSystem returned EAX=0x00000000 (success/other) rsp=0xFFFFF8003A675438 exitCount=587941
[iommuret] hit #1428: HalpIommuInitSystem returned EAX=0x00000000 (success/other) rsp=0xFFFFF8003A675438 exitCount=587942
[iommuret] hit #1429: HalpIommuInitSystem returned EAX=0x00000000 (success/other) rsp=0xFFFFF8003A675438 exitCount=587943
[iommuret] hit #1430: HalpIommuInitSystem returned EAX=0x00000000 (success/other) rsp=0xFFFFF8003A675438 exitCount=587944
[iommuret] hit #1431: HalpIommuInitSystem returned EAX=0x00000000 (success/other) rsp=0xFFFFF8003A675438 exitCount=587945
[iommuret] hit #1432: HalpIommuInitSystem returned EAX=0x00000000 (success/other) rsp=0xFFFFF8003A675438 exitCount=587946
[iommuret] hit #1433: HalpIommuInitSystem returned EAX=0x00000000 (success/other) rsp=0xFFFFF8003A675438 exitCount=587947
[iommuret] hit #1434: HalpIommuInitSystem returned EAX=0x00000000 (success/other) rsp=0xFFFFF8003A675438 exitCount=587948
[iommuret] hit #1435: HalpIommuInitSystem returned EAX=0x00000000 (success/other) rsp=0xFFFFF8003A675438 exitCount=587949
[iommuret] hit #1436: HalpIommuInitSystem returned EAX=0x00000000 (success/other) rsp=0xFFFFF8003A675438 exitCount=587950
[iommuret] hit #1437: HalpIommuInitSystem returned EAX=0x00000000 (success/other) rsp=0xFFFFF8003A675438 exitCount=587951
[iommuret] hit #1438: HalpIommuInitSystem returned EAX=0x00000000 (success/other) rsp=0xFFFFF8003A675438 exitCount=587952
[iommuret] hit #1439: HalpIommuInitSystem returned EAX=0x00000000 (success/other) rsp=0xFFFFF8003A675438 exitCount=587953
[iommuret] hit #1440: HalpIommuInitSystem returned EAX=0x00000000 (success/other) rsp=0xFFFFF8003A675438 exitCount=587954
[iommuret] hit #1441: HalpIommuInitSystem returned EAX=0x00000000 (success/other) rsp=0xFFFFF8003A675438 exitCount=587955
[iommuret] hit #1442: HalpIommuInitSystem returned EAX=0x00000000 (success/other) rsp=0xFFFFF8003A675438 exitCount=587956
[iommuret] hit #1443: HalpIommuInitSystem returned EAX=0x00000000 (success/other) rsp=0xFFFFF8003A675438 exitCount=587957
[iommuret] hit #1444: HalpIommuInitSystem returned EAX=0x00000000 (success/other) rsp=0xFFFFF8003A675438 exitCount=587958
[iommuret] hit #1445: HalpIommuInitSystem returned EAX=0x00000000 (success/other) rsp=0xFFFFF8003A675438 exitCount=587959
[iommuret] hit #1446: HalpIommuInitSystem returned EAX=0x00000000 (success/other) rsp=0xFFFFF8003A675438 exitCount=587960
[iommuret] hit #1447: HalpIommuInitSystem returned EAX=0x00000000 (success/other) rsp=0xFFFFF8003A675438 exitCount=587961
[iommuret] hit #1448: HalpIommuInitSystem returned EAX=0x00000000 (success/other) rsp=0xFFFFF8003A675438 exitCount=587962
[iommuret] hit #1449: HalpIommuInitSystem returned EAX=0x00000000 (success/other) rsp=0xFFFFF8003A675438 exitCount=587963
[iommuret] hit #1450: HalpIommuInitSystem returned EAX=0x00000000 (success/other) rsp=0xFFFFF8003A675438 exitCount=587964
[iommuret] hit #1451: HalpIommuInitSystem returned EAX=0x00000000 (success/other) rsp=0xFFFFF8003A675438 exitCount=587965
[iommuret] hit #1452: HalpIommuInitSystem returned EAX=0x00000000 (success/other) rsp=0xFFFFF8003A675438 exitCount=587966
[iommuret] hit #1453: HalpIommuInitSystem returned EAX=0x00000000 (success/other) rsp=0xFFFFF8003A675438 exitCount=587967
[iommuret] hit #1454: HalpIommuInitSystem returned EAX=0x00000000 (success/other) rsp=0xFFFFF8003A675438 exitCount=587968
[iommuret] hit #1455: HalpIommuInitSystem returned EAX=0x00000000 (success/other) rsp=0xFFFFF8003A675438 exitCount=587969
[iommuret] hit #1456: HalpIommuInitSystem returned EAX=0x00000000 (success/other) rsp=0xFFFFF8003A675438 exitCount=587970
[iommuret] hit #1457: HalpIommuInitSystem returned EAX=0x00000000 (success/other) rsp=0xFFFFF8003A675438 exitCount=587971
[iommuret] hit #1458: HalpIommuInitSystem returned EAX=0x00000000 (success/other) rsp=0xFFFFF8003A675438 exitCount=587972
[iommuret] hit #1459: HalpIommuInitSystem returned EAX=0x00000000 (success/other) rsp=0xFFFFF8003A675438 exitCount=587973
[iommuret] hit #1460: HalpIommuInitSystem returned EAX=0x00000000 (success/other) rsp=0xFFFFF8003A675438 exitCount=587974
[iommuret] hit #1461: HalpIommuInitSystem returned EAX=0x00000000 (success/other) rsp=0xFFFFF8003A675438 exitCount=587975
[iommuret] hit #1462: HalpIommuInitSystem returned EAX=0x00000000 (success/other) rsp=0xFFFFF8003A675438 exitCount=587976
[iommuret] hit #1463: HalpIommuInitSystem returned EAX=0x00000000 (success/other) rsp=0xFFFFF8003A675438 exitCount=587977
[iommuret] hit #1464: HalpIommuInitSystem returned EAX=0x00000000 (success/other) rsp=0xFFFFF8003A675438 exitCount=587978
[iommuret] hit #1465: HalpIommuInitSystem returned EAX=0x00000000 (success/other) rsp=0xFFFFF8003A675438 exitCount=587979
[iommuret] hit #1466: HalpIommuInitSystem returned EAX=0x00000000 (success/other) rsp=0xFFFFF8003A675438 exitCount=587980
[iommuret] hit #1467: HalpIommuInitSystem returned EAX=0x00000000 (success/other) rsp=0xFFFFF8003A675438 exitCount=587981
[iommuret] hit #1468: HalpIommuInitSystem returned EAX=0x00000000 (success/other) rsp=0xFFFFF8003A675438 exitCount=587982
[iommuret] hit #1469: HalpIommuInitSystem returned EAX=0x00000000 (success/other) rsp=0xFFFFF8003A675438 exitCount=587983
[iommuret] hit #1470: HalpIommuInitSystem returned EAX=0x00000000 (success/other) rsp=0xFFFFF8003A675438 exitCount=587984
[iommuret] hit #1471: HalpIommuInitSystem returned EAX=0x00000000 (success/other) rsp=0xFFFFF8003A675438 exitCount=587985
[iommuret] hit #1472: HalpIommuInitSystem returned EAX=0x00000000 (success/other) rsp=0xFFFFF8003A675438 exitCount=587986
[iommuret] hit #1473: HalpIommuInitSystem returned EAX=0x00000000 (success/other) rsp=0xFFFFF8003A675438 exitCount=587987
[iommuret] hit #1474: HalpIommuInitSystem returned EAX=0x00000000 (success/other) rsp=0xFFFFF8003A675438 exitCount=587988
[iommuret] hit #1475: HalpIommuInitSystem returned EAX=0x00000000 (success/other) rsp=0xFFFFF8003A675438 exitCount=587989
[iommuret] hit #1476: HalpIommuInitSystem returned EAX=0x00000000 (success/other) rsp=0xFFFFF8003A675438 exitCount=587990
[iommuret] hit #1477: HalpIommuInitSystem returned EAX=0x00000000 (success/other) rsp=0xFFFFF8003A675438 exitCount=587991
[iommuret] hit #1478: HalpIommuInitSystem returned EAX=0x00000000 (success/other) rsp=0xFFFFF8003A675438 exitCount=587992
[iommuret] hit #1479: HalpIommuInitSystem returned EAX=0x00000000 (success/other) rsp=0xFFFFF8003A675438 exitCount=587993
[iommuret] hit #1480: HalpIommuInitSystem returned EAX=0x00000000 (success/other) rsp=0xFFFFF8003A675438 exitCount=587994
[iommuret] hit #1481: HalpIommuInitSystem returned EAX=0x00000000 (success/other) rsp=0xFFFFF8003A675438 exitCount=587995
[iommuret] hit #1482: HalpIommuInitSystem returned EAX=0x00000000 (success/other) rsp=0xFFFFF8003A675438 exitCount=587996
[iommuret] hit #1483: HalpIommuInitSystem returned EAX=0x00000000 (success/other) rsp=0xFFFFF8003A675438 exitCount=587997
[iommuret] hit #1484: HalpIommuInitSystem returned EAX=0x00000000 (success/other) rsp=0xFFFFF8003A675438 exitCount=587998
[iommuret] hit #1485: HalpIommuInitSystem returned EAX=0x00000000 (success/other) rsp=0xFFFFF8003A675438 exitCount=587999
[iommuret] hit #1486: HalpIommuInitSystem returned EAX=0x00000000 (success/other) rsp=0xFFFFF8003A675438 exitCount=588000
[iommuret] hit #1487: HalpIommuInitSystem returned EAX=0x00000000 (success/other) rsp=0xFFFFF8003A675438 exitCount=588001
[iommuret] hit #1488: HalpIommuInitSystem returned EAX=0x00000000 (success/other) rsp=0xFFFFF8003A675438 exitCount=588002
[iommuret] hit #1489: HalpIommuInitSystem returned EAX=0x00000000 (success/other) rsp=0xFFFFF8003A675438 exitCount=588003
[iommuret] hit #1490: HalpIommuInitSystem returned EAX=0x00000000 (success/other) rsp=0xFFFFF8003A675438 exitCount=588004
[iommuret] hit #1491: HalpIommuInitSystem returned EAX=0x00000000 (success/other) rsp=0xFFFFF8003A675438 exitCount=588005
[iommuret] hit #1492: HalpIommuInitSystem returned EAX=0x00000000 (success/other) rsp=0xFFFFF8003A675438 exitCount=588006
[iommuret] hit #1493: HalpIommuInitSystem returned EAX=0x00000000 (success/other) rsp=0xFFFFF8003A675438 exitCount=588007
[iommuret] hit #1494: HalpIommuInitSystem returned EAX=0x00000000 (success/other) rsp=0xFFFFF8003A675438 exitCount=588008
[iommuret] hit #1495: HalpIommuInitSystem returned EAX=0x00000000 (success/other) rsp=0xFFFFF8003A675438 exitCount=588009
[iommuret] hit #1496: HalpIommuInitSystem returned EAX=0x00000000 (success/other) rsp=0xFFFFF8003A675438 exitCount=588010
[iommuret] hit #1497: HalpIommuInitSystem returned EAX=0x00000000 (success/other) rsp=0xFFFFF8003A675438 exitCount=588011
[iommuret] hit #1498: HalpIommuInitSystem returned EAX=0x00000000 (success/other) rsp=0xFFFFF8003A675438 exitCount=588012
[iommuret] hit #1499: HalpIommuInitSystem returned EAX=0x00000000 (success/other) rsp=0xFFFFF8003A675438 exitCount=588013
[iommuret] hit #1500: HalpIommuInitSystem returned EAX=0x00000000 (success/other) rsp=0xFFFFF8003A675438 exitCount=588014
[iommuret] hit #1501: HalpIommuInitSystem returned EAX=0x00000000 (success/other) rsp=0xFFFFF8003A675438 exitCount=588015
[iommuret] hit #1502: HalpIommuInitSystem returned EAX=0x00000000 (success/other) rsp=0xFFFFF8003A675438 exitCount=588016
[iommuret] hit #1503: HalpIommuInitSystem returned EAX=0x00000000 (success/other) rsp=0xFFFFF8003A675438 exitCount=588017
[iommuret] hit #1504: HalpIommuInitSystem returned EAX=0x00000000 (success/other) rsp=0xFFFFF8003A675438 exitCount=588018
[iommuret] hit #1505: HalpIommuInitSystem returned EAX=0x00000000 (success/other) rsp=0xFFFFF8003A675438 exitCount=588019
[iommuret] hit #1506: HalpIommuInitSystem returned EAX=0x00000000 (success/other) rsp=0xFFFFF8003A675438 exitCount=588020
[iommuret] hit #1507: HalpIommuInitSystem returned EAX=0x00000000 (success/other) rsp=0xFFFFF8003A675438 exitCount=588021
[iommuret] hit #1508: HalpIommuInitSystem returned EAX=0x00000000 (success/other) rsp=0xFFFFF8003A675438 exitCount=588022
[iommuret] hit #1509: HalpIommuInitSystem returned EAX=0x00000000 (success/other) rsp=0xFFFFF8003A675438 exitCount=588023
[iommuret] hit #1510: HalpIommuInitSystem returned EAX=0x00000000 (success/other) rsp=0xFFFFF8003A675438 exitCount=588024
[iommuret] hit #1511: HalpIommuInitSystem returned EAX=0x00000000 (success/other) rsp=0xFFFFF8003A675438 exitCount=588025
[iommuret] hit #1512: HalpIommuInitSystem returned EAX=0x00000000 (success/other) rsp=0xFFFFF8003A675438 exitCount=588026
[iommuret] hit #1513: HalpIommuInitSystem returned EAX=0x00000000 (success/other) rsp=0xFFFFF8003A675438 exitCount=588027
[iommuret] hit #1514: HalpIommuInitSystem returned EAX=0x00000000 (success/other) rsp=0xFFFFF8003A675438 exitCount=588028
[iommuret] hit #1515: HalpIommuInitSystem returned EAX=0x00000000 (success/other) rsp=0xFFFFF8003A675438 exitCount=588029
[iommuret] hit #1516: HalpIommuInitSystem returned EAX=0x00000000 (success/other) rsp=0xFFFFF8003A675438 exitCount=588030
[iommuret] hit #1517: HalpIommuInitSystem returned EAX=0x00000000 (success/other) rsp=0xFFFFF8003A675438 exitCount=588031
[iommuret] hit #1518: HalpIommuInitSystem returned EAX=0x00000000 (success/other) rsp=0xFFFFF8003A675438 exitCount=588032
[iommuret] hit #1519: HalpIommuInitSystem returned EAX=0x00000000 (success/other) rsp=0xFFFFF8003A675438 exitCount=588033
[iommuret] hit #1520: HalpIommuInitSystem returned EAX=0x00000000 (success/other) rsp=0xFFFFF8003A675438 exitCount=588034
[iommuret] hit #1521: HalpIommuInitSystem returned EAX=0x00000000 (success/other) rsp=0xFFFFF8003A675438 exitCount=588035
[iommuret] hit #1522: HalpIommuInitSystem returned EAX=0x00000000 (success/other) rsp=0xFFFFF8003A675438 exitCount=588036
[iommuret] hit #1523: HalpIommuInitSystem returned EAX=0x00000000 (success/other) rsp=0xFFFFF8003A675438 exitCount=588037
[iommuret] hit #1524: HalpIommuInitSystem returned EAX=0x00000000 (success/other) rsp=0xFFFFF8003A675438 exitCount=588038
[iommuret] hit #1525: HalpIommuInitSystem returned EAX=0x00000000 (success/other) rsp=0xFFFFF8003A675438 exitCount=588039
[iommuret] hit #1526: HalpIommuInitSystem returned EAX=0x00000000 (success/other) rsp=0xFFFFF8003A675438 exitCount=588040
[iommuret] hit #1527: HalpIommuInitSystem returned EAX=0x00000000 (success/other) rsp=0xFFFFF8003A675438 exitCount=588041
[iommuret] hit #1528: HalpIommuInitSystem returned EAX=0x00000000 (success/other) rsp=0xFFFFF8003A675438 exitCount=588042
[iommuret] hit #1529: HalpIommuInitSystem returned EAX=0x00000000 (success/other) rsp=0xFFFFF8003A675438 exitCount=588043
[iommuret] hit #1530: HalpIommuInitSystem returned EAX=0x00000000 (success/other) rsp=0xFFFFF8003A675438 exitCount=588044
[iommuret] hit #1531: HalpIommuInitSystem returned EAX=0x00000000 (success/other) rsp=0xFFFFF8003A675438 exitCount=588045
[iommuret] hit #1532: HalpIommuInitSystem returned EAX=0x00000000 (success/other) rsp=0xFFFFF8003A675438 exitCount=588046
[iommuret] hit #1533: HalpIommuInitSystem returned EAX=0x00000000 (success/other) rsp=0xFFFFF8003A675438 exitCount=588047
[iommuret] hit #1534: HalpIommuInitSystem returned EAX=0x00000000 (success/other) rsp=0xFFFFF8003A675438 exitCount=588048
[iommuret] hit #1535: HalpIommuInitSystem returned EAX=0x00000000 (success/other) rsp=0xFFFFF8003A675438 exitCount=588049
[iommuret] hit #1536: HalpIommuInitSystem returned EAX=0x00000000 (success/other) rsp=0xFFFFF8003A675438 exitCount=588050
[iommuret] hit #1537: HalpIommuInitSystem returned EAX=0x00000000 (success/other) rsp=0xFFFFF8003A675438 exitCount=588051
[iommuret] hit #1538: HalpIommuInitSystem returned EAX=0x00000000 (success/other) rsp=0xFFFFF8003A675438 exitCount=588052
[iommuret] hit #1539: HalpIommuInitSystem returned EAX=0x00000000 (success/other) rsp=0xFFFFF8003A675438 exitCount=588053
[iommuret] hit #1540: HalpIommuInitSystem returned EAX=0x00000000 (success/other) rsp=0xFFFFF8003A675438 exitCount=588054
[iommuret] hit #1541: HalpIommuInitSystem returned EAX=0x00000000 (success/other) rsp=0xFFFFF8003A675438 exitCount=588055
[iommuret] hit #1542: HalpIommuInitSystem returned EAX=0x00000000 (success/other) rsp=0xFFFFF8003A675438 exitCount=588056
[iommuret] hit #1543: HalpIommuInitSystem returned EAX=0x00000000 (success/other) rsp=0xFFFFF8003A675438 exitCount=588057
[iommuret] hit #1544: HalpIommuInitSystem returned EAX=0x00000000 (success/other) rsp=0xFFFFF8003A675438 exitCount=588058
[iommuret] hit #1545: HalpIommuInitSystem returned EAX=0x00000000 (success/other) rsp=0xFFFFF8003A675438 exitCount=588059
[iommuret] hit #1546: HalpIommuInitSystem returned EAX=0x00000000 (success/other) rsp=0xFFFFF8003A675438 exitCount=588060
[iommuret] hit #1547: HalpIommuInitSystem returned EAX=0x00000000 (success/other) rsp=0xFFFFF8003A675438 exitCount=588061
[iommuret] hit #1548: HalpIommuInitSystem returned EAX=0x00000000 (success/other) rsp=0xFFFFF8003A675438 exitCount=588062
[iommuret] hit #1549: HalpIommuInitSystem returned EAX=0x00000000 (success/other) rsp=0xFFFFF8003A675438 exitCount=588063
[iommuret] hit #1550: HalpIommuInitSystem returned EAX=0x00000000 (success/other) rsp=0xFFFFF8003A675438 exitCount=588064
[iommuret] hit #1551: HalpIommuInitSystem returned EAX=0x00000000 (success/other) rsp=0xFFFFF8003A675438 exitCount=588065
[iommuret] hit #1552: HalpIommuInitSystem returned EAX=0x00000000 (success/other) rsp=0xFFFFF8003A675438 exitCount=588066
[iommuret] hit #1553: HalpIommuInitSystem returned EAX=0x00000000 (success/other) rsp=0xFFFFF8003A675438 exitCount=588067
[iommuret] hit #1554: HalpIommuInitSystem returned EAX=0x00000000 (success/other) rsp=0xFFFFF8003A675438 exitCount=588068
[iommuret] hit #1555: HalpIommuInitSystem returned EAX=0x00000000 (success/other) rsp=0xFFFFF8003A675438 exitCount=588069
[iommuret] hit #1556: HalpIommuInitSystem returned EAX=0x00000000 (success/other) rsp=0xFFFFF8003A675438 exitCount=588070
[iommuret] hit #1557: HalpIommuInitSystem returned EAX=0x00000000 (success/other) rsp=0xFFFFF8003A675438 exitCount=588071
[iommuret] hit #1558: HalpIommuInitSystem returned EAX=0x00000000 (success/other) rsp=0xFFFFF8003A675438 exitCount=588072
[iommuret] hit #1559: HalpIommuInitSystem returned EAX=0x00000000 (success/other) rsp=0xFFFFF8003A675438 exitCount=588073
[iommuret] hit #1560: HalpIommuInitSystem returned EAX=0x00000000 (success/other) rsp=0xFFFFF8003A675438 exitCount=588074
[iommuret] hit #1561: HalpIommuInitSystem returned EAX=0x00000000 (success/other) rsp=0xFFFFF8003A675438 exitCount=588075
[iommuret] hit #1562: HalpIommuInitSystem returned EAX=0x00000000 (success/other) rsp=0xFFFFF8003A675438 exitCount=588076
[iommuret] hit #1563: HalpIommuInitSystem returned EAX=0x00000000 (success/other) rsp=0xFFFFF8003A675438 exitCount=588077
[iommuret] hit #1564: HalpIommuInitSystem returned EAX=0x00000000 (success/other) rsp=0xFFFFF8003A675438 exitCount=588078
[iommuret] hit #1565: HalpIommuInitSystem returned EAX=0x00000000 (success/other) rsp=0xFFFFF8003A675438 exitCount=588079
[iommuret] hit #1566: HalpIommuInitSystem returned EAX=0x00000000 (success/other) rsp=0xFFFFF8003A675438 exitCount=588080
[iommuret] hit #1567: HalpIommuInitSystem returned EAX=0x00000000 (success/other) rsp=0xFFFFF8003A675438 exitCount=588081
[iommuret] hit #1568: HalpIommuInitSystem returned EAX=0x00000000 (success/other) rsp=0xFFFFF8003A675438 exitCount=588082
[iommuret] hit #1569: HalpIommuInitSystem returned EAX=0x00000000 (success/other) rsp=0xFFFFF8003A675438 exitCount=588083
[iommuret] hit #1570: HalpIommuInitSystem returned EAX=0x00000000 (success/other) rsp=0xFFFFF8003A675438 exitCount=588084
[iommuret] hit #1571: HalpIommuInitSystem returned EAX=0x00000000 (success/other) rsp=0xFFFFF8003A675438 exitCount=588085
[iommuret] hit #1572: HalpIommuInitSystem returned EAX=0x00000000 (success/other) rsp=0xFFFFF8003A675438 exitCount=588086
[iommuret] hit #1573: HalpIommuInitSystem returned EAX=0x00000000 (success/other) rsp=0xFFFFF8003A675438 exitCount=588087
[iommuret] hit #1574: HalpIommuInitSystem returned EAX=0x00000000 (success/other) rsp=0xFFFFF8003A675438 exitCount=588088
[iommuret] hit #1575: HalpIommuInitSystem returned EAX=0x00000000 (success/other) rsp=0xFFFFF8003A675438 exitCount=588089
[iommuret] hit #1576: HalpIommuInitSystem returned EAX=0x00000000 (success/other) rsp=0xFFFFF8003A675438 exitCount=588090
[iommuret] hit #1577: HalpIommuInitSystem returned EAX=0x00000000 (success/other) rsp=0xFFFFF8003A675438 exitCount=588091
[iommuret] hit #1578: HalpIommuInitSystem returned EAX=0x00000000 (success/other) rsp=0xFFFFF8003A675438 exitCount=588092
[iommuret] hit #1579: HalpIommuInitSystem returned EAX=0x00000000 (success/other) rsp=0xFFFFF8003A675438 exitCount=588093
[iommuret] hit #1580: HalpIommuInitSystem returned EAX=0x00000000 (success/other) rsp=0xFFFFF8003A675438 exitCount=588094
[iommuret] hit #1581: HalpIommuInitSystem returned EAX=0x00000000 (success/other) rsp=0xFFFFF8003A675438 exitCount=588095
[iommuret] hit #1582: HalpIommuInitSystem returned EAX=0x00000000 (success/other) rsp=0xFFFFF8003A675438 exitCount=588096
[iommuret] hit #1583: HalpIommuInitSystem returned EAX=0x00000000 (success/other) rsp=0xFFFFF8003A675438 exitCount=588097
[iommuret] hit #1584: HalpIommuInitSystem returned EAX=0x00000000 (success/other) rsp=0xFFFFF8003A675438 exitCount=588098
[iommuret] hit #1585: HalpIommuInitSystem returned EAX=0x00000000 (success/other) rsp=0xFFFFF8003A675438 exitCount=588099
[iommuret] hit #1586: HalpIommuInitSystem returned EAX=0x00000000 (success/other) rsp=0xFFFFF8003A675438 exitCount=588100
[iommuret] hit #1587: HalpIommuInitSystem returned EAX=0x00000000 (success/other) rsp=0xFFFFF8003A675438 exitCount=588101
[iommuret] hit #1588: HalpIommuInitSystem returned EAX=0x00000000 (success/other) rsp=0xFFFFF8003A675438 exitCount=588102
[iommuret] hit #1589: HalpIommuInitSystem returned EAX=0x00000000 (success/other) rsp=0xFFFFF8003A675438 exitCount=588103
[iommuret] hit #1590: HalpIommuInitSystem returned EAX=0x00000000 (success/other) rsp=0xFFFFF8003A675438 exitCount=588104
[iommuret] hit #1591: HalpIommuInitSystem returned EAX=0x00000000 (success/other) rsp=0xFFFFF8003A675438 exitCount=588105
[iommuret] hit #1592: HalpIommuInitSystem returned EAX=0x00000000 (success/other) rsp=0xFFFFF8003A675438 exitCount=588106
[iommuret] hit #1593: HalpIommuInitSystem returned EAX=0x00000000 (success/other) rsp=0xFFFFF8003A675438 exitCount=588107
[iommuret] hit #1594: HalpIommuInitSystem returned EAX=0x00000000 (success/other) rsp=0xFFFFF8003A675438 exitCount=588108
[iommuret] hit #1595: HalpIommuInitSystem returned EAX=0x00000000 (success/other) rsp=0xFFFFF8003A675438 exitCount=588109
[iommuret] hit #1596: HalpIommuInitSystem returned EAX=0x00000000 (success/other) rsp=0xFFFFF8003A675438 exitCount=588110
[iommuret] hit #1597: HalpIommuInitSystem returned EAX=0x00000000 (success/other) rsp=0xFFFFF8003A675438 exitCount=588111
[iommuret] hit #1598: HalpIommuInitSystem returned EAX=0x00000000 (success/other) rsp=0xFFFFF8003A675438 exitCount=588112
[iommuret] hit #1599: HalpIommuInitSystem returned EAX=0x00000000 (success/other) rsp=0xFFFFF8003A675438 exitCount=588113
[iommuret] hit #1600: HalpIommuInitSystem returned EAX=0x00000000 (success/other) rsp=0xFFFFF8003A675438 exitCount=588114
[iommuret] hit #1601: HalpIommuInitSystem returned EAX=0x00000000 (success/other) rsp=0xFFFFF8003A675438 exitCount=588115
[iommuret] hit #1602: HalpIommuInitSystem returned EAX=0x00000000 (success/other) rsp=0xFFFFF8003A675438 exitCount=588116
[iommuret] hit #1603: HalpIommuInitSystem returned EAX=0x00000000 (success/other) rsp=0xFFFFF8003A675438 exitCount=588117
[iommuret] hit #1604: HalpIommuInitSystem returned EAX=0x00000000 (success/other) rsp=0xFFFFF8003A675438 exitCount=588118
[iommuret] hit #1605: HalpIommuInitSystem returned EAX=0x00000000 (success/other) rsp=0xFFFFF8003A675438 exitCount=588119
[iommuret] hit #1606: HalpIommuInitSystem returned EAX=0x00000000 (success/other) rsp=0xFFFFF8003A675438 exitCount=588120
[iommuret] hit #1607: HalpIommuInitSystem returned EAX=0x00000000 (success/other) rsp=0xFFFFF8003A675438 exitCount=588121
[iommuret] hit #1608: HalpIommuInitSystem returned EAX=0x00000000 (success/other) rsp=0xFFFFF8003A675438 exitCount=588122
[iommuret] hit #1609: HalpIommuInitSystem returned EAX=0x00000000 (success/other) rsp=0xFFFFF8003A675438 exitCount=588123
[iommuret] hit #1610: HalpIommuInitSystem returned EAX=0x00000000 (success/other) rsp=0xFFFFF8003A675438 exitCount=588124
[iommuret] hit #1611: HalpIommuInitSystem returned EAX=0x00000000 (success/other) rsp=0xFFFFF8003A675438 exitCount=588125
[iommuret] hit #1612: HalpIommuInitSystem returned EAX=0x00000000 (success/other) rsp=0xFFFFF8003A675438 exitCount=588126
[iommuret] hit #1613: HalpIommuInitSystem returned EAX=0x00000000 (success/other) rsp=0xFFFFF8003A675438 exitCount=588127
[iommuret] hit #1614: HalpIommuInitSystem returned EAX=0x00000000 (success/other) rsp=0xFFFFF8003A675438 exitCount=588128
[iommuret] hit #1615: HalpIommuInitSystem returned EAX=0x00000000 (success/other) rsp=0xFFFFF8003A675438 exitCount=588129
[iommuret] hit #1616: HalpIommuInitSystem returned EAX=0x00000000 (success/other) rsp=0xFFFFF8003A675438 exitCount=588130
[iommuret] hit #1617: HalpIommuInitSystem returned EAX=0x00000000 (success/other) rsp=0xFFFFF8003A675438 exitCount=588131
[iommuret] hit #1618: HalpIommuInitSystem returned EAX=0x00000000 (success/other) rsp=0xFFFFF8003A675438 exitCount=588132
[iommuret] hit #1619: HalpIommuInitSystem returned EAX=0x00000000 (success/other) rsp=0xFFFFF8003A675438 exitCount=588133
[iommuret] hit #1620: HalpIommuInitSystem returned EAX=0x00000000 (success/other) rsp=0xFFFFF8003A675438 exitCount=588134
[iommuret] hit #1621: HalpIommuInitSystem returned EAX=0x00000000 (success/other) rsp=0xFFFFF8003A675438 exitCount=588135
[iommuret] hit #1622: HalpIommuInitSystem returned EAX=0x00000000 (success/other) rsp=0xFFFFF8003A675438 exitCount=588136
[iommuret] hit #1623: HalpIommuInitSystem returned EAX=0x00000000 (success/other) rsp=0xFFFFF8003A675438 exitCount=588137
[iommuret] hit #1624: HalpIommuInitSystem returned EAX=0x00000000 (success/other) rsp=0xFFFFF8003A675438 exitCount=588138
[iommuret] hit #1625: HalpIommuInitSystem returned EAX=0x00000000 (success/other) rsp=0xFFFFF8003A675438 exitCount=588139
[iommuret] hit #1626: HalpIommuInitSystem returned EAX=0x00000000 (success/other) rsp=0xFFFFF8003A675438 exitCount=588140
[iommuret] hit #1627: HalpIommuInitSystem returned EAX=0x00000000 (success/other) rsp=0xFFFFF8003A675438 exitCount=588141
[iommuret] hit #1628: HalpIommuInitSystem returned EAX=0x00000000 (success/other) rsp=0xFFFFF8003A675438 exitCount=588142
[iommuret] hit #1629: HalpIommuInitSystem returned EAX=0x00000000 (success/other) rsp=0xFFFFF8003A675438 exitCount=588143
[iommuret] hit #1630: HalpIommuInitSystem returned EAX=0x00000000 (success/other) rsp=0xFFFFF8003A675438 exitCount=588144
[iommuret] hit #1631: HalpIommuInitSystem returned EAX=0x00000000 (success/other) rsp=0xFFFFF8003A675438 exitCount=588145
[iommuret] hit #1632: HalpIommuInitSystem returned EAX=0x00000000 (success/other) rsp=0xFFFFF8003A675438 exitCount=588146
[iommuret] hit #1633: HalpIommuInitSystem returned EAX=0x00000000 (success/other) rsp=0xFFFFF8003A675438 exitCount=588147
[iommuret] hit #1634: HalpIommuInitSystem returned EAX=0x00000000 (success/other) rsp=0xFFFFF8003A675438 exitCount=588148
[iommuret] hit #1635: HalpIommuInitSystem returned EAX=0x00000000 (success/other) rsp=0xFFFFF8003A675438 exitCount=588149
[iommuret] hit #1636: HalpIommuInitSystem returned EAX=0x00000000 (success/other) rsp=0xFFFFF8003A675438 exitCount=588150
[iommuret] hit #1637: HalpIommuInitSystem returned EAX=0x00000000 (success/other) rsp=0xFFFFF8003A675438 exitCount=588151
[iommuret] hit #1638: HalpIommuInitSystem returned EAX=0x00000000 (success/other) rsp=0xFFFFF8003A675438 exitCount=588152
[iommuret] hit #1639: HalpIommuInitSystem returned EAX=0x00000000 (success/other) rsp=0xFFFFF8003A675438 exitCount=588153
[iommuret] hit #1640: HalpIommuInitSystem returned EAX=0x00000000 (success/other) rsp=0xFFFFF8003A675438 exitCount=588154
[iommuret] hit #1641: HalpIommuInitSystem returned EAX=0x00000000 (success/other) rsp=0xFFFFF8003A675438 exitCount=588155
[iommuret] hit #1642: HalpIommuInitSystem returned EAX=0x00000000 (success/other) rsp=0xFFFFF8003A675438 exitCount=588156
[iommuret] hit #1643: HalpIommuInitSystem returned EAX=0x00000000 (success/other) rsp=0xFFFFF8003A675438 exitCount=588157
[iommuret] hit #1644: HalpIommuInitSystem returned EAX=0x00000000 (success/other) rsp=0xFFFFF8003A675438 exitCount=588158
[iommuret] hit #1645: HalpIommuInitSystem returned EAX=0x00000000 (success/other) rsp=0xFFFFF8003A675438 exitCount=588159
[iommuret] hit #1646: HalpIommuInitSystem returned EAX=0x00000000 (success/other) rsp=0xFFFFF8003A675438 exitCount=588160
[iommuret] hit #1647: HalpIommuInitSystem returned EAX=0x00000000 (success/other) rsp=0xFFFFF8003A675438 exitCount=588161
[iommuret] hit #1648: HalpIommuInitSystem returned EAX=0x00000000 (success/other) rsp=0xFFFFF8003A675438 exitCount=588162
[iommuret] hit #1649: HalpIommuInitSystem returned EAX=0x00000000 (success/other) rsp=0xFFFFF8003A675438 exitCount=588163
[iommuret] hit #1650: HalpIommuInitSystem returned EAX=0x00000000 (success/other) rsp=0xFFFFF8003A675438 exitCount=588164
[iommuret] hit #1651: HalpIommuInitSystem returned EAX=0x00000000 (success/other) rsp=0xFFFFF8003A675438 exitCount=588165
[iommuret] hit #1652: HalpIommuInitSystem returned EAX=0x00000000 (success/other) rsp=0xFFFFF8003A675438 exitCount=588166
[iommuret] hit #1653: HalpIommuInitSystem returned EAX=0x00000000 (success/other) rsp=0xFFFFF8003A675438 exitCount=588167
[iommuret] hit #1654: HalpIommuInitSystem returned EAX=0x00000000 (success/other) rsp=0xFFFFF8003A675438 exitCount=588168
[iommuret] hit #1655: HalpIommuInitSystem returned EAX=0x00000000 (success/other) rsp=0xFFFFF8003A675438 exitCount=588169
[iommuret] hit #1656: HalpIommuInitSystem returned EAX=0x00000000 (success/other) rsp=0xFFFFF8003A675438 exitCount=588170
[iommuret] hit #1657: HalpIommuInitSystem returned EAX=0x00000000 (success/other) rsp=0xFFFFF8003A675438 exitCount=588171
[iommuret] hit #1658: HalpIommuInitSystem returned EAX=0x00000000 (success/other) rsp=0xFFFFF8003A675438 exitCount=588172
[iommuret] hit #1659: HalpIommuInitSystem returned EAX=0x00000000 (success/other) rsp=0xFFFFF8003A675438 exitCount=588173
[iommuret] hit #1660: HalpIommuInitSystem returned EAX=0x00000000 (success/other) rsp=0xFFFFF8003A675438 exitCount=588174
[iommuret] hit #1661: HalpIommuInitSystem returned EAX=0x00000000 (success/other) rsp=0xFFFFF8003A675438 exitCount=588175
[iommuret] hit #1662: HalpIommuInitSystem returned EAX=0x00000000 (success/other) rsp=0xFFFFF8003A675438 exitCount=588176
[iommuret] hit #1663: HalpIommuInitSystem returned EAX=0x00000000 (success/other) rsp=0xFFFFF8003A675438 exitCount=588177
[iommuret] hit #1664: HalpIommuInitSystem returned EAX=0x00000000 (success/other) rsp=0xFFFFF8003A675438 exitCount=588178
[iommuret] hit #1665: HalpIommuInitSystem returned EAX=0x00000000 (success/other) rsp=0xFFFFF8003A675438 exitCount=588179
[iommuret] hit #1666: HalpIommuInitSystem returned EAX=0x00000000 (success/other) rsp=0xFFFFF8003A675438 exitCount=588180
[iommuret] hit #1667: HalpIommuInitSystem returned EAX=0x00000000 (success/other) rsp=0xFFFFF8003A675438 exitCount=588181
[iommuret] hit #1668: HalpIommuInitSystem returned EAX=0x00000000 (success/other) rsp=0xFFFFF8003A675438 exitCount=588182
[iommuret] hit #1669: HalpIommuInitSystem returned EAX=0x00000000 (success/other) rsp=0xFFFFF8003A675438 exitCount=588183
[iommuret] hit #1670: HalpIommuInitSystem returned EAX=0x00000000 (success/other) rsp=0xFFFFF8003A675438 exitCount=588184
[iommuret] hit #1671: HalpIommuInitSystem returned EAX=0x00000000 (success/other) rsp=0xFFFFF8003A675438 exitCount=588185
[iommuret] hit #1672: HalpIommuInitSystem returned EAX=0x00000000 (success/other) rsp=0xFFFFF8003A675438 exitCount=588186
[iommuret] hit #1673: HalpIommuInitSystem returned EAX=0x00000000 (success/other) rsp=0xFFFFF8003A675438 exitCount=588187
[iommuret] hit #1674: HalpIommuInitSystem returned EAX=0x00000000 (success/other) rsp=0xFFFFF8003A675438 exitCount=588188
[iommuret] hit #1675: HalpIommuInitSystem returned EAX=0x00000000 (success/other) rsp=0xFFFFF8003A675438 exitCount=588189
[iommuret] hit #1676: HalpIommuInitSystem returned EAX=0x00000000 (success/other) rsp=0xFFFFF8003A675438 exitCount=588190
[iommuret] hit #1677: HalpIommuInitSystem returned EAX=0x00000000 (success/other) rsp=0xFFFFF8003A675438 exitCount=588191
[iommuret] hit #1678: HalpIommuInitSystem returned EAX=0x00000000 (success/other) rsp=0xFFFFF8003A675438 exitCount=588192
[iommuret] hit #1679: HalpIommuInitSystem returned EAX=0x00000000 (success/other) rsp=0xFFFFF8003A675438 exitCount=588193
[iommuret] hit #1680: HalpIommuInitSystem returned EAX=0x00000000 (success/other) rsp=0xFFFFF8003A675438 exitCount=588194
[iommuret] hit #1681: HalpIommuInitSystem returned EAX=0x00000000 (success/other) rsp=0xFFFFF8003A675438 exitCount=588195
[iommuret] hit #1682: HalpIommuInitSystem returned EAX=0x00000000 (success/other) rsp=0xFFFFF8003A675438 exitCount=588196
[iommuret] hit #1683: HalpIommuInitSystem returned EAX=0x00000000 (success/other) rsp=0xFFFFF8003A675438 exitCount=588197
[iommuret] hit #1684: HalpIommuInitSystem returned EAX=0x00000000 (success/other) rsp=0xFFFFF8003A675438 exitCount=588198
[iommuret] hit #1685: HalpIommuInitSystem returned EAX=0x00000000 (success/other) rsp=0xFFFFF8003A675438 exitCount=588199
[iommuret] hit #1686: HalpIommuInitSystem returned EAX=0x00000000 (success/other) rsp=0xFFFFF8003A675438 exitCount=588200
[iommuret] hit #1687: HalpIommuInitSystem returned EAX=0x00000000 (success/other) rsp=0xFFFFF8003A675438 exitCount=588201
[iommuret] hit #1688: HalpIommuInitSystem returned EAX=0x00000000 (success/other) rsp=0xFFFFF8003A675438 exitCount=588202
[iommuret] hit #1689: HalpIommuInitSystem returned EAX=0x00000000 (success/other) rsp=0xFFFFF8003A675438 exitCount=588203
[iommuret] hit #1690: HalpIommuInitSystem returned EAX=0x00000000 (success/other) rsp=0xFFFFF8003A675438 exitCount=588204
[iommuret] hit #1691: HalpIommuInitSystem returned EAX=0x00000000 (success/other) rsp=0xFFFFF8003A675438 exitCount=588205
[iommuret] hit #1692: HalpIommuInitSystem returned EAX=0x00000000 (success/other) rsp=0xFFFFF8003A675438 exitCount=588206
[iommuret] hit #1693: HalpIommuInitSystem returned EAX=0x00000000 (success/other) rsp=0xFFFFF8003A675438 exitCount=588207
[iommuret] hit #1694: HalpIommuInitSystem returned EAX=0x00000000 (success/other) rsp=0xFFFFF8003A675438 exitCount=588208
[iommuret] hit #1695: HalpIommuInitSystem returned EAX=0x00000000 (success/other) rsp=0xFFFFF8003A675438 exitCount=588209
[iommuret] hit #1696: HalpIommuInitSystem returned EAX=0x00000000 (success/other) rsp=0xFFFFF8003A675438 exitCount=588210
[iommuret] hit #1697: HalpIommuInitSystem returned EAX=0x00000000 (success/other) rsp=0xFFFFF8003A675438 exitCount=588211
[iommuret] hit #1698: HalpIommuInitSystem returned EAX=0x00000000 (success/other) rsp=0xFFFFF8003A675438 exitCount=588212
[iommuret] hit #1699: HalpIommuInitSystem returned EAX=0x00000000 (success/other) rsp=0xFFFFF8003A675438 exitCount=588213
[iommuret] hit #1700: HalpIommuInitSystem returned EAX=0x00000000 (success/other) rsp=0xFFFFF8003A675438 exitCount=588214
[iommuret] hit #1701: HalpIommuInitSystem returned EAX=0x00000000 (success/other) rsp=0xFFFFF8003A675438 exitCount=588215
[iommuret] hit #1702: HalpIommuInitSystem returned EAX=0x00000000 (success/other) rsp=0xFFFFF8003A675438 exitCount=588216
[iommuret] hit #1703: HalpIommuInitSystem returned EAX=0x00000000 (success/other) rsp=0xFFFFF8003A675438 exitCount=588217
[iommuret] hit #1704: HalpIommuInitSystem returned EAX=0x00000000 (success/other) rsp=0xFFFFF8003A675438 exitCount=588218
[iommuret] hit #1705: HalpIommuInitSystem returned EAX=0x00000000 (success/other) rsp=0xFFFFF8003A675438 exitCount=588219
[iommuret] hit #1706: HalpIommuInitSystem returned EAX=0x00000000 (success/other) rsp=0xFFFFF8003A675438 exitCount=588220
[iommuret] hit #1707: HalpIommuInitSystem returned EAX=0x00000000 (success/other) rsp=0xFFFFF8003A675438 exitCount=588221
[iommuret] hit #1708: HalpIommuInitSystem returned EAX=0x00000000 (success/other) rsp=0xFFFFF8003A675438 exitCount=588222
[iommuret] hit #1709: HalpIommuInitSystem returned EAX=0x00000000 (success/other) rsp=0xFFFFF8003A675438 exitCount=588223
[iommuret] hit #1710: HalpIommuInitSystem returned EAX=0x00000000 (success/other) rsp=0xFFFFF8003A675438 exitCount=588224
[iommuret] hit #1711: HalpIommuInitSystem returned EAX=0x00000000 (success/other) rsp=0xFFFFF8003A675438 exitCount=588225
[iommuret] hit #1712: HalpIommuInitSystem returned EAX=0x00000000 (success/other) rsp=0xFFFFF8003A675438 exitCount=588226
[iommuret] hit #1713: HalpIommuInitSystem returned EAX=0x00000000 (success/other) rsp=0xFFFFF8003A675438 exitCount=588227
[iommuret] hit #1714: HalpIommuInitSystem returned EAX=0x00000000 (success/other) rsp=0xFFFFF8003A675438 exitCount=588228
[iommuret] hit #1715: HalpIommuInitSystem returned EAX=0x00000000 (success/other) rsp=0xFFFFF8003A675438 exitCount=588229
[iommuret] hit #1716: HalpIommuInitSystem returned EAX=0x00000000 (success/other) rsp=0xFFFFF8003A675438 exitCount=588230
[iommuret] hit #1717: HalpIommuInitSystem returned EAX=0x00000000 (success/other) rsp=0xFFFFF8003A675438 exitCount=588231
[iommuret] hit #1718: HalpIommuInitSystem returned EAX=0x00000000 (success/other) rsp=0xFFFFF8003A675438 exitCount=588232
[iommuret] hit #1719: HalpIommuInitSystem returned EAX=0x00000000 (success/other) rsp=0xFFFFF8003A675438 exitCount=588233
[iommuret] hit #1720: HalpIommuInitSystem returned EAX=0x00000000 (success/other) rsp=0xFFFFF8003A675438 exitCount=588234
[iommuret] hit #1721: HalpIommuInitSystem returned EAX=0x00000000 (success/other) rsp=0xFFFFF8003A675438 exitCount=588235
[iommuret] hit #1722: HalpIommuInitSystem returned EAX=0x00000000 (success/other) rsp=0xFFFFF8003A675438 exitCount=588236
[iommuret] hit #1723: HalpIommuInitSystem returned EAX=0x00000000 (success/other) rsp=0xFFFFF8003A675438 exitCount=588237
[iommuret] hit #1724: HalpIommuInitSystem returned EAX=0x00000000 (success/other) rsp=0xFFFFF8003A675438 exitCount=588238
[iommuret] hit #1725: HalpIommuInitSystem returned EAX=0x00000000 (success/other) rsp=0xFFFFF8003A675438 exitCount=588239
[iommuret] hit #1726: HalpIommuInitSystem returned EAX=0x00000000 (success/other) rsp=0xFFFFF8003A675438 exitCount=588240
[iommuret] hit #1727: HalpIommuInitSystem returned EAX=0x00000000 (success/other) rsp=0xFFFFF8003A675438 exitCount=588241
[iommuret] hit #1728: HalpIommuInitSystem returned EAX=0x00000000 (success/other) rsp=0xFFFFF8003A675438 exitCount=588242
[iommuret] hit #1729: HalpIommuInitSystem returned EAX=0x00000000 (success/other) rsp=0xFFFFF8003A675438 exitCount=588243
[iommuret] hit #1730: HalpIommuInitSystem returned EAX=0x00000000 (success/other) rsp=0xFFFFF8003A675438 exitCount=588244
[iommuret] hit #1731: HalpIommuInitSystem returned EAX=0x00000000 (success/other) rsp=0xFFFFF8003A675438 exitCount=588245
[iommuret] hit #1732: HalpIommuInitSystem returned EAX=0x00000000 (success/other) rsp=0xFFFFF8003A675438 exitCount=588246
[iommuret] hit #1733: HalpIommuInitSystem returned EAX=0x00000000 (success/other) rsp=0xFFFFF8003A675438 exitCount=588247
[iommuret] hit #1734: HalpIommuInitSystem returned EAX=0x00000000 (success/other) rsp=0xFFFFF8003A675438 exitCount=588248
[iommuret] hit #1735: HalpIommuInitSystem returned EAX=0x00000000 (success/other) rsp=0xFFFFF8003A675438 exitCount=588249
[iommuret] hit #1736: HalpIommuInitSystem returned EAX=0x00000000 (success/other) rsp=0xFFFFF8003A675438 exitCount=588250
[iommuret] hit #1737: HalpIommuInitSystem returned EAX=0x00000000 (success/other) rsp=0xFFFFF8003A675438 exitCount=588251
[iommuret] hit #1738: HalpIommuInitSystem returned EAX=0x00000000 (success/other) rsp=0xFFFFF8003A675438 exitCount=588252
[iommuret] hit #1739: HalpIommuInitSystem returned EAX=0x00000000 (success/other) rsp=0xFFFFF8003A675438 exitCount=588253
[iommuret] hit #1740: HalpIommuInitSystem returned EAX=0x00000000 (success/other) rsp=0xFFFFF8003A675438 exitCount=588254
[iommuret] hit #1741: HalpIommuInitSystem returned EAX=0x00000000 (success/other) rsp=0xFFFFF8003A675438 exitCount=588255
[iommuret] hit #1742: HalpIommuInitSystem returned EAX=0x00000000 (success/other) rsp=0xFFFFF8003A675438 exitCount=588256
[iommuret] hit #1743: HalpIommuInitSystem returned EAX=0x00000000 (success/other) rsp=0xFFFFF8003A675438 exitCount=588257
[iommuret] hit #1744: HalpIommuInitSystem returned EAX=0x00000000 (success/other) rsp=0xFFFFF8003A675438 exitCount=588258
[iommuret] hit #1745: HalpIommuInitSystem returned EAX=0x00000000 (success/other) rsp=0xFFFFF8003A675438 exitCount=588259
[iommuret] hit #1746: HalpIommuInitSystem returned EAX=0x00000000 (success/other) rsp=0xFFFFF8003A675438 exitCount=588260
[iommuret] hit #1747: HalpIommuInitSystem returned EAX=0x00000000 (success/other) rsp=0xFFFFF8003A675438 exitCount=588261
[iommuret] hit #1748: HalpIommuInitSystem returned EAX=0x00000000 (success/other) rsp=0xFFFFF8003A675438 exitCount=588262
[iommuret] hit #1749: HalpIommuInitSystem returned EAX=0x00000000 (success/other) rsp=0xFFFFF8003A675438 exitCount=588263
[iommuret] hit #1750: HalpIommuInitSystem returned EAX=0x00000000 (success/other) rsp=0xFFFFF8003A675438 exitCount=588264
[iommuret] hit #1751: HalpIommuInitSystem returned EAX=0x00000000 (success/other) rsp=0xFFFFF8003A675438 exitCount=588265
[iommuret] hit #1752: HalpIommuInitSystem returned EAX=0x00000000 (success/other) rsp=0xFFFFF8003A675438 exitCount=588266
[iommuret] hit #1753: HalpIommuInitSystem returned EAX=0x00000000 (success/other) rsp=0xFFFFF8003A675438 exitCount=588267
[iommuret] hit #1754: HalpIommuInitSystem returned EAX=0x00000000 (success/other) rsp=0xFFFFF8003A675438 exitCount=588268
[iommuret] hit #1755: HalpIommuInitSystem returned EAX=0x00000000 (success/other) rsp=0xFFFFF8003A675438 exitCount=588269
[iommuret] hit #1756: HalpIommuInitSystem returned EAX=0x00000000 (success/other) rsp=0xFFFFF8003A675438 exitCount=588270
[iommuret] hit #1757: HalpIommuInitSystem returned EAX=0x00000000 (success/other) rsp=0xFFFFF8003A675438 exitCount=588271
[iommuret] hit #1758: HalpIommuInitSystem returned EAX=0x00000000 (success/other) rsp=0xFFFFF8003A675438 exitCount=588272
[iommuret] hit #1759: HalpIommuInitSystem returned EAX=0x00000000 (success/other) rsp=0xFFFFF8003A675438 exitCount=588273
[iommuret] hit #1760: HalpIommuInitSystem returned EAX=0x00000000 (success/other) rsp=0xFFFFF8003A675438 exitCount=588274
[iommuret] hit #1761: HalpIommuInitSystem returned EAX=0x00000000 (success/other) rsp=0xFFFFF8003A675438 exitCount=588275
[iommuret] hit #1762: HalpIommuInitSystem returned EAX=0x00000000 (success/other) rsp=0xFFFFF8003A675438 exitCount=588276
[iommuret] hit #1763: HalpIommuInitSystem returned EAX=0x00000000 (success/other) rsp=0xFFFFF8003A675438 exitCount=588277
[iommuret] hit #1764: HalpIommuInitSystem returned EAX=0x00000000 (success/other) rsp=0xFFFFF8003A675438 exitCount=588278
[iommuret] hit #1765: HalpIommuInitSystem returned EAX=0x00000000 (success/other) rsp=0xFFFFF8003A675438 exitCount=588279
[iommuret] hit #1766: HalpIommuInitSystem returned EAX=0x00000000 (success/other) rsp=0xFFFFF8003A675438 exitCount=588280
[iommuret] hit #1767: HalpIommuInitSystem returned EAX=0x00000000 (success/other) rsp=0xFFFFF8003A675438 exitCount=588281
[iommuret] hit #1768: HalpIommuInitSystem returned EAX=0x00000000 (success/other) rsp=0xFFFFF8003A675438 exitCount=588282
[iommuret] hit #1769: HalpIommuInitSystem returned EAX=0x00000000 (success/other) rsp=0xFFFFF8003A675438 exitCount=588283
[iommuret] hit #1770: HalpIommuInitSystem returned EAX=0x00000000 (success/other) rsp=0xFFFFF8003A675438 exitCount=588284
[iommuret] hit #1771: HalpIommuInitSystem returned EAX=0x00000000 (success/other) rsp=0xFFFFF8003A675438 exitCount=588285
[iommuret] hit #1772: HalpIommuInitSystem returned EAX=0x00000000 (success/other) rsp=0xFFFFF8003A675438 exitCount=588286
[iommuret] hit #1773: HalpIommuInitSystem returned EAX=0x00000000 (success/other) rsp=0xFFFFF8003A675438 exitCount=588287
[iommuret] hit #1774: HalpIommuInitSystem returned EAX=0x00000000 (success/other) rsp=0xFFFFF8003A675438 exitCount=588288
[iommuret] hit #1775: HalpIommuInitSystem returned EAX=0x00000000 (success/other) rsp=0xFFFFF8003A675438 exitCount=588289
[iommuret] hit #1776: HalpIommuInitSystem returned EAX=0x00000000 (success/other) rsp=0xFFFFF8003A675438 exitCount=588290
[iommuret] hit #1777: HalpIommuInitSystem returned EAX=0x00000000 (success/other) rsp=0xFFFFF8003A675438 exitCount=588291
[iommuret] hit #1778: HalpIommuInitSystem returned EAX=0x00000000 (success/other) rsp=0xFFFFF8003A675438 exitCount=588292
[iommuret] hit #1779: HalpIommuInitSystem returned EAX=0x00000000 (success/other) rsp=0xFFFFF8003A675438 exitCount=588293
[iommuret] hit #1780: HalpIommuInitSystem returned EAX=0x00000000 (success/other) rsp=0xFFFFF8003A675438 exitCount=588294
[iommuret] hit #1781: HalpIommuInitSystem returned EAX=0x00000000 (success/other) rsp=0xFFFFF8003A675438 exitCount=588295
[iommuret] hit #1782: HalpIommuInitSystem returned EAX=0x00000000 (success/other) rsp=0xFFFFF8003A675438 exitCount=588296
[iommuret] hit #1783: HalpIommuInitSystem returned EAX=0x00000000 (success/other) rsp=0xFFFFF8003A675438 exitCount=588297
[iommuret] hit #1784: HalpIommuInitSystem returned EAX=0x00000000 (success/other) rsp=0xFFFFF8003A675438 exitCount=588298
[iommuret] hit #1785: HalpIommuInitSystem returned EAX=0x00000000 (success/other) rsp=0xFFFFF8003A675438 exitCount=588299
[iommuret] hit #1786: HalpIommuInitSystem returned EAX=0x00000000 (success/other) rsp=0xFFFFF8003A675438 exitCount=588300
[iommuret] hit #1787: HalpIommuInitSystem returned EAX=0x00000000 (success/other) rsp=0xFFFFF8003A675438 exitCount=588301
[iommuret] hit #1788: HalpIommuInitSystem returned EAX=0x00000000 (success/other) rsp=0xFFFFF8003A675438 exitCount=588302
[iommuret] hit #1789: HalpIommuInitSystem returned EAX=0x00000000 (success/other) rsp=0xFFFFF8003A675438 exitCount=588303
[iommuret] hit #1790: HalpIommuInitSystem returned EAX=0x00000000 (success/other) rsp=0xFFFFF8003A675438 exitCount=588304
[iommuret] hit #1791: HalpIommuInitSystem returned EAX=0x00000000 (success/other) rsp=0xFFFFF8003A675438 exitCount=588305
[iommuret] hit #1792: HalpIommuInitSystem returned EAX=0x00000000 (success/other) rsp=0xFFFFF8003A675438 exitCount=588306
[iommuret] hit #1793: HalpIommuInitSystem returned EAX=0x00000000 (success/other) rsp=0xFFFFF8003A675438 exitCount=588307
[iommuret] hit #1794: HalpIommuInitSystem returned EAX=0x00000000 (success/other) rsp=0xFFFFF8003A675438 exitCount=588308
[iommuret] hit #1795: HalpIommuInitSystem returned EAX=0x00000000 (success/other) rsp=0xFFFFF8003A675438 exitCount=588309
[iommuret] hit #1796: HalpIommuInitSystem returned EAX=0x00000000 (success/other) rsp=0xFFFFF8003A675438 exitCount=588310
[iommuret] hit #1797: HalpIommuInitSystem returned EAX=0x00000000 (success/other) rsp=0xFFFFF8003A675438 exitCount=588311
[iommuret] hit #1798: HalpIommuInitSystem returned EAX=0x00000000 (success/other) rsp=0xFFFFF8003A675438 exitCount=588312
[iommuret] hit #1799: HalpIommuInitSystem returned EAX=0x00000000 (success/other) rsp=0xFFFFF8003A675438 exitCount=588313
[iommuret] hit #1800: HalpIommuInitSystem returned EAX=0x00000000 (success/other) rsp=0xFFFFF8003A675438 exitCount=588314
[iommuret] hit #1801: HalpIommuInitSystem returned EAX=0x00000000 (success/other) rsp=0xFFFFF8003A675438 exitCount=588315
[iommuret] hit #1802: HalpIommuInitSystem returned EAX=0x00000000 (success/other) rsp=0xFFFFF8003A675438 exitCount=588316
[iommuret] hit #1803: HalpIommuInitSystem returned EAX=0x00000000 (success/other) rsp=0xFFFFF8003A675438 exitCount=588317
[iommuret] hit #1804: HalpIommuInitSystem returned EAX=0x00000000 (success/other) rsp=0xFFFFF8003A675438 exitCount=588318
[iommuret] hit #1805: HalpIommuInitSystem returned EAX=0x00000000 (success/other) rsp=0xFFFFF8003A675438 exitCount=588319
[iommuret] hit #1806: HalpIommuInitSystem returned EAX=0x00000000 (success/other) rsp=0xFFFFF8003A675438 exitCount=588320
[iommuret] hit #1807: HalpIommuInitSystem returned EAX=0x00000000 (success/other) rsp=0xFFFFF8003A675438 exitCount=588321
[iommuret] hit #1808: HalpIommuInitSystem returned EAX=0x00000000 (success/other) rsp=0xFFFFF8003A675438 exitCount=588322
[iommuret] hit #1809: HalpIommuInitSystem returned EAX=0x00000000 (success/other) rsp=0xFFFFF8003A675438 exitCount=588323
[iommuret] hit #1810: HalpIommuInitSystem returned EAX=0x00000000 (success/other) rsp=0xFFFFF8003A675438 exitCount=588324
[iommuret] hit #1811: HalpIommuInitSystem returned EAX=0x00000000 (success/other) rsp=0xFFFFF8003A675438 exitCount=588325
[iommuret] hit #1812: HalpIommuInitSystem returned EAX=0x00000000 (success/other) rsp=0xFFFFF8003A675438 exitCount=588326
[iommuret] hit #1813: HalpIommuInitSystem returned EAX=0x00000000 (success/other) rsp=0xFFFFF8003A675438 exitCount=588327
[iommuret] hit #1814: HalpIommuInitSystem returned EAX=0x00000000 (success/other) rsp=0xFFFFF8003A675438 exitCount=588328
[iommuret] hit #1815: HalpIommuInitSystem returned EAX=0x00000000 (success/other) rsp=0xFFFFF8003A675438 exitCount=588329
[iommuret] hit #1816: HalpIommuInitSystem returned EAX=0x00000000 (success/other) rsp=0xFFFFF8003A675438 exitCount=588330
[iommuret] hit #1817: HalpIommuInitSystem returned EAX=0x00000000 (success/other) rsp=0xFFFFF8003A675438 exitCount=588331
[iommuret] hit #1818: HalpIommuInitSystem returned EAX=0x00000000 (success/other) rsp=0xFFFFF8003A675438 exitCount=588332
[iommuret] hit #1819: HalpIommuInitSystem returned EAX=0x00000000 (success/other) rsp=0xFFFFF8003A675438 exitCount=588333
[iommuret] hit #1820: HalpIommuInitSystem returned EAX=0x00000000 (success/other) rsp=0xFFFFF8003A675438 exitCount=588334
[iommuret] hit #1821: HalpIommuInitSystem returned EAX=0x00000000 (success/other) rsp=0xFFFFF8003A675438 exitCount=588335
[iommuret] hit #1822: HalpIommuInitSystem returned EAX=0x00000000 (success/other) rsp=0xFFFFF8003A675438 exitCount=588336
[iommuret] hit #1823: HalpIommuInitSystem returned EAX=0x00000000 (success/other) rsp=0xFFFFF8003A675438 exitCount=588337
[iommuret] hit #1824: HalpIommuInitSystem returned EAX=0x00000000 (success/other) rsp=0xFFFFF8003A675438 exitCount=588338
[iommuret] hit #1825: HalpIommuInitSystem returned EAX=0x00000000 (success/other) rsp=0xFFFFF8003A675438 exitCount=588339
[iommuret] hit #1826: HalpIommuInitSystem returned EAX=0x00000000 (success/other) rsp=0xFFFFF8003A675438 exitCount=588340
[iommuret] hit #1827: HalpIommuInitSystem returned EAX=0x00000000 (success/other) rsp=0xFFFFF8003A675438 exitCount=588341
[iommuret] hit #1828: HalpIommuInitSystem returned EAX=0x00000000 (success/other) rsp=0xFFFFF8003A675438 exitCount=588342
[iommuret] hit #1829: HalpIommuInitSystem returned EAX=0x00000000 (success/other) rsp=0xFFFFF8003A675438 exitCount=588343
[iommuret] hit #1830: HalpIommuInitSystem returned EAX=0x00000000 (success/other) rsp=0xFFFFF8003A675438 exitCount=588344
[iommuret] hit #1831: HalpIommuInitSystem returned EAX=0x00000000 (success/other) rsp=0xFFFFF8003A675438 exitCount=588345
[iommuret] hit #1832: HalpIommuInitSystem returned EAX=0x00000000 (success/other) rsp=0xFFFFF8003A675438 exitCount=588346
[iommuret] hit #1833: HalpIommuInitSystem returned EAX=0x00000000 (success/other) rsp=0xFFFFF8003A675438 exitCount=588347
[iommuret] hit #1834: HalpIommuInitSystem returned EAX=0x00000000 (success/other) rsp=0xFFFFF8003A675438 exitCount=588348
[iommuret] hit #1835: HalpIommuInitSystem returned EAX=0x00000000 (success/other) rsp=0xFFFFF8003A675438 exitCount=588349
[iommuret] hit #1836: HalpIommuInitSystem returned EAX=0x00000000 (success/other) rsp=0xFFFFF8003A675438 exitCount=588350
[iommuret] hit #1837: HalpIommuInitSystem returned EAX=0x00000000 (success/other) rsp=0xFFFFF8003A675438 exitCount=588351
[iommuret] hit #1838: HalpIommuInitSystem returned EAX=0x00000000 (success/other) rsp=0xFFFFF8003A675438 exitCount=588352
[iommuret] hit #1839: HalpIommuInitSystem returned EAX=0x00000000 (success/other) rsp=0xFFFFF8003A675438 exitCount=588353
[iommuret] hit #1840: HalpIommuInitSystem returned EAX=0x00000000 (success/other) rsp=0xFFFFF8003A675438 exitCount=588354
[iommuret] hit #1841: HalpIommuInitSystem returned EAX=0x00000000 (success/other) rsp=0xFFFFF8003A675438 exitCount=588355
[iommuret] hit #1842: HalpIommuInitSystem returned EAX=0x00000000 (success/other) rsp=0xFFFFF8003A675438 exitCount=588356
[iommuret] hit #1843: HalpIommuInitSystem returned EAX=0x00000000 (success/other) rsp=0xFFFFF8003A675438 exitCount=588357
[iommuret] hit #1844: HalpIommuInitSystem returned EAX=0x00000000 (success/other) rsp=0xFFFFF8003A675438 exitCount=588358
[iommuret] hit #1845: HalpIommuInitSystem returned EAX=0x00000000 (success/other) rsp=0xFFFFF8003A675438 exitCount=588359
[iommuret] hit #1846: HalpIommuInitSystem returned EAX=0x00000000 (success/other) rsp=0xFFFFF8003A675438 exitCount=588360
[iommuret] hit #1847: HalpIommuInitSystem returned EAX=0x00000000 (success/other) rsp=0xFFFFF8003A675438 exitCount=588361
[iommuret] hit #1848: HalpIommuInitSystem returned EAX=0x00000000 (success/other) rsp=0xFFFFF8003A675438 exitCount=588362
[iommuret] hit #1849: HalpIommuInitSystem returned EAX=0x00000000 (success/other) rsp=0xFFFFF8003A675438 exitCount=588363
[iommuret] hit #1850: HalpIommuInitSystem returned EAX=0x00000000 (success/other) rsp=0xFFFFF8003A675438 exitCount=588364
[iommuret] hit #1851: HalpIommuInitSystem returned EAX=0x00000000 (success/other) rsp=0xFFFFF8003A675438 exitCount=588365
[iommuret] hit #1852: HalpIommuInitSystem returned EAX=0x00000000 (success/other) rsp=0xFFFFF8003A675438 exitCount=588366
[iommuret] hit #1853: HalpIommuInitSystem returned EAX=0x00000000 (success/other) rsp=0xFFFFF8003A675438 exitCount=588367
[iommuret] hit #1854: HalpIommuInitSystem returned EAX=0x00000000 (success/other) rsp=0xFFFFF8003A675438 exitCount=588368
[iommuret] hit #1855: HalpIommuInitSystem returned EAX=0x00000000 (success/other) rsp=0xFFFFF8003A675438 exitCount=588369
[iommuret] hit #1856: HalpIommuInitSystem returned EAX=0x00000000 (success/other) rsp=0xFFFFF8003A675438 exitCount=588370
[iommuret] hit #1857: HalpIommuInitSystem returned EAX=0x00000000 (success/other) rsp=0xFFFFF8003A675438 exitCount=588371
[iommuret] hit #1858: HalpIommuInitSystem returned EAX=0x00000000 (success/other) rsp=0xFFFFF8003A675438 exitCount=588372
[iommuret] hit #1859: HalpIommuInitSystem returned EAX=0x00000000 (success/other) rsp=0xFFFFF8003A675438 exitCount=588373
[iommuret] hit #1860: HalpIommuInitSystem returned EAX=0x00000000 (success/other) rsp=0xFFFFF8003A675438 exitCount=588374
[iommuret] hit #1861: HalpIommuInitSystem returned EAX=0x00000000 (success/other) rsp=0xFFFFF8003A675438 exitCount=588375
[iommuret] hit #1862: HalpIommuInitSystem returned EAX=0x00000000 (success/other) rsp=0xFFFFF8003A675438 exitCount=588376
[iommuret] hit #1863: HalpIommuInitSystem returned EAX=0x00000000 (success/other) rsp=0xFFFFF8003A675438 exitCount=588377
[iommuret] hit #1864: HalpIommuInitSystem returned EAX=0x00000000 (success/other) rsp=0xFFFFF8003A675438 exitCount=588378
[iommuret] hit #1865: HalpIommuInitSystem returned EAX=0x00000000 (success/other) rsp=0xFFFFF8003A675438 exitCount=588379
[iommuret] hit #1866: HalpIommuInitSystem returned EAX=0x00000000 (success/other) rsp=0xFFFFF8003A675438 exitCount=588380
[iommuret] hit #1867: HalpIommuInitSystem returned EAX=0x00000000 (success/other) rsp=0xFFFFF8003A675438 exitCount=588381
[iommuret] hit #1868: HalpIommuInitSystem returned EAX=0x00000000 (success/other) rsp=0xFFFFF8003A675438 exitCount=588382
[iommuret] hit #1869: HalpIommuInitSystem returned EAX=0x00000000 (success/other) rsp=0xFFFFF8003A675438 exitCount=588383
[iommuret] hit #1870: HalpIommuInitSystem returned EAX=0x00000000 (success/other) rsp=0xFFFFF8003A675438 exitCount=588384
[iommuret] hit #1871: HalpIommuInitSystem returned EAX=0x00000000 (success/other) rsp=0xFFFFF8003A675438 exitCount=588385
[iommuret] hit #1872: HalpIommuInitSystem returned EAX=0x00000000 (success/other) rsp=0xFFFFF8003A675438 exitCount=588386
[iommuret] hit #1873: HalpIommuInitSystem returned EAX=0x00000000 (success/other) rsp=0xFFFFF8003A675438 exitCount=588387
[iommuret] hit #1874: HalpIommuInitSystem returned EAX=0x00000000 (success/other) rsp=0xFFFFF8003A675438 exitCount=588388
[iommuret] hit #1875: HalpIommuInitSystem returned EAX=0x00000000 (success/other) rsp=0xFFFFF8003A675438 exitCount=588389
[iommuret] hit #1876: HalpIommuInitSystem returned EAX=0x00000000 (success/other) rsp=0xFFFFF8003A675438 exitCount=588390
[iommuret] hit #1877: HalpIommuInitSystem returned EAX=0x00000000 (success/other) rsp=0xFFFFF8003A675438 exitCount=588391
[iommuret] hit #1878: HalpIommuInitSystem returned EAX=0x00000000 (success/other) rsp=0xFFFFF8003A675438 exitCount=588392
[iommuret] hit #1879: HalpIommuInitSystem returned EAX=0x00000000 (success/other) rsp=0xFFFFF8003A675438 exitCount=588393
[iommuret] hit #1880: HalpIommuInitSystem returned EAX=0x00000000 (success/other) rsp=0xFFFFF8003A675438 exitCount=588394
[iommuret] hit #1881: HalpIommuInitSystem returned EAX=0x00000000 (success/other) rsp=0xFFFFF8003A675438 exitCount=588395
[iommuret] hit #1882: HalpIommuInitSystem returned EAX=0x00000000 (success/other) rsp=0xFFFFF8003A675438 exitCount=588396
[iommuret] hit #1883: HalpIommuInitSystem returned EAX=0x00000000 (success/other) rsp=0xFFFFF8003A675438 exitCount=588397
[iommuret] hit #1884: HalpIommuInitSystem returned EAX=0x00000000 (success/other) rsp=0xFFFFF8003A675438 exitCount=588398
[iommuret] hit #1885: HalpIommuInitSystem returned EAX=0x00000000 (success/other) rsp=0xFFFFF8003A675438 exitCount=588399
[iommuret] hit #1886: HalpIommuInitSystem returned EAX=0x00000000 (success/other) rsp=0xFFFFF8003A675438 exitCount=588400
[iommuret] hit #1887: HalpIommuInitSystem returned EAX=0x00000000 (success/other) rsp=0xFFFFF8003A675438 exitCount=588401
[iommuret] hit #1888: HalpIommuInitSystem returned EAX=0x00000000 (success/other) rsp=0xFFFFF8003A675438 exitCount=588402
[iommuret] hit #1889: HalpIommuInitSystem returned EAX=0x00000000 (success/other) rsp=0xFFFFF8003A675438 exitCount=588403
[iommuret] hit #1890: HalpIommuInitSystem returned EAX=0x00000000 (success/other) rsp=0xFFFFF8003A675438 exitCount=588404
[iommuret] hit #1891: HalpIommuInitSystem returned EAX=0x00000000 (success/other) rsp=0xFFFFF8003A675438 exitCount=588405
[iommuret] hit #1892: HalpIommuInitSystem returned EAX=0x00000000 (success/other) rsp=0xFFFFF8003A675438 exitCount=588406
[iommuret] hit #1893: HalpIommuInitSystem returned EAX=0x00000000 (success/other) rsp=0xFFFFF8003A675438 exitCount=588407
[iommuret] hit #1894: HalpIommuInitSystem returned EAX=0x00000000 (success/other) rsp=0xFFFFF8003A675438 exitCount=588408
[iommuret] hit #1895: HalpIommuInitSystem returned EAX=0x00000000 (success/other) rsp=0xFFFFF8003A675438 exitCount=588409
[iommuret] hit #1896: HalpIommuInitSystem returned EAX=0x00000000 (success/other) rsp=0xFFFFF8003A675438 exitCount=588410
[iommuret] hit #1897: HalpIommuInitSystem returned EAX=0x00000000 (success/other) rsp=0xFFFFF8003A675438 exitCount=588411
[iommuret] hit #1898: HalpIommuInitSystem returned EAX=0x00000000 (success/other) rsp=0xFFFFF8003A675438 exitCount=588412
[iommuret] hit #1899: HalpIommuInitSystem returned EAX=0x00000000 (success/other) rsp=0xFFFFF8003A675438 exitCount=588413
[iommuret] hit #1900: HalpIommuInitSystem returned EAX=0x00000000 (success/other) rsp=0xFFFFF8003A675438 exitCount=588414
[iommuret] hit #1901: HalpIommuInitSystem returned EAX=0x00000000 (success/other) rsp=0xFFFFF8003A675438 exitCount=588415
[iommuret] hit #1902: HalpIommuInitSystem returned EAX=0x00000000 (success/other) rsp=0xFFFFF8003A675438 exitCount=588416
[iommuret] hit #1903: HalpIommuInitSystem returned EAX=0x00000000 (success/other) rsp=0xFFFFF8003A675438 exitCount=588417
[iommuret] hit #1904: HalpIommuInitSystem returned EAX=0x00000000 (success/other) rsp=0xFFFFF8003A675438 exitCount=588418
[iommuret] hit #1905: HalpIommuInitSystem returned EAX=0x00000000 (success/other) rsp=0xFFFFF8003A675438 exitCount=588419
[iommuret] hit #1906: HalpIommuInitSystem returned EAX=0x00000000 (success/other) rsp=0xFFFFF8003A675438 exitCount=588420
[iommuret] hit #1907: HalpIommuInitSystem returned EAX=0x00000000 (success/other) rsp=0xFFFFF8003A675438 exitCount=588421
[iommuret] hit #1908: HalpIommuInitSystem returned EAX=0x00000000 (success/other) rsp=0xFFFFF8003A675438 exitCount=588422
[iommuret] hit #1909: HalpIommuInitSystem returned EAX=0x00000000 (success/other) rsp=0xFFFFF8003A675438 exitCount=588423
[iommuret] hit #1910: HalpIommuInitSystem returned EAX=0x00000000 (success/other) rsp=0xFFFFF8003A675438 exitCount=588424
[iommuret] hit #1911: HalpIommuInitSystem returned EAX=0x00000000 (success/other) rsp=0xFFFFF8003A675438 exitCount=588425
[iommuret] hit #1912: HalpIommuInitSystem returned EAX=0x00000000 (success/other) rsp=0xFFFFF8003A675438 exitCount=588426
[iommuret] hit #1913: HalpIommuInitSystem returned EAX=0x00000000 (success/other) rsp=0xFFFFF8003A675438 exitCount=588427
[iommuret] hit #1914: HalpIommuInitSystem returned EAX=0x00000000 (success/other) rsp=0xFFFFF8003A675438 exitCount=588428
[iommuret] hit #1915: HalpIommuInitSystem returned EAX=0x00000000 (success/other) rsp=0xFFFFF8003A675438 exitCount=588429
[iommuret] hit #1916: HalpIommuInitSystem returned EAX=0x00000000 (success/other) rsp=0xFFFFF8003A675438 exitCount=588430
[iommuret] hit #1917: HalpIommuInitSystem returned EAX=0x00000000 (success/other) rsp=0xFFFFF8003A675438 exitCount=588431
[iommuret] hit #1918: HalpIommuInitSystem returned EAX=0x00000000 (success/other) rsp=0xFFFFF8003A675438 exitCount=588432
[iommuret] hit #1919: HalpIommuInitSystem returned EAX=0x00000000 (success/other) rsp=0xFFFFF8003A675438 exitCount=588433
[iommuret] hit #1920: HalpIommuInitSystem returned EAX=0x00000000 (success/other) rsp=0xFFFFF8003A675438 exitCount=588434
[iommuret] hit #1921: HalpIommuInitSystem returned EAX=0x00000000 (success/other) rsp=0xFFFFF8003A675438 exitCount=588435
[iommuret] hit #1922: HalpIommuInitSystem returned EAX=0x00000000 (success/other) rsp=0xFFFFF8003A675438 exitCount=588436
[iommuret] hit #1923: HalpIommuInitSystem returned EAX=0x00000000 (success/other) rsp=0xFFFFF8003A675438 exitCount=588437
[iommuret] hit #1924: HalpIommuInitSystem returned EAX=0x00000000 (success/other) rsp=0xFFFFF8003A675438 exitCount=588438
[iommuret] hit #1925: HalpIommuInitSystem returned EAX=0x00000000 (success/other) rsp=0xFFFFF8003A675438 exitCount=588439
[iommuret] hit #1926: HalpIommuInitSystem returned EAX=0x00000000 (success/other) rsp=0xFFFFF8003A675438 exitCount=588440
[iommuret] hit #1927: HalpIommuInitSystem returned EAX=0x00000000 (success/other) rsp=0xFFFFF8003A675438 exitCount=588441
[iommuret] hit #1928: HalpIommuInitSystem returned EAX=0x00000000 (success/other) rsp=0xFFFFF8003A675438 exitCount=588442
[iommuret] hit #1929: HalpIommuInitSystem returned EAX=0x00000000 (success/other) rsp=0xFFFFF8003A675438 exitCount=588443
[iommuret] hit #1930: HalpIommuInitSystem returned EAX=0x00000000 (success/other) rsp=0xFFFFF8003A675438 exitCount=588444
[iommuret] hit #1931: HalpIommuInitSystem returned EAX=0x00000000 (success/other) rsp=0xFFFFF8003A675438 exitCount=588445
[iommuret] hit #1932: HalpIommuInitSystem returned EAX=0x00000000 (success/other) rsp=0xFFFFF8003A675438 exitCount=588446
[iommuret] hit #1933: HalpIommuInitSystem returned EAX=0x00000000 (success/other) rsp=0xFFFFF8003A675438 exitCount=588447
[iommuret] hit #1934: HalpIommuInitSystem returned EAX=0x00000000 (success/other) rsp=0xFFFFF8003A675438 exitCount=588448
[iommuret] hit #1935: HalpIommuInitSystem returned EAX=0x00000000 (success/other) rsp=0xFFFFF8003A675438 exitCount=588449
[iommuret] hit #1936: HalpIommuInitSystem returned EAX=0x00000000 (success/other) rsp=0xFFFFF8003A675438 exitCount=588450
[iommuret] hit #1937: HalpIommuInitSystem returned EAX=0x00000000 (success/other) rsp=0xFFFFF8003A675438 exitCount=588451
[iommuret] hit #1938: HalpIommuInitSystem returned EAX=0x00000000 (success/other) rsp=0xFFFFF8003A675438 exitCount=588452
[iommuret] hit #1939: HalpIommuInitSystem returned EAX=0x00000000 (success/other) rsp=0xFFFFF8003A675438 exitCount=588453
[iommuret] hit #1940: HalpIommuInitSystem returned EAX=0x00000000 (success/other) rsp=0xFFFFF8003A675438 exitCount=588454
[iommuret] hit #1941: HalpIommuInitSystem returned EAX=0x00000000 (success/other) rsp=0xFFFFF8003A675438 exitCount=588455
[iommuret] hit #1942: HalpIommuInitSystem returned EAX=0x00000000 (success/other) rsp=0xFFFFF8003A675438 exitCount=588456
[iommuret] hit #1943: HalpIommuInitSystem returned EAX=0x00000000 (success/other) rsp=0xFFFFF8003A675438 exitCount=588457
[iommuret] hit #1944: HalpIommuInitSystem returned EAX=0x00000000 (success/other) rsp=0xFFFFF8003A675438 exitCount=588458
[iommuret] hit #1945: HalpIommuInitSystem returned EAX=0x00000000 (success/other) rsp=0xFFFFF8003A675438 exitCount=588459
[iommuret] hit #1946: HalpIommuInitSystem returned EAX=0x00000000 (success/other) rsp=0xFFFFF8003A675438 exitCount=588460
[iommuret] hit #1947: HalpIommuInitSystem returned EAX=0x00000000 (success/other) rsp=0xFFFFF8003A675438 exitCount=588461
[iommuret] hit #1948: HalpIommuInitSystem returned EAX=0x00000000 (success/other) rsp=0xFFFFF8003A675438 exitCount=588462
[iommuret] hit #1949: HalpIommuInitSystem returned EAX=0x00000000 (success/other) rsp=0xFFFFF8003A675438 exitCount=588463
[iommuret] hit #1950: HalpIommuInitSystem returned EAX=0x00000000 (success/other) rsp=0xFFFFF8003A675438 exitCount=588464
[iommuret] hit #1951: HalpIommuInitSystem returned EAX=0x00000000 (success/other) rsp=0xFFFFF8003A675438 exitCount=588465
[iommuret] hit #1952: HalpIommuInitSystem returned EAX=0x00000000 (success/other) rsp=0xFFFFF8003A675438 exitCount=588466
[iommuret] hit #1953: HalpIommuInitSystem returned EAX=0x00000000 (success/other) rsp=0xFFFFF8003A675438 exitCount=588467
[iommuret] hit #1954: HalpIommuInitSystem returned EAX=0x00000000 (success/other) rsp=0xFFFFF8003A675438 exitCount=588468
[iommuret] hit #1955: HalpIommuInitSystem returned EAX=0x00000000 (success/other) rsp=0xFFFFF8003A675438 exitCount=588469
[iommuret] hit #1956: HalpIommuInitSystem returned EAX=0x00000000 (success/other) rsp=0xFFFFF8003A675438 exitCount=588470
[iommuret] hit #1957: HalpIommuInitSystem returned EAX=0x00000000 (success/other) rsp=0xFFFFF8003A675438 exitCount=588471
[iommuret] hit #1958: HalpIommuInitSystem returned EAX=0x00000000 (success/other) rsp=0xFFFFF8003A675438 exitCount=588472
[iommuret] hit #1959: HalpIommuInitSystem returned EAX=0x00000000 (success/other) rsp=0xFFFFF8003A675438 exitCount=588473
[iommuret] hit #1960: HalpIommuInitSystem returned EAX=0x00000000 (success/other) rsp=0xFFFFF8003A675438 exitCount=588474
[iommuret] hit #1961: HalpIommuInitSystem returned EAX=0x00000000 (success/other) rsp=0xFFFFF8003A675438 exitCount=588475
[iommuret] hit #1962: HalpIommuInitSystem returned EAX=0x00000000 (success/other) rsp=0xFFFFF8003A675438 exitCount=588476
[iommuret] hit #1963: HalpIommuInitSystem returned EAX=0x00000000 (success/other) rsp=0xFFFFF8003A675438 exitCount=588477
[iommuret] hit #1964: HalpIommuInitSystem returned EAX=0x00000000 (success/other) rsp=0xFFFFF8003A675438 exitCount=588478
[iommuret] hit #1965: HalpIommuInitSystem returned EAX=0x00000000 (success/other) rsp=0xFFFFF8003A675438 exitCount=588479
[iommuret] hit #1966: HalpIommuInitSystem returned EAX=0x00000000 (success/other) rsp=0xFFFFF8003A675438 exitCount=588480
[iommuret] hit #1967: HalpIommuInitSystem returned EAX=0x00000000 (success/other) rsp=0xFFFFF8003A675438 exitCount=588481
[iommuret] hit #1968: HalpIommuInitSystem returned EAX=0x00000000 (success/other) rsp=0xFFFFF8003A675438 exitCount=588482
[iommuret] hit #1969: HalpIommuInitSystem returned EAX=0x00000000 (success/other) rsp=0xFFFFF8003A675438 exitCount=588483
[iommuret] hit #1970: HalpIommuInitSystem returned EAX=0x00000000 (success/other) rsp=0xFFFFF8003A675438 exitCount=588484
[iommuret] hit #1971: HalpIommuInitSystem returned EAX=0x00000000 (success/other) rsp=0xFFFFF8003A675438 exitCount=588485
[iommuret] hit #1972: HalpIommuInitSystem returned EAX=0x00000000 (success/other) rsp=0xFFFFF8003A675438 exitCount=588486
[iommuret] hit #1973: HalpIommuInitSystem returned EAX=0x00000000 (success/other) rsp=0xFFFFF8003A675438 exitCount=588487
[iommuret] hit #1974: HalpIommuInitSystem returned EAX=0x00000000 (success/other) rsp=0xFFFFF8003A675438 exitCount=588488
[iommuret] hit #1975: HalpIommuInitSystem returned EAX=0x00000000 (success/other) rsp=0xFFFFF8003A675438 exitCount=588489
[iommuret] hit #1976: HalpIommuInitSystem returned EAX=0x00000000 (success/other) rsp=0xFFFFF8003A675438 exitCount=588490
[iommuret] hit #1977: HalpIommuInitSystem returned EAX=0x00000000 (success/other) rsp=0xFFFFF8003A675438 exitCount=588491
[iommuret] hit #1978: HalpIommuInitSystem returned EAX=0x00000000 (success/other) rsp=0xFFFFF8003A675438 exitCount=588492
[iommuret] hit #1979: HalpIommuInitSystem returned EAX=0x00000000 (success/other) rsp=0xFFFFF8003A675438 exitCount=588493
[iommuret] hit #1980: HalpIommuInitSystem returned EAX=0x00000000 (success/other) rsp=0xFFFFF8003A675438 exitCount=588494
[iommuret] hit #1981: HalpIommuInitSystem returned EAX=0x00000000 (success/other) rsp=0xFFFFF8003A675438 exitCount=588495
[iommuret] hit #1982: HalpIommuInitSystem returned EAX=0x00000000 (success/other) rsp=0xFFFFF8003A675438 exitCount=588496
[iommuret] hit #1983: HalpIommuInitSystem returned EAX=0x00000000 (success/other) rsp=0xFFFFF8003A675438 exitCount=588497
[iommuret] hit #1984: HalpIommuInitSystem returned EAX=0x00000000 (success/other) rsp=0xFFFFF8003A675438 exitCount=588498
[iommuret] hit #1985: HalpIommuInitSystem returned EAX=0x00000000 (success/other) rsp=0xFFFFF8003A675438 exitCount=588499
[iommuret] hit #1986: HalpIommuInitSystem returned EAX=0x00000000 (success/other) rsp=0xFFFFF8003A675438 exitCount=588500
[iommuret] hit #1987: HalpIommuInitSystem returned EAX=0x00000000 (success/other) rsp=0xFFFFF8003A675438 exitCount=588501
[iommuret] hit #1988: HalpIommuInitSystem returned EAX=0x00000000 (success/other) rsp=0xFFFFF8003A675438 exitCount=588502
[iommuret] hit #1989: HalpIommuInitSystem returned EAX=0x00000000 (success/other) rsp=0xFFFFF8003A675438 exitCount=588503
[iommuret] hit #1990: HalpIommuInitSystem returned EAX=0x00000000 (success/other) rsp=0xFFFFF8003A675438 exitCount=588504
[iommuret] hit #1991: HalpIommuInitSystem returned EAX=0x00000000 (success/other) rsp=0xFFFFF8003A675438 exitCount=588505
[iommuret] hit #1992: HalpIommuInitSystem returned EAX=0x00000000 (success/other) rsp=0xFFFFF8003A675438 exitCount=588506
[iommuret] hit #1993: HalpIommuInitSystem returned EAX=0x00000000 (success/other) rsp=0xFFFFF8003A675438 exitCount=588507
[iommuret] hit #1994: HalpIommuInitSystem returned EAX=0x00000000 (success/other) rsp=0xFFFFF8003A675438 exitCount=588508
[iommuret] hit #1995: HalpIommuInitSystem returned EAX=0x00000000 (success/other) rsp=0xFFFFF8003A675438 exitCount=588509
[iommuret] hit #1996: HalpIommuInitSystem returned EAX=0x00000000 (success/other) rsp=0xFFFFF8003A675438 exitCount=588510
[iommuret] hit #1997: HalpIommuInitSystem returned EAX=0x00000000 (success/other) rsp=0xFFFFF8003A675438 exitCount=588511
[iommuret] hit #1998: HalpIommuInitSystem returned EAX=0x00000000 (success/other) rsp=0xFFFFF8003A675438 exitCount=588512
[iommuret] hit #1999: HalpIommuInitSystem returned EAX=0x00000000 (success/other) rsp=0xFFFFF8003A675438 exitCount=588513
[iommuret] hit #2000: HalpIommuInitSystem returned EAX=0x00000000 (success/other) rsp=0xFFFFF8003A675438 exitCount=588514
[iommuret] hit #2001: HalpIommuInitSystem returned EAX=0x00000000 (success/other) rsp=0xFFFFF8003A675438 exitCount=588515
[iommuret] hit #2002: HalpIommuInitSystem returned EAX=0x00000000 (success/other) rsp=0xFFFFF8003A675438 exitCount=588516
[iommuret] hit #2003: HalpIommuInitSystem returned EAX=0x00000000 (success/other) rsp=0xFFFFF8003A675438 exitCount=588517
[iommuret] hit #2004: HalpIommuInitSystem returned EAX=0x00000000 (success/other) rsp=0xFFFFF8003A675438 exitCount=588518
[iommuret] hit #2005: HalpIommuInitSystem returned EAX=0x00000000 (success/other) rsp=0xFFFFF8003A675438 exitCount=588519
[iommuret] hit #2006: HalpIommuInitSystem returned EAX=0x00000000 (success/other) rsp=0xFFFFF8003A675438 exitCount=588520
[iommuret] hit #2007: HalpIommuInitSystem returned EAX=0x00000000 (success/other) rsp=0xFFFFF8003A675438 exitCount=588521
[iommuret] hit #2008: HalpIommuInitSystem returned EAX=0x00000000 (success/other) rsp=0xFFFFF8003A675438 exitCount=588522
[iommuret] hit #2009: HalpIommuInitSystem returned EAX=0x00000000 (success/other) rsp=0xFFFFF8003A675438 exitCount=588523
[iommuret] hit #2010: HalpIommuInitSystem returned EAX=0x00000000 (success/other) rsp=0xFFFFF8003A675438 exitCount=588524
[iommuret] hit #2011: HalpIommuInitSystem returned EAX=0x00000000 (success/other) rsp=0xFFFFF8003A675438 exitCount=588525
[iommuret] hit #2012: HalpIommuInitSystem returned EAX=0x00000000 (success/other) rsp=0xFFFFF8003A675438 exitCount=588526
[iommuret] hit #2013: HalpIommuInitSystem returned EAX=0x00000000 (success/other) rsp=0xFFFFF8003A675438 exitCount=588527
[iommuret] hit #2014: HalpIommuInitSystem returned EAX=0x00000000 (success/other) rsp=0xFFFFF8003A675438 exitCount=588528
[iommuret] hit #2015: HalpIommuInitSystem returned EAX=0x00000000 (success/other) rsp=0xFFFFF8003A675438 exitCount=588529
[iommuret] hit #2016: HalpIommuInitSystem returned EAX=0x00000000 (success/other) rsp=0xFFFFF8003A675438 exitCount=588530
[iommuret] hit #2017: HalpIommuInitSystem returned EAX=0x00000000 (success/other) rsp=0xFFFFF8003A675438 exitCount=588531
[iommuret] hit #2018: HalpIommuInitSystem returned EAX=0x00000000 (success/other) rsp=0xFFFFF8003A675438 exitCount=588532
[iommuret] hit #2019: HalpIommuInitSystem returned EAX=0x00000000 (success/other) rsp=0xFFFFF8003A675438 exitCount=588533
[iommuret] hit #2020: HalpIommuInitSystem returned EAX=0x00000000 (success/other) rsp=0xFFFFF8003A675438 exitCount=588534
[iommuret] hit #2021: HalpIommuInitSystem returned EAX=0x00000000 (success/other) rsp=0xFFFFF8003A675438 exitCount=588535
[iommuret] hit #2022: HalpIommuInitSystem returned EAX=0x00000000 (success/other) rsp=0xFFFFF8003A675438 exitCount=588536
[iommuret] hit #2023: HalpIommuInitSystem returned EAX=0x00000000 (success/other) rsp=0xFFFFF8003A675438 exitCount=588537
[iommuret] hit #2024: HalpIommuInitSystem returned EAX=0x00000000 (success/other) rsp=0xFFFFF8003A675438 exitCount=588538
[iommuret] hit #2025: HalpIommuInitSystem returned EAX=0x00000000 (success/other) rsp=0xFFFFF8003A675438 exitCount=588539
[iommuret] hit #2026: HalpIommuInitSystem returned EAX=0x00000000 (success/other) rsp=0xFFFFF8003A675438 exitCount=588540
[iommuret] hit #2027: HalpIommuInitSystem returned EAX=0x00000000 (success/other) rsp=0xFFFFF8003A675438 exitCount=588541
[iommuret] hit #2028: HalpIommuInitSystem returned EAX=0x00000000 (success/other) rsp=0xFFFFF8003A675438 exitCount=588542
[iommuret] hit #2029: HalpIommuInitSystem returned EAX=0x00000000 (success/other) rsp=0xFFFFF8003A675438 exitCount=588543
[iommuret] hit #2030: HalpIommuInitSystem returned EAX=0x00000000 (success/other) rsp=0xFFFFF8003A675438 exitCount=588544
[iommuret] hit #2031: HalpIommuInitSystem returned EAX=0x00000000 (success/other) rsp=0xFFFFF8003A675438 exitCount=588545
[iommuret] hit #2032: HalpIommuInitSystem returned EAX=0x00000000 (success/other) rsp=0xFFFFF8003A675438 exitCount=588546
[iommuret] hit #2033: HalpIommuInitSystem returned EAX=0x00000000 (success/other) rsp=0xFFFFF8003A675438 exitCount=588547
[iommuret] hit #2034: HalpIommuInitSystem returned EAX=0x00000000 (success/other) rsp=0xFFFFF8003A675438 exitCount=588548
[iommuret] hit #2035: HalpIommuInitSystem returned EAX=0x00000000 (success/other) rsp=0xFFFFF8003A675438 exitCount=588549
[iommuret] hit #2036: HalpIommuInitSystem returned EAX=0x00000000 (success/other) rsp=0xFFFFF8003A675438 exitCount=588550
[iommuret] hit #2037: HalpIommuInitSystem returned EAX=0x00000000 (success/other) rsp=0xFFFFF8003A675438 exitCount=588551
[iommuret] hit #2038: HalpIommuInitSystem returned EAX=0x00000000 (success/other) rsp=0xFFFFF8003A675438 exitCount=588552
[iommuret] hit #2039: HalpIommuInitSystem returned EAX=0x00000000 (success/other) rsp=0xFFFFF8003A675438 exitCount=588553
[iommuret] hit #2040: HalpIommuInitSystem returned EAX=0x00000000 (success/other) rsp=0xFFFFF8003A675438 exitCount=588554
[iommuret] hit #2041: HalpIommuInitSystem returned EAX=0x00000000 (success/other) rsp=0xFFFFF8003A675438 exitCount=588555
[iommuret] hit #2042: HalpIommuInitSystem returned EAX=0x00000000 (success/other) rsp=0xFFFFF8003A675438 exitCount=588556
[iommuret] hit #2043: HalpIommuInitSystem returned EAX=0x00000000 (success/other) rsp=0xFFFFF8003A675438 exitCount=588557
[iommuret] hit #2044: HalpIommuInitSystem returned EAX=0x00000000 (success/other) rsp=0xFFFFF8003A675438 exitCount=588558
[iommuret] hit #2045: HalpIommuInitSystem returned EAX=0x00000000 (success/other) rsp=0xFFFFF8003A675438 exitCount=588559
[iommuret] hit #2046: HalpIommuInitSystem returned EAX=0x00000000 (success/other) rsp=0xFFFFF8003A675438 exitCount=588560
[iommuret] hit #2047: HalpIommuInitSystem returned EAX=0x00000000 (success/other) rsp=0xFFFFF8003A675438 exitCount=588561
[iommuret] hit #2048: HalpIommuInitSystem returned EAX=0x00000000 (success/other) rsp=0xFFFFF8003A675438 exitCount=588562
[iommuret] hit #2049: HalpIommuInitSystem returned EAX=0x00000000 (success/other) rsp=0xFFFFF8003A675438 exitCount=588563
[iommuret] hit #2050: HalpIommuInitSystem returned EAX=0x00000000 (success/other) rsp=0xFFFFF8003A675438 exitCount=588564
[iommuret] hit #2051: HalpIommuInitSystem returned EAX=0x00000000 (success/other) rsp=0xFFFFF8003A675438 exitCount=588565
[iommuret] hit #2052: HalpIommuInitSystem returned EAX=0x00000000 (success/other) rsp=0xFFFFF8003A675438 exitCount=588566
[iommuret] hit #2053: HalpIommuInitSystem returned EAX=0x00000000 (success/other) rsp=0xFFFFF8003A675438 exitCount=588567
[iommuret] hit #2054: HalpIommuInitSystem returned EAX=0x00000000 (success/other) rsp=0xFFFFF8003A675438 exitCount=588568
[iommuret] hit #2055: HalpIommuInitSystem returned EAX=0x00000000 (success/other) rsp=0xFFFFF8003A675438 exitCount=588569
[iommuret] hit #2056: HalpIommuInitSystem returned EAX=0x00000000 (success/other) rsp=0xFFFFF8003A675438 exitCount=588570
[iommuret] hit #2057: HalpIommuInitSystem returned EAX=0x00000000 (success/other) rsp=0xFFFFF8003A675438 exitCount=588571
[iommuret] hit #2058: HalpIommuInitSystem returned EAX=0x00000000 (success/other) rsp=0xFFFFF8003A675438 exitCount=588572
[iommuret] hit #2059: HalpIommuInitSystem returned EAX=0x00000000 (success/other) rsp=0xFFFFF8003A675438 exitCount=588573
[iommuret] hit #2060: HalpIommuInitSystem returned EAX=0x00000000 (success/other) rsp=0xFFFFF8003A675438 exitCount=588574
[iommuret] hit #2061: HalpIommuInitSystem returned EAX=0x00000000 (success/other) rsp=0xFFFFF8003A675438 exitCount=588575
[iommuret] hit #2062: HalpIommuInitSystem returned EAX=0x00000000 (success/other) rsp=0xFFFFF8003A675438 exitCount=588576
[iommuret] hit #2063: HalpIommuInitSystem returned EAX=0x00000000 (success/other) rsp=0xFFFFF8003A675438 exitCount=588577
[iommuret] hit #2064: HalpIommuInitSystem returned EAX=0x00000000 (success/other) rsp=0xFFFFF8003A675438 exitCount=588578
[iommuret] hit #2065: HalpIommuInitSystem returned EAX=0x00000000 (success/other) rsp=0xFFFFF8003A675438 exitCount=588579
[iommuret] hit #2066: HalpIommuInitSystem returned EAX=0x00000000 (success/other) rsp=0xFFFFF8003A675438 exitCount=588580
[iommuret] hit #2067: HalpIommuInitSystem returned EAX=0x00000000 (success/other) rsp=0xFFFFF8003A675438 exitCount=588581
[iommuret] hit #2068: HalpIommuInitSystem returned EAX=0x00000000 (success/other) rsp=0xFFFFF8003A675438 exitCount=588582
[iommuret] hit #2069: HalpIommuInitSystem returned EAX=0x00000000 (success/other) rsp=0xFFFFF8003A675438 exitCount=588583
[iommuret] hit #2070: HalpIommuInitSystem returned EAX=0x00000000 (success/other) rsp=0xFFFFF8003A675438 exitCount=588584
[iommuret] hit #2071: HalpIommuInitSystem returned EAX=0x00000000 (success/other) rsp=0xFFFFF8003A675438 exitCount=588585
[iommuret] hit #2072: HalpIommuInitSystem returned EAX=0x00000000 (success/other) rsp=0xFFFFF8003A675438 exitCount=588586
[iommuret] hit #2073: HalpIommuInitSystem returned EAX=0x00000000 (success/other) rsp=0xFFFFF8003A675438 exitCount=588587
[iommuret] hit #2074: HalpIommuInitSystem returned EAX=0x00000000 (success/other) rsp=0xFFFFF8003A675438 exitCount=588588
[iommuret] hit #2075: HalpIommuInitSystem returned EAX=0x00000000 (success/other) rsp=0xFFFFF8003A675438 exitCount=588589
[iommuret] hit #2076: HalpIommuInitSystem returned EAX=0x00000000 (success/other) rsp=0xFFFFF8003A675438 exitCount=588590
[iommuret] hit #2077: HalpIommuInitSystem returned EAX=0x00000000 (success/other) rsp=0xFFFFF8003A675438 exitCount=588591
[iommuret] hit #2078: HalpIommuInitSystem returned EAX=0x00000000 (success/other) rsp=0xFFFFF8003A675438 exitCount=588592
[iommuret] hit #2079: HalpIommuInitSystem returned EAX=0x00000000 (success/other) rsp=0xFFFFF8003A675438 exitCount=588593
[iommuret] hit #2080: HalpIommuInitSystem returned EAX=0x00000000 (success/other) rsp=0xFFFFF8003A675438 exitCount=588594
[iommuret] hit #2081: HalpIommuInitSystem returned EAX=0x00000000 (success/other) rsp=0xFFFFF8003A675438 exitCount=588595
[iommuret] hit #2082: HalpIommuInitSystem returned EAX=0x00000000 (success/other) rsp=0xFFFFF8003A675438 exitCount=588596
[iommuret] hit #2083: HalpIommuInitSystem returned EAX=0x00000000 (success/other) rsp=0xFFFFF8003A675438 exitCount=588597
[iommuret] hit #2084: HalpIommuInitSystem returned EAX=0x00000000 (success/other) rsp=0xFFFFF8003A675438 exitCount=588598
[iommuret] hit #2085: HalpIommuInitSystem returned EAX=0x00000000 (success/other) rsp=0xFFFFF8003A675438 exitCount=588599
[iommuret] hit #2086: HalpIommuInitSystem returned EAX=0x00000000 (success/other) rsp=0xFFFFF8003A675438 exitCount=588600
[iommuret] hit #2087: HalpIommuInitSystem returned EAX=0x00000000 (success/other) rsp=0xFFFFF8003A675438 exitCount=588601
[iommuret] hit #2088: HalpIommuInitSystem returned EAX=0x00000000 (success/other) rsp=0xFFFFF8003A675438 exitCount=588602
[iommuret] hit #2089: HalpIommuInitSystem returned EAX=0x00000000 (success/other) rsp=0xFFFFF8003A675438 exitCount=588603
[iommuret] hit #2090: HalpIommuInitSystem returned EAX=0x00000000 (success/other) rsp=0xFFFFF8003A675438 exitCount=588604
[iommuret] hit #2091: HalpIommuInitSystem returned EAX=0x00000000 (success/other) rsp=0xFFFFF8003A675438 exitCount=588605
[iommuret] hit #2092: HalpIommuInitSystem returned EAX=0x00000000 (success/other) rsp=0xFFFFF8003A675438 exitCount=588606
[iommuret] hit #2093: HalpIommuInitSystem returned EAX=0x00000000 (success/other) rsp=0xFFFFF8003A675438 exitCount=588607
[iommuret] hit #2094: HalpIommuInitSystem returned EAX=0x00000000 (success/other) rsp=0xFFFFF8003A675438 exitCount=588608
[iommuret] hit #2095: HalpIommuInitSystem returned EAX=0x00000000 (success/other) rsp=0xFFFFF8003A675438 exitCount=588609
[iommuret] hit #2096: HalpIommuInitSystem returned EAX=0x00000000 (success/other) rsp=0xFFFFF8003A675438 exitCount=588610
[iommuret] hit #2097: HalpIommuInitSystem returned EAX=0x00000000 (success/other) rsp=0xFFFFF8003A675438 exitCount=588611
[iommuret] hit #2098: HalpIommuInitSystem returned EAX=0x00000000 (success/other) rsp=0xFFFFF8003A675438 exitCount=588612
[iommuret] hit #2099: HalpIommuInitSystem returned EAX=0x00000000 (success/other) rsp=0xFFFFF8003A675438 exitCount=588613
[iommuret] hit #2100: HalpIommuInitSystem returned EAX=0x00000000 (success/other) rsp=0xFFFFF8003A675438 exitCount=588614
[iommuret] hit #2101: HalpIommuInitSystem returned EAX=0x00000000 (success/other) rsp=0xFFFFF8003A675438 exitCount=588615
[iommuret] hit #2102: HalpIommuInitSystem returned EAX=0x00000000 (success/other) rsp=0xFFFFF8003A675438 exitCount=588616
[iommuret] hit #2103: HalpIommuInitSystem returned EAX=0x00000000 (success/other) rsp=0xFFFFF8003A675438 exitCount=588617
[iommuret] hit #2104: HalpIommuInitSystem returned EAX=0x00000000 (success/other) rsp=0xFFFFF8003A675438 exitCount=588618
[iommuret] hit #2105: HalpIommuInitSystem returned EAX=0x00000000 (success/other) rsp=0xFFFFF8003A675438 exitCount=588619
[iommuret] hit #2106: HalpIommuInitSystem returned EAX=0x00000000 (success/other) rsp=0xFFFFF8003A675438 exitCount=588620
[iommuret] hit #2107: HalpIommuInitSystem returned EAX=0x00000000 (success/other) rsp=0xFFFFF8003A675438 exitCount=588621
[iommuret] hit #2108: HalpIommuInitSystem returned EAX=0x00000000 (success/other) rsp=0xFFFFF8003A675438 exitCount=588622
[iommuret] hit #2109: HalpIommuInitSystem returned EAX=0x00000000 (success/other) rsp=0xFFFFF8003A675438 exitCount=588623
[iommuret] hit #2110: HalpIommuInitSystem returned EAX=0x00000000 (success/other) rsp=0xFFFFF8003A675438 exitCount=588624
[iommuret] hit #2111: HalpIommuInitSystem returned EAX=0x00000000 (success/other) rsp=0xFFFFF8003A675438 exitCount=588625
[iommuret] hit #2112: HalpIommuInitSystem returned EAX=0x00000000 (success/other) rsp=0xFFFFF8003A675438 exitCount=588626
[iommuret] hit #2113: HalpIommuInitSystem returned EAX=0x00000000 (success/other) rsp=0xFFFFF8003A675438 exitCount=588627
[iommuret] hit #2114: HalpIommuInitSystem returned EAX=0x00000000 (success/other) rsp=0xFFFFF8003A675438 exitCount=588628
[iommuret] hit #2115: HalpIommuInitSystem returned EAX=0x00000000 (success/other) rsp=0xFFFFF8003A675438 exitCount=588629
[iommuret] hit #2116: HalpIommuInitSystem returned EAX=0x00000000 (success/other) rsp=0xFFFFF8003A675438 exitCount=588630
[iommuret] hit #2117: HalpIommuInitSystem returned EAX=0x00000000 (success/other) rsp=0xFFFFF8003A675438 exitCount=588631
[iommuret] hit #2118: HalpIommuInitSystem returned EAX=0x00000000 (success/other) rsp=0xFFFFF8003A675438 exitCount=588632
[iommuret] hit #2119: HalpIommuInitSystem returned EAX=0x00000000 (success/other) rsp=0xFFFFF8003A675438 exitCount=588633
[iommuret] hit #2120: HalpIommuInitSystem returned EAX=0x00000000 (success/other) rsp=0xFFFFF8003A675438 exitCount=588634
[iommuret] hit #2121: HalpIommuInitSystem returned EAX=0x00000000 (success/other) rsp=0xFFFFF8003A675438 exitCount=588635
[iommuret] hit #2122: HalpIommuInitSystem returned EAX=0x00000000 (success/other) rsp=0xFFFFF8003A675438 exitCount=588636
[iommuret] hit #2123: HalpIommuInitSystem returned EAX=0x00000000 (success/other) rsp=0xFFFFF8003A675438 exitCount=588637
[iommuret] hit #2124: HalpIommuInitSystem returned EAX=0x00000000 (success/other) rsp=0xFFFFF8003A675438 exitCount=588638
[iommuret] hit #2125: HalpIommuInitSystem returned EAX=0x00000000 (success/other) rsp=0xFFFFF8003A675438 exitCount=588639
[iommuret] hit #2126: HalpIommuInitSystem returned EAX=0x00000000 (success/other) rsp=0xFFFFF8003A675438 exitCount=588640
[iommuret] hit #2127: HalpIommuInitSystem returned EAX=0x00000000 (success/other) rsp=0xFFFFF8003A675438 exitCount=588641
[iommuret] hit #2128: HalpIommuInitSystem returned EAX=0x00000000 (success/other) rsp=0xFFFFF8003A675438 exitCount=588642
[iommuret] hit #2129: HalpIommuInitSystem returned EAX=0x00000000 (success/other) rsp=0xFFFFF8003A675438 exitCount=588643
[iommuret] hit #2130: HalpIommuInitSystem returned EAX=0x00000000 (success/other) rsp=0xFFFFF8003A675438 exitCount=588644
[iommuret] hit #2131: HalpIommuInitSystem returned EAX=0x00000000 (success/other) rsp=0xFFFFF8003A675438 exitCount=588645
[iommuret] hit #2132: HalpIommuInitSystem returned EAX=0x00000000 (success/other) rsp=0xFFFFF8003A675438 exitCount=588646
[iommuret] hit #2133: HalpIommuInitSystem returned EAX=0x00000000 (success/other) rsp=0xFFFFF8003A675438 exitCount=588647
[iommuret] hit #2134: HalpIommuInitSystem returned EAX=0x00000000 (success/other) rsp=0xFFFFF8003A675438 exitCount=588648
[iommuret] hit #2135: HalpIommuInitSystem returned EAX=0x00000000 (success/other) rsp=0xFFFFF8003A675438 exitCount=588649
[iommuret] hit #2136: HalpIommuInitSystem returned EAX=0x00000000 (success/other) rsp=0xFFFFF8003A675438 exitCount=588650
[iommuret] hit #2137: HalpIommuInitSystem returned EAX=0x00000000 (success/other) rsp=0xFFFFF8003A675438 exitCount=588651
[iommuret] hit #2138: HalpIommuInitSystem returned EAX=0x00000000 (success/other) rsp=0xFFFFF8003A675438 exitCount=588652
[iommuret] hit #2139: HalpIommuInitSystem returned EAX=0x00000000 (success/other) rsp=0xFFFFF8003A675438 exitCount=588653
[iommuret] hit #2140: HalpIommuInitSystem returned EAX=0x00000000 (success/other) rsp=0xFFFFF8003A675438 exitCount=588654
[iommuret] hit #2141: HalpIommuInitSystem returned EAX=0x00000000 (success/other) rsp=0xFFFFF8003A675438 exitCount=588655
[iommuret] hit #2142: HalpIommuInitSystem returned EAX=0x00000000 (success/other) rsp=0xFFFFF8003A675438 exitCount=588656
[iommuret] hit #2143: HalpIommuInitSystem returned EAX=0x00000000 (success/other) rsp=0xFFFFF8003A675438 exitCount=588657
[iommuret] hit #2144: HalpIommuInitSystem returned EAX=0x00000000 (success/other) rsp=0xFFFFF8003A675438 exitCount=588658
[iommuret] hit #2145: HalpIommuInitSystem returned EAX=0x00000000 (success/other) rsp=0xFFFFF8003A675438 exitCount=588659
[iommuret] hit #2146: HalpIommuInitSystem returned EAX=0x00000000 (success/other) rsp=0xFFFFF8003A675438 exitCount=588660
[iommuret] hit #2147: HalpIommuInitSystem returned EAX=0x00000000 (success/other) rsp=0xFFFFF8003A675438 exitCount=588661
[iommuret] hit #2148: HalpIommuInitSystem returned EAX=0x00000000 (success/other) rsp=0xFFFFF8003A675438 exitCount=588662
[iommuret] hit #2149: HalpIommuInitSystem returned EAX=0x00000000 (success/other) rsp=0xFFFFF8003A675438 exitCount=588663
[iommuret] hit #2150: HalpIommuInitSystem returned EAX=0x00000000 (success/other) rsp=0xFFFFF8003A675438 exitCount=588664
[iommuret] hit #2151: HalpIommuInitSystem returned EAX=0x00000000 (success/other) rsp=0xFFFFF8003A675438 exitCount=588665
[iommuret] hit #2152: HalpIommuInitSystem returned EAX=0x00000000 (success/other) rsp=0xFFFFF8003A675438 exitCount=588666
[iommuret] hit #2153: HalpIommuInitSystem returned EAX=0x00000000 (success/other) rsp=0xFFFFF8003A675438 exitCount=588667
[iommuret] hit #2154: HalpIommuInitSystem returned EAX=0x00000000 (success/other) rsp=0xFFFFF8003A675438 exitCount=588668
[iommuret] hit #2155: HalpIommuInitSystem returned EAX=0x00000000 (success/other) rsp=0xFFFFF8003A675438 exitCount=588669
[iommuret] hit #2156: HalpIommuInitSystem returned EAX=0x00000000 (success/other) rsp=0xFFFFF8003A675438 exitCount=588670
[iommuret] hit #2157: HalpIommuInitSystem returned EAX=0x00000000 (success/other) rsp=0xFFFFF8003A675438 exitCount=588671
[iommuret] hit #2158: HalpIommuInitSystem returned EAX=0x00000000 (success/other) rsp=0xFFFFF8003A675438 exitCount=588672
[iommuret] hit #2159: HalpIommuInitSystem returned EAX=0x00000000 (success/other) rsp=0xFFFFF8003A675438 exitCount=588673
[iommuret] hit #2160: HalpIommuInitSystem returned EAX=0x00000000 (success/other) rsp=0xFFFFF8003A675438 exitCount=588674
[iommuret] hit #2161: HalpIommuInitSystem returned EAX=0x00000000 (success/other) rsp=0xFFFFF8003A675438 exitCount=588675
[iommuret] hit #2162: HalpIommuInitSystem returned EAX=0x00000000 (success/other) rsp=0xFFFFF8003A675438 exitCount=588676
[iommuret] hit #2163: HalpIommuInitSystem returned EAX=0x00000000 (success/other) rsp=0xFFFFF8003A675438 exitCount=588677
[iommuret] hit #2164: HalpIommuInitSystem returned EAX=0x00000000 (success/other) rsp=0xFFFFF8003A675438 exitCount=588678
[iommuret] hit #2165: HalpIommuInitSystem returned EAX=0x00000000 (success/other) rsp=0xFFFFF8003A675438 exitCount=588679
[iommuret] hit #2166: HalpIommuInitSystem returned EAX=0x00000000 (success/other) rsp=0xFFFFF8003A675438 exitCount=588680
[iommuret] hit #2167: HalpIommuInitSystem returned EAX=0x00000000 (success/other) rsp=0xFFFFF8003A675438 exitCount=588681
[iommuret] hit #2168: HalpIommuInitSystem returned EAX=0x00000000 (success/other) rsp=0xFFFFF8003A675438 exitCount=588682
[iommuret] hit #2169: HalpIommuInitSystem returned EAX=0x00000000 (success/other) rsp=0xFFFFF8003A675438 exitCount=588683
[iommuret] hit #2170: HalpIommuInitSystem returned EAX=0x00000000 (success/other) rsp=0xFFFFF8003A675438 exitCount=588684
[iommuret] hit #2171: HalpIommuInitSystem returned EAX=0x00000000 (success/other) rsp=0xFFFFF8003A675438 exitCount=588685
[iommuret] hit #2172: HalpIommuInitSystem returned EAX=0x00000000 (success/other) rsp=0xFFFFF8003A675438 exitCount=588686
[iommuret] hit #2173: HalpIommuInitSystem returned EAX=0x00000000 (success/other) rsp=0xFFFFF8003A675438 exitCount=588687
[iommuret] hit #2174: HalpIommuInitSystem returned EAX=0x00000000 (success/other) rsp=0xFFFFF8003A675438 exitCount=588688
[iommuret] hit #2175: HalpIommuInitSystem returned EAX=0x00000000 (success/other) rsp=0xFFFFF8003A675438 exitCount=588689
[iommuret] hit #2176: HalpIommuInitSystem returned EAX=0x00000000 (success/other) rsp=0xFFFFF8003A675438 exitCount=588690
[iommuret] hit #2177: HalpIommuInitSystem returned EAX=0x00000000 (success/other) rsp=0xFFFFF8003A675438 exitCount=588691
[iommuret] hit #2178: HalpIommuInitSystem returned EAX=0x00000000 (success/other) rsp=0xFFFFF8003A675438 exitCount=588692
[iommuret] hit #2179: HalpIommuInitSystem returned EAX=0x00000000 (success/other) rsp=0xFFFFF8003A675438 exitCount=588693
[iommuret] hit #2180: HalpIommuInitSystem returned EAX=0x00000000 (success/other) rsp=0xFFFFF8003A675438 exitCount=588694
[iommuret] hit #2181: HalpIommuInitSystem returned EAX=0x00000000 (success/other) rsp=0xFFFFF8003A675438 exitCount=588695
[iommuret] hit #2182: HalpIommuInitSystem returned EAX=0x00000000 (success/other) rsp=0xFFFFF8003A675438 exitCount=588696
[iommuret] hit #2183: HalpIommuInitSystem returned EAX=0x00000000 (success/other) rsp=0xFFFFF8003A675438 exitCount=588697
[iommuret] hit #2184: HalpIommuInitSystem returned EAX=0x00000000 (success/other) rsp=0xFFFFF8003A675438 exitCount=588698
[iommuret] hit #2185: HalpIommuInitSystem returned EAX=0x00000000 (success/other) rsp=0xFFFFF8003A675438 exitCount=588699
[iommuret] hit #2186: HalpIommuInitSystem returned EAX=0x00000000 (success/other) rsp=0xFFFFF8003A675438 exitCount=588700
[iommuret] hit #2187: HalpIommuInitSystem returned EAX=0x00000000 (success/other) rsp=0xFFFFF8003A675438 exitCount=588701
[iommuret] hit #2188: HalpIommuInitSystem returned EAX=0x00000000 (success/other) rsp=0xFFFFF8003A675438 exitCount=588702
[iommuret] hit #2189: HalpIommuInitSystem returned EAX=0x00000000 (success/other) rsp=0xFFFFF8003A675438 exitCount=588703
[iommuret] hit #2190: HalpIommuInitSystem returned EAX=0x00000000 (success/other) rsp=0xFFFFF8003A675438 exitCount=588704
[iommuret] hit #2191: HalpIommuInitSystem returned EAX=0x00000000 (success/other) rsp=0xFFFFF8003A675438 exitCount=588705
[iommuret] hit #2192: HalpIommuInitSystem returned EAX=0x00000000 (success/other) rsp=0xFFFFF8003A675438 exitCount=588706
[iommuret] hit #2193: HalpIommuInitSystem returned EAX=0x00000000 (success/other) rsp=0xFFFFF8003A675438 exitCount=588707
[iommuret] hit #2194: HalpIommuInitSystem returned EAX=0x00000000 (success/other) rsp=0xFFFFF8003A675438 exitCount=588708
[iommuret] hit #2195: HalpIommuInitSystem returned EAX=0x00000000 (success/other) rsp=0xFFFFF8003A675438 exitCount=588709
[iommuret] hit #2196: HalpIommuInitSystem returned EAX=0x00000000 (success/other) rsp=0xFFFFF8003A675438 exitCount=588710
[iommuret] hit #2197: HalpIommuInitSystem returned EAX=0x00000000 (success/other) rsp=0xFFFFF8003A675438 exitCount=588711
[iommuret] hit #2198: HalpIommuInitSystem returned EAX=0x00000000 (success/other) rsp=0xFFFFF8003A675438 exitCount=588712
[iommuret] hit #2199: HalpIommuInitSystem returned EAX=0x00000000 (success/other) rsp=0xFFFFF8003A675438 exitCount=588713
[iommuret] hit #2200: HalpIommuInitSystem returned EAX=0x00000000 (success/other) rsp=0xFFFFF8003A675438 exitCount=588714
[iommuret] hit #2201: HalpIommuInitSystem returned EAX=0x00000000 (success/other) rsp=0xFFFFF8003A675438 exitCount=588715
[iommuret] hit #2202: HalpIommuInitSystem returned EAX=0x00000000 (success/other) rsp=0xFFFFF8003A675438 exitCount=588716
[iommuret] hit #2203: HalpIommuInitSystem returned EAX=0x00000000 (success/other) rsp=0xFFFFF8003A675438 exitCount=588717
[iommuret] hit #2204: HalpIommuInitSystem returned EAX=0x00000000 (success/other) rsp=0xFFFFF8003A675438 exitCount=588718
[iommuret] hit #2205: HalpIommuInitSystem returned EAX=0x00000000 (success/other) rsp=0xFFFFF8003A675438 exitCount=588719
[iommuret] hit #2206: HalpIommuInitSystem returned EAX=0x00000000 (success/other) rsp=0xFFFFF8003A675438 exitCount=588720
[iommuret] hit #2207: HalpIommuInitSystem returned EAX=0x00000000 (success/other) rsp=0xFFFFF8003A675438 exitCount=588721
[iommuret] hit #2208: HalpIommuInitSystem returned EAX=0x00000000 (success/other) rsp=0xFFFFF8003A675438 exitCount=588722
[iommuret] hit #2209: HalpIommuInitSystem returned EAX=0x00000000 (success/other) rsp=0xFFFFF8003A675438 exitCount=588723
[iommuret] hit #2210: HalpIommuInitSystem returned EAX=0x00000000 (success/other) rsp=0xFFFFF8003A675438 exitCount=588724
[iommuret] hit #2211: HalpIommuInitSystem returned EAX=0x00000000 (success/other) rsp=0xFFFFF8003A675438 exitCount=588725
[iommuret] hit #2212: HalpIommuInitSystem returned EAX=0x00000000 (success/other) rsp=0xFFFFF8003A675438 exitCount=588726
[iommuret] hit #2213: HalpIommuInitSystem returned EAX=0x00000000 (success/other) rsp=0xFFFFF8003A675438 exitCount=588727
[iommuret] hit #2214: HalpIommuInitSystem returned EAX=0x00000000 (success/other) rsp=0xFFFFF8003A675438 exitCount=588728
[iommuret] hit #2215: HalpIommuInitSystem returned EAX=0x00000000 (success/other) rsp=0xFFFFF8003A675438 exitCount=588729
[iommuret] hit #2216: HalpIommuInitSystem returned EAX=0x00000000 (success/other) rsp=0xFFFFF8003A675438 exitCount=588730
[iommuret] hit #2217: HalpIommuInitSystem returned EAX=0x00000000 (success/other) rsp=0xFFFFF8003A675438 exitCount=588731
[iommuret] hit #2218: HalpIommuInitSystem returned EAX=0x00000000 (success/other) rsp=0xFFFFF8003A675438 exitCount=588732
[iommuret] hit #2219: HalpIommuInitSystem returned EAX=0x00000000 (success/other) rsp=0xFFFFF8003A675438 exitCount=588733
[iommuret] hit #2220: HalpIommuInitSystem returned EAX=0x00000000 (success/other) rsp=0xFFFFF8003A675438 exitCount=588734
[iommuret] hit #2221: HalpIommuInitSystem returned EAX=0x00000000 (success/other) rsp=0xFFFFF8003A675438 exitCount=588735
[iommuret] hit #2222: HalpIommuInitSystem returned EAX=0x00000000 (success/other) rsp=0xFFFFF8003A675438 exitCount=588736
[iommuret] hit #2223: HalpIommuInitSystem returned EAX=0x00000000 (success/other) rsp=0xFFFFF8003A675438 exitCount=588737
[iommuret] hit #2224: HalpIommuInitSystem returned EAX=0x00000000 (success/other) rsp=0xFFFFF8003A675438 exitCount=588738
[iommuret] hit #2225: HalpIommuInitSystem returned EAX=0x00000000 (success/other) rsp=0xFFFFF8003A675438 exitCount=588739
[iommuret] hit #2226: HalpIommuInitSystem returned EAX=0x00000000 (success/other) rsp=0xFFFFF8003A675438 exitCount=588740
[iommuret] hit #2227: HalpIommuInitSystem returned EAX=0x00000000 (success/other) rsp=0xFFFFF8003A675438 exitCount=588741
[iommuret] hit #2228: HalpIommuInitSystem returned EAX=0x00000000 (success/other) rsp=0xFFFFF8003A675438 exitCount=588742
[iommuret] hit #2229: HalpIommuInitSystem returned EAX=0x00000000 (success/other) rsp=0xFFFFF8003A675438 exitCount=588743
[iommuret] hit #2230: HalpIommuInitSystem returned EAX=0x00000000 (success/other) rsp=0xFFFFF8003A675438 exitCount=588744
[iommuret] hit #2231: HalpIommuInitSystem returned EAX=0x00000000 (success/other) rsp=0xFFFFF8003A675438 exitCount=588745
[iommuret] hit #2232: HalpIommuInitSystem returned EAX=0x00000000 (success/other) rsp=0xFFFFF8003A675438 exitCount=588746
[iommuret] hit #2233: HalpIommuInitSystem returned EAX=0x00000000 (success/other) rsp=0xFFFFF8003A675438 exitCount=588747
[iommuret] hit #2234: HalpIommuInitSystem returned EAX=0x00000000 (success/other) rsp=0xFFFFF8003A675438 exitCount=588748
[iommuret] hit #2235: HalpIommuInitSystem returned EAX=0x00000000 (success/other) rsp=0xFFFFF8003A675438 exitCount=588749
[iommuret] hit #2236: HalpIommuInitSystem returned EAX=0x00000000 (success/other) rsp=0xFFFFF8003A675438 exitCount=588750
[iommuret] hit #2237: HalpIommuInitSystem returned EAX=0x00000000 (success/other) rsp=0xFFFFF8003A675438 exitCount=588751
[iommuret] hit #2238: HalpIommuInitSystem returned EAX=0x00000000 (success/other) rsp=0xFFFFF8003A675438 exitCount=588752
[iommuret] hit #2239: HalpIommuInitSystem returned EAX=0x00000000 (success/other) rsp=0xFFFFF8003A675438 exitCount=588753
[iommuret] hit #2240: HalpIommuInitSystem returned EAX=0x00000000 (success/other) rsp=0xFFFFF8003A675438 exitCount=588754
[iommuret] hit #2241: HalpIommuInitSystem returned EAX=0x00000000 (success/other) rsp=0xFFFFF8003A675438 exitCount=588755
[iommuret] hit #2242: HalpIommuInitSystem returned EAX=0x00000000 (success/other) rsp=0xFFFFF8003A675438 exitCount=588756
[iommuret] hit #2243: HalpIommuInitSystem returned EAX=0x00000000 (success/other) rsp=0xFFFFF8003A675438 exitCount=588757
[iommuret] hit #2244: HalpIommuInitSystem returned EAX=0x00000000 (success/other) rsp=0xFFFFF8003A675438 exitCount=588758
[iommuret] hit #2245: HalpIommuInitSystem returned EAX=0x00000000 (success/other) rsp=0xFFFFF8003A675438 exitCount=588759
[iommuret] hit #2246: HalpIommuInitSystem returned EAX=0x00000000 (success/other) rsp=0xFFFFF8003A675438 exitCount=588760
[iommuret] hit #2247: HalpIommuInitSystem returned EAX=0x00000000 (success/other) rsp=0xFFFFF8003A675438 exitCount=588761
[iommuret] hit #2248: HalpIommuInitSystem returned EAX=0x00000000 (success/other) rsp=0xFFFFF8003A675438 exitCount=588762
[iommuret] hit #2249: HalpIommuInitSystem returned EAX=0x00000000 (success/other) rsp=0xFFFFF8003A675438 exitCount=588763
[iommuret] hit #2250: HalpIommuInitSystem returned EAX=0x00000000 (success/other) rsp=0xFFFFF8003A675438 exitCount=588764
[iommuret] hit #2251: HalpIommuInitSystem returned EAX=0x00000000 (success/other) rsp=0xFFFFF8003A675438 exitCount=588765
[iommuret] hit #2252: HalpIommuInitSystem returned EAX=0x00000000 (success/other) rsp=0xFFFFF8003A675438 exitCount=588766
[iommuret] hit #2253: HalpIommuInitSystem returned EAX=0x00000000 (success/other) rsp=0xFFFFF8003A675438 exitCount=588767
[iommuret] hit #2254: HalpIommuInitSystem returned EAX=0x00000000 (success/other) rsp=0xFFFFF8003A675438 exitCount=588768
[iommuret] hit #2255: HalpIommuInitSystem returned EAX=0x00000000 (success/other) rsp=0xFFFFF8003A675438 exitCount=588769
[iommuret] hit #2256: HalpIommuInitSystem returned EAX=0x00000000 (success/other) rsp=0xFFFFF8003A675438 exitCount=588770
[iommuret] hit #2257: HalpIommuInitSystem returned EAX=0x00000000 (success/other) rsp=0xFFFFF8003A675438 exitCount=588771
[iommuret] hit #2258: HalpIommuInitSystem returned EAX=0x00000000 (success/other) rsp=0xFFFFF8003A675438 exitCount=588772
[iommuret] hit #2259: HalpIommuInitSystem returned EAX=0x00000000 (success/other) rsp=0xFFFFF8003A675438 exitCount=588773
[iommuret] hit #2260: HalpIommuInitSystem returned EAX=0x00000000 (success/other) rsp=0xFFFFF8003A675438 exitCount=588774
[iommuret] hit #2261: HalpIommuInitSystem returned EAX=0x00000000 (success/other) rsp=0xFFFFF8003A675438 exitCount=588775
[iommuret] hit #2262: HalpIommuInitSystem returned EAX=0x00000000 (success/other) rsp=0xFFFFF8003A675438 exitCount=588776
[iommuret] hit #2263: HalpIommuInitSystem returned EAX=0x00000000 (success/other) rsp=0xFFFFF8003A675438 exitCount=588777
[iommuret] hit #2264: HalpIommuInitSystem returned EAX=0x00000000 (success/other) rsp=0xFFFFF8003A675438 exitCount=588778
[iommuret] hit #2265: HalpIommuInitSystem returned EAX=0x00000000 (success/other) rsp=0xFFFFF8003A675438 exitCount=588779
[iommuret] hit #2266: HalpIommuInitSystem returned EAX=0x00000000 (success/other) rsp=0xFFFFF8003A675438 exitCount=588780
[iommuret] hit #2267: HalpIommuInitSystem returned EAX=0x00000000 (success/other) rsp=0xFFFFF8003A675438 exitCount=588781
[iommuret] hit #2268: HalpIommuInitSystem returned EAX=0x00000000 (success/other) rsp=0xFFFFF8003A675438 exitCount=588782
[iommuret] hit #2269: HalpIommuInitSystem returned EAX=0x00000000 (success/other) rsp=0xFFFFF8003A675438 exitCount=588783
[iommuret] hit #2270: HalpIommuInitSystem returned EAX=0x00000000 (success/other) rsp=0xFFFFF8003A675438 exitCount=588784
[iommuret] hit #2271: HalpIommuInitSystem returned EAX=0x00000000 (success/other) rsp=0xFFFFF8003A675438 exitCount=588785
[iommuret] hit #2272: HalpIommuInitSystem returned EAX=0x00000000 (success/other) rsp=0xFFFFF8003A675438 exitCount=588786
[iommuret] hit #2273: HalpIommuInitSystem returned EAX=0x00000000 (success/other) rsp=0xFFFFF8003A675438 exitCount=588787
[iommuret] hit #2274: HalpIommuInitSystem returned EAX=0x00000000 (success/other) rsp=0xFFFFF8003A675438 exitCount=588788
[iommuret] hit #2275: HalpIommuInitSystem returned EAX=0x00000000 (success/other) rsp=0xFFFFF8003A675438 exitCount=588789
[iommuret] hit #2276: HalpIommuInitSystem returned EAX=0x00000000 (success/other) rsp=0xFFFFF8003A675438 exitCount=588790
[iommuret] hit #2277: HalpIommuInitSystem returned EAX=0x00000000 (success/other) rsp=0xFFFFF8003A675438 exitCount=588791
[iommuret] hit #2278: HalpIommuInitSystem returned EAX=0x00000000 (success/other) rsp=0xFFFFF8003A675438 exitCount=588792
[iommuret] hit #2279: HalpIommuInitSystem returned EAX=0x00000000 (success/other) rsp=0xFFFFF8003A675438 exitCount=588793
[iommuret] hit #2280: HalpIommuInitSystem returned EAX=0x00000000 (success/other) rsp=0xFFFFF8003A675438 exitCount=588794
[iommuret] hit #2281: HalpIommuInitSystem returned EAX=0x00000000 (success/other) rsp=0xFFFFF8003A675438 exitCount=588795
[iommuret] hit #2282: HalpIommuInitSystem returned EAX=0x00000000 (success/other) rsp=0xFFFFF8003A675438 exitCount=588796
[iommuret] hit #2283: HalpIommuInitSystem returned EAX=0x00000000 (success/other) rsp=0xFFFFF8003A675438 exitCount=588797
[iommuret] hit #2284: HalpIommuInitSystem returned EAX=0x00000000 (success/other) rsp=0xFFFFF8003A675438 exitCount=588798
[iommuret] hit #2285: HalpIommuInitSystem returned EAX=0x00000000 (success/other) rsp=0xFFFFF8003A675438 exitCount=588799
[iommuret] hit #2286: HalpIommuInitSystem returned EAX=0x00000000 (success/other) rsp=0xFFFFF8003A675438 exitCount=588800
[iommuret] hit #2287: HalpIommuInitSystem returned EAX=0x00000000 (success/other) rsp=0xFFFFF8003A675438 exitCount=588801
[iommuret] hit #2288: HalpIommuInitSystem returned EAX=0x00000000 (success/other) rsp=0xFFFFF8003A675438 exitCount=588802
[iommuret] hit #2289: HalpIommuInitSystem returned EAX=0x00000000 (success/other) rsp=0xFFFFF8003A675438 exitCount=588803
[iommuret] hit #2290: HalpIommuInitSystem returned EAX=0x00000000 (success/other) rsp=0xFFFFF8003A675438 exitCount=588804
[iommuret] hit #2291: HalpIommuInitSystem returned EAX=0x00000000 (success/other) rsp=0xFFFFF8003A675438 exitCount=588805
[iommuret] hit #2292: HalpIommuInitSystem returned EAX=0x00000000 (success/other) rsp=0xFFFFF8003A675438 exitCount=588806
[iommuret] hit #2293: HalpIommuInitSystem returned EAX=0x00000000 (success/other) rsp=0xFFFFF8003A675438 exitCount=588807
[iommuret] hit #2294: HalpIommuInitSystem returned EAX=0x00000000 (success/other) rsp=0xFFFFF8003A675438 exitCount=588808
[iommuret] hit #2295: HalpIommuInitSystem returned EAX=0x00000000 (success/other) rsp=0xFFFFF8003A675438 exitCount=588809
[iommuret] hit #2296: HalpIommuInitSystem returned EAX=0x00000000 (success/other) rsp=0xFFFFF8003A675438 exitCount=588810
[iommuret] hit #2297: HalpIommuInitSystem returned EAX=0x00000000 (success/other) rsp=0xFFFFF8003A675438 exitCount=588811
[iommuret] hit #2298: HalpIommuInitSystem returned EAX=0x00000000 (success/other) rsp=0xFFFFF8003A675438 exitCount=588812
[iommuret] hit #2299: HalpIommuInitSystem returned EAX=0x00000000 (success/other) rsp=0xFFFFF8003A675438 exitCount=588813
[iommuret] hit #2300: HalpIommuInitSystem returned EAX=0x00000000 (success/other) rsp=0xFFFFF8003A675438 exitCount=588814
[iommuret] hit #2301: HalpIommuInitSystem returned EAX=0x00000000 (success/other) rsp=0xFFFFF8003A675438 exitCount=588815
[iommuret] hit #2302: HalpIommuInitSystem returned EAX=0x00000000 (success/other) rsp=0xFFFFF8003A675438 exitCount=588816
[iommuret] hit #2303: HalpIommuInitSystem returned EAX=0x00000000 (success/other) rsp=0xFFFFF8003A675438 exitCount=588817
[iommuret] hit #2304: HalpIommuInitSystem returned EAX=0x00000000 (success/other) rsp=0xFFFFF8003A675438 exitCount=588818
[iommuret] hit #2305: HalpIommuInitSystem returned EAX=0x00000000 (success/other) rsp=0xFFFFF8003A675438 exitCount=588819
[iommuret] hit #2306: HalpIommuInitSystem returned EAX=0x00000000 (success/other) rsp=0xFFFFF8003A675438 exitCount=588820
[iommuret] hit #2307: HalpIommuInitSystem returned EAX=0x00000000 (success/other) rsp=0xFFFFF8003A675438 exitCount=588821
[iommuret] hit #2308: HalpIommuInitSystem returned EAX=0x00000000 (success/other) rsp=0xFFFFF8003A675438 exitCount=588822
[iommuret] hit #2309: HalpIommuInitSystem returned EAX=0x00000000 (success/other) rsp=0xFFFFF8003A675438 exitCount=588823
[iommuret] hit #2310: HalpIommuInitSystem returned EAX=0x00000000 (success/other) rsp=0xFFFFF8003A675438 exitCount=588824
[iommuret] hit #2311: HalpIommuInitSystem returned EAX=0x00000000 (success/other) rsp=0xFFFFF8003A675438 exitCount=588825
[iommuret] hit #2312: HalpIommuInitSystem returned EAX=0x00000000 (success/other) rsp=0xFFFFF8003A675438 exitCount=588826
[iommuret] hit #2313: HalpIommuInitSystem returned EAX=0x00000000 (success/other) rsp=0xFFFFF8003A675438 exitCount=588827
[iommuret] hit #2314: HalpIommuInitSystem returned EAX=0x00000000 (success/other) rsp=0xFFFFF8003A675438 exitCount=588828
[iommuret] hit #2315: HalpIommuInitSystem returned EAX=0x00000000 (success/other) rsp=0xFFFFF8003A675438 exitCount=588829
[iommuret] hit #2316: HalpIommuInitSystem returned EAX=0x00000000 (success/other) rsp=0xFFFFF8003A675438 exitCount=588830
[iommuret] hit #2317: HalpIommuInitSystem returned EAX=0x00000000 (success/other) rsp=0xFFFFF8003A675438 exitCount=588831
[iommuret] hit #2318: HalpIommuInitSystem returned EAX=0x00000000 (success/other) rsp=0xFFFFF8003A675438 exitCount=588832
[iommuret] hit #2319: HalpIommuInitSystem returned EAX=0x00000000 (success/other) rsp=0xFFFFF8003A675438 exitCount=588833
[iommuret] hit #2320: HalpIommuInitSystem returned EAX=0x00000000 (success/other) rsp=0xFFFFF8003A675438 exitCount=588834
[iommuret] hit #2321: HalpIommuInitSystem returned EAX=0x00000000 (success/other) rsp=0xFFFFF8003A675438 exitCount=588835
[iommuret] hit #2322: HalpIommuInitSystem returned EAX=0x00000000 (success/other) rsp=0xFFFFF8003A675438 exitCount=588836
[iommuret] hit #2323: HalpIommuInitSystem returned EAX=0x00000000 (success/other) rsp=0xFFFFF8003A675438 exitCount=588837
[iommuret] hit #2324: HalpIommuInitSystem returned EAX=0x00000000 (success/other) rsp=0xFFFFF8003A675438 exitCount=588838
[iommuret] hit #2325: HalpIommuInitSystem returned EAX=0x00000000 (success/other) rsp=0xFFFFF8003A675438 exitCount=588839
[iommuret] hit #2326: HalpIommuInitSystem returned EAX=0x00000000 (success/other) rsp=0xFFFFF8003A675438 exitCount=588840
[iommuret] hit #2327: HalpIommuInitSystem returned EAX=0x00000000 (success/other) rsp=0xFFFFF8003A675438 exitCount=588841
[iommuret] hit #2328: HalpIommuInitSystem returned EAX=0x00000000 (success/other) rsp=0xFFFFF8003A675438 exitCount=588842
[iommuret] hit #2329: HalpIommuInitSystem returned EAX=0x00000000 (success/other) rsp=0xFFFFF8003A675438 exitCount=588843
[iommuret] hit #2330: HalpIommuInitSystem returned EAX=0x00000000 (success/other) rsp=0xFFFFF8003A675438 exitCount=588844
[iommuret] hit #2331: HalpIommuInitSystem returned EAX=0x00000000 (success/other) rsp=0xFFFFF8003A675438 exitCount=588845
[iommuret] hit #2332: HalpIommuInitSystem returned EAX=0x00000000 (success/other) rsp=0xFFFFF8003A675438 exitCount=588846
[iommuret] hit #2333: HalpIommuInitSystem returned EAX=0x00000000 (success/other) rsp=0xFFFFF8003A675438 exitCount=588847
[iommuret] hit #2334: HalpIommuInitSystem returned EAX=0x00000000 (success/other) rsp=0xFFFFF8003A675438 exitCount=588848
[iommuret] hit #2335: HalpIommuInitSystem returned EAX=0x00000000 (success/other) rsp=0xFFFFF8003A675438 exitCount=588849
[iommuret] hit #2336: HalpIommuInitSystem returned EAX=0x00000000 (success/other) rsp=0xFFFFF8003A675438 exitCount=588850
[iommuret] hit #2337: HalpIommuInitSystem returned EAX=0x00000000 (success/other) rsp=0xFFFFF8003A675438 exitCount=588851
[iommuret] hit #2338: HalpIommuInitSystem returned EAX=0x00000000 (success/other) rsp=0xFFFFF8003A675438 exitCount=588852
[iommuret] hit #2339: HalpIommuInitSystem returned EAX=0x00000000 (success/other) rsp=0xFFFFF8003A675438 exitCount=588853
[iommuret] hit #2340: HalpIommuInitSystem returned EAX=0x00000000 (success/other) rsp=0xFFFFF8003A675438 exitCount=588854
[iommuret] hit #2341: HalpIommuInitSystem returned EAX=0x00000000 (success/other) rsp=0xFFFFF8003A675438 exitCount=588855
[iommuret] hit #2342: HalpIommuInitSystem returned EAX=0x00000000 (success/other) rsp=0xFFFFF8003A675438 exitCount=588856
[iommuret] hit #2343: HalpIommuInitSystem returned EAX=0x00000000 (success/other) rsp=0xFFFFF8003A675438 exitCount=588857
[iommuret] hit #2344: HalpIommuInitSystem returned EAX=0x00000000 (success/other) rsp=0xFFFFF8003A675438 exitCount=588858
[iommuret] hit #2345: HalpIommuInitSystem returned EAX=0x00000000 (success/other) rsp=0xFFFFF8003A675438 exitCount=588859
[iommuret] hit #2346: HalpIommuInitSystem returned EAX=0x00000000 (success/other) rsp=0xFFFFF8003A675438 exitCount=588860
[iommuret] hit #2347: HalpIommuInitSystem returned EAX=0x00000000 (success/other) rsp=0xFFFFF8003A675438 exitCount=588861
[iommuret] hit #2348: HalpIommuInitSystem returned EAX=0x00000000 (success/other) rsp=0xFFFFF8003A675438 exitCount=588862
[iommuret] hit #2349: HalpIommuInitSystem returned EAX=0x00000000 (success/other) rsp=0xFFFFF8003A675438 exitCount=588863
[iommuret] hit #2350: HalpIommuInitSystem returned EAX=0x00000000 (success/other) rsp=0xFFFFF8003A675438 exitCount=588864
[iommuret] hit #2351: HalpIommuInitSystem returned EAX=0x00000000 (success/other) rsp=0xFFFFF8003A675438 exitCount=588865
[iommuret] hit #2352: HalpIommuInitSystem returned EAX=0x00000000 (success/other) rsp=0xFFFFF8003A675438 exitCount=588866
[iommuret] hit #2353: HalpIommuInitSystem returned EAX=0x00000000 (success/other) rsp=0xFFFFF8003A675438 exitCount=588867
[iommuret] hit #2354: HalpIommuInitSystem returned EAX=0x00000000 (success/other) rsp=0xFFFFF8003A675438 exitCount=588868
[iommuret] hit #2355: HalpIommuInitSystem returned EAX=0x00000000 (success/other) rsp=0xFFFFF8003A675438 exitCount=588869
[iommuret] hit #2356: HalpIommuInitSystem returned EAX=0x00000000 (success/other) rsp=0xFFFFF8003A675438 exitCount=588870
[iommuret] hit #2357: HalpIommuInitSystem returned EAX=0x00000000 (success/other) rsp=0xFFFFF8003A675438 exitCount=588871
[iommuret] hit #2358: HalpIommuInitSystem returned EAX=0x00000000 (success/other) rsp=0xFFFFF8003A675438 exitCount=588872
[iommuret] hit #2359: HalpIommuInitSystem returned EAX=0x00000000 (success/other) rsp=0xFFFFF8003A675438 exitCount=588873
[iommuret] hit #2360: HalpIommuInitSystem returned EAX=0x00000000 (success/other) rsp=0xFFFFF8003A675438 exitCount=588874
[iommuret] hit #2361: HalpIommuInitSystem returned EAX=0x00000000 (success/other) rsp=0xFFFFF8003A675438 exitCount=588875
[iommuret] hit #2362: HalpIommuInitSystem returned EAX=0x00000000 (success/other) rsp=0xFFFFF8003A675438 exitCount=588876
[iommuret] hit #2363: HalpIommuInitSystem returned EAX=0x00000000 (success/other) rsp=0xFFFFF8003A675438 exitCount=588877
[iommuret] hit #2364: HalpIommuInitSystem returned EAX=0x00000000 (success/other) rsp=0xFFFFF8003A675438 exitCount=588878
[iommuret] hit #2365: HalpIommuInitSystem returned EAX=0x00000000 (success/other) rsp=0xFFFFF8003A675438 exitCount=588879
[iommuret] hit #2366: HalpIommuInitSystem returned EAX=0x00000000 (success/other) rsp=0xFFFFF8003A675438 exitCount=588880
[iommuret] hit #2367: HalpIommuInitSystem returned EAX=0x00000000 (success/other) rsp=0xFFFFF8003A675438 exitCount=588881
[iommuret] hit #2368: HalpIommuInitSystem returned EAX=0x00000000 (success/other) rsp=0xFFFFF8003A675438 exitCount=588882
[iommuret] hit #2369: HalpIommuInitSystem returned EAX=0x00000000 (success/other) rsp=0xFFFFF8003A675438 exitCount=588883
[iommuret] hit #2370: HalpIommuInitSystem returned EAX=0x00000000 (success/other) rsp=0xFFFFF8003A675438 exitCount=588884
[iommuret] hit #2371: HalpIommuInitSystem returned EAX=0x00000000 (success/other) rsp=0xFFFFF8003A675438 exitCount=588885
[iommuret] hit #2372: HalpIommuInitSystem returned EAX=0x00000000 (success/other) rsp=0xFFFFF8003A675438 exitCount=588886
[iommuret] hit #2373: HalpIommuInitSystem returned EAX=0x00000000 (success/other) rsp=0xFFFFF8003A675438 exitCount=588887
[iommuret] hit #2374: HalpIommuInitSystem returned EAX=0x00000000 (success/other) rsp=0xFFFFF8003A675438 exitCount=588888
[iommuret] hit #2375: HalpIommuInitSystem returned EAX=0x00000000 (success/other) rsp=0xFFFFF8003A675438 exitCount=588889
[iommuret] hit #2376: HalpIommuInitSystem returned EAX=0x00000000 (success/other) rsp=0xFFFFF8003A675438 exitCount=588890
[iommuret] hit #2377: HalpIommuInitSystem returned EAX=0x00000000 (success/other) rsp=0xFFFFF8003A675438 exitCount=588891
[iommuret] hit #2378: HalpIommuInitSystem returned EAX=0x00000000 (success/other) rsp=0xFFFFF8003A675438 exitCount=588892
[iommuret] hit #2379: HalpIommuInitSystem returned EAX=0x00000000 (success/other) rsp=0xFFFFF8003A675438 exitCount=588893
[iommuret] hit #2380: HalpIommuInitSystem returned EAX=0x00000000 (success/other) rsp=0xFFFFF8003A675438 exitCount=588894
[iommuret] hit #2381: HalpIommuInitSystem returned EAX=0x00000000 (success/other) rsp=0xFFFFF8003A675438 exitCount=588895
[iommuret] hit #2382: HalpIommuInitSystem returned EAX=0x00000000 (success/other) rsp=0xFFFFF8003A675438 exitCount=588896
[iommuret] hit #2383: HalpIommuInitSystem returned EAX=0x00000000 (success/other) rsp=0xFFFFF8003A675438 exitCount=588897
[iommuret] hit #2384: HalpIommuInitSystem returned EAX=0x00000000 (success/other) rsp=0xFFFFF8003A675438 exitCount=588898
[iommuret] hit #2385: HalpIommuInitSystem returned EAX=0x00000000 (success/other) rsp=0xFFFFF8003A675438 exitCount=588899
[iommuret] hit #2386: HalpIommuInitSystem returned EAX=0x00000000 (success/other) rsp=0xFFFFF8003A675438 exitCount=588900
[iommuret] hit #2387: HalpIommuInitSystem returned EAX=0x00000000 (success/other) rsp=0xFFFFF8003A675438 exitCount=588901
[iommuret] hit #2388: HalpIommuInitSystem returned EAX=0x00000000 (success/other) rsp=0xFFFFF8003A675438 exitCount=588902
[iommuret] hit #2389: HalpIommuInitSystem returned EAX=0x00000000 (success/other) rsp=0xFFFFF8003A675438 exitCount=588903
[iommuret] hit #2390: HalpIommuInitSystem returned EAX=0x00000000 (success/other) rsp=0xFFFFF8003A675438 exitCount=588904
[iommuret] hit #2391: HalpIommuInitSystem returned EAX=0x00000000 (success/other) rsp=0xFFFFF8003A675438 exitCount=588905
[iommuret] hit #2392: HalpIommuInitSystem returned EAX=0x00000000 (success/other) rsp=0xFFFFF8003A675438 exitCount=588906
[iommuret] hit #2393: HalpIommuInitSystem returned EAX=0x00000000 (success/other) rsp=0xFFFFF8003A675438 exitCount=588907
[iommuret] hit #2394: HalpIommuInitSystem returned EAX=0x00000000 (success/other) rsp=0xFFFFF8003A675438 exitCount=588908
[iommuret] hit #2395: HalpIommuInitSystem returned EAX=0x00000000 (success/other) rsp=0xFFFFF8003A675438 exitCount=588909
[iommuret] hit #2396: HalpIommuInitSystem returned EAX=0x00000000 (success/other) rsp=0xFFFFF8003A675438 exitCount=588910
[iommuret] hit #2397: HalpIommuInitSystem returned EAX=0x00000000 (success/other) rsp=0xFFFFF8003A675438 exitCount=588911
[iommuret] hit #2398: HalpIommuInitSystem returned EAX=0x00000000 (success/other) rsp=0xFFFFF8003A675438 exitCount=588912
[iommuret] hit #2399: HalpIommuInitSystem returned EAX=0x00000000 (success/other) rsp=0xFFFFF8003A675438 exitCount=588913
[iommuret] hit #2400: HalpIommuInitSystem returned EAX=0x00000000 (success/other) rsp=0xFFFFF8003A675438 exitCount=588914
[iommuret] hit #2401: HalpIommuInitSystem returned EAX=0x00000000 (success/other) rsp=0xFFFFF8003A675438 exitCount=588915
[iommuret] hit #2402: HalpIommuInitSystem returned EAX=0x00000000 (success/other) rsp=0xFFFFF8003A675438 exitCount=588916
[iommuret] hit #2403: HalpIommuInitSystem returned EAX=0x00000000 (success/other) rsp=0xFFFFF8003A675438 exitCount=588917
[iommuret] hit #2404: HalpIommuInitSystem returned EAX=0x00000000 (success/other) rsp=0xFFFFF8003A675438 exitCount=588918
[iommuret] hit #2405: HalpIommuInitSystem returned EAX=0x00000000 (success/other) rsp=0xFFFFF8003A675438 exitCount=588919
[iommuret] hit #2406: HalpIommuInitSystem returned EAX=0x00000000 (success/other) rsp=0xFFFFF8003A675438 exitCount=588920
[iommuret] hit #2407: HalpIommuInitSystem returned EAX=0x00000000 (success/other) rsp=0xFFFFF8003A675438 exitCount=588921
[iommuret] hit #2408: HalpIommuInitSystem returned EAX=0x00000000 (success/other) rsp=0xFFFFF8003A675438 exitCount=588922
[iommuret] hit #2409: HalpIommuInitSystem returned EAX=0x00000000 (success/other) rsp=0xFFFFF8003A675438 exitCount=588923
[iommuret] hit #2410: HalpIommuInitSystem returned EAX=0x00000000 (success/other) rsp=0xFFFFF8003A675438 exitCount=588924
[iommuret] hit #2411: HalpIommuInitSystem returned EAX=0x00000000 (success/other) rsp=0xFFFFF8003A675438 exitCount=588925
[iommuret] hit #2412: HalpIommuInitSystem returned EAX=0x00000000 (success/other) rsp=0xFFFFF8003A675438 exitCount=588926
[iommuret] hit #2413: HalpIommuInitSystem returned EAX=0x00000000 (success/other) rsp=0xFFFFF8003A675438 exitCount=588927
[iommuret] hit #2414: HalpIommuInitSystem returned EAX=0x00000000 (success/other) rsp=0xFFFFF8003A675438 exitCount=588928
[iommuret] hit #2415: HalpIommuInitSystem returned EAX=0x00000000 (success/other) rsp=0xFFFFF8003A675438 exitCount=588929
[iommuret] hit #2416: HalpIommuInitSystem returned EAX=0x00000000 (success/other) rsp=0xFFFFF8003A675438 exitCount=588930
[iommuret] hit #2417: HalpIommuInitSystem returned EAX=0x00000000 (success/other) rsp=0xFFFFF8003A675438 exitCount=588931
[iommuret] hit #2418: HalpIommuInitSystem returned EAX=0x00000000 (success/other) rsp=0xFFFFF8003A675438 exitCount=588932
[iommuret] hit #2419: HalpIommuInitSystem returned EAX=0x00000000 (success/other) rsp=0xFFFFF8003A675438 exitCount=588933
[iommuret] hit #2420: HalpIommuInitSystem returned EAX=0x00000000 (success/other) rsp=0xFFFFF8003A675438 exitCount=588934
[iommuret] hit #2421: HalpIommuInitSystem returned EAX=0x00000000 (success/other) rsp=0xFFFFF8003A675438 exitCount=588935
[iommuret] hit #2422: HalpIommuInitSystem returned EAX=0x00000000 (success/other) rsp=0xFFFFF8003A675438 exitCount=588936
[iommuret] hit #2423: HalpIommuInitSystem returned EAX=0x00000000 (success/other) rsp=0xFFFFF8003A675438 exitCount=588937
[iommuret] hit #2424: HalpIommuInitSystem returned EAX=0x00000000 (success/other) rsp=0xFFFFF8003A675438 exitCount=588938
[iommuret] hit #2425: HalpIommuInitSystem returned EAX=0x00000000 (success/other) rsp=0xFFFFF8003A675438 exitCount=588939
[iommuret] hit #2426: HalpIommuInitSystem returned EAX=0x00000000 (success/other) rsp=0xFFFFF8003A675438 exitCount=588940
[iommuret] hit #2427: HalpIommuInitSystem returned EAX=0x00000000 (success/other) rsp=0xFFFFF8003A675438 exitCount=588941
[iommuret] hit #2428: HalpIommuInitSystem returned EAX=0x00000000 (success/other) rsp=0xFFFFF8003A675438 exitCount=588942
[iommuret] hit #2429: HalpIommuInitSystem returned EAX=0x00000000 (success/other) rsp=0xFFFFF8003A675438 exitCount=588943
[iommuret] hit #2430: HalpIommuInitSystem returned EAX=0x00000000 (success/other) rsp=0xFFFFF8003A675438 exitCount=588944
[iommuret] hit #2431: HalpIommuInitSystem returned EAX=0x00000000 (success/other) rsp=0xFFFFF8003A675438 exitCount=588945
[iommuret] hit #2432: HalpIommuInitSystem returned EAX=0x00000000 (success/other) rsp=0xFFFFF8003A675438 exitCount=588946
[iommuret] hit #2433: HalpIommuInitSystem returned EAX=0x00000000 (success/other) rsp=0xFFFFF8003A675438 exitCount=588947
[iommuret] hit #2434: HalpIommuInitSystem returned EAX=0x00000000 (success/other) rsp=0xFFFFF8003A675438 exitCount=588948
[iommuret] hit #2435: HalpIommuInitSystem returned EAX=0x00000000 (success/other) rsp=0xFFFFF8003A675438 exitCount=588949
[iommuret] hit #2436: HalpIommuInitSystem returned EAX=0x00000000 (success/other) rsp=0xFFFFF8003A675438 exitCount=588950
[iommuret] hit #2437: HalpIommuInitSystem returned EAX=0x00000000 (success/other) rsp=0xFFFFF8003A675438 exitCount=588951
[iommuret] hit #2438: HalpIommuInitSystem returned EAX=0x00000000 (success/other) rsp=0xFFFFF8003A675438 exitCount=588952
[iommuret] hit #2439: HalpIommuInitSystem returned EAX=0x00000000 (success/other) rsp=0xFFFFF8003A675438 exitCount=588953
[iommuret] hit #2440: HalpIommuInitSystem returned EAX=0x00000000 (success/other) rsp=0xFFFFF8003A675438 exitCount=588954
[iommuret] hit #2441: HalpIommuInitSystem returned EAX=0x00000000 (success/other) rsp=0xFFFFF8003A675438 exitCount=588955
[iommuret] hit #2442: HalpIommuInitSystem returned EAX=0x00000000 (success/other) rsp=0xFFFFF8003A675438 exitCount=588956
[iommuret] hit #2443: HalpIommuInitSystem returned EAX=0x00000000 (success/other) rsp=0xFFFFF8003A675438 exitCount=588957
[iommuret] hit #2444: HalpIommuInitSystem returned EAX=0x00000000 (success/other) rsp=0xFFFFF8003A675438 exitCount=588958
[iommuret] hit #2445: HalpIommuInitSystem returned EAX=0x00000000 (success/other) rsp=0xFFFFF8003A675438 exitCount=588959
[iommuret] hit #2446: HalpIommuInitSystem returned EAX=0x00000000 (success/other) rsp=0xFFFFF8003A675438 exitCount=588960
[iommuret] hit #2447: HalpIommuInitSystem returned EAX=0x00000000 (success/other) rsp=0xFFFFF8003A675438 exitCount=588961
[iommuret] hit #2448: HalpIommuInitSystem returned EAX=0x00000000 (success/other) rsp=0xFFFFF8003A675438 exitCount=588962
[iommuret] hit #2449: HalpIommuInitSystem returned EAX=0x00000000 (success/other) rsp=0xFFFFF8003A675438 exitCount=588963
[iommuret] hit #2450: HalpIommuInitSystem returned EAX=0x00000000 (success/other) rsp=0xFFFFF8003A675438 exitCount=588964
[iommuret] hit #2451: HalpIommuInitSystem returned EAX=0x00000000 (success/other) rsp=0xFFFFF8003A675438 exitCount=588965
[iommuret] hit #2452: HalpIommuInitSystem returned EAX=0x00000000 (success/other) rsp=0xFFFFF8003A675438 exitCount=588966
[iommuret] hit #2453: HalpIommuInitSystem returned EAX=0x00000000 (success/other) rsp=0xFFFFF8003A675438 exitCount=588967
[iommuret] hit #2454: HalpIommuInitSystem returned EAX=0x00000000 (success/other) rsp=0xFFFFF8003A675438 exitCount=588968
[iommuret] hit #2455: HalpIommuInitSystem returned EAX=0x00000000 (success/other) rsp=0xFFFFF8003A675438 exitCount=588969
[iommuret] hit #2456: HalpIommuInitSystem returned EAX=0x00000000 (success/other) rsp=0xFFFFF8003A675438 exitCount=588970
[iommuret] hit #2457: HalpIommuInitSystem returned EAX=0x00000000 (success/other) rsp=0xFFFFF8003A675438 exitCount=588971
[iommuret] hit #2458: HalpIommuInitSystem returned EAX=0x00000000 (success/other) rsp=0xFFFFF8003A675438 exitCount=588972
[iommuret] hit #2459: HalpIommuInitSystem returned EAX=0x00000000 (success/other) rsp=0xFFFFF8003A675438 exitCount=588973
[iommuret] hit #2460: HalpIommuInitSystem returned EAX=0x00000000 (success/other) rsp=0xFFFFF8003A675438 exitCount=588974
[iommuret] hit #2461: HalpIommuInitSystem returned EAX=0x00000000 (success/other) rsp=0xFFFFF8003A675438 exitCount=588975
[iommuret] hit #2462: HalpIommuInitSystem returned EAX=0x00000000 (success/other) rsp=0xFFFFF8003A675438 exitCount=588976
[iommuret] hit #2463: HalpIommuInitSystem returned EAX=0x00000000 (success/other) rsp=0xFFFFF8003A675438 exitCount=588977
[iommuret] hit #2464: HalpIommuInitSystem returned EAX=0x00000000 (success/other) rsp=0xFFFFF8003A675438 exitCount=588978
[iommuret] hit #2465: HalpIommuInitSystem returned EAX=0x00000000 (success/other) rsp=0xFFFFF8003A675438 exitCount=588979
[iommuret] hit #2466: HalpIommuInitSystem returned EAX=0x00000000 (success/other) rsp=0xFFFFF8003A675438 exitCount=588980
[iommuret] hit #2467: HalpIommuInitSystem returned EAX=0x00000000 (success/other) rsp=0xFFFFF8003A675438 exitCount=588981
[iommuret] hit #2468: HalpIommuInitSystem returned EAX=0x00000000 (success/other) rsp=0xFFFFF8003A675438 exitCount=588982
[iommuret] hit #2469: HalpIommuInitSystem returned EAX=0x00000000 (success/other) rsp=0xFFFFF8003A675438 exitCount=588983
[iommuret] hit #2470: HalpIommuInitSystem returned EAX=0x00000000 (success/other) rsp=0xFFFFF8003A675438 exitCount=588984
[iommuret] hit #2471: HalpIommuInitSystem returned EAX=0x00000000 (success/other) rsp=0xFFFFF8003A675438 exitCount=588985
[iommuret] hit #2472: HalpIommuInitSystem returned EAX=0x00000000 (success/other) rsp=0xFFFFF8003A675438 exitCount=588986
[iommuret] hit #2473: HalpIommuInitSystem returned EAX=0x00000000 (success/other) rsp=0xFFFFF8003A675438 exitCount=588987
[iommuret] hit #2474: HalpIommuInitSystem returned EAX=0x00000000 (success/other) rsp=0xFFFFF8003A675438 exitCount=588988
[iommuret] hit #2475: HalpIommuInitSystem returned EAX=0x00000000 (success/other) rsp=0xFFFFF8003A675438 exitCount=588989
[iommuret] hit #2476: HalpIommuInitSystem returned EAX=0x00000000 (success/other) rsp=0xFFFFF8003A675438 exitCount=588990
[iommuret] hit #2477: HalpIommuInitSystem returned EAX=0x00000000 (success/other) rsp=0xFFFFF8003A675438 exitCount=588991
[iommuret] hit #2478: HalpIommuInitSystem returned EAX=0x00000000 (success/other) rsp=0xFFFFF8003A675438 exitCount=588992
[iommuret] hit #2479: HalpIommuInitSystem returned EAX=0x00000000 (success/other) rsp=0xFFFFF8003A675438 exitCount=588993
[iommuret] hit #2480: HalpIommuInitSystem returned EAX=0x00000000 (success/other) rsp=0xFFFFF8003A675438 exitCount=588994
[iommuret] hit #2481: HalpIommuInitSystem returned EAX=0x00000000 (success/other) rsp=0xFFFFF8003A675438 exitCount=588995
[iommuret] hit #2482: HalpIommuInitSystem returned EAX=0x00000000 (success/other) rsp=0xFFFFF8003A675438 exitCount=588996
[iommuret] hit #2483: HalpIommuInitSystem returned EAX=0x00000000 (success/other) rsp=0xFFFFF8003A675438 exitCount=588997
[iommuret] hit #2484: HalpIommuInitSystem returned EAX=0x00000000 (success/other) rsp=0xFFFFF8003A675438 exitCount=588998
[iommuret] hit #2485: HalpIommuInitSystem returned EAX=0x00000000 (success/other) rsp=0xFFFFF8003A675438 exitCount=588999
[iommuret] hit #2486: HalpIommuInitSystem returned EAX=0x00000000 (success/other) rsp=0xFFFFF8003A675438 exitCount=589000
[iommuret] hit #2487: HalpIommuInitSystem returned EAX=0x00000000 (success/other) rsp=0xFFFFF8003A675438 exitCount=589001
[iommuret] hit #2488: HalpIommuInitSystem returned EAX=0x00000000 (success/other) rsp=0xFFFFF8003A675438 exitCount=589002
[iommuret] hit #2489: HalpIommuInitSystem returned EAX=0x00000000 (success/other) rsp=0xFFFFF8003A675438 exitCount=589003
[iommuret] hit #2490: HalpIommuInitSystem returned EAX=0x00000000 (success/other) rsp=0xFFFFF8003A675438 exitCount=589004
[iommuret] hit #2491: HalpIommuInitSystem returned EAX=0x00000000 (success/other) rsp=0xFFFFF8003A675438 exitCount=589005
[iommuret] hit #2492: HalpIommuInitSystem returned EAX=0x00000000 (success/other) rsp=0xFFFFF8003A675438 exitCount=589006
[iommuret] hit #2493: HalpIommuInitSystem returned EAX=0x00000000 (success/other) rsp=0xFFFFF8003A675438 exitCount=589007
[iommuret] hit #2494: HalpIommuInitSystem returned EAX=0x00000000 (success/other) rsp=0xFFFFF8003A675438 exitCount=589008
[iommuret] hit #2495: HalpIommuInitSystem returned EAX=0x00000000 (success/other) rsp=0xFFFFF8003A675438 exitCount=589009
[iommuret] hit #2496: HalpIommuInitSystem returned EAX=0x00000000 (success/other) rsp=0xFFFFF8003A675438 exitCount=589010
[iommuret] hit #2497: HalpIommuInitSystem returned EAX=0x00000000 (success/other) rsp=0xFFFFF8003A675438 exitCount=589011
[iommuret] hit #2498: HalpIommuInitSystem returned EAX=0x00000000 (success/other) rsp=0xFFFFF8003A675438 exitCount=589012
[iommuret] hit #2499: HalpIommuInitSystem returned EAX=0x00000000 (success/other) rsp=0xFFFFF8003A675438 exitCount=589013
[iommuret] hit #2500: HalpIommuInitSystem returned EAX=0x00000000 (success/other) rsp=0xFFFFF8003A675438 exitCount=589014
[iommuret] hit #2501: HalpIommuInitSystem returned EAX=0x00000000 (success/other) rsp=0xFFFFF8003A675438 exitCount=589015
[iommuret] hit #2502: HalpIommuInitSystem returned EAX=0x00000000 (success/other) rsp=0xFFFFF8003A675438 exitCount=589016
[iommuret] hit #2503: HalpIommuInitSystem returned EAX=0x00000000 (success/other) rsp=0xFFFFF8003A675438 exitCount=589017
[iommuret] hit #2504: HalpIommuInitSystem returned EAX=0x00000000 (success/other) rsp=0xFFFFF8003A675438 exitCount=589018
[iommuret] hit #2505: HalpIommuInitSystem returned EAX=0x00000000 (success/other) rsp=0xFFFFF8003A675438 exitCount=589019
[iommuret] hit #2506: HalpIommuInitSystem returned EAX=0x00000000 (success/other) rsp=0xFFFFF8003A675438 exitCount=589020
[iommuret] hit #2507: HalpIommuInitSystem returned EAX=0x00000000 (success/other) rsp=0xFFFFF8003A675438 exitCount=589021
[iommuret] hit #2508: HalpIommuInitSystem returned EAX=0x00000000 (success/other) rsp=0xFFFFF8003A675438 exitCount=589022
[iommuret] hit #2509: HalpIommuInitSystem returned EAX=0x00000000 (success/other) rsp=0xFFFFF8003A675438 exitCount=589023
[iommuret] hit #2510: HalpIommuInitSystem returned EAX=0x00000000 (success/other) rsp=0xFFFFF8003A675438 exitCount=589024
[iommuret] hit #2511: HalpIommuInitSystem returned EAX=0x00000000 (success/other) rsp=0xFFFFF8003A675438 exitCount=589025
[iommuret] hit #2512: HalpIommuInitSystem returned EAX=0x00000000 (success/other) rsp=0xFFFFF8003A675438 exitCount=589026
[iommuret] hit #2513: HalpIommuInitSystem returned EAX=0x00000000 (success/other) rsp=0xFFFFF8003A675438 exitCount=589027
[iommuret] hit #2514: HalpIommuInitSystem returned EAX=0x00000000 (success/other) rsp=0xFFFFF8003A675438 exitCount=589028
[iommuret] hit #2515: HalpIommuInitSystem returned EAX=0x00000000 (success/other) rsp=0xFFFFF8003A675438 exitCount=589029
[iommuret] hit #2516: HalpIommuInitSystem returned EAX=0x00000000 (success/other) rsp=0xFFFFF8003A675438 exitCount=589030
[iommuret] hit #2517: HalpIommuInitSystem returned EAX=0x00000000 (success/other) rsp=0xFFFFF8003A675438 exitCount=589031
[iommuret] hit #2518: HalpIommuInitSystem returned EAX=0x00000000 (success/other) rsp=0xFFFFF8003A675438 exitCount=589032
[iommuret] hit #2519: HalpIommuInitSystem returned EAX=0x00000000 (success/other) rsp=0xFFFFF8003A675438 exitCount=589033
[iommuret] hit #2520: HalpIommuInitSystem returned EAX=0x00000000 (success/other) rsp=0xFFFFF8003A675438 exitCount=589034
[iommuret] hit #2521: HalpIommuInitSystem returned EAX=0x00000000 (success/other) rsp=0xFFFFF8003A675438 exitCount=589035
[iommuret] hit #2522: HalpIommuInitSystem returned EAX=0x00000000 (success/other) rsp=0xFFFFF8003A675438 exitCount=589036
[iommuret] hit #2523: HalpIommuInitSystem returned EAX=0x00000000 (success/other) rsp=0xFFFFF8003A675438 exitCount=589037
[iommuret] hit #2524: HalpIommuInitSystem returned EAX=0x00000000 (success/other) rsp=0xFFFFF8003A675438 exitCount=589038
[iommuret] hit #2525: HalpIommuInitSystem returned EAX=0x00000000 (success/other) rsp=0xFFFFF8003A675438 exitCount=589039
[iommuret] hit #2526: HalpIommuInitSystem returned EAX=0x00000000 (success/other) rsp=0xFFFFF8003A675438 exitCount=589040
[iommuret] hit #2527: HalpIommuInitSystem returned EAX=0x00000000 (success/other) rsp=0xFFFFF8003A675438 exitCount=589041
[iommuret] hit #2528: HalpIommuInitSystem returned EAX=0x00000000 (success/other) rsp=0xFFFFF8003A675438 exitCount=589042
[iommuret] hit #2529: HalpIommuInitSystem returned EAX=0x00000000 (success/other) rsp=0xFFFFF8003A675438 exitCount=589043
[iommuret] hit #2530: HalpIommuInitSystem returned EAX=0x00000000 (success/other) rsp=0xFFFFF8003A675438 exitCount=589044
[iommuret] hit #2531: HalpIommuInitSystem returned EAX=0x00000000 (success/other) rsp=0xFFFFF8003A675438 exitCount=589045
[iommuret] hit #2532: HalpIommuInitSystem returned EAX=0x00000000 (success/other) rsp=0xFFFFF8003A675438 exitCount=589046
[iommuret] hit #2533: HalpIommuInitSystem returned EAX=0x00000000 (success/other) rsp=0xFFFFF8003A675438 exitCount=589047
[iommuret] hit #2534: HalpIommuInitSystem returned EAX=0x00000000 (success/other) rsp=0xFFFFF8003A675438 exitCount=589048
[iommuret] hit #2535: HalpIommuInitSystem returned EAX=0x00000000 (success/other) rsp=0xFFFFF8003A675438 exitCount=589049
[iommuret] hit #2536: HalpIommuInitSystem returned EAX=0x00000000 (success/other) rsp=0xFFFFF8003A675438 exitCount=589050
[iommuret] hit #2537: HalpIommuInitSystem returned EAX=0x00000000 (success/other) rsp=0xFFFFF8003A675438 exitCount=589051
[iommuret] hit #2538: HalpIommuInitSystem returned EAX=0x00000000 (success/other) rsp=0xFFFFF8003A675438 exitCount=589052
[iommuret] hit #2539: HalpIommuInitSystem returned EAX=0x00000000 (success/other) rsp=0xFFFFF8003A675438 exitCount=589053
[iommuret] hit #2540: HalpIommuInitSystem returned EAX=0x00000000 (success/other) rsp=0xFFFFF8003A675438 exitCount=589054
[iommuret] hit #2541: HalpIommuInitSystem returned EAX=0x00000000 (success/other) rsp=0xFFFFF8003A675438 exitCount=589055
[iommuret] hit #2542: HalpIommuInitSystem returned EAX=0x00000000 (success/other) rsp=0xFFFFF8003A675438 exitCount=589056
[iommuret] hit #2543: HalpIommuInitSystem returned EAX=0x00000000 (success/other) rsp=0xFFFFF8003A675438 exitCount=589057
[iommuret] hit #2544: HalpIommuInitSystem returned EAX=0x00000000 (success/other) rsp=0xFFFFF8003A675438 exitCount=589058
[iommuret] hit #2545: HalpIommuInitSystem returned EAX=0x00000000 (success/other) rsp=0xFFFFF8003A675438 exitCount=589059
[iommuret] hit #2546: HalpIommuInitSystem returned EAX=0x00000000 (success/other) rsp=0xFFFFF8003A675438 exitCount=589060
[iommuret] hit #2547: HalpIommuInitSystem returned EAX=0x00000000 (success/other) rsp=0xFFFFF8003A675438 exitCount=589061
[iommuret] hit #2548: HalpIommuInitSystem returned EAX=0x00000000 (success/other) rsp=0xFFFFF8003A675438 exitCount=589062
[iommuret] hit #2549: HalpIommuInitSystem returned EAX=0x00000000 (success/other) rsp=0xFFFFF8003A675438 exitCount=589063
[iommuret] hit #2550: HalpIommuInitSystem returned EAX=0x00000000 (success/other) rsp=0xFFFFF8003A675438 exitCount=589064
[iommuret] hit #2551: HalpIommuInitSystem returned EAX=0x00000000 (success/other) rsp=0xFFFFF8003A675438 exitCount=589065
[iommuret] hit #2552: HalpIommuInitSystem returned EAX=0x00000000 (success/other) rsp=0xFFFFF8003A675438 exitCount=589066
[iommuret] hit #2553: HalpIommuInitSystem returned EAX=0x00000000 (success/other) rsp=0xFFFFF8003A675438 exitCount=589067
[iommuret] hit #2554: HalpIommuInitSystem returned EAX=0x00000000 (success/other) rsp=0xFFFFF8003A675438 exitCount=589068
[iommuret] hit #2555: HalpIommuInitSystem returned EAX=0x00000000 (success/other) rsp=0xFFFFF8003A675438 exitCount=589069
[iommuret] hit #2556: HalpIommuInitSystem returned EAX=0x00000000 (success/other) rsp=0xFFFFF8003A675438 exitCount=589070
[iommuret] hit #2557: HalpIommuInitSystem returned EAX=0x00000000 (success/other) rsp=0xFFFFF8003A675438 exitCount=589071
[iommuret] hit #2558: HalpIommuInitSystem returned EAX=0x00000000 (success/other) rsp=0xFFFFF8003A675438 exitCount=589072
[iommuret] hit #2559: HalpIommuInitSystem returned EAX=0x00000000 (success/other) rsp=0xFFFFF8003A675438 exitCount=589073
[iommuret] hit #2560: HalpIommuInitSystem returned EAX=0x00000000 (success/other) rsp=0xFFFFF8003A675438 exitCount=589074
[iommuret] hit #2561: HalpIommuInitSystem returned EAX=0x00000000 (success/other) rsp=0xFFFFF8003A675438 exitCount=589075
[iommuret] hit #2562: HalpIommuInitSystem returned EAX=0x00000000 (success/other) rsp=0xFFFFF8003A675438 exitCount=589076
[iommuret] hit #2563: HalpIommuInitSystem returned EAX=0x00000000 (success/other) rsp=0xFFFFF8003A675438 exitCount=589077
[iommuret] hit #2564: HalpIommuInitSystem returned EAX=0x00000000 (success/other) rsp=0xFFFFF8003A675438 exitCount=589078
[iommuret] hit #2565: HalpIommuInitSystem returned EAX=0x00000000 (success/other) rsp=0xFFFFF8003A675438 exitCount=589079
[iommuret] hit #2566: HalpIommuInitSystem returned EAX=0x00000000 (success/other) rsp=0xFFFFF8003A675438 exitCount=589080
[iommuret] hit #2567: HalpIommuInitSystem returned EAX=0x00000000 (success/other) rsp=0xFFFFF8003A675438 exitCount=589081
[iommuret] hit #2568: HalpIommuInitSystem returned EAX=0x00000000 (success/other) rsp=0xFFFFF8003A675438 exitCount=589082
[iommuret] hit #2569: HalpIommuInitSystem returned EAX=0x00000000 (success/other) rsp=0xFFFFF8003A675438 exitCount=589083
[iommuret] hit #2570: HalpIommuInitSystem returned EAX=0x00000000 (success/other) rsp=0xFFFFF8003A675438 exitCount=589084
[iommuret] hit #2571: HalpIommuInitSystem returned EAX=0x00000000 (success/other) rsp=0xFFFFF8003A675438 exitCount=589085
[iommuret] hit #2572: HalpIommuInitSystem returned EAX=0x00000000 (success/other) rsp=0xFFFFF8003A675438 exitCount=589086
[iommuret] hit #2573: HalpIommuInitSystem returned EAX=0x00000000 (success/other) rsp=0xFFFFF8003A675438 exitCount=589087
[iommuret] hit #2574: HalpIommuInitSystem returned EAX=0x00000000 (success/other) rsp=0xFFFFF8003A675438 exitCount=589088
[iommuret] hit #2575: HalpIommuInitSystem returned EAX=0x00000000 (success/other) rsp=0xFFFFF8003A675438 exitCount=589089
[iommuret] hit #2576: HalpIommuInitSystem returned EAX=0x00000000 (success/other) rsp=0xFFFFF8003A675438 exitCount=589090
[iommuret] hit #2577: HalpIommuInitSystem returned EAX=0x00000000 (success/other) rsp=0xFFFFF8003A675438 exitCount=589091
[iommuret] hit #2578: HalpIommuInitSystem returned EAX=0x00000000 (success/other) rsp=0xFFFFF8003A675438 exitCount=589092
[iommuret] hit #2579: HalpIommuInitSystem returned EAX=0x00000000 (success/other) rsp=0xFFFFF8003A675438 exitCount=589093
[iommuret] hit #2580: HalpIommuInitSystem returned EAX=0x00000000 (success/other) rsp=0xFFFFF8003A675438 exitCount=589094
[iommuret] hit #2581: HalpIommuInitSystem returned EAX=0x00000000 (success/other) rsp=0xFFFFF8003A675438 exitCount=589095
[iommuret] hit #2582: HalpIommuInitSystem returned EAX=0x00000000 (success/other) rsp=0xFFFFF8003A675438 exitCount=589096
[iommuret] hit #2583: HalpIommuInitSystem returned EAX=0x00000000 (success/other) rsp=0xFFFFF8003A675438 exitCount=589097
[iommuret] hit #2584: HalpIommuInitSystem returned EAX=0x00000000 (success/other) rsp=0xFFFFF8003A675438 exitCount=589098
[iommuret] hit #2585: HalpIommuInitSystem returned EAX=0x00000000 (success/other) rsp=0xFFFFF8003A675438 exitCount=589099
[iommuret] hit #2586: HalpIommuInitSystem returned EAX=0x00000000 (success/other) rsp=0xFFFFF8003A675438 exitCount=589100
[iommuret] hit #2587: HalpIommuInitSystem returned EAX=0x00000000 (success/other) rsp=0xFFFFF8003A675438 exitCount=589101
[iommuret] hit #2588: HalpIommuInitSystem returned EAX=0x00000000 (success/other) rsp=0xFFFFF8003A675438 exitCount=589102
[iommuret] hit #2589: HalpIommuInitSystem returned EAX=0x00000000 (success/other) rsp=0xFFFFF8003A675438 exitCount=589103
[iommuret] hit #2590: HalpIommuInitSystem returned EAX=0x00000000 (success/other) rsp=0xFFFFF8003A675438 exitCount=589104
[iommuret] hit #2591: HalpIommuInitSystem returned EAX=0x00000000 (success/other) rsp=0xFFFFF8003A675438 exitCount=589105
[iommuret] hit #2592: HalpIommuInitSystem returned EAX=0x00000000 (success/other) rsp=0xFFFFF8003A675438 exitCount=589106
[iommuret] hit #2593: HalpIommuInitSystem returned EAX=0x00000000 (success/other) rsp=0xFFFFF8003A675438 exitCount=589107
[iommuret] hit #2594: HalpIommuInitSystem returned EAX=0x00000000 (success/other) rsp=0xFFFFF8003A675438 exitCount=589108
[iommuret] hit #2595: HalpIommuInitSystem returned EAX=0x00000000 (success/other) rsp=0xFFFFF8003A675438 exitCount=589109
[iommuret] hit #2596: HalpIommuInitSystem returned EAX=0x00000000 (success/other) rsp=0xFFFFF8003A675438 exitCount=589110
[iommuret] hit #2597: HalpIommuInitSystem returned EAX=0x00000000 (success/other) rsp=0xFFFFF8003A675438 exitCount=589111
[iommuret] hit #2598: HalpIommuInitSystem returned EAX=0x00000000 (success/other) rsp=0xFFFFF8003A675438 exitCount=589112
[iommuret] hit #2599: HalpIommuInitSystem returned EAX=0x00000000 (success/other) rsp=0xFFFFF8003A675438 exitCount=589113
[iommuret] hit #2600: HalpIommuInitSystem returned EAX=0x00000000 (success/other) rsp=0xFFFFF8003A675438 exitCount=589114
[iommuret] hit #2601: HalpIommuInitSystem returned EAX=0x00000000 (success/other) rsp=0xFFFFF8003A675438 exitCount=589115
[iommuret] hit #2602: HalpIommuInitSystem returned EAX=0x00000000 (success/other) rsp=0xFFFFF8003A675438 exitCount=589116
[iommuret] hit #2603: HalpIommuInitSystem returned EAX=0x00000000 (success/other) rsp=0xFFFFF8003A675438 exitCount=589117
[iommuret] hit #2604: HalpIommuInitSystem returned EAX=0x00000000 (success/other) rsp=0xFFFFF8003A675438 exitCount=589118
[iommuret] hit #2605: HalpIommuInitSystem returned EAX=0x00000000 (success/other) rsp=0xFFFFF8003A675438 exitCount=589119
[iommuret] hit #2606: HalpIommuInitSystem returned EAX=0x00000000 (success/other) rsp=0xFFFFF8003A675438 exitCount=589120
[iommuret] hit #2607: HalpIommuInitSystem returned EAX=0x00000000 (success/other) rsp=0xFFFFF8003A675438 exitCount=589121
[iommuret] hit #2608: HalpIommuInitSystem returned EAX=0x00000000 (success/other) rsp=0xFFFFF8003A675438 exitCount=589122
[iommuret] hit #2609: HalpIommuInitSystem returned EAX=0x00000000 (success/other) rsp=0xFFFFF8003A675438 exitCount=589123
[iommuret] hit #2610: HalpIommuInitSystem returned EAX=0x00000000 (success/other) rsp=0xFFFFF8003A675438 exitCount=589124
[iommuret] hit #2611: HalpIommuInitSystem returned EAX=0x00000000 (success/other) rsp=0xFFFFF8003A675438 exitCount=589125
[iommuret] hit #2612: HalpIommuInitSystem returned EAX=0x00000000 (success/other) rsp=0xFFFFF8003A675438 exitCount=589126
[iommuret] hit #2613: HalpIommuInitSystem returned EAX=0x00000000 (success/other) rsp=0xFFFFF8003A675438 exitCount=589127
[iommuret] hit #2614: HalpIommuInitSystem returned EAX=0x00000000 (success/other) rsp=0xFFFFF8003A675438 exitCount=589128
[iommuret] hit #2615: HalpIommuInitSystem returned EAX=0x00000000 (success/other) rsp=0xFFFFF8003A675438 exitCount=589129
[iommuret] hit #2616: HalpIommuInitSystem returned EAX=0x00000000 (success/other) rsp=0xFFFFF8003A675438 exitCount=589130
[iommuret] hit #2617: HalpIommuInitSystem returned EAX=0x00000000 (success/other) rsp=0xFFFFF8003A675438 exitCount=589131
[iommuret] hit #2618: HalpIommuInitSystem returned EAX=0x00000000 (success/other) rsp=0xFFFFF8003A675438 exitCount=589132
[iommuret] hit #2619: HalpIommuInitSystem returned EAX=0x00000000 (success/other) rsp=0xFFFFF8003A675438 exitCount=589133
[iommuret] hit #2620: HalpIommuInitSystem returned EAX=0x00000000 (success/other) rsp=0xFFFFF8003A675438 exitCount=589134
[iommuret] hit #2621: HalpIommuInitSystem returned EAX=0x00000000 (success/other) rsp=0xFFFFF8003A675438 exitCount=589135
[iommuret] hit #2622: HalpIommuInitSystem returned EAX=0x00000000 (success/other) rsp=0xFFFFF8003A675438 exitCount=589136
[iommuret] hit #2623: HalpIommuInitSystem returned EAX=0x00000000 (success/other) rsp=0xFFFFF8003A675438 exitCount=589137
[iommuret] hit #2624: HalpIommuInitSystem returned EAX=0x00000000 (success/other) rsp=0xFFFFF8003A675438 exitCount=589138
[iommuret] hit #2625: HalpIommuInitSystem returned EAX=0x00000000 (success/other) rsp=0xFFFFF8003A675438 exitCount=589139
[iommuret] hit #2626: HalpIommuInitSystem returned EAX=0x00000000 (success/other) rsp=0xFFFFF8003A675438 exitCount=589140
[iommuret] hit #2627: HalpIommuInitSystem returned EAX=0x00000000 (success/other) rsp=0xFFFFF8003A675438 exitCount=589141
[iommuret] hit #2628: HalpIommuInitSystem returned EAX=0x00000000 (success/other) rsp=0xFFFFF8003A675438 exitCount=589142
[iommuret] hit #2629: HalpIommuInitSystem returned EAX=0x00000000 (success/other) rsp=0xFFFFF8003A675438 exitCount=589143
[iommuret] hit #2630: HalpIommuInitSystem returned EAX=0x00000000 (success/other) rsp=0xFFFFF8003A675438 exitCount=589144
[iommuret] hit #2631: HalpIommuInitSystem returned EAX=0x00000000 (success/other) rsp=0xFFFFF8003A675438 exitCount=589145
[iommuret] hit #2632: HalpIommuInitSystem returned EAX=0x00000000 (success/other) rsp=0xFFFFF8003A675438 exitCount=589146
[iommuret] hit #2633: HalpIommuInitSystem returned EAX=0x00000000 (success/other) rsp=0xFFFFF8003A675438 exitCount=589147
[iommuret] hit #2634: HalpIommuInitSystem returned EAX=0x00000000 (success/other) rsp=0xFFFFF8003A675438 exitCount=589148
[iommuret] hit #2635: HalpIommuInitSystem returned EAX=0x00000000 (success/other) rsp=0xFFFFF8003A675438 exitCount=589149
[iommuret] hit #2636: HalpIommuInitSystem returned EAX=0x00000000 (success/other) rsp=0xFFFFF8003A675438 exitCount=589150
[iommuret] hit #2637: HalpIommuInitSystem returned EAX=0x00000000 (success/other) rsp=0xFFFFF8003A675438 exitCount=589151
[iommuret] hit #2638: HalpIommuInitSystem returned EAX=0x00000000 (success/other) rsp=0xFFFFF8003A675438 exitCount=589152
[iommuret] hit #2639: HalpIommuInitSystem returned EAX=0x00000000 (success/other) rsp=0xFFFFF8003A675438 exitCount=589153
[iommuret] hit #2640: HalpIommuInitSystem returned EAX=0x00000000 (success/other) rsp=0xFFFFF8003A675438 exitCount=589154
[iommuret] hit #2641: HalpIommuInitSystem returned EAX=0x00000000 (success/other) rsp=0xFFFFF8003A675438 exitCount=589155
[iommuret] hit #2642: HalpIommuInitSystem returned EAX=0x00000000 (success/other) rsp=0xFFFFF8003A675438 exitCount=589156
[iommuret] hit #2643: HalpIommuInitSystem returned EAX=0x00000000 (success/other) rsp=0xFFFFF8003A675438 exitCount=589157
[iommuret] hit #2644: HalpIommuInitSystem returned EAX=0x00000000 (success/other) rsp=0xFFFFF8003A675438 exitCount=589158
[iommuret] hit #2645: HalpIommuInitSystem returned EAX=0x00000000 (success/other) rsp=0xFFFFF8003A675438 exitCount=589159
[iommuret] hit #2646: HalpIommuInitSystem returned EAX=0x00000000 (success/other) rsp=0xFFFFF8003A675438 exitCount=589160
[iommuret] hit #2647: HalpIommuInitSystem returned EAX=0x00000000 (success/other) rsp=0xFFFFF8003A675438 exitCount=589161
[iommuret] hit #2648: HalpIommuInitSystem returned EAX=0x00000000 (success/other) rsp=0xFFFFF8003A675438 exitCount=589162
[iommuret] hit #2649: HalpIommuInitSystem returned EAX=0x00000000 (success/other) rsp=0xFFFFF8003A675438 exitCount=589163
[iommuret] hit #2650: HalpIommuInitSystem returned EAX=0x00000000 (success/other) rsp=0xFFFFF8003A675438 exitCount=589164
[iommuret] hit #2651: HalpIommuInitSystem returned EAX=0x00000000 (success/other) rsp=0xFFFFF8003A675438 exitCount=589165
[iommuret] hit #2652: HalpIommuInitSystem returned EAX=0x00000000 (success/other) rsp=0xFFFFF8003A675438 exitCount=589166
[iommuret] hit #2653: HalpIommuInitSystem returned EAX=0x00000000 (success/other) rsp=0xFFFFF8003A675438 exitCount=589167
[iommuret] hit #2654: HalpIommuInitSystem returned EAX=0x00000000 (success/other) rsp=0xFFFFF8003A675438 exitCount=589168
[iommuret] hit #2655: HalpIommuInitSystem returned EAX=0x00000000 (success/other) rsp=0xFFFFF8003A675438 exitCount=589169
[iommuret] hit #2656: HalpIommuInitSystem returned EAX=0x00000000 (success/other) rsp=0xFFFFF8003A675438 exitCount=589170
[iommuret] hit #2657: HalpIommuInitSystem returned EAX=0x00000000 (success/other) rsp=0xFFFFF8003A675438 exitCount=589171
[iommuret] hit #2658: HalpIommuInitSystem returned EAX=0x00000000 (success/other) rsp=0xFFFFF8003A675438 exitCount=589172
[iommuret] hit #2659: HalpIommuInitSystem returned EAX=0x00000000 (success/other) rsp=0xFFFFF8003A675438 exitCount=589173
[iommuret] hit #2660: HalpIommuInitSystem returned EAX=0x00000000 (success/other) rsp=0xFFFFF8003A675438 exitCount=589174
[iommuret] hit #2661: HalpIommuInitSystem returned EAX=0x00000000 (success/other) rsp=0xFFFFF8003A675438 exitCount=589175
[iommuret] hit #2662: HalpIommuInitSystem returned EAX=0x00000000 (success/other) rsp=0xFFFFF8003A675438 exitCount=589176
[iommuret] hit #2663: HalpIommuInitSystem returned EAX=0x00000000 (success/other) rsp=0xFFFFF8003A675438 exitCount=589177
[iommuret] hit #2664: HalpIommuInitSystem returned EAX=0x00000000 (success/other) rsp=0xFFFFF8003A675438 exitCount=589178
[iommuret] hit #2665: HalpIommuInitSystem returned EAX=0x00000000 (success/other) rsp=0xFFFFF8003A675438 exitCount=589179
[iommuret] hit #2666: HalpIommuInitSystem returned EAX=0x00000000 (success/other) rsp=0xFFFFF8003A675438 exitCount=589180
[iommuret] hit #2667: HalpIommuInitSystem returned EAX=0x00000000 (success/other) rsp=0xFFFFF8003A675438 exitCount=589181
[iommuret] hit #2668: HalpIommuInitSystem returned EAX=0x00000000 (success/other) rsp=0xFFFFF8003A675438 exitCount=589182
[iommuret] hit #2669: HalpIommuInitSystem returned EAX=0x00000000 (success/other) rsp=0xFFFFF8003A675438 exitCount=589183
[iommuret] hit #2670: HalpIommuInitSystem returned EAX=0x00000000 (success/other) rsp=0xFFFFF8003A675438 exitCount=589184
[iommuret] hit #2671: HalpIommuInitSystem returned EAX=0x00000000 (success/other) rsp=0xFFFFF8003A675438 exitCount=589185
[iommuret] hit #2672: HalpIommuInitSystem returned EAX=0x00000000 (success/other) rsp=0xFFFFF8003A675438 exitCount=589186
[iommuret] hit #2673: HalpIommuInitSystem returned EAX=0x00000000 (success/other) rsp=0xFFFFF8003A675438 exitCount=589187
[iommuret] hit #2674: HalpIommuInitSystem returned EAX=0x00000000 (success/other) rsp=0xFFFFF8003A675438 exitCount=589188
[iommuret] hit #2675: HalpIommuInitSystem returned EAX=0x00000000 (success/other) rsp=0xFFFFF8003A675438 exitCount=589189
[iommuret] hit #2676: HalpIommuInitSystem returned EAX=0x00000000 (success/other) rsp=0xFFFFF8003A675438 exitCount=589190
[iommuret] hit #2677: HalpIommuInitSystem returned EAX=0x00000000 (success/other) rsp=0xFFFFF8003A675438 exitCount=589191
[iommuret] hit #2678: HalpIommuInitSystem returned EAX=0x00000000 (success/other) rsp=0xFFFFF8003A675438 exitCount=589192
[iommuret] hit #2679: HalpIommuInitSystem returned EAX=0x00000000 (success/other) rsp=0xFFFFF8003A675438 exitCount=589193
[iommuret] hit #2680: HalpIommuInitSystem returned EAX=0x00000000 (success/other) rsp=0xFFFFF8003A675438 exitCount=589194
[iommuret] hit #2681: HalpIommuInitSystem returned EAX=0x00000000 (success/other) rsp=0xFFFFF8003A675438 exitCount=589195
[iommuret] hit #2682: HalpIommuInitSystem returned EAX=0x00000000 (success/other) rsp=0xFFFFF8003A675438 exitCount=589196
[iommuret] hit #2683: HalpIommuInitSystem returned EAX=0x00000000 (success/other) rsp=0xFFFFF8003A675438 exitCount=589197
[iommuret] hit #2684: HalpIommuInitSystem returned EAX=0x00000000 (success/other) rsp=0xFFFFF8003A675438 exitCount=589198
[iommuret] hit #2685: HalpIommuInitSystem returned EAX=0x00000000 (success/other) rsp=0xFFFFF8003A675438 exitCount=589199
[iommuret] hit #2686: HalpIommuInitSystem returned EAX=0x00000000 (success/other) rsp=0xFFFFF8003A675438 exitCount=589200
[iommuret] hit #2687: HalpIommuInitSystem returned EAX=0x00000000 (success/other) rsp=0xFFFFF8003A675438 exitCount=589201
[iommuret] hit #2688: HalpIommuInitSystem returned EAX=0x00000000 (success/other) rsp=0xFFFFF8003A675438 exitCount=589202
[iommuret] hit #2689: HalpIommuInitSystem returned EAX=0x00000000 (success/other) rsp=0xFFFFF8003A675438 exitCount=589203
[iommuret] hit #2690: HalpIommuInitSystem returned EAX=0x00000000 (success/other) rsp=0xFFFFF8003A675438 exitCount=589204
[iommuret] hit #2691: HalpIommuInitSystem returned EAX=0x00000000 (success/other) rsp=0xFFFFF8003A675438 exitCount=589205
[iommuret] hit #2692: HalpIommuInitSystem returned EAX=0x00000000 (success/other) rsp=0xFFFFF8003A675438 exitCount=589206
[iommuret] hit #2693: HalpIommuInitSystem returned EAX=0x00000000 (success/other) rsp=0xFFFFF8003A675438 exitCount=589207
[iommuret] hit #2694: HalpIommuInitSystem returned EAX=0x00000000 (success/other) rsp=0xFFFFF8003A675438 exitCount=589208
[iommuret] hit #2695: HalpIommuInitSystem returned EAX=0x00000000 (success/other) rsp=0xFFFFF8003A675438 exitCount=589209
[iommuret] hit #2696: HalpIommuInitSystem returned EAX=0x00000000 (success/other) rsp=0xFFFFF8003A675438 exitCount=589210
[iommuret] hit #2697: HalpIommuInitSystem returned EAX=0x00000000 (success/other) rsp=0xFFFFF8003A675438 exitCount=589211
[iommuret] hit #2698: HalpIommuInitSystem returned EAX=0x00000000 (success/other) rsp=0xFFFFF8003A675438 exitCount=589212
[iommuret] hit #2699: HalpIommuInitSystem returned EAX=0x00000000 (success/other) rsp=0xFFFFF8003A675438 exitCount=589213
[iommuret] hit #2700: HalpIommuInitSystem returned EAX=0x00000000 (success/other) rsp=0xFFFFF8003A675438 exitCount=589214
[iommuret] hit #2701: HalpIommuInitSystem returned EAX=0x00000000 (success/other) rsp=0xFFFFF8003A675438 exitCount=589215
[iommuret] hit #2702: HalpIommuInitSystem returned EAX=0x00000000 (success/other) rsp=0xFFFFF8003A675438 exitCount=589216
[iommuret] hit #2703: HalpIommuInitSystem returned EAX=0x00000000 (success/other) rsp=0xFFFFF8003A675438 exitCount=589217
[iommuret] hit #2704: HalpIommuInitSystem returned EAX=0x00000000 (success/other) rsp=0xFFFFF8003A675438 exitCount=589218
[iommuret] hit #2705: HalpIommuInitSystem returned EAX=0x00000000 (success/other) rsp=0xFFFFF8003A675438 exitCount=589219
[iommuret] hit #2706: HalpIommuInitSystem returned EAX=0x00000000 (success/other) rsp=0xFFFFF8003A675438 exitCount=589220
[iommuret] hit #2707: HalpIommuInitSystem returned EAX=0x00000000 (success/other) rsp=0xFFFFF8003A675438 exitCount=589221
[iommuret] hit #2708: HalpIommuInitSystem returned EAX=0x00000000 (success/other) rsp=0xFFFFF8003A675438 exitCount=589222
[iommuret] hit #2709: HalpIommuInitSystem returned EAX=0x00000000 (success/other) rsp=0xFFFFF8003A675438 exitCount=589223
[iommuret] hit #2710: HalpIommuInitSystem returned EAX=0x00000000 (success/other) rsp=0xFFFFF8003A675438 exitCount=589224
[iommuret] hit #2711: HalpIommuInitSystem returned EAX=0x00000000 (success/other) rsp=0xFFFFF8003A675438 exitCount=589225
[iommuret] hit #2712: HalpIommuInitSystem returned EAX=0x00000000 (success/other) rsp=0xFFFFF8003A675438 exitCount=589226
[iommuret] hit #2713: HalpIommuInitSystem returned EAX=0x00000000 (success/other) rsp=0xFFFFF8003A675438 exitCount=589227
[iommuret] hit #2714: HalpIommuInitSystem returned EAX=0x00000000 (success/other) rsp=0xFFFFF8003A675438 exitCount=589228
[iommuret] hit #2715: HalpIommuInitSystem returned EAX=0x00000000 (success/other) rsp=0xFFFFF8003A675438 exitCount=589229
[iommuret] hit #2716: HalpIommuInitSystem returned EAX=0x00000000 (success/other) rsp=0xFFFFF8003A675438 exitCount=589230
[iommuret] hit #2717: HalpIommuInitSystem returned EAX=0x00000000 (success/other) rsp=0xFFFFF8003A675438 exitCount=589231
[iommuret] hit #2718: HalpIommuInitSystem returned EAX=0x00000000 (success/other) rsp=0xFFFFF8003A675438 exitCount=589232
[iommuret] hit #2719: HalpIommuInitSystem returned EAX=0x00000000 (success/other) rsp=0xFFFFF8003A675438 exitCount=589233
[iommuret] hit #2720: HalpIommuInitSystem returned EAX=0x00000000 (success/other) rsp=0xFFFFF8003A675438 exitCount=589234
[iommuret] hit #2721: HalpIommuInitSystem returned EAX=0x00000000 (success/other) rsp=0xFFFFF8003A675438 exitCount=589235
[iommuret] hit #2722: HalpIommuInitSystem returned EAX=0x00000000 (success/other) rsp=0xFFFFF8003A675438 exitCount=589236
[iommuret] hit #2723: HalpIommuInitSystem returned EAX=0x00000000 (success/other) rsp=0xFFFFF8003A675438 exitCount=589237
[iommuret] hit #2724: HalpIommuInitSystem returned EAX=0x00000000 (success/other) rsp=0xFFFFF8003A675438 exitCount=589238
[iommuret] hit #2725: HalpIommuInitSystem returned EAX=0x00000000 (success/other) rsp=0xFFFFF8003A675438 exitCount=589239
[iommuret] hit #2726: HalpIommuInitSystem returned EAX=0x00000000 (success/other) rsp=0xFFFFF8003A675438 exitCount=589240
[iommuret] hit #2727: HalpIommuInitSystem returned EAX=0x00000000 (success/other) rsp=0xFFFFF8003A675438 exitCount=589241
[iommuret] hit #2728: HalpIommuInitSystem returned EAX=0x00000000 (success/other) rsp=0xFFFFF8003A675438 exitCount=589242
[iommuret] hit #2729: HalpIommuInitSystem returned EAX=0x00000000 (success/other) rsp=0xFFFFF8003A675438 exitCount=589243
[iommuret] hit #2730: HalpIommuInitSystem returned EAX=0x00000000 (success/other) rsp=0xFFFFF8003A675438 exitCount=589244
[iommuret] hit #2731: HalpIommuInitSystem returned EAX=0x00000000 (success/other) rsp=0xFFFFF8003A675438 exitCount=589245
[iommuret] hit #2732: HalpIommuInitSystem returned EAX=0x00000000 (success/other) rsp=0xFFFFF8003A675438 exitCount=589246
[iommuret] hit #2733: HalpIommuInitSystem returned EAX=0x00000000 (success/other) rsp=0xFFFFF8003A675438 exitCount=589247
[iommuret] hit #2734: HalpIommuInitSystem returned EAX=0x00000000 (success/other) rsp=0xFFFFF8003A675438 exitCount=589248
[iommuret] hit #2735: HalpIommuInitSystem returned EAX=0x00000000 (success/other) rsp=0xFFFFF8003A675438 exitCount=589249
[iommuret] hit #2736: HalpIommuInitSystem returned EAX=0x00000000 (success/other) rsp=0xFFFFF8003A675438 exitCount=589250
[iommuret] hit #2737: HalpIommuInitSystem returned EAX=0x00000000 (success/other) rsp=0xFFFFF8003A675438 exitCount=589251
[iommuret] hit #2738: HalpIommuInitSystem returned EAX=0x00000000 (success/other) rsp=0xFFFFF8003A675438 exitCount=589252
[iommuret] hit #2739: HalpIommuInitSystem returned EAX=0x00000000 (success/other) rsp=0xFFFFF8003A675438 exitCount=589253
[iommuret] hit #2740: HalpIommuInitSystem returned EAX=0x00000000 (success/other) rsp=0xFFFFF8003A675438 exitCount=589254
[iommuret] hit #2741: HalpIommuInitSystem returned EAX=0x00000000 (success/other) rsp=0xFFFFF8003A675438 exitCount=589255
[iommuret] hit #2742: HalpIommuInitSystem returned EAX=0x00000000 (success/other) rsp=0xFFFFF8003A675438 exitCount=589256
[iommuret] hit #2743: HalpIommuInitSystem returned EAX=0x00000000 (success/other) rsp=0xFFFFF8003A675438 exitCount=589257
[iommuret] hit #2744: HalpIommuInitSystem returned EAX=0x00000000 (success/other) rsp=0xFFFFF8003A675438 exitCount=589258
[iommuret] hit #2745: HalpIommuInitSystem returned EAX=0x00000000 (success/other) rsp=0xFFFFF8003A675438 exitCount=589259
[iommuret] hit #2746: HalpIommuInitSystem returned EAX=0x00000000 (success/other) rsp=0xFFFFF8003A675438 exitCount=589260
[iommuret] hit #2747: HalpIommuInitSystem returned EAX=0x00000000 (success/other) rsp=0xFFFFF8003A675438 exitCount=589261
[iommuret] hit #2748: HalpIommuInitSystem returned EAX=0x00000000 (success/other) rsp=0xFFFFF8003A675438 exitCount=589262
[iommuret] hit #2749: HalpIommuInitSystem returned EAX=0x00000000 (success/other) rsp=0xFFFFF8003A675438 exitCount=589263
[iommuret] hit #2750: HalpIommuInitSystem returned EAX=0x00000000 (success/other) rsp=0xFFFFF8003A675438 exitCount=589264
[iommuret] hit #2751: HalpIommuInitSystem returned EAX=0x00000000 (success/other) rsp=0xFFFFF8003A675438 exitCount=589265
[iommuret] hit #2752: HalpIommuInitSystem returned EAX=0x00000000 (success/other) rsp=0xFFFFF8003A675438 exitCount=589266
[iommuret] hit #2753: HalpIommuInitSystem returned EAX=0x00000000 (success/other) rsp=0xFFFFF8003A675438 exitCount=589267
[iommuret] hit #2754: HalpIommuInitSystem returned EAX=0x00000000 (success/other) rsp=0xFFFFF8003A675438 exitCount=589268
[iommuret] hit #2755: HalpIommuInitSystem returned EAX=0x00000000 (success/other) rsp=0xFFFFF8003A675438 exitCount=589269
[iommuret] hit #2756: HalpIommuInitSystem returned EAX=0x00000000 (success/other) rsp=0xFFFFF8003A675438 exitCount=589270
[iommuret] hit #2757: HalpIommuInitSystem returned EAX=0x00000000 (success/other) rsp=0xFFFFF8003A675438 exitCount=589271
[iommuret] hit #2758: HalpIommuInitSystem returned EAX=0x00000000 (success/other) rsp=0xFFFFF8003A675438 exitCount=589272
[iommuret] hit #2759: HalpIommuInitSystem returned EAX=0x00000000 (success/other) rsp=0xFFFFF8003A675438 exitCount=589273
[iommuret] hit #2760: HalpIommuInitSystem returned EAX=0x00000000 (success/other) rsp=0xFFFFF8003A675438 exitCount=589274
[iommuret] hit #2761: HalpIommuInitSystem returned EAX=0x00000000 (success/other) rsp=0xFFFFF8003A675438 exitCount=589275
[iommuret] hit #2762: HalpIommuInitSystem returned EAX=0x00000000 (success/other) rsp=0xFFFFF8003A675438 exitCount=589276
[iommuret] hit #2763: HalpIommuInitSystem returned EAX=0x00000000 (success/other) rsp=0xFFFFF8003A675438 exitCount=589277
[iommuret] hit #2764: HalpIommuInitSystem returned EAX=0x00000000 (success/other) rsp=0xFFFFF8003A675438 exitCount=589278
[iommuret] hit #2765: HalpIommuInitSystem returned EAX=0x00000000 (success/other) rsp=0xFFFFF8003A675438 exitCount=589279
[iommuret] hit #2766: HalpIommuInitSystem returned EAX=0x00000000 (success/other) rsp=0xFFFFF8003A675438 exitCount=589280
[iommuret] hit #2767: HalpIommuInitSystem returned EAX=0x00000000 (success/other) rsp=0xFFFFF8003A675438 exitCount=589281
[iommuret] hit #2768: HalpIommuInitSystem returned EAX=0x00000000 (success/other) rsp=0xFFFFF8003A675438 exitCount=589282
[iommuret] hit #2769: HalpIommuInitSystem returned EAX=0x00000000 (success/other) rsp=0xFFFFF8003A675438 exitCount=589283
[iommuret] hit #2770: HalpIommuInitSystem returned EAX=0x00000000 (success/other) rsp=0xFFFFF8003A675438 exitCount=589284
[iommuret] hit #2771: HalpIommuInitSystem returned EAX=0x00000000 (success/other) rsp=0xFFFFF8003A675438 exitCount=589285
[iommuret] hit #2772: HalpIommuInitSystem returned EAX=0x00000000 (success/other) rsp=0xFFFFF8003A675438 exitCount=589286
[iommuret] hit #2773: HalpIommuInitSystem returned EAX=0x00000000 (success/other) rsp=0xFFFFF8003A675438 exitCount=589287
[iommuret] hit #2774: HalpIommuInitSystem returned EAX=0x00000000 (success/other) rsp=0xFFFFF8003A675438 exitCount=589288
[iommuret] hit #2775: HalpIommuInitSystem returned EAX=0x00000000 (success/other) rsp=0xFFFFF8003A675438 exitCount=589289
[iommuret] hit #2776: HalpIommuInitSystem returned EAX=0x00000000 (success/other) rsp=0xFFFFF8003A675438 exitCount=589290
[iommuret] hit #2777: HalpIommuInitSystem returned EAX=0x00000000 (success/other) rsp=0xFFFFF8003A675438 exitCount=589291
[iommuret] hit #2778: HalpIommuInitSystem returned EAX=0x00000000 (success/other) rsp=0xFFFFF8003A675438 exitCount=589292
[iommuret] hit #2779: HalpIommuInitSystem returned EAX=0x00000000 (success/other) rsp=0xFFFFF8003A675438 exitCount=589293
[iommuret] hit #2780: HalpIommuInitSystem returned EAX=0x00000000 (success/other) rsp=0xFFFFF8003A675438 exitCount=589294
[iommuret] hit #2781: HalpIommuInitSystem returned EAX=0x00000000 (success/other) rsp=0xFFFFF8003A675438 exitCount=589295
[iommuret] hit #2782: HalpIommuInitSystem returned EAX=0x00000000 (success/other) rsp=0xFFFFF8003A675438 exitCount=589296
[iommuret] hit #2783: HalpIommuInitSystem returned EAX=0x00000000 (success/other) rsp=0xFFFFF8003A675438 exitCount=589297
[iommuret] hit #2784: HalpIommuInitSystem returned EAX=0x00000000 (success/other) rsp=0xFFFFF8003A675438 exitCount=589298
[iommuret] hit #2785: HalpIommuInitSystem returned EAX=0x00000000 (success/other) rsp=0xFFFFF8003A675438 exitCount=589299
[iommuret] hit #2786: HalpIommuInitSystem returned EAX=0x00000000 (success/other) rsp=0xFFFFF8003A675438 exitCount=589300
[iommuret] hit #2787: HalpIommuInitSystem returned EAX=0x00000000 (success/other) rsp=0xFFFFF8003A675438 exitCount=589301
[iommuret] hit #2788: HalpIommuInitSystem returned EAX=0x00000000 (success/other) rsp=0xFFFFF8003A675438 exitCount=589302
[iommuret] hit #2789: HalpIommuInitSystem returned EAX=0x00000000 (success/other) rsp=0xFFFFF8003A675438 exitCount=589303
[iommuret] hit #2790: HalpIommuInitSystem returned EAX=0x00000000 (success/other) rsp=0xFFFFF8003A675438 exitCount=589304
[iommuret] hit #2791: HalpIommuInitSystem returned EAX=0x00000000 (success/other) rsp=0xFFFFF8003A675438 exitCount=589305
[iommuret] hit #2792: HalpIommuInitSystem returned EAX=0x00000000 (success/other) rsp=0xFFFFF8003A675438 exitCount=589306
[iommuret] hit #2793: HalpIommuInitSystem returned EAX=0x00000000 (success/other) rsp=0xFFFFF8003A675438 exitCount=589307
[iommuret] hit #2794: HalpIommuInitSystem returned EAX=0x00000000 (success/other) rsp=0xFFFFF8003A675438 exitCount=589308
[iommuret] hit #2795: HalpIommuInitSystem returned EAX=0x00000000 (success/other) rsp=0xFFFFF8003A675438 exitCount=589309
[iommuret] hit #2796: HalpIommuInitSystem returned EAX=0x00000000 (success/other) rsp=0xFFFFF8003A675438 exitCount=589310
[iommuret] hit #2797: HalpIommuInitSystem returned EAX=0x00000000 (success/other) rsp=0xFFFFF8003A675438 exitCount=589311
[iommuret] hit #2798: HalpIommuInitSystem returned EAX=0x00000000 (success/other) rsp=0xFFFFF8003A675438 exitCount=589312
[iommuret] hit #2799: HalpIommuInitSystem returned EAX=0x00000000 (success/other) rsp=0xFFFFF8003A675438 exitCount=589313
[iommuret] hit #2800: HalpIommuInitSystem returned EAX=0x00000000 (success/other) rsp=0xFFFFF8003A675438 exitCount=589314
[iommuret] hit #2801: HalpIommuInitSystem returned EAX=0x00000000 (success/other) rsp=0xFFFFF8003A675438 exitCount=589315
[iommuret] hit #2802: HalpIommuInitSystem returned EAX=0x00000000 (success/other) rsp=0xFFFFF8003A675438 exitCount=589316
[iommuret] hit #2803: HalpIommuInitSystem returned EAX=0x00000000 (success/other) rsp=0xFFFFF8003A675438 exitCount=589317
[iommuret] hit #2804: HalpIommuInitSystem returned EAX=0x00000000 (success/other) rsp=0xFFFFF8003A675438 exitCount=589318
[iommuret] hit #2805: HalpIommuInitSystem returned EAX=0x00000000 (success/other) rsp=0xFFFFF8003A675438 exitCount=589319
[iommuret] hit #2806: HalpIommuInitSystem returned EAX=0x00000000 (success/other) rsp=0xFFFFF8003A675438 exitCount=589320
[iommuret] hit #2807: HalpIommuInitSystem returned EAX=0x00000000 (success/other) rsp=0xFFFFF8003A675438 exitCount=589321
[iommuret] hit #2808: HalpIommuInitSystem returned EAX=0x00000000 (success/other) rsp=0xFFFFF8003A675438 exitCount=589322
[iommuret] hit #2809: HalpIommuInitSystem returned EAX=0x00000000 (success/other) rsp=0xFFFFF8003A675438 exitCount=589323
[iommuret] hit #2810: HalpIommuInitSystem returned EAX=0x00000000 (success/other) rsp=0xFFFFF8003A675438 exitCount=589324
[iommuret] hit #2811: HalpIommuInitSystem returned EAX=0x00000000 (success/other) rsp=0xFFFFF8003A675438 exitCount=589325
[iommuret] hit #2812: HalpIommuInitSystem returned EAX=0x00000000 (success/other) rsp=0xFFFFF8003A675438 exitCount=589326
[iommuret] hit #2813: HalpIommuInitSystem returned EAX=0x00000000 (success/other) rsp=0xFFFFF8003A675438 exitCount=589327
[iommuret] hit #2814: HalpIommuInitSystem returned EAX=0x00000000 (success/other) rsp=0xFFFFF8003A675438 exitCount=589328
[iommuret] hit #2815: HalpIommuInitSystem returned EAX=0x00000000 (success/other) rsp=0xFFFFF8003A675438 exitCount=589329
[iommuret] hit #2816: HalpIommuInitSystem returned EAX=0x00000000 (success/other) rsp=0xFFFFF8003A675438 exitCount=589330
[iommuret] hit #2817: HalpIommuInitSystem returned EAX=0x00000000 (success/other) rsp=0xFFFFF8003A675438 exitCount=589331
[iommuret] hit #2818: HalpIommuInitSystem returned EAX=0x00000000 (success/other) rsp=0xFFFFF8003A675438 exitCount=589332
[iommuret] hit #2819: HalpIommuInitSystem returned EAX=0x00000000 (success/other) rsp=0xFFFFF8003A675438 exitCount=589333
[iommuret] hit #2820: HalpIommuInitSystem returned EAX=0x00000000 (success/other) rsp=0xFFFFF8003A675438 exitCount=589334
[iommuret] hit #2821: HalpIommuInitSystem returned EAX=0x00000000 (success/other) rsp=0xFFFFF8003A675438 exitCount=589335
[iommuret] hit #2822: HalpIommuInitSystem returned EAX=0x00000000 (success/other) rsp=0xFFFFF8003A675438 exitCount=589336
[iommuret] hit #2823: HalpIommuInitSystem returned EAX=0x00000000 (success/other) rsp=0xFFFFF8003A675438 exitCount=589337
[iommuret] hit #2824: HalpIommuInitSystem returned EAX=0x00000000 (success/other) rsp=0xFFFFF8003A675438 exitCount=589338
[iommuret] hit #2825: HalpIommuInitSystem returned EAX=0x00000000 (success/other) rsp=0xFFFFF8003A675438 exitCount=589339
[iommuret] hit #2826: HalpIommuInitSystem returned EAX=0x00000000 (success/other) rsp=0xFFFFF8003A675438 exitCount=589340
[iommuret] hit #2827: HalpIommuInitSystem returned EAX=0x00000000 (success/other) rsp=0xFFFFF8003A675438 exitCount=589341
[iommuret] hit #2828: HalpIommuInitSystem returned EAX=0x00000000 (success/other) rsp=0xFFFFF8003A675438 exitCount=589342
[iommuret] hit #2829: HalpIommuInitSystem returned EAX=0x00000000 (success/other) rsp=0xFFFFF8003A675438 exitCount=589343
[iommuret] hit #2830: HalpIommuInitSystem returned EAX=0x00000000 (success/other) rsp=0xFFFFF8003A675438 exitCount=589344
[iommuret] hit #2831: HalpIommuInitSystem returned EAX=0x00000000 (success/other) rsp=0xFFFFF8003A675438 exitCount=589345
[iommuret] hit #2832: HalpIommuInitSystem returned EAX=0x00000000 (success/other) rsp=0xFFFFF8003A675438 exitCount=589346
[iommuret] hit #2833: HalpIommuInitSystem returned EAX=0x00000000 (success/other) rsp=0xFFFFF8003A675438 exitCount=589347
[iommuret] hit #2834: HalpIommuInitSystem returned EAX=0x00000000 (success/other) rsp=0xFFFFF8003A675438 exitCount=589348
[iommuret] hit #2835: HalpIommuInitSystem returned EAX=0x00000000 (success/other) rsp=0xFFFFF8003A675438 exitCount=589349
[iommuret] hit #2836: HalpIommuInitSystem returned EAX=0x00000000 (success/other) rsp=0xFFFFF8003A675438 exitCount=589350
[iommuret] hit #2837: HalpIommuInitSystem returned EAX=0x00000000 (success/other) rsp=0xFFFFF8003A675438 exitCount=589351
[iommuret] hit #2838: HalpIommuInitSystem returned EAX=0x00000000 (success/other) rsp=0xFFFFF8003A675438 exitCount=589352
[iommuret] hit #2839: HalpIommuInitSystem returned EAX=0x00000000 (success/other) rsp=0xFFFFF8003A675438 exitCount=589353
[iommuret] hit #2840: HalpIommuInitSystem returned EAX=0x00000000 (success/other) rsp=0xFFFFF8003A675438 exitCount=589354
[iommuret] hit #2841: HalpIommuInitSystem returned EAX=0x00000000 (success/other) rsp=0xFFFFF8003A675438 exitCount=589355
[iommuret] hit #2842: HalpIommuInitSystem returned EAX=0x00000000 (success/other) rsp=0xFFFFF8003A675438 exitCount=589356
[iommuret] hit #2843: HalpIommuInitSystem returned EAX=0x00000000 (success/other) rsp=0xFFFFF8003A675438 exitCount=589357
[iommuret] hit #2844: HalpIommuInitSystem returned EAX=0x00000000 (success/other) rsp=0xFFFFF8003A675438 exitCount=589358
[iommuret] hit #2845: HalpIommuInitSystem returned EAX=0x00000000 (success/other) rsp=0xFFFFF8003A675438 exitCount=589359
[iommuret] hit #2846: HalpIommuInitSystem returned EAX=0x00000000 (success/other) rsp=0xFFFFF8003A675438 exitCount=589360
[iommuret] hit #2847: HalpIommuInitSystem returned EAX=0x00000000 (success/other) rsp=0xFFFFF8003A675438 exitCount=589361
[iommuret] hit #2848: HalpIommuInitSystem returned EAX=0x00000000 (success/other) rsp=0xFFFFF8003A675438 exitCount=589362
[iommuret] hit #2849: HalpIommuInitSystem returned EAX=0x00000000 (success/other) rsp=0xFFFFF8003A675438 exitCount=589363
[iommuret] hit #2850: HalpIommuInitSystem returned EAX=0x00000000 (success/other) rsp=0xFFFFF8003A675438 exitCount=589364
[iommuret] hit #2851: HalpIommuInitSystem returned EAX=0x00000000 (success/other) rsp=0xFFFFF8003A675438 exitCount=589365
[iommuret] hit #2852: HalpIommuInitSystem returned EAX=0x00000000 (success/other) rsp=0xFFFFF8003A675438 exitCount=589366
[iommuret] hit #2853: HalpIommuInitSystem returned EAX=0x00000000 (success/other) rsp=0xFFFFF8003A675438 exitCount=589367
[iommuret] hit #2854: HalpIommuInitSystem returned EAX=0x00000000 (success/other) rsp=0xFFFFF8003A675438 exitCount=589368
[iommuret] hit #2855: HalpIommuInitSystem returned EAX=0x00000000 (success/other) rsp=0xFFFFF8003A675438 exitCount=589369
[iommuret] hit #2856: HalpIommuInitSystem returned EAX=0x00000000 (success/other) rsp=0xFFFFF8003A675438 exitCount=589370
[iommuret] hit #2857: HalpIommuInitSystem returned EAX=0x00000000 (success/other) rsp=0xFFFFF8003A675438 exitCount=589371
[iommuret] hit #2858: HalpIommuInitSystem returned EAX=0x00000000 (success/other) rsp=0xFFFFF8003A675438 exitCount=589372
[iommuret] hit #2859: HalpIommuInitSystem returned EAX=0x00000000 (success/other) rsp=0xFFFFF8003A675438 exitCount=589373
[iommuret] hit #2860: HalpIommuInitSystem returned EAX=0x00000000 (success/other) rsp=0xFFFFF8003A675438 exitCount=589374
[iommuret] hit #2861: HalpIommuInitSystem returned EAX=0x00000000 (success/other) rsp=0xFFFFF8003A675438 exitCount=589375
[iommuret] hit #2862: HalpIommuInitSystem returned EAX=0x00000000 (success/other) rsp=0xFFFFF8003A675438 exitCount=589376
[iommuret] hit #2863: HalpIommuInitSystem returned EAX=0x00000000 (success/other) rsp=0xFFFFF8003A675438 exitCount=589377
[iommuret] hit #2864: HalpIommuInitSystem returned EAX=0x00000000 (success/other) rsp=0xFFFFF8003A675438 exitCount=589378
[iommuret] hit #2865: HalpIommuInitSystem returned EAX=0x00000000 (success/other) rsp=0xFFFFF8003A675438 exitCount=589379
[iommuret] hit #2866: HalpIommuInitSystem returned EAX=0x00000000 (success/other) rsp=0xFFFFF8003A675438 exitCount=589380
[iommuret] hit #2867: HalpIommuInitSystem returned EAX=0x00000000 (success/other) rsp=0xFFFFF8003A675438 exitCount=589381
[iommuret] hit #2868: HalpIommuInitSystem returned EAX=0x00000000 (success/other) rsp=0xFFFFF8003A675438 exitCount=589382
[iommuret] hit #2869: HalpIommuInitSystem returned EAX=0x00000000 (success/other) rsp=0xFFFFF8003A675438 exitCount=589383
[iommuret] hit #2870: HalpIommuInitSystem returned EAX=0x00000000 (success/other) rsp=0xFFFFF8003A675438 exitCount=589384
[iommuret] hit #2871: HalpIommuInitSystem returned EAX=0x00000000 (success/other) rsp=0xFFFFF8003A675438 exitCount=589385
[iommuret] hit #2872: HalpIommuInitSystem returned EAX=0x00000000 (success/other) rsp=0xFFFFF8003A675438 exitCount=589386
[iommuret] hit #2873: HalpIommuInitSystem returned EAX=0x00000000 (success/other) rsp=0xFFFFF8003A675438 exitCount=589387
[iommuret] hit #2874: HalpIommuInitSystem returned EAX=0x00000000 (success/other) rsp=0xFFFFF8003A675438 exitCount=589388
[iommuret] hit #2875: HalpIommuInitSystem returned EAX=0x00000000 (success/other) rsp=0xFFFFF8003A675438 exitCount=589389
[iommuret] hit #2876: HalpIommuInitSystem returned EAX=0x00000000 (success/other) rsp=0xFFFFF8003A675438 exitCount=589390
[iommuret] hit #2877: HalpIommuInitSystem returned EAX=0x00000000 (success/other) rsp=0xFFFFF8003A675438 exitCount=589391
[iommuret] hit #2878: HalpIommuInitSystem returned EAX=0x00000000 (success/other) rsp=0xFFFFF8003A675438 exitCount=589392
[iommuret] hit #2879: HalpIommuInitSystem returned EAX=0x00000000 (success/other) rsp=0xFFFFF8003A675438 exitCount=589393
[iommuret] hit #2880: HalpIommuInitSystem returned EAX=0x00000000 (success/other) rsp=0xFFFFF8003A675438 exitCount=589394
[iommuret] hit #2881: HalpIommuInitSystem returned EAX=0x00000000 (success/other) rsp=0xFFFFF8003A675438 exitCount=589395
[iommuret] hit #2882: HalpIommuInitSystem returned EAX=0x00000000 (success/other) rsp=0xFFFFF8003A675438 exitCount=589396
[iommuret] hit #2883: HalpIommuInitSystem returned EAX=0x00000000 (success/other) rsp=0xFFFFF8003A675438 exitCount=589397
[iommuret] hit #2884: HalpIommuInitSystem returned EAX=0x00000000 (success/other) rsp=0xFFFFF8003A675438 exitCount=589398
[iommuret] hit #2885: HalpIommuInitSystem returned EAX=0x00000000 (success/other) rsp=0xFFFFF8003A675438 exitCount=589399
[iommuret] hit #2886: HalpIommuInitSystem returned EAX=0x00000000 (success/other) rsp=0xFFFFF8003A675438 exitCount=589400
[iommuret] hit #2887: HalpIommuInitSystem returned EAX=0x00000000 (success/other) rsp=0xFFFFF8003A675438 exitCount=589401
[iommuret] hit #2888: HalpIommuInitSystem returned EAX=0x00000000 (success/other) rsp=0xFFFFF8003A675438 exitCount=589402
[iommuret] hit #2889: HalpIommuInitSystem returned EAX=0x00000000 (success/other) rsp=0xFFFFF8003A675438 exitCount=589403
[iommuret] hit #2890: HalpIommuInitSystem returned EAX=0x00000000 (success/other) rsp=0xFFFFF8003A675438 exitCount=589404
[iommuret] hit #2891: HalpIommuInitSystem returned EAX=0x00000000 (success/other) rsp=0xFFFFF8003A675438 exitCount=589405
[iommuret] hit #2892: HalpIommuInitSystem returned EAX=0x00000000 (success/other) rsp=0xFFFFF8003A675438 exitCount=589406
[iommuret] hit #2893: HalpIommuInitSystem returned EAX=0x00000000 (success/other) rsp=0xFFFFF8003A675438 exitCount=589407
[iommuret] hit #2894: HalpIommuInitSystem returned EAX=0x00000000 (success/other) rsp=0xFFFFF8003A675438 exitCount=589408
[iommuret] hit #2895: HalpIommuInitSystem returned EAX=0x00000000 (success/other) rsp=0xFFFFF8003A675438 exitCount=589409
[iommuret] hit #2896: HalpIommuInitSystem returned EAX=0x00000000 (success/other) rsp=0xFFFFF8003A675438 exitCount=589410
[iommuret] hit #2897: HalpIommuInitSystem returned EAX=0x00000000 (success/other) rsp=0xFFFFF8003A675438 exitCount=589411
[iommuret] hit #2898: HalpIommuInitSystem returned EAX=0x00000000 (success/other) rsp=0xFFFFF8003A675438 exitCount=589412
[iommuret] hit #2899: HalpIommuInitSystem returned EAX=0x00000000 (success/other) rsp=0xFFFFF8003A675438 exitCount=589413
[iommuret] hit #2900: HalpIommuInitSystem returned EAX=0x00000000 (success/other) rsp=0xFFFFF8003A675438 exitCount=589414
[iommuret] hit #2901: HalpIommuInitSystem returned EAX=0x00000000 (success/other) rsp=0xFFFFF8003A675438 exitCount=589415
[iommuret] hit #2902: HalpIommuInitSystem returned EAX=0x00000000 (success/other) rsp=0xFFFFF8003A675438 exitCount=589416
[iommuret] hit #2903: HalpIommuInitSystem returned EAX=0x00000000 (success/other) rsp=0xFFFFF8003A675438 exitCount=589417
[iommuret] hit #2904: HalpIommuInitSystem returned EAX=0x00000000 (success/other) rsp=0xFFFFF8003A675438 exitCount=589418
[iommuret] hit #2905: HalpIommuInitSystem returned EAX=0x00000000 (success/other) rsp=0xFFFFF8003A675438 exitCount=589419
[iommuret] hit #2906: HalpIommuInitSystem returned EAX=0x00000000 (success/other) rsp=0xFFFFF8003A675438 exitCount=589420
[iommuret] hit #2907: HalpIommuInitSystem returned EAX=0x00000000 (success/other) rsp=0xFFFFF8003A675438 exitCount=589421
[iommuret] hit #2908: HalpIommuInitSystem returned EAX=0x00000000 (success/other) rsp=0xFFFFF8003A675438 exitCount=589422
[iommuret] hit #2909: HalpIommuInitSystem returned EAX=0x00000000 (success/other) rsp=0xFFFFF8003A675438 exitCount=589423
[iommuret] hit #2910: HalpIommuInitSystem returned EAX=0x00000000 (success/other) rsp=0xFFFFF8003A675438 exitCount=589424
[iommuret] hit #2911: HalpIommuInitSystem returned EAX=0x00000000 (success/other) rsp=0xFFFFF8003A675438 exitCount=589425
[iommuret] hit #2912: HalpIommuInitSystem returned EAX=0x00000000 (success/other) rsp=0xFFFFF8003A675438 exitCount=589426
[iommuret] hit #2913: HalpIommuInitSystem returned EAX=0x00000000 (success/other) rsp=0xFFFFF8003A675438 exitCount=589427
[iommuret] hit #2914: HalpIommuInitSystem returned EAX=0x00000000 (success/other) rsp=0xFFFFF8003A675438 exitCount=589428
[iommuret] hit #2915: HalpIommuInitSystem returned EAX=0x00000000 (success/other) rsp=0xFFFFF8003A675438 exitCount=589429
[iommuret] hit #2916: HalpIommuInitSystem returned EAX=0x00000000 (success/other) rsp=0xFFFFF8003A675438 exitCount=589430
[iommuret] hit #2917: HalpIommuInitSystem returned EAX=0x00000000 (success/other) rsp=0xFFFFF8003A675438 exitCount=589431
[iommuret] hit #2918: HalpIommuInitSystem returned EAX=0x00000000 (success/other) rsp=0xFFFFF8003A675438 exitCount=589432
[iommuret] hit #2919: HalpIommuInitSystem returned EAX=0x00000000 (success/other) rsp=0xFFFFF8003A675438 exitCount=589433
[iommuret] hit #2920: HalpIommuInitSystem returned EAX=0x00000000 (success/other) rsp=0xFFFFF8003A675438 exitCount=589434
[iommuret] hit #2921: HalpIommuInitSystem returned EAX=0x00000000 (success/other) rsp=0xFFFFF8003A675438 exitCount=589435
[iommuret] hit #2922: HalpIommuInitSystem returned EAX=0x00000000 (success/other) rsp=0xFFFFF8003A675438 exitCount=589436
[iommuret] hit #2923: HalpIommuInitSystem returned EAX=0x00000000 (success/other) rsp=0xFFFFF8003A675438 exitCount=589437
[iommuret] hit #2924: HalpIommuInitSystem returned EAX=0x00000000 (success/other) rsp=0xFFFFF8003A675438 exitCount=589438
[iommuret] hit #2925: HalpIommuInitSystem returned EAX=0x00000000 (success/other) rsp=0xFFFFF8003A675438 exitCount=589439
[iommuret] hit #2926: HalpIommuInitSystem returned EAX=0x00000000 (success/other) rsp=0xFFFFF8003A675438 exitCount=589440
[iommuret] hit #2927: HalpIommuInitSystem returned EAX=0x00000000 (success/other) rsp=0xFFFFF8003A675438 exitCount=589441
[iommuret] hit #2928: HalpIommuInitSystem returned EAX=0x00000000 (success/other) rsp=0xFFFFF8003A675438 exitCount=589442
[iommuret] hit #2929: HalpIommuInitSystem returned EAX=0x00000000 (success/other) rsp=0xFFFFF8003A675438 exitCount=589443
[iommuret] hit #2930: HalpIommuInitSystem returned EAX=0x00000000 (success/other) rsp=0xFFFFF8003A675438 exitCount=589444
[iommuret] hit #2931: HalpIommuInitSystem returned EAX=0x00000000 (success/other) rsp=0xFFFFF8003A675438 exitCount=589445
[iommuret] hit #2932: HalpIommuInitSystem returned EAX=0x00000000 (success/other) rsp=0xFFFFF8003A675438 exitCount=589446
[iommuret] hit #2933: HalpIommuInitSystem returned EAX=0x00000000 (success/other) rsp=0xFFFFF8003A675438 exitCount=589447
[iommuret] hit #2934: HalpIommuInitSystem returned EAX=0x00000000 (success/other) rsp=0xFFFFF8003A675438 exitCount=589448
[iommuret] hit #2935: HalpIommuInitSystem returned EAX=0x00000000 (success/other) rsp=0xFFFFF8003A675438 exitCount=589449
[iommuret] hit #2936: HalpIommuInitSystem returned EAX=0x00000000 (success/other) rsp=0xFFFFF8003A675438 exitCount=589450
[iommuret] hit #2937: HalpIommuInitSystem returned EAX=0x00000000 (success/other) rsp=0xFFFFF8003A675438 exitCount=589451
[iommuret] hit #2938: HalpIommuInitSystem returned EAX=0x00000000 (success/other) rsp=0xFFFFF8003A675438 exitCount=589452
[iommuret] hit #2939: HalpIommuInitSystem returned EAX=0x00000000 (success/other) rsp=0xFFFFF8003A675438 exitCount=589453
[iommuret] hit #2940: HalpIommuInitSystem returned EAX=0x00000000 (success/other) rsp=0xFFFFF8003A675438 exitCount=589454
[iommuret] hit #2941: HalpIommuInitSystem returned EAX=0x00000000 (success/other) rsp=0xFFFFF8003A675438 exitCount=589455
[iommuret] hit #2942: HalpIommuInitSystem returned EAX=0x00000000 (success/other) rsp=0xFFFFF8003A675438 exitCount=589456
[iommuret] hit #2943: HalpIommuInitSystem returned EAX=0x00000000 (success/other) rsp=0xFFFFF8003A675438 exitCount=589457
[iommuret] hit #2944: HalpIommuInitSystem returned EAX=0x00000000 (success/other) rsp=0xFFFFF8003A675438 exitCount=589458
[iommuret] hit #2945: HalpIommuInitSystem returned EAX=0x00000000 (success/other) rsp=0xFFFFF8003A675438 exitCount=589459
[iommuret] hit #2946: HalpIommuInitSystem returned EAX=0x00000000 (success/other) rsp=0xFFFFF8003A675438 exitCount=589460
[iommuret] hit #2947: HalpIommuInitSystem returned EAX=0x00000000 (success/other) rsp=0xFFFFF8003A675438 exitCount=589461
[iommuret] hit #2948: HalpIommuInitSystem returned EAX=0x00000000 (success/other) rsp=0xFFFFF8003A675438 exitCount=589462
[iommuret] hit #2949: HalpIommuInitSystem returned EAX=0x00000000 (success/other) rsp=0xFFFFF8003A675438 exitCount=589463
[iommuret] hit #2950: HalpIommuInitSystem returned EAX=0x00000000 (success/other) rsp=0xFFFFF8003A675438 exitCount=589464
[iommuret] hit #2951: HalpIommuInitSystem returned EAX=0x00000000 (success/other) rsp=0xFFFFF8003A675438 exitCount=589465
[iommuret] hit #2952: HalpIommuInitSystem returned EAX=0x00000000 (success/other) rsp=0xFFFFF8003A675438 exitCount=589466
[iommuret] hit #2953: HalpIommuInitSystem returned EAX=0x00000000 (success/other) rsp=0xFFFFF8003A675438 exitCount=589467
[iommuret] hit #2954: HalpIommuInitSystem returned EAX=0x00000000 (success/other) rsp=0xFFFFF8003A675438 exitCount=589468
[iommuret] hit #2955: HalpIommuInitSystem returned EAX=0x00000000 (success/other) rsp=0xFFFFF8003A675438 exitCount=589469
[iommuret] hit #2956: HalpIommuInitSystem returned EAX=0x00000000 (success/other) rsp=0xFFFFF8003A675438 exitCount=589470
[iommuret] hit #2957: HalpIommuInitSystem returned EAX=0x00000000 (success/other) rsp=0xFFFFF8003A675438 exitCount=589471
[iommuret] hit #2958: HalpIommuInitSystem returned EAX=0x00000000 (success/other) rsp=0xFFFFF8003A675438 exitCount=589472
[iommuret] hit #2959: HalpIommuInitSystem returned EAX=0x00000000 (success/other) rsp=0xFFFFF8003A675438 exitCount=589473
[iommuret] hit #2960: HalpIommuInitSystem returned EAX=0x00000000 (success/other) rsp=0xFFFFF8003A675438 exitCount=589474
[iommuret] hit #2961: HalpIommuInitSystem returned EAX=0x00000000 (success/other) rsp=0xFFFFF8003A675438 exitCount=589475
[iommuret] hit #2962: HalpIommuInitSystem returned EAX=0x00000000 (success/other) rsp=0xFFFFF8003A675438 exitCount=589476
[iommuret] hit #2963: HalpIommuInitSystem returned EAX=0x00000000 (success/other) rsp=0xFFFFF8003A675438 exitCount=589477
[iommuret] hit #2964: HalpIommuInitSystem returned EAX=0x00000000 (success/other) rsp=0xFFFFF8003A675438 exitCount=589478
[iommuret] hit #2965: HalpIommuInitSystem returned EAX=0x00000000 (success/other) rsp=0xFFFFF8003A675438 exitCount=589479
[iommuret] hit #2966: HalpIommuInitSystem returned EAX=0x00000000 (success/other) rsp=0xFFFFF8003A675438 exitCount=589480
[iommuret] hit #2967: HalpIommuInitSystem returned EAX=0x00000000 (success/other) rsp=0xFFFFF8003A675438 exitCount=589481
[iommuret] hit #2968: HalpIommuInitSystem returned EAX=0x00000000 (success/other) rsp=0xFFFFF8003A675438 exitCount=589482
[iommuret] hit #2969: HalpIommuInitSystem returned EAX=0x00000000 (success/other) rsp=0xFFFFF8003A675438 exitCount=589483
[iommuret] hit #2970: HalpIommuInitSystem returned EAX=0x00000000 (success/other) rsp=0xFFFFF8003A675438 exitCount=589484
[iommuret] hit #2971: HalpIommuInitSystem returned EAX=0x00000000 (success/other) rsp=0xFFFFF8003A675438 exitCount=589485
[iommuret] hit #2972: HalpIommuInitSystem returned EAX=0x00000000 (success/other) rsp=0xFFFFF8003A675438 exitCount=589486
[iommuret] hit #2973: HalpIommuInitSystem returned EAX=0x00000000 (success/other) rsp=0xFFFFF8003A675438 exitCount=589487
[iommuret] hit #2974: HalpIommuInitSystem returned EAX=0x00000000 (success/other) rsp=0xFFFFF8003A675438 exitCount=589488
[iommuret] hit #2975: HalpIommuInitSystem returned EAX=0x00000000 (success/other) rsp=0xFFFFF8003A675438 exitCount=589489
[iommuret] hit #2976: HalpIommuInitSystem returned EAX=0x00000000 (success/other) rsp=0xFFFFF8003A675438 exitCount=589490
[iommuret] hit #2977: HalpIommuInitSystem returned EAX=0x00000000 (success/other) rsp=0xFFFFF8003A675438 exitCount=589491
[iommuret] hit #2978: HalpIommuInitSystem returned EAX=0x00000000 (success/other) rsp=0xFFFFF8003A675438 exitCount=589492
[iommuret] hit #2979: HalpIommuInitSystem returned EAX=0x00000000 (success/other) rsp=0xFFFFF8003A675438 exitCount=589493
[iommuret] hit #2980: HalpIommuInitSystem returned EAX=0x00000000 (success/other) rsp=0xFFFFF8003A675438 exitCount=589494
[iommuret] hit #2981: HalpIommuInitSystem returned EAX=0x00000000 (success/other) rsp=0xFFFFF8003A675438 exitCount=589495
[iommuret] hit #2982: HalpIommuInitSystem returned EAX=0x00000000 (success/other) rsp=0xFFFFF8003A675438 exitCount=589496
[iommuret] hit #2983: HalpIommuInitSystem returned EAX=0x00000000 (success/other) rsp=0xFFFFF8003A675438 exitCount=589497
[iommuret] hit #2984: HalpIommuInitSystem returned EAX=0x00000000 (success/other) rsp=0xFFFFF8003A675438 exitCount=589498
[iommuret] hit #2985: HalpIommuInitSystem returned EAX=0x00000000 (success/other) rsp=0xFFFFF8003A675438 exitCount=589499
[iommuret] hit #2986: HalpIommuInitSystem returned EAX=0x00000000 (success/other) rsp=0xFFFFF8003A675438 exitCount=589500
[iommuret] hit #2987: HalpIommuInitSystem returned EAX=0x00000000 (success/other) rsp=0xFFFFF8003A675438 exitCount=589501
[iommuret] hit #2988: HalpIommuInitSystem returned EAX=0x00000000 (success/other) rsp=0xFFFFF8003A675438 exitCount=589502
[iommuret] hit #2989: HalpIommuInitSystem returned EAX=0x00000000 (success/other) rsp=0xFFFFF8003A675438 exitCount=589503
[iommuret] hit #2990: HalpIommuInitSystem returned EAX=0x00000000 (success/other) rsp=0xFFFFF8003A675438 exitCount=589504
[iommuret] hit #2991: HalpIommuInitSystem returned EAX=0x00000000 (success/other) rsp=0xFFFFF8003A675438 exitCount=589505
[iommuret] hit #2992: HalpIommuInitSystem returned EAX=0x00000000 (success/other) rsp=0xFFFFF8003A675438 exitCount=589506
[iommuret] hit #2993: HalpIommuInitSystem returned EAX=0x00000000 (success/other) rsp=0xFFFFF8003A675438 exitCount=589507
[iommuret] hit #2994: HalpIommuInitSystem returned EAX=0x00000000 (success/other) rsp=0xFFFFF8003A675438 exitCount=589508
[iommuret] hit #2995: HalpIommuInitSystem returned EAX=0x00000000 (success/other) rsp=0xFFFFF8003A675438 exitCount=589509
[iommuret] hit #2996: HalpIommuInitSystem returned EAX=0x00000000 (success/other) rsp=0xFFFFF8003A675438 exitCount=589510
[iommuret] hit #2997: HalpIommuInitSystem returned EAX=0x00000000 (success/other) rsp=0xFFFFF8003A675438 exitCount=589511
[iommuret] hit #2998: HalpIommuInitSystem returned EAX=0x00000000 (success/other) rsp=0xFFFFF8003A675438 exitCount=589512
[iommuret] hit #2999: HalpIommuInitSystem returned EAX=0x00000000 (success/other) rsp=0xFFFFF8003A675438 exitCount=589513
[iommuret] hit #3000: HalpIommuInitSystem returned EAX=0x00000000 (success/other) rsp=0xFFFFF8003A675438 exitCount=589514
[iommuret] cap reached (3000 hits) -- disabling DR3 for this pass

[BUGCHECK] hit #1: KeBugCheckEx code=0x139 p1=0x3 p2=0xFFFFF8003A674CB0 p3=0xFFFFF8003A674C08 exitCount=589515
[BUGCHECK]   p4=0x0  caller(return)=0xFFFFF80034211AA9[kerneldiag] candidate address 0xFFFFF80034211AA9 resolves to module base 0xFFFFF80033E00000 (+0x411AA9 into it)
[kerneldiag] debug directory: type=2 codeViewRva=0x40970
[kerneldiag] module PDB name: ntkrnlmp.pdb guid=D9424FC4-861E-47C1-0FAD1B35DEC6DCC8 age=1
  (base 0xFFFFF80033E00000 RVA 0x411AA9)
[BUGCHECK]   stack (canonical kernel qwords):
[BUGCHECK]     [rsp+0x00]=0xFFFFF80034211AA9[kerneldiag] candidate address 0xFFFFF80034211AA9 resolves to module base 0xFFFFF80033E00000 (+0x411AA9 into it)
[kerneldiag] debug directory: type=2 codeViewRva=0x40970
[kerneldiag] module PDB name: ntkrnlmp.pdb guid=D9424FC4-861E-47C1-0FAD1B35DEC6DCC8 age=1
  (RVA 0x411AA9)
[BUGCHECK]     [rsp+0x08]=0xFFFFF8003A674FF8[kerneldiag] candidate address 0xFFFFF8003A674FF8 resolves to module base 0xFFFFF8003A3F0000 (+0x284FF8 into it)
[kerneldiag] debug directory: type=2 codeViewRva=0x2174
[kerneldiag] module PDB name: volume.pdb guid=AAF65608-ADE9-794A-A208A2E6534FF85E age=1
  (RVA 0x284FF8)
[BUGCHECK]     [rsp+0x18]=0xFFFFF8003A674A30[kerneldiag] candidate address 0xFFFFF8003A674A30 resolves to module base 0xFFFFF8003A3F0000 (+0x284A30 into it)
[kerneldiag] debug directory: type=2 codeViewRva=0x2174
[kerneldiag] module PDB name: volume.pdb guid=AAF65608-ADE9-794A-A208A2E6534FF85E age=1
  (RVA 0x284A30)
[BUGCHECK]     [rsp+0x30]=0xFFFFF800341D25F9[kerneldiag] candidate address 0xFFFFF800341D25F9 resolves to module base 0xFFFFF80033E00000 (+0x3D25F9 into it)
[kerneldiag] debug directory: type=2 codeViewRva=0x40970
[kerneldiag] module PDB name: ntkrnlmp.pdb guid=D9424FC4-861E-47C1-0FAD1B35DEC6DCC8 age=1
  (RVA 0x3D25F9)
[BUGCHECK]   0x139 EXCEPTION_RECORD.ExceptionAddress=0xFFFFF80034144214[kerneldiag] candidate address 0xFFFFF80034144214 resolves to module base 0xFFFFF80033E00000 (+0x344214 into it)
[kerneldiag] debug directory: type=2 codeViewRva=0x40970
[kerneldiag] module PDB name: ntkrnlmp.pdb guid=D9424FC4-861E-47C1-0FAD1B35DEC6DCC8 age=1
  (RVA 0x344214)  <== DETECTOR
[BUGCHECK]   0x139 TRAP_FRAME.Rip=0xFFFFF80034144214[kerneldiag] candidate address 0xFFFFF80034144214 resolves to module base 0xFFFFF80033E00000 (+0x344214 into it)
[kerneldiag] debug directory: type=2 codeViewRva=0x40970
[kerneldiag] module PDB name: ntkrnlmp.pdb guid=D9424FC4-861E-47C1-0FAD1B35DEC6DCC8 age=1
  (RVA 0x344214)  Rsp=0xFFFFF8003A674E48
[BUGCHECK]   0x139 raw trap-frame qwords 0x00-0xF8:
[BUGCHECK]     tf+0x00=0x0000000000000000
[BUGCHECK]     tf+0x08=0x0000000000000000
[BUGCHECK]     tf+0x10=0x0000000000000000
[BUGCHECK]     tf+0x18=0x0000000000000000
[BUGCHECK]     tf+0x20=0x0000000000000000
[BUGCHECK]     tf+0x28=0x00001F8001000000
[BUGCHECK]     tf+0x30=0x0000000000000000
[BUGCHECK]     tf+0x38=0x0000000000000003  <== (==3, likely rcx/fastfail code)
[BUGCHECK]     tf+0x40=0x0000000000000000
[BUGCHECK]     tf+0x48=0x0000000000000000
[BUGCHECK]     tf+0x50=0x0000000000000008
[BUGCHECK]     tf+0x58=0x0000000000000000
[BUGCHECK]     tf+0x60=0x0000000000000000
[BUGCHECK]     tf+0x68=0x0000000000000000
[BUGCHECK]     tf+0x70=0x0000000000000000
[BUGCHECK]     tf+0x78=0x0000000000000000
[BUGCHECK]     tf+0x80=0x0000000000000000
[BUGCHECK]     tf+0x88=0x0000000000000000
[BUGCHECK]     tf+0x90=0x0056004500440042
[BUGCHECK]     tf+0x98=0x003000300030005F
[BUGCHECK]     tf+0xA0=0x0045005200260031
[BUGCHECK]     tf+0xA8=0x00300030005F0056
[BUGCHECK]     tf+0xB0=0x0055002600310030
[BUGCHECK]     tf+0xB8=0x0030005F00440049
[BUGCHECK]     tf+0xC0=0x0000000000000001
[BUGCHECK]     tf+0xC8=0x0000000000000000
[BUGCHECK]     tf+0xD0=0x0000000000000000
[BUGCHECK]     tf+0xD8=0x0000000000000000
[BUGCHECK]     tf+0xE0=0x0000000000000000
[BUGCHECK]     tf+0xE8=0x0000000000000000
[BUGCHECK]     tf+0xF0=0x0000000000000000
[BUGCHECK]     tf+0xF8=0x0000000000000000
[BUGCHECK]   0x139 full trap-frame scan (off: value -> [Flink,Blink] consistency):
[BUGCHECK]     tf+0x120=0xFFFFF80034B28050[kerneldiag] candidate address 0xFFFFF80034B28050 resolves to module base 0xFFFFF80033E00000 (+0xD28050 into it)
[kerneldiag] debug directory: type=2 codeViewRva=0x40970
[kerneldiag] module PDB name: ntkrnlmp.pdb guid=D9424FC4-861E-47C1-0FAD1B35DEC6DCC8 age=1
 (RVA 0xD28050)
[BUGCHECK]     tf+0x128=0xFFFFF8003404545E[kerneldiag] candidate address 0xFFFFF8003404545E resolves to module base 0xFFFFF80033E00000 (+0x24545E into it)
[kerneldiag] debug directory: type=2 codeViewRva=0x40970
[kerneldiag] module PDB name: ntkrnlmp.pdb guid=D9424FC4-861E-47C1-0FAD1B35DEC6DCC8 age=1
 (RVA 0x24545E)
[BUGCHECK]     tf+0x130=0xFFFFF80034B27A00[kerneldiag] candidate address 0xFFFFF80034B27A00 resolves to module base 0xFFFFF80033E00000 (+0xD27A00 into it)
[kerneldiag] debug directory: type=2 codeViewRva=0x40970
[kerneldiag] module PDB name: ntkrnlmp.pdb guid=D9424FC4-861E-47C1-0FAD1B35DEC6DCC8 age=1
 (RVA 0xD27A00)
[BUGCHECK]     tf+0x168=0xFFFFF80034144214[kerneldiag] candidate address 0xFFFFF80034144214 resolves to module base 0xFFFFF80033E00000 (+0x344214 into it)
[kerneldiag] debug directory: type=2 codeViewRva=0x40970
[kerneldiag] module PDB name: ntkrnlmp.pdb guid=D9424FC4-861E-47C1-0FAD1B35DEC6DCC8 age=1
 (RVA 0x344214)
[BUGCHECK]     tf+0x180=0xFFFFF8003A674E48[kerneldiag] candidate address 0xFFFFF8003A674E48 resolves to module base 0xFFFFF8003A3F0000 (+0x284E48 into it)
[kerneldiag] debug directory: type=2 codeViewRva=0x2174
[kerneldiag] module PDB name: volume.pdb guid=AAF65608-ADE9-794A-A208A2E6534FF85E age=1
 (RVA 0x284E48)
[BUGCHECK]   0x139 crashing-thread stack scan (0x400, broadened LIST_ENTRY test):
[kerneldiag] candidate address 0xFFFFF80034143B64 resolves to module base 0xFFFFF80033E00000 (+0x343B64 into it)
[kerneldiag] debug directory: type=2 codeViewRva=0x40970
[kerneldiag] module PDB name: ntkrnlmp.pdb guid=D9424FC4-861E-47C1-0FAD1B35DEC6DCC8 age=1
[kerneldiag] no PE header found scanning VA back from 0xFFFFFFFFFFFFFFFF
[kerneldiag] candidate address 0xFFFFF8003409F612 resolves to module base 0xFFFFF80033E00000 (+0x29F612 into it)
[kerneldiag] debug directory: type=2 codeViewRva=0x40970
[kerneldiag] module PDB name: ntkrnlmp.pdb guid=D9424FC4-861E-47C1-0FAD1B35DEC6DCC8 age=1
[kerneldiag] candidate address 0xFFFFF8003A674FB0 resolves to module base 0xFFFFF8003A3F0000 (+0x284FB0 into it)
[kerneldiag] debug directory: type=2 codeViewRva=0x2174
[kerneldiag] module PDB name: volume.pdb guid=AAF65608-ADE9-794A-A208A2E6534FF85E age=1
[kerneldiag] candidate address 0xFFFFF800340382C6 resolves to module base 0xFFFFF80033E00000 (+0x2382C6 into it)
[kerneldiag] debug directory: type=2 codeViewRva=0x40970
[kerneldiag] module PDB name: ntkrnlmp.pdb guid=D9424FC4-861E-47C1-0FAD1B35DEC6DCC8 age=1
[kerneldiag] no PE header found scanning VA back from 0xFFFF9F4500000000
[kerneldiag] no PE header found scanning VA back from 0xFFFFFFFFFFFFFFFF
[kerneldiag] candidate address 0xFFFFF800341A75D0 resolves to module base 0xFFFFF80033E00000 (+0x3A75D0 into it)
[kerneldiag] debug directory: type=2 codeViewRva=0x40970
[kerneldiag] module PDB name: ntkrnlmp.pdb guid=D9424FC4-861E-47C1-0FAD1B35DEC6DCC8 age=1
[kerneldiag] candidate address 0xFFFFF80033E08160 resolves to module base 0xFFFFF80033E00000 (+0x8160 into it)
[kerneldiag] debug directory: type=2 codeViewRva=0x40970
[kerneldiag] module PDB name: ntkrnlmp.pdb guid=D9424FC4-861E-47C1-0FAD1B35DEC6DCC8 age=1
[kerneldiag] candidate address 0xFFFFF8003A675130 resolves to module base 0xFFFFF8003A3F0000 (+0x285130 into it)
[kerneldiag] debug directory: type=2 codeViewRva=0x2174
[kerneldiag] module PDB name: volume.pdb guid=AAF65608-ADE9-794A-A208A2E6534FF85E age=1
[kerneldiag] candidate address 0xFFFFF8003A674FFF resolves to module base 0xFFFFF8003A3F0000 (+0x284FFF into it)
[kerneldiag] debug directory: type=2 codeViewRva=0x2174
[kerneldiag] module PDB name: volume.pdb guid=AAF65608-ADE9-794A-A208A2E6534FF85E age=1
[kerneldiag] candidate address 0xFFFFF8003A6750F0 resolves to module base 0xFFFFF8003A3F0000 (+0x2850F0 into it)
[kerneldiag] debug directory: type=2 codeViewRva=0x2174
[kerneldiag] module PDB name: volume.pdb guid=AAF65608-ADE9-794A-A208A2E6534FF85E age=1
[kerneldiag] candidate address 0xFFFFF8003A675030 resolves to module base 0xFFFFF8003A3F0000 (+0x285030 into it)
[kerneldiag] debug directory: type=2 codeViewRva=0x2174
[kerneldiag] module PDB name: volume.pdb guid=AAF65608-ADE9-794A-A208A2E6534FF85E age=1
[kerneldiag] candidate address 0xFFFFF8003A675197 resolves to module base 0xFFFFF8003A3F0000 (+0x285197 into it)
[kerneldiag] debug directory: type=2 codeViewRva=0x2174
[kerneldiag] module PDB name: volume.pdb guid=AAF65608-ADE9-794A-A208A2E6534FF85E age=1
[kerneldiag] candidate address 0xFFFFF8003A675130 resolves to module base 0xFFFFF8003A3F0000 (+0x285130 into it)
[kerneldiag] debug directory: type=2 codeViewRva=0x2174
[kerneldiag] module PDB name: volume.pdb guid=AAF65608-ADE9-794A-A208A2E6534FF85E age=1
[kerneldiag] candidate address 0xFFFFF8003A675070 resolves to module base 0xFFFFF8003A3F0000 (+0x285070 into it)
[kerneldiag] debug directory: type=2 codeViewRva=0x2174
[kerneldiag] module PDB name: volume.pdb guid=AAF65608-ADE9-794A-A208A2E6534FF85E age=1
[kerneldiag] candidate address 0xFFFFF800341D65B3 resolves to module base 0xFFFFF80033E00000 (+0x3D65B3 into it)
[kerneldiag] debug directory: type=2 codeViewRva=0x40970
[kerneldiag] module PDB name: ntkrnlmp.pdb guid=D9424FC4-861E-47C1-0FAD1B35DEC6DCC8 age=1
[kerneldiag] candidate address 0xFFFFF8003A675130 resolves to module base 0xFFFFF8003A3F0000 (+0x285130 into it)
[kerneldiag] debug directory: type=2 codeViewRva=0x2174
[kerneldiag] module PDB name: volume.pdb guid=AAF65608-ADE9-794A-A208A2E6534FF85E age=1
[kerneldiag] candidate address 0xFFFFF800341D6578 resolves to module base 0xFFFFF80033E00000 (+0x3D6578 into it)
[kerneldiag] debug directory: type=2 codeViewRva=0x40970
[kerneldiag] module PDB name: ntkrnlmp.pdb guid=D9424FC4-861E-47C1-0FAD1B35DEC6DCC8 age=1
[kerneldiag] candidate address 0xFFFFF8003A675130 resolves to module base 0xFFFFF8003A3F0000 (+0x285130 into it)
[kerneldiag] debug directory: type=2 codeViewRva=0x2174
[kerneldiag] module PDB name: volume.pdb guid=AAF65608-ADE9-794A-A208A2E6534FF85E age=1
[kerneldiag] candidate address 0xFFFFF8003A6750E1 resolves to module base 0xFFFFF8003A3F0000 (+0x2850E1 into it)
[kerneldiag] debug directory: type=2 codeViewRva=0x2174
[kerneldiag] module PDB name: volume.pdb guid=AAF65608-ADE9-794A-A208A2E6534FF85E age=1
[kerneldiag] candidate address 0xFFFFF80034036CA1 resolves to module base 0xFFFFF80033E00000 (+0x236CA1 into it)
[kerneldiag] debug directory: type=2 codeViewRva=0x40970
[kerneldiag] module PDB name: ntkrnlmp.pdb guid=D9424FC4-861E-47C1-0FAD1B35DEC6DCC8 age=1
[kerneldiag] candidate address 0xFFFFF8003A675050 resolves to module base 0xFFFFF8003A3F0000 (+0x285050 into it)
[kerneldiag] debug directory: type=2 codeViewRva=0x2174
[kerneldiag] module PDB name: volume.pdb guid=AAF65608-ADE9-794A-A208A2E6534FF85E age=1
[kerneldiag] candidate address 0xFFFFF8003A6751E0 resolves to module base 0xFFFFF8003A3F0000 (+0x2851E0 into it)
[kerneldiag] debug directory: type=2 codeViewRva=0x2174
[kerneldiag] module PDB name: volume.pdb guid=AAF65608-ADE9-794A-A208A2E6534FF85E age=1
[kerneldiag] no PE header found scanning VA back from 0xFFFF9F4578B91097
[kerneldiag] candidate address 0xFFFFF8003A675300 resolves to module base 0xFFFFF8003A3F0000 (+0x285300 into it)
[kerneldiag] debug directory: type=2 codeViewRva=0x2174
[kerneldiag] module PDB name: volume.pdb guid=AAF65608-ADE9-794A-A208A2E6534FF85E age=1
[kerneldiag] candidate address 0xFFFFF800341B3393 resolves to module base 0xFFFFF80033E00000 (+0x3B3393 into it)
[kerneldiag] debug directory: type=2 codeViewRva=0x40970
[kerneldiag] module PDB name: ntkrnlmp.pdb guid=D9424FC4-861E-47C1-0FAD1B35DEC6DCC8 age=1
[kerneldiag] candidate address 0xFFFFF8003A6750F0 resolves to module base 0xFFFFF8003A3F0000 (+0x2850F0 into it)
[kerneldiag] debug directory: type=2 codeViewRva=0x2174
[kerneldiag] module PDB name: volume.pdb guid=AAF65608-ADE9-794A-A208A2E6534FF85E age=1
[kerneldiag] candidate address 0xFFFFF8003A6751E0 resolves to module base 0xFFFFF8003A3F0000 (+0x2851E0 into it)
[kerneldiag] debug directory: type=2 codeViewRva=0x2174
[kerneldiag] module PDB name: volume.pdb guid=AAF65608-ADE9-794A-A208A2E6534FF85E age=1
[kerneldiag] candidate address 0xFFFFF800341B32EE resolves to module base 0xFFFFF80033E00000 (+0x3B32EE into it)
[kerneldiag] debug directory: type=2 codeViewRva=0x40970
[kerneldiag] module PDB name: ntkrnlmp.pdb guid=D9424FC4-861E-47C1-0FAD1B35DEC6DCC8 age=1
[kerneldiag] candidate address 0xFFFFF800341A1FFA resolves to module base 0xFFFFF80033E00000 (+0x3A1FFA into it)
[kerneldiag] debug directory: type=2 codeViewRva=0x40970
[kerneldiag] module PDB name: ntkrnlmp.pdb guid=D9424FC4-861E-47C1-0FAD1B35DEC6DCC8 age=1
[kerneldiag] no PE header found scanning VA back from 0xFFFFF8000000004B
[kerneldiag] candidate address 0xFFFFF8003A675130 resolves to module base 0xFFFFF8003A3F0000 (+0x285130 into it)
[kerneldiag] debug directory: type=2 codeViewRva=0x2174
[kerneldiag] module PDB name: volume.pdb guid=AAF65608-ADE9-794A-A208A2E6534FF85E age=1
[kerneldiag] candidate address 0xFFFFF800341BBB6E resolves to module base 0xFFFFF80033E00000 (+0x3BBB6E into it)
[kerneldiag] debug directory: type=2 codeViewRva=0x40970
[kerneldiag] module PDB name: ntkrnlmp.pdb guid=D9424FC4-861E-47C1-0FAD1B35DEC6DCC8 age=1
[kerneldiag] candidate address 0xFFFFF80033E08160 resolves to module base 0xFFFFF80033E00000 (+0x8160 into it)
[kerneldiag] debug directory: type=2 codeViewRva=0x40970
[kerneldiag] module PDB name: ntkrnlmp.pdb guid=D9424FC4-861E-47C1-0FAD1B35DEC6DCC8 age=1
[kerneldiag] candidate address 0xFFFFF800347B7074 resolves to module base 0xFFFFF80033E00000 (+0x9B7074 into it)
[kerneldiag] debug directory: type=2 codeViewRva=0x40970
[kerneldiag] module PDB name: ntkrnlmp.pdb guid=D9424FC4-861E-47C1-0FAD1B35DEC6DCC8 age=1
[kerneldiag] candidate address 0xFFFFF8003A675270 resolves to module base 0xFFFFF8003A3F0000 (+0x285270 into it)
[kerneldiag] debug directory: type=2 codeViewRva=0x2174
[kerneldiag] module PDB name: volume.pdb guid=AAF65608-ADE9-794A-A208A2E6534FF85E age=1
[kerneldiag] no PE header found scanning VA back from 0xFFFFFD7B30646142
[kerneldiag] no PE header found scanning VA back from 0xFFFFF80000000000
[kerneldiag] no PE header found scanning VA back from 0xFFFFF80030E285F0
[kerneldiag] candidate address 0xFFFFF800341DC921 resolves to module base 0xFFFFF80033E00000 (+0x3DC921 into it)
[kerneldiag] debug directory: type=2 codeViewRva=0x40970
[kerneldiag] module PDB name: ntkrnlmp.pdb guid=D9424FC4-861E-47C1-0FAD1B35DEC6DCC8 age=1
[kerneldiag] candidate address 0xFFFFF8003A675209 resolves to module base 0xFFFFF8003A3F0000 (+0x285209 into it)
[kerneldiag] debug directory: type=2 codeViewRva=0x2174
[kerneldiag] module PDB name: volume.pdb guid=AAF65608-ADE9-794A-A208A2E6534FF85E age=1
[kerneldiag] no PE header found scanning VA back from 0xFFFFF80000000000
[kerneldiag] candidate address 0xFFFFF800341B2A7B resolves to module base 0xFFFFF80033E00000 (+0x3B2A7B into it)
[kerneldiag] debug directory: type=2 codeViewRva=0x40970
[kerneldiag] module PDB name: ntkrnlmp.pdb guid=D9424FC4-861E-47C1-0FAD1B35DEC6DCC8 age=1
[kerneldiag] no PE header found scanning VA back from 0xFFFFF7D680001568
[kerneldiag] no PE header found scanning VA back from 0xFFFF9F4578B90EC7
[kerneldiag] candidate address 0xFFFFF800341B2A7B resolves to module base 0xFFFFF80033E00000 (+0x3B2A7B into it)
[kerneldiag] debug directory: type=2 codeViewRva=0x40970
[kerneldiag] module PDB name: ntkrnlmp.pdb guid=D9424FC4-861E-47C1-0FAD1B35DEC6DCC8 age=1
[kerneldiag] no PE header found scanning VA back from 0xFFFFF7D680001568
[kerneldiag] no PE header found scanning VA back from 0xFFFFF80030E285F0
[kerneldiag] candidate address 0xFFFFF80033E08160 resolves to module base 0xFFFFF80033E00000 (+0x8160 into it)
[kerneldiag] debug directory: type=2 codeViewRva=0x40970
[kerneldiag] module PDB name: ntkrnlmp.pdb guid=D9424FC4-861E-47C1-0FAD1B35DEC6DCC8 age=1
[BUGCHECK]   0x139 recovered rbx(bucket listhead)=0x18
[watchdog] STALL #1 (exitCount=589516 unchanged for 2s): rip=0xFFFFF800342BE7E2 rsp=0xFFFFF8003A688D80 rax=0xFFFFF800342BE7D0 rcx=0xF rdx=0xF rbx=0x0 cr3=0x1AD002 cr8(irql)=0xF(HIGH_LEVEL)
[watchdog] STALL #2 (exitCount=589516 unchanged for 4s): rip=0xFFFFF800342BE7FB rsp=0xFFFFF8003A688D80 rax=0xFFFFF800342BE7D0 rcx=0xF rdx=0xF rbx=0x0 cr3=0x1AD002 cr8(irql)=0xF(HIGH_LEVEL)
[kerneldiag] found PE header for owning module at guest VA 0xFFFFF80033E00000 (rip=0xFFFFF800342BE7FB, +0x4BE7FB into it)
[kerneldiag] debug directory: type=2 codeViewRva=0x40970
[kerneldiag] module PDB name: ntkrnlmp.pdb guid=D9424FC4-861E-47C1-0FAD1B35DEC6DCC8 age=1
[kerneldiag] last 512 PCI config accesses before this stall:
  bus=240 dev=0 func=0 off=0x00 write=0 val=0xFFFFFFFF
  bus=240 dev=1 func=0 off=0x00 write=0 val=0xFFFFFFFF
  bus=240 dev=2 func=0 off=0x00 write=0 val=0xFFFFFFFF
  bus=240 dev=3 func=0 off=0x00 write=0 val=0xFFFFFFFF
  bus=240 dev=4 func=0 off=0x00 write=0 val=0xFFFFFFFF
  bus=240 dev=5 func=0 off=0x00 write=0 val=0xFFFFFFFF
  bus=240 dev=6 func=0 off=0x00 write=0 val=0xFFFFFFFF
  bus=240 dev=7 func=0 off=0x00 write=0 val=0xFFFFFFFF
  bus=240 dev=8 func=0 off=0x00 write=0 val=0xFFFFFFFF
  bus=240 dev=9 func=0 off=0x00 write=0 val=0xFFFFFFFF
  bus=240 dev=10 func=0 off=0x00 write=0 val=0xFFFFFFFF
  bus=240 dev=11 func=0 off=0x00 write=0 val=0xFFFFFFFF
  bus=240 dev=12 func=0 off=0x00 write=0 val=0xFFFFFFFF
  bus=240 dev=13 func=0 off=0x00 write=0 val=0xFFFFFFFF
  bus=240 dev=14 func=0 off=0x00 write=0 val=0xFFFFFFFF
  bus=240 dev=15 func=0 off=0x00 write=0 val=0xFFFFFFFF
  bus=240 dev=16 func=0 off=0x00 write=0 val=0xFFFFFFFF
  bus=240 dev=17 func=0 off=0x00 write=0 val=0xFFFFFFFF
  bus=240 dev=18 func=0 off=0x00 write=0 val=0xFFFFFFFF
  bus=240 dev=19 func=0 off=0x00 write=0 val=0xFFFFFFFF
  bus=240 dev=20 func=0 off=0x00 write=0 val=0xFFFFFFFF
  bus=240 dev=21 func=0 off=0x00 write=0 val=0xFFFFFFFF
  bus=240 dev=22 func=0 off=0x00 write=0 val=0xFFFFFFFF
  bus=240 dev=23 func=0 off=0x00 write=0 val=0xFFFFFFFF
  bus=240 dev=24 func=0 off=0x00 write=0 val=0xFFFFFFFF
  bus=240 dev=25 func=0 off=0x00 write=0 val=0xFFFFFFFF
  bus=240 dev=26 func=0 off=0x00 write=0 val=0xFFFFFFFF
  bus=240 dev=27 func=0 off=0x00 write=0 val=0xFFFFFFFF
  bus=240 dev=28 func=0 off=0x00 write=0 val=0xFFFFFFFF
  bus=240 dev=29 func=0 off=0x00 write=0 val=0xFFFFFFFF
  bus=240 dev=30 func=0 off=0x00 write=0 val=0xFFFFFFFF
  bus=240 dev=31 func=0 off=0x00 write=0 val=0xFFFFFFFF
  bus=241 dev=0 func=0 off=0x00 write=0 val=0xFFFFFFFF
  bus=241 dev=1 func=0 off=0x00 write=0 val=0xFFFFFFFF
  bus=241 dev=2 func=0 off=0x00 write=0 val=0xFFFFFFFF
  bus=241 dev=3 func=0 off=0x00 write=0 val=0xFFFFFFFF
  bus=241 dev=4 func=0 off=0x00 write=0 val=0xFFFFFFFF
  bus=241 dev=5 func=0 off=0x00 write=0 val=0xFFFFFFFF
  bus=241 dev=6 func=0 off=0x00 write=0 val=0xFFFFFFFF
  bus=241 dev=7 func=0 off=0x00 write=0 val=0xFFFFFFFF
  bus=241 dev=8 func=0 off=0x00 write=0 val=0xFFFFFFFF
  bus=241 dev=9 func=0 off=0x00 write=0 val=0xFFFFFFFF
  bus=241 dev=10 func=0 off=0x00 write=0 val=0xFFFFFFFF
  bus=241 dev=11 func=0 off=0x00 write=0 val=0xFFFFFFFF
  bus=241 dev=12 func=0 off=0x00 write=0 val=0xFFFFFFFF
  bus=241 dev=13 func=0 off=0x00 write=0 val=0xFFFFFFFF
  bus=241 dev=14 func=0 off=0x00 write=0 val=0xFFFFFFFF
  bus=241 dev=15 func=0 off=0x00 write=0 val=0xFFFFFFFF
  bus=241 dev=16 func=0 off=0x00 write=0 val=0xFFFFFFFF
  bus=241 dev=17 func=0 off=0x00 write=0 val=0xFFFFFFFF
  bus=241 dev=18 func=0 off=0x00 write=0 val=0xFFFFFFFF
  bus=241 dev=19 func=0 off=0x00 write=0 val=0xFFFFFFFF
  bus=241 dev=20 func=0 off=0x00 write=0 val=0xFFFFFFFF
  bus=241 dev=21 func=0 off=0x00 write=0 val=0xFFFFFFFF
  bus=241 dev=22 func=0 off=0x00 write=0 val=0xFFFFFFFF
  bus=241 dev=23 func=0 off=0x00 write=0 val=0xFFFFFFFF
  bus=241 dev=24 func=0 off=0x00 write=0 val=0xFFFFFFFF
  bus=241 dev=25 func=0 off=0x00 write=0 val=0xFFFFFFFF
  bus=241 dev=26 func=0 off=0x00 write=0 val=0xFFFFFFFF
  bus=241 dev=27 func=0 off=0x00 write=0 val=0xFFFFFFFF
  bus=241 dev=28 func=0 off=0x00 write=0 val=0xFFFFFFFF
  bus=241 dev=29 func=0 off=0x00 write=0 val=0xFFFFFFFF
  bus=241 dev=30 func=0 off=0x00 write=0 val=0xFFFFFFFF
  bus=241 dev=31 func=0 off=0x00 write=0 val=0xFFFFFFFF
  bus=242 dev=0 func=0 off=0x00 write=0 val=0xFFFFFFFF
  bus=242 dev=1 func=0 off=0x00 write=0 val=0xFFFFFFFF
  bus=242 dev=2 func=0 off=0x00 write=0 val=0xFFFFFFFF
  bus=242 dev=3 func=0 off=0x00 write=0 val=0xFFFFFFFF
  bus=242 dev=4 func=0 off=0x00 write=0 val=0xFFFFFFFF
  bus=242 dev=5 func=0 off=0x00 write=0 val=0xFFFFFFFF
  bus=242 dev=6 func=0 off=0x00 write=0 val=0xFFFFFFFF
  bus=242 dev=7 func=0 off=0x00 write=0 val=0xFFFFFFFF
  bus=242 dev=8 func=0 off=0x00 write=0 val=0xFFFFFFFF
  bus=242 dev=9 func=0 off=0x00 write=0 val=0xFFFFFFFF
  bus=242 dev=10 func=0 off=0x00 write=0 val=0xFFFFFFFF
  bus=242 dev=11 func=0 off=0x00 write=0 val=0xFFFFFFFF
  bus=242 dev=12 func=0 off=0x00 write=0 val=0xFFFFFFFF
  bus=242 dev=13 func=0 off=0x00 write=0 val=0xFFFFFFFF
  bus=242 dev=14 func=0 off=0x00 write=0 val=0xFFFFFFFF
  bus=242 dev=15 func=0 off=0x00 write=0 val=0xFFFFFFFF
  bus=242 dev=16 func=0 off=0x00 write=0 val=0xFFFFFFFF
  bus=242 dev=17 func=0 off=0x00 write=0 val=0xFFFFFFFF
  bus=242 dev=18 func=0 off=0x00 write=0 val=0xFFFFFFFF
  bus=242 dev=19 func=0 off=0x00 write=0 val=0xFFFFFFFF
  bus=242 dev=20 func=0 off=0x00 write=0 val=0xFFFFFFFF
  bus=242 dev=21 func=0 off=0x00 write=0 val=0xFFFFFFFF
  bus=242 dev=22 func=0 off=0x00 write=0 val=0xFFFFFFFF
  bus=242 dev=23 func=0 off=0x00 write=0 val=0xFFFFFFFF
  bus=242 dev=24 func=0 off=0x00 write=0 val=0xFFFFFFFF
  bus=242 dev=25 func=0 off=0x00 write=0 val=0xFFFFFFFF
  bus=242 dev=26 func=0 off=0x00 write=0 val=0xFFFFFFFF
  bus=242 dev=27 func=0 off=0x00 write=0 val=0xFFFFFFFF
  bus=242 dev=28 func=0 off=0x00 write=0 val=0xFFFFFFFF
  bus=242 dev=29 func=0 off=0x00 write=0 val=0xFFFFFFFF
  bus=242 dev=30 func=0 off=0x00 write=0 val=0xFFFFFFFF
  bus=242 dev=31 func=0 off=0x00 write=0 val=0xFFFFFFFF
  bus=243 dev=0 func=0 off=0x00 write=0 val=0xFFFFFFFF
  bus=243 dev=1 func=0 off=0x00 write=0 val=0xFFFFFFFF
  bus=243 dev=2 func=0 off=0x00 write=0 val=0xFFFFFFFF
  bus=243 dev=3 func=0 off=0x00 write=0 val=0xFFFFFFFF
  bus=243 dev=4 func=0 off=0x00 write=0 val=0xFFFFFFFF
  bus=243 dev=5 func=0 off=0x00 write=0 val=0xFFFFFFFF
  bus=243 dev=6 func=0 off=0x00 write=0 val=0xFFFFFFFF
  bus=243 dev=7 func=0 off=0x00 write=0 val=0xFFFFFFFF
  bus=243 dev=8 func=0 off=0x00 write=0 val=0xFFFFFFFF
  bus=243 dev=9 func=0 off=0x00 write=0 val=0xFFFFFFFF
  bus=243 dev=10 func=0 off=0x00 write=0 val=0xFFFFFFFF
  bus=243 dev=11 func=0 off=0x00 write=0 val=0xFFFFFFFF
  bus=243 dev=12 func=0 off=0x00 write=0 val=0xFFFFFFFF
  bus=243 dev=13 func=0 off=0x00 write=0 val=0xFFFFFFFF
  bus=243 dev=14 func=0 off=0x00 write=0 val=0xFFFFFFFF
  bus=243 dev=15 func=0 off=0x00 write=0 val=0xFFFFFFFF
  bus=243 dev=16 func=0 off=0x00 write=0 val=0xFFFFFFFF
  bus=243 dev=17 func=0 off=0x00 write=0 val=0xFFFFFFFF
  bus=243 dev=18 func=0 off=0x00 write=0 val=0xFFFFFFFF
  bus=243 dev=19 func=0 off=0x00 write=0 val=0xFFFFFFFF
  bus=243 dev=20 func=0 off=0x00 write=0 val=0xFFFFFFFF
  bus=243 dev=21 func=0 off=0x00 write=0 val=0xFFFFFFFF
  bus=243 dev=22 func=0 off=0x00 write=0 val=0xFFFFFFFF
  bus=243 dev=23 func=0 off=0x00 write=0 val=0xFFFFFFFF
  bus=243 dev=24 func=0 off=0x00 write=0 val=0xFFFFFFFF
  bus=243 dev=25 func=0 off=0x00 write=0 val=0xFFFFFFFF
  bus=243 dev=26 func=0 off=0x00 write=0 val=0xFFFFFFFF
  bus=243 dev=27 func=0 off=0x00 write=0 val=0xFFFFFFFF
  bus=243 dev=28 func=0 off=0x00 write=0 val=0xFFFFFFFF
  bus=243 dev=29 func=0 off=0x00 write=0 val=0xFFFFFFFF
  bus=243 dev=30 func=0 off=0x00 write=0 val=0xFFFFFFFF
  bus=243 dev=31 func=0 off=0x00 write=0 val=0xFFFFFFFF
  bus=244 dev=0 func=0 off=0x00 write=0 val=0xFFFFFFFF
  bus=244 dev=1 func=0 off=0x00 write=0 val=0xFFFFFFFF
  bus=244 dev=2 func=0 off=0x00 write=0 val=0xFFFFFFFF
  bus=244 dev=3 func=0 off=0x00 write=0 val=0xFFFFFFFF
  bus=244 dev=4 func=0 off=0x00 write=0 val=0xFFFFFFFF
  bus=244 dev=5 func=0 off=0x00 write=0 val=0xFFFFFFFF
  bus=244 dev=6 func=0 off=0x00 write=0 val=0xFFFFFFFF
  bus=244 dev=7 func=0 off=0x00 write=0 val=0xFFFFFFFF
  bus=244 dev=8 func=0 off=0x00 write=0 val=0xFFFFFFFF
  bus=244 dev=9 func=0 off=0x00 write=0 val=0xFFFFFFFF
  bus=244 dev=10 func=0 off=0x00 write=0 val=0xFFFFFFFF
  bus=244 dev=11 func=0 off=0x00 write=0 val=0xFFFFFFFF
  bus=244 dev=12 func=0 off=0x00 write=0 val=0xFFFFFFFF
  bus=244 dev=13 func=0 off=0x00 write=0 val=0xFFFFFFFF
  bus=244 dev=14 func=0 off=0x00 write=0 val=0xFFFFFFFF
  bus=244 dev=15 func=0 off=0x00 write=0 val=0xFFFFFFFF
  bus=244 dev=16 func=0 off=0x00 write=0 val=0xFFFFFFFF
  bus=244 dev=17 func=0 off=0x00 write=0 val=0xFFFFFFFF
  bus=244 dev=18 func=0 off=0x00 write=0 val=0xFFFFFFFF
  bus=244 dev=19 func=0 off=0x00 write=0 val=0xFFFFFFFF
  bus=244 dev=20 func=0 off=0x00 write=0 val=0xFFFFFFFF
  bus=244 dev=21 func=0 off=0x00 write=0 val=0xFFFFFFFF
  bus=244 dev=22 func=0 off=0x00 write=0 val=0xFFFFFFFF
  bus=244 dev=23 func=0 off=0x00 write=0 val=0xFFFFFFFF
  bus=244 dev=24 func=0 off=0x00 write=0 val=0xFFFFFFFF
  bus=244 dev=25 func=0 off=0x00 write=0 val=0xFFFFFFFF
  bus=244 dev=26 func=0 off=0x00 write=0 val=0xFFFFFFFF
  bus=244 dev=27 func=0 off=0x00 write=0 val=0xFFFFFFFF
  bus=244 dev=28 func=0 off=0x00 write=0 val=0xFFFFFFFF
  bus=244 dev=29 func=0 off=0x00 write=0 val=0xFFFFFFFF
  bus=244 dev=30 func=0 off=0x00 write=0 val=0xFFFFFFFF
  bus=244 dev=31 func=0 off=0x00 write=0 val=0xFFFFFFFF
  bus=245 dev=0 func=0 off=0x00 write=0 val=0xFFFFFFFF
  bus=245 dev=1 func=0 off=0x00 write=0 val=0xFFFFFFFF
  bus=245 dev=2 func=0 off=0x00 write=0 val=0xFFFFFFFF
  bus=245 dev=3 func=0 off=0x00 write=0 val=0xFFFFFFFF
  bus=245 dev=4 func=0 off=0x00 write=0 val=0xFFFFFFFF
  bus=245 dev=5 func=0 off=0x00 write=0 val=0xFFFFFFFF
  bus=245 dev=6 func=0 off=0x00 write=0 val=0xFFFFFFFF
  bus=245 dev=7 func=0 off=0x00 write=0 val=0xFFFFFFFF
  bus=245 dev=8 func=0 off=0x00 write=0 val=0xFFFFFFFF
  bus=245 dev=9 func=0 off=0x00 write=0 val=0xFFFFFFFF
  bus=245 dev=10 func=0 off=0x00 write=0 val=0xFFFFFFFF
  bus=245 dev=11 func=0 off=0x00 write=0 val=0xFFFFFFFF
  bus=245 dev=12 func=0 off=0x00 write=0 val=0xFFFFFFFF
  bus=245 dev=13 func=0 off=0x00 write=0 val=0xFFFFFFFF
  bus=245 dev=14 func=0 off=0x00 write=0 val=0xFFFFFFFF
  bus=245 dev=15 func=0 off=0x00 write=0 val=0xFFFFFFFF
  bus=245 dev=16 func=0 off=0x00 write=0 val=0xFFFFFFFF
  bus=245 dev=17 func=0 off=0x00 write=0 val=0xFFFFFFFF
  bus=245 dev=18 func=0 off=0x00 write=0 val=0xFFFFFFFF
  bus=245 dev=19 func=0 off=0x00 write=0 val=0xFFFFFFFF
  bus=245 dev=20 func=0 off=0x00 write=0 val=0xFFFFFFFF
  bus=245 dev=21 func=0 off=0x00 write=0 val=0xFFFFFFFF
  bus=245 dev=22 func=0 off=0x00 write=0 val=0xFFFFFFFF
  bus=245 dev=23 func=0 off=0x00 write=0 val=0xFFFFFFFF
  bus=245 dev=24 func=0 off=0x00 write=0 val=0xFFFFFFFF
  bus=245 dev=25 func=0 off=0x00 write=0 val=0xFFFFFFFF
  bus=245 dev=26 func=0 off=0x00 write=0 val=0xFFFFFFFF
  bus=245 dev=27 func=0 off=0x00 write=0 val=0xFFFFFFFF
  bus=245 dev=28 func=0 off=0x00 write=0 val=0xFFFFFFFF
  bus=245 dev=29 func=0 off=0x00 write=0 val=0xFFFFFFFF
  bus=245 dev=30 func=0 off=0x00 write=0 val=0xFFFFFFFF
  bus=245 dev=31 func=0 off=0x00 write=0 val=0xFFFFFFFF
  bus=246 dev=0 func=0 off=0x00 write=0 val=0xFFFFFFFF
  bus=246 dev=1 func=0 off=0x00 write=0 val=0xFFFFFFFF
  bus=246 dev=2 func=0 off=0x00 write=0 val=0xFFFFFFFF
  bus=246 dev=3 func=0 off=0x00 write=0 val=0xFFFFFFFF
  bus=246 dev=4 func=0 off=0x00 write=0 val=0xFFFFFFFF
  bus=246 dev=5 func=0 off=0x00 write=0 val=0xFFFFFFFF
  bus=246 dev=6 func=0 off=0x00 write=0 val=0xFFFFFFFF
  bus=246 dev=7 func=0 off=0x00 write=0 val=0xFFFFFFFF
  bus=246 dev=8 func=0 off=0x00 write=0 val=0xFFFFFFFF
  bus=246 dev=9 func=0 off=0x00 write=0 val=0xFFFFFFFF
  bus=246 dev=10 func=0 off=0x00 write=0 val=0xFFFFFFFF
  bus=246 dev=11 func=0 off=0x00 write=0 val=0xFFFFFFFF
  bus=246 dev=12 func=0 off=0x00 write=0 val=0xFFFFFFFF
  bus=246 dev=13 func=0 off=0x00 write=0 val=0xFFFFFFFF
  bus=246 dev=14 func=0 off=0x00 write=0 val=0xFFFFFFFF
  bus=246 dev=15 func=0 off=0x00 write=0 val=0xFFFFFFFF
  bus=246 dev=16 func=0 off=0x00 write=0 val=0xFFFFFFFF
  bus=246 dev=17 func=0 off=0x00 write=0 val=0xFFFFFFFF
  bus=246 dev=18 func=0 off=0x00 write=0 val=0xFFFFFFFF
  bus=246 dev=19 func=0 off=0x00 write=0 val=0xFFFFFFFF
  bus=246 dev=20 func=0 off=0x00 write=0 val=0xFFFFFFFF
  bus=246 dev=21 func=0 off=0x00 write=0 val=0xFFFFFFFF
  bus=246 dev=22 func=0 off=0x00 write=0 val=0xFFFFFFFF
  bus=246 dev=23 func=0 off=0x00 write=0 val=0xFFFFFFFF
  bus=246 dev=24 func=0 off=0x00 write=0 val=0xFFFFFFFF
  bus=246 dev=25 func=0 off=0x00 write=0 val=0xFFFFFFFF
  bus=246 dev=26 func=0 off=0x00 write=0 val=0xFFFFFFFF
  bus=246 dev=27 func=0 off=0x00 write=0 val=0xFFFFFFFF
  bus=246 dev=28 func=0 off=0x00 write=0 val=0xFFFFFFFF
  bus=246 dev=29 func=0 off=0x00 write=0 val=0xFFFFFFFF
  bus=246 dev=30 func=0 off=0x00 write=0 val=0xFFFFFFFF
  bus=246 dev=31 func=0 off=0x00 write=0 val=0xFFFFFFFF
  bus=247 dev=0 func=0 off=0x00 write=0 val=0xFFFFFFFF
  bus=247 dev=1 func=0 off=0x00 write=0 val=0xFFFFFFFF
  bus=247 dev=2 func=0 off=0x00 write=0 val=0xFFFFFFFF
  bus=247 dev=3 func=0 off=0x00 write=0 val=0xFFFFFFFF
  bus=247 dev=4 func=0 off=0x00 write=0 val=0xFFFFFFFF
  bus=247 dev=5 func=0 off=0x00 write=0 val=0xFFFFFFFF
  bus=247 dev=6 func=0 off=0x00 write=0 val=0xFFFFFFFF
  bus=247 dev=7 func=0 off=0x00 write=0 val=0xFFFFFFFF
  bus=247 dev=8 func=0 off=0x00 write=0 val=0xFFFFFFFF
  bus=247 dev=9 func=0 off=0x00 write=0 val=0xFFFFFFFF
  bus=247 dev=10 func=0 off=0x00 write=0 val=0xFFFFFFFF
  bus=247 dev=11 func=0 off=0x00 write=0 val=0xFFFFFFFF
  bus=247 dev=12 func=0 off=0x00 write=0 val=0xFFFFFFFF
  bus=247 dev=13 func=0 off=0x00 write=0 val=0xFFFFFFFF
  bus=247 dev=14 func=0 off=0x00 write=0 val=0xFFFFFFFF
  bus=247 dev=15 func=0 off=0x00 write=0 val=0xFFFFFFFF
  bus=247 dev=16 func=0 off=0x00 write=0 val=0xFFFFFFFF
  bus=247 dev=17 func=0 off=0x00 write=0 val=0xFFFFFFFF
  bus=247 dev=18 func=0 off=0x00 write=0 val=0xFFFFFFFF
  bus=247 dev=19 func=0 off=0x00 write=0 val=0xFFFFFFFF
  bus=247 dev=20 func=0 off=0x00 write=0 val=0xFFFFFFFF
  bus=247 dev=21 func=0 off=0x00 write=0 val=0xFFFFFFFF
  bus=247 dev=22 func=0 off=0x00 write=0 val=0xFFFFFFFF
  bus=247 dev=23 func=0 off=0x00 write=0 val=0xFFFFFFFF
  bus=247 dev=24 func=0 off=0x00 write=0 val=0xFFFFFFFF
  bus=247 dev=25 func=0 off=0x00 write=0 val=0xFFFFFFFF
  bus=247 dev=26 func=0 off=0x00 write=0 val=0xFFFFFFFF
  bus=247 dev=27 func=0 off=0x00 write=0 val=0xFFFFFFFF
  bus=247 dev=28 func=0 off=0x00 write=0 val=0xFFFFFFFF
  bus=247 dev=29 func=0 off=0x00 write=0 val=0xFFFFFFFF
  bus=247 dev=30 func=0 off=0x00 write=0 val=0xFFFFFFFF
  bus=247 dev=31 func=0 off=0x00 write=0 val=0xFFFFFFFF
  bus=248 dev=0 func=0 off=0x00 write=0 val=0xFFFFFFFF
  bus=248 dev=1 func=0 off=0x00 write=0 val=0xFFFFFFFF
  bus=248 dev=2 func=0 off=0x00 write=0 val=0xFFFFFFFF
  bus=248 dev=3 func=0 off=0x00 write=0 val=0xFFFFFFFF
  bus=248 dev=4 func=0 off=0x00 write=0 val=0xFFFFFFFF
  bus=248 dev=5 func=0 off=0x00 write=0 val=0xFFFFFFFF
  bus=248 dev=6 func=0 off=0x00 write=0 val=0xFFFFFFFF
  bus=248 dev=7 func=0 off=0x00 write=0 val=0xFFFFFFFF
  bus=248 dev=8 func=0 off=0x00 write=0 val=0xFFFFFFFF
  bus=248 dev=9 func=0 off=0x00 write=0 val=0xFFFFFFFF
  bus=248 dev=10 func=0 off=0x00 write=0 val=0xFFFFFFFF
  bus=248 dev=11 func=0 off=0x00 write=0 val=0xFFFFFFFF
  bus=248 dev=12 func=0 off=0x00 write=0 val=0xFFFFFFFF
  bus=248 dev=13 func=0 off=0x00 write=0 val=0xFFFFFFFF
  bus=248 dev=14 func=0 off=0x00 write=0 val=0xFFFFFFFF
  bus=248 dev=15 func=0 off=0x00 write=0 val=0xFFFFFFFF
  bus=248 dev=16 func=0 off=0x00 write=0 val=0xFFFFFFFF
  bus=248 dev=17 func=0 off=0x00 write=0 val=0xFFFFFFFF
  bus=248 dev=18 func=0 off=0x00 write=0 val=0xFFFFFFFF
  bus=248 dev=19 func=0 off=0x00 write=0 val=0xFFFFFFFF
  bus=248 dev=20 func=0 off=0x00 write=0 val=0xFFFFFFFF
  bus=248 dev=21 func=0 off=0x00 write=0 val=0xFFFFFFFF
  bus=248 dev=22 func=0 off=0x00 write=0 val=0xFFFFFFFF
  bus=248 dev=23 func=0 off=0x00 write=0 val=0xFFFFFFFF
  bus=248 dev=24 func=0 off=0x00 write=0 val=0xFFFFFFFF
  bus=248 dev=25 func=0 off=0x00 write=0 val=0xFFFFFFFF
  bus=248 dev=26 func=0 off=0x00 write=0 val=0xFFFFFFFF
  bus=248 dev=27 func=0 off=0x00 write=0 val=0xFFFFFFFF
  bus=248 dev=28 func=0 off=0x00 write=0 val=0xFFFFFFFF
  bus=248 dev=29 func=0 off=0x00 write=0 val=0xFFFFFFFF
  bus=248 dev=30 func=0 off=0x00 write=0 val=0xFFFFFFFF
  bus=248 dev=31 func=0 off=0x00 write=0 val=0xFFFFFFFF
  bus=249 dev=0 func=0 off=0x00 write=0 val=0xFFFFFFFF
  bus=249 dev=1 func=0 off=0x00 write=0 val=0xFFFFFFFF
  bus=249 dev=2 func=0 off=0x00 write=0 val=0xFFFFFFFF
  bus=249 dev=3 func=0 off=0x00 write=0 val=0xFFFFFFFF
  bus=249 dev=4 func=0 off=0x00 write=0 val=0xFFFFFFFF
  bus=249 dev=5 func=0 off=0x00 write=0 val=0xFFFFFFFF
  bus=249 dev=6 func=0 off=0x00 write=0 val=0xFFFFFFFF
  bus=249 dev=7 func=0 off=0x00 write=0 val=0xFFFFFFFF
  bus=249 dev=8 func=0 off=0x00 write=0 val=0xFFFFFFFF
  bus=249 dev=9 func=0 off=0x00 write=0 val=0xFFFFFFFF
  bus=249 dev=10 func=0 off=0x00 write=0 val=0xFFFFFFFF
  bus=249 dev=11 func=0 off=0x00 write=0 val=0xFFFFFFFF
  bus=249 dev=12 func=0 off=0x00 write=0 val=0xFFFFFFFF
  bus=249 dev=13 func=0 off=0x00 write=0 val=0xFFFFFFFF
  bus=249 dev=14 func=0 off=0x00 write=0 val=0xFFFFFFFF
  bus=249 dev=15 func=0 off=0x00 write=0 val=0xFFFFFFFF
  bus=249 dev=16 func=0 off=0x00 write=0 val=0xFFFFFFFF
  bus=249 dev=17 func=0 off=0x00 write=0 val=0xFFFFFFFF
  bus=249 dev=18 func=0 off=0x00 write=0 val=0xFFFFFFFF
  bus=249 dev=19 func=0 off=0x00 write=0 val=0xFFFFFFFF
  bus=249 dev=20 func=0 off=0x00 write=0 val=0xFFFFFFFF
  bus=249 dev=21 func=0 off=0x00 write=0 val=0xFFFFFFFF
  bus=249 dev=22 func=0 off=0x00 write=0 val=0xFFFFFFFF
  bus=249 dev=23 func=0 off=0x00 write=0 val=0xFFFFFFFF
  bus=249 dev=24 func=0 off=0x00 write=0 val=0xFFFFFFFF
  bus=249 dev=25 func=0 off=0x00 write=0 val=0xFFFFFFFF
  bus=249 dev=26 func=0 off=0x00 write=0 val=0xFFFFFFFF
  bus=249 dev=27 func=0 off=0x00 write=0 val=0xFFFFFFFF
  bus=249 dev=28 func=0 off=0x00 write=0 val=0xFFFFFFFF
  bus=249 dev=29 func=0 off=0x00 write=0 val=0xFFFFFFFF
  bus=249 dev=30 func=0 off=0x00 write=0 val=0xFFFFFFFF
  bus=249 dev=31 func=0 off=0x00 write=0 val=0xFFFFFFFF
  bus=250 dev=0 func=0 off=0x00 write=0 val=0xFFFFFFFF
  bus=250 dev=1 func=0 off=0x00 write=0 val=0xFFFFFFFF
  bus=250 dev=2 func=0 off=0x00 write=0 val=0xFFFFFFFF
  bus=250 dev=3 func=0 off=0x00 write=0 val=0xFFFFFFFF
  bus=250 dev=4 func=0 off=0x00 write=0 val=0xFFFFFFFF
  bus=250 dev=5 func=0 off=0x00 write=0 val=0xFFFFFFFF
  bus=250 dev=6 func=0 off=0x00 write=0 val=0xFFFFFFFF
  bus=250 dev=7 func=0 off=0x00 write=0 val=0xFFFFFFFF
  bus=250 dev=8 func=0 off=0x00 write=0 val=0xFFFFFFFF
  bus=250 dev=9 func=0 off=0x00 write=0 val=0xFFFFFFFF
  bus=250 dev=10 func=0 off=0x00 write=0 val=0xFFFFFFFF
  bus=250 dev=11 func=0 off=0x00 write=0 val=0xFFFFFFFF
  bus=250 dev=12 func=0 off=0x00 write=0 val=0xFFFFFFFF
  bus=250 dev=13 func=0 off=0x00 write=0 val=0xFFFFFFFF
  bus=250 dev=14 func=0 off=0x00 write=0 val=0xFFFFFFFF
  bus=250 dev=15 func=0 off=0x00 write=0 val=0xFFFFFFFF
  bus=250 dev=16 func=0 off=0x00 write=0 val=0xFFFFFFFF
  bus=250 dev=17 func=0 off=0x00 write=0 val=0xFFFFFFFF
  bus=250 dev=18 func=0 off=0x00 write=0 val=0xFFFFFFFF
  bus=250 dev=19 func=0 off=0x00 write=0 val=0xFFFFFFFF
  bus=250 dev=20 func=0 off=0x00 write=0 val=0xFFFFFFFF
  bus=250 dev=21 func=0 off=0x00 write=0 val=0xFFFFFFFF
  bus=250 dev=22 func=0 off=0x00 write=0 val=0xFFFFFFFF
  bus=250 dev=23 func=0 off=0x00 write=0 val=0xFFFFFFFF
  bus=250 dev=24 func=0 off=0x00 write=0 val=0xFFFFFFFF
  bus=250 dev=25 func=0 off=0x00 write=0 val=0xFFFFFFFF
  bus=250 dev=26 func=0 off=0x00 write=0 val=0xFFFFFFFF
  bus=250 dev=27 func=0 off=0x00 write=0 val=0xFFFFFFFF
  bus=250 dev=28 func=0 off=0x00 write=0 val=0xFFFFFFFF
  bus=250 dev=29 func=0 off=0x00 write=0 val=0xFFFFFFFF
  bus=250 dev=30 func=0 off=0x00 write=0 val=0xFFFFFFFF
  bus=250 dev=31 func=0 off=0x00 write=0 val=0xFFFFFFFF
  bus=251 dev=0 func=0 off=0x00 write=0 val=0xFFFFFFFF
  bus=251 dev=1 func=0 off=0x00 write=0 val=0xFFFFFFFF
  bus=251 dev=2 func=0 off=0x00 write=0 val=0xFFFFFFFF
  bus=251 dev=3 func=0 off=0x00 write=0 val=0xFFFFFFFF
  bus=251 dev=4 func=0 off=0x00 write=0 val=0xFFFFFFFF
  bus=251 dev=5 func=0 off=0x00 write=0 val=0xFFFFFFFF
  bus=251 dev=6 func=0 off=0x00 write=0 val=0xFFFFFFFF
  bus=251 dev=7 func=0 off=0x00 write=0 val=0xFFFFFFFF
  bus=251 dev=8 func=0 off=0x00 write=0 val=0xFFFFFFFF
  bus=251 dev=9 func=0 off=0x00 write=0 val=0xFFFFFFFF
  bus=251 dev=10 func=0 off=0x00 write=0 val=0xFFFFFFFF
  bus=251 dev=11 func=0 off=0x00 write=0 val=0xFFFFFFFF
  bus=251 dev=12 func=0 off=0x00 write=0 val=0xFFFFFFFF
  bus=251 dev=13 func=0 off=0x00 write=0 val=0xFFFFFFFF
  bus=251 dev=14 func=0 off=0x00 write=0 val=0xFFFFFFFF
  bus=251 dev=15 func=0 off=0x00 write=0 val=0xFFFFFFFF
  bus=251 dev=16 func=0 off=0x00 write=0 val=0xFFFFFFFF
  bus=251 dev=17 func=0 off=0x00 write=0 val=0xFFFFFFFF
  bus=251 dev=18 func=0 off=0x00 write=0 val=0xFFFFFFFF
  bus=251 dev=19 func=0 off=0x00 write=0 val=0xFFFFFFFF
  bus=251 dev=20 func=0 off=0x00 write=0 val=0xFFFFFFFF
  bus=251 dev=21 func=0 off=0x00 write=0 val=0xFFFFFFFF
  bus=251 dev=22 func=0 off=0x00 write=0 val=0xFFFFFFFF
  bus=251 dev=23 func=0 off=0x00 write=0 val=0xFFFFFFFF
  bus=251 dev=24 func=0 off=0x00 write=0 val=0xFFFFFFFF
  bus=251 dev=25 func=0 off=0x00 write=0 val=0xFFFFFFFF
  bus=251 dev=26 func=0 off=0x00 write=0 val=0xFFFFFFFF
  bus=251 dev=27 func=0 off=0x00 write=0 val=0xFFFFFFFF
  bus=251 dev=28 func=0 off=0x00 write=0 val=0xFFFFFFFF
  bus=251 dev=29 func=0 off=0x00 write=0 val=0xFFFFFFFF
  bus=251 dev=30 func=0 off=0x00 write=0 val=0xFFFFFFFF
  bus=251 dev=31 func=0 off=0x00 write=0 val=0xFFFFFFFF
  bus=252 dev=0 func=0 off=0x00 write=0 val=0xFFFFFFFF
  bus=252 dev=1 func=0 off=0x00 write=0 val=0xFFFFFFFF
  bus=252 dev=2 func=0 off=0x00 write=0 val=0xFFFFFFFF
  bus=252 dev=3 func=0 off=0x00 write=0 val=0xFFFFFFFF
  bus=252 dev=4 func=0 off=0x00 write=0 val=0xFFFFFFFF
  bus=252 dev=5 func=0 off=0x00 write=0 val=0xFFFFFFFF
  bus=252 dev=6 func=0 off=0x00 write=0 val=0xFFFFFFFF
  bus=252 dev=7 func=0 off=0x00 write=0 val=0xFFFFFFFF
  bus=252 dev=8 func=0 off=0x00 write=0 val=0xFFFFFFFF
  bus=252 dev=9 func=0 off=0x00 write=0 val=0xFFFFFFFF
  bus=252 dev=10 func=0 off=0x00 write=0 val=0xFFFFFFFF
  bus=252 dev=11 func=0 off=0x00 write=0 val=0xFFFFFFFF
  bus=252 dev=12 func=0 off=0x00 write=0 val=0xFFFFFFFF
  bus=252 dev=13 func=0 off=0x00 write=0 val=0xFFFFFFFF
  bus=252 dev=14 func=0 off=0x00 write=0 val=0xFFFFFFFF
  bus=252 dev=15 func=0 off=0x00 write=0 val=0xFFFFFFFF
  bus=252 dev=16 func=0 off=0x00 write=0 val=0xFFFFFFFF
  bus=252 dev=17 func=0 off=0x00 write=0 val=0xFFFFFFFF
  bus=252 dev=18 func=0 off=0x00 write=0 val=0xFFFFFFFF
  bus=252 dev=19 func=0 off=0x00 write=0 val=0xFFFFFFFF
  bus=252 dev=20 func=0 off=0x00 write=0 val=0xFFFFFFFF
  bus=252 dev=21 func=0 off=0x00 write=0 val=0xFFFFFFFF
  bus=252 dev=22 func=0 off=0x00 write=0 val=0xFFFFFFFF
  bus=252 dev=23 func=0 off=0x00 write=0 val=0xFFFFFFFF
  bus=252 dev=24 func=0 off=0x00 write=0 val=0xFFFFFFFF
  bus=252 dev=25 func=0 off=0x00 write=0 val=0xFFFFFFFF
  bus=252 dev=26 func=0 off=0x00 write=0 val=0xFFFFFFFF
  bus=252 dev=27 func=0 off=0x00 write=0 val=0xFFFFFFFF
  bus=252 dev=28 func=0 off=0x00 write=0 val=0xFFFFFFFF
  bus=252 dev=29 func=0 off=0x00 write=0 val=0xFFFFFFFF
  bus=252 dev=30 func=0 off=0x00 write=0 val=0xFFFFFFFF
  bus=252 dev=31 func=0 off=0x00 write=0 val=0xFFFFFFFF
  bus=253 dev=0 func=0 off=0x00 write=0 val=0xFFFFFFFF
  bus=253 dev=1 func=0 off=0x00 write=0 val=0xFFFFFFFF
  bus=253 dev=2 func=0 off=0x00 write=0 val=0xFFFFFFFF
  bus=253 dev=3 func=0 off=0x00 write=0 val=0xFFFFFFFF
  bus=253 dev=4 func=0 off=0x00 write=0 val=0xFFFFFFFF
  bus=253 dev=5 func=0 off=0x00 write=0 val=0xFFFFFFFF
  bus=253 dev=6 func=0 off=0x00 write=0 val=0xFFFFFFFF
  bus=253 dev=7 func=0 off=0x00 write=0 val=0xFFFFFFFF
  bus=253 dev=8 func=0 off=0x00 write=0 val=0xFFFFFFFF
  bus=253 dev=9 func=0 off=0x00 write=0 val=0xFFFFFFFF
  bus=253 dev=10 func=0 off=0x00 write=0 val=0xFFFFFFFF
  bus=253 dev=11 func=0 off=0x00 write=0 val=0xFFFFFFFF
  bus=253 dev=12 func=0 off=0x00 write=0 val=0xFFFFFFFF
  bus=253 dev=13 func=0 off=0x00 write=0 val=0xFFFFFFFF
  bus=253 dev=14 func=0 off=0x00 write=0 val=0xFFFFFFFF
  bus=253 dev=15 func=0 off=0x00 write=0 val=0xFFFFFFFF
  bus=253 dev=16 func=0 off=0x00 write=0 val=0xFFFFFFFF
  bus=253 dev=17 func=0 off=0x00 write=0 val=0xFFFFFFFF
  bus=253 dev=18 func=0 off=0x00 write=0 val=0xFFFFFFFF
  bus=253 dev=19 func=0 off=0x00 write=0 val=0xFFFFFFFF
  bus=253 dev=20 func=0 off=0x00 write=0 val=0xFFFFFFFF
  bus=253 dev=21 func=0 off=0x00 write=0 val=0xFFFFFFFF
  bus=253 dev=22 func=0 off=0x00 write=0 val=0xFFFFFFFF
  bus=253 dev=23 func=0 off=0x00 write=0 val=0xFFFFFFFF
  bus=253 dev=24 func=0 off=0x00 write=0 val=0xFFFFFFFF
  bus=253 dev=25 func=0 off=0x00 write=0 val=0xFFFFFFFF
  bus=253 dev=26 func=0 off=0x00 write=0 val=0xFFFFFFFF
  bus=253 dev=27 func=0 off=0x00 write=0 val=0xFFFFFFFF
  bus=253 dev=28 func=0 off=0x00 write=0 val=0xFFFFFFFF
  bus=253 dev=29 func=0 off=0x00 write=0 val=0xFFFFFFFF
  bus=253 dev=30 func=0 off=0x00 write=0 val=0xFFFFFFFF
  bus=253 dev=31 func=0 off=0x00 write=0 val=0xFFFFFFFF
  bus=254 dev=0 func=0 off=0x00 write=0 val=0xFFFFFFFF
  bus=254 dev=1 func=0 off=0x00 write=0 val=0xFFFFFFFF
  bus=254 dev=2 func=0 off=0x00 write=0 val=0xFFFFFFFF
  bus=254 dev=3 func=0 off=0x00 write=0 val=0xFFFFFFFF
  bus=254 dev=4 func=0 off=0x00 write=0 val=0xFFFFFFFF
  bus=254 dev=5 func=0 off=0x00 write=0 val=0xFFFFFFFF
  bus=254 dev=6 func=0 off=0x00 write=0 val=0xFFFFFFFF
  bus=254 dev=7 func=0 off=0x00 write=0 val=0xFFFFFFFF
  bus=254 dev=8 func=0 off=0x00 write=0 val=0xFFFFFFFF
  bus=254 dev=9 func=0 off=0x00 write=0 val=0xFFFFFFFF
  bus=254 dev=10 func=0 off=0x00 write=0 val=0xFFFFFFFF
  bus=254 dev=11 func=0 off=0x00 write=0 val=0xFFFFFFFF
  bus=254 dev=12 func=0 off=0x00 write=0 val=0xFFFFFFFF
  bus=254 dev=13 func=0 off=0x00 write=0 val=0xFFFFFFFF
  bus=254 dev=14 func=0 off=0x00 write=0 val=0xFFFFFFFF
  bus=254 dev=15 func=0 off=0x00 write=0 val=0xFFFFFFFF
  bus=254 dev=16 func=0 off=0x00 write=0 val=0xFFFFFFFF
  bus=254 dev=17 func=0 off=0x00 write=0 val=0xFFFFFFFF
  bus=254 dev=18 func=0 off=0x00 write=0 val=0xFFFFFFFF
  bus=254 dev=19 func=0 off=0x00 write=0 val=0xFFFFFFFF
  bus=254 dev=20 func=0 off=0x00 write=0 val=0xFFFFFFFF
  bus=254 dev=21 func=0 off=0x00 write=0 val=0xFFFFFFFF
  bus=254 dev=22 func=0 off=0x00 write=0 val=0xFFFFFFFF
  bus=254 dev=23 func=0 off=0x00 write=0 val=0xFFFFFFFF
  bus=254 dev=24 func=0 off=0x00 write=0 val=0xFFFFFFFF
  bus=254 dev=25 func=0 off=0x00 write=0 val=0xFFFFFFFF
  bus=254 dev=26 func=0 off=0x00 write=0 val=0xFFFFFFFF
  bus=254 dev=27 func=0 off=0x00 write=0 val=0xFFFFFFFF
  bus=254 dev=28 func=0 off=0x00 write=0 val=0xFFFFFFFF
  bus=254 dev=29 func=0 off=0x00 write=0 val=0xFFFFFFFF
  bus=254 dev=30 func=0 off=0x00 write=0 val=0xFFFFFFFF
  bus=254 dev=31 func=0 off=0x00 write=0 val=0xFFFFFFFF
  bus=255 dev=0 func=0 off=0x00 write=0 val=0xFFFFFFFF
  bus=255 dev=1 func=0 off=0x00 write=0 val=0xFFFFFFFF
  bus=255 dev=2 func=0 off=0x00 write=0 val=0xFFFFFFFF
  bus=255 dev=3 func=0 off=0x00 write=0 val=0xFFFFFFFF
  bus=255 dev=4 func=0 off=0x00 write=0 val=0xFFFFFFFF
  bus=255 dev=5 func=0 off=0x00 write=0 val=0xFFFFFFFF
  bus=255 dev=6 func=0 off=0x00 write=0 val=0xFFFFFFFF
  bus=255 dev=7 func=0 off=0x00 write=0 val=0xFFFFFFFF
  bus=255 dev=8 func=0 off=0x00 write=0 val=0xFFFFFFFF
  bus=255 dev=9 func=0 off=0x00 write=0 val=0xFFFFFFFF
  bus=255 dev=10 func=0 off=0x00 write=0 val=0xFFFFFFFF
  bus=255 dev=11 func=0 off=0x00 write=0 val=0xFFFFFFFF
  bus=255 dev=12 func=0 off=0x00 write=0 val=0xFFFFFFFF
  bus=255 dev=13 func=0 off=0x00 write=0 val=0xFFFFFFFF
  bus=255 dev=14 func=0 off=0x00 write=0 val=0xFFFFFFFF
  bus=255 dev=15 func=0 off=0x00 write=0 val=0xFFFFFFFF
  bus=255 dev=16 func=0 off=0x00 write=0 val=0xFFFFFFFF
  bus=255 dev=17 func=0 off=0x00 write=0 val=0xFFFFFFFF
  bus=255 dev=18 func=0 off=0x00 write=0 val=0xFFFFFFFF
  bus=255 dev=19 func=0 off=0x00 write=0 val=0xFFFFFFFF
  bus=255 dev=20 func=0 off=0x00 write=0 val=0xFFFFFFFF
  bus=255 dev=21 func=0 off=0x00 write=0 val=0xFFFFFFFF
  bus=255 dev=22 func=0 off=0x00 write=0 val=0xFFFFFFFF
  bus=255 dev=23 func=0 off=0x00 write=0 val=0xFFFFFFFF
  bus=255 dev=24 func=0 off=0x00 write=0 val=0xFFFFFFFF
  bus=255 dev=25 func=0 off=0x00 write=0 val=0xFFFFFFFF
  bus=255 dev=26 func=0 off=0x00 write=0 val=0xFFFFFFFF
  bus=255 dev=27 func=0 off=0x00 write=0 val=0xFFFFFFFF
  bus=255 dev=28 func=0 off=0x00 write=0 val=0xFFFFFFFF
  bus=255 dev=29 func=0 off=0x00 write=0 val=0xFFFFFFFF
  bus=255 dev=30 func=0 off=0x00 write=0 val=0xFFFFFFFF
  bus=255 dev=31 func=0 off=0x00 write=0 val=0xFFFFFFFF
[kerneldiag] dumped 768 bytes around live RIP (starting 0xFFFFF800342BE7BB, RIP itself at offset 0x40) to C:\Users\DELL\AppData\Local\Temp\claude\c--Users-DELL-OneDrive-Desktop-LocalHost-py\5bed7398-339c-497a-9383-821cf9d2769e\scratchpad\NewStallRip.bin
[kerneldiag] spin-wait target VA=0xFFFFF800342BF85B initial value=0x8357DC058AFFE877 -- will re-poll on later stall ticks
[kerneldiag] module PE: 33 sections, watched target RVA=0x4BF85B
[kerneldiag] section[0] name=.rdata VA=0x1000 VSize=0xC7420 RawPtr=0x800 RawSize=0xC7600 chars=0x48000040
[kerneldiag] section[1] name=.pdata VA=0xC9000 VSize=0x67914 RawPtr=0xC7E00 RawSize=0x67A00 chars=0x48000040
[kerneldiag] section[2] name=.idata VA=0x131000 VSize=0x20C2 RawPtr=0x12F800 RawSize=0x2200 chars=0x48000040
[kerneldiag] section[3] name=.edata VA=0x134000 VSize=0x18D7E RawPtr=0x131A00 RawSize=0x18E00 chars=0x40000040
[kerneldiag] section[4] name=PROTDATA VA=0x14D000 VSize=0x1 RawPtr=0x14A800 RawSize=0x200 chars=0x48000040
[kerneldiag] section[5] name=GFIDS VA=0x14E000 VSize=0x8C38 RawPtr=0x14AA00 RawSize=0x8E00 chars=0x42000040
[kerneldiag] section[6] name=Pad1 VA=0x157000 VSize=0xA9000 RawPtr=0x0 RawSize=0x0 chars=0x42000080
[kerneldiag] section[7] name=.text VA=0x200000 VSize=0x3CC289 RawPtr=0x153800 RawSize=0x3CC400 chars=0x68000020  <-- CONTAINS WATCHED TARGET
[kerneldiag] section[8] name=PAGE VA=0x5CD000 VSize=0x3C46A6 RawPtr=0x51FC00 RawSize=0x3C4800 chars=0x60000020
[kerneldiag] section[9] name=PAGELK VA=0x992000 VSize=0x24EC4 RawPtr=0x8E4400 RawSize=0x25000 chars=0x60000020
[kerneldiag] section[10] name=POOLCODE VA=0x9B7000 VSize=0x48B RawPtr=0x909400 RawSize=0x600 chars=0x68000020
[kerneldiag] section[11] name=PAGEKD VA=0x9B8000 VSize=0x5B92 RawPtr=0x909A00 RawSize=0x5C00 chars=0x60000020
[kerneldiag] section[12] name=PAGEVRFY VA=0x9BE000 VSize=0x3210C RawPtr=0x90F600 RawSize=0x32200 chars=0x60000020
[kerneldiag] section[13] name=PAGEHDLS VA=0x9F1000 VSize=0x25D6 RawPtr=0x941800 RawSize=0x2600 chars=0x60000020
[kerneldiag] section[14] name=PAGEBGFX VA=0x9F4000 VSize=0x69DA RawPtr=0x943E00 RawSize=0x6A00 chars=0x60000020
[kerneldiag] section[15] name=INITKDBG VA=0x9FB000 VSize=0x195BA RawPtr=0x94A800 RawSize=0x19600 chars=0x68000020
[kerneldiag] section[16] name=TRACESUP VA=0xA15000 VSize=0x175B RawPtr=0x963E00 RawSize=0x1800 chars=0x68000020
[kerneldiag] section[17] name=KVASCODE VA=0xA17000 VSize=0x23D8 RawPtr=0x965600 RawSize=0x2400 chars=0x68000020
[kerneldiag] section[18] name=RETPOL VA=0xA1A000 VSize=0x880 RawPtr=0x967A00 RawSize=0xA00 chars=0x68000020
[kerneldiag] section[19] name=MINIEX VA=0xA1B000 VSize=0x25AE RawPtr=0x968400 RawSize=0x2600 chars=0x62000020
[kerneldiag] dumped 0x4000 bytes of unidentified module (base=0xFFFFF80033E00000) to C:\Users\DELL\AppData\Local\Temp\claude\c--Users-DELL-OneDrive-Desktop-LocalHost-py\5bed7398-339c-497a-9383-821cf9d2769e\scratchpad\NewStallModule.bin
[kerneldiag] IRQL 0xF (HIGH_LEVEL) does not permit DPCs -- deferring memory inspection, this alone may explain the stall
[kerneldiag] candidate return address (caller) at [rsp+0x18] = 0xFFFFF800340AE633
[kerneldiag] candidate address 0xFFFFF800340AE633 resolves to module base 0xFFFFF80033E00000 (+0x2AE633 into it)
[kerneldiag] debug directory: type=2 codeViewRva=0x40970
[kerneldiag] module PDB name: ntkrnlmp.pdb guid=D9424FC4-861E-47C1-0FAD1B35DEC6DCC8 age=1
[kerneldiag] dumped 0x300 bytes around return address (starting 0xFFFFF800340AE533, retaddr at offset 0x100, module base 0xFFFFF80033E00000, RVA of retaddr 0x2AE633) to C:\Users\DELL\AppData\Local\Temp\claude\c--Users-DELL-OneDrive-Desktop-LocalHost-py\5bed7398-339c-497a-9383-821cf9d2769e\scratchpad\CallerContext.bin
[kerneldiag] registration object pointer at caller+0xCA9008 (VA=0xFFFFF80034AA9008) = 0x0
[kerneldiag] dumped 0x2000 bytes of caller dispatcher code (starting caller+0x36D000, VA=0xFFFFF8003416D000) to C:\Users\DELL\AppData\Local\Temp\claude\c--Users-DELL-OneDrive-Desktop-LocalHost-py\5bed7398-339c-497a-9383-821cf9d2769e\scratchpad\CallerWideDump.bin
[kerneldiag] scanning stack from rsp=0xFFFFF8003A688D80 for candidate return addresses:
  [rsp+0x000] = 0xFFFFF8003A688E58[kerneldiag] candidate address 0xFFFFF8003A688E58 resolves to module base 0xFFFFF8003A3F0000 (+0x298E58 into it)
[kerneldiag] debug directory: type=2 codeViewRva=0x2174
[kerneldiag] module PDB name: volume.pdb guid=AAF65608-ADE9-794A-A208A2E6534FF85E age=1
    ^ [rsp+0x000] module base 0xFFFFF8003A3F0000 RVA 0x298E58
    ^ dumped 0x180 bytes (starting 0xFFFFF8003A688D58, candidate at offset 0x100) to C:\Users\DELL\AppData\Local\Temp\claude\c--Users-DELL-OneDrive-Desktop-LocalHost-py\5bed7398-339c-497a-9383-821cf9d2769e\scratchpad\StackCand_0x0.bin
  [rsp+0x008] = 0xFFFFF800340AA11E[kerneldiag] candidate address 0xFFFFF800340AA11E resolves to module base 0xFFFFF80033E00000 (+0x2AA11E into it)
[kerneldiag] debug directory: type=2 codeViewRva=0x40970
[kerneldiag] module PDB name: ntkrnlmp.pdb guid=D9424FC4-861E-47C1-0FAD1B35DEC6DCC8 age=1
    ^ [rsp+0x008] module base 0xFFFFF80033E00000 RVA 0x2AA11E
    ^ dumped 0x180 bytes (starting 0xFFFFF800340AA01E, candidate at offset 0x100) to C:\Users\DELL\AppData\Local\Temp\claude\c--Users-DELL-OneDrive-Desktop-LocalHost-py\5bed7398-339c-497a-9383-821cf9d2769e\scratchpad\StackCand_0x8.bin
  [rsp+0x010] = 0xFFFFF8003A689330[kerneldiag] candidate address 0xFFFFF8003A689330 resolves to module base 0xFFFFF8003A3F0000 (+0x299330 into it)
[kerneldiag] debug directory: type=2 codeViewRva=0x2174
[kerneldiag] module PDB name: volume.pdb guid=AAF65608-ADE9-794A-A208A2E6534FF85E age=1
    ^ [rsp+0x010] module base 0xFFFFF8003A3F0000 RVA 0x299330
    ^ dumped 0x180 bytes (starting 0xFFFFF8003A689230, candidate at offset 0x100) to C:\Users\DELL\AppData\Local\Temp\claude\c--Users-DELL-OneDrive-Desktop-LocalHost-py\5bed7398-339c-497a-9383-821cf9d2769e\scratchpad\StackCand_0x10.bin
  [rsp+0x018] = 0xFFFFF800340AE633[kerneldiag] candidate address 0xFFFFF800340AE633 resolves to module base 0xFFFFF80033E00000 (+0x2AE633 into it)
[kerneldiag] debug directory: type=2 codeViewRva=0x40970
[kerneldiag] module PDB name: ntkrnlmp.pdb guid=D9424FC4-861E-47C1-0FAD1B35DEC6DCC8 age=1
    ^ [rsp+0x018] module base 0xFFFFF80033E00000 RVA 0x2AE633
    ^ dumped 0x180 bytes (starting 0xFFFFF800340AE533, candidate at offset 0x100) to C:\Users\DELL\AppData\Local\Temp\claude\c--Users-DELL-OneDrive-Desktop-LocalHost-py\5bed7398-339c-497a-9383-821cf9d2769e\scratchpad\StackCand_0x18.bin
  [rsp+0x020] = 0xFFFFF8003A688EC0[kerneldiag] candidate address 0xFFFFF8003A688EC0 resolves to module base 0xFFFFF8003A3F0000 (+0x298EC0 into it)
[kerneldiag] debug directory: type=2 codeViewRva=0x2174
[kerneldiag] module PDB name: volume.pdb guid=AAF65608-ADE9-794A-A208A2E6534FF85E age=1
    ^ [rsp+0x020] module base 0xFFFFF8003A3F0000 RVA 0x298EC0
    ^ dumped 0x180 bytes (starting 0xFFFFF8003A688DC0, candidate at offset 0x100) to C:\Users\DELL\AppData\Local\Temp\claude\c--Users-DELL-OneDrive-Desktop-LocalHost-py\5bed7398-339c-497a-9383-821cf9d2769e\scratchpad\StackCand_0x20.bin
  [rsp+0x030] = 0xFFFFF80031D94180[kerneldiag] candidate address 0xFFFFF80031D94180 resolves to module base 0xFFFFF80031D18000 (+0x7C180 into it)
[kerneldiag] no debug directory RVA in this module's PE header
    ^ [rsp+0x030] module base 0xFFFFF80031D18000 RVA 0x7C180
    ^ dumped 0x180 bytes (starting 0xFFFFF80031D94080, candidate at offset 0x100) to C:\Users\DELL\AppData\Local\Temp\claude\c--Users-DELL-OneDrive-Desktop-LocalHost-py\5bed7398-339c-497a-9383-821cf9d2769e\scratchpad\StackCand_0x30.bin
  [rsp+0x038] = 0xFFFFF80034317D8A[kerneldiag] candidate address 0xFFFFF80034317D8A resolves to module base 0xFFFFF80033E00000 (+0x517D8A into it)
[kerneldiag] debug directory: type=2 codeViewRva=0x40970
[kerneldiag] module PDB name: ntkrnlmp.pdb guid=D9424FC4-861E-47C1-0FAD1B35DEC6DCC8 age=1
    ^ [rsp+0x038] module base 0xFFFFF80033E00000 RVA 0x517D8A
    ^ dumped 0x180 bytes (starting 0xFFFFF80034317C8A, candidate at offset 0x100) to C:\Users\DELL\AppData\Local\Temp\claude\c--Users-DELL-OneDrive-Desktop-LocalHost-py\5bed7398-339c-497a-9383-821cf9d2769e\scratchpad\StackCand_0x38.bin
  [rsp+0x058] = 0xFFFFF8003A689D08[kerneldiag] candidate address 0xFFFFF8003A689D08 resolves to module base 0xFFFFF8003A3F0000 (+0x299D08 into it)
[kerneldiag] debug directory: type=2 codeViewRva=0x2174
[kerneldiag] module PDB name: volume.pdb guid=AAF65608-ADE9-794A-A208A2E6534FF85E age=1
    ^ [rsp+0x058] module base 0xFFFFF8003A3F0000 RVA 0x299D08
    ^ dumped 0x180 bytes (starting 0xFFFFF8003A689C08, candidate at offset 0x100) to C:\Users\DELL\AppData\Local\Temp\claude\c--Users-DELL-OneDrive-Desktop-LocalHost-py\5bed7398-339c-497a-9383-821cf9d2769e\scratchpad\StackCand_0x58.bin
  [rsp+0x060] = 0xFFFFF8003A688E30[kerneldiag] candidate address 0xFFFFF8003A688E30 resolves to module base 0xFFFFF8003A3F0000 (+0x298E30 into it)
[kerneldiag] debug directory: type=2 codeViewRva=0x2174
[kerneldiag] module PDB name: volume.pdb guid=AAF65608-ADE9-794A-A208A2E6534FF85E age=1
    ^ [rsp+0x060] module base 0xFFFFF8003A3F0000 RVA 0x298E30
    ^ dumped 0x180 bytes (starting 0xFFFFF8003A688D30, candidate at offset 0x100) to C:\Users\DELL\AppData\Local\Temp\claude\c--Users-DELL-OneDrive-Desktop-LocalHost-py\5bed7398-339c-497a-9383-821cf9d2769e\scratchpad\StackCand_0x60.bin
  [rsp+0x068] = 0xFFFFF8003424D05A[kerneldiag] candidate address 0xFFFFF8003424D05A resolves to module base 0xFFFFF80033E00000 (+0x44D05A into it)
[kerneldiag] debug directory: type=2 codeViewRva=0x40970
[kerneldiag] module PDB name: ntkrnlmp.pdb guid=D9424FC4-861E-47C1-0FAD1B35DEC6DCC8 age=1
    ^ [rsp+0x068] module base 0xFFFFF80033E00000 RVA 0x44D05A
    ^ dumped 0x180 bytes (starting 0xFFFFF8003424CF5A, candidate at offset 0x100) to C:\Users\DELL\AppData\Local\Temp\claude\c--Users-DELL-OneDrive-Desktop-LocalHost-py\5bed7398-339c-497a-9383-821cf9d2769e\scratchpad\StackCand_0x68.bin
  [rsp+0x070] = 0xFFFFF8003A689330[kerneldiag] candidate address 0xFFFFF8003A689330 resolves to module base 0xFFFFF8003A3F0000 (+0x299330 into it)
[kerneldiag] debug directory: type=2 codeViewRva=0x2174
[kerneldiag] module PDB name: volume.pdb guid=AAF65608-ADE9-794A-A208A2E6534FF85E age=1
    ^ [rsp+0x070] module base 0xFFFFF8003A3F0000 RVA 0x299330
    ^ dumped 0x180 bytes (starting 0xFFFFF8003A689230, candidate at offset 0x100) to C:\Users\DELL\AppData\Local\Temp\claude\c--Users-DELL-OneDrive-Desktop-LocalHost-py\5bed7398-339c-497a-9383-821cf9d2769e\scratchpad\StackCand_0x70.bin
  [rsp+0x080] = 0xFFFFF8003A68A020[kerneldiag] candidate address 0xFFFFF8003A68A020 resolves to module base 0xFFFFF8003A3F0000 (+0x29A020 into it)
[kerneldiag] debug directory: type=2 codeViewRva=0x2174
[kerneldiag] module PDB name: volume.pdb guid=AAF65608-ADE9-794A-A208A2E6534FF85E age=1
    ^ [rsp+0x080] module base 0xFFFFF8003A3F0000 RVA 0x29A020
    ^ dumped 0x180 bytes (starting 0xFFFFF8003A689F20, candidate at offset 0x100) to C:\Users\DELL\AppData\Local\Temp\claude\c--Users-DELL-OneDrive-Desktop-LocalHost-py\5bed7398-339c-497a-9383-821cf9d2769e\scratchpad\StackCand_0x80.bin
  [rsp+0x098] = 0xFFFFF80034B27A00[kerneldiag] candidate address 0xFFFFF80034B27A00 resolves to module base 0xFFFFF80033E00000 (+0xD27A00 into it)
[kerneldiag] debug directory: type=2 codeViewRva=0x40970
[kerneldiag] module PDB name: ntkrnlmp.pdb guid=D9424FC4-861E-47C1-0FAD1B35DEC6DCC8 age=1
    ^ [rsp+0x098] module base 0xFFFFF80033E00000 RVA 0xD27A00
    ^ dumped 0x180 bytes (starting 0xFFFFF80034B27900, candidate at offset 0x100) to C:\Users\DELL\AppData\Local\Temp\claude\c--Users-DELL-OneDrive-Desktop-LocalHost-py\5bed7398-339c-497a-9383-821cf9d2769e\scratchpad\StackCand_0x98.bin
  [rsp+0x0D0] = 0xFFFFF80031D94180[kerneldiag] candidate address 0xFFFFF80031D94180 resolves to module base 0xFFFFF80031D18000 (+0x7C180 into it)
[kerneldiag] no debug directory RVA in this module's PE header
    ^ [rsp+0x0D0] module base 0xFFFFF80031D18000 RVA 0x7C180
    ^ dumped 0x180 bytes (starting 0xFFFFF80031D94080, candidate at offset 0x100) to C:\Users\DELL\AppData\Local\Temp\claude\c--Users-DELL-OneDrive-Desktop-LocalHost-py\5bed7398-339c-497a-9383-821cf9d2769e\scratchpad\StackCand_0xD0.bin
  [rsp+0x0F0] = 0xFFFFFFFFFFFFFFFF[kerneldiag] no PE header found scanning VA back from 0xFFFFFFFFFFFFFFFF

  [rsp+0x0F8] = 0xFFFF800000000000[kerneldiag] no PE header found scanning VA back from 0xFFFF800000000000

  [rsp+0x100] = 0xFFFFF800343183B0[kerneldiag] candidate address 0xFFFFF800343183B0 resolves to module base 0xFFFFF80033E00000 (+0x5183B0 into it)
[kerneldiag] debug directory: type=2 codeViewRva=0x40970
[kerneldiag] module PDB name: ntkrnlmp.pdb guid=D9424FC4-861E-47C1-0FAD1B35DEC6DCC8 age=1
    ^ [rsp+0x100] module base 0xFFFFF80033E00000 RVA 0x5183B0
    ^ dumped 0x180 bytes (starting 0xFFFFF800343182B0, candidate at offset 0x100) to C:\Users\DELL\AppData\Local\Temp\claude\c--Users-DELL-OneDrive-Desktop-LocalHost-py\5bed7398-339c-497a-9383-821cf9d2769e\scratchpad\StackCand_0x100.bin
  [rsp+0x238] = 0xFFFFF80031D94300[kerneldiag] candidate address 0xFFFFF80031D94300 resolves to module base 0xFFFFF80031D18000 (+0x7C300 into it)
[kerneldiag] no debug directory RVA in this module's PE header
    ^ [rsp+0x238] module base 0xFFFFF80031D18000 RVA 0x7C300
    ^ dumped 0x180 bytes (starting 0xFFFFF80031D94200, candidate at offset 0x100) to C:\Users\DELL\AppData\Local\Temp\claude\c--Users-DELL-OneDrive-Desktop-LocalHost-py\5bed7398-339c-497a-9383-821cf9d2769e\scratchpad\StackCand_0x238.bin
  [rsp+0x248] = 0xFFFFFFFF80000003[kerneldiag] no PE header found scanning VA back from 0xFFFFFFFF80000003

  [rsp+0x250] = 0xFFFFF8003A689D08[kerneldiag] candidate address 0xFFFFF8003A689D08 resolves to module base 0xFFFFF8003A3F0000 (+0x299D08 into it)
[kerneldiag] debug directory: type=2 codeViewRva=0x2174
[kerneldiag] module PDB name: volume.pdb guid=AAF65608-ADE9-794A-A208A2E6534FF85E age=1
    ^ [rsp+0x250] module base 0xFFFFF8003A3F0000 RVA 0x299D08
    ^ dumped 0x180 bytes (starting 0xFFFFF8003A689C08, candidate at offset 0x100) to C:\Users\DELL\AppData\Local\Temp\claude\c--Users-DELL-OneDrive-Desktop-LocalHost-py\5bed7398-339c-497a-9383-821cf9d2769e\scratchpad\StackCand_0x250.bin
  [rsp+0x258] = 0xFFFFF8003A689508[kerneldiag] candidate address 0xFFFFF8003A689508 resolves to module base 0xFFFFF8003A3F0000 (+0x299508 into it)
[kerneldiag] debug directory: type=2 codeViewRva=0x2174
[kerneldiag] module PDB name: volume.pdb guid=AAF65608-ADE9-794A-A208A2E6534FF85E age=1
    ^ [rsp+0x258] module base 0xFFFFF8003A3F0000 RVA 0x299508
    ^ dumped 0x180 bytes (starting 0xFFFFF8003A689408, candidate at offset 0x100) to C:\Users\DELL\AppData\Local\Temp\claude\c--Users-DELL-OneDrive-Desktop-LocalHost-py\5bed7398-339c-497a-9383-821cf9d2769e\scratchpad\StackCand_0x258.bin
  [rsp+0x260] = 0xFFFFF8003A689A40[kerneldiag] candidate address 0xFFFFF8003A689A40 resolves to module base 0xFFFFF8003A3F0000 (+0x299A40 into it)
[kerneldiag] debug directory: type=2 codeViewRva=0x2174
[kerneldiag] module PDB name: volume.pdb guid=AAF65608-ADE9-794A-A208A2E6534FF85E age=1
    ^ [rsp+0x260] module base 0xFFFFF8003A3F0000 RVA 0x299A40
    ^ dumped 0x180 bytes (starting 0xFFFFF8003A689940, candidate at offset 0x100) to C:\Users\DELL\AppData\Local\Temp\claude\c--Users-DELL-OneDrive-Desktop-LocalHost-py\5bed7398-339c-497a-9383-821cf9d2769e\scratchpad\StackCand_0x260.bin
  [rsp+0x268] = 0xFFFFF8003A689540[kerneldiag] candidate address 0xFFFFF8003A689540 resolves to module base 0xFFFFF8003A3F0000 (+0x299540 into it)
[kerneldiag] debug directory: type=2 codeViewRva=0x2174
[kerneldiag] module PDB name: volume.pdb guid=AAF65608-ADE9-794A-A208A2E6534FF85E age=1
    ^ [rsp+0x268] module base 0xFFFFF8003A3F0000 RVA 0x299540
    ^ dumped 0x180 bytes (starting 0xFFFFF8003A689440, candidate at offset 0x100) to C:\Users\DELL\AppData\Local\Temp\claude\c--Users-DELL-OneDrive-Desktop-LocalHost-py\5bed7398-339c-497a-9383-821cf9d2769e\scratchpad\StackCand_0x268.bin
  [rsp+0x270] = 0xFFFFF80031D94180[kerneldiag] candidate address 0xFFFFF80031D94180 resolves to module base 0xFFFFF80031D18000 (+0x7C180 into it)
[kerneldiag] no debug directory RVA in this module's PE header
    ^ [rsp+0x270] module base 0xFFFFF80031D18000 RVA 0x7C180
    ^ dumped 0x180 bytes (starting 0xFFFFF80031D94080, candidate at offset 0x100) to C:\Users\DELL\AppData\Local\Temp\claude\c--Users-DELL-OneDrive-Desktop-LocalHost-py\5bed7398-339c-497a-9383-821cf9d2769e\scratchpad\StackCand_0x270.bin
  [rsp+0x278] = 0xFFFFF80034206E40[kerneldiag] candidate address 0xFFFFF80034206E40 resolves to module base 0xFFFFF80033E00000 (+0x406E40 into it)
[kerneldiag] debug directory: type=2 codeViewRva=0x40970
[kerneldiag] module PDB name: ntkrnlmp.pdb guid=D9424FC4-861E-47C1-0FAD1B35DEC6DCC8 age=1
    ^ [rsp+0x278] module base 0xFFFFF80033E00000 RVA 0x406E40
    ^ dumped 0x180 bytes (starting 0xFFFFF80034206D40, candidate at offset 0x100) to C:\Users\DELL\AppData\Local\Temp\claude\c--Users-DELL-OneDrive-Desktop-LocalHost-py\5bed7398-339c-497a-9383-821cf9d2769e\scratchpad\StackCand_0x278.bin
  [rsp+0x288] = 0xFFFFFFFFFFFFFFFD[kerneldiag] no PE header found scanning VA back from 0xFFFFFFFFFFFFFFFD

  [rsp+0x290] = 0xFFFFF80034C01940[kerneldiag] candidate address 0xFFFFF80034C01940 resolves to module base 0xFFFFF80033E00000 (+0xE01940 into it)
[kerneldiag] debug directory: type=2 codeViewRva=0x40970
[kerneldiag] module PDB name: ntkrnlmp.pdb guid=D9424FC4-861E-47C1-0FAD1B35DEC6DCC8 age=1
    ^ [rsp+0x290] module base 0xFFFFF80033E00000 RVA 0xE01940
    ^ dumped 0x180 bytes (starting 0xFFFFF80034C01840, candidate at offset 0x100) to C:\Users\DELL\AppData\Local\Temp\claude\c--Users-DELL-OneDrive-Desktop-LocalHost-py\5bed7398-339c-497a-9383-821cf9d2769e\scratchpad\StackCand_0x290.bin
  [rsp+0x2A8] = 0xFFFFF8003A689DB0[kerneldiag] candidate address 0xFFFFF8003A689DB0 resolves to module base 0xFFFFF8003A3F0000 (+0x299DB0 into it)
[kerneldiag] debug directory: type=2 codeViewRva=0x2174
[kerneldiag] module PDB name: volume.pdb guid=AAF65608-ADE9-794A-A208A2E6534FF85E age=1
    ^ [rsp+0x2A8] module base 0xFFFFF8003A3F0000 RVA 0x299DB0
    ^ dumped 0x180 bytes (starting 0xFFFFF8003A689CB0, candidate at offset 0x100) to C:\Users\DELL\AppData\Local\Temp\claude\c--Users-DELL-OneDrive-Desktop-LocalHost-py\5bed7398-339c-497a-9383-821cf9d2769e\scratchpad\StackCand_0x2A8.bin
  [rsp+0x2B8] = 0xFFFFF800341FD6F0[kerneldiag] candidate address 0xFFFFF800341FD6F0 resolves to module base 0xFFFFF80033E00000 (+0x3FD6F0 into it)
[kerneldiag] debug directory: type=2 codeViewRva=0x40970
[kerneldiag] module PDB name: ntkrnlmp.pdb guid=D9424FC4-861E-47C1-0FAD1B35DEC6DCC8 age=1
    ^ [rsp+0x2B8] module base 0xFFFFF80033E00000 RVA 0x3FD6F0
    ^ dumped 0x180 bytes (starting 0xFFFFF800341FD5F0, candidate at offset 0x100) to C:\Users\DELL\AppData\Local\Temp\claude\c--Users-DELL-OneDrive-Desktop-LocalHost-py\5bed7398-339c-497a-9383-821cf9d2769e\scratchpad\StackCand_0x2B8.bin
[watchdog] STALL #3 (exitCount=589516 unchanged for 6s): rip=0xFFFFF800342BE7DC rsp=0xFFFFF8003A688D80 rax=0xFFFFF800342BE7D0 rcx=0xF rdx=0xF rbx=0x0 cr3=0x1AD002 cr8(irql)=0xF(HIGH_LEVEL)
[kerneldiag] spin-wait target value at tick 3 = 0x8357DC058AFFE877
[kerneldiag] stack dump from rsp=0xFFFFF8003A688D80 (cr3=0x1AD002):
  [rsp+0x00] = 0xFFFFF8003A688E58
  [rsp+0x08] = 0xFFFFF800340AA11E
  [rsp+0x10] = 0xFFFFF8003A689330
  [rsp+0x18] = 0xFFFFF800340AE633
  [rsp+0x20] = 0xFFFFF8003A688EC0
  [rsp+0x30] = 0xFFFFF80031D94180
  [rsp+0x38] = 0xFFFFF80034317D8A
  [rsp+0x58] = 0xFFFFF8003A689D08
  [rsp+0x60] = 0xFFFFF8003A688E30
  [rsp+0x68] = 0xFFFFF8003424D05A
  [rsp+0x70] = 0xFFFFF8003A689330
  [rsp+0x80] = 0xFFFFF8003A68A020
  [rsp+0x98] = 0xFFFFF80034B27A00
  [rsp+0xD0] = 0xFFFFF80031D94180
  [rsp+0xF0] = 0xFFFFFFFFFFFFFFFF
  [rsp+0xF8] = 0xFFFF800000000000
  [rsp+0x100] = 0xFFFFF800343183B0
[kerneldiag] KiBugCheckData: code=0x139 params=[0x3, 0xFFFFF8003A674CB0, 0xFFFFF8003A674C08, 0x0]
[kerneldiag] EXCEPTION_RECORD @0xFFFFF8003A674C08: code=0xC0000409 address=0xFFFFF80034144214 numParams=1 info[0]=0x3 info[1]=0x0
[kerneldiag] candidate address 0xFFFFF80034144214 resolves to module base 0xFFFFF80033E00000 (+0x344214 into it)
[kerneldiag] debug directory: type=2 codeViewRva=0x40970
[kerneldiag] module PDB name: ntkrnlmp.pdb guid=D9424FC4-861E-47C1-0FAD1B35DEC6DCC8 age=1
[kerneldiag] fast-fail site: module base 0xFFFFF80033E00000, RVA 0x344214  <-- inside ntoskrnl.exe (real symbol resolvable offline)
[kerneldiag] dumped 0x200 bytes around fail site (starting RVA 0x344114, module base 0xFFFFF80033E00000) to C:\Users\DELL\AppData\Local\Temp\claude\c--Users-DELL-OneDrive-Desktop-LocalHost-py\5bed7398-339c-497a-9383-821cf9d2769e\scratchpad\FailSite.bin
[kerneldiag] trap frame @0xFFFFF8003A674CB0, ALL qwords:
  +0x000 = 0x0000000000000000
  +0x008 = 0x0000000000000000
  +0x010 = 0x0000000000000000
  +0x018 = 0x0000000000000000
  +0x020 = 0x0000000000000000
  +0x028 = 0x00001F8001000000
  +0x030 = 0x0000000000000000
  +0x038 = 0x0000000000000003
  +0x040 = 0x0000000000000000
  +0x048 = 0x0000000000000000
  +0x050 = 0x0000000000000008
  +0x058 = 0x0000000000000000
  +0x060 = 0x0000000000000000
  +0x068 = 0x0000000000000000
  +0x070 = 0x0000000000000000
  +0x078 = 0x0000000000000000
  +0x080 = 0x0000000000000000
  +0x088 = 0x0000000000000000
  +0x090 = 0x0056004500440042
  +0x098 = 0x003000300030005F
  +0x0A0 = 0x0045005200260031
  +0x0A8 = 0x00300030005F0056
  +0x0B0 = 0x0055002600310030
  +0x0B8 = 0x0030005F00440049
  +0x0C0 = 0x0000000000000001
  +0x0C8 = 0x0000000000000000
  +0x0D0 = 0x0000000000000000
  +0x0D8 = 0x0000000000000000
  +0x0E0 = 0x0000000000000000
  +0x0E8 = 0x0000000000000000
  +0x0F0 = 0x0000000000000000
  +0x0F8 = 0x0000000000000000
  +0x100 = 0x0000000000000000
  +0x108 = 0x0000000000000000
  +0x110 = 0x0000000000000000
  +0x118 = 0x0000000000000000
  +0x120 = 0xFFFFF80034B28050  <-- canonical kernel pointer
      -> memory there: +0x00=0x0000000000000000 +0x08=0x0000000000000000
  +0x128 = 0xFFFFF8003404545E  <-- canonical kernel pointer
      -> memory there: +0x00=0x01000001E6838366 +0x08=0x000098C381481075
  +0x130 = 0xFFFFF80034B27A00  <-- canonical kernel pointer
      -> memory there: +0x00=0x0000000000200006 +0x08=0xFFFFF80034B27A08
  +0x138 = 0x0000000000000010
  +0x140 = 0x0000000000000000
  +0x148 = 0x0000000000000000
  +0x150 = 0x0000000000000000
  +0x158 = 0x0000000000000000
  +0x160 = 0x0000000000000000
  +0x168 = 0xFFFFF80034144214  <-- canonical kernel pointer
      -> memory there: +0x00=0xCCCCCCCCCCCC29CD +0x08=0x6C894808245C8948
  +0x170 = 0x0000000000000010
  +0x178 = 0x0000000000000286
  +0x180 = 0xFFFFF8003A674E48  <-- canonical kernel pointer
      -> memory there: +0x00=0xFFFFF80034143B64 +0x08=0x0000000000000018
  +0x188 = 0x0000000000000000
  +0x190 = 0x0000000000000000
  +0x198 = 0xFFFFF80034143B64  <-- canonical kernel pointer
      -> memory there: +0x00=0x481874ED85F88B4C +0x08=0x8BFFEEFA0DE8CE8B
  +0x1A0 = 0x0000000000000018
  +0x1A8 = 0x0000000000000000
  +0x1B0 = 0xFFFFFFFFFFFFFFFF  <-- canonical kernel pointer
  +0x1B8 = 0x0000000000000001
  +0x1C0 = 0x0000000000000000
  +0x1C8 = 0xFFFFF8003409F612  <-- canonical kernel pointer
      -> memory there: +0x00=0xCCCCCCCCDFEBFFB0 +0x08=0x8944CCCCCCCCCCCC
  +0x1D0 = 0x0000000000000000
  +0x1D8 = 0x0000000000000010
  +0x1E0 = 0x0000000000000001
  +0x1E8 = 0x0000000000000000
  +0x1F0 = 0xFFFFF8003A674FB0  <-- canonical kernel pointer
      -> memory there: +0x00=0xFFFFF8003A675130 +0x08=0x0000000000000B80
  +0x1F8 = 0xFFFFF800340382C6  <-- canonical kernel pointer
      -> memory there: +0x00=0x1C75C08548F88B48 +0x08=0x48CD8B4970458B44
[kerneldiag] memory at param2 (0xFFFFF8003A674CB0):
  +0x00: 00 00 00 00 00 00 00 00 00 00 00 00 00 00 00 00  ................
  +0x10: 00 00 00 00 00 00 00 00 00 00 00 00 00 00 00 00  ................
  +0x20: 00 00 00 00 00 00 00 00 00 00 00 01 80 1F 00 00  ................
  +0x30: 00 00 00 00 00 00 00 00 03 00 00 00 00 00 00 00  ................
  +0x40: 00 00 00 00 00 00 00 00 00 00 00 00 00 00 00 00  ................
  +0x50: 08 00 00 00 00 00 00 00 00 00 00 00 00 00 00 00  ................
  +0x60: 00 00 00 00 00 00 00 00 00 00 00 00 00 00 00 00  ................
  +0x70: 00 00 00 00 00 00 00 00 00 00 00 00 00 00 00 00  ................
  +0x80: 00 00 00 00 00 00 00 00 00 00 00 00 00 00 00 00  ................
  +0x90: 42 00 44 00 45 00 56 00 5F 00 30 00 30 00 30 00  B.D.E.V._.0.0.0.
  +0xA0: 31 00 26 00 52 00 45 00 56 00 5F 00 30 00 30 00  1.&.R.E.V._.0.0.
  +0xB0: 30 00 31 00 26 00 55 00 49 00 44 00 5F 00 30 00  0.1.&.U.I.D._.0.
  +0xC0: 01 00 00 00 00 00 00 00 00 00 00 00 00 00 00 00  ................
  +0xD0: 00 00 00 00 00 00 00 00 00 00 00 00 00 00 00 00  ................
  +0xE0: 00 00 00 00 00 00 00 00 00 00 00 00 00 00 00 00  ................
  +0xF0: 00 00 00 00 00 00 00 00 00 00 00 00 00 00 00 00  ................
  +0x100: 00 00 00 00 00 00 00 00 00 00 00 00 00 00 00 00  ................
  +0x110: 00 00 00 00 00 00 00 00 00 00 00 00 00 00 00 00  ................
[kerneldiag] descriptor+0xB8 = 0x49 -- bit2 (HalpTimerInitialize succeeded) is clear
[kerneldiag] descriptor+0x120 (remap-info pointer) = 0x1D2B85000004D
[kerneldiag] failed to read remap-info at 0x1D2B85000004D
[kerneldiag] HalpWatchdogTimer = 0x0
[kerneldiag] HalpTimerLastProblem=0x19 setter scan complete: 0 hit(s)
[kerneldiag] dumped HalpInterruptSetLineState_ColdPath (1280 bytes) to C:\Users\DELL\AppData\Local\Temp\claude\c--Users-DELL-OneDrive-Desktop-LocalHost-py\5bed7398-339c-497a-9383-821cf9d2769e\scratchpad\HalpInterruptSetLineState_ColdPath.bin
[kerneldiag] dumped HalpInterruptSetLineStateInternal (1024 bytes) to C:\Users\DELL\AppData\Local\Temp\claude\c--Users-DELL-OneDrive-Desktop-LocalHost-py\5bed7398-339c-497a-9383-821cf9d2769e\scratchpad\HalpInterruptSetLineStateInternal.bin
[kerneldiag] dumped HalpInterruptLookupController (768 bytes) to C:\Users\DELL\AppData\Local\Temp\claude\c--Users-DELL-OneDrive-Desktop-LocalHost-py\5bed7398-339c-497a-9383-821cf9d2769e\scratchpad\HalpInterruptLookupController.bin
[kerneldiag] dumped HalpApicSetLineState_ColdPath (1024 bytes) to C:\Users\DELL\AppData\Local\Temp\claude\c--Users-DELL-OneDrive-Desktop-LocalHost-py\5bed7398-339c-497a-9383-821cf9d2769e\scratchpad\HalpApicSetLineState_ColdPath.bin
[kerneldiag] dumped HalpInterruptSetLineStateInternal_ColdPath (256 bytes) to C:\Users\DELL\AppData\Local\Temp\claude\c--Users-DELL-OneDrive-Desktop-LocalHost-py\5bed7398-339c-497a-9383-821cf9d2769e\scratchpad\HalpInterruptSetLineStateInternal_ColdPath.bin
[kerneldiag] dumped HalpTimerInitializeClock_HotPath (1024 bytes) to C:\Users\DELL\AppData\Local\Temp\claude\c--Users-DELL-OneDrive-Desktop-LocalHost-py\5bed7398-339c-497a-9383-821cf9d2769e\scratchpad\HalpTimerInitializeClock_HotPath.bin
[kerneldiag] HalpInterruptControllerList head @0xFFFFF80034A4B910: Flink=0xFFFFF7D680001340 Blink=0xFFFFF7D680001930 -- MORE THAN ONE controller registered, walking all entries
[kerneldiag] controller[0] @0xFFFFF7D680001340: +0xE8(id)=0x1 +0xDC(flags)=0xFF +0x10(self)=0xFFFFF7D6800014A0 +0x70(callback)=0xFFFFF8003417D580
[kerneldiag] controller[0] +0x100 (routing-candidate list) @0xFFFFF7D680001440: Flink=0xFFFFF7D680007540 Blink=0xFFFFF7D680007540 -- has entries
[kerneldiag] controller[0] candidate[0] @0xFFFFF7D680007540: +0x10(dest)=0xFFFFFFFF +0x14(prioLo)=0x1 +0x18(prioHi)=0x7
[kerneldiag] controller[0] callback RVA = 0x37D580 (in-module)
[kerneldiag] dumped controller[0] callback (1024 bytes from live pointer 0xFFFFF8003417D580) to C:\Users\DELL\AppData\Local\Temp\claude\c--Users-DELL-OneDrive-Desktop-LocalHost-py\5bed7398-339c-497a-9383-821cf9d2769e\scratchpad\InterruptControllerCallback_0.bin
[kerneldiag] controller[1] @0xFFFFF7D680001568: +0xE8(id)=0x2 +0xDC(flags)=0xFF +0x10(self)=0xFFFFF7D6800016C8 +0x70(callback)=0xFFFFF8003417D580
[kerneldiag] controller[1] +0x100 (routing-candidate list) @0xFFFFF7D680001668: Flink=0xFFFFF7D68000A2A8 Blink=0xFFFFF7D68000A2A8 -- has entries
[kerneldiag] controller[1] candidate[0] @0xFFFFF7D68000A2A8: +0x10(dest)=0xFFFFFFFF +0x14(prioLo)=0x1 +0x18(prioHi)=0x7
[kerneldiag] controller[1] callback RVA = 0x37D580 (in-module)
[kerneldiag] controller[1] callback matches an already-dumped one, skipping
[kerneldiag] controller[2] @0xFFFFF7D680001760: +0xE8(id)=0xB000 +0xDC(flags)=0x0 +0x10(self)=0xFFFFF7D6800018C0 +0x70(callback)=0xFFFFF800342DD370
[kerneldiag] controller[2] +0x100 (routing-candidate list) @0xFFFFF7D680001860: Flink=0xFFFFF7D680001B00 Blink=0xFFFFF7D680001B00 -- has entries
[kerneldiag] controller[2] candidate[0] @0xFFFFF7D680001B00: +0x10(dest)=0xFFFFFFFF +0x14(prioLo)=0x1 +0x18(prioHi)=0x2
[kerneldiag] controller[2] callback RVA = 0x4DD370 (in-module)
[kerneldiag] dumped controller[2] callback (1024 bytes from live pointer 0xFFFFF800342DD370) to C:\Users\DELL\AppData\Local\Temp\claude\c--Users-DELL-OneDrive-Desktop-LocalHost-py\5bed7398-339c-497a-9383-821cf9d2769e\scratchpad\InterruptControllerCallback_2.bin
[kerneldiag] controller[3] @0xFFFFF7D680001930: +0xE8(id)=0xB001 +0xDC(flags)=0x0 +0x10(self)=0xFFFFF7D680001A90 +0x70(callback)=0xFFFFF800342DD370
[kerneldiag] controller[3] +0x100 (routing-candidate list) @0xFFFFF7D680001A30: Flink=0xFFFFF7D680001E38 Blink=0xFFFFF7D680001E38 -- has entries
[kerneldiag] controller[3] candidate[0] @0xFFFFF7D680001E38: +0x10(dest)=0xB000 +0x14(prioLo)=0x2 +0x18(prioHi)=0x3
[kerneldiag] controller[3] callback RVA = 0x4DD370 (in-module)
[kerneldiag] controller[3] callback matches an already-dumped one, skipping
[watchdog] STALL #4 (exitCount=589516 unchanged for 8s): rip=0xFFFFF800342BE7DC rsp=0xFFFFF8003A688D80 rax=0xFFFFF800342BE7D0 rcx=0xF rdx=0xF rbx=0x0 cr3=0x1AD002 cr8(irql)=0xF(HIGH_LEVEL)
[kerneldiag] spin-wait target value at tick 4 = 0x8357DC058AFFE877
[watchdog] STALL #5 (exitCount=589516 unchanged for 10s): rip=0xFFFFF800342BE7DC rsp=0xFFFFF8003A688D80 rax=0xFFFFF800342BE7D0 rcx=0xF rdx=0xF rbx=0x0 cr3=0x1AD002 cr8(irql)=0xF(HIGH_LEVEL)
[kerneldiag] spin-wait target value at tick 5 = 0x8357DC058AFFE877
[watchdog] STALL #6 (exitCount=589516 unchanged for 12s): rip=0xFFFFF800342BE7E2 rsp=0xFFFFF8003A688D80 rax=0xFFFFF800342BE7D0 rcx=0xF rdx=0xF rbx=0x0 cr3=0x1AD002 cr8(irql)=0xF(HIGH_LEVEL)
[kerneldiag] spin-wait target value at tick 6 = 0x8357DC058AFFE877
[watchdog] STALL #7 (exitCount=589516 unchanged for 14s): rip=0xFFFFF800342BE7FB rsp=0xFFFFF8003A688D80 rax=0xFFFFF800342BE7D0 rcx=0xF rdx=0xF rbx=0x0 cr3=0x1AD002 cr8(irql)=0xF(HIGH_LEVEL)
[kerneldiag] spin-wait target value at tick 7 = 0x8357DC058AFFE877
