[net] backend initialized
Detected Fixed VHD footer -- excluding it from disk geometry
Attached disk C:\VHDs\win10_installer.vhd (16777216 sectors of 512 bytes)
[cpuid] measured host TSC frequency: 1896005570 Hz
[cpuid] leaf 1 override: host EBX=0x05100800 EDX=0xBFEBFBFF -> guest EBX=0x00010800 EDX=0xAFEBFBFF
Loaded 4194304 bytes of UEFI firmware C:\Users\DELL\Downloads\RELEASEX64_OVMF.fd
Mapped UEFI firmware at 0xFFC00000-0xFFFFFFFF, entering run loop
[kd] named pipe \\.\pipe\LocalHostKD ready -- attach WinDbg with -k com:pipe,port=\\.\pipe\LocalHostKD,resets=0,reconnect (COM2, ports 0x2F8-0x2FF)
[kd-reader] outer loop #1: calling ConnectNamedPipe
[pcicfg #1] bus=0 dev=0 func=0 off=0x02 size=2 write=0 val=0x1237 cfg=present
[pcicfg #2] bus=0 dev=1 func=3 off=0x80 size=1 write=0 val=0x0 cfg=present
[pcicfg #3] bus=0 dev=1 func=3 off=0x40 size=4 write=0 val=0x0 cfg=present
[pcicfg #4] bus=0 dev=1 func=3 off=0x40 size=4 write=1 val=0xB000 cfg=present
[pcicfg #5] bus=0 dev=1 func=3 off=0x80 size=1 write=0 val=0x0 cfg=present
[pcicfg #6] bus=0 dev=1 func=3 off=0x80 size=1 write=1 val=0x1 cfg=present
[pcicfg #7] bus=0 dev=0 func=0 off=0x02 size=2 write=0 val=0x1237 cfg=present
[pcicfg #8] bus=0 dev=1 func=3 off=0x80 size=1 write=0 val=0x1 cfg=present
[pcicfg #9] bus=0 dev=1 func=3 off=0x40 size=4 write=0 val=0xB000 cfg=present
[pcicfg #10] bus=0 dev=0 func=0 off=0x02 size=2 write=0 val=0x1237 cfg=present
[pcicfg #11] bus=0 dev=1 func=3 off=0x80 size=1 write=0 val=0x1 cfg=present
[pcicfg #12] bus=0 dev=1 func=3 off=0x40 size=4 write=0 val=0xB000 cfg=present
[pcicfg #13] bus=0 dev=0 func=0 off=0x02 size=2 write=0 val=0x1237 cfg=present
[pcicfg #14] bus=0 dev=1 func=3 off=0x80 size=1 write=0 val=0x1 cfg=present
[pcicfg #15] bus=0 dev=1 func=3 off=0x40 size=4 write=0 val=0xB000 cfg=present
[pcicfg #16] bus=0 dev=0 func=0 off=0x02 size=2 write=0 val=0x1237 cfg=present
[pcicfg #17] bus=0 dev=1 func=3 off=0x80 size=1 write=0 val=0x1 cfg=present
[pcicfg #18] bus=0 dev=1 func=3 off=0x40 size=4 write=0 val=0xB000 cfg=present
[fwcfg] select #1: selector=0x0
[fwcfg] read #1: selector=0x0 offset=0 dataLen=4 stringOp=1 rep=1
[fwcfg] select #2: selector=0x1
[fwcfg] read #2: selector=0x1 offset=0 dataLen=4 stringOp=1 rep=1
[fwcfg] select #3: selector=0x19
[fwcfg] read #3: selector=0x19 offset=0 dataLen=260 stringOp=1 rep=1
[fwcfg] select #4: selector=0x19
[fwcfg] read #4: selector=0x19 offset=0 dataLen=260 stringOp=1 rep=1
[fwcfg] read #5: selector=0x19 offset=4 dataLen=260 stringOp=1 rep=1
[fwcfg] read #6: selector=0x19 offset=8 dataLen=260 stringOp=1 rep=1
[fwcfg] read #7: selector=0x19 offset=10 dataLen=260 stringOp=1 rep=1
[fwcfg] read #8: selector=0x19 offset=12 dataLen=260 stringOp=1 rep=1
[fwcfg] read #9: selector=0x19 offset=68 dataLen=260 stringOp=1 rep=1
[fwcfg] read #10: selector=0x19 offset=72 dataLen=260 stringOp=1 rep=1
[fwcfg] read #11: selector=0x19 offset=74 dataLen=260 stringOp=1 rep=1
[fwcfg] read #12: selector=0x19 offset=76 dataLen=260 stringOp=1 rep=1
[fwcfg] read #13: selector=0x19 offset=132 dataLen=260 stringOp=1 rep=1
[fwcfg] read #14: selector=0x19 offset=136 dataLen=260 stringOp=1 rep=1
[fwcfg] read #15: selector=0x19 offset=138 dataLen=260 stringOp=1 rep=1
[fwcfg] read #16: selector=0x19 offset=140 dataLen=260 stringOp=1 rep=1
[fwcfg] read #17: selector=0x19 offset=196 dataLen=260 stringOp=1 rep=1
[fwcfg] read #18: selector=0x19 offset=200 dataLen=260 stringOp=1 rep=1
[fwcfg] read #19: selector=0x19 offset=202 dataLen=260 stringOp=1 rep=1
[fwcfg] read #20: selector=0x19 offset=204 dataLen=260 stringOp=1 rep=1
[fwcfg] select #5: selector=0x19
[fwcfg] read #21: selector=0x19 offset=0 dataLen=260 stringOp=1 rep=1
[fwcfg] read #22: selector=0x19 offset=4 dataLen=260 stringOp=1 rep=1
[fwcfg] read #23: selector=0x19 offset=8 dataLen=260 stringOp=1 rep=1
[fwcfg] read #24: selector=0x19 offset=10 dataLen=260 stringOp=1 rep=1
[fwcfg] read #25: selector=0x19 offset=12 dataLen=260 stringOp=1 rep=1
[fwcfg] read #26: selector=0x19 offset=68 dataLen=260 stringOp=1 rep=1
[fwcfg] read #27: selector=0x19 offset=72 dataLen=260 stringOp=1 rep=1
[fwcfg] read #28: selector=0x19 offset=74 dataLen=260 stringOp=1 rep=1
[fwcfg] read #29: selector=0x19 offset=76 dataLen=260 stringOp=1 rep=1
[fwcfg] read #30: selector=0x19 offset=132 dataLen=260 stringOp=1 rep=1
[fwcfg] read #31: selector=0x19 offset=136 dataLen=260 stringOp=1 rep=1
[fwcfg] read #32: selector=0x19 offset=138 dataLen=260 stringOp=1 rep=1
[fwcfg] read #33: selector=0x19 offset=140 dataLen=260 stringOp=1 rep=1
[fwcfg] read #34: selector=0x19 offset=196 dataLen=260 stringOp=1 rep=1
[fwcfg] read #35: selector=0x19 offset=200 dataLen=260 stringOp=1 rep=1
[fwcfg] read #36: selector=0x19 offset=202 dataLen=260 stringOp=1 rep=1
[fwcfg] read #37: selector=0x19 offset=204 dataLen=260 stringOp=1 rep=1
[fwcfg] select #6: selector=0x19
[fwcfg] read #38: selector=0x19 offset=0 dataLen=260 stringOp=1 rep=1
[fwcfg] read #39: selector=0x19 offset=4 dataLen=260 stringOp=1 rep=1
[fwcfg] read #40: selector=0x19 offset=8 dataLen=260 stringOp=1 rep=1
[fwcfg] read #41: selector=0x19 offset=10 dataLen=260 stringOp=1 rep=1
[fwcfg] read #42: selector=0x19 offset=12 dataLen=260 stringOp=1 rep=1
[fwcfg] read #43: selector=0x19 offset=68 dataLen=260 stringOp=1 rep=1
[fwcfg] read #44: selector=0x19 offset=72 dataLen=260 stringOp=1 rep=1
[fwcfg] read #45: selector=0x19 offset=74 dataLen=260 stringOp=1 rep=1
[fwcfg] read #46: selector=0x19 offset=76 dataLen=260 stringOp=1 rep=1
[fwcfg] read #47: selector=0x19 offset=132 dataLen=260 stringOp=1 rep=1
[fwcfg] read #48: selector=0x19 offset=136 dataLen=260 stringOp=1 rep=1
[fwcfg] read #49: selector=0x19 offset=138 dataLen=260 stringOp=1 rep=1
[fwcfg] read #50: selector=0x19 offset=140 dataLen=260 stringOp=1 rep=1
[fwcfg] read #51: selector=0x19 offset=196 dataLen=260 stringOp=1 rep=1
[fwcfg] read #52: selector=0x19 offset=200 dataLen=260 stringOp=1 rep=1
[fwcfg] read #53: selector=0x19 offset=202 dataLen=260 stringOp=1 rep=1
[fwcfg] read #54: selector=0x19 offset=204 dataLen=260 stringOp=1 rep=1
[fwcfg] select #7: selector=0x19
[fwcfg] read #55: selector=0x19 offset=0 dataLen=260 stringOp=1 rep=1
[fwcfg] read #56: selector=0x19 offset=4 dataLen=260 stringOp=1 rep=1
[fwcfg] read #57: selector=0x19 offset=8 dataLen=260 stringOp=1 rep=1
[fwcfg] read #58: selector=0x19 offset=10 dataLen=260 stringOp=1 rep=1
[fwcfg] read #59: selector=0x19 offset=12 dataLen=260 stringOp=1 rep=1
[fwcfg] read #60: selector=0x19 offset=68 dataLen=260 stringOp=1 rep=1
[fwcfg] select #8: selector=0x19
[fwcfg] select #9: selector=0x19
[fwcfg] select #10: selector=0x19
[fwcfg] select #11: selector=0x0
[fwcfg] select #12: selector=0x1
[fwcfg] select #13: selector=0x19
[fwcfg] select #14: selector=0xE
[pcicfg #19] bus=0 dev=0 func=0 off=0x02 size=2 write=0 val=0x1237 cfg=present
[fwcfg] select #15: selector=0x5
[pcicfg #20] bus=0 dev=1 func=3 off=0x80 size=1 write=0 val=0x1 cfg=present
[pcicfg #21] bus=0 dev=0 func=0 off=0x02 size=2 write=0 val=0x1237 cfg=present
[pcicfg #22] bus=0 dev=1 func=3 off=0x80 size=1 write=0 val=0x1 cfg=present
[pcicfg #23] bus=0 dev=1 func=3 off=0x40 size=4 write=0 val=0xB000 cfg=present
[pcicfg #24] bus=0 dev=0 func=0 off=0x02 size=2 write=0 val=0x1237 cfg=present
[pcicfg #25] bus=0 dev=1 func=3 off=0x80 size=1 write=0 val=0x1 cfg=present
[pcicfg #26] bus=0 dev=1 func=3 off=0x40 size=4 write=0 val=0xB000 cfg=present
[pcicfg #27] bus=0 dev=0 func=0 off=0x02 size=2 write=0 val=0x1237 cfg=present
[pcicfg #28] bus=0 dev=1 func=3 off=0x80 size=1 write=0 val=0x1 cfg=present
[pcicfg #29] bus=0 dev=1 func=3 off=0x40 size=4 write=0 val=0xB000 cfg=present
[pcicfg #30] bus=0 dev=0 func=0 off=0x02 size=2 write=0 val=0x1237 cfg=present
[pcicfg #31] bus=0 dev=1 func=3 off=0x80 size=1 write=0 val=0x1 cfg=present
[pcicfg #32] bus=0 dev=1 func=3 off=0x40 size=4 write=0 val=0xB000 cfg=present
[heartbeat: exitCount=5000 elapsedSec=0.0 lastPort=0xB008 write=0 val=0x2]
[pcicfg #33] bus=0 dev=0 func=0 off=0x02 size=2 write=0 val=0x1237 cfg=present
[pcicfg #34] bus=0 dev=1 func=3 off=0x80 size=1 write=0 val=0x1 cfg=present
[pcicfg #35] bus=0 dev=1 func=3 off=0x40 size=4 write=0 val=0xB000 cfg=present
[pcicfg #36] bus=0 dev=1 func=3 off=0x40 size=4 write=0 val=0xB000 cfg=present
[pcicfg #37] bus=0 dev=1 func=3 off=0x40 size=4 write=0 val=0xB000 cfg=present
[pcicfg #38] bus=0 dev=1 func=3 off=0x40 size=4 write=0 val=0xB000 cfg=present
[pcicfg #39] bus=0 dev=1 func=3 off=0x40 size=4 write=0 val=0xB000 cfg=present
[pcicfg #40] bus=0 dev=1 func=3 off=0x40 size=4 write=0 val=0xB000 cfg=present
[pcicfg #41] bus=0 dev=1 func=3 off=0x40 size=4 write=0 val=0xB000 cfg=present
[pcicfg #42] bus=0 dev=1 func=3 off=0x40 size=4 write=0 val=0xB000 cfg=present
[pcicfg #43] bus=0 dev=1 func=3 off=0x40 size=4 write=0 val=0xB000 cfg=present
[pcicfg #44] bus=0 dev=1 func=3 off=0x40 size=4 write=0 val=0xB000 cfg=present
[pcicfg #45] bus=0 dev=1 func=3 off=0x40 size=4 write=0 val=0xB000 cfg=present
[pcicfg #46] bus=0 dev=1 func=3 off=0x40 size=4 write=0 val=0xB000 cfg=present
[pcicfg #47] bus=0 dev=1 func=3 off=0x40 size=4 write=0 val=0xB000 cfg=present
[pcicfg #48] bus=0 dev=1 func=3 off=0x40 size=4 write=0 val=0xB000 cfg=present
[pcicfg #49] bus=0 dev=1 func=3 off=0x40 size=4 write=0 val=0xB000 cfg=present
[fwcfg] select #16: selector=0x23
[ramfb] configured: address=0xBE500000 800x600 stride=3200
[pcicfg #50] bus=0 dev=1 func=3 off=0x40 size=4 write=0 val=0xB000 cfg=present
[pcicfg #51] bus=0 dev=1 func=3 off=0x40 size=4 write=0 val=0xB000 cfg=present
[cmos-ab] write reg=0x0A value=0x26 (RegA=0x26 RegB=0x06, PIE=0)
[cmos-ab] write reg=0x0B value=0x02 (RegA=0x26 RegB=0x02, PIE=0)
[cmos-ab] write reg=0x0B value=0x82 (RegA=0x26 RegB=0x82, PIE=0)
[cmos-ab] write reg=0x0A value=0x76 (RegA=0x76 RegB=0x82, PIE=0)
[cmos-ab] write reg=0x0B value=0x02 (RegA=0x76 RegB=0x02, PIE=0)
[cmos-ab] write reg=0x0A value=0x26 (RegA=0x26 RegB=0x02, PIE=0)
[pcicfg #52] bus=0 dev=1 func=3 off=0x40 size=4 write=0 val=0xB000 cfg=present
[fwcfg] select #17: selector=0x17
[fwcfg] select #18: selector=0x8
[fwcfg] select #19: selector=0xB
[fwcfg] select #20: selector=0x14
[pcicfg #53] bus=0 dev=1 func=3 off=0x40 size=4 write=0 val=0xB000 cfg=present
[pcicfg #54] bus=0 dev=1 func=3 off=0x40 size=4 write=0 val=0xB000 cfg=present
[pcicfg #55] bus=0 dev=1 func=3 off=0x40 size=4 write=0 val=0xB000 cfg=present
[pcicfg #56] bus=0 dev=1 func=3 off=0x40 size=4 write=0 val=0xB000 cfg=present
[pcicfg #57] bus=0 dev=1 func=3 off=0x40 size=4 write=0 val=0xB000 cfg=present
[pcicfg #58] bus=0 dev=1 func=3 off=0x40 size=4 write=0 val=0xB000 cfg=present
[pcicfg #59] bus=0 dev=1 func=3 off=0x40 size=4 write=0 val=0xB000 cfg=present
[pcicfg #60] bus=0 dev=0 func=0 off=0x00 size=4 write=0 val=0x12378086 cfg=present
[pcicfg #61] bus=0 dev=0 func=0 off=0x00 size=4 write=0 val=0x12378086 cfg=present
[pcicfg #62] bus=0 dev=0 func=0 off=0x04 size=4 write=0 val=0x0 cfg=present
[pcicfg #63] bus=0 dev=0 func=0 off=0x08 size=4 write=0 val=0x6000002 cfg=present
[pcicfg #64] bus=0 dev=0 func=0 off=0x0C size=4 write=0 val=0x0 cfg=present
[pcicfg #65] bus=0 dev=0 func=0 off=0x10 size=4 write=0 val=0x0 cfg=present
[pcicfg #66] bus=0 dev=0 func=0 off=0x14 size=4 write=0 val=0x0 cfg=present
[pcicfg #67] bus=0 dev=0 func=0 off=0x18 size=4 write=0 val=0x0 cfg=present
[pcicfg #68] bus=0 dev=0 func=0 off=0x1C size=4 write=0 val=0x0 cfg=present
[pcicfg #69] bus=0 dev=0 func=0 off=0x20 size=4 write=0 val=0x0 cfg=present
[pcicfg #70] bus=0 dev=0 func=0 off=0x24 size=4 write=0 val=0x0 cfg=present
[pcicfg #71] bus=0 dev=0 func=0 off=0x28 size=4 write=0 val=0x0 cfg=present
[pcicfg #72] bus=0 dev=0 func=0 off=0x2C size=4 write=0 val=0x0 cfg=present
[pcicfg #73] bus=0 dev=0 func=0 off=0x30 size=4 write=0 val=0x0 cfg=present
[pcicfg #74] bus=0 dev=0 func=0 off=0x34 size=4 write=0 val=0x0 cfg=present
[pcicfg #75] bus=0 dev=0 func=0 off=0x38 size=4 write=0 val=0x0 cfg=present
[pcicfg #76] bus=0 dev=0 func=0 off=0x3C size=4 write=0 val=0x0 cfg=present
[pcicfg #77] bus=0 dev=1 func=0 off=0x00 size=4 write=0 val=0x70008086 cfg=present
[pcicfg #78] bus=0 dev=1 func=0 off=0x00 size=4 write=0 val=0x70008086 cfg=present
[pcicfg #79] bus=0 dev=1 func=0 off=0x04 size=4 write=0 val=0x0 cfg=present
[pcicfg #80] bus=0 dev=1 func=0 off=0x08 size=4 write=0 val=0x6010000 cfg=present
[pcicfg #81] bus=0 dev=1 func=0 off=0x0C size=4 write=0 val=0x800000 cfg=present
[pcicfg #82] bus=0 dev=1 func=0 off=0x10 size=4 write=0 val=0x0 cfg=present
[pcicfg #83] bus=0 dev=1 func=0 off=0x14 size=4 write=0 val=0x0 cfg=present
[pcicfg #84] bus=0 dev=1 func=0 off=0x18 size=4 write=0 val=0x0 cfg=present
[pcicfg #85] bus=0 dev=1 func=0 off=0x1C size=4 write=0 val=0x0 cfg=present
[pcicfg #86] bus=0 dev=1 func=0 off=0x20 size=4 write=0 val=0x0 cfg=present
[pcicfg #87] bus=0 dev=1 func=0 off=0x24 size=4 write=0 val=0x0 cfg=present
[pcicfg #88] bus=0 dev=1 func=0 off=0x28 size=4 write=0 val=0x0 cfg=present
[pcicfg #89] bus=0 dev=1 func=0 off=0x2C size=4 write=0 val=0x0 cfg=present
[pcicfg #90] bus=0 dev=1 func=0 off=0x30 size=4 write=0 val=0x0 cfg=present
[pcicfg #91] bus=0 dev=1 func=0 off=0x34 size=4 write=0 val=0x0 cfg=present
[pcicfg #92] bus=0 dev=1 func=0 off=0x38 size=4 write=0 val=0x0 cfg=present
[pcicfg #93] bus=0 dev=1 func=0 off=0x3C size=4 write=0 val=0x0 cfg=present
[pcicfg #94] bus=0 dev=1 func=1 off=0x00 size=4 write=0 val=0xFFFFFFFF cfg=absent
[pcicfg #95] bus=0 dev=1 func=2 off=0x00 size=4 write=0 val=0xFFFFFFFF cfg=absent
[pcicfg #96] bus=0 dev=1 func=3 off=0x00 size=4 write=0 val=0x71138086 cfg=present
[pcicfg #97] bus=0 dev=1 func=3 off=0x00 size=4 write=0 val=0x71138086 cfg=present
[pcicfg #98] bus=0 dev=1 func=3 off=0x04 size=4 write=0 val=0x0 cfg=present
[pcicfg #99] bus=0 dev=1 func=3 off=0x08 size=4 write=0 val=0x6800000 cfg=present
[pcicfg #100] bus=0 dev=1 func=3 off=0x0C size=4 write=0 val=0x0 cfg=present
[pcicfg #101] bus=0 dev=1 func=3 off=0x10 size=4 write=0 val=0x0 cfg=present
[pcicfg #102] bus=0 dev=1 func=3 off=0x14 size=4 write=0 val=0x0 cfg=present
[pcicfg #103] bus=0 dev=1 func=3 off=0x18 size=4 write=0 val=0x0 cfg=present
[pcicfg #104] bus=0 dev=1 func=3 off=0x1C size=4 write=0 val=0x0 cfg=present
[pcicfg #105] bus=0 dev=1 func=3 off=0x20 size=4 write=0 val=0x0 cfg=present
[pcicfg #106] bus=0 dev=1 func=3 off=0x24 size=4 write=0 val=0x0 cfg=present
[pcicfg #107] bus=0 dev=1 func=3 off=0x28 size=4 write=0 val=0x0 cfg=present
[pcicfg #108] bus=0 dev=1 func=3 off=0x2C size=4 write=0 val=0x0 cfg=present
[pcicfg #109] bus=0 dev=1 func=3 off=0x30 size=4 write=0 val=0x0 cfg=present
[pcicfg #110] bus=0 dev=1 func=3 off=0x34 size=4 write=0 val=0x0 cfg=present
[pcicfg #111] bus=0 dev=1 func=3 off=0x38 size=4 write=0 val=0x0 cfg=present
[pcicfg #112] bus=0 dev=1 func=3 off=0x3C size=4 write=0 val=0x0 cfg=present
[pcicfg #113] bus=0 dev=1 func=4 off=0x00 size=4 write=0 val=0xFFFFFFFF cfg=absent
[pcicfg #114] bus=0 dev=1 func=5 off=0x00 size=4 write=0 val=0xFFFFFFFF cfg=absent
[pcicfg #115] bus=0 dev=1 func=6 off=0x00 size=4 write=0 val=0xFFFFFFFF cfg=absent
[pcicfg #116] bus=0 dev=1 func=7 off=0x00 size=4 write=0 val=0xFFFFFFFF cfg=absent
[pcicfg #117] bus=0 dev=2 func=0 off=0x00 size=4 write=0 val=0x29228086 cfg=present
[pcicfg #118] bus=0 dev=2 func=0 off=0x00 size=4 write=0 val=0x29228086 cfg=present
[pcicfg #119] bus=0 dev=2 func=0 off=0x04 size=4 write=0 val=0x0 cfg=present
[pcicfg #120] bus=0 dev=2 func=0 off=0x08 size=4 write=0 val=0x1060102 cfg=present
[pcicfg #121] bus=0 dev=2 func=0 off=0x0C size=4 write=0 val=0x0 cfg=present
[pcicfg #122] bus=0 dev=2 func=0 off=0x10 size=4 write=0 val=0x0 cfg=present
[pcicfg #123] bus=0 dev=2 func=0 off=0x14 size=4 write=0 val=0x0 cfg=present
[pcicfg #124] bus=0 dev=2 func=0 off=0x18 size=4 write=0 val=0x0 cfg=present
[pcicfg #125] bus=0 dev=2 func=0 off=0x1C size=4 write=0 val=0x0 cfg=present
[pcicfg #126] bus=0 dev=2 func=0 off=0x20 size=4 write=0 val=0x0 cfg=present
[pcicfg #127] bus=0 dev=2 func=0 off=0x24 size=4 write=0 val=0x0 cfg=present
[pcicfg #128] bus=0 dev=2 func=0 off=0x28 size=4 write=0 val=0x0 cfg=present
[pcicfg #129] bus=0 dev=2 func=0 off=0x2C size=4 write=0 val=0x0 cfg=present
[pcicfg #130] bus=0 dev=2 func=0 off=0x30 size=4 write=0 val=0x0 cfg=present
[pcicfg #131] bus=0 dev=2 func=0 off=0x34 size=4 write=0 val=0x0 cfg=present
[pcicfg #132] bus=0 dev=2 func=0 off=0x38 size=4 write=0 val=0x0 cfg=present
[pcicfg #133] bus=0 dev=2 func=0 off=0x3C size=4 write=0 val=0x0 cfg=present
[pcicfg #134] bus=0 dev=3 func=0 off=0x00 size=4 write=0 val=0x813910EC cfg=present
[pcicfg #135] bus=0 dev=3 func=0 off=0x00 size=4 write=0 val=0x813910EC cfg=present
[pcicfg #136] bus=0 dev=3 func=0 off=0x04 size=4 write=0 val=0x0 cfg=present
[pcicfg #137] bus=0 dev=3 func=0 off=0x08 size=4 write=0 val=0x2000010 cfg=present
[pcicfg #138] bus=0 dev=3 func=0 off=0x0C size=4 write=0 val=0x0 cfg=present
[pcicfg #139] bus=0 dev=3 func=0 off=0x10 size=4 write=0 val=0x0 cfg=present
[pcicfg #140] bus=0 dev=3 func=0 off=0x14 size=4 write=0 val=0x0 cfg=present
[pcicfg #141] bus=0 dev=3 func=0 off=0x18 size=4 write=0 val=0x0 cfg=present
[pcicfg #142] bus=0 dev=3 func=0 off=0x1C size=4 write=0 val=0x0 cfg=present
[pcicfg #143] bus=0 dev=3 func=0 off=0x20 size=4 write=0 val=0x0 cfg=present
[pcicfg #144] bus=0 dev=3 func=0 off=0x24 size=4 write=0 val=0x0 cfg=present
[pcicfg #145] bus=0 dev=3 func=0 off=0x28 size=4 write=0 val=0x0 cfg=present
[pcicfg #146] bus=0 dev=3 func=0 off=0x2C size=4 write=0 val=0x0 cfg=present
[pcicfg #147] bus=0 dev=3 func=0 off=0x30 size=4 write=0 val=0x0 cfg=present
[pcicfg #148] bus=0 dev=3 func=0 off=0x34 size=4 write=0 val=0x0 cfg=present
[pcicfg #149] bus=0 dev=3 func=0 off=0x38 size=4 write=0 val=0x0 cfg=present
[pcicfg #150] bus=0 dev=3 func=0 off=0x3C size=4 write=0 val=0x100 cfg=present
[pcicfg #151] bus=0 dev=4 func=0 off=0x00 size=4 write=0 val=0xFFFFFFFF cfg=absent
[pcicfg #152] bus=0 dev=5 func=0 off=0x00 size=4 write=0 val=0xFFFFFFFF cfg=absent
[pcicfg #153] bus=0 dev=6 func=0 off=0x00 size=4 write=0 val=0xFFFFFFFF cfg=absent
[pcicfg #154] bus=0 dev=7 func=0 off=0x00 size=4 write=0 val=0xFFFFFFFF cfg=absent
[pcicfg #155] bus=0 dev=8 func=0 off=0x00 size=4 write=0 val=0xFFFFFFFF cfg=absent
[pcicfg #156] bus=0 dev=9 func=0 off=0x00 size=4 write=0 val=0xFFFFFFFF cfg=absent
[pcicfg #157] bus=0 dev=10 func=0 off=0x00 size=4 write=0 val=0xFFFFFFFF cfg=absent
[pcicfg #158] bus=0 dev=11 func=0 off=0x00 size=4 write=0 val=0xFFFFFFFF cfg=absent
[pcicfg #159] bus=0 dev=12 func=0 off=0x00 size=4 write=0 val=0xFFFFFFFF cfg=absent
[pcicfg #160] bus=0 dev=13 func=0 off=0x00 size=4 write=0 val=0xFFFFFFFF cfg=absent
[pcicfg #161] bus=0 dev=14 func=0 off=0x00 size=4 write=0 val=0xFFFFFFFF cfg=absent
[pcicfg #162] bus=0 dev=15 func=0 off=0x00 size=4 write=0 val=0xFFFFFFFF cfg=absent
[pcicfg #163] bus=0 dev=16 func=0 off=0x00 size=4 write=0 val=0xFFFFFFFF cfg=absent
[pcicfg #164] bus=0 dev=17 func=0 off=0x00 size=4 write=0 val=0xFFFFFFFF cfg=absent
[pcicfg #165] bus=0 dev=18 func=0 off=0x00 size=4 write=0 val=0xFFFFFFFF cfg=absent
[pcicfg #166] bus=0 dev=19 func=0 off=0x00 size=4 write=0 val=0xFFFFFFFF cfg=absent
[pcicfg #167] bus=0 dev=20 func=0 off=0x00 size=4 write=0 val=0xFFFFFFFF cfg=absent
[pcicfg #168] bus=0 dev=21 func=0 off=0x00 size=4 write=0 val=0xFFFFFFFF cfg=absent
[pcicfg #169] bus=0 dev=22 func=0 off=0x00 size=4 write=0 val=0xFFFFFFFF cfg=absent
[pcicfg #170] bus=0 dev=23 func=0 off=0x00 size=4 write=0 val=0xFFFFFFFF cfg=absent
[pcicfg #171] bus=0 dev=24 func=0 off=0x00 size=4 write=0 val=0xFFFFFFFF cfg=absent
[pcicfg #172] bus=0 dev=25 func=0 off=0x00 size=4 write=0 val=0xFFFFFFFF cfg=absent
[pcicfg #173] bus=0 dev=26 func=0 off=0x00 size=4 write=0 val=0xFFFFFFFF cfg=absent
[pcicfg #174] bus=0 dev=27 func=0 off=0x00 size=4 write=0 val=0xFFFFFFFF cfg=absent
[pcicfg #175] bus=0 dev=28 func=0 off=0x00 size=4 write=0 val=0xFFFFFFFF cfg=absent
[pcicfg #176] bus=0 dev=29 func=0 off=0x00 size=4 write=0 val=0xFFFFFFFF cfg=absent
[pcicfg #177] bus=0 dev=30 func=0 off=0x00 size=4 write=0 val=0xFFFFFFFF cfg=absent
[pcicfg #178] bus=0 dev=31 func=0 off=0x00 size=4 write=0 val=0xFFFFFFFF cfg=absent
[pcicfg #179] bus=0 dev=0 func=0 off=0x00 size=4 write=0 val=0x12378086 cfg=present
[pcicfg #180] bus=0 dev=0 func=0 off=0x00 size=4 write=0 val=0x12378086 cfg=present
[pcicfg #181] bus=0 dev=0 func=0 off=0x04 size=4 write=0 val=0x0 cfg=present
[pcicfg #182] bus=0 dev=0 func=0 off=0x08 size=4 write=0 val=0x6000002 cfg=present
[pcicfg #183] bus=0 dev=0 func=0 off=0x0C size=4 write=0 val=0x0 cfg=present
[pcicfg #184] bus=0 dev=0 func=0 off=0x10 size=4 write=0 val=0x0 cfg=present
[pcicfg #185] bus=0 dev=0 func=0 off=0x14 size=4 write=0 val=0x0 cfg=present
[pcicfg #186] bus=0 dev=0 func=0 off=0x18 size=4 write=0 val=0x0 cfg=present
[pcicfg #187] bus=0 dev=0 func=0 off=0x1C size=4 write=0 val=0x0 cfg=present
[pcicfg #188] bus=0 dev=0 func=0 off=0x20 size=4 write=0 val=0x0 cfg=present
[pcicfg #189] bus=0 dev=0 func=0 off=0x24 size=4 write=0 val=0x0 cfg=present
[pcicfg #190] bus=0 dev=0 func=0 off=0x28 size=4 write=0 val=0x0 cfg=present
[pcicfg #191] bus=0 dev=0 func=0 off=0x2C size=4 write=0 val=0x0 cfg=present
[pcicfg #192] bus=0 dev=0 func=0 off=0x30 size=4 write=0 val=0x0 cfg=present
[pcicfg #193] bus=0 dev=0 func=0 off=0x34 size=4 write=0 val=0x0 cfg=present
[pcicfg #194] bus=0 dev=0 func=0 off=0x38 size=4 write=0 val=0x0 cfg=present
[pcicfg #195] bus=0 dev=0 func=0 off=0x3C size=4 write=0 val=0x0 cfg=present
[pcicfg #196] bus=0 dev=0 func=0 off=0x04 size=2 write=0 val=0x0 cfg=present
[pcicfg #197] bus=0 dev=0 func=0 off=0x04 size=2 write=1 val=0x0 cfg=present
[pcicfg #198] bus=0 dev=0 func=0 off=0x10 size=4 write=0 val=0x0 cfg=present
[pcicfg #199] bus=0 dev=0 func=0 off=0x10 size=4 write=1 val=0xFFFFFFFF cfg=present
[pcicfg #200] bus=0 dev=0 func=0 off=0x10 size=4 write=0 val=0x0 cfg=present
[pcicfg #201] bus=0 dev=0 func=0 off=0x10 size=4 write=1 val=0x0 cfg=present
[pcicfg #202] bus=0 dev=0 func=0 off=0x14 size=4 write=0 val=0x0 cfg=present
[pcicfg #203] bus=0 dev=0 func=0 off=0x14 size=4 write=1 val=0xFFFFFFFF cfg=present
[pcicfg #204] bus=0 dev=0 func=0 off=0x14 size=4 write=0 val=0x0 cfg=present
[pcicfg #205] bus=0 dev=0 func=0 off=0x14 size=4 write=1 val=0x0 cfg=present
[pcicfg #206] bus=0 dev=0 func=0 off=0x18 size=4 write=0 val=0x0 cfg=present
[pcicfg #207] bus=0 dev=0 func=0 off=0x18 size=4 write=1 val=0xFFFFFFFF cfg=present
[pcicfg #208] bus=0 dev=0 func=0 off=0x18 size=4 write=0 val=0x0 cfg=present
[pcicfg #209] bus=0 dev=0 func=0 off=0x18 size=4 write=1 val=0x0 cfg=present
[pcicfg #210] bus=0 dev=0 func=0 off=0x1C size=4 write=0 val=0x0 cfg=present
[pcicfg #211] bus=0 dev=0 func=0 off=0x1C size=4 write=1 val=0xFFFFFFFF cfg=present
[pcicfg #212] bus=0 dev=0 func=0 off=0x1C size=4 write=0 val=0x0 cfg=present
[pcicfg #213] bus=0 dev=0 func=0 off=0x1C size=4 write=1 val=0x0 cfg=present
[pcicfg #214] bus=0 dev=0 func=0 off=0x20 size=4 write=0 val=0x0 cfg=present
[pcicfg #215] bus=0 dev=0 func=0 off=0x20 size=4 write=1 val=0xFFFFFFFF cfg=present
[pcicfg #216] bus=0 dev=0 func=0 off=0x20 size=4 write=0 val=0x0 cfg=present
[pcicfg #217] bus=0 dev=0 func=0 off=0x20 size=4 write=1 val=0x0 cfg=present
[pcicfg #218] bus=0 dev=0 func=0 off=0x24 size=4 write=0 val=0x0 cfg=present
[pcicfg #219] bus=0 dev=0 func=0 off=0x24 size=4 write=1 val=0xFFFFFFFF cfg=present
[pcicfg #220] bus=0 dev=0 func=0 off=0x24 size=4 write=0 val=0x0 cfg=present
[pcicfg #221] bus=0 dev=0 func=0 off=0x24 size=4 write=1 val=0x0 cfg=present
[pcicfg #222] bus=0 dev=0 func=0 off=0x30 size=4 write=1 val=0xFFFFFFFE cfg=present
[pcicfg #223] bus=0 dev=0 func=0 off=0x30 size=4 write=0 val=0x0 cfg=present
[pcicfg #224] bus=0 dev=1 func=0 off=0x00 size=4 write=0 val=0x70008086 cfg=present
[pcicfg #225] bus=0 dev=1 func=0 off=0x00 size=4 write=0 val=0x70008086 cfg=present
[pcicfg #226] bus=0 dev=1 func=0 off=0x04 size=4 write=0 val=0x0 cfg=present
[pcicfg #227] bus=0 dev=1 func=0 off=0x08 size=4 write=0 val=0x6010000 cfg=present
[pcicfg #228] bus=0 dev=1 func=0 off=0x0C size=4 write=0 val=0x800000 cfg=present
[pcicfg #229] bus=0 dev=1 func=0 off=0x10 size=4 write=0 val=0x0 cfg=present
[pcicfg #230] bus=0 dev=1 func=0 off=0x14 size=4 write=0 val=0x0 cfg=present
[pcicfg #231] bus=0 dev=1 func=0 off=0x18 size=4 write=0 val=0x0 cfg=present
[pcicfg #232] bus=0 dev=1 func=0 off=0x1C size=4 write=0 val=0x0 cfg=present
[pcicfg #233] bus=0 dev=1 func=0 off=0x20 size=4 write=0 val=0x0 cfg=present
[pcicfg #234] bus=0 dev=1 func=0 off=0x24 size=4 write=0 val=0x0 cfg=present
[pcicfg #235] bus=0 dev=1 func=0 off=0x28 size=4 write=0 val=0x0 cfg=present
[pcicfg #236] bus=0 dev=1 func=0 off=0x2C size=4 write=0 val=0x0 cfg=present
[pcicfg #237] bus=0 dev=1 func=0 off=0x30 size=4 write=0 val=0x0 cfg=present
[pcicfg #238] bus=0 dev=1 func=0 off=0x34 size=4 write=0 val=0x0 cfg=present
[pcicfg #239] bus=0 dev=1 func=0 off=0x38 size=4 write=0 val=0x0 cfg=present
[pcicfg #240] bus=0 dev=1 func=0 off=0x3C size=4 write=0 val=0x0 cfg=present
[pcicfg #241] bus=0 dev=1 func=0 off=0x04 size=2 write=0 val=0x0 cfg=present
[pcicfg #242] bus=0 dev=1 func=0 off=0x04 size=2 write=1 val=0x0 cfg=present
[pcicfg #243] bus=0 dev=1 func=0 off=0x10 size=4 write=0 val=0x0 cfg=present
[pcicfg #244] bus=0 dev=1 func=0 off=0x10 size=4 write=1 val=0xFFFFFFFF cfg=present
[pcicfg #245] bus=0 dev=1 func=0 off=0x10 size=4 write=0 val=0x0 cfg=present
[pcicfg #246] bus=0 dev=1 func=0 off=0x10 size=4 write=1 val=0x0 cfg=present
[pcicfg #247] bus=0 dev=1 func=0 off=0x14 size=4 write=0 val=0x0 cfg=present
[pcicfg #248] bus=0 dev=1 func=0 off=0x14 size=4 write=1 val=0xFFFFFFFF cfg=present
[pcicfg #249] bus=0 dev=1 func=0 off=0x14 size=4 write=0 val=0x0 cfg=present
[pcicfg #250] bus=0 dev=1 func=0 off=0x14 size=4 write=1 val=0x0 cfg=present
[pcicfg #251] bus=0 dev=1 func=0 off=0x18 size=4 write=0 val=0x0 cfg=present
[pcicfg #252] bus=0 dev=1 func=0 off=0x18 size=4 write=1 val=0xFFFFFFFF cfg=present
[pcicfg #253] bus=0 dev=1 func=0 off=0x18 size=4 write=0 val=0x0 cfg=present
[pcicfg #254] bus=0 dev=1 func=0 off=0x18 size=4 write=1 val=0x0 cfg=present
[pcicfg #255] bus=0 dev=1 func=0 off=0x1C size=4 write=0 val=0x0 cfg=present
[pcicfg #256] bus=0 dev=1 func=0 off=0x1C size=4 write=1 val=0xFFFFFFFF cfg=present
[pcicfg #257] bus=0 dev=1 func=0 off=0x1C size=4 write=0 val=0x0 cfg=present
[pcicfg #258] bus=0 dev=1 func=0 off=0x1C size=4 write=1 val=0x0 cfg=present
[pcicfg #259] bus=0 dev=1 func=0 off=0x20 size=4 write=0 val=0x0 cfg=present
[pcicfg #260] bus=0 dev=1 func=0 off=0x20 size=4 write=1 val=0xFFFFFFFF cfg=present
[pcicfg #261] bus=0 dev=1 func=0 off=0x20 size=4 write=0 val=0x0 cfg=present
[pcicfg #262] bus=0 dev=1 func=0 off=0x20 size=4 write=1 val=0x0 cfg=present
[pcicfg #263] bus=0 dev=1 func=0 off=0x24 size=4 write=0 val=0x0 cfg=present
[pcicfg #264] bus=0 dev=1 func=0 off=0x24 size=4 write=1 val=0xFFFFFFFF cfg=present
[pcicfg #265] bus=0 dev=1 func=0 off=0x24 size=4 write=0 val=0x0 cfg=present
[pcicfg #266] bus=0 dev=1 func=0 off=0x24 size=4 write=1 val=0x0 cfg=present
[pcicfg #267] bus=0 dev=1 func=0 off=0x30 size=4 write=1 val=0xFFFFFFFE cfg=present
[pcicfg #268] bus=0 dev=1 func=0 off=0x30 size=4 write=0 val=0x0 cfg=present
[pcicfg #269] bus=0 dev=1 func=1 off=0x00 size=4 write=0 val=0xFFFFFFFF cfg=absent
[pcicfg #270] bus=0 dev=1 func=2 off=0x00 size=4 write=0 val=0xFFFFFFFF cfg=absent
[pcicfg #271] bus=0 dev=1 func=3 off=0x00 size=4 write=0 val=0x71138086 cfg=present
[pcicfg #272] bus=0 dev=1 func=3 off=0x00 size=4 write=0 val=0x71138086 cfg=present
[pcicfg #273] bus=0 dev=1 func=3 off=0x04 size=4 write=0 val=0x0 cfg=present
[pcicfg #274] bus=0 dev=1 func=3 off=0x08 size=4 write=0 val=0x6800000 cfg=present
[pcicfg #275] bus=0 dev=1 func=3 off=0x0C size=4 write=0 val=0x0 cfg=present
[pcicfg #276] bus=0 dev=1 func=3 off=0x10 size=4 write=0 val=0x0 cfg=present
[pcicfg #277] bus=0 dev=1 func=3 off=0x14 size=4 write=0 val=0x0 cfg=present
[pcicfg #278] bus=0 dev=1 func=3 off=0x18 size=4 write=0 val=0x0 cfg=present
[pcicfg #279] bus=0 dev=1 func=3 off=0x1C size=4 write=0 val=0x0 cfg=present
[pcicfg #280] bus=0 dev=1 func=3 off=0x20 size=4 write=0 val=0x0 cfg=present
[pcicfg #281] bus=0 dev=1 func=3 off=0x24 size=4 write=0 val=0x0 cfg=present
[pcicfg #282] bus=0 dev=1 func=3 off=0x28 size=4 write=0 val=0x0 cfg=present
[pcicfg #283] bus=0 dev=1 func=3 off=0x2C size=4 write=0 val=0x0 cfg=present
[pcicfg #284] bus=0 dev=1 func=3 off=0x30 size=4 write=0 val=0x0 cfg=present
[pcicfg #285] bus=0 dev=1 func=3 off=0x34 size=4 write=0 val=0x0 cfg=present
[pcicfg #286] bus=0 dev=1 func=3 off=0x38 size=4 write=0 val=0x0 cfg=present
[pcicfg #287] bus=0 dev=1 func=3 off=0x3C size=4 write=0 val=0x0 cfg=present
[pcicfg #288] bus=0 dev=1 func=3 off=0x04 size=2 write=0 val=0x0 cfg=present
[pcicfg #289] bus=0 dev=1 func=3 off=0x04 size=2 write=1 val=0x0 cfg=present
[pcicfg #290] bus=0 dev=1 func=3 off=0x10 size=4 write=0 val=0x0 cfg=present
[pcicfg #291] bus=0 dev=1 func=3 off=0x10 size=4 write=1 val=0xFFFFFFFF cfg=present
[pcicfg #292] bus=0 dev=1 func=3 off=0x10 size=4 write=0 val=0x0 cfg=present
[pcicfg #293] bus=0 dev=1 func=3 off=0x10 size=4 write=1 val=0x0 cfg=present
[pcicfg #294] bus=0 dev=1 func=3 off=0x14 size=4 write=0 val=0x0 cfg=present
[pcicfg #295] bus=0 dev=1 func=3 off=0x14 size=4 write=1 val=0xFFFFFFFF cfg=present
[pcicfg #296] bus=0 dev=1 func=3 off=0x14 size=4 write=0 val=0x0 cfg=present
[pcicfg #297] bus=0 dev=1 func=3 off=0x14 size=4 write=1 val=0x0 cfg=present
[pcicfg #298] bus=0 dev=1 func=3 off=0x18 size=4 write=0 val=0x0 cfg=present
[pcicfg #299] bus=0 dev=1 func=3 off=0x18 size=4 write=1 val=0xFFFFFFFF cfg=present
[pcicfg #300] bus=0 dev=1 func=3 off=0x18 size=4 write=0 val=0x0 cfg=present
[heartbeat: exitCount=10000 elapsedSec=0.3 lastPort=0xCF8 write=0 val=0x89]
[rtl8139] I/O BAR mapped at 0xC000
[ahci] ABAR mapped at 0xC0000000 (WHvMapGpaRange hr=0x0 OK)
[fwcfg] select #21: selector=0x22
[acpi] acpiBuildTables() firing -- pmBase=0xB000
[fwcfg] select #22: selector=0x20
[fwcfg] select #23: selector=0x21
[2J[001;001H[=3h[2J[001;001H[2J[001;001H[8;056;240t[2J[001;001H[uart2] #1 port=0x2FF write=0 val=0x0
[uart2] #2 port=0x2FF write=1 val=0xAA
[uart2] #3 port=0x2FF write=0 val=0x0
[uart2] #4 port=0x2FF write=1 val=0x55
[uart2] #5 port=0x2FF write=0 val=0x0
[uart2] #6 port=0x2FF write=1 val=0x0
[uart2] #7 port=0x2FD write=0 val=0x0
[uart2] #8 port=0x2FB write=0 val=0x0
[uart2] #9 port=0x2FB write=1 val=0x0
[uart2] #10 port=0x2F9 write=0 val=0x0
[uart2] #11 port=0x2F9 write=1 val=0x0
[uart2] #12 port=0x2FA write=1 val=0x0
[uart2] #13 port=0x2FC write=0 val=0x0
[uart2] #14 port=0x2FC write=1 val=0x0
[uart2] #15 port=0x2FF write=1 val=0x0
[uart2] #16 port=0x2FA write=1 val=0x7
[uart2] #17 port=0x2FD write=0 val=0x0
[uart2] #18 port=0x2FB write=0 val=0x0
[uart2] #19 port=0x2FB write=1 val=0x80
[uart2] #20 port=0x2F8 write=1 val=0x1
[uart2] #21 port=0x2F9 write=1 val=0x0
[uart2] #22 port=0x2FB write=1 val=0x3
[uart2] #23 port=0x2FD write=0 val=0x0
[uart2] #24 port=0x2FC write=0 val=0x0
[uart2] #25 port=0x2FC write=1 val=0x0
[uart2] #26 port=0x2FD write=0 val=0x0
[uart2] #27 port=0x2FB write=0 val=0x0
[uart2] #28 port=0x2FB write=1 val=0x83
[uart2] #29 port=0x2F8 write=1 val=0x1
[uart2] #30 port=0x2F9 write=1 val=0x0
[uart2] #31 port=0x2FB write=1 val=0x3
[uart2] #32 port=0x2FD write=0 val=0x0
[uart2] #33 port=0x2F8 write=1 val=0x1B
[uart2] #34 port=0x2FD write=0 val=0x0
[uart2] #35 port=0x2F8 write=1 val=0x5B
[uart2] #36 port=0x2FD write=0 val=0x0
[uart2] #37 port=0x2F8 write=1 val=0x32
[uart2] #38 port=0x2FD write=0 val=0x0
[uart2] #39 port=0x2F8 write=1 val=0x4A
[uart2] #40 port=0x2FD write=0 val=0x0
[2J[001;001H[=3h[2J[001;001H[2J[001;001H[8;031;100t[2J[001;001H[heartbeat: exitCount=15000 elapsedSec=0.5 lastPort=0xB008 write=0 val=0x89]
[heartbeat: exitCount=20000 elapsedSec=0.6 lastPort=0xB008 write=0 val=0x89]
[aux] controller: disable AUX port
[ahci] GHC.AE set -- controller enabled
[ahci] PxCMD.ST set -- port 0 started
[ahci] cmd #1: ataCmd=0xEC lba=0 count=1 prdtl=1
[ahci] cmd #2: ataCmd=0xEF lba=0 count=1 prdtl=0
[ahci] cmd #3: ataCmd=0xEC lba=0 count=256 prdtl=1
[ahci] cmd #4: ataCmd=0x20 lba=0 count=1 prdtl=1
[ahci] cmd #5: ataCmd=0x20 lba=1 count=1 prdtl=1
[ahci] cmd #6: ataCmd=0x20 lba=2 count=32 prdtl=1
[ahci] cmd #7: ataCmd=0x20 lba=16777215 count=1 prdtl=1
[ahci] cmd #8: ataCmd=0x20 lba=16777183 count=32 prdtl=1
[ahci] cmd #9: ataCmd=0x20 lba=2 count=32 prdtl=1
[heartbeat: exitCount=25000 elapsedSec=0.7 lastPort=0xB008 write=0 val=0x0]
[ahci] cmd #10: ataCmd=0x20 lba=34 count=1 prdtl=1
[ahci] cmd #11: ataCmd=0x20 lba=98 count=4 prdtl=1
[ahci] cmd #12: ataCmd=0x20 lba=98 count=1 prdtl=1
[ahci] cmd #13: ataCmd=0x20 lba=34 count=1 prdtl=1
[ahci] cmd #14: ataCmd=0x20 lba=34 count=1 prdtl=1
[ahci] cmd #15: ataCmd=0x20 lba=32768 count=1 prdtl=1
[ahci] cmd #16: ataCmd=0x20 lba=32832 count=4 prdtl=1
[ahci] cmd #17: ataCmd=0x20 lba=32832 count=1 prdtl=1
[ahci] cmd #18: ataCmd=0x20 lba=32768 count=1 prdtl=1
[ahci] cmd #19: ataCmd=0x20 lba=32768 count=1 prdtl=1
[ahci] cmd #20: ataCmd=0x20 lba=33598 count=1 prdtl=1
[ahci] cmd #21: ataCmd=0x20 lba=32769 count=1 prdtl=1
[ahci] cmd #22: ataCmd=0x20 lba=0 count=1 prdtl=1
[ahci] cmd #23: ataCmd=0x20 lba=1 count=1 prdtl=1
[ahci] cmd #24: ataCmd=0x20 lba=2 count=32 prdtl=1
[ahci] cmd #25: ataCmd=0x20 lba=16777215 count=1 prdtl=1
[ahci] cmd #26: ataCmd=0x20 lba=16777183 count=32 prdtl=1
[ahci] cmd #27: ataCmd=0x20 lba=2 count=32 prdtl=1
[ahci] cmd #28: ataCmd=0x20 lba=34 count=1 prdtl=1
[ahci] cmd #29: ataCmd=0x20 lba=98 count=4 prdtl=1
[ahci] cmd #30: ataCmd=0x20 lba=98 count=1 prdtl=1
[ahci] cmd #31: ataCmd=0x20 lba=34 count=1 prdtl=1
[ahci] cmd #32: ataCmd=0x20 lba=34 count=1 prdtl=1
[heartbeat: exitCount=30000 elapsedSec=0.8 lastPort=0xCF8 write=0 val=0x0]
[ahci] cmd #33: ataCmd=0x20 lba=0 count=1 prdtl=1
[ahci] cmd #34: ataCmd=0x20 lba=1 count=1 prdtl=1
[ahci] cmd #35: ataCmd=0x20 lba=2 count=32 prdtl=1
[ahci] cmd #36: ataCmd=0x20 lba=16777215 count=1 prdtl=1
[ahci] cmd #37: ataCmd=0x20 lba=16777183 count=32 prdtl=1
[ahci] cmd #38: ataCmd=0x20 lba=2 count=32 prdtl=1
[ahci] cmd #39: ataCmd=0x20 lba=34 count=1 prdtl=1
[ahci] cmd #40: ataCmd=0x20 lba=98 count=4 prdtl=1
[ahci] cmd #41: ataCmd=0x20 lba=98 count=1 prdtl=1
[ahci] cmd #42: ataCmd=0x20 lba=34 count=1 prdtl=1
[ahci] cmd #43: ataCmd=0x20 lba=34 count=1 prdtl=1
[ahci] cmd #44: ataCmd=0x20 lba=0 count=1 prdtl=1
[ahci] cmd #45: ataCmd=0x20 lba=1 count=1 prdtl=1
[ahci] cmd #46: ataCmd=0x20 lba=2 count=32 prdtl=1
[ahci] cmd #47: ataCmd=0x20 lba=16777215 count=1 prdtl=1
[ahci] cmd #48: ataCmd=0x20 lba=16777183 count=32 prdtl=1
[ahci] cmd #49: ataCmd=0x20 lba=2 count=32 prdtl=1
[ahci] cmd #50: ataCmd=0x20 lba=34 count=1 prdtl=1
[ahci] cmd #51: ataCmd=0x20 lba=98 count=4 prdtl=1
[ahci] cmd #52: ataCmd=0x20 lba=98 count=1 prdtl=1
[ahci] cmd #53: ataCmd=0x20 lba=34 count=1 prdtl=1
[ahci] cmd #54: ataCmd=0x20 lba=34 count=1 prdtl=1
[ahci] cmd #55: ataCmd=0x20 lba=34 count=1 prdtl=1
[ahci] cmd #56: ataCmd=0x20 lba=98 count=4 prdtl=1
[ahci] cmd #57: ataCmd=0x20 lba=98 count=1 prdtl=1
[ahci] cmd #58: ataCmd=0x20 lba=34 count=1 prdtl=1
[ahci] cmd #59: ataCmd=0x20 lba=34 count=1 prdtl=1
[ahci] cmd #60: ataCmd=0x20 lba=0 count=1 prdtl=1
[ahci] cmd #61: ataCmd=0x20 lba=1 count=1 prdtl=1
[ahci] cmd #62: ataCmd=0x20 lba=2 count=32 prdtl=1
[ahci] cmd #63: ataCmd=0x20 lba=16777215 count=1 prdtl=1
[ahci] cmd #64: ataCmd=0x20 lba=16777183 count=32 prdtl=1
[ahci] cmd #65: ataCmd=0x20 lba=2 count=32 prdtl=1
[ahci] cmd #66: ataCmd=0x20 lba=34 count=1 prdtl=1
[ahci] cmd #67: ataCmd=0x20 lba=98 count=4 prdtl=1
[ahci] cmd #68: ataCmd=0x20 lba=98 count=1 prdtl=1
[ahci] cmd #69: ataCmd=0x20 lba=34 count=1 prdtl=1
[ahci] cmd #70: ataCmd=0x20 lba=34 count=1 prdtl=1
[ahci] cmd #71: ataCmd=0x20 lba=0 count=1 prdtl=1
[ahci] cmd #72: ataCmd=0x20 lba=33598 count=64 prdtl=1
[ahci] cmd #73: ataCmd=0x20 lba=65536 count=128 prdtl=1
[ahci] cmd #74: ataCmd=0x20 lba=69504 count=128 prdtl=1
[ahci] cmd #75: ataCmd=0x20 lba=69632 count=128 prdtl=1
[ahci] cmd #76: ataCmd=0x20 lba=42814 count=64 prdtl=1
[ahci] cmd #77: ataCmd=0x20 lba=9560960 count=128 prdtl=1
[ahci] cmd #78: ataCmd=0x20 lba=9561088 count=256 prdtl=1
[ahci] cmd #79: ataCmd=0x20 lba=9561344 count=256 prdtl=1
[ahci] cmd #80: ataCmd=0x20 lba=9561600 count=256 prdtl=1
[ahci] cmd #81: ataCmd=0x20 lba=9561856 count=256 prdtl=1
[ahci] cmd #82: ataCmd=0x20 lba=9562112 count=256 prdtl=1
[ahci] cmd #83: ataCmd=0x20 lba=9562368 count=256 prdtl=1
[ahci] cmd #84: ataCmd=0x20 lba=9562624 count=256 prdtl=1
[ahci] cmd #85: ataCmd=0x20 lba=9562880 count=256 prdtl=1
[ahci] cmd #86: ataCmd=0x20 lba=9563136 count=256 prdtl=1
[ahci] cmd #87: ataCmd=0x20 lba=9563392 count=256 prdtl=1
[ahci] cmd #88: ataCmd=0x20 lba=9563648 count=256 prdtl=1
[ahci] cmd #89: ataCmd=0x20 lba=9563904 count=128 prdtl=1
[ahci] cmd #90: ataCmd=0x20 lba=9564032 count=128 prdtl=1
BdsDxe: loading Boot0002 "UEFI LocalHost Virtual Disk LH0001 " from PciRoot(0x0)/Pci(0x2,0x0)/Sata(0x0,0xFFFF,0x0)
BdsDxe: starting Boot0002 "UEFI LocalHost Virtual Disk LH0001 " from PciRoot(0x0)/Pci(0x2,0x0)/Sata(0x0,0xFFFF,0x0)
[ahci] cmd #91: ataCmd=0x20 lba=0 count=1 prdtl=1
[ahci] cmd #92: ataCmd=0x20 lba=1 count=1 prdtl=1
[ahci] cmd #93: ataCmd=0x20 lba=1 count=1 prdtl=1
[ahci] cmd #94: ataCmd=0x20 lba=2 count=32 prdtl=1
[ahci] cmd #95: ataCmd=0x20 lba=0 count=1 prdtl=1
[ahci] cmd #96: ataCmd=0x20 lba=1 count=1 prdtl=1
[ahci] cmd #97: ataCmd=0x20 lba=1 count=1 prdtl=1
[ahci] cmd #98: ataCmd=0x20 lba=2 count=32 prdtl=1
[ahci] cmd #99: ataCmd=0x20 lba=32768 count=16 prdtl=1
[ahci] cmd #100: ataCmd=0x20 lba=0 count=1 prdtl=1
[ahci] cmd #101: ataCmd=0x20 lba=1 count=1 prdtl=1
[ahci] cmd #102: ataCmd=0x20 lba=2 count=32 prdtl=1
[ahci] cmd #103: ataCmd=0x20 lba=32768 count=64 prdtl=1
[ahci] cmd #104: ataCmd=0x20 lba=33536 count=64 prdtl=1
[ahci] cmd #105: ataCmd=0x20 lba=33600 count=64 prdtl=1
[ahci] cmd #106: ataCmd=0x20 lba=65536 count=64 prdtl=1
[ahci] cmd #107: ataCmd=0x20 lba=33601 count=4 prdtl=1
[ahci] cmd #108: ataCmd=0x20 lba=69568 count=64 prdtl=1
[ahci] cmd #109: ataCmd=0x20 lba=69632 count=64 prdtl=1
[ahci] cmd #110: ataCmd=0x20 lba=42874 count=4 prdtl=1
[ahci] cmd #111: ataCmd=0x20 lba=9564096 count=64 prdtl=1
[ahci] cmd #112: ataCmd=0x20 lba=33601 count=4 prdtl=1
[ahci] cmd #113: ataCmd=0x20 lba=42874 count=4 prdtl=1
[ahci] cmd #114: ataCmd=0x20 lba=43326 count=4 prdtl=1
[ahci] cmd #115: ataCmd=0x20 lba=10027016 count=40 prdtl=1
[ahci] cmd #116: ataCmd=0x20 lba=42874 count=4 prdtl=1
[ahci] cmd #117: ataCmd=0x20 lba=43056 count=4 prdtl=1
[ahci] cmd #118: ataCmd=0x20 lba=9750952 count=20 prdtl=1
[ahci] cmd #119: ataCmd=0x20 lba=42874 count=4 prdtl=1
[ahci] cmd #120: ataCmd=0x20 lba=33602 count=4 prdtl=1
[ahci] cmd #121: ataCmd=0x20 lba=42870 count=4 prdtl=1
[ahci] cmd #122: ataCmd=0x20 lba=42873 count=4 prdtl=1
[ahci] cmd #123: ataCmd=0x20 lba=9561000 count=256 prdtl=1
[ahci] cmd #124: ataCmd=0x20 lba=9561256 count=256 prdtl=1
[ahci] cmd #125: ataCmd=0x20 lba=9561512 count=256 prdtl=1
[ahci] cmd #126: ataCmd=0x20 lba=9561768 count=256 prdtl=1
[ahci] cmd #127: ataCmd=0x20 lba=9562024 count=256 prdtl=1
[ahci] cmd #128: ataCmd=0x20 lba=9562280 count=256 prdtl=1
[ahci] cmd #129: ataCmd=0x20 lba=9562536 count=256 prdtl=1
[ahci] cmd #130: ataCmd=0x20 lba=9562792 count=256 prdtl=1
[ahci] cmd #131: ataCmd=0x20 lba=9563048 count=256 prdtl=1
[ahci] cmd #132: ataCmd=0x20 lba=9563304 count=256 prdtl=1
[ahci] cmd #133: ataCmd=0x20 lba=9563560 count=256 prdtl=1
[ahci] cmd #134: ataCmd=0x20 lba=9563816 count=256 prdtl=1
[ahci] cmd #135: ataCmd=0x20 lba=9564072 count=35 prdtl=1
[ahci] cmd #136: ataCmd=0x20 lba=33598 count=4 prdtl=1
[ahci] cmd #137: ataCmd=0x20 lba=33602 count=4 prdtl=1
[ahci] cmd #138: ataCmd=0x20 lba=34622 count=4 prdtl=1
[ahci] cmd #139: ataCmd=0x20 lba=1114112 count=64 prdtl=1
[ahci] cmd #140: ataCmd=0x20 lba=42814 count=4 prdtl=1
[ahci] cmd #141: ataCmd=0x20 lba=9502720 count=64 prdtl=1
[ahci] cmd #142: ataCmd=0x20 lba=33602 count=4 prdtl=1
[ahci] cmd #143: ataCmd=0x20 lba=34622 count=4 prdtl=1
[ahci] cmd #144: ataCmd=0x20 lba=42814 count=4 prdtl=1
[ahci] cmd #145: ataCmd=0x20 lba=33602 count=4 prdtl=1
[ahci] cmd #146: ataCmd=0x20 lba=33598 count=4 prdtl=1
[ahci] cmd #147: ataCmd=0x20 lba=33601 count=4 prdtl=1
[ahci] cmd #148: ataCmd=0x20 lba=42874 count=4 prdtl=1
[ahci] cmd #149: ataCmd=0x20 lba=43059 count=4 prdtl=1
[ahci] cmd #150: ataCmd=0x20 lba=9754240 count=64 prdtl=1
[ahci] cmd #151: ataCmd=0x20 lba=43091 count=4 prdtl=1
[ahci] cmd #152: ataCmd=0x20 lba=9786872 count=1 prdtl=1
[ahci] cmd #153: ataCmd=0x20 lba=9786872 count=1 prdtl=1
[ahci] cmd #154: ataCmd=0x20 lba=9786872 count=1 prdtl=1
[ahci] cmd #155: ataCmd=0x20 lba=9786872 count=1 prdtl=1
[heartbeat: exitCount=35000 elapsedSec=1.1 lastPort=0xB008 write=0 val=0x89]
[ahci] cmd #156: ataCmd=0x20 lba=9786872 count=1 prdtl=1
[ahci] cmd #157: ataCmd=0x20 lba=9786872 count=1 prdtl=1
[ahci] cmd #158: ataCmd=0x20 lba=9786872 count=7 prdtl=1
[ahci] cmd #159: ataCmd=0x20 lba=9786878 count=4 prdtl=1
[ahci] cmd #160: ataCmd=0x20 lba=9786881 count=1 prdtl=1
[ahci] cmd #161: ataCmd=0x20 lba=9786881 count=4 prdtl=1
[ahci] cmd #162: ataCmd=0x20 lba=9786884 count=137 prdtl=1
[ahci] cmd #163: ataCmd=0x20 lba=9787020 count=4 prdtl=1
[ahci] cmd #164: ataCmd=0x20 lba=9787023 count=1 prdtl=1
[ahci] cmd #165: ataCmd=0x20 lba=9787023 count=1 prdtl=1
[ahci] cmd #166: ataCmd=0x20 lba=9787023 count=16 prdtl=1
[ahci] cmd #167: ataCmd=0x20 lba=43059 count=4 prdtl=1
[ahci] cmd #168: ataCmd=0x20 lba=43090 count=4 prdtl=1
[ahci] cmd #169: ataCmd=0x20 lba=9786304 count=1 prdtl=1
[ahci] cmd #170: ataCmd=0x20 lba=9786304 count=1 prdtl=1
[ahci] cmd #171: ataCmd=0x20 lba=9786304 count=1 prdtl=1
[ahci] cmd #172: ataCmd=0x20 lba=9786304 count=1 prdtl=1
[ahci] cmd #173: ataCmd=0x20 lba=9786304 count=1 prdtl=1
[ahci] cmd #174: ataCmd=0x20 lba=9786304 count=1 prdtl=1
[ahci] cmd #175: ataCmd=0x20 lba=9786304 count=4 prdtl=1
[ahci] cmd #176: ataCmd=0x20 lba=9786307 count=2 prdtl=1
[ahci] cmd #177: ataCmd=0x20 lba=9786308 count=3 prdtl=1
[ahci] cmd #178: ataCmd=0x20 lba=9786310 count=63 prdtl=1
[ahci] cmd #179: ataCmd=0x20 lba=9786372 count=3 prdtl=1
[ahci] cmd #180: ataCmd=0x20 lba=9786374 count=1 prdtl=1
[ahci] cmd #181: ataCmd=0x20 lba=9786374 count=16 prdtl=1
[ahci] cmd #182: ataCmd=0x20 lba=43059 count=4 prdtl=1
[ahci] cmd #183: ataCmd=0x20 lba=43091 count=4 prdtl=1
[ahci] cmd #184: ataCmd=0x20 lba=9787040 count=1 prdtl=1
[ahci] cmd #185: ataCmd=0x20 lba=9787040 count=1 prdtl=1
[ahci] cmd #186: ataCmd=0x20 lba=9787040 count=1 prdtl=1
[ahci] cmd #187: ataCmd=0x20 lba=9787040 count=1 prdtl=1
[ahci] cmd #188: ataCmd=0x20 lba=9787040 count=1 prdtl=1
[ahci] cmd #189: ataCmd=0x20 lba=9787040 count=1 prdtl=1
[ahci] cmd #190: ataCmd=0x20 lba=9787040 count=7 prdtl=1
[ahci] cmd #191: ataCmd=0x20 lba=9787046 count=4 prdtl=1
[ahci] cmd #192: ataCmd=0x20 lba=9787049 count=3 prdtl=1
[ahci] cmd #193: ataCmd=0x20 lba=9787051 count=1 prdtl=1
[ahci] cmd #194: ataCmd=0x20 lba=9787051 count=3 prdtl=1
[ahci] cmd #195: ataCmd=0x20 lba=9787053 count=14 prdtl=1
[ahci] cmd #196: ataCmd=0x20 lba=9787066 count=48 prdtl=1
[ahci] cmd #197: ataCmd=0x20 lba=9787113 count=6 prdtl=1
[ahci] cmd #198: ataCmd=0x20 lba=9787118 count=15 prdtl=1
[ahci] cmd #199: ataCmd=0x20 lba=9787040 count=1 prdtl=1
[2J[001;001H[=3h[2J[001;001H[heartbeat: exitCount=40000 elapsedSec=1.3 lastPort=0xB008 write=0 val=0x89]
[heartbeat: exitCount=45000 elapsedSec=1.4 lastPort=0xB008 write=0 val=0x89]
[heartbeat: exitCount=50000 elapsedSec=1.6 lastPort=0xB008 write=0 val=0x89]
[heartbeat: exitCount=55000 elapsedSec=1.7 lastPort=0xB008 write=0 val=0x89]
[heartbeat: exitCount=60000 elapsedSec=1.8 lastPort=0xB008 write=0 val=0x89]
[heartbeat: exitCount=65000 elapsedSec=2.0 lastPort=0xB008 write=0 val=0x89]
[heartbeat: exitCount=70000 elapsedSec=2.1 lastPort=0xB008 write=0 val=0x89]
[heartbeat: exitCount=75000 elapsedSec=2.3 lastPort=0xB008 write=0 val=0x89]
[heartbeat: exitCount=80000 elapsedSec=2.4 lastPort=0xB008 write=0 val=0x89]
[heartbeat: exitCount=85000 elapsedSec=2.5 lastPort=0xB008 write=0 val=0x89]
[heartbeat: exitCount=90000 elapsedSec=2.7 lastPort=0xB008 write=0 val=0x89]
[heartbeat: exitCount=95000 elapsedSec=2.8 lastPort=0xB008 write=0 val=0x89]
[heartbeat: exitCount=100000 elapsedSec=3.0 lastPort=0xB008 write=0 val=0x89]
[heartbeat: exitCount=105000 elapsedSec=3.1 lastPort=0xB008 write=0 val=0x89]
[aux] controller: disable AUX port
[heartbeat: exitCount=110000 elapsedSec=7.0 lastPort=0xCF8 write=1 val=0x0]
[heartbeat: exitCount=115000 elapsedSec=7.1 lastPort=0xCF8 write=1 val=0x0]
[heartbeat: exitCount=120000 elapsedSec=7.2 lastPort=0xCF8 write=1 val=0x0]
[heartbeat: exitCount=125000 elapsedSec=7.3 lastPort=0xCF8 write=1 val=0x0]
[kerneldiag] candidate address 0xFFFFF8016B1A57DD resolves to module base 0xFFFFF8016AE00000 (+0x3A57DD into it)
[kerneldiag] debug directory: type=2 codeViewRva=0x40970
[kerneldiag] module PDB name: ntkrnlmp.pdb guid=D9424FC4-861E-47C1-0FAD1B35DEC6DCC8 age=1
[wp] DISCOVERY at exitCount=126401 (pass 1)
[wp] armed breakpoints at module base 0xFFFFF8016AE00000 (DR2 LFH-check armed=0): DR0=+0xA773D8 (U34 ExInitializePoolHeapManagement entry, VA=0xFFFFF8016B8773D8), DR1=+0x3FD6F0 (KeBugCheckEx, VA=0xFFFFF8016B1FD6F0), DR2=+0x343B49 (RtlpHpLfhOwnerMoveSubsegment entry, VA=0xFFFFF8016B143B49), DR3=+0x9A188F (HalpIommuInitSystem ret, VA=0xFFFFF8016B7A188F)
[u32] ExPoolState pool-descriptor fields (pass 1):
[u32]   pool[0] desc@RVA0xC57EC0: +0x08=0x0 +0x10=0x0  <== +0x10 NULL
[u32]   pool[1] desc@RVA0xC59F80: +0x08=0x0 +0x10=0x0  <== +0x10 NULL
[u32]   pool[2] desc@RVA0xC5C040: +0x08=0x0 +0x10=0x0  <== +0x10 NULL
[u32]   pool[3] desc@RVA0xC5E100: +0x08=0x0 +0x10=0x0  <== +0x10 NULL
[u32]   pool[4] desc@RVA0xC601C0: +0x08=0x0 +0x10=0x0  <== +0x10 NULL
[u32]   pool[5] desc@RVA0xC62280: +0x08=0x0 +0x10=0x0  <== +0x10 NULL
[u32]   pool[6] desc@RVA0xC64340: +0x08=0x0 +0x10=0x0  <== +0x10 NULL
[u32]   pool[7] desc@RVA0xC66400: +0x08=0x0 +0x10=0x0  <== +0x10 NULL
[u27] dumped kernel image to ntoskrnl_dump.bin (4096/4096 pages readable)
[u33] baseline pass=1 exitCount=126401 pool[0] +0x08=0x0 +0x10=0x0
[u33] baseline pass=1 exitCount=126401 pool[1] +0x08=0x0 +0x10=0x0
[u33] baseline pass=1 exitCount=126401 pool[2] +0x08=0x0 +0x10=0x0
[u33] baseline pass=1 exitCount=126401 pool[3] +0x08=0x0 +0x10=0x0
[ioapic #1] gpa=0xFEC00000 pageOff=0x0 rip=0xFFFFF8016B1A57DD write=1 insnLen=0 bytes=16
[ioapic #2] gpa=0xFEC00010 pageOff=0x10 rip=0xFFFFF8016B1A57E3 write=1 insnLen=0 bytes=16
[ioapic #3] gpa=0xFEC00000 pageOff=0x0 rip=0xFFFFF8016B1A57EA write=1 insnLen=0 bytes=16
[ioapic #4] gpa=0xFEC00010 pageOff=0x10 rip=0xFFFFF8016B1A57F0 write=0 insnLen=0 bytes=16
[ioapic #5] gpa=0xFEC00000 pageOff=0x0 rip=0xFFFFF8016B1A57F3 write=1 insnLen=0 bytes=16
[ioapic #6] gpa=0xFEC00010 pageOff=0x10 rip=0xFFFFF8016B1A57F9 write=1 insnLen=0 bytes=16
[ioapic #7] gpa=0xFEC00000 pageOff=0x0 rip=0xFFFFF8016B1A5800 write=1 insnLen=0 bytes=16
[ioapic #8] gpa=0xFEC00010 pageOff=0x10 rip=0xFFFFF8016B1A5806 write=0 insnLen=0 bytes=16
[ioapic #9] gpa=0xFEC00000 pageOff=0x0 rip=0xFFFFF8016B1A5835 write=1 insnLen=0 bytes=16
[ioapic #10] gpa=0xFEC00010 pageOff=0x10 rip=0xFFFFF8016B1A583B write=0 insnLen=0 bytes=16
[ioapic #11] gpa=0xFEC00010 pageOff=0x10 rip=0xFFFFF8016B1A5846 write=1 insnLen=0 bytes=16
[ioapic #12] gpa=0xFEC00000 pageOff=0x0 rip=0xFFFFF8016B1A585D write=1 insnLen=0 bytes=16
[ioapic #13] gpa=0xFEC00010 pageOff=0x10 rip=0xFFFFF8016B1A585F write=0 insnLen=0 bytes=16
[ioapic #14] gpa=0xFEC00010 pageOff=0x10 rip=0xFFFFF8016B1A587A write=1 insnLen=0 bytes=16
[ioapic #15] gpa=0xFEC00000 pageOff=0x0 rip=0xFFFFF8016B1A5881 write=1 insnLen=0 bytes=16
[ioapic #16] gpa=0xFEC00010 pageOff=0x10 rip=0xFFFFF8016B1A5883 write=1 insnLen=0 bytes=16
[ioapic #17] gpa=0xFEC00000 pageOff=0x0 rip=0xFFFFF8016B1A585D write=1 insnLen=0 bytes=16
[ioapic #18] gpa=0xFEC00010 pageOff=0x10 rip=0xFFFFF8016B1A585F write=0 insnLen=0 bytes=16
[ioapic #19] gpa=0xFEC00010 pageOff=0x10 rip=0xFFFFF8016B1A587A write=1 insnLen=0 bytes=16
[ioapic #20] gpa=0xFEC00000 pageOff=0x0 rip=0xFFFFF8016B1A5881 write=1 insnLen=0 bytes=16
[ioapic #21] gpa=0xFEC00010 pageOff=0x10 rip=0xFFFFF8016B1A5883 write=1 insnLen=0 bytes=16
[ioapic #22] gpa=0xFEC00000 pageOff=0x0 rip=0xFFFFF8016B1A585D write=1 insnLen=0 bytes=16
[ioapic #23] gpa=0xFEC00010 pageOff=0x10 rip=0xFFFFF8016B1A585F write=0 insnLen=0 bytes=16
[ioapic #24] gpa=0xFEC00010 pageOff=0x10 rip=0xFFFFF8016B1A587A write=1 insnLen=0 bytes=16
[ioapic #25] gpa=0xFEC00000 pageOff=0x0 rip=0xFFFFF8016B1A5881 write=1 insnLen=0 bytes=16
[ioapic #26] gpa=0xFEC00010 pageOff=0x10 rip=0xFFFFF8016B1A5883 write=1 insnLen=0 bytes=16
[ioapic #27] gpa=0xFEC00000 pageOff=0x0 rip=0xFFFFF8016B1A585D write=1 insnLen=0 bytes=16
[ioapic #28] gpa=0xFEC00010 pageOff=0x10 rip=0xFFFFF8016B1A585F write=0 insnLen=0 bytes=16
[ioapic #29] gpa=0xFEC00010 pageOff=0x10 rip=0xFFFFF8016B1A587A write=1 insnLen=0 bytes=16
[ioapic #30] gpa=0xFEC00000 pageOff=0x0 rip=0xFFFFF8016B1A5881 write=1 insnLen=0 bytes=16
[ioapic #31] gpa=0xFEC00010 pageOff=0x10 rip=0xFFFFF8016B1A5883 write=1 insnLen=0 bytes=16
[ioapic #32] gpa=0xFEC00000 pageOff=0x0 rip=0xFFFFF8016B1A585D write=1 insnLen=0 bytes=16
[ioapic #33] gpa=0xFEC00010 pageOff=0x10 rip=0xFFFFF8016B1A585F write=0 insnLen=0 bytes=16
[ioapic #34] gpa=0xFEC00010 pageOff=0x10 rip=0xFFFFF8016B1A587A write=1 insnLen=0 bytes=16
[ioapic #35] gpa=0xFEC00000 pageOff=0x0 rip=0xFFFFF8016B1A5881 write=1 insnLen=0 bytes=16
[ioapic #36] gpa=0xFEC00010 pageOff=0x10 rip=0xFFFFF8016B1A5883 write=1 insnLen=0 bytes=16
[ioapic #37] gpa=0xFEC00000 pageOff=0x0 rip=0xFFFFF8016B1A585D write=1 insnLen=0 bytes=16
[ioapic #38] gpa=0xFEC00010 pageOff=0x10 rip=0xFFFFF8016B1A585F write=0 insnLen=0 bytes=16
[ioapic #39] gpa=0xFEC00010 pageOff=0x10 rip=0xFFFFF8016B1A587A write=1 insnLen=0 bytes=16
[ioapic #40] gpa=0xFEC00000 pageOff=0x0 rip=0xFFFFF8016B1A5881 write=1 insnLen=0 bytes=16
[ioapic #41] gpa=0xFEC00010 pageOff=0x10 rip=0xFFFFF8016B1A5883 write=1 insnLen=0 bytes=16
[ioapic #42] gpa=0xFEC00000 pageOff=0x0 rip=0xFFFFF8016B1A585D write=1 insnLen=0 bytes=16
[ioapic #43] gpa=0xFEC00010 pageOff=0x10 rip=0xFFFFF8016B1A585F write=0 insnLen=0 bytes=16
[ioapic #44] gpa=0xFEC00010 pageOff=0x10 rip=0xFFFFF8016B1A587A write=1 insnLen=0 bytes=16
[ioapic #45] gpa=0xFEC00000 pageOff=0x0 rip=0xFFFFF8016B1A5881 write=1 insnLen=0 bytes=16
[ioapic #46] gpa=0xFEC00010 pageOff=0x10 rip=0xFFFFF8016B1A5883 write=1 insnLen=0 bytes=16
[ioapic #47] gpa=0xFEC00000 pageOff=0x0 rip=0xFFFFF8016B1A585D write=1 insnLen=0 bytes=16
[ioapic #48] gpa=0xFEC00010 pageOff=0x10 rip=0xFFFFF8016B1A585F write=0 insnLen=0 bytes=16
[ioapic #49] gpa=0xFEC00010 pageOff=0x10 rip=0xFFFFF8016B1A587A write=1 insnLen=0 bytes=16
[ioapic #50] gpa=0xFEC00000 pageOff=0x0 rip=0xFFFFF8016B1A5881 write=1 insnLen=0 bytes=16
[ioapic #51] gpa=0xFEC00010 pageOff=0x10 rip=0xFFFFF8016B1A5883 write=1 insnLen=0 bytes=16
[ioapic #52] gpa=0xFEC00000 pageOff=0x0 rip=0xFFFFF8016B1A585D write=1 insnLen=0 bytes=16
[ioapic #53] gpa=0xFEC00010 pageOff=0x10 rip=0xFFFFF8016B1A585F write=0 insnLen=0 bytes=16
[ioapic #54] gpa=0xFEC00010 pageOff=0x10 rip=0xFFFFF8016B1A587A write=1 insnLen=0 bytes=16
[ioapic #55] gpa=0xFEC00000 pageOff=0x0 rip=0xFFFFF8016B1A5881 write=1 insnLen=0 bytes=16
[ioapic #56] gpa=0xFEC00010 pageOff=0x10 rip=0xFFFFF8016B1A5883 write=1 insnLen=0 bytes=16
[ioapic #57] gpa=0xFEC00000 pageOff=0x0 rip=0xFFFFF8016B1A585D write=1 insnLen=0 bytes=16
[ioapic #58] gpa=0xFEC00010 pageOff=0x10 rip=0xFFFFF8016B1A585F write=0 insnLen=0 bytes=16
[ioapic #59] gpa=0xFEC00010 pageOff=0x10 rip=0xFFFFF8016B1A587A write=1 insnLen=0 bytes=16
[ioapic #60] gpa=0xFEC00000 pageOff=0x0 rip=0xFFFFF8016B1A5881 write=1 insnLen=0 bytes=16
[ioapic #61] gpa=0xFEC00010 pageOff=0x10 rip=0xFFFFF8016B1A5883 write=1 insnLen=0 bytes=16
[ioapic #62] gpa=0xFEC00000 pageOff=0x0 rip=0xFFFFF8016B1A585D write=1 insnLen=0 bytes=16
[ioapic #63] gpa=0xFEC00010 pageOff=0x10 rip=0xFFFFF8016B1A585F write=0 insnLen=0 bytes=16
[ioapic #64] gpa=0xFEC00010 pageOff=0x10 rip=0xFFFFF8016B1A587A write=1 insnLen=0 bytes=16
[ioapic #65] gpa=0xFEC00000 pageOff=0x0 rip=0xFFFFF8016B1A5881 write=1 insnLen=0 bytes=16
[ioapic #66] gpa=0xFEC00010 pageOff=0x10 rip=0xFFFFF8016B1A5883 write=1 insnLen=0 bytes=16
[ioapic #67] gpa=0xFEC00000 pageOff=0x0 rip=0xFFFFF8016B1A585D write=1 insnLen=0 bytes=16
[ioapic #68] gpa=0xFEC00010 pageOff=0x10 rip=0xFFFFF8016B1A585F write=0 insnLen=0 bytes=16
[ioapic #69] gpa=0xFEC00010 pageOff=0x10 rip=0xFFFFF8016B1A587A write=1 insnLen=0 bytes=16
[ioapic #70] gpa=0xFEC00000 pageOff=0x0 rip=0xFFFFF8016B1A5881 write=1 insnLen=0 bytes=16
[ioapic #71] gpa=0xFEC00010 pageOff=0x10 rip=0xFFFFF8016B1A5883 write=1 insnLen=0 bytes=16
[ioapic #72] gpa=0xFEC00000 pageOff=0x0 rip=0xFFFFF8016B1A585D write=1 insnLen=0 bytes=16
[ioapic #73] gpa=0xFEC00010 pageOff=0x10 rip=0xFFFFF8016B1A585F write=0 insnLen=0 bytes=16
[ioapic #74] gpa=0xFEC00010 pageOff=0x10 rip=0xFFFFF8016B1A587A write=1 insnLen=0 bytes=16
[ioapic #75] gpa=0xFEC00000 pageOff=0x0 rip=0xFFFFF8016B1A5881 write=1 insnLen=0 bytes=16
[ioapic #76] gpa=0xFEC00010 pageOff=0x10 rip=0xFFFFF8016B1A5883 write=1 insnLen=0 bytes=16
[ioapic #77] gpa=0xFEC00000 pageOff=0x0 rip=0xFFFFF8016B1A585D write=1 insnLen=0 bytes=16
[ioapic #78] gpa=0xFEC00010 pageOff=0x10 rip=0xFFFFF8016B1A585F write=0 insnLen=0 bytes=16
[ioapic #79] gpa=0xFEC00010 pageOff=0x10 rip=0xFFFFF8016B1A587A write=1 insnLen=0 bytes=16
[ioapic #80] gpa=0xFEC00000 pageOff=0x0 rip=0xFFFFF8016B1A5881 write=1 insnLen=0 bytes=16
[ioapic #81] gpa=0xFEC00010 pageOff=0x10 rip=0xFFFFF8016B1A5883 write=1 insnLen=0 bytes=16
[ioapic #82] gpa=0xFEC00000 pageOff=0x0 rip=0xFFFFF8016B1A585D write=1 insnLen=0 bytes=16
[ioapic #83] gpa=0xFEC00010 pageOff=0x10 rip=0xFFFFF8016B1A585F write=0 insnLen=0 bytes=16
[ioapic #84] gpa=0xFEC00010 pageOff=0x10 rip=0xFFFFF8016B1A587A write=1 insnLen=0 bytes=16
[ioapic #85] gpa=0xFEC00000 pageOff=0x0 rip=0xFFFFF8016B1A5881 write=1 insnLen=0 bytes=16
[ioapic #86] gpa=0xFEC00010 pageOff=0x10 rip=0xFFFFF8016B1A5883 write=1 insnLen=0 bytes=16
[ioapic #87] gpa=0xFEC00000 pageOff=0x0 rip=0xFFFFF8016B1A585D write=1 insnLen=0 bytes=16
[ioapic #88] gpa=0xFEC00010 pageOff=0x10 rip=0xFFFFF8016B1A585F write=0 insnLen=0 bytes=16
[ioapic #89] gpa=0xFEC00010 pageOff=0x10 rip=0xFFFFF8016B1A587A write=1 insnLen=0 bytes=16
[ioapic #90] gpa=0xFEC00000 pageOff=0x0 rip=0xFFFFF8016B1A5881 write=1 insnLen=0 bytes=16
[ioapic #91] gpa=0xFEC00010 pageOff=0x10 rip=0xFFFFF8016B1A5883 write=1 insnLen=0 bytes=16
[ioapic #92] gpa=0xFEC00000 pageOff=0x0 rip=0xFFFFF8016B1A585D write=1 insnLen=0 bytes=16
[ioapic #93] gpa=0xFEC00010 pageOff=0x10 rip=0xFFFFF8016B1A585F write=0 insnLen=0 bytes=16
[ioapic #94] gpa=0xFEC00010 pageOff=0x10 rip=0xFFFFF8016B1A587A write=1 insnLen=0 bytes=16
[ioapic #95] gpa=0xFEC00000 pageOff=0x0 rip=0xFFFFF8016B1A5881 write=1 insnLen=0 bytes=16
[ioapic #96] gpa=0xFEC00010 pageOff=0x10 rip=0xFFFFF8016B1A5883 write=1 insnLen=0 bytes=16
[ioapic #97] gpa=0xFEC00000 pageOff=0x0 rip=0xFFFFF8016B1A585D write=1 insnLen=0 bytes=16
[ioapic #98] gpa=0xFEC00010 pageOff=0x10 rip=0xFFFFF8016B1A585F write=0 insnLen=0 bytes=16
[ioapic #99] gpa=0xFEC00010 pageOff=0x10 rip=0xFFFFF8016B1A587A write=1 insnLen=0 bytes=16
[ioapic #100] gpa=0xFEC00000 pageOff=0x0 rip=0xFFFFF8016B1A5881 write=1 insnLen=0 bytes=16
[iommuret] hit #1: HalpIommuInitSystem returned EAX=0x00000000 (success/other) rsp=0xFFFFF80170E75438 exitCount=126673
[iommuret] hit #2: HalpIommuInitSystem returned EAX=0x00000000 (success/other) rsp=0xFFFFF80170E75438 exitCount=126674
[iommuret] hit #3: HalpIommuInitSystem returned EAX=0x00000000 (success/other) rsp=0xFFFFF80170E75438 exitCount=126675
[iommuret] hit #4: HalpIommuInitSystem returned EAX=0x00000000 (success/other) rsp=0xFFFFF80170E75438 exitCount=126676
[iommuret] hit #5: HalpIommuInitSystem returned EAX=0x00000000 (success/other) rsp=0xFFFFF80170E75438 exitCount=126677
[iommuret] hit #6: HalpIommuInitSystem returned EAX=0x00000000 (success/other) rsp=0xFFFFF80170E75438 exitCount=126678
[iommuret] hit #7: HalpIommuInitSystem returned EAX=0x00000000 (success/other) rsp=0xFFFFF80170E75438 exitCount=126679
[iommuret] hit #8: HalpIommuInitSystem returned EAX=0x00000000 (success/other) rsp=0xFFFFF80170E75438 exitCount=126680
[iommuret] hit #9: HalpIommuInitSystem returned EAX=0x00000000 (success/other) rsp=0xFFFFF80170E75438 exitCount=126681
[iommuret] hit #10: HalpIommuInitSystem returned EAX=0x00000000 (success/other) rsp=0xFFFFF80170E75438 exitCount=126682
[iommuret] hit #11: HalpIommuInitSystem returned EAX=0x00000000 (success/other) rsp=0xFFFFF80170E75438 exitCount=126683
[iommuret] hit #12: HalpIommuInitSystem returned EAX=0x00000000 (success/other) rsp=0xFFFFF80170E75438 exitCount=126684
[iommuret] hit #13: HalpIommuInitSystem returned EAX=0x00000000 (success/other) rsp=0xFFFFF80170E75438 exitCount=126685
[iommuret] hit #14: HalpIommuInitSystem returned EAX=0x00000000 (success/other) rsp=0xFFFFF80170E75438 exitCount=126686
[iommuret] hit #15: HalpIommuInitSystem returned EAX=0x00000000 (success/other) rsp=0xFFFFF80170E75438 exitCount=126687
[iommuret] hit #16: HalpIommuInitSystem returned EAX=0x00000000 (success/other) rsp=0xFFFFF80170E75438 exitCount=126688
[iommuret] hit #17: HalpIommuInitSystem returned EAX=0x00000000 (success/other) rsp=0xFFFFF80170E75438 exitCount=126689
[iommuret] hit #18: HalpIommuInitSystem returned EAX=0x00000000 (success/other) rsp=0xFFFFF80170E75438 exitCount=126690
[iommuret] hit #19: HalpIommuInitSystem returned EAX=0x00000000 (success/other) rsp=0xFFFFF80170E75438 exitCount=126691
[iommuret] hit #20: HalpIommuInitSystem returned EAX=0x00000000 (success/other) rsp=0xFFFFF80170E75438 exitCount=126692
[iommuret] hit #21: HalpIommuInitSystem returned EAX=0x00000000 (success/other) rsp=0xFFFFF80170E75438 exitCount=126693
[iommuret] hit #22: HalpIommuInitSystem returned EAX=0x00000000 (success/other) rsp=0xFFFFF80170E75438 exitCount=126694
[iommuret] hit #23: HalpIommuInitSystem returned EAX=0x00000000 (success/other) rsp=0xFFFFF80170E75438 exitCount=126695
[iommuret] hit #24: HalpIommuInitSystem returned EAX=0x00000000 (success/other) rsp=0xFFFFF80170E75438 exitCount=126696
[iommuret] hit #25: HalpIommuInitSystem returned EAX=0x00000000 (success/other) rsp=0xFFFFF80170E75438 exitCount=126697
[iommuret] hit #26: HalpIommuInitSystem returned EAX=0x00000000 (success/other) rsp=0xFFFFF80170E75438 exitCount=126698
[iommuret] hit #27: HalpIommuInitSystem returned EAX=0x00000000 (success/other) rsp=0xFFFFF80170E75438 exitCount=126699
[iommuret] hit #28: HalpIommuInitSystem returned EAX=0x00000000 (success/other) rsp=0xFFFFF80170E75438 exitCount=126700
[iommuret] hit #29: HalpIommuInitSystem returned EAX=0x00000000 (success/other) rsp=0xFFFFF80170E75438 exitCount=126701
[iommuret] hit #30: HalpIommuInitSystem returned EAX=0x00000000 (success/other) rsp=0xFFFFF80170E75438 exitCount=126702
[iommuret] hit #31: HalpIommuInitSystem returned EAX=0x00000000 (success/other) rsp=0xFFFFF80170E75438 exitCount=126703
[iommuret] hit #32: HalpIommuInitSystem returned EAX=0x00000000 (success/other) rsp=0xFFFFF80170E75438 exitCount=126704
[iommuret] hit #33: HalpIommuInitSystem returned EAX=0x00000000 (success/other) rsp=0xFFFFF80170E75438 exitCount=126705
[iommuret] hit #34: HalpIommuInitSystem returned EAX=0x00000000 (success/other) rsp=0xFFFFF80170E75438 exitCount=126706
[iommuret] hit #35: HalpIommuInitSystem returned EAX=0x00000000 (success/other) rsp=0xFFFFF80170E75438 exitCount=126707
[iommuret] hit #36: HalpIommuInitSystem returned EAX=0x00000000 (success/other) rsp=0xFFFFF80170E75438 exitCount=126708
[iommuret] hit #37: HalpIommuInitSystem returned EAX=0x00000000 (success/other) rsp=0xFFFFF80170E75438 exitCount=126709
[iommuret] hit #38: HalpIommuInitSystem returned EAX=0x00000000 (success/other) rsp=0xFFFFF80170E75438 exitCount=126710
[iommuret] hit #39: HalpIommuInitSystem returned EAX=0x00000000 (success/other) rsp=0xFFFFF80170E75438 exitCount=126711
[iommuret] hit #40: HalpIommuInitSystem returned EAX=0x00000000 (success/other) rsp=0xFFFFF80170E75438 exitCount=126712
[iommuret] hit #41: HalpIommuInitSystem returned EAX=0x00000000 (success/other) rsp=0xFFFFF80170E75438 exitCount=126713
[iommuret] hit #42: HalpIommuInitSystem returned EAX=0x00000000 (success/other) rsp=0xFFFFF80170E75438 exitCount=126714
[iommuret] hit #43: HalpIommuInitSystem returned EAX=0x00000000 (success/other) rsp=0xFFFFF80170E75438 exitCount=126715
[iommuret] hit #44: HalpIommuInitSystem returned EAX=0x00000000 (success/other) rsp=0xFFFFF80170E75438 exitCount=126716
[iommuret] hit #45: HalpIommuInitSystem returned EAX=0x00000000 (success/other) rsp=0xFFFFF80170E75438 exitCount=126717
[iommuret] hit #46: HalpIommuInitSystem returned EAX=0x00000000 (success/other) rsp=0xFFFFF80170E75438 exitCount=126718
[iommuret] hit #47: HalpIommuInitSystem returned EAX=0x00000000 (success/other) rsp=0xFFFFF80170E75438 exitCount=126719
[iommuret] hit #48: HalpIommuInitSystem returned EAX=0x00000000 (success/other) rsp=0xFFFFF80170E75438 exitCount=126720
[iommuret] hit #49: HalpIommuInitSystem returned EAX=0x00000000 (success/other) rsp=0xFFFFF80170E75438 exitCount=126721
[iommuret] hit #50: HalpIommuInitSystem returned EAX=0x00000000 (success/other) rsp=0xFFFFF80170E75438 exitCount=126722
[iommuret] hit #51: HalpIommuInitSystem returned EAX=0x00000000 (success/other) rsp=0xFFFFF80170E75438 exitCount=126723
[iommuret] hit #52: HalpIommuInitSystem returned EAX=0x00000000 (success/other) rsp=0xFFFFF80170E75438 exitCount=126724
[iommuret] hit #53: HalpIommuInitSystem returned EAX=0x00000000 (success/other) rsp=0xFFFFF80170E75438 exitCount=126725
[iommuret] hit #54: HalpIommuInitSystem returned EAX=0x00000000 (success/other) rsp=0xFFFFF80170E75438 exitCount=126726
[iommuret] hit #55: HalpIommuInitSystem returned EAX=0x00000000 (success/other) rsp=0xFFFFF80170E75438 exitCount=126727
[iommuret] hit #56: HalpIommuInitSystem returned EAX=0x00000000 (success/other) rsp=0xFFFFF80170E75438 exitCount=126728
[iommuret] hit #57: HalpIommuInitSystem returned EAX=0x00000000 (success/other) rsp=0xFFFFF80170E75438 exitCount=126729
[iommuret] hit #58: HalpIommuInitSystem returned EAX=0x00000000 (success/other) rsp=0xFFFFF80170E75438 exitCount=126730
[iommuret] hit #59: HalpIommuInitSystem returned EAX=0x00000000 (success/other) rsp=0xFFFFF80170E75438 exitCount=126731
[iommuret] hit #60: HalpIommuInitSystem returned EAX=0x00000000 (success/other) rsp=0xFFFFF80170E75438 exitCount=126732
[iommuret] hit #61: HalpIommuInitSystem returned EAX=0x00000000 (success/other) rsp=0xFFFFF80170E75438 exitCount=126733
[iommuret] hit #62: HalpIommuInitSystem returned EAX=0x00000000 (success/other) rsp=0xFFFFF80170E75438 exitCount=126734
[iommuret] hit #63: HalpIommuInitSystem returned EAX=0x00000000 (success/other) rsp=0xFFFFF80170E75438 exitCount=126735
[iommuret] hit #64: HalpIommuInitSystem returned EAX=0x00000000 (success/other) rsp=0xFFFFF80170E75438 exitCount=126736
[iommuret] hit #65: HalpIommuInitSystem returned EAX=0x00000000 (success/other) rsp=0xFFFFF80170E75438 exitCount=126737
[iommuret] hit #66: HalpIommuInitSystem returned EAX=0x00000000 (success/other) rsp=0xFFFFF80170E75438 exitCount=126738
[iommuret] hit #67: HalpIommuInitSystem returned EAX=0x00000000 (success/other) rsp=0xFFFFF80170E75438 exitCount=126739
[iommuret] hit #68: HalpIommuInitSystem returned EAX=0x00000000 (success/other) rsp=0xFFFFF80170E75438 exitCount=126740
[iommuret] hit #69: HalpIommuInitSystem returned EAX=0x00000000 (success/other) rsp=0xFFFFF80170E75438 exitCount=126741
[iommuret] hit #70: HalpIommuInitSystem returned EAX=0x00000000 (success/other) rsp=0xFFFFF80170E75438 exitCount=126742
[iommuret] hit #71: HalpIommuInitSystem returned EAX=0x00000000 (success/other) rsp=0xFFFFF80170E75438 exitCount=126743
[iommuret] hit #72: HalpIommuInitSystem returned EAX=0x00000000 (success/other) rsp=0xFFFFF80170E75438 exitCount=126744
[iommuret] hit #73: HalpIommuInitSystem returned EAX=0x00000000 (success/other) rsp=0xFFFFF80170E75438 exitCount=126745
[iommuret] hit #74: HalpIommuInitSystem returned EAX=0x00000000 (success/other) rsp=0xFFFFF80170E75438 exitCount=126746
[iommuret] hit #75: HalpIommuInitSystem returned EAX=0x00000000 (success/other) rsp=0xFFFFF80170E75438 exitCount=126747
[iommuret] hit #76: HalpIommuInitSystem returned EAX=0x00000000 (success/other) rsp=0xFFFFF80170E75438 exitCount=126748
[iommuret] hit #77: HalpIommuInitSystem returned EAX=0x00000000 (success/other) rsp=0xFFFFF80170E75438 exitCount=126749
[iommuret] hit #78: HalpIommuInitSystem returned EAX=0x00000000 (success/other) rsp=0xFFFFF80170E75438 exitCount=126750
[iommuret] hit #79: HalpIommuInitSystem returned EAX=0x00000000 (success/other) rsp=0xFFFFF80170E75438 exitCount=126751
[iommuret] hit #80: HalpIommuInitSystem returned EAX=0x00000000 (success/other) rsp=0xFFFFF80170E75438 exitCount=126752
[iommuret] hit #81: HalpIommuInitSystem returned EAX=0x00000000 (success/other) rsp=0xFFFFF80170E75438 exitCount=126753
[iommuret] hit #82: HalpIommuInitSystem returned EAX=0x00000000 (success/other) rsp=0xFFFFF80170E75438 exitCount=126754
[iommuret] hit #83: HalpIommuInitSystem returned EAX=0x00000000 (success/other) rsp=0xFFFFF80170E75438 exitCount=126755
[iommuret] hit #84: HalpIommuInitSystem returned EAX=0x00000000 (success/other) rsp=0xFFFFF80170E75438 exitCount=126756
[iommuret] hit #85: HalpIommuInitSystem returned EAX=0x00000000 (success/other) rsp=0xFFFFF80170E75438 exitCount=126757
[iommuret] hit #86: HalpIommuInitSystem returned EAX=0x00000000 (success/other) rsp=0xFFFFF80170E75438 exitCount=126758
[iommuret] hit #87: HalpIommuInitSystem returned EAX=0x00000000 (success/other) rsp=0xFFFFF80170E75438 exitCount=126759
[iommuret] hit #88: HalpIommuInitSystem returned EAX=0x00000000 (success/other) rsp=0xFFFFF80170E75438 exitCount=126760
[iommuret] hit #89: HalpIommuInitSystem returned EAX=0x00000000 (success/other) rsp=0xFFFFF80170E75438 exitCount=126761
[iommuret] hit #90: HalpIommuInitSystem returned EAX=0x00000000 (success/other) rsp=0xFFFFF80170E75438 exitCount=126762
[iommuret] hit #91: HalpIommuInitSystem returned EAX=0x00000000 (success/other) rsp=0xFFFFF80170E75438 exitCount=126763
[iommuret] hit #92: HalpIommuInitSystem returned EAX=0x00000000 (success/other) rsp=0xFFFFF80170E75438 exitCount=126764
[iommuret] hit #93: HalpIommuInitSystem returned EAX=0x00000000 (success/other) rsp=0xFFFFF80170E75438 exitCount=126765
[iommuret] hit #94: HalpIommuInitSystem returned EAX=0x00000000 (success/other) rsp=0xFFFFF80170E75438 exitCount=126766
[iommuret] hit #95: HalpIommuInitSystem returned EAX=0x00000000 (success/other) rsp=0xFFFFF80170E75438 exitCount=126767
[iommuret] hit #96: HalpIommuInitSystem returned EAX=0x00000000 (success/other) rsp=0xFFFFF80170E75438 exitCount=126768
[iommuret] hit #97: HalpIommuInitSystem returned EAX=0x00000000 (success/other) rsp=0xFFFFF80170E75438 exitCount=126769
[iommuret] hit #98: HalpIommuInitSystem returned EAX=0x00000000 (success/other) rsp=0xFFFFF80170E75438 exitCount=126770
[iommuret] hit #99: HalpIommuInitSystem returned EAX=0x00000000 (success/other) rsp=0xFFFFF80170E75438 exitCount=126771
[iommuret] hit #100: HalpIommuInitSystem returned EAX=0x00000000 (success/other) rsp=0xFFFFF80170E75438 exitCount=126772
[iommuret] hit #101: HalpIommuInitSystem returned EAX=0x00000000 (success/other) rsp=0xFFFFF80170E75438 exitCount=126773
[iommuret] hit #102: HalpIommuInitSystem returned EAX=0x00000000 (success/other) rsp=0xFFFFF80170E75438 exitCount=126774
[iommuret] hit #103: HalpIommuInitSystem returned EAX=0x00000000 (success/other) rsp=0xFFFFF80170E75438 exitCount=126775
[iommuret] hit #104: HalpIommuInitSystem returned EAX=0x00000000 (success/other) rsp=0xFFFFF80170E75438 exitCount=126776
[iommuret] hit #105: HalpIommuInitSystem returned EAX=0x00000000 (success/other) rsp=0xFFFFF80170E75438 exitCount=126777
[iommuret] hit #106: HalpIommuInitSystem returned EAX=0x00000000 (success/other) rsp=0xFFFFF80170E75438 exitCount=126778
[iommuret] hit #107: HalpIommuInitSystem returned EAX=0x00000000 (success/other) rsp=0xFFFFF80170E75438 exitCount=126779
[iommuret] hit #108: HalpIommuInitSystem returned EAX=0x00000000 (success/other) rsp=0xFFFFF80170E75438 exitCount=126780
[iommuret] hit #109: HalpIommuInitSystem returned EAX=0x00000000 (success/other) rsp=0xFFFFF80170E75438 exitCount=126781
[iommuret] hit #110: HalpIommuInitSystem returned EAX=0x00000000 (success/other) rsp=0xFFFFF80170E75438 exitCount=126782
[iommuret] hit #111: HalpIommuInitSystem returned EAX=0x00000000 (success/other) rsp=0xFFFFF80170E75438 exitCount=126783
[iommuret] hit #112: HalpIommuInitSystem returned EAX=0x00000000 (success/other) rsp=0xFFFFF80170E75438 exitCount=126784
[iommuret] hit #113: HalpIommuInitSystem returned EAX=0x00000000 (success/other) rsp=0xFFFFF80170E75438 exitCount=126785
[iommuret] hit #114: HalpIommuInitSystem returned EAX=0x00000000 (success/other) rsp=0xFFFFF80170E75438 exitCount=126786
[iommuret] hit #115: HalpIommuInitSystem returned EAX=0x00000000 (success/other) rsp=0xFFFFF80170E75438 exitCount=126787
[iommuret] hit #116: HalpIommuInitSystem returned EAX=0x00000000 (success/other) rsp=0xFFFFF80170E75438 exitCount=126788
[iommuret] hit #117: HalpIommuInitSystem returned EAX=0x00000000 (success/other) rsp=0xFFFFF80170E75438 exitCount=126789
[iommuret] hit #118: HalpIommuInitSystem returned EAX=0x00000000 (success/other) rsp=0xFFFFF80170E75438 exitCount=126790
[iommuret] hit #119: HalpIommuInitSystem returned EAX=0x00000000 (success/other) rsp=0xFFFFF80170E75438 exitCount=126791
[iommuret] hit #120: HalpIommuInitSystem returned EAX=0x00000000 (success/other) rsp=0xFFFFF80170E75438 exitCount=126792
[iommuret] hit #121: HalpIommuInitSystem returned EAX=0x00000000 (success/other) rsp=0xFFFFF80170E75438 exitCount=126793
[iommuret] hit #122: HalpIommuInitSystem returned EAX=0x00000000 (success/other) rsp=0xFFFFF80170E75438 exitCount=126794
[iommuret] hit #123: HalpIommuInitSystem returned EAX=0x00000000 (success/other) rsp=0xFFFFF80170E75438 exitCount=126795
[iommuret] hit #124: HalpIommuInitSystem returned EAX=0x00000000 (success/other) rsp=0xFFFFF80170E75438 exitCount=126796
[iommuret] hit #125: HalpIommuInitSystem returned EAX=0x00000000 (success/other) rsp=0xFFFFF80170E75438 exitCount=126797
[iommuret] hit #126: HalpIommuInitSystem returned EAX=0x00000000 (success/other) rsp=0xFFFFF80170E75438 exitCount=126798
[iommuret] hit #127: HalpIommuInitSystem returned EAX=0x00000000 (success/other) rsp=0xFFFFF80170E75438 exitCount=126799
[iommuret] hit #128: HalpIommuInitSystem returned EAX=0x00000000 (success/other) rsp=0xFFFFF80170E75438 exitCount=126800
[iommuret] hit #129: HalpIommuInitSystem returned EAX=0x00000000 (success/other) rsp=0xFFFFF80170E75438 exitCount=126801
[iommuret] hit #130: HalpIommuInitSystem returned EAX=0x00000000 (success/other) rsp=0xFFFFF80170E75438 exitCount=126802
[iommuret] hit #131: HalpIommuInitSystem returned EAX=0x00000000 (success/other) rsp=0xFFFFF80170E75438 exitCount=126803
[iommuret] hit #132: HalpIommuInitSystem returned EAX=0x00000000 (success/other) rsp=0xFFFFF80170E75438 exitCount=126804
[iommuret] hit #133: HalpIommuInitSystem returned EAX=0x00000000 (success/other) rsp=0xFFFFF80170E75438 exitCount=126805
[iommuret] hit #134: HalpIommuInitSystem returned EAX=0x00000000 (success/other) rsp=0xFFFFF80170E75438 exitCount=126806
[iommuret] hit #135: HalpIommuInitSystem returned EAX=0x00000000 (success/other) rsp=0xFFFFF80170E75438 exitCount=126807
[iommuret] hit #136: HalpIommuInitSystem returned EAX=0x00000000 (success/other) rsp=0xFFFFF80170E75438 exitCount=126808
[iommuret] hit #137: HalpIommuInitSystem returned EAX=0x00000000 (success/other) rsp=0xFFFFF80170E75438 exitCount=126809
[iommuret] hit #138: HalpIommuInitSystem returned EAX=0x00000000 (success/other) rsp=0xFFFFF80170E75438 exitCount=126810
[iommuret] hit #139: HalpIommuInitSystem returned EAX=0x00000000 (success/other) rsp=0xFFFFF80170E75438 exitCount=126811
[iommuret] hit #140: HalpIommuInitSystem returned EAX=0x00000000 (success/other) rsp=0xFFFFF80170E75438 exitCount=126812
[iommuret] hit #141: HalpIommuInitSystem returned EAX=0x00000000 (success/other) rsp=0xFFFFF80170E75438 exitCount=126813
[iommuret] hit #142: HalpIommuInitSystem returned EAX=0x00000000 (success/other) rsp=0xFFFFF80170E75438 exitCount=126814
[iommuret] hit #143: HalpIommuInitSystem returned EAX=0x00000000 (success/other) rsp=0xFFFFF80170E75438 exitCount=126815
[iommuret] hit #144: HalpIommuInitSystem returned EAX=0x00000000 (success/other) rsp=0xFFFFF80170E75438 exitCount=126816
[iommuret] hit #145: HalpIommuInitSystem returned EAX=0x00000000 (success/other) rsp=0xFFFFF80170E75438 exitCount=126817
[iommuret] hit #146: HalpIommuInitSystem returned EAX=0x00000000 (success/other) rsp=0xFFFFF80170E75438 exitCount=126818
[iommuret] hit #147: HalpIommuInitSystem returned EAX=0x00000000 (success/other) rsp=0xFFFFF80170E75438 exitCount=126819
[iommuret] hit #148: HalpIommuInitSystem returned EAX=0x00000000 (success/other) rsp=0xFFFFF80170E75438 exitCount=126820
[iommuret] hit #149: HalpIommuInitSystem returned EAX=0x00000000 (success/other) rsp=0xFFFFF80170E75438 exitCount=126821
[iommuret] hit #150: HalpIommuInitSystem returned EAX=0x00000000 (success/other) rsp=0xFFFFF80170E75438 exitCount=126822
[iommuret] hit #151: HalpIommuInitSystem returned EAX=0x00000000 (success/other) rsp=0xFFFFF80170E75438 exitCount=126823
[iommuret] hit #152: HalpIommuInitSystem returned EAX=0x00000000 (success/other) rsp=0xFFFFF80170E75438 exitCount=126824
[iommuret] hit #153: HalpIommuInitSystem returned EAX=0x00000000 (success/other) rsp=0xFFFFF80170E75438 exitCount=126825
[iommuret] hit #154: HalpIommuInitSystem returned EAX=0x00000000 (success/other) rsp=0xFFFFF80170E75438 exitCount=126826
[iommuret] hit #155: HalpIommuInitSystem returned EAX=0x00000000 (success/other) rsp=0xFFFFF80170E75438 exitCount=126827
[iommuret] hit #156: HalpIommuInitSystem returned EAX=0x00000000 (success/other) rsp=0xFFFFF80170E75438 exitCount=126828
[iommuret] hit #157: HalpIommuInitSystem returned EAX=0x00000000 (success/other) rsp=0xFFFFF80170E75438 exitCount=126829
[iommuret] hit #158: HalpIommuInitSystem returned EAX=0x00000000 (success/other) rsp=0xFFFFF80170E75438 exitCount=126830
[iommuret] hit #159: HalpIommuInitSystem returned EAX=0x00000000 (success/other) rsp=0xFFFFF80170E75438 exitCount=126831
[iommuret] hit #160: HalpIommuInitSystem returned EAX=0x00000000 (success/other) rsp=0xFFFFF80170E75438 exitCount=126832
[iommuret] hit #161: HalpIommuInitSystem returned EAX=0x00000000 (success/other) rsp=0xFFFFF80170E75438 exitCount=126833
[iommuret] hit #162: HalpIommuInitSystem returned EAX=0x00000000 (success/other) rsp=0xFFFFF80170E75438 exitCount=126834
[iommuret] hit #163: HalpIommuInitSystem returned EAX=0x00000000 (success/other) rsp=0xFFFFF80170E75438 exitCount=126835
[iommuret] hit #164: HalpIommuInitSystem returned EAX=0x00000000 (success/other) rsp=0xFFFFF80170E75438 exitCount=126836
[iommuret] hit #165: HalpIommuInitSystem returned EAX=0x00000000 (success/other) rsp=0xFFFFF80170E75438 exitCount=126837
[iommuret] hit #166: HalpIommuInitSystem returned EAX=0x00000000 (success/other) rsp=0xFFFFF80170E75438 exitCount=126838
[iommuret] hit #167: HalpIommuInitSystem returned EAX=0x00000000 (success/other) rsp=0xFFFFF80170E75438 exitCount=126839
[iommuret] hit #168: HalpIommuInitSystem returned EAX=0x00000000 (success/other) rsp=0xFFFFF80170E75438 exitCount=126840
[iommuret] hit #169: HalpIommuInitSystem returned EAX=0x00000000 (success/other) rsp=0xFFFFF80170E75438 exitCount=126841
[iommuret] hit #170: HalpIommuInitSystem returned EAX=0x00000000 (success/other) rsp=0xFFFFF80170E75438 exitCount=126842
[iommuret] hit #171: HalpIommuInitSystem returned EAX=0x00000000 (success/other) rsp=0xFFFFF80170E75438 exitCount=126843
[iommuret] hit #172: HalpIommuInitSystem returned EAX=0x00000000 (success/other) rsp=0xFFFFF80170E75438 exitCount=126844
[iommuret] hit #173: HalpIommuInitSystem returned EAX=0x00000000 (success/other) rsp=0xFFFFF80170E75438 exitCount=126845
[iommuret] hit #174: HalpIommuInitSystem returned EAX=0x00000000 (success/other) rsp=0xFFFFF80170E75438 exitCount=126846
[iommuret] hit #175: HalpIommuInitSystem returned EAX=0x00000000 (success/other) rsp=0xFFFFF80170E75438 exitCount=126847
[iommuret] hit #176: HalpIommuInitSystem returned EAX=0x00000000 (success/other) rsp=0xFFFFF80170E75438 exitCount=126848
[iommuret] hit #177: HalpIommuInitSystem returned EAX=0x00000000 (success/other) rsp=0xFFFFF80170E75438 exitCount=126849
[iommuret] hit #178: HalpIommuInitSystem returned EAX=0x00000000 (success/other) rsp=0xFFFFF80170E75438 exitCount=126850
[iommuret] hit #179: HalpIommuInitSystem returned EAX=0x00000000 (success/other) rsp=0xFFFFF80170E75438 exitCount=126851
[iommuret] hit #180: HalpIommuInitSystem returned EAX=0x00000000 (success/other) rsp=0xFFFFF80170E75438 exitCount=126852
[iommuret] hit #181: HalpIommuInitSystem returned EAX=0x00000000 (success/other) rsp=0xFFFFF80170E75438 exitCount=126853
[iommuret] hit #182: HalpIommuInitSystem returned EAX=0x00000000 (success/other) rsp=0xFFFFF80170E75438 exitCount=126854
[iommuret] hit #183: HalpIommuInitSystem returned EAX=0x00000000 (success/other) rsp=0xFFFFF80170E75438 exitCount=126855
[iommuret] hit #184: HalpIommuInitSystem returned EAX=0x00000000 (success/other) rsp=0xFFFFF80170E75438 exitCount=126856
[iommuret] hit #185: HalpIommuInitSystem returned EAX=0x00000000 (success/other) rsp=0xFFFFF80170E75438 exitCount=126857
[iommuret] hit #186: HalpIommuInitSystem returned EAX=0x00000000 (success/other) rsp=0xFFFFF80170E75438 exitCount=126858
[iommuret] hit #187: HalpIommuInitSystem returned EAX=0x00000000 (success/other) rsp=0xFFFFF80170E75438 exitCount=126859
[iommuret] hit #188: HalpIommuInitSystem returned EAX=0x00000000 (success/other) rsp=0xFFFFF80170E75438 exitCount=126860
[iommuret] hit #189: HalpIommuInitSystem returned EAX=0x00000000 (success/other) rsp=0xFFFFF80170E75438 exitCount=126861
[iommuret] hit #190: HalpIommuInitSystem returned EAX=0x00000000 (success/other) rsp=0xFFFFF80170E75438 exitCount=126862
[iommuret] hit #191: HalpIommuInitSystem returned EAX=0x00000000 (success/other) rsp=0xFFFFF80170E75438 exitCount=126863
[iommuret] hit #192: HalpIommuInitSystem returned EAX=0x00000000 (success/other) rsp=0xFFFFF80170E75438 exitCount=126864
[iommuret] hit #193: HalpIommuInitSystem returned EAX=0x00000000 (success/other) rsp=0xFFFFF80170E75438 exitCount=126865
[iommuret] hit #194: HalpIommuInitSystem returned EAX=0x00000000 (success/other) rsp=0xFFFFF80170E75438 exitCount=126866
[iommuret] hit #195: HalpIommuInitSystem returned EAX=0x00000000 (success/other) rsp=0xFFFFF80170E75438 exitCount=126867
[iommuret] hit #196: HalpIommuInitSystem returned EAX=0x00000000 (success/other) rsp=0xFFFFF80170E75438 exitCount=126868
[iommuret] hit #197: HalpIommuInitSystem returned EAX=0x00000000 (success/other) rsp=0xFFFFF80170E75438 exitCount=126869
[iommuret] hit #198: HalpIommuInitSystem returned EAX=0x00000000 (success/other) rsp=0xFFFFF80170E75438 exitCount=126870
[iommuret] hit #199: HalpIommuInitSystem returned EAX=0x00000000 (success/other) rsp=0xFFFFF80170E75438 exitCount=126871
[iommuret] hit #200: HalpIommuInitSystem returned EAX=0x00000000 (success/other) rsp=0xFFFFF80170E75438 exitCount=126872
[iommuret] hit #201: HalpIommuInitSystem returned EAX=0x00000000 (success/other) rsp=0xFFFFF80170E75438 exitCount=126873
[iommuret] hit #202: HalpIommuInitSystem returned EAX=0x00000000 (success/other) rsp=0xFFFFF80170E75438 exitCount=126874
[iommuret] hit #203: HalpIommuInitSystem returned EAX=0x00000000 (success/other) rsp=0xFFFFF80170E75438 exitCount=126875
[iommuret] hit #204: HalpIommuInitSystem returned EAX=0x00000000 (success/other) rsp=0xFFFFF80170E75438 exitCount=126876
[iommuret] hit #205: HalpIommuInitSystem returned EAX=0x00000000 (success/other) rsp=0xFFFFF80170E75438 exitCount=126877
[iommuret] hit #206: HalpIommuInitSystem returned EAX=0x00000000 (success/other) rsp=0xFFFFF80170E75438 exitCount=126878
[iommuret] hit #207: HalpIommuInitSystem returned EAX=0x00000000 (success/other) rsp=0xFFFFF80170E75438 exitCount=126879
[iommuret] hit #208: HalpIommuInitSystem returned EAX=0x00000000 (success/other) rsp=0xFFFFF80170E75438 exitCount=126880
[iommuret] hit #209: HalpIommuInitSystem returned EAX=0x00000000 (success/other) rsp=0xFFFFF80170E75438 exitCount=126881
[iommuret] hit #210: HalpIommuInitSystem returned EAX=0x00000000 (success/other) rsp=0xFFFFF80170E75438 exitCount=126882
[iommuret] hit #211: HalpIommuInitSystem returned EAX=0x00000000 (success/other) rsp=0xFFFFF80170E75438 exitCount=126883
[iommuret] hit #212: HalpIommuInitSystem returned EAX=0x00000000 (success/other) rsp=0xFFFFF80170E75438 exitCount=126884
[iommuret] hit #213: HalpIommuInitSystem returned EAX=0x00000000 (success/other) rsp=0xFFFFF80170E75438 exitCount=126885
[iommuret] hit #214: HalpIommuInitSystem returned EAX=0x00000000 (success/other) rsp=0xFFFFF80170E75438 exitCount=126886
[iommuret] hit #215: HalpIommuInitSystem returned EAX=0x00000000 (success/other) rsp=0xFFFFF80170E75438 exitCount=126887
[iommuret] hit #216: HalpIommuInitSystem returned EAX=0x00000000 (success/other) rsp=0xFFFFF80170E75438 exitCount=126888
[iommuret] hit #217: HalpIommuInitSystem returned EAX=0x00000000 (success/other) rsp=0xFFFFF80170E75438 exitCount=126889
[iommuret] hit #218: HalpIommuInitSystem returned EAX=0x00000000 (success/other) rsp=0xFFFFF80170E75438 exitCount=126890
[iommuret] hit #219: HalpIommuInitSystem returned EAX=0x00000000 (success/other) rsp=0xFFFFF80170E75438 exitCount=126891
[iommuret] hit #220: HalpIommuInitSystem returned EAX=0x00000000 (success/other) rsp=0xFFFFF80170E75438 exitCount=126892
[iommuret] hit #221: HalpIommuInitSystem returned EAX=0x00000000 (success/other) rsp=0xFFFFF80170E75438 exitCount=126893
[iommuret] hit #222: HalpIommuInitSystem returned EAX=0x00000000 (success/other) rsp=0xFFFFF80170E75438 exitCount=126894
[iommuret] hit #223: HalpIommuInitSystem returned EAX=0x00000000 (success/other) rsp=0xFFFFF80170E75438 exitCount=126895
[iommuret] hit #224: HalpIommuInitSystem returned EAX=0x00000000 (success/other) rsp=0xFFFFF80170E75438 exitCount=126896
[iommuret] hit #225: HalpIommuInitSystem returned EAX=0x00000000 (success/other) rsp=0xFFFFF80170E75438 exitCount=126897
[iommuret] hit #226: HalpIommuInitSystem returned EAX=0x00000000 (success/other) rsp=0xFFFFF80170E75438 exitCount=126898
[iommuret] hit #227: HalpIommuInitSystem returned EAX=0x00000000 (success/other) rsp=0xFFFFF80170E75438 exitCount=126899
[iommuret] hit #228: HalpIommuInitSystem returned EAX=0x00000000 (success/other) rsp=0xFFFFF80170E75438 exitCount=126900
[iommuret] hit #229: HalpIommuInitSystem returned EAX=0x00000000 (success/other) rsp=0xFFFFF80170E75438 exitCount=126901
[iommuret] hit #230: HalpIommuInitSystem returned EAX=0x00000000 (success/other) rsp=0xFFFFF80170E75438 exitCount=126902
[iommuret] hit #231: HalpIommuInitSystem returned EAX=0x00000000 (success/other) rsp=0xFFFFF80170E75438 exitCount=126903
[iommuret] hit #232: HalpIommuInitSystem returned EAX=0x00000000 (success/other) rsp=0xFFFFF80170E75438 exitCount=126904
[iommuret] hit #233: HalpIommuInitSystem returned EAX=0x00000000 (success/other) rsp=0xFFFFF80170E75438 exitCount=126905
[iommuret] hit #234: HalpIommuInitSystem returned EAX=0x00000000 (success/other) rsp=0xFFFFF80170E75438 exitCount=126906
[iommuret] hit #235: HalpIommuInitSystem returned EAX=0x00000000 (success/other) rsp=0xFFFFF80170E75438 exitCount=126907
[iommuret] hit #236: HalpIommuInitSystem returned EAX=0x00000000 (success/other) rsp=0xFFFFF80170E75438 exitCount=126908
[iommuret] hit #237: HalpIommuInitSystem returned EAX=0x00000000 (success/other) rsp=0xFFFFF80170E75438 exitCount=126909
[iommuret] hit #238: HalpIommuInitSystem returned EAX=0x00000000 (success/other) rsp=0xFFFFF80170E75438 exitCount=126910
[iommuret] hit #239: HalpIommuInitSystem returned EAX=0x00000000 (success/other) rsp=0xFFFFF80170E75438 exitCount=126911
[iommuret] hit #240: HalpIommuInitSystem returned EAX=0x00000000 (success/other) rsp=0xFFFFF80170E75438 exitCount=126912
[iommuret] hit #241: HalpIommuInitSystem returned EAX=0x00000000 (success/other) rsp=0xFFFFF80170E75438 exitCount=126913
[iommuret] hit #242: HalpIommuInitSystem returned EAX=0x00000000 (success/other) rsp=0xFFFFF80170E75438 exitCount=126914
[iommuret] hit #243: HalpIommuInitSystem returned EAX=0x00000000 (success/other) rsp=0xFFFFF80170E75438 exitCount=126915
[iommuret] hit #244: HalpIommuInitSystem returned EAX=0x00000000 (success/other) rsp=0xFFFFF80170E75438 exitCount=126916
[iommuret] hit #245: HalpIommuInitSystem returned EAX=0x00000000 (success/other) rsp=0xFFFFF80170E75438 exitCount=126917
[iommuret] hit #246: HalpIommuInitSystem returned EAX=0x00000000 (success/other) rsp=0xFFFFF80170E75438 exitCount=126918
[iommuret] hit #247: HalpIommuInitSystem returned EAX=0x00000000 (success/other) rsp=0xFFFFF80170E75438 exitCount=126919
[iommuret] hit #248: HalpIommuInitSystem returned EAX=0x00000000 (success/other) rsp=0xFFFFF80170E75438 exitCount=126920
[iommuret] hit #249: HalpIommuInitSystem returned EAX=0x00000000 (success/other) rsp=0xFFFFF80170E75438 exitCount=126921
[iommuret] hit #250: HalpIommuInitSystem returned EAX=0x00000000 (success/other) rsp=0xFFFFF80170E75438 exitCount=126922
[iommuret] hit #251: HalpIommuInitSystem returned EAX=0x00000000 (success/other) rsp=0xFFFFF80170E75438 exitCount=126923
[iommuret] hit #252: HalpIommuInitSystem returned EAX=0x00000000 (success/other) rsp=0xFFFFF80170E75438 exitCount=126924
[iommuret] hit #253: HalpIommuInitSystem returned EAX=0x00000000 (success/other) rsp=0xFFFFF80170E75438 exitCount=126925
[iommuret] hit #254: HalpIommuInitSystem returned EAX=0x00000000 (success/other) rsp=0xFFFFF80170E75438 exitCount=126926
[iommuret] hit #255: HalpIommuInitSystem returned EAX=0x00000000 (success/other) rsp=0xFFFFF80170E75438 exitCount=126927
[iommuret] hit #256: HalpIommuInitSystem returned EAX=0x00000000 (success/other) rsp=0xFFFFF80170E75438 exitCount=126928
[iommuret] hit #257: HalpIommuInitSystem returned EAX=0x00000000 (success/other) rsp=0xFFFFF80170E75438 exitCount=126929
[iommuret] hit #258: HalpIommuInitSystem returned EAX=0x00000000 (success/other) rsp=0xFFFFF80170E75438 exitCount=126930
[iommuret] hit #259: HalpIommuInitSystem returned EAX=0x00000000 (success/other) rsp=0xFFFFF80170E75438 exitCount=126931
[iommuret] hit #260: HalpIommuInitSystem returned EAX=0x00000000 (success/other) rsp=0xFFFFF80170E75438 exitCount=126932
[iommuret] hit #261: HalpIommuInitSystem returned EAX=0x00000000 (success/other) rsp=0xFFFFF80170E75438 exitCount=126933
[iommuret] hit #262: HalpIommuInitSystem returned EAX=0x00000000 (success/other) rsp=0xFFFFF80170E75438 exitCount=126934
[iommuret] hit #263: HalpIommuInitSystem returned EAX=0x00000000 (success/other) rsp=0xFFFFF80170E75438 exitCount=126935
[iommuret] hit #264: HalpIommuInitSystem returned EAX=0x00000000 (success/other) rsp=0xFFFFF80170E75438 exitCount=126936
[iommuret] hit #265: HalpIommuInitSystem returned EAX=0x00000000 (success/other) rsp=0xFFFFF80170E75438 exitCount=126937
[iommuret] hit #266: HalpIommuInitSystem returned EAX=0x00000000 (success/other) rsp=0xFFFFF80170E75438 exitCount=126938
[iommuret] hit #267: HalpIommuInitSystem returned EAX=0x00000000 (success/other) rsp=0xFFFFF80170E75438 exitCount=126939
[iommuret] hit #268: HalpIommuInitSystem returned EAX=0x00000000 (success/other) rsp=0xFFFFF80170E75438 exitCount=126940
[iommuret] hit #269: HalpIommuInitSystem returned EAX=0x00000000 (success/other) rsp=0xFFFFF80170E75438 exitCount=126941
[iommuret] hit #270: HalpIommuInitSystem returned EAX=0x00000000 (success/other) rsp=0xFFFFF80170E75438 exitCount=126942
[iommuret] hit #271: HalpIommuInitSystem returned EAX=0x00000000 (success/other) rsp=0xFFFFF80170E75438 exitCount=126943
[iommuret] hit #272: HalpIommuInitSystem returned EAX=0x00000000 (success/other) rsp=0xFFFFF80170E75438 exitCount=126944
[iommuret] hit #273: HalpIommuInitSystem returned EAX=0x00000000 (success/other) rsp=0xFFFFF80170E75438 exitCount=126945
[iommuret] hit #274: HalpIommuInitSystem returned EAX=0x00000000 (success/other) rsp=0xFFFFF80170E75438 exitCount=126946
[iommuret] hit #275: HalpIommuInitSystem returned EAX=0x00000000 (success/other) rsp=0xFFFFF80170E75438 exitCount=126947
[iommuret] hit #276: HalpIommuInitSystem returned EAX=0x00000000 (success/other) rsp=0xFFFFF80170E75438 exitCount=126948
[iommuret] hit #277: HalpIommuInitSystem returned EAX=0x00000000 (success/other) rsp=0xFFFFF80170E75438 exitCount=126949
[iommuret] hit #278: HalpIommuInitSystem returned EAX=0x00000000 (success/other) rsp=0xFFFFF80170E75438 exitCount=126950
[iommuret] hit #279: HalpIommuInitSystem returned EAX=0x00000000 (success/other) rsp=0xFFFFF80170E75438 exitCount=126951
[iommuret] hit #280: HalpIommuInitSystem returned EAX=0x00000000 (success/other) rsp=0xFFFFF80170E75438 exitCount=126952
[iommuret] hit #281: HalpIommuInitSystem returned EAX=0x00000000 (success/other) rsp=0xFFFFF80170E75438 exitCount=126953
[iommuret] hit #282: HalpIommuInitSystem returned EAX=0x00000000 (success/other) rsp=0xFFFFF80170E75438 exitCount=126954
[iommuret] hit #283: HalpIommuInitSystem returned EAX=0x00000000 (success/other) rsp=0xFFFFF80170E75438 exitCount=126955
[iommuret] hit #284: HalpIommuInitSystem returned EAX=0x00000000 (success/other) rsp=0xFFFFF80170E75438 exitCount=126956
[iommuret] hit #285: HalpIommuInitSystem returned EAX=0x00000000 (success/other) rsp=0xFFFFF80170E75438 exitCount=126957
[iommuret] hit #286: HalpIommuInitSystem returned EAX=0x00000000 (success/other) rsp=0xFFFFF80170E75438 exitCount=126958
[iommuret] hit #287: HalpIommuInitSystem returned EAX=0x00000000 (success/other) rsp=0xFFFFF80170E75438 exitCount=126959
[iommuret] hit #288: HalpIommuInitSystem returned EAX=0x00000000 (success/other) rsp=0xFFFFF80170E75438 exitCount=126960
[iommuret] hit #289: HalpIommuInitSystem returned EAX=0x00000000 (success/other) rsp=0xFFFFF80170E75438 exitCount=126961
[iommuret] hit #290: HalpIommuInitSystem returned EAX=0x00000000 (success/other) rsp=0xFFFFF80170E75438 exitCount=126962
[iommuret] hit #291: HalpIommuInitSystem returned EAX=0x00000000 (success/other) rsp=0xFFFFF80170E75438 exitCount=126963
[iommuret] hit #292: HalpIommuInitSystem returned EAX=0x00000000 (success/other) rsp=0xFFFFF80170E75438 exitCount=126964
[iommuret] hit #293: HalpIommuInitSystem returned EAX=0x00000000 (success/other) rsp=0xFFFFF80170E75438 exitCount=126965
[iommuret] hit #294: HalpIommuInitSystem returned EAX=0x00000000 (success/other) rsp=0xFFFFF80170E75438 exitCount=126966
[iommuret] hit #295: HalpIommuInitSystem returned EAX=0x00000000 (success/other) rsp=0xFFFFF80170E75438 exitCount=126967
[iommuret] hit #296: HalpIommuInitSystem returned EAX=0x00000000 (success/other) rsp=0xFFFFF80170E75438 exitCount=126968
[iommuret] hit #297: HalpIommuInitSystem returned EAX=0x00000000 (success/other) rsp=0xFFFFF80170E75438 exitCount=126969
[iommuret] hit #298: HalpIommuInitSystem returned EAX=0x00000000 (success/other) rsp=0xFFFFF80170E75438 exitCount=126970
[iommuret] hit #299: HalpIommuInitSystem returned EAX=0x00000000 (success/other) rsp=0xFFFFF80170E75438 exitCount=126971
[iommuret] hit #300: HalpIommuInitSystem returned EAX=0x00000000 (success/other) rsp=0xFFFFF80170E75438 exitCount=126972
[iommuret] hit #301: HalpIommuInitSystem returned EAX=0x00000000 (success/other) rsp=0xFFFFF80170E75438 exitCount=126973
[iommuret] hit #302: HalpIommuInitSystem returned EAX=0x00000000 (success/other) rsp=0xFFFFF80170E75438 exitCount=126974
[iommuret] hit #303: HalpIommuInitSystem returned EAX=0x00000000 (success/other) rsp=0xFFFFF80170E75438 exitCount=126975
[iommuret] hit #304: HalpIommuInitSystem returned EAX=0x00000000 (success/other) rsp=0xFFFFF80170E75438 exitCount=126976
[iommuret] hit #305: HalpIommuInitSystem returned EAX=0x00000000 (success/other) rsp=0xFFFFF80170E75438 exitCount=126977
[iommuret] hit #306: HalpIommuInitSystem returned EAX=0x00000000 (success/other) rsp=0xFFFFF80170E75438 exitCount=126978
[iommuret] hit #307: HalpIommuInitSystem returned EAX=0x00000000 (success/other) rsp=0xFFFFF80170E75438 exitCount=126979
[iommuret] hit #308: HalpIommuInitSystem returned EAX=0x00000000 (success/other) rsp=0xFFFFF80170E75438 exitCount=126980
[iommuret] hit #309: HalpIommuInitSystem returned EAX=0x00000000 (success/other) rsp=0xFFFFF80170E75438 exitCount=126981
[iommuret] hit #310: HalpIommuInitSystem returned EAX=0x00000000 (success/other) rsp=0xFFFFF80170E75438 exitCount=126982
[iommuret] hit #311: HalpIommuInitSystem returned EAX=0x00000000 (success/other) rsp=0xFFFFF80170E75438 exitCount=126983
[iommuret] hit #312: HalpIommuInitSystem returned EAX=0x00000000 (success/other) rsp=0xFFFFF80170E75438 exitCount=126984
[iommuret] hit #313: HalpIommuInitSystem returned EAX=0x00000000 (success/other) rsp=0xFFFFF80170E75438 exitCount=126985
[iommuret] hit #314: HalpIommuInitSystem returned EAX=0x00000000 (success/other) rsp=0xFFFFF80170E75438 exitCount=126986
[iommuret] hit #315: HalpIommuInitSystem returned EAX=0x00000000 (success/other) rsp=0xFFFFF80170E75438 exitCount=126987
[iommuret] hit #316: HalpIommuInitSystem returned EAX=0x00000000 (success/other) rsp=0xFFFFF80170E75438 exitCount=126988
[iommuret] hit #317: HalpIommuInitSystem returned EAX=0x00000000 (success/other) rsp=0xFFFFF80170E75438 exitCount=126989
[iommuret] hit #318: HalpIommuInitSystem returned EAX=0x00000000 (success/other) rsp=0xFFFFF80170E75438 exitCount=126990
[iommuret] hit #319: HalpIommuInitSystem returned EAX=0x00000000 (success/other) rsp=0xFFFFF80170E75438 exitCount=126991
[iommuret] hit #320: HalpIommuInitSystem returned EAX=0x00000000 (success/other) rsp=0xFFFFF80170E75438 exitCount=126992
[iommuret] hit #321: HalpIommuInitSystem returned EAX=0x00000000 (success/other) rsp=0xFFFFF80170E75438 exitCount=126993
[iommuret] hit #322: HalpIommuInitSystem returned EAX=0x00000000 (success/other) rsp=0xFFFFF80170E75438 exitCount=126994
[iommuret] hit #323: HalpIommuInitSystem returned EAX=0x00000000 (success/other) rsp=0xFFFFF80170E75438 exitCount=126995
[iommuret] hit #324: HalpIommuInitSystem returned EAX=0x00000000 (success/other) rsp=0xFFFFF80170E75438 exitCount=126996
[iommuret] hit #325: HalpIommuInitSystem returned EAX=0x00000000 (success/other) rsp=0xFFFFF80170E75438 exitCount=126997
[iommuret] hit #326: HalpIommuInitSystem returned EAX=0x00000000 (success/other) rsp=0xFFFFF80170E75438 exitCount=126998
[iommuret] hit #327: HalpIommuInitSystem returned EAX=0x00000000 (success/other) rsp=0xFFFFF80170E75438 exitCount=126999
[iommuret] hit #328: HalpIommuInitSystem returned EAX=0x00000000 (success/other) rsp=0xFFFFF80170E75438 exitCount=127000
[iommuret] hit #329: HalpIommuInitSystem returned EAX=0x00000000 (success/other) rsp=0xFFFFF80170E75438 exitCount=127001
[iommuret] hit #330: HalpIommuInitSystem returned EAX=0x00000000 (success/other) rsp=0xFFFFF80170E75438 exitCount=127002
[iommuret] hit #331: HalpIommuInitSystem returned EAX=0x00000000 (success/other) rsp=0xFFFFF80170E75438 exitCount=127003
[iommuret] hit #332: HalpIommuInitSystem returned EAX=0x00000000 (success/other) rsp=0xFFFFF80170E75438 exitCount=127004
[iommuret] hit #333: HalpIommuInitSystem returned EAX=0x00000000 (success/other) rsp=0xFFFFF80170E75438 exitCount=127005
[iommuret] hit #334: HalpIommuInitSystem returned EAX=0x00000000 (success/other) rsp=0xFFFFF80170E75438 exitCount=127006
[iommuret] hit #335: HalpIommuInitSystem returned EAX=0x00000000 (success/other) rsp=0xFFFFF80170E75438 exitCount=127007
[iommuret] hit #336: HalpIommuInitSystem returned EAX=0x00000000 (success/other) rsp=0xFFFFF80170E75438 exitCount=127008
[iommuret] hit #337: HalpIommuInitSystem returned EAX=0x00000000 (success/other) rsp=0xFFFFF80170E75438 exitCount=127009
[iommuret] hit #338: HalpIommuInitSystem returned EAX=0x00000000 (success/other) rsp=0xFFFFF80170E75438 exitCount=127010
[iommuret] hit #339: HalpIommuInitSystem returned EAX=0x00000000 (success/other) rsp=0xFFFFF80170E75438 exitCount=127011
[iommuret] hit #340: HalpIommuInitSystem returned EAX=0x00000000 (success/other) rsp=0xFFFFF80170E75438 exitCount=127012
[iommuret] hit #341: HalpIommuInitSystem returned EAX=0x00000000 (success/other) rsp=0xFFFFF80170E75438 exitCount=127013
[iommuret] hit #342: HalpIommuInitSystem returned EAX=0x00000000 (success/other) rsp=0xFFFFF80170E75438 exitCount=127014
[iommuret] hit #343: HalpIommuInitSystem returned EAX=0x00000000 (success/other) rsp=0xFFFFF80170E75438 exitCount=127015
[iommuret] hit #344: HalpIommuInitSystem returned EAX=0x00000000 (success/other) rsp=0xFFFFF80170E75438 exitCount=127016
[iommuret] hit #345: HalpIommuInitSystem returned EAX=0x00000000 (success/other) rsp=0xFFFFF80170E75438 exitCount=127017
[iommuret] hit #346: HalpIommuInitSystem returned EAX=0x00000000 (success/other) rsp=0xFFFFF80170E75438 exitCount=127018
[iommuret] hit #347: HalpIommuInitSystem returned EAX=0x00000000 (success/other) rsp=0xFFFFF80170E75438 exitCount=127019
[iommuret] hit #348: HalpIommuInitSystem returned EAX=0x00000000 (success/other) rsp=0xFFFFF80170E75438 exitCount=127020
[iommuret] hit #349: HalpIommuInitSystem returned EAX=0x00000000 (success/other) rsp=0xFFFFF80170E75438 exitCount=127021
[iommuret] hit #350: HalpIommuInitSystem returned EAX=0x00000000 (success/other) rsp=0xFFFFF80170E75438 exitCount=127022
[iommuret] hit #351: HalpIommuInitSystem returned EAX=0x00000000 (success/other) rsp=0xFFFFF80170E75438 exitCount=127023
[iommuret] hit #352: HalpIommuInitSystem returned EAX=0x00000000 (success/other) rsp=0xFFFFF80170E75438 exitCount=127024
[iommuret] hit #353: HalpIommuInitSystem returned EAX=0x00000000 (success/other) rsp=0xFFFFF80170E75438 exitCount=127025
[iommuret] hit #354: HalpIommuInitSystem returned EAX=0x00000000 (success/other) rsp=0xFFFFF80170E75438 exitCount=127026
[iommuret] hit #355: HalpIommuInitSystem returned EAX=0x00000000 (success/other) rsp=0xFFFFF80170E75438 exitCount=127027
[iommuret] hit #356: HalpIommuInitSystem returned EAX=0x00000000 (success/other) rsp=0xFFFFF80170E75438 exitCount=127028
[iommuret] hit #357: HalpIommuInitSystem returned EAX=0x00000000 (success/other) rsp=0xFFFFF80170E75438 exitCount=127029
[iommuret] hit #358: HalpIommuInitSystem returned EAX=0x00000000 (success/other) rsp=0xFFFFF80170E75438 exitCount=127030
[iommuret] hit #359: HalpIommuInitSystem returned EAX=0x00000000 (success/other) rsp=0xFFFFF80170E75438 exitCount=127031
[iommuret] hit #360: HalpIommuInitSystem returned EAX=0x00000000 (success/other) rsp=0xFFFFF80170E75438 exitCount=127032
[iommuret] hit #361: HalpIommuInitSystem returned EAX=0x00000000 (success/other) rsp=0xFFFFF80170E75438 exitCount=127033
[iommuret] hit #362: HalpIommuInitSystem returned EAX=0x00000000 (success/other) rsp=0xFFFFF80170E75438 exitCount=127034
[iommuret] hit #363: HalpIommuInitSystem returned EAX=0x00000000 (success/other) rsp=0xFFFFF80170E75438 exitCount=127035
[iommuret] hit #364: HalpIommuInitSystem returned EAX=0x00000000 (success/other) rsp=0xFFFFF80170E75438 exitCount=127036
[iommuret] hit #365: HalpIommuInitSystem returned EAX=0x00000000 (success/other) rsp=0xFFFFF80170E75438 exitCount=127037
[iommuret] hit #366: HalpIommuInitSystem returned EAX=0x00000000 (success/other) rsp=0xFFFFF80170E75438 exitCount=127038
[iommuret] hit #367: HalpIommuInitSystem returned EAX=0x00000000 (success/other) rsp=0xFFFFF80170E75438 exitCount=127039
[iommuret] hit #368: HalpIommuInitSystem returned EAX=0x00000000 (success/other) rsp=0xFFFFF80170E75438 exitCount=127040
[iommuret] hit #369: HalpIommuInitSystem returned EAX=0x00000000 (success/other) rsp=0xFFFFF80170E75438 exitCount=127041
[iommuret] hit #370: HalpIommuInitSystem returned EAX=0x00000000 (success/other) rsp=0xFFFFF80170E75438 exitCount=127042
[iommuret] hit #371: HalpIommuInitSystem returned EAX=0x00000000 (success/other) rsp=0xFFFFF80170E75438 exitCount=127043
[iommuret] hit #372: HalpIommuInitSystem returned EAX=0x00000000 (success/other) rsp=0xFFFFF80170E75438 exitCount=127044
[iommuret] hit #373: HalpIommuInitSystem returned EAX=0x00000000 (success/other) rsp=0xFFFFF80170E75438 exitCount=127045
[iommuret] hit #374: HalpIommuInitSystem returned EAX=0x00000000 (success/other) rsp=0xFFFFF80170E75438 exitCount=127046
[iommuret] hit #375: HalpIommuInitSystem returned EAX=0x00000000 (success/other) rsp=0xFFFFF80170E75438 exitCount=127047
[iommuret] hit #376: HalpIommuInitSystem returned EAX=0x00000000 (success/other) rsp=0xFFFFF80170E75438 exitCount=127048
[iommuret] hit #377: HalpIommuInitSystem returned EAX=0x00000000 (success/other) rsp=0xFFFFF80170E75438 exitCount=127049
[iommuret] hit #378: HalpIommuInitSystem returned EAX=0x00000000 (success/other) rsp=0xFFFFF80170E75438 exitCount=127050
[iommuret] hit #379: HalpIommuInitSystem returned EAX=0x00000000 (success/other) rsp=0xFFFFF80170E75438 exitCount=127051
[iommuret] hit #380: HalpIommuInitSystem returned EAX=0x00000000 (success/other) rsp=0xFFFFF80170E75438 exitCount=127052
[iommuret] hit #381: HalpIommuInitSystem returned EAX=0x00000000 (success/other) rsp=0xFFFFF80170E75438 exitCount=127053
[iommuret] hit #382: HalpIommuInitSystem returned EAX=0x00000000 (success/other) rsp=0xFFFFF80170E75438 exitCount=127054
[iommuret] hit #383: HalpIommuInitSystem returned EAX=0x00000000 (success/other) rsp=0xFFFFF80170E75438 exitCount=127055
[iommuret] hit #384: HalpIommuInitSystem returned EAX=0x00000000 (success/other) rsp=0xFFFFF80170E75438 exitCount=127056
[iommuret] hit #385: HalpIommuInitSystem returned EAX=0x00000000 (success/other) rsp=0xFFFFF80170E75438 exitCount=127057
[iommuret] hit #386: HalpIommuInitSystem returned EAX=0x00000000 (success/other) rsp=0xFFFFF80170E75438 exitCount=127058
[iommuret] hit #387: HalpIommuInitSystem returned EAX=0x00000000 (success/other) rsp=0xFFFFF80170E75438 exitCount=127059
[iommuret] hit #388: HalpIommuInitSystem returned EAX=0x00000000 (success/other) rsp=0xFFFFF80170E75438 exitCount=127060
[iommuret] hit #389: HalpIommuInitSystem returned EAX=0x00000000 (success/other) rsp=0xFFFFF80170E75438 exitCount=127061
[iommuret] hit #390: HalpIommuInitSystem returned EAX=0x00000000 (success/other) rsp=0xFFFFF80170E75438 exitCount=127062
[iommuret] hit #391: HalpIommuInitSystem returned EAX=0x00000000 (success/other) rsp=0xFFFFF80170E75438 exitCount=127063
[iommuret] hit #392: HalpIommuInitSystem returned EAX=0x00000000 (success/other) rsp=0xFFFFF80170E75438 exitCount=127064
[iommuret] hit #393: HalpIommuInitSystem returned EAX=0x00000000 (success/other) rsp=0xFFFFF80170E75438 exitCount=127065
[iommuret] hit #394: HalpIommuInitSystem returned EAX=0x00000000 (success/other) rsp=0xFFFFF80170E75438 exitCount=127066
[iommuret] hit #395: HalpIommuInitSystem returned EAX=0x00000000 (success/other) rsp=0xFFFFF80170E75438 exitCount=127067
[iommuret] hit #396: HalpIommuInitSystem returned EAX=0x00000000 (success/other) rsp=0xFFFFF80170E75438 exitCount=127068
[iommuret] hit #397: HalpIommuInitSystem returned EAX=0x00000000 (success/other) rsp=0xFFFFF80170E75438 exitCount=127069
[iommuret] hit #398: HalpIommuInitSystem returned EAX=0x00000000 (success/other) rsp=0xFFFFF80170E75438 exitCount=127070
[iommuret] hit #399: HalpIommuInitSystem returned EAX=0x00000000 (success/other) rsp=0xFFFFF80170E75438 exitCount=127071
[iommuret] hit #400: HalpIommuInitSystem returned EAX=0x00000000 (success/other) rsp=0xFFFFF80170E75438 exitCount=127072
[iommuret] hit #401: HalpIommuInitSystem returned EAX=0x00000000 (success/other) rsp=0xFFFFF80170E75438 exitCount=127073
[iommuret] hit #402: HalpIommuInitSystem returned EAX=0x00000000 (success/other) rsp=0xFFFFF80170E75438 exitCount=127074
[iommuret] hit #403: HalpIommuInitSystem returned EAX=0x00000000 (success/other) rsp=0xFFFFF80170E75438 exitCount=127075
[iommuret] hit #404: HalpIommuInitSystem returned EAX=0x00000000 (success/other) rsp=0xFFFFF80170E75438 exitCount=127076
[iommuret] hit #405: HalpIommuInitSystem returned EAX=0x00000000 (success/other) rsp=0xFFFFF80170E75438 exitCount=127077
[iommuret] hit #406: HalpIommuInitSystem returned EAX=0x00000000 (success/other) rsp=0xFFFFF80170E75438 exitCount=127078
[iommuret] hit #407: HalpIommuInitSystem returned EAX=0x00000000 (success/other) rsp=0xFFFFF80170E75438 exitCount=127079
[iommuret] hit #408: HalpIommuInitSystem returned EAX=0x00000000 (success/other) rsp=0xFFFFF80170E75438 exitCount=127080
[iommuret] hit #409: HalpIommuInitSystem returned EAX=0x00000000 (success/other) rsp=0xFFFFF80170E75438 exitCount=127081
[iommuret] hit #410: HalpIommuInitSystem returned EAX=0x00000000 (success/other) rsp=0xFFFFF80170E75438 exitCount=127082
[iommuret] hit #411: HalpIommuInitSystem returned EAX=0x00000000 (success/other) rsp=0xFFFFF80170E75438 exitCount=127083
[iommuret] hit #412: HalpIommuInitSystem returned EAX=0x00000000 (success/other) rsp=0xFFFFF80170E75438 exitCount=127084
[iommuret] hit #413: HalpIommuInitSystem returned EAX=0x00000000 (success/other) rsp=0xFFFFF80170E75438 exitCount=127085
[iommuret] hit #414: HalpIommuInitSystem returned EAX=0x00000000 (success/other) rsp=0xFFFFF80170E75438 exitCount=127086
[iommuret] hit #415: HalpIommuInitSystem returned EAX=0x00000000 (success/other) rsp=0xFFFFF80170E75438 exitCount=127087
[iommuret] hit #416: HalpIommuInitSystem returned EAX=0x00000000 (success/other) rsp=0xFFFFF80170E75438 exitCount=127088
[iommuret] hit #417: HalpIommuInitSystem returned EAX=0x00000000 (success/other) rsp=0xFFFFF80170E75438 exitCount=127089
[iommuret] hit #418: HalpIommuInitSystem returned EAX=0x00000000 (success/other) rsp=0xFFFFF80170E75438 exitCount=127090
[iommuret] hit #419: HalpIommuInitSystem returned EAX=0x00000000 (success/other) rsp=0xFFFFF80170E75438 exitCount=127091
[iommuret] hit #420: HalpIommuInitSystem returned EAX=0x00000000 (success/other) rsp=0xFFFFF80170E75438 exitCount=127092
[iommuret] hit #421: HalpIommuInitSystem returned EAX=0x00000000 (success/other) rsp=0xFFFFF80170E75438 exitCount=127093
[iommuret] hit #422: HalpIommuInitSystem returned EAX=0x00000000 (success/other) rsp=0xFFFFF80170E75438 exitCount=127094
[iommuret] hit #423: HalpIommuInitSystem returned EAX=0x00000000 (success/other) rsp=0xFFFFF80170E75438 exitCount=127095
[iommuret] hit #424: HalpIommuInitSystem returned EAX=0x00000000 (success/other) rsp=0xFFFFF80170E75438 exitCount=127096
[iommuret] hit #425: HalpIommuInitSystem returned EAX=0x00000000 (success/other) rsp=0xFFFFF80170E75438 exitCount=127097
[iommuret] hit #426: HalpIommuInitSystem returned EAX=0x00000000 (success/other) rsp=0xFFFFF80170E75438 exitCount=127098
[iommuret] hit #427: HalpIommuInitSystem returned EAX=0x00000000 (success/other) rsp=0xFFFFF80170E75438 exitCount=127099
[iommuret] hit #428: HalpIommuInitSystem returned EAX=0x00000000 (success/other) rsp=0xFFFFF80170E75438 exitCount=127100
[iommuret] hit #429: HalpIommuInitSystem returned EAX=0x00000000 (success/other) rsp=0xFFFFF80170E75438 exitCount=127101
[iommuret] hit #430: HalpIommuInitSystem returned EAX=0x00000000 (success/other) rsp=0xFFFFF80170E75438 exitCount=127102
[iommuret] hit #431: HalpIommuInitSystem returned EAX=0x00000000 (success/other) rsp=0xFFFFF80170E75438 exitCount=127103
[iommuret] hit #432: HalpIommuInitSystem returned EAX=0x00000000 (success/other) rsp=0xFFFFF80170E75438 exitCount=127104
[iommuret] hit #433: HalpIommuInitSystem returned EAX=0x00000000 (success/other) rsp=0xFFFFF80170E75438 exitCount=127105
[iommuret] hit #434: HalpIommuInitSystem returned EAX=0x00000000 (success/other) rsp=0xFFFFF80170E75438 exitCount=127106
[iommuret] hit #435: HalpIommuInitSystem returned EAX=0x00000000 (success/other) rsp=0xFFFFF80170E75438 exitCount=127107
[iommuret] hit #436: HalpIommuInitSystem returned EAX=0x00000000 (success/other) rsp=0xFFFFF80170E75438 exitCount=127108
[iommuret] hit #437: HalpIommuInitSystem returned EAX=0x00000000 (success/other) rsp=0xFFFFF80170E75438 exitCount=127109
[iommuret] hit #438: HalpIommuInitSystem returned EAX=0x00000000 (success/other) rsp=0xFFFFF80170E75438 exitCount=127110
[iommuret] hit #439: HalpIommuInitSystem returned EAX=0x00000000 (success/other) rsp=0xFFFFF80170E75438 exitCount=127111
[iommuret] hit #440: HalpIommuInitSystem returned EAX=0x00000000 (success/other) rsp=0xFFFFF80170E75438 exitCount=127112
[iommuret] hit #441: HalpIommuInitSystem returned EAX=0x00000000 (success/other) rsp=0xFFFFF80170E75438 exitCount=127113
[iommuret] hit #442: HalpIommuInitSystem returned EAX=0x00000000 (success/other) rsp=0xFFFFF80170E75438 exitCount=127114
[iommuret] hit #443: HalpIommuInitSystem returned EAX=0x00000000 (success/other) rsp=0xFFFFF80170E75438 exitCount=127115
[iommuret] hit #444: HalpIommuInitSystem returned EAX=0x00000000 (success/other) rsp=0xFFFFF80170E75438 exitCount=127116
[iommuret] hit #445: HalpIommuInitSystem returned EAX=0x00000000 (success/other) rsp=0xFFFFF80170E75438 exitCount=127117
[iommuret] hit #446: HalpIommuInitSystem returned EAX=0x00000000 (success/other) rsp=0xFFFFF80170E75438 exitCount=127118
[iommuret] hit #447: HalpIommuInitSystem returned EAX=0x00000000 (success/other) rsp=0xFFFFF80170E75438 exitCount=127119
[iommuret] hit #448: HalpIommuInitSystem returned EAX=0x00000000 (success/other) rsp=0xFFFFF80170E75438 exitCount=127120
[iommuret] hit #449: HalpIommuInitSystem returned EAX=0x00000000 (success/other) rsp=0xFFFFF80170E75438 exitCount=127121
[iommuret] hit #450: HalpIommuInitSystem returned EAX=0x00000000 (success/other) rsp=0xFFFFF80170E75438 exitCount=127122
[iommuret] hit #451: HalpIommuInitSystem returned EAX=0x00000000 (success/other) rsp=0xFFFFF80170E75438 exitCount=127123
[iommuret] hit #452: HalpIommuInitSystem returned EAX=0x00000000 (success/other) rsp=0xFFFFF80170E75438 exitCount=127124
[iommuret] hit #453: HalpIommuInitSystem returned EAX=0x00000000 (success/other) rsp=0xFFFFF80170E75438 exitCount=127125
[iommuret] hit #454: HalpIommuInitSystem returned EAX=0x00000000 (success/other) rsp=0xFFFFF80170E75438 exitCount=127126
[iommuret] hit #455: HalpIommuInitSystem returned EAX=0x00000000 (success/other) rsp=0xFFFFF80170E75438 exitCount=127127
[iommuret] hit #456: HalpIommuInitSystem returned EAX=0x00000000 (success/other) rsp=0xFFFFF80170E75438 exitCount=127128
[iommuret] hit #457: HalpIommuInitSystem returned EAX=0x00000000 (success/other) rsp=0xFFFFF80170E75438 exitCount=127129
[iommuret] hit #458: HalpIommuInitSystem returned EAX=0x00000000 (success/other) rsp=0xFFFFF80170E75438 exitCount=127130
[iommuret] hit #459: HalpIommuInitSystem returned EAX=0x00000000 (success/other) rsp=0xFFFFF80170E75438 exitCount=127131
[iommuret] hit #460: HalpIommuInitSystem returned EAX=0x00000000 (success/other) rsp=0xFFFFF80170E75438 exitCount=127132
[iommuret] hit #461: HalpIommuInitSystem returned EAX=0x00000000 (success/other) rsp=0xFFFFF80170E75438 exitCount=127133
[iommuret] hit #462: HalpIommuInitSystem returned EAX=0x00000000 (success/other) rsp=0xFFFFF80170E75438 exitCount=127134
[iommuret] hit #463: HalpIommuInitSystem returned EAX=0x00000000 (success/other) rsp=0xFFFFF80170E75438 exitCount=127135
[iommuret] hit #464: HalpIommuInitSystem returned EAX=0x00000000 (success/other) rsp=0xFFFFF80170E75438 exitCount=127136
[iommuret] hit #465: HalpIommuInitSystem returned EAX=0x00000000 (success/other) rsp=0xFFFFF80170E75438 exitCount=127137
[iommuret] hit #466: HalpIommuInitSystem returned EAX=0x00000000 (success/other) rsp=0xFFFFF80170E75438 exitCount=127138
[iommuret] hit #467: HalpIommuInitSystem returned EAX=0x00000000 (success/other) rsp=0xFFFFF80170E75438 exitCount=127139
[iommuret] hit #468: HalpIommuInitSystem returned EAX=0x00000000 (success/other) rsp=0xFFFFF80170E75438 exitCount=127140
[iommuret] hit #469: HalpIommuInitSystem returned EAX=0x00000000 (success/other) rsp=0xFFFFF80170E75438 exitCount=127141
[iommuret] hit #470: HalpIommuInitSystem returned EAX=0x00000000 (success/other) rsp=0xFFFFF80170E75438 exitCount=127142
[iommuret] hit #471: HalpIommuInitSystem returned EAX=0x00000000 (success/other) rsp=0xFFFFF80170E75438 exitCount=127143
[iommuret] hit #472: HalpIommuInitSystem returned EAX=0x00000000 (success/other) rsp=0xFFFFF80170E75438 exitCount=127144
[iommuret] hit #473: HalpIommuInitSystem returned EAX=0x00000000 (success/other) rsp=0xFFFFF80170E75438 exitCount=127145
[iommuret] hit #474: HalpIommuInitSystem returned EAX=0x00000000 (success/other) rsp=0xFFFFF80170E75438 exitCount=127146
[iommuret] hit #475: HalpIommuInitSystem returned EAX=0x00000000 (success/other) rsp=0xFFFFF80170E75438 exitCount=127147
[iommuret] hit #476: HalpIommuInitSystem returned EAX=0x00000000 (success/other) rsp=0xFFFFF80170E75438 exitCount=127148
[iommuret] hit #477: HalpIommuInitSystem returned EAX=0x00000000 (success/other) rsp=0xFFFFF80170E75438 exitCount=127149
[iommuret] hit #478: HalpIommuInitSystem returned EAX=0x00000000 (success/other) rsp=0xFFFFF80170E75438 exitCount=127150
[iommuret] hit #479: HalpIommuInitSystem returned EAX=0x00000000 (success/other) rsp=0xFFFFF80170E75438 exitCount=127151
[iommuret] hit #480: HalpIommuInitSystem returned EAX=0x00000000 (success/other) rsp=0xFFFFF80170E75438 exitCount=127152
[iommuret] hit #481: HalpIommuInitSystem returned EAX=0x00000000 (success/other) rsp=0xFFFFF80170E75438 exitCount=127153
[iommuret] hit #482: HalpIommuInitSystem returned EAX=0x00000000 (success/other) rsp=0xFFFFF80170E75438 exitCount=127154
[iommuret] hit #483: HalpIommuInitSystem returned EAX=0x00000000 (success/other) rsp=0xFFFFF80170E75438 exitCount=127155
[iommuret] hit #484: HalpIommuInitSystem returned EAX=0x00000000 (success/other) rsp=0xFFFFF80170E75438 exitCount=127156
[iommuret] hit #485: HalpIommuInitSystem returned EAX=0x00000000 (success/other) rsp=0xFFFFF80170E75438 exitCount=127157
[iommuret] hit #486: HalpIommuInitSystem returned EAX=0x00000000 (success/other) rsp=0xFFFFF80170E75438 exitCount=127158
[iommuret] hit #487: HalpIommuInitSystem returned EAX=0x00000000 (success/other) rsp=0xFFFFF80170E75438 exitCount=127159
[iommuret] hit #488: HalpIommuInitSystem returned EAX=0x00000000 (success/other) rsp=0xFFFFF80170E75438 exitCount=127160
[iommuret] hit #489: HalpIommuInitSystem returned EAX=0x00000000 (success/other) rsp=0xFFFFF80170E75438 exitCount=127161
[iommuret] hit #490: HalpIommuInitSystem returned EAX=0x00000000 (success/other) rsp=0xFFFFF80170E75438 exitCount=127162
[iommuret] hit #491: HalpIommuInitSystem returned EAX=0x00000000 (success/other) rsp=0xFFFFF80170E75438 exitCount=127163
[iommuret] hit #492: HalpIommuInitSystem returned EAX=0x00000000 (success/other) rsp=0xFFFFF80170E75438 exitCount=127164
[iommuret] hit #493: HalpIommuInitSystem returned EAX=0x00000000 (success/other) rsp=0xFFFFF80170E75438 exitCount=127165
[iommuret] hit #494: HalpIommuInitSystem returned EAX=0x00000000 (success/other) rsp=0xFFFFF80170E75438 exitCount=127166
[iommuret] hit #495: HalpIommuInitSystem returned EAX=0x00000000 (success/other) rsp=0xFFFFF80170E75438 exitCount=127167
[iommuret] hit #496: HalpIommuInitSystem returned EAX=0x00000000 (success/other) rsp=0xFFFFF80170E75438 exitCount=127168
[iommuret] hit #497: HalpIommuInitSystem returned EAX=0x00000000 (success/other) rsp=0xFFFFF80170E75438 exitCount=127169
[iommuret] hit #498: HalpIommuInitSystem returned EAX=0x00000000 (success/other) rsp=0xFFFFF80170E75438 exitCount=127170
[iommuret] hit #499: HalpIommuInitSystem returned EAX=0x00000000 (success/other) rsp=0xFFFFF80170E75438 exitCount=127171
[iommuret] hit #500: HalpIommuInitSystem returned EAX=0x00000000 (success/other) rsp=0xFFFFF80170E75438 exitCount=127172
[iommuret] hit #501: HalpIommuInitSystem returned EAX=0x00000000 (success/other) rsp=0xFFFFF80170E75438 exitCount=127173
[iommuret] hit #502: HalpIommuInitSystem returned EAX=0x00000000 (success/other) rsp=0xFFFFF80170E75438 exitCount=127174
[iommuret] hit #503: HalpIommuInitSystem returned EAX=0x00000000 (success/other) rsp=0xFFFFF80170E75438 exitCount=127175
[iommuret] hit #504: HalpIommuInitSystem returned EAX=0x00000000 (success/other) rsp=0xFFFFF80170E75438 exitCount=127176
[iommuret] hit #505: HalpIommuInitSystem returned EAX=0x00000000 (success/other) rsp=0xFFFFF80170E75438 exitCount=127177
[iommuret] hit #506: HalpIommuInitSystem returned EAX=0x00000000 (success/other) rsp=0xFFFFF80170E75438 exitCount=127178
[iommuret] hit #507: HalpIommuInitSystem returned EAX=0x00000000 (success/other) rsp=0xFFFFF80170E75438 exitCount=127179
[iommuret] hit #508: HalpIommuInitSystem returned EAX=0x00000000 (success/other) rsp=0xFFFFF80170E75438 exitCount=127180
[iommuret] hit #509: HalpIommuInitSystem returned EAX=0x00000000 (success/other) rsp=0xFFFFF80170E75438 exitCount=127181
[iommuret] hit #510: HalpIommuInitSystem returned EAX=0x00000000 (success/other) rsp=0xFFFFF80170E75438 exitCount=127182
[iommuret] hit #511: HalpIommuInitSystem returned EAX=0x00000000 (success/other) rsp=0xFFFFF80170E75438 exitCount=127183
[iommuret] hit #512: HalpIommuInitSystem returned EAX=0x00000000 (success/other) rsp=0xFFFFF80170E75438 exitCount=127184
[iommuret] hit #513: HalpIommuInitSystem returned EAX=0x00000000 (success/other) rsp=0xFFFFF80170E75438 exitCount=127185
[iommuret] hit #514: HalpIommuInitSystem returned EAX=0x00000000 (success/other) rsp=0xFFFFF80170E75438 exitCount=127186
[iommuret] hit #515: HalpIommuInitSystem returned EAX=0x00000000 (success/other) rsp=0xFFFFF80170E75438 exitCount=127187
[iommuret] hit #516: HalpIommuInitSystem returned EAX=0x00000000 (success/other) rsp=0xFFFFF80170E75438 exitCount=127188
[iommuret] hit #517: HalpIommuInitSystem returned EAX=0x00000000 (success/other) rsp=0xFFFFF80170E75438 exitCount=127189
[iommuret] hit #518: HalpIommuInitSystem returned EAX=0x00000000 (success/other) rsp=0xFFFFF80170E75438 exitCount=127190
[iommuret] hit #519: HalpIommuInitSystem returned EAX=0x00000000 (success/other) rsp=0xFFFFF80170E75438 exitCount=127191
[iommuret] hit #520: HalpIommuInitSystem returned EAX=0x00000000 (success/other) rsp=0xFFFFF80170E75438 exitCount=127192
[iommuret] hit #521: HalpIommuInitSystem returned EAX=0x00000000 (success/other) rsp=0xFFFFF80170E75438 exitCount=127193
[iommuret] hit #522: HalpIommuInitSystem returned EAX=0x00000000 (success/other) rsp=0xFFFFF80170E75438 exitCount=127194
[iommuret] hit #523: HalpIommuInitSystem returned EAX=0x00000000 (success/other) rsp=0xFFFFF80170E75438 exitCount=127195
[iommuret] hit #524: HalpIommuInitSystem returned EAX=0x00000000 (success/other) rsp=0xFFFFF80170E75438 exitCount=127196
[iommuret] hit #525: HalpIommuInitSystem returned EAX=0x00000000 (success/other) rsp=0xFFFFF80170E75438 exitCount=127197
[iommuret] hit #526: HalpIommuInitSystem returned EAX=0x00000000 (success/other) rsp=0xFFFFF80170E75438 exitCount=127198
[iommuret] hit #527: HalpIommuInitSystem returned EAX=0x00000000 (success/other) rsp=0xFFFFF80170E75438 exitCount=127199
[iommuret] hit #528: HalpIommuInitSystem returned EAX=0x00000000 (success/other) rsp=0xFFFFF80170E75438 exitCount=127200
[iommuret] hit #529: HalpIommuInitSystem returned EAX=0x00000000 (success/other) rsp=0xFFFFF80170E75438 exitCount=127201
[iommuret] hit #530: HalpIommuInitSystem returned EAX=0x00000000 (success/other) rsp=0xFFFFF80170E75438 exitCount=127202
[iommuret] hit #531: HalpIommuInitSystem returned EAX=0x00000000 (success/other) rsp=0xFFFFF80170E75438 exitCount=127203
[iommuret] hit #532: HalpIommuInitSystem returned EAX=0x00000000 (success/other) rsp=0xFFFFF80170E75438 exitCount=127204
[iommuret] hit #533: HalpIommuInitSystem returned EAX=0x00000000 (success/other) rsp=0xFFFFF80170E75438 exitCount=127205
[iommuret] hit #534: HalpIommuInitSystem returned EAX=0x00000000 (success/other) rsp=0xFFFFF80170E75438 exitCount=127206
[iommuret] hit #535: HalpIommuInitSystem returned EAX=0x00000000 (success/other) rsp=0xFFFFF80170E75438 exitCount=127207
[iommuret] hit #536: HalpIommuInitSystem returned EAX=0x00000000 (success/other) rsp=0xFFFFF80170E75438 exitCount=127208
[iommuret] hit #537: HalpIommuInitSystem returned EAX=0x00000000 (success/other) rsp=0xFFFFF80170E75438 exitCount=127209
[iommuret] hit #538: HalpIommuInitSystem returned EAX=0x00000000 (success/other) rsp=0xFFFFF80170E75438 exitCount=127210
[iommuret] hit #539: HalpIommuInitSystem returned EAX=0x00000000 (success/other) rsp=0xFFFFF80170E75438 exitCount=127211
[iommuret] hit #540: HalpIommuInitSystem returned EAX=0x00000000 (success/other) rsp=0xFFFFF80170E75438 exitCount=127212
[iommuret] hit #541: HalpIommuInitSystem returned EAX=0x00000000 (success/other) rsp=0xFFFFF80170E75438 exitCount=127213
[iommuret] hit #542: HalpIommuInitSystem returned EAX=0x00000000 (success/other) rsp=0xFFFFF80170E75438 exitCount=127214
[iommuret] hit #543: HalpIommuInitSystem returned EAX=0x00000000 (success/other) rsp=0xFFFFF80170E75438 exitCount=127215
[iommuret] hit #544: HalpIommuInitSystem returned EAX=0x00000000 (success/other) rsp=0xFFFFF80170E75438 exitCount=127216
[iommuret] hit #545: HalpIommuInitSystem returned EAX=0x00000000 (success/other) rsp=0xFFFFF80170E75438 exitCount=127217
[iommuret] hit #546: HalpIommuInitSystem returned EAX=0x00000000 (success/other) rsp=0xFFFFF80170E75438 exitCount=127218
[iommuret] hit #547: HalpIommuInitSystem returned EAX=0x00000000 (success/other) rsp=0xFFFFF80170E75438 exitCount=127219
[iommuret] hit #548: HalpIommuInitSystem returned EAX=0x00000000 (success/other) rsp=0xFFFFF80170E75438 exitCount=127220
[iommuret] hit #549: HalpIommuInitSystem returned EAX=0x00000000 (success/other) rsp=0xFFFFF80170E75438 exitCount=127221
[iommuret] hit #550: HalpIommuInitSystem returned EAX=0x00000000 (success/other) rsp=0xFFFFF80170E75438 exitCount=127222
[iommuret] hit #551: HalpIommuInitSystem returned EAX=0x00000000 (success/other) rsp=0xFFFFF80170E75438 exitCount=127223
[iommuret] hit #552: HalpIommuInitSystem returned EAX=0x00000000 (success/other) rsp=0xFFFFF80170E75438 exitCount=127224
[iommuret] hit #553: HalpIommuInitSystem returned EAX=0x00000000 (success/other) rsp=0xFFFFF80170E75438 exitCount=127225
[iommuret] hit #554: HalpIommuInitSystem returned EAX=0x00000000 (success/other) rsp=0xFFFFF80170E75438 exitCount=127226
[iommuret] hit #555: HalpIommuInitSystem returned EAX=0x00000000 (success/other) rsp=0xFFFFF80170E75438 exitCount=127227
[iommuret] hit #556: HalpIommuInitSystem returned EAX=0x00000000 (success/other) rsp=0xFFFFF80170E75438 exitCount=127228
[iommuret] hit #557: HalpIommuInitSystem returned EAX=0x00000000 (success/other) rsp=0xFFFFF80170E75438 exitCount=127229
[iommuret] hit #558: HalpIommuInitSystem returned EAX=0x00000000 (success/other) rsp=0xFFFFF80170E75438 exitCount=127230
[iommuret] hit #559: HalpIommuInitSystem returned EAX=0x00000000 (success/other) rsp=0xFFFFF80170E75438 exitCount=127231
[iommuret] hit #560: HalpIommuInitSystem returned EAX=0x00000000 (success/other) rsp=0xFFFFF80170E75438 exitCount=127232
[iommuret] hit #561: HalpIommuInitSystem returned EAX=0x00000000 (success/other) rsp=0xFFFFF80170E75438 exitCount=127233
[iommuret] hit #562: HalpIommuInitSystem returned EAX=0x00000000 (success/other) rsp=0xFFFFF80170E75438 exitCount=127234
[iommuret] hit #563: HalpIommuInitSystem returned EAX=0x00000000 (success/other) rsp=0xFFFFF80170E75438 exitCount=127235
[iommuret] hit #564: HalpIommuInitSystem returned EAX=0x00000000 (success/other) rsp=0xFFFFF80170E75438 exitCount=127236
[iommuret] hit #565: HalpIommuInitSystem returned EAX=0x00000000 (success/other) rsp=0xFFFFF80170E75438 exitCount=127237
[iommuret] hit #566: HalpIommuInitSystem returned EAX=0x00000000 (success/other) rsp=0xFFFFF80170E75438 exitCount=127238
[iommuret] hit #567: HalpIommuInitSystem returned EAX=0x00000000 (success/other) rsp=0xFFFFF80170E75438 exitCount=127239
[iommuret] hit #568: HalpIommuInitSystem returned EAX=0x00000000 (success/other) rsp=0xFFFFF80170E75438 exitCount=127240
[iommuret] hit #569: HalpIommuInitSystem returned EAX=0x00000000 (success/other) rsp=0xFFFFF80170E75438 exitCount=127241
[iommuret] hit #570: HalpIommuInitSystem returned EAX=0x00000000 (success/other) rsp=0xFFFFF80170E75438 exitCount=127242
[iommuret] hit #571: HalpIommuInitSystem returned EAX=0x00000000 (success/other) rsp=0xFFFFF80170E75438 exitCount=127243
[iommuret] hit #572: HalpIommuInitSystem returned EAX=0x00000000 (success/other) rsp=0xFFFFF80170E75438 exitCount=127244
[iommuret] hit #573: HalpIommuInitSystem returned EAX=0x00000000 (success/other) rsp=0xFFFFF80170E75438 exitCount=127245
[iommuret] hit #574: HalpIommuInitSystem returned EAX=0x00000000 (success/other) rsp=0xFFFFF80170E75438 exitCount=127246
[iommuret] hit #575: HalpIommuInitSystem returned EAX=0x00000000 (success/other) rsp=0xFFFFF80170E75438 exitCount=127247
[iommuret] hit #576: HalpIommuInitSystem returned EAX=0x00000000 (success/other) rsp=0xFFFFF80170E75438 exitCount=127248
[iommuret] hit #577: HalpIommuInitSystem returned EAX=0x00000000 (success/other) rsp=0xFFFFF80170E75438 exitCount=127249
[iommuret] hit #578: HalpIommuInitSystem returned EAX=0x00000000 (success/other) rsp=0xFFFFF80170E75438 exitCount=127250
[iommuret] hit #579: HalpIommuInitSystem returned EAX=0x00000000 (success/other) rsp=0xFFFFF80170E75438 exitCount=127251
[iommuret] hit #580: HalpIommuInitSystem returned EAX=0x00000000 (success/other) rsp=0xFFFFF80170E75438 exitCount=127252
[iommuret] hit #581: HalpIommuInitSystem returned EAX=0x00000000 (success/other) rsp=0xFFFFF80170E75438 exitCount=127253
[iommuret] hit #582: HalpIommuInitSystem returned EAX=0x00000000 (success/other) rsp=0xFFFFF80170E75438 exitCount=127254
[iommuret] hit #583: HalpIommuInitSystem returned EAX=0x00000000 (success/other) rsp=0xFFFFF80170E75438 exitCount=127255
[iommuret] hit #584: HalpIommuInitSystem returned EAX=0x00000000 (success/other) rsp=0xFFFFF80170E75438 exitCount=127256
[iommuret] hit #585: HalpIommuInitSystem returned EAX=0x00000000 (success/other) rsp=0xFFFFF80170E75438 exitCount=127257
[iommuret] hit #586: HalpIommuInitSystem returned EAX=0x00000000 (success/other) rsp=0xFFFFF80170E75438 exitCount=127258
[iommuret] hit #587: HalpIommuInitSystem returned EAX=0x00000000 (success/other) rsp=0xFFFFF80170E75438 exitCount=127259
[iommuret] hit #588: HalpIommuInitSystem returned EAX=0x00000000 (success/other) rsp=0xFFFFF80170E75438 exitCount=127260
[iommuret] hit #589: HalpIommuInitSystem returned EAX=0x00000000 (success/other) rsp=0xFFFFF80170E75438 exitCount=127261
[iommuret] hit #590: HalpIommuInitSystem returned EAX=0x00000000 (success/other) rsp=0xFFFFF80170E75438 exitCount=127262
[iommuret] hit #591: HalpIommuInitSystem returned EAX=0x00000000 (success/other) rsp=0xFFFFF80170E75438 exitCount=127263
[iommuret] hit #592: HalpIommuInitSystem returned EAX=0x00000000 (success/other) rsp=0xFFFFF80170E75438 exitCount=127264
[iommuret] hit #593: HalpIommuInitSystem returned EAX=0x00000000 (success/other) rsp=0xFFFFF80170E75438 exitCount=127265
[iommuret] hit #594: HalpIommuInitSystem returned EAX=0x00000000 (success/other) rsp=0xFFFFF80170E75438 exitCount=127266
[iommuret] hit #595: HalpIommuInitSystem returned EAX=0x00000000 (success/other) rsp=0xFFFFF80170E75438 exitCount=127267
[iommuret] hit #596: HalpIommuInitSystem returned EAX=0x00000000 (success/other) rsp=0xFFFFF80170E75438 exitCount=127268
[iommuret] hit #597: HalpIommuInitSystem returned EAX=0x00000000 (success/other) rsp=0xFFFFF80170E75438 exitCount=127269
[iommuret] hit #598: HalpIommuInitSystem returned EAX=0x00000000 (success/other) rsp=0xFFFFF80170E75438 exitCount=127270
[iommuret] hit #599: HalpIommuInitSystem returned EAX=0x00000000 (success/other) rsp=0xFFFFF80170E75438 exitCount=127271
[iommuret] hit #600: HalpIommuInitSystem returned EAX=0x00000000 (success/other) rsp=0xFFFFF80170E75438 exitCount=127272
[iommuret] hit #601: HalpIommuInitSystem returned EAX=0x00000000 (success/other) rsp=0xFFFFF80170E75438 exitCount=127273
[iommuret] hit #602: HalpIommuInitSystem returned EAX=0x00000000 (success/other) rsp=0xFFFFF80170E75438 exitCount=127274
[iommuret] hit #603: HalpIommuInitSystem returned EAX=0x00000000 (success/other) rsp=0xFFFFF80170E75438 exitCount=127275
[iommuret] hit #604: HalpIommuInitSystem returned EAX=0x00000000 (success/other) rsp=0xFFFFF80170E75438 exitCount=127276
[iommuret] hit #605: HalpIommuInitSystem returned EAX=0x00000000 (success/other) rsp=0xFFFFF80170E75438 exitCount=127277
[iommuret] hit #606: HalpIommuInitSystem returned EAX=0x00000000 (success/other) rsp=0xFFFFF80170E75438 exitCount=127278
[iommuret] hit #607: HalpIommuInitSystem returned EAX=0x00000000 (success/other) rsp=0xFFFFF80170E75438 exitCount=127279
[iommuret] hit #608: HalpIommuInitSystem returned EAX=0x00000000 (success/other) rsp=0xFFFFF80170E75438 exitCount=127280
[iommuret] hit #609: HalpIommuInitSystem returned EAX=0x00000000 (success/other) rsp=0xFFFFF80170E75438 exitCount=127281
[iommuret] hit #610: HalpIommuInitSystem returned EAX=0x00000000 (success/other) rsp=0xFFFFF80170E75438 exitCount=127282
[iommuret] hit #611: HalpIommuInitSystem returned EAX=0x00000000 (success/other) rsp=0xFFFFF80170E75438 exitCount=127283
[iommuret] hit #612: HalpIommuInitSystem returned EAX=0x00000000 (success/other) rsp=0xFFFFF80170E75438 exitCount=127284
[iommuret] hit #613: HalpIommuInitSystem returned EAX=0x00000000 (success/other) rsp=0xFFFFF80170E75438 exitCount=127285
[iommuret] hit #614: HalpIommuInitSystem returned EAX=0x00000000 (success/other) rsp=0xFFFFF80170E75438 exitCount=127286
[iommuret] hit #615: HalpIommuInitSystem returned EAX=0x00000000 (success/other) rsp=0xFFFFF80170E75438 exitCount=127287
[iommuret] hit #616: HalpIommuInitSystem returned EAX=0x00000000 (success/other) rsp=0xFFFFF80170E75438 exitCount=127288
[iommuret] hit #617: HalpIommuInitSystem returned EAX=0x00000000 (success/other) rsp=0xFFFFF80170E75438 exitCount=127289
[iommuret] hit #618: HalpIommuInitSystem returned EAX=0x00000000 (success/other) rsp=0xFFFFF80170E75438 exitCount=127290
[iommuret] hit #619: HalpIommuInitSystem returned EAX=0x00000000 (success/other) rsp=0xFFFFF80170E75438 exitCount=127291
[iommuret] hit #620: HalpIommuInitSystem returned EAX=0x00000000 (success/other) rsp=0xFFFFF80170E75438 exitCount=127292
[iommuret] hit #621: HalpIommuInitSystem returned EAX=0x00000000 (success/other) rsp=0xFFFFF80170E75438 exitCount=127293
[iommuret] hit #622: HalpIommuInitSystem returned EAX=0x00000000 (success/other) rsp=0xFFFFF80170E75438 exitCount=127294
[iommuret] hit #623: HalpIommuInitSystem returned EAX=0x00000000 (success/other) rsp=0xFFFFF80170E75438 exitCount=127295
[iommuret] hit #624: HalpIommuInitSystem returned EAX=0x00000000 (success/other) rsp=0xFFFFF80170E75438 exitCount=127296
[iommuret] hit #625: HalpIommuInitSystem returned EAX=0x00000000 (success/other) rsp=0xFFFFF80170E75438 exitCount=127297
[iommuret] hit #626: HalpIommuInitSystem returned EAX=0x00000000 (success/other) rsp=0xFFFFF80170E75438 exitCount=127298
[iommuret] hit #627: HalpIommuInitSystem returned EAX=0x00000000 (success/other) rsp=0xFFFFF80170E75438 exitCount=127299
[iommuret] hit #628: HalpIommuInitSystem returned EAX=0x00000000 (success/other) rsp=0xFFFFF80170E75438 exitCount=127300
[iommuret] hit #629: HalpIommuInitSystem returned EAX=0x00000000 (success/other) rsp=0xFFFFF80170E75438 exitCount=127301
[iommuret] hit #630: HalpIommuInitSystem returned EAX=0x00000000 (success/other) rsp=0xFFFFF80170E75438 exitCount=127302
[iommuret] hit #631: HalpIommuInitSystem returned EAX=0x00000000 (success/other) rsp=0xFFFFF80170E75438 exitCount=127303
[iommuret] hit #632: HalpIommuInitSystem returned EAX=0x00000000 (success/other) rsp=0xFFFFF80170E75438 exitCount=127304
[iommuret] hit #633: HalpIommuInitSystem returned EAX=0x00000000 (success/other) rsp=0xFFFFF80170E75438 exitCount=127305
[iommuret] hit #634: HalpIommuInitSystem returned EAX=0x00000000 (success/other) rsp=0xFFFFF80170E75438 exitCount=127306
[iommuret] hit #635: HalpIommuInitSystem returned EAX=0x00000000 (success/other) rsp=0xFFFFF80170E75438 exitCount=127307
[iommuret] hit #636: HalpIommuInitSystem returned EAX=0x00000000 (success/other) rsp=0xFFFFF80170E75438 exitCount=127308
[iommuret] hit #637: HalpIommuInitSystem returned EAX=0x00000000 (success/other) rsp=0xFFFFF80170E75438 exitCount=127309
[iommuret] hit #638: HalpIommuInitSystem returned EAX=0x00000000 (success/other) rsp=0xFFFFF80170E75438 exitCount=127310
[iommuret] hit #639: HalpIommuInitSystem returned EAX=0x00000000 (success/other) rsp=0xFFFFF80170E75438 exitCount=127311
[iommuret] hit #640: HalpIommuInitSystem returned EAX=0x00000000 (success/other) rsp=0xFFFFF80170E75438 exitCount=127312
[iommuret] hit #641: HalpIommuInitSystem returned EAX=0x00000000 (success/other) rsp=0xFFFFF80170E75438 exitCount=127313
[iommuret] hit #642: HalpIommuInitSystem returned EAX=0x00000000 (success/other) rsp=0xFFFFF80170E75438 exitCount=127314
[iommuret] hit #643: HalpIommuInitSystem returned EAX=0x00000000 (success/other) rsp=0xFFFFF80170E75438 exitCount=127315
[iommuret] hit #644: HalpIommuInitSystem returned EAX=0x00000000 (success/other) rsp=0xFFFFF80170E75438 exitCount=127316
[iommuret] hit #645: HalpIommuInitSystem returned EAX=0x00000000 (success/other) rsp=0xFFFFF80170E75438 exitCount=127317
[iommuret] hit #646: HalpIommuInitSystem returned EAX=0x00000000 (success/other) rsp=0xFFFFF80170E75438 exitCount=127318
[iommuret] hit #647: HalpIommuInitSystem returned EAX=0x00000000 (success/other) rsp=0xFFFFF80170E75438 exitCount=127319
[iommuret] hit #648: HalpIommuInitSystem returned EAX=0x00000000 (success/other) rsp=0xFFFFF80170E75438 exitCount=127320
[iommuret] hit #649: HalpIommuInitSystem returned EAX=0x00000000 (success/other) rsp=0xFFFFF80170E75438 exitCount=127321
[iommuret] hit #650: HalpIommuInitSystem returned EAX=0x00000000 (success/other) rsp=0xFFFFF80170E75438 exitCount=127322
[iommuret] hit #651: HalpIommuInitSystem returned EAX=0x00000000 (success/other) rsp=0xFFFFF80170E75438 exitCount=127323
[iommuret] hit #652: HalpIommuInitSystem returned EAX=0x00000000 (success/other) rsp=0xFFFFF80170E75438 exitCount=127324
[iommuret] hit #653: HalpIommuInitSystem returned EAX=0x00000000 (success/other) rsp=0xFFFFF80170E75438 exitCount=127325
[iommuret] hit #654: HalpIommuInitSystem returned EAX=0x00000000 (success/other) rsp=0xFFFFF80170E75438 exitCount=127326
[iommuret] hit #655: HalpIommuInitSystem returned EAX=0x00000000 (success/other) rsp=0xFFFFF80170E75438 exitCount=127327
[iommuret] hit #656: HalpIommuInitSystem returned EAX=0x00000000 (success/other) rsp=0xFFFFF80170E75438 exitCount=127328
[iommuret] hit #657: HalpIommuInitSystem returned EAX=0x00000000 (success/other) rsp=0xFFFFF80170E75438 exitCount=127329
[iommuret] hit #658: HalpIommuInitSystem returned EAX=0x00000000 (success/other) rsp=0xFFFFF80170E75438 exitCount=127330
[iommuret] hit #659: HalpIommuInitSystem returned EAX=0x00000000 (success/other) rsp=0xFFFFF80170E75438 exitCount=127331
[iommuret] hit #660: HalpIommuInitSystem returned EAX=0x00000000 (success/other) rsp=0xFFFFF80170E75438 exitCount=127332
[iommuret] hit #661: HalpIommuInitSystem returned EAX=0x00000000 (success/other) rsp=0xFFFFF80170E75438 exitCount=127333
[iommuret] hit #662: HalpIommuInitSystem returned EAX=0x00000000 (success/other) rsp=0xFFFFF80170E75438 exitCount=127334
[iommuret] hit #663: HalpIommuInitSystem returned EAX=0x00000000 (success/other) rsp=0xFFFFF80170E75438 exitCount=127335
[iommuret] hit #664: HalpIommuInitSystem returned EAX=0x00000000 (success/other) rsp=0xFFFFF80170E75438 exitCount=127336
[iommuret] hit #665: HalpIommuInitSystem returned EAX=0x00000000 (success/other) rsp=0xFFFFF80170E75438 exitCount=127337
[iommuret] hit #666: HalpIommuInitSystem returned EAX=0x00000000 (success/other) rsp=0xFFFFF80170E75438 exitCount=127338
[iommuret] hit #667: HalpIommuInitSystem returned EAX=0x00000000 (success/other) rsp=0xFFFFF80170E75438 exitCount=127339
[iommuret] hit #668: HalpIommuInitSystem returned EAX=0x00000000 (success/other) rsp=0xFFFFF80170E75438 exitCount=127340
[iommuret] hit #669: HalpIommuInitSystem returned EAX=0x00000000 (success/other) rsp=0xFFFFF80170E75438 exitCount=127341
[iommuret] hit #670: HalpIommuInitSystem returned EAX=0x00000000 (success/other) rsp=0xFFFFF80170E75438 exitCount=127342
[iommuret] hit #671: HalpIommuInitSystem returned EAX=0x00000000 (success/other) rsp=0xFFFFF80170E75438 exitCount=127343
[iommuret] hit #672: HalpIommuInitSystem returned EAX=0x00000000 (success/other) rsp=0xFFFFF80170E75438 exitCount=127344
[iommuret] hit #673: HalpIommuInitSystem returned EAX=0x00000000 (success/other) rsp=0xFFFFF80170E75438 exitCount=127345
[iommuret] hit #674: HalpIommuInitSystem returned EAX=0x00000000 (success/other) rsp=0xFFFFF80170E75438 exitCount=127346
[iommuret] hit #675: HalpIommuInitSystem returned EAX=0x00000000 (success/other) rsp=0xFFFFF80170E75438 exitCount=127347
[iommuret] hit #676: HalpIommuInitSystem returned EAX=0x00000000 (success/other) rsp=0xFFFFF80170E75438 exitCount=127348
[iommuret] hit #677: HalpIommuInitSystem returned EAX=0x00000000 (success/other) rsp=0xFFFFF80170E75438 exitCount=127349
[iommuret] hit #678: HalpIommuInitSystem returned EAX=0x00000000 (success/other) rsp=0xFFFFF80170E75438 exitCount=127350
[iommuret] hit #679: HalpIommuInitSystem returned EAX=0x00000000 (success/other) rsp=0xFFFFF80170E75438 exitCount=127351
[iommuret] hit #680: HalpIommuInitSystem returned EAX=0x00000000 (success/other) rsp=0xFFFFF80170E75438 exitCount=127352
[iommuret] hit #681: HalpIommuInitSystem returned EAX=0x00000000 (success/other) rsp=0xFFFFF80170E75438 exitCount=127353
[iommuret] hit #682: HalpIommuInitSystem returned EAX=0x00000000 (success/other) rsp=0xFFFFF80170E75438 exitCount=127354
[iommuret] hit #683: HalpIommuInitSystem returned EAX=0x00000000 (success/other) rsp=0xFFFFF80170E75438 exitCount=127355
[iommuret] hit #684: HalpIommuInitSystem returned EAX=0x00000000 (success/other) rsp=0xFFFFF80170E75438 exitCount=127356
[iommuret] hit #685: HalpIommuInitSystem returned EAX=0x00000000 (success/other) rsp=0xFFFFF80170E75438 exitCount=127357
[iommuret] hit #686: HalpIommuInitSystem returned EAX=0x00000000 (success/other) rsp=0xFFFFF80170E75438 exitCount=127358
[iommuret] hit #687: HalpIommuInitSystem returned EAX=0x00000000 (success/other) rsp=0xFFFFF80170E75438 exitCount=127359
[iommuret] hit #688: HalpIommuInitSystem returned EAX=0x00000000 (success/other) rsp=0xFFFFF80170E75438 exitCount=127360
[iommuret] hit #689: HalpIommuInitSystem returned EAX=0x00000000 (success/other) rsp=0xFFFFF80170E75438 exitCount=127361
[iommuret] hit #690: HalpIommuInitSystem returned EAX=0x00000000 (success/other) rsp=0xFFFFF80170E75438 exitCount=127362
[iommuret] hit #691: HalpIommuInitSystem returned EAX=0x00000000 (success/other) rsp=0xFFFFF80170E75438 exitCount=127363
[iommuret] hit #692: HalpIommuInitSystem returned EAX=0x00000000 (success/other) rsp=0xFFFFF80170E75438 exitCount=127364
[iommuret] hit #693: HalpIommuInitSystem returned EAX=0x00000000 (success/other) rsp=0xFFFFF80170E75438 exitCount=127365
[iommuret] hit #694: HalpIommuInitSystem returned EAX=0x00000000 (success/other) rsp=0xFFFFF80170E75438 exitCount=127366
[iommuret] hit #695: HalpIommuInitSystem returned EAX=0x00000000 (success/other) rsp=0xFFFFF80170E75438 exitCount=127367
[iommuret] hit #696: HalpIommuInitSystem returned EAX=0x00000000 (success/other) rsp=0xFFFFF80170E75438 exitCount=127368
[iommuret] hit #697: HalpIommuInitSystem returned EAX=0x00000000 (success/other) rsp=0xFFFFF80170E75438 exitCount=127369
[iommuret] hit #698: HalpIommuInitSystem returned EAX=0x00000000 (success/other) rsp=0xFFFFF80170E75438 exitCount=127370
[iommuret] hit #699: HalpIommuInitSystem returned EAX=0x00000000 (success/other) rsp=0xFFFFF80170E75438 exitCount=127371
[iommuret] hit #700: HalpIommuInitSystem returned EAX=0x00000000 (success/other) rsp=0xFFFFF80170E75438 exitCount=127372
[iommuret] hit #701: HalpIommuInitSystem returned EAX=0x00000000 (success/other) rsp=0xFFFFF80170E75438 exitCount=127373
[iommuret] hit #702: HalpIommuInitSystem returned EAX=0x00000000 (success/other) rsp=0xFFFFF80170E75438 exitCount=127374
[iommuret] hit #703: HalpIommuInitSystem returned EAX=0x00000000 (success/other) rsp=0xFFFFF80170E75438 exitCount=127375
[iommuret] hit #704: HalpIommuInitSystem returned EAX=0x00000000 (success/other) rsp=0xFFFFF80170E75438 exitCount=127376
[iommuret] hit #705: HalpIommuInitSystem returned EAX=0x00000000 (success/other) rsp=0xFFFFF80170E75438 exitCount=127377
[iommuret] hit #706: HalpIommuInitSystem returned EAX=0x00000000 (success/other) rsp=0xFFFFF80170E75438 exitCount=127378
[iommuret] hit #707: HalpIommuInitSystem returned EAX=0x00000000 (success/other) rsp=0xFFFFF80170E75438 exitCount=127379
[iommuret] hit #708: HalpIommuInitSystem returned EAX=0x00000000 (success/other) rsp=0xFFFFF80170E75438 exitCount=127380
[iommuret] hit #709: HalpIommuInitSystem returned EAX=0x00000000 (success/other) rsp=0xFFFFF80170E75438 exitCount=127381
[iommuret] hit #710: HalpIommuInitSystem returned EAX=0x00000000 (success/other) rsp=0xFFFFF80170E75438 exitCount=127382
[iommuret] hit #711: HalpIommuInitSystem returned EAX=0x00000000 (success/other) rsp=0xFFFFF80170E75438 exitCount=127383
[iommuret] hit #712: HalpIommuInitSystem returned EAX=0x00000000 (success/other) rsp=0xFFFFF80170E75438 exitCount=127384
[iommuret] hit #713: HalpIommuInitSystem returned EAX=0x00000000 (success/other) rsp=0xFFFFF80170E75438 exitCount=127385
[iommuret] hit #714: HalpIommuInitSystem returned EAX=0x00000000 (success/other) rsp=0xFFFFF80170E75438 exitCount=127386
[iommuret] hit #715: HalpIommuInitSystem returned EAX=0x00000000 (success/other) rsp=0xFFFFF80170E75438 exitCount=127387
[iommuret] hit #716: HalpIommuInitSystem returned EAX=0x00000000 (success/other) rsp=0xFFFFF80170E75438 exitCount=127388
[iommuret] hit #717: HalpIommuInitSystem returned EAX=0x00000000 (success/other) rsp=0xFFFFF80170E75438 exitCount=127389
[iommuret] hit #718: HalpIommuInitSystem returned EAX=0x00000000 (success/other) rsp=0xFFFFF80170E75438 exitCount=127390
[iommuret] hit #719: HalpIommuInitSystem returned EAX=0x00000000 (success/other) rsp=0xFFFFF80170E75438 exitCount=127391
[iommuret] hit #720: HalpIommuInitSystem returned EAX=0x00000000 (success/other) rsp=0xFFFFF80170E75438 exitCount=127392
[iommuret] hit #721: HalpIommuInitSystem returned EAX=0x00000000 (success/other) rsp=0xFFFFF80170E75438 exitCount=127393
[iommuret] hit #722: HalpIommuInitSystem returned EAX=0x00000000 (success/other) rsp=0xFFFFF80170E75438 exitCount=127394
[iommuret] hit #723: HalpIommuInitSystem returned EAX=0x00000000 (success/other) rsp=0xFFFFF80170E75438 exitCount=127395
[iommuret] hit #724: HalpIommuInitSystem returned EAX=0x00000000 (success/other) rsp=0xFFFFF80170E75438 exitCount=127396
[iommuret] hit #725: HalpIommuInitSystem returned EAX=0x00000000 (success/other) rsp=0xFFFFF80170E75438 exitCount=127397
[iommuret] hit #726: HalpIommuInitSystem returned EAX=0x00000000 (success/other) rsp=0xFFFFF80170E75438 exitCount=127398
[iommuret] hit #727: HalpIommuInitSystem returned EAX=0x00000000 (success/other) rsp=0xFFFFF80170E75438 exitCount=127399
[iommuret] hit #728: HalpIommuInitSystem returned EAX=0x00000000 (success/other) rsp=0xFFFFF80170E75438 exitCount=127400
[iommuret] hit #729: HalpIommuInitSystem returned EAX=0x00000000 (success/other) rsp=0xFFFFF80170E75438 exitCount=127401
[iommuret] hit #730: HalpIommuInitSystem returned EAX=0x00000000 (success/other) rsp=0xFFFFF80170E75438 exitCount=127402
[iommuret] hit #731: HalpIommuInitSystem returned EAX=0x00000000 (success/other) rsp=0xFFFFF80170E75438 exitCount=127403
[iommuret] hit #732: HalpIommuInitSystem returned EAX=0x00000000 (success/other) rsp=0xFFFFF80170E75438 exitCount=127404
[iommuret] hit #733: HalpIommuInitSystem returned EAX=0x00000000 (success/other) rsp=0xFFFFF80170E75438 exitCount=127405
[iommuret] hit #734: HalpIommuInitSystem returned EAX=0x00000000 (success/other) rsp=0xFFFFF80170E75438 exitCount=127406
[iommuret] hit #735: HalpIommuInitSystem returned EAX=0x00000000 (success/other) rsp=0xFFFFF80170E75438 exitCount=127407
[iommuret] hit #736: HalpIommuInitSystem returned EAX=0x00000000 (success/other) rsp=0xFFFFF80170E75438 exitCount=127408
[iommuret] hit #737: HalpIommuInitSystem returned EAX=0x00000000 (success/other) rsp=0xFFFFF80170E75438 exitCount=127409
[iommuret] hit #738: HalpIommuInitSystem returned EAX=0x00000000 (success/other) rsp=0xFFFFF80170E75438 exitCount=127410
[iommuret] hit #739: HalpIommuInitSystem returned EAX=0x00000000 (success/other) rsp=0xFFFFF80170E75438 exitCount=127411
[iommuret] hit #740: HalpIommuInitSystem returned EAX=0x00000000 (success/other) rsp=0xFFFFF80170E75438 exitCount=127412
[iommuret] hit #741: HalpIommuInitSystem returned EAX=0x00000000 (success/other) rsp=0xFFFFF80170E75438 exitCount=127413
[iommuret] hit #742: HalpIommuInitSystem returned EAX=0x00000000 (success/other) rsp=0xFFFFF80170E75438 exitCount=127414
[iommuret] hit #743: HalpIommuInitSystem returned EAX=0x00000000 (success/other) rsp=0xFFFFF80170E75438 exitCount=127415
[iommuret] hit #744: HalpIommuInitSystem returned EAX=0x00000000 (success/other) rsp=0xFFFFF80170E75438 exitCount=127416
[iommuret] hit #745: HalpIommuInitSystem returned EAX=0x00000000 (success/other) rsp=0xFFFFF80170E75438 exitCount=127417
[iommuret] hit #746: HalpIommuInitSystem returned EAX=0x00000000 (success/other) rsp=0xFFFFF80170E75438 exitCount=127418
[iommuret] hit #747: HalpIommuInitSystem returned EAX=0x00000000 (success/other) rsp=0xFFFFF80170E75438 exitCount=127419
[iommuret] hit #748: HalpIommuInitSystem returned EAX=0x00000000 (success/other) rsp=0xFFFFF80170E75438 exitCount=127420
[iommuret] hit #749: HalpIommuInitSystem returned EAX=0x00000000 (success/other) rsp=0xFFFFF80170E75438 exitCount=127421
[iommuret] hit #750: HalpIommuInitSystem returned EAX=0x00000000 (success/other) rsp=0xFFFFF80170E75438 exitCount=127422
[iommuret] hit #751: HalpIommuInitSystem returned EAX=0x00000000 (success/other) rsp=0xFFFFF80170E75438 exitCount=127423
[iommuret] hit #752: HalpIommuInitSystem returned EAX=0x00000000 (success/other) rsp=0xFFFFF80170E75438 exitCount=127424
[iommuret] hit #753: HalpIommuInitSystem returned EAX=0x00000000 (success/other) rsp=0xFFFFF80170E75438 exitCount=127425
[iommuret] hit #754: HalpIommuInitSystem returned EAX=0x00000000 (success/other) rsp=0xFFFFF80170E75438 exitCount=127426
[iommuret] hit #755: HalpIommuInitSystem returned EAX=0x00000000 (success/other) rsp=0xFFFFF80170E75438 exitCount=127427
[iommuret] hit #756: HalpIommuInitSystem returned EAX=0x00000000 (success/other) rsp=0xFFFFF80170E75438 exitCount=127428
[iommuret] hit #757: HalpIommuInitSystem returned EAX=0x00000000 (success/other) rsp=0xFFFFF80170E75438 exitCount=127429
[iommuret] hit #758: HalpIommuInitSystem returned EAX=0x00000000 (success/other) rsp=0xFFFFF80170E75438 exitCount=127430
[iommuret] hit #759: HalpIommuInitSystem returned EAX=0x00000000 (success/other) rsp=0xFFFFF80170E75438 exitCount=127431
[iommuret] hit #760: HalpIommuInitSystem returned EAX=0x00000000 (success/other) rsp=0xFFFFF80170E75438 exitCount=127432
[iommuret] hit #761: HalpIommuInitSystem returned EAX=0x00000000 (success/other) rsp=0xFFFFF80170E75438 exitCount=127433
[iommuret] hit #762: HalpIommuInitSystem returned EAX=0x00000000 (success/other) rsp=0xFFFFF80170E75438 exitCount=127434
[iommuret] hit #763: HalpIommuInitSystem returned EAX=0x00000000 (success/other) rsp=0xFFFFF80170E75438 exitCount=127435
[iommuret] hit #764: HalpIommuInitSystem returned EAX=0x00000000 (success/other) rsp=0xFFFFF80170E75438 exitCount=127436
[iommuret] hit #765: HalpIommuInitSystem returned EAX=0x00000000 (success/other) rsp=0xFFFFF80170E75438 exitCount=127437
[iommuret] hit #766: HalpIommuInitSystem returned EAX=0x00000000 (success/other) rsp=0xFFFFF80170E75438 exitCount=127438
[iommuret] hit #767: HalpIommuInitSystem returned EAX=0x00000000 (success/other) rsp=0xFFFFF80170E75438 exitCount=127439
[iommuret] hit #768: HalpIommuInitSystem returned EAX=0x00000000 (success/other) rsp=0xFFFFF80170E75438 exitCount=127440
[iommuret] hit #769: HalpIommuInitSystem returned EAX=0x00000000 (success/other) rsp=0xFFFFF80170E75438 exitCount=127441
[iommuret] hit #770: HalpIommuInitSystem returned EAX=0x00000000 (success/other) rsp=0xFFFFF80170E75438 exitCount=127442
[iommuret] hit #771: HalpIommuInitSystem returned EAX=0x00000000 (success/other) rsp=0xFFFFF80170E75438 exitCount=127443
[iommuret] hit #772: HalpIommuInitSystem returned EAX=0x00000000 (success/other) rsp=0xFFFFF80170E75438 exitCount=127444
[iommuret] hit #773: HalpIommuInitSystem returned EAX=0x00000000 (success/other) rsp=0xFFFFF80170E75438 exitCount=127445
[iommuret] hit #774: HalpIommuInitSystem returned EAX=0x00000000 (success/other) rsp=0xFFFFF80170E75438 exitCount=127446
[iommuret] hit #775: HalpIommuInitSystem returned EAX=0x00000000 (success/other) rsp=0xFFFFF80170E75438 exitCount=127447
[iommuret] hit #776: HalpIommuInitSystem returned EAX=0x00000000 (success/other) rsp=0xFFFFF80170E75438 exitCount=127448
[iommuret] hit #777: HalpIommuInitSystem returned EAX=0x00000000 (success/other) rsp=0xFFFFF80170E75438 exitCount=127449
[iommuret] hit #778: HalpIommuInitSystem returned EAX=0x00000000 (success/other) rsp=0xFFFFF80170E75438 exitCount=127450
[iommuret] hit #779: HalpIommuInitSystem returned EAX=0x00000000 (success/other) rsp=0xFFFFF80170E75438 exitCount=127451
[iommuret] hit #780: HalpIommuInitSystem returned EAX=0x00000000 (success/other) rsp=0xFFFFF80170E75438 exitCount=127452
[iommuret] hit #781: HalpIommuInitSystem returned EAX=0x00000000 (success/other) rsp=0xFFFFF80170E75438 exitCount=127453
[iommuret] hit #782: HalpIommuInitSystem returned EAX=0x00000000 (success/other) rsp=0xFFFFF80170E75438 exitCount=127454
[iommuret] hit #783: HalpIommuInitSystem returned EAX=0x00000000 (success/other) rsp=0xFFFFF80170E75438 exitCount=127455
[iommuret] hit #784: HalpIommuInitSystem returned EAX=0x00000000 (success/other) rsp=0xFFFFF80170E75438 exitCount=127456
[iommuret] hit #785: HalpIommuInitSystem returned EAX=0x00000000 (success/other) rsp=0xFFFFF80170E75438 exitCount=127457
[iommuret] hit #786: HalpIommuInitSystem returned EAX=0x00000000 (success/other) rsp=0xFFFFF80170E75438 exitCount=127458
[iommuret] hit #787: HalpIommuInitSystem returned EAX=0x00000000 (success/other) rsp=0xFFFFF80170E75438 exitCount=127459
[iommuret] hit #788: HalpIommuInitSystem returned EAX=0x00000000 (success/other) rsp=0xFFFFF80170E75438 exitCount=127460
[iommuret] hit #789: HalpIommuInitSystem returned EAX=0x00000000 (success/other) rsp=0xFFFFF80170E75438 exitCount=127461
[iommuret] hit #790: HalpIommuInitSystem returned EAX=0x00000000 (success/other) rsp=0xFFFFF80170E75438 exitCount=127462
[iommuret] hit #791: HalpIommuInitSystem returned EAX=0x00000000 (success/other) rsp=0xFFFFF80170E75438 exitCount=127463
[iommuret] hit #792: HalpIommuInitSystem returned EAX=0x00000000 (success/other) rsp=0xFFFFF80170E75438 exitCount=127464
[iommuret] hit #793: HalpIommuInitSystem returned EAX=0x00000000 (success/other) rsp=0xFFFFF80170E75438 exitCount=127465
[iommuret] hit #794: HalpIommuInitSystem returned EAX=0x00000000 (success/other) rsp=0xFFFFF80170E75438 exitCount=127466
[iommuret] hit #795: HalpIommuInitSystem returned EAX=0x00000000 (success/other) rsp=0xFFFFF80170E75438 exitCount=127467
[iommuret] hit #796: HalpIommuInitSystem returned EAX=0x00000000 (success/other) rsp=0xFFFFF80170E75438 exitCount=127468
[iommuret] hit #797: HalpIommuInitSystem returned EAX=0x00000000 (success/other) rsp=0xFFFFF80170E75438 exitCount=127469
[iommuret] hit #798: HalpIommuInitSystem returned EAX=0x00000000 (success/other) rsp=0xFFFFF80170E75438 exitCount=127470
[iommuret] hit #799: HalpIommuInitSystem returned EAX=0x00000000 (success/other) rsp=0xFFFFF80170E75438 exitCount=127471
[iommuret] hit #800: HalpIommuInitSystem returned EAX=0x00000000 (success/other) rsp=0xFFFFF80170E75438 exitCount=127472
[iommuret] hit #801: HalpIommuInitSystem returned EAX=0x00000000 (success/other) rsp=0xFFFFF80170E75438 exitCount=127473
[iommuret] hit #802: HalpIommuInitSystem returned EAX=0x00000000 (success/other) rsp=0xFFFFF80170E75438 exitCount=127474
[iommuret] hit #803: HalpIommuInitSystem returned EAX=0x00000000 (success/other) rsp=0xFFFFF80170E75438 exitCount=127475
[iommuret] hit #804: HalpIommuInitSystem returned EAX=0x00000000 (success/other) rsp=0xFFFFF80170E75438 exitCount=127476
[iommuret] hit #805: HalpIommuInitSystem returned EAX=0x00000000 (success/other) rsp=0xFFFFF80170E75438 exitCount=127477
[iommuret] hit #806: HalpIommuInitSystem returned EAX=0x00000000 (success/other) rsp=0xFFFFF80170E75438 exitCount=127478
[iommuret] hit #807: HalpIommuInitSystem returned EAX=0x00000000 (success/other) rsp=0xFFFFF80170E75438 exitCount=127479
[iommuret] hit #808: HalpIommuInitSystem returned EAX=0x00000000 (success/other) rsp=0xFFFFF80170E75438 exitCount=127480
[iommuret] hit #809: HalpIommuInitSystem returned EAX=0x00000000 (success/other) rsp=0xFFFFF80170E75438 exitCount=127481
[iommuret] hit #810: HalpIommuInitSystem returned EAX=0x00000000 (success/other) rsp=0xFFFFF80170E75438 exitCount=127482
[iommuret] hit #811: HalpIommuInitSystem returned EAX=0x00000000 (success/other) rsp=0xFFFFF80170E75438 exitCount=127483
[iommuret] hit #812: HalpIommuInitSystem returned EAX=0x00000000 (success/other) rsp=0xFFFFF80170E75438 exitCount=127484
[iommuret] hit #813: HalpIommuInitSystem returned EAX=0x00000000 (success/other) rsp=0xFFFFF80170E75438 exitCount=127485
[iommuret] hit #814: HalpIommuInitSystem returned EAX=0x00000000 (success/other) rsp=0xFFFFF80170E75438 exitCount=127486
[iommuret] hit #815: HalpIommuInitSystem returned EAX=0x00000000 (success/other) rsp=0xFFFFF80170E75438 exitCount=127487
[iommuret] hit #816: HalpIommuInitSystem returned EAX=0x00000000 (success/other) rsp=0xFFFFF80170E75438 exitCount=127488
[iommuret] hit #817: HalpIommuInitSystem returned EAX=0x00000000 (success/other) rsp=0xFFFFF80170E75438 exitCount=127489
[iommuret] hit #818: HalpIommuInitSystem returned EAX=0x00000000 (success/other) rsp=0xFFFFF80170E75438 exitCount=127490
[iommuret] hit #819: HalpIommuInitSystem returned EAX=0x00000000 (success/other) rsp=0xFFFFF80170E75438 exitCount=127491
[iommuret] hit #820: HalpIommuInitSystem returned EAX=0x00000000 (success/other) rsp=0xFFFFF80170E75438 exitCount=127492
[iommuret] hit #821: HalpIommuInitSystem returned EAX=0x00000000 (success/other) rsp=0xFFFFF80170E75438 exitCount=127493
[iommuret] hit #822: HalpIommuInitSystem returned EAX=0x00000000 (success/other) rsp=0xFFFFF80170E75438 exitCount=127494
[iommuret] hit #823: HalpIommuInitSystem returned EAX=0x00000000 (success/other) rsp=0xFFFFF80170E75438 exitCount=127495
[iommuret] hit #824: HalpIommuInitSystem returned EAX=0x00000000 (success/other) rsp=0xFFFFF80170E75438 exitCount=127496
[iommuret] hit #825: HalpIommuInitSystem returned EAX=0x00000000 (success/other) rsp=0xFFFFF80170E75438 exitCount=127497
[iommuret] hit #826: HalpIommuInitSystem returned EAX=0x00000000 (success/other) rsp=0xFFFFF80170E75438 exitCount=127498
[iommuret] hit #827: HalpIommuInitSystem returned EAX=0x00000000 (success/other) rsp=0xFFFFF80170E75438 exitCount=127499
[iommuret] hit #828: HalpIommuInitSystem returned EAX=0x00000000 (success/other) rsp=0xFFFFF80170E75438 exitCount=127500
[iommuret] hit #829: HalpIommuInitSystem returned EAX=0x00000000 (success/other) rsp=0xFFFFF80170E75438 exitCount=127501
[iommuret] hit #830: HalpIommuInitSystem returned EAX=0x00000000 (success/other) rsp=0xFFFFF80170E75438 exitCount=127502
[iommuret] hit #831: HalpIommuInitSystem returned EAX=0x00000000 (success/other) rsp=0xFFFFF80170E75438 exitCount=127503
[iommuret] hit #832: HalpIommuInitSystem returned EAX=0x00000000 (success/other) rsp=0xFFFFF80170E75438 exitCount=127504
[iommuret] hit #833: HalpIommuInitSystem returned EAX=0x00000000 (success/other) rsp=0xFFFFF80170E75438 exitCount=127505
[iommuret] hit #834: HalpIommuInitSystem returned EAX=0x00000000 (success/other) rsp=0xFFFFF80170E75438 exitCount=127506
[iommuret] hit #835: HalpIommuInitSystem returned EAX=0x00000000 (success/other) rsp=0xFFFFF80170E75438 exitCount=127507
[iommuret] hit #836: HalpIommuInitSystem returned EAX=0x00000000 (success/other) rsp=0xFFFFF80170E75438 exitCount=127508
[iommuret] hit #837: HalpIommuInitSystem returned EAX=0x00000000 (success/other) rsp=0xFFFFF80170E75438 exitCount=127509
[iommuret] hit #838: HalpIommuInitSystem returned EAX=0x00000000 (success/other) rsp=0xFFFFF80170E75438 exitCount=127510
[iommuret] hit #839: HalpIommuInitSystem returned EAX=0x00000000 (success/other) rsp=0xFFFFF80170E75438 exitCount=127511
[iommuret] hit #840: HalpIommuInitSystem returned EAX=0x00000000 (success/other) rsp=0xFFFFF80170E75438 exitCount=127512
[iommuret] hit #841: HalpIommuInitSystem returned EAX=0x00000000 (success/other) rsp=0xFFFFF80170E75438 exitCount=127513
[iommuret] hit #842: HalpIommuInitSystem returned EAX=0x00000000 (success/other) rsp=0xFFFFF80170E75438 exitCount=127514
[iommuret] hit #843: HalpIommuInitSystem returned EAX=0x00000000 (success/other) rsp=0xFFFFF80170E75438 exitCount=127515
[iommuret] hit #844: HalpIommuInitSystem returned EAX=0x00000000 (success/other) rsp=0xFFFFF80170E75438 exitCount=127516
[iommuret] hit #845: HalpIommuInitSystem returned EAX=0x00000000 (success/other) rsp=0xFFFFF80170E75438 exitCount=127517
[iommuret] hit #846: HalpIommuInitSystem returned EAX=0x00000000 (success/other) rsp=0xFFFFF80170E75438 exitCount=127518
[iommuret] hit #847: HalpIommuInitSystem returned EAX=0x00000000 (success/other) rsp=0xFFFFF80170E75438 exitCount=127519
[iommuret] hit #848: HalpIommuInitSystem returned EAX=0x00000000 (success/other) rsp=0xFFFFF80170E75438 exitCount=127520
[iommuret] hit #849: HalpIommuInitSystem returned EAX=0x00000000 (success/other) rsp=0xFFFFF80170E75438 exitCount=127521
[iommuret] hit #850: HalpIommuInitSystem returned EAX=0x00000000 (success/other) rsp=0xFFFFF80170E75438 exitCount=127522
[iommuret] hit #851: HalpIommuInitSystem returned EAX=0x00000000 (success/other) rsp=0xFFFFF80170E75438 exitCount=127523
[iommuret] hit #852: HalpIommuInitSystem returned EAX=0x00000000 (success/other) rsp=0xFFFFF80170E75438 exitCount=127524
[iommuret] hit #853: HalpIommuInitSystem returned EAX=0x00000000 (success/other) rsp=0xFFFFF80170E75438 exitCount=127525
[iommuret] hit #854: HalpIommuInitSystem returned EAX=0x00000000 (success/other) rsp=0xFFFFF80170E75438 exitCount=127526
[iommuret] hit #855: HalpIommuInitSystem returned EAX=0x00000000 (success/other) rsp=0xFFFFF80170E75438 exitCount=127527
[iommuret] hit #856: HalpIommuInitSystem returned EAX=0x00000000 (success/other) rsp=0xFFFFF80170E75438 exitCount=127528
[iommuret] hit #857: HalpIommuInitSystem returned EAX=0x00000000 (success/other) rsp=0xFFFFF80170E75438 exitCount=127529
[iommuret] hit #858: HalpIommuInitSystem returned EAX=0x00000000 (success/other) rsp=0xFFFFF80170E75438 exitCount=127530
[iommuret] hit #859: HalpIommuInitSystem returned EAX=0x00000000 (success/other) rsp=0xFFFFF80170E75438 exitCount=127531
[iommuret] hit #860: HalpIommuInitSystem returned EAX=0x00000000 (success/other) rsp=0xFFFFF80170E75438 exitCount=127532
[iommuret] hit #861: HalpIommuInitSystem returned EAX=0x00000000 (success/other) rsp=0xFFFFF80170E75438 exitCount=127533
[iommuret] hit #862: HalpIommuInitSystem returned EAX=0x00000000 (success/other) rsp=0xFFFFF80170E75438 exitCount=127534
[iommuret] hit #863: HalpIommuInitSystem returned EAX=0x00000000 (success/other) rsp=0xFFFFF80170E75438 exitCount=127535
[iommuret] hit #864: HalpIommuInitSystem returned EAX=0x00000000 (success/other) rsp=0xFFFFF80170E75438 exitCount=127536
[iommuret] hit #865: HalpIommuInitSystem returned EAX=0x00000000 (success/other) rsp=0xFFFFF80170E75438 exitCount=127537
[iommuret] hit #866: HalpIommuInitSystem returned EAX=0x00000000 (success/other) rsp=0xFFFFF80170E75438 exitCount=127538
[iommuret] hit #867: HalpIommuInitSystem returned EAX=0x00000000 (success/other) rsp=0xFFFFF80170E75438 exitCount=127539
[iommuret] hit #868: HalpIommuInitSystem returned EAX=0x00000000 (success/other) rsp=0xFFFFF80170E75438 exitCount=127540
[iommuret] hit #869: HalpIommuInitSystem returned EAX=0x00000000 (success/other) rsp=0xFFFFF80170E75438 exitCount=127541
[iommuret] hit #870: HalpIommuInitSystem returned EAX=0x00000000 (success/other) rsp=0xFFFFF80170E75438 exitCount=127542
[iommuret] hit #871: HalpIommuInitSystem returned EAX=0x00000000 (success/other) rsp=0xFFFFF80170E75438 exitCount=127543
[iommuret] hit #872: HalpIommuInitSystem returned EAX=0x00000000 (success/other) rsp=0xFFFFF80170E75438 exitCount=127544
[iommuret] hit #873: HalpIommuInitSystem returned EAX=0x00000000 (success/other) rsp=0xFFFFF80170E75438 exitCount=127545
[iommuret] hit #874: HalpIommuInitSystem returned EAX=0x00000000 (success/other) rsp=0xFFFFF80170E75438 exitCount=127546
[iommuret] hit #875: HalpIommuInitSystem returned EAX=0x00000000 (success/other) rsp=0xFFFFF80170E75438 exitCount=127547
[iommuret] hit #876: HalpIommuInitSystem returned EAX=0x00000000 (success/other) rsp=0xFFFFF80170E75438 exitCount=127548
[iommuret] hit #877: HalpIommuInitSystem returned EAX=0x00000000 (success/other) rsp=0xFFFFF80170E75438 exitCount=127549
[iommuret] hit #878: HalpIommuInitSystem returned EAX=0x00000000 (success/other) rsp=0xFFFFF80170E75438 exitCount=127550
[iommuret] hit #879: HalpIommuInitSystem returned EAX=0x00000000 (success/other) rsp=0xFFFFF80170E75438 exitCount=127551
[iommuret] hit #880: HalpIommuInitSystem returned EAX=0x00000000 (success/other) rsp=0xFFFFF80170E75438 exitCount=127552
[iommuret] hit #881: HalpIommuInitSystem returned EAX=0x00000000 (success/other) rsp=0xFFFFF80170E75438 exitCount=127553
[iommuret] hit #882: HalpIommuInitSystem returned EAX=0x00000000 (success/other) rsp=0xFFFFF80170E75438 exitCount=127554
[iommuret] hit #883: HalpIommuInitSystem returned EAX=0x00000000 (success/other) rsp=0xFFFFF80170E75438 exitCount=127555
[iommuret] hit #884: HalpIommuInitSystem returned EAX=0x00000000 (success/other) rsp=0xFFFFF80170E75438 exitCount=127556
[iommuret] hit #885: HalpIommuInitSystem returned EAX=0x00000000 (success/other) rsp=0xFFFFF80170E75438 exitCount=127557
[iommuret] hit #886: HalpIommuInitSystem returned EAX=0x00000000 (success/other) rsp=0xFFFFF80170E75438 exitCount=127558
[iommuret] hit #887: HalpIommuInitSystem returned EAX=0x00000000 (success/other) rsp=0xFFFFF80170E75438 exitCount=127559
[iommuret] hit #888: HalpIommuInitSystem returned EAX=0x00000000 (success/other) rsp=0xFFFFF80170E75438 exitCount=127560
[iommuret] hit #889: HalpIommuInitSystem returned EAX=0x00000000 (success/other) rsp=0xFFFFF80170E75438 exitCount=127561
[iommuret] hit #890: HalpIommuInitSystem returned EAX=0x00000000 (success/other) rsp=0xFFFFF80170E75438 exitCount=127562
[iommuret] hit #891: HalpIommuInitSystem returned EAX=0x00000000 (success/other) rsp=0xFFFFF80170E75438 exitCount=127563
[iommuret] hit #892: HalpIommuInitSystem returned EAX=0x00000000 (success/other) rsp=0xFFFFF80170E75438 exitCount=127564
[iommuret] hit #893: HalpIommuInitSystem returned EAX=0x00000000 (success/other) rsp=0xFFFFF80170E75438 exitCount=127565
[iommuret] hit #894: HalpIommuInitSystem returned EAX=0x00000000 (success/other) rsp=0xFFFFF80170E75438 exitCount=127566
[iommuret] hit #895: HalpIommuInitSystem returned EAX=0x00000000 (success/other) rsp=0xFFFFF80170E75438 exitCount=127567
[iommuret] hit #896: HalpIommuInitSystem returned EAX=0x00000000 (success/other) rsp=0xFFFFF80170E75438 exitCount=127568
[iommuret] hit #897: HalpIommuInitSystem returned EAX=0x00000000 (success/other) rsp=0xFFFFF80170E75438 exitCount=127569
[iommuret] hit #898: HalpIommuInitSystem returned EAX=0x00000000 (success/other) rsp=0xFFFFF80170E75438 exitCount=127570
[iommuret] hit #899: HalpIommuInitSystem returned EAX=0x00000000 (success/other) rsp=0xFFFFF80170E75438 exitCount=127571
[iommuret] hit #900: HalpIommuInitSystem returned EAX=0x00000000 (success/other) rsp=0xFFFFF80170E75438 exitCount=127572
[iommuret] hit #901: HalpIommuInitSystem returned EAX=0x00000000 (success/other) rsp=0xFFFFF80170E75438 exitCount=127573
[iommuret] hit #902: HalpIommuInitSystem returned EAX=0x00000000 (success/other) rsp=0xFFFFF80170E75438 exitCount=127574
[iommuret] hit #903: HalpIommuInitSystem returned EAX=0x00000000 (success/other) rsp=0xFFFFF80170E75438 exitCount=127575
[iommuret] hit #904: HalpIommuInitSystem returned EAX=0x00000000 (success/other) rsp=0xFFFFF80170E75438 exitCount=127576
[iommuret] hit #905: HalpIommuInitSystem returned EAX=0x00000000 (success/other) rsp=0xFFFFF80170E75438 exitCount=127577
[iommuret] hit #906: HalpIommuInitSystem returned EAX=0x00000000 (success/other) rsp=0xFFFFF80170E75438 exitCount=127578
[iommuret] hit #907: HalpIommuInitSystem returned EAX=0x00000000 (success/other) rsp=0xFFFFF80170E75438 exitCount=127579
[iommuret] hit #908: HalpIommuInitSystem returned EAX=0x00000000 (success/other) rsp=0xFFFFF80170E75438 exitCount=127580
[iommuret] hit #909: HalpIommuInitSystem returned EAX=0x00000000 (success/other) rsp=0xFFFFF80170E75438 exitCount=127581
[iommuret] hit #910: HalpIommuInitSystem returned EAX=0x00000000 (success/other) rsp=0xFFFFF80170E75438 exitCount=127582
[iommuret] hit #911: HalpIommuInitSystem returned EAX=0x00000000 (success/other) rsp=0xFFFFF80170E75438 exitCount=127583
[iommuret] hit #912: HalpIommuInitSystem returned EAX=0x00000000 (success/other) rsp=0xFFFFF80170E75438 exitCount=127584
[iommuret] hit #913: HalpIommuInitSystem returned EAX=0x00000000 (success/other) rsp=0xFFFFF80170E75438 exitCount=127585
[iommuret] hit #914: HalpIommuInitSystem returned EAX=0x00000000 (success/other) rsp=0xFFFFF80170E75438 exitCount=127586
[iommuret] hit #915: HalpIommuInitSystem returned EAX=0x00000000 (success/other) rsp=0xFFFFF80170E75438 exitCount=127587
[iommuret] hit #916: HalpIommuInitSystem returned EAX=0x00000000 (success/other) rsp=0xFFFFF80170E75438 exitCount=127588
[iommuret] hit #917: HalpIommuInitSystem returned EAX=0x00000000 (success/other) rsp=0xFFFFF80170E75438 exitCount=127589
[iommuret] hit #918: HalpIommuInitSystem returned EAX=0x00000000 (success/other) rsp=0xFFFFF80170E75438 exitCount=127590
[iommuret] hit #919: HalpIommuInitSystem returned EAX=0x00000000 (success/other) rsp=0xFFFFF80170E75438 exitCount=127591
[iommuret] hit #920: HalpIommuInitSystem returned EAX=0x00000000 (success/other) rsp=0xFFFFF80170E75438 exitCount=127592
[iommuret] hit #921: HalpIommuInitSystem returned EAX=0x00000000 (success/other) rsp=0xFFFFF80170E75438 exitCount=127593
[iommuret] hit #922: HalpIommuInitSystem returned EAX=0x00000000 (success/other) rsp=0xFFFFF80170E75438 exitCount=127594
[iommuret] hit #923: HalpIommuInitSystem returned EAX=0x00000000 (success/other) rsp=0xFFFFF80170E75438 exitCount=127595
[iommuret] hit #924: HalpIommuInitSystem returned EAX=0x00000000 (success/other) rsp=0xFFFFF80170E75438 exitCount=127596
[iommuret] hit #925: HalpIommuInitSystem returned EAX=0x00000000 (success/other) rsp=0xFFFFF80170E75438 exitCount=127597
[iommuret] hit #926: HalpIommuInitSystem returned EAX=0x00000000 (success/other) rsp=0xFFFFF80170E75438 exitCount=127598
[iommuret] hit #927: HalpIommuInitSystem returned EAX=0x00000000 (success/other) rsp=0xFFFFF80170E75438 exitCount=127599
[iommuret] hit #928: HalpIommuInitSystem returned EAX=0x00000000 (success/other) rsp=0xFFFFF80170E75438 exitCount=127600
[iommuret] hit #929: HalpIommuInitSystem returned EAX=0x00000000 (success/other) rsp=0xFFFFF80170E75438 exitCount=127601
[iommuret] hit #930: HalpIommuInitSystem returned EAX=0x00000000 (success/other) rsp=0xFFFFF80170E75438 exitCount=127602
[iommuret] hit #931: HalpIommuInitSystem returned EAX=0x00000000 (success/other) rsp=0xFFFFF80170E75438 exitCount=127603
[iommuret] hit #932: HalpIommuInitSystem returned EAX=0x00000000 (success/other) rsp=0xFFFFF80170E75438 exitCount=127604
[iommuret] hit #933: HalpIommuInitSystem returned EAX=0x00000000 (success/other) rsp=0xFFFFF80170E75438 exitCount=127605
[iommuret] hit #934: HalpIommuInitSystem returned EAX=0x00000000 (success/other) rsp=0xFFFFF80170E75438 exitCount=127606
[iommuret] hit #935: HalpIommuInitSystem returned EAX=0x00000000 (success/other) rsp=0xFFFFF80170E75438 exitCount=127607
[iommuret] hit #936: HalpIommuInitSystem returned EAX=0x00000000 (success/other) rsp=0xFFFFF80170E75438 exitCount=127608
[iommuret] hit #937: HalpIommuInitSystem returned EAX=0x00000000 (success/other) rsp=0xFFFFF80170E75438 exitCount=127609
[iommuret] hit #938: HalpIommuInitSystem returned EAX=0x00000000 (success/other) rsp=0xFFFFF80170E75438 exitCount=127610
[iommuret] hit #939: HalpIommuInitSystem returned EAX=0x00000000 (success/other) rsp=0xFFFFF80170E75438 exitCount=127611
[iommuret] hit #940: HalpIommuInitSystem returned EAX=0x00000000 (success/other) rsp=0xFFFFF80170E75438 exitCount=127612
[iommuret] hit #941: HalpIommuInitSystem returned EAX=0x00000000 (success/other) rsp=0xFFFFF80170E75438 exitCount=127613
[iommuret] hit #942: HalpIommuInitSystem returned EAX=0x00000000 (success/other) rsp=0xFFFFF80170E75438 exitCount=127614
[iommuret] hit #943: HalpIommuInitSystem returned EAX=0x00000000 (success/other) rsp=0xFFFFF80170E75438 exitCount=127615
[iommuret] hit #944: HalpIommuInitSystem returned EAX=0x00000000 (success/other) rsp=0xFFFFF80170E75438 exitCount=127616
[iommuret] hit #945: HalpIommuInitSystem returned EAX=0x00000000 (success/other) rsp=0xFFFFF80170E75438 exitCount=127617
[iommuret] hit #946: HalpIommuInitSystem returned EAX=0x00000000 (success/other) rsp=0xFFFFF80170E75438 exitCount=127618
[iommuret] hit #947: HalpIommuInitSystem returned EAX=0x00000000 (success/other) rsp=0xFFFFF80170E75438 exitCount=127619
[iommuret] hit #948: HalpIommuInitSystem returned EAX=0x00000000 (success/other) rsp=0xFFFFF80170E75438 exitCount=127620
[iommuret] hit #949: HalpIommuInitSystem returned EAX=0x00000000 (success/other) rsp=0xFFFFF80170E75438 exitCount=127621
[iommuret] hit #950: HalpIommuInitSystem returned EAX=0x00000000 (success/other) rsp=0xFFFFF80170E75438 exitCount=127622
[iommuret] hit #951: HalpIommuInitSystem returned EAX=0x00000000 (success/other) rsp=0xFFFFF80170E75438 exitCount=127623
[iommuret] hit #952: HalpIommuInitSystem returned EAX=0x00000000 (success/other) rsp=0xFFFFF80170E75438 exitCount=127624
[iommuret] hit #953: HalpIommuInitSystem returned EAX=0x00000000 (success/other) rsp=0xFFFFF80170E75438 exitCount=127625
[iommuret] hit #954: HalpIommuInitSystem returned EAX=0x00000000 (success/other) rsp=0xFFFFF80170E75438 exitCount=127626
[iommuret] hit #955: HalpIommuInitSystem returned EAX=0x00000000 (success/other) rsp=0xFFFFF80170E75438 exitCount=127627
[iommuret] hit #956: HalpIommuInitSystem returned EAX=0x00000000 (success/other) rsp=0xFFFFF80170E75438 exitCount=127628
[iommuret] hit #957: HalpIommuInitSystem returned EAX=0x00000000 (success/other) rsp=0xFFFFF80170E75438 exitCount=127629
[iommuret] hit #958: HalpIommuInitSystem returned EAX=0x00000000 (success/other) rsp=0xFFFFF80170E75438 exitCount=127630
[iommuret] hit #959: HalpIommuInitSystem returned EAX=0x00000000 (success/other) rsp=0xFFFFF80170E75438 exitCount=127631
[iommuret] hit #960: HalpIommuInitSystem returned EAX=0x00000000 (success/other) rsp=0xFFFFF80170E75438 exitCount=127632
[iommuret] hit #961: HalpIommuInitSystem returned EAX=0x00000000 (success/other) rsp=0xFFFFF80170E75438 exitCount=127633
[iommuret] hit #962: HalpIommuInitSystem returned EAX=0x00000000 (success/other) rsp=0xFFFFF80170E75438 exitCount=127634
[iommuret] hit #963: HalpIommuInitSystem returned EAX=0x00000000 (success/other) rsp=0xFFFFF80170E75438 exitCount=127635
[iommuret] hit #964: HalpIommuInitSystem returned EAX=0x00000000 (success/other) rsp=0xFFFFF80170E75438 exitCount=127636
[iommuret] hit #965: HalpIommuInitSystem returned EAX=0x00000000 (success/other) rsp=0xFFFFF80170E75438 exitCount=127637
[iommuret] hit #966: HalpIommuInitSystem returned EAX=0x00000000 (success/other) rsp=0xFFFFF80170E75438 exitCount=127638
[iommuret] hit #967: HalpIommuInitSystem returned EAX=0x00000000 (success/other) rsp=0xFFFFF80170E75438 exitCount=127639
[iommuret] hit #968: HalpIommuInitSystem returned EAX=0x00000000 (success/other) rsp=0xFFFFF80170E75438 exitCount=127640
[iommuret] hit #969: HalpIommuInitSystem returned EAX=0x00000000 (success/other) rsp=0xFFFFF80170E75438 exitCount=127641
[iommuret] hit #970: HalpIommuInitSystem returned EAX=0x00000000 (success/other) rsp=0xFFFFF80170E75438 exitCount=127642
[iommuret] hit #971: HalpIommuInitSystem returned EAX=0x00000000 (success/other) rsp=0xFFFFF80170E75438 exitCount=127643
[iommuret] hit #972: HalpIommuInitSystem returned EAX=0x00000000 (success/other) rsp=0xFFFFF80170E75438 exitCount=127644
[iommuret] hit #973: HalpIommuInitSystem returned EAX=0x00000000 (success/other) rsp=0xFFFFF80170E75438 exitCount=127645
[iommuret] hit #974: HalpIommuInitSystem returned EAX=0x00000000 (success/other) rsp=0xFFFFF80170E75438 exitCount=127646
[iommuret] hit #975: HalpIommuInitSystem returned EAX=0x00000000 (success/other) rsp=0xFFFFF80170E75438 exitCount=127647
[iommuret] hit #976: HalpIommuInitSystem returned EAX=0x00000000 (success/other) rsp=0xFFFFF80170E75438 exitCount=127648
[iommuret] hit #977: HalpIommuInitSystem returned EAX=0x00000000 (success/other) rsp=0xFFFFF80170E75438 exitCount=127649
[iommuret] hit #978: HalpIommuInitSystem returned EAX=0x00000000 (success/other) rsp=0xFFFFF80170E75438 exitCount=127650
[iommuret] hit #979: HalpIommuInitSystem returned EAX=0x00000000 (success/other) rsp=0xFFFFF80170E75438 exitCount=127651
[iommuret] hit #980: HalpIommuInitSystem returned EAX=0x00000000 (success/other) rsp=0xFFFFF80170E75438 exitCount=127652
[iommuret] hit #981: HalpIommuInitSystem returned EAX=0x00000000 (success/other) rsp=0xFFFFF80170E75438 exitCount=127653
[iommuret] hit #982: HalpIommuInitSystem returned EAX=0x00000000 (success/other) rsp=0xFFFFF80170E75438 exitCount=127654
[iommuret] hit #983: HalpIommuInitSystem returned EAX=0x00000000 (success/other) rsp=0xFFFFF80170E75438 exitCount=127655
[iommuret] hit #984: HalpIommuInitSystem returned EAX=0x00000000 (success/other) rsp=0xFFFFF80170E75438 exitCount=127656
[iommuret] hit #985: HalpIommuInitSystem returned EAX=0x00000000 (success/other) rsp=0xFFFFF80170E75438 exitCount=127657
[iommuret] hit #986: HalpIommuInitSystem returned EAX=0x00000000 (success/other) rsp=0xFFFFF80170E75438 exitCount=127658
[iommuret] hit #987: HalpIommuInitSystem returned EAX=0x00000000 (success/other) rsp=0xFFFFF80170E75438 exitCount=127659
[iommuret] hit #988: HalpIommuInitSystem returned EAX=0x00000000 (success/other) rsp=0xFFFFF80170E75438 exitCount=127660
[iommuret] hit #989: HalpIommuInitSystem returned EAX=0x00000000 (success/other) rsp=0xFFFFF80170E75438 exitCount=127661
[iommuret] hit #990: HalpIommuInitSystem returned EAX=0x00000000 (success/other) rsp=0xFFFFF80170E75438 exitCount=127662
[iommuret] hit #991: HalpIommuInitSystem returned EAX=0x00000000 (success/other) rsp=0xFFFFF80170E75438 exitCount=127663
[iommuret] hit #992: HalpIommuInitSystem returned EAX=0x00000000 (success/other) rsp=0xFFFFF80170E75438 exitCount=127664
[iommuret] hit #993: HalpIommuInitSystem returned EAX=0x00000000 (success/other) rsp=0xFFFFF80170E75438 exitCount=127665
[iommuret] hit #994: HalpIommuInitSystem returned EAX=0x00000000 (success/other) rsp=0xFFFFF80170E75438 exitCount=127666
[iommuret] hit #995: HalpIommuInitSystem returned EAX=0x00000000 (success/other) rsp=0xFFFFF80170E75438 exitCount=127667
[iommuret] hit #996: HalpIommuInitSystem returned EAX=0x00000000 (success/other) rsp=0xFFFFF80170E75438 exitCount=127668
[iommuret] hit #997: HalpIommuInitSystem returned EAX=0x00000000 (success/other) rsp=0xFFFFF80170E75438 exitCount=127669
[iommuret] hit #998: HalpIommuInitSystem returned EAX=0x00000000 (success/other) rsp=0xFFFFF80170E75438 exitCount=127670
[iommuret] hit #999: HalpIommuInitSystem returned EAX=0x00000000 (success/other) rsp=0xFFFFF80170E75438 exitCount=127671
[iommuret] hit #1000: HalpIommuInitSystem returned EAX=0x00000000 (success/other) rsp=0xFFFFF80170E75438 exitCount=127672
[iommuret] hit #1001: HalpIommuInitSystem returned EAX=0x00000000 (success/other) rsp=0xFFFFF80170E75438 exitCount=127673
[iommuret] hit #1002: HalpIommuInitSystem returned EAX=0x00000000 (success/other) rsp=0xFFFFF80170E75438 exitCount=127674
[iommuret] hit #1003: HalpIommuInitSystem returned EAX=0x00000000 (success/other) rsp=0xFFFFF80170E75438 exitCount=127675
[iommuret] hit #1004: HalpIommuInitSystem returned EAX=0x00000000 (success/other) rsp=0xFFFFF80170E75438 exitCount=127676
[iommuret] hit #1005: HalpIommuInitSystem returned EAX=0x00000000 (success/other) rsp=0xFFFFF80170E75438 exitCount=127677
[iommuret] hit #1006: HalpIommuInitSystem returned EAX=0x00000000 (success/other) rsp=0xFFFFF80170E75438 exitCount=127678
[iommuret] hit #1007: HalpIommuInitSystem returned EAX=0x00000000 (success/other) rsp=0xFFFFF80170E75438 exitCount=127679
[iommuret] hit #1008: HalpIommuInitSystem returned EAX=0x00000000 (success/other) rsp=0xFFFFF80170E75438 exitCount=127680
[iommuret] hit #1009: HalpIommuInitSystem returned EAX=0x00000000 (success/other) rsp=0xFFFFF80170E75438 exitCount=127681
[iommuret] hit #1010: HalpIommuInitSystem returned EAX=0x00000000 (success/other) rsp=0xFFFFF80170E75438 exitCount=127682
[iommuret] hit #1011: HalpIommuInitSystem returned EAX=0x00000000 (success/other) rsp=0xFFFFF80170E75438 exitCount=127683
[iommuret] hit #1012: HalpIommuInitSystem returned EAX=0x00000000 (success/other) rsp=0xFFFFF80170E75438 exitCount=127684
[iommuret] hit #1013: HalpIommuInitSystem returned EAX=0x00000000 (success/other) rsp=0xFFFFF80170E75438 exitCount=127685
[iommuret] hit #1014: HalpIommuInitSystem returned EAX=0x00000000 (success/other) rsp=0xFFFFF80170E75438 exitCount=127686
[iommuret] hit #1015: HalpIommuInitSystem returned EAX=0x00000000 (success/other) rsp=0xFFFFF80170E75438 exitCount=127687
[iommuret] hit #1016: HalpIommuInitSystem returned EAX=0x00000000 (success/other) rsp=0xFFFFF80170E75438 exitCount=127688
[iommuret] hit #1017: HalpIommuInitSystem returned EAX=0x00000000 (success/other) rsp=0xFFFFF80170E75438 exitCount=127689
[iommuret] hit #1018: HalpIommuInitSystem returned EAX=0x00000000 (success/other) rsp=0xFFFFF80170E75438 exitCount=127690
[iommuret] hit #1019: HalpIommuInitSystem returned EAX=0x00000000 (success/other) rsp=0xFFFFF80170E75438 exitCount=127691
[iommuret] hit #1020: HalpIommuInitSystem returned EAX=0x00000000 (success/other) rsp=0xFFFFF80170E75438 exitCount=127692
[iommuret] hit #1021: HalpIommuInitSystem returned EAX=0x00000000 (success/other) rsp=0xFFFFF80170E75438 exitCount=127693
[iommuret] hit #1022: HalpIommuInitSystem returned EAX=0x00000000 (success/other) rsp=0xFFFFF80170E75438 exitCount=127694
[iommuret] hit #1023: HalpIommuInitSystem returned EAX=0x00000000 (success/other) rsp=0xFFFFF80170E75438 exitCount=127695
[iommuret] hit #1024: HalpIommuInitSystem returned EAX=0x00000000 (success/other) rsp=0xFFFFF80170E75438 exitCount=127696
[iommuret] hit #1025: HalpIommuInitSystem returned EAX=0x00000000 (success/other) rsp=0xFFFFF80170E75438 exitCount=127697
[iommuret] hit #1026: HalpIommuInitSystem returned EAX=0x00000000 (success/other) rsp=0xFFFFF80170E75438 exitCount=127698
[iommuret] hit #1027: HalpIommuInitSystem returned EAX=0x00000000 (success/other) rsp=0xFFFFF80170E75438 exitCount=127699
[iommuret] hit #1028: HalpIommuInitSystem returned EAX=0x00000000 (success/other) rsp=0xFFFFF80170E75438 exitCount=127700
[iommuret] hit #1029: HalpIommuInitSystem returned EAX=0x00000000 (success/other) rsp=0xFFFFF80170E75438 exitCount=127701
[iommuret] hit #1030: HalpIommuInitSystem returned EAX=0x00000000 (success/other) rsp=0xFFFFF80170E75438 exitCount=127702
[iommuret] hit #1031: HalpIommuInitSystem returned EAX=0x00000000 (success/other) rsp=0xFFFFF80170E75438 exitCount=127703
[iommuret] hit #1032: HalpIommuInitSystem returned EAX=0x00000000 (success/other) rsp=0xFFFFF80170E75438 exitCount=127704
[iommuret] hit #1033: HalpIommuInitSystem returned EAX=0x00000000 (success/other) rsp=0xFFFFF80170E75438 exitCount=127705
[iommuret] hit #1034: HalpIommuInitSystem returned EAX=0x00000000 (success/other) rsp=0xFFFFF80170E75438 exitCount=127706
[iommuret] hit #1035: HalpIommuInitSystem returned EAX=0x00000000 (success/other) rsp=0xFFFFF80170E75438 exitCount=127707
[iommuret] hit #1036: HalpIommuInitSystem returned EAX=0x00000000 (success/other) rsp=0xFFFFF80170E75438 exitCount=127708
[iommuret] hit #1037: HalpIommuInitSystem returned EAX=0x00000000 (success/other) rsp=0xFFFFF80170E75438 exitCount=127709
[iommuret] hit #1038: HalpIommuInitSystem returned EAX=0x00000000 (success/other) rsp=0xFFFFF80170E75438 exitCount=127710
[iommuret] hit #1039: HalpIommuInitSystem returned EAX=0x00000000 (success/other) rsp=0xFFFFF80170E75438 exitCount=127711
[iommuret] hit #1040: HalpIommuInitSystem returned EAX=0x00000000 (success/other) rsp=0xFFFFF80170E75438 exitCount=127712
[iommuret] hit #1041: HalpIommuInitSystem returned EAX=0x00000000 (success/other) rsp=0xFFFFF80170E75438 exitCount=127713
[iommuret] hit #1042: HalpIommuInitSystem returned EAX=0x00000000 (success/other) rsp=0xFFFFF80170E75438 exitCount=127714
[iommuret] hit #1043: HalpIommuInitSystem returned EAX=0x00000000 (success/other) rsp=0xFFFFF80170E75438 exitCount=127715
[iommuret] hit #1044: HalpIommuInitSystem returned EAX=0x00000000 (success/other) rsp=0xFFFFF80170E75438 exitCount=127716
[iommuret] hit #1045: HalpIommuInitSystem returned EAX=0x00000000 (success/other) rsp=0xFFFFF80170E75438 exitCount=127717
[iommuret] hit #1046: HalpIommuInitSystem returned EAX=0x00000000 (success/other) rsp=0xFFFFF80170E75438 exitCount=127718
[iommuret] hit #1047: HalpIommuInitSystem returned EAX=0x00000000 (success/other) rsp=0xFFFFF80170E75438 exitCount=127719
[iommuret] hit #1048: HalpIommuInitSystem returned EAX=0x00000000 (success/other) rsp=0xFFFFF80170E75438 exitCount=127720
[iommuret] hit #1049: HalpIommuInitSystem returned EAX=0x00000000 (success/other) rsp=0xFFFFF80170E75438 exitCount=127721
[iommuret] hit #1050: HalpIommuInitSystem returned EAX=0x00000000 (success/other) rsp=0xFFFFF80170E75438 exitCount=127722
[iommuret] hit #1051: HalpIommuInitSystem returned EAX=0x00000000 (success/other) rsp=0xFFFFF80170E75438 exitCount=127723
[iommuret] hit #1052: HalpIommuInitSystem returned EAX=0x00000000 (success/other) rsp=0xFFFFF80170E75438 exitCount=127724
[iommuret] hit #1053: HalpIommuInitSystem returned EAX=0x00000000 (success/other) rsp=0xFFFFF80170E75438 exitCount=127725
[iommuret] hit #1054: HalpIommuInitSystem returned EAX=0x00000000 (success/other) rsp=0xFFFFF80170E75438 exitCount=127726
[iommuret] hit #1055: HalpIommuInitSystem returned EAX=0x00000000 (success/other) rsp=0xFFFFF80170E75438 exitCount=127727
[iommuret] hit #1056: HalpIommuInitSystem returned EAX=0x00000000 (success/other) rsp=0xFFFFF80170E75438 exitCount=127728
[iommuret] hit #1057: HalpIommuInitSystem returned EAX=0x00000000 (success/other) rsp=0xFFFFF80170E75438 exitCount=127729
[iommuret] hit #1058: HalpIommuInitSystem returned EAX=0x00000000 (success/other) rsp=0xFFFFF80170E75438 exitCount=127730
[iommuret] hit #1059: HalpIommuInitSystem returned EAX=0x00000000 (success/other) rsp=0xFFFFF80170E75438 exitCount=127731
[iommuret] hit #1060: HalpIommuInitSystem returned EAX=0x00000000 (success/other) rsp=0xFFFFF80170E75438 exitCount=127732
[iommuret] hit #1061: HalpIommuInitSystem returned EAX=0x00000000 (success/other) rsp=0xFFFFF80170E75438 exitCount=127733
[iommuret] hit #1062: HalpIommuInitSystem returned EAX=0x00000000 (success/other) rsp=0xFFFFF80170E75438 exitCount=127734
[iommuret] hit #1063: HalpIommuInitSystem returned EAX=0x00000000 (success/other) rsp=0xFFFFF80170E75438 exitCount=127735
[iommuret] hit #1064: HalpIommuInitSystem returned EAX=0x00000000 (success/other) rsp=0xFFFFF80170E75438 exitCount=127736
[iommuret] hit #1065: HalpIommuInitSystem returned EAX=0x00000000 (success/other) rsp=0xFFFFF80170E75438 exitCount=127737
[iommuret] hit #1066: HalpIommuInitSystem returned EAX=0x00000000 (success/other) rsp=0xFFFFF80170E75438 exitCount=127738
[iommuret] hit #1067: HalpIommuInitSystem returned EAX=0x00000000 (success/other) rsp=0xFFFFF80170E75438 exitCount=127739
[iommuret] hit #1068: HalpIommuInitSystem returned EAX=0x00000000 (success/other) rsp=0xFFFFF80170E75438 exitCount=127740
[iommuret] hit #1069: HalpIommuInitSystem returned EAX=0x00000000 (success/other) rsp=0xFFFFF80170E75438 exitCount=127741
[iommuret] hit #1070: HalpIommuInitSystem returned EAX=0x00000000 (success/other) rsp=0xFFFFF80170E75438 exitCount=127742
[iommuret] hit #1071: HalpIommuInitSystem returned EAX=0x00000000 (success/other) rsp=0xFFFFF80170E75438 exitCount=127743
[iommuret] hit #1072: HalpIommuInitSystem returned EAX=0x00000000 (success/other) rsp=0xFFFFF80170E75438 exitCount=127744
[iommuret] hit #1073: HalpIommuInitSystem returned EAX=0x00000000 (success/other) rsp=0xFFFFF80170E75438 exitCount=127745
[iommuret] hit #1074: HalpIommuInitSystem returned EAX=0x00000000 (success/other) rsp=0xFFFFF80170E75438 exitCount=127746
[iommuret] hit #1075: HalpIommuInitSystem returned EAX=0x00000000 (success/other) rsp=0xFFFFF80170E75438 exitCount=127747
[iommuret] hit #1076: HalpIommuInitSystem returned EAX=0x00000000 (success/other) rsp=0xFFFFF80170E75438 exitCount=127748
[iommuret] hit #1077: HalpIommuInitSystem returned EAX=0x00000000 (success/other) rsp=0xFFFFF80170E75438 exitCount=127749
[iommuret] hit #1078: HalpIommuInitSystem returned EAX=0x00000000 (success/other) rsp=0xFFFFF80170E75438 exitCount=127750
[iommuret] hit #1079: HalpIommuInitSystem returned EAX=0x00000000 (success/other) rsp=0xFFFFF80170E75438 exitCount=127751
[iommuret] hit #1080: HalpIommuInitSystem returned EAX=0x00000000 (success/other) rsp=0xFFFFF80170E75438 exitCount=127752
[iommuret] hit #1081: HalpIommuInitSystem returned EAX=0x00000000 (success/other) rsp=0xFFFFF80170E75438 exitCount=127753
[iommuret] hit #1082: HalpIommuInitSystem returned EAX=0x00000000 (success/other) rsp=0xFFFFF80170E75438 exitCount=127754
[iommuret] hit #1083: HalpIommuInitSystem returned EAX=0x00000000 (success/other) rsp=0xFFFFF80170E75438 exitCount=127755
[iommuret] hit #1084: HalpIommuInitSystem returned EAX=0x00000000 (success/other) rsp=0xFFFFF80170E75438 exitCount=127756
[iommuret] hit #1085: HalpIommuInitSystem returned EAX=0x00000000 (success/other) rsp=0xFFFFF80170E75438 exitCount=127757
[iommuret] hit #1086: HalpIommuInitSystem returned EAX=0x00000000 (success/other) rsp=0xFFFFF80170E75438 exitCount=127758
[iommuret] hit #1087: HalpIommuInitSystem returned EAX=0x00000000 (success/other) rsp=0xFFFFF80170E75438 exitCount=127759
[iommuret] hit #1088: HalpIommuInitSystem returned EAX=0x00000000 (success/other) rsp=0xFFFFF80170E75438 exitCount=127760
[iommuret] hit #1089: HalpIommuInitSystem returned EAX=0x00000000 (success/other) rsp=0xFFFFF80170E75438 exitCount=127761
[iommuret] hit #1090: HalpIommuInitSystem returned EAX=0x00000000 (success/other) rsp=0xFFFFF80170E75438 exitCount=127762
[iommuret] hit #1091: HalpIommuInitSystem returned EAX=0x00000000 (success/other) rsp=0xFFFFF80170E75438 exitCount=127763
[iommuret] hit #1092: HalpIommuInitSystem returned EAX=0x00000000 (success/other) rsp=0xFFFFF80170E75438 exitCount=127764
[iommuret] hit #1093: HalpIommuInitSystem returned EAX=0x00000000 (success/other) rsp=0xFFFFF80170E75438 exitCount=127765
[iommuret] hit #1094: HalpIommuInitSystem returned EAX=0x00000000 (success/other) rsp=0xFFFFF80170E75438 exitCount=127766
[iommuret] hit #1095: HalpIommuInitSystem returned EAX=0x00000000 (success/other) rsp=0xFFFFF80170E75438 exitCount=127767
[iommuret] hit #1096: HalpIommuInitSystem returned EAX=0x00000000 (success/other) rsp=0xFFFFF80170E75438 exitCount=127768
[iommuret] hit #1097: HalpIommuInitSystem returned EAX=0x00000000 (success/other) rsp=0xFFFFF80170E75438 exitCount=127769
[iommuret] hit #1098: HalpIommuInitSystem returned EAX=0x00000000 (success/other) rsp=0xFFFFF80170E75438 exitCount=127770
[iommuret] hit #1099: HalpIommuInitSystem returned EAX=0x00000000 (success/other) rsp=0xFFFFF80170E75438 exitCount=127771
[iommuret] hit #1100: HalpIommuInitSystem returned EAX=0x00000000 (success/other) rsp=0xFFFFF80170E75438 exitCount=127772
[iommuret] hit #1101: HalpIommuInitSystem returned EAX=0x00000000 (success/other) rsp=0xFFFFF80170E75438 exitCount=127773
[iommuret] hit #1102: HalpIommuInitSystem returned EAX=0x00000000 (success/other) rsp=0xFFFFF80170E75438 exitCount=127774
[iommuret] hit #1103: HalpIommuInitSystem returned EAX=0x00000000 (success/other) rsp=0xFFFFF80170E75438 exitCount=127775
[iommuret] hit #1104: HalpIommuInitSystem returned EAX=0x00000000 (success/other) rsp=0xFFFFF80170E75438 exitCount=127776
[iommuret] hit #1105: HalpIommuInitSystem returned EAX=0x00000000 (success/other) rsp=0xFFFFF80170E75438 exitCount=127777
[iommuret] hit #1106: HalpIommuInitSystem returned EAX=0x00000000 (success/other) rsp=0xFFFFF80170E75438 exitCount=127778
[iommuret] hit #1107: HalpIommuInitSystem returned EAX=0x00000000 (success/other) rsp=0xFFFFF80170E75438 exitCount=127779
[iommuret] hit #1108: HalpIommuInitSystem returned EAX=0x00000000 (success/other) rsp=0xFFFFF80170E75438 exitCount=127780
[iommuret] hit #1109: HalpIommuInitSystem returned EAX=0x00000000 (success/other) rsp=0xFFFFF80170E75438 exitCount=127781
[iommuret] hit #1110: HalpIommuInitSystem returned EAX=0x00000000 (success/other) rsp=0xFFFFF80170E75438 exitCount=127782
[iommuret] hit #1111: HalpIommuInitSystem returned EAX=0x00000000 (success/other) rsp=0xFFFFF80170E75438 exitCount=127783
[iommuret] hit #1112: HalpIommuInitSystem returned EAX=0x00000000 (success/other) rsp=0xFFFFF80170E75438 exitCount=127784
[iommuret] hit #1113: HalpIommuInitSystem returned EAX=0x00000000 (success/other) rsp=0xFFFFF80170E75438 exitCount=127785
[iommuret] hit #1114: HalpIommuInitSystem returned EAX=0x00000000 (success/other) rsp=0xFFFFF80170E75438 exitCount=127786
[iommuret] hit #1115: HalpIommuInitSystem returned EAX=0x00000000 (success/other) rsp=0xFFFFF80170E75438 exitCount=127787
[iommuret] hit #1116: HalpIommuInitSystem returned EAX=0x00000000 (success/other) rsp=0xFFFFF80170E75438 exitCount=127788
[iommuret] hit #1117: HalpIommuInitSystem returned EAX=0x00000000 (success/other) rsp=0xFFFFF80170E75438 exitCount=127789
[iommuret] hit #1118: HalpIommuInitSystem returned EAX=0x00000000 (success/other) rsp=0xFFFFF80170E75438 exitCount=127790
[iommuret] hit #1119: HalpIommuInitSystem returned EAX=0x00000000 (success/other) rsp=0xFFFFF80170E75438 exitCount=127791
[iommuret] hit #1120: HalpIommuInitSystem returned EAX=0x00000000 (success/other) rsp=0xFFFFF80170E75438 exitCount=127792
[iommuret] hit #1121: HalpIommuInitSystem returned EAX=0x00000000 (success/other) rsp=0xFFFFF80170E75438 exitCount=127793
[iommuret] hit #1122: HalpIommuInitSystem returned EAX=0x00000000 (success/other) rsp=0xFFFFF80170E75438 exitCount=127794
[iommuret] hit #1123: HalpIommuInitSystem returned EAX=0x00000000 (success/other) rsp=0xFFFFF80170E75438 exitCount=127795
[iommuret] hit #1124: HalpIommuInitSystem returned EAX=0x00000000 (success/other) rsp=0xFFFFF80170E75438 exitCount=127796
[iommuret] hit #1125: HalpIommuInitSystem returned EAX=0x00000000 (success/other) rsp=0xFFFFF80170E75438 exitCount=127797
[iommuret] hit #1126: HalpIommuInitSystem returned EAX=0x00000000 (success/other) rsp=0xFFFFF80170E75438 exitCount=127798
[iommuret] hit #1127: HalpIommuInitSystem returned EAX=0x00000000 (success/other) rsp=0xFFFFF80170E75438 exitCount=127799
[iommuret] hit #1128: HalpIommuInitSystem returned EAX=0x00000000 (success/other) rsp=0xFFFFF80170E75438 exitCount=127800
[iommuret] hit #1129: HalpIommuInitSystem returned EAX=0x00000000 (success/other) rsp=0xFFFFF80170E75438 exitCount=127801
[iommuret] hit #1130: HalpIommuInitSystem returned EAX=0x00000000 (success/other) rsp=0xFFFFF80170E75438 exitCount=127802
[iommuret] hit #1131: HalpIommuInitSystem returned EAX=0x00000000 (success/other) rsp=0xFFFFF80170E75438 exitCount=127803
[iommuret] hit #1132: HalpIommuInitSystem returned EAX=0x00000000 (success/other) rsp=0xFFFFF80170E75438 exitCount=127804
[iommuret] hit #1133: HalpIommuInitSystem returned EAX=0x00000000 (success/other) rsp=0xFFFFF80170E75438 exitCount=127805
[iommuret] hit #1134: HalpIommuInitSystem returned EAX=0x00000000 (success/other) rsp=0xFFFFF80170E75438 exitCount=127806
[iommuret] hit #1135: HalpIommuInitSystem returned EAX=0x00000000 (success/other) rsp=0xFFFFF80170E75438 exitCount=127807
[iommuret] hit #1136: HalpIommuInitSystem returned EAX=0x00000000 (success/other) rsp=0xFFFFF80170E75438 exitCount=127808
[iommuret] hit #1137: HalpIommuInitSystem returned EAX=0x00000000 (success/other) rsp=0xFFFFF80170E75438 exitCount=127809
[iommuret] hit #1138: HalpIommuInitSystem returned EAX=0x00000000 (success/other) rsp=0xFFFFF80170E75438 exitCount=127810
[iommuret] hit #1139: HalpIommuInitSystem returned EAX=0x00000000 (success/other) rsp=0xFFFFF80170E75438 exitCount=127811
[iommuret] hit #1140: HalpIommuInitSystem returned EAX=0x00000000 (success/other) rsp=0xFFFFF80170E75438 exitCount=127812
[iommuret] hit #1141: HalpIommuInitSystem returned EAX=0x00000000 (success/other) rsp=0xFFFFF80170E75438 exitCount=127813
[iommuret] hit #1142: HalpIommuInitSystem returned EAX=0x00000000 (success/other) rsp=0xFFFFF80170E75438 exitCount=127814
[iommuret] hit #1143: HalpIommuInitSystem returned EAX=0x00000000 (success/other) rsp=0xFFFFF80170E75438 exitCount=127815
[iommuret] hit #1144: HalpIommuInitSystem returned EAX=0x00000000 (success/other) rsp=0xFFFFF80170E75438 exitCount=127816
[iommuret] hit #1145: HalpIommuInitSystem returned EAX=0x00000000 (success/other) rsp=0xFFFFF80170E75438 exitCount=127817
[iommuret] hit #1146: HalpIommuInitSystem returned EAX=0x00000000 (success/other) rsp=0xFFFFF80170E75438 exitCount=127818
[iommuret] hit #1147: HalpIommuInitSystem returned EAX=0x00000000 (success/other) rsp=0xFFFFF80170E75438 exitCount=127819
[iommuret] hit #1148: HalpIommuInitSystem returned EAX=0x00000000 (success/other) rsp=0xFFFFF80170E75438 exitCount=127820
[iommuret] hit #1149: HalpIommuInitSystem returned EAX=0x00000000 (success/other) rsp=0xFFFFF80170E75438 exitCount=127821
[iommuret] hit #1150: HalpIommuInitSystem returned EAX=0x00000000 (success/other) rsp=0xFFFFF80170E75438 exitCount=127822
[iommuret] hit #1151: HalpIommuInitSystem returned EAX=0x00000000 (success/other) rsp=0xFFFFF80170E75438 exitCount=127823
[iommuret] hit #1152: HalpIommuInitSystem returned EAX=0x00000000 (success/other) rsp=0xFFFFF80170E75438 exitCount=127824
[iommuret] hit #1153: HalpIommuInitSystem returned EAX=0x00000000 (success/other) rsp=0xFFFFF80170E75438 exitCount=127825
[iommuret] hit #1154: HalpIommuInitSystem returned EAX=0x00000000 (success/other) rsp=0xFFFFF80170E75438 exitCount=127826
[iommuret] hit #1155: HalpIommuInitSystem returned EAX=0x00000000 (success/other) rsp=0xFFFFF80170E75438 exitCount=127827
[iommuret] hit #1156: HalpIommuInitSystem returned EAX=0x00000000 (success/other) rsp=0xFFFFF80170E75438 exitCount=127828
[iommuret] hit #1157: HalpIommuInitSystem returned EAX=0x00000000 (success/other) rsp=0xFFFFF80170E75438 exitCount=127829
[iommuret] hit #1158: HalpIommuInitSystem returned EAX=0x00000000 (success/other) rsp=0xFFFFF80170E75438 exitCount=127830
[iommuret] hit #1159: HalpIommuInitSystem returned EAX=0x00000000 (success/other) rsp=0xFFFFF80170E75438 exitCount=127831
[iommuret] hit #1160: HalpIommuInitSystem returned EAX=0x00000000 (success/other) rsp=0xFFFFF80170E75438 exitCount=127832
[iommuret] hit #1161: HalpIommuInitSystem returned EAX=0x00000000 (success/other) rsp=0xFFFFF80170E75438 exitCount=127833
[iommuret] hit #1162: HalpIommuInitSystem returned EAX=0x00000000 (success/other) rsp=0xFFFFF80170E75438 exitCount=127834
[iommuret] hit #1163: HalpIommuInitSystem returned EAX=0x00000000 (success/other) rsp=0xFFFFF80170E75438 exitCount=127835
[iommuret] hit #1164: HalpIommuInitSystem returned EAX=0x00000000 (success/other) rsp=0xFFFFF80170E75438 exitCount=127836
[iommuret] hit #1165: HalpIommuInitSystem returned EAX=0x00000000 (success/other) rsp=0xFFFFF80170E75438 exitCount=127837
[iommuret] hit #1166: HalpIommuInitSystem returned EAX=0x00000000 (success/other) rsp=0xFFFFF80170E75438 exitCount=127838
[iommuret] hit #1167: HalpIommuInitSystem returned EAX=0x00000000 (success/other) rsp=0xFFFFF80170E75438 exitCount=127839
[iommuret] hit #1168: HalpIommuInitSystem returned EAX=0x00000000 (success/other) rsp=0xFFFFF80170E75438 exitCount=127840
[iommuret] hit #1169: HalpIommuInitSystem returned EAX=0x00000000 (success/other) rsp=0xFFFFF80170E75438 exitCount=127841
[iommuret] hit #1170: HalpIommuInitSystem returned EAX=0x00000000 (success/other) rsp=0xFFFFF80170E75438 exitCount=127842
[iommuret] hit #1171: HalpIommuInitSystem returned EAX=0x00000000 (success/other) rsp=0xFFFFF80170E75438 exitCount=127843
[iommuret] hit #1172: HalpIommuInitSystem returned EAX=0x00000000 (success/other) rsp=0xFFFFF80170E75438 exitCount=127844
[iommuret] hit #1173: HalpIommuInitSystem returned EAX=0x00000000 (success/other) rsp=0xFFFFF80170E75438 exitCount=127845
[iommuret] hit #1174: HalpIommuInitSystem returned EAX=0x00000000 (success/other) rsp=0xFFFFF80170E75438 exitCount=127846
[iommuret] hit #1175: HalpIommuInitSystem returned EAX=0x00000000 (success/other) rsp=0xFFFFF80170E75438 exitCount=127847
[iommuret] hit #1176: HalpIommuInitSystem returned EAX=0x00000000 (success/other) rsp=0xFFFFF80170E75438 exitCount=127848
[iommuret] hit #1177: HalpIommuInitSystem returned EAX=0x00000000 (success/other) rsp=0xFFFFF80170E75438 exitCount=127849
[iommuret] hit #1178: HalpIommuInitSystem returned EAX=0x00000000 (success/other) rsp=0xFFFFF80170E75438 exitCount=127850
[iommuret] hit #1179: HalpIommuInitSystem returned EAX=0x00000000 (success/other) rsp=0xFFFFF80170E75438 exitCount=127851
[iommuret] hit #1180: HalpIommuInitSystem returned EAX=0x00000000 (success/other) rsp=0xFFFFF80170E75438 exitCount=127852
[iommuret] hit #1181: HalpIommuInitSystem returned EAX=0x00000000 (success/other) rsp=0xFFFFF80170E75438 exitCount=127853
[iommuret] hit #1182: HalpIommuInitSystem returned EAX=0x00000000 (success/other) rsp=0xFFFFF80170E75438 exitCount=127854
[iommuret] hit #1183: HalpIommuInitSystem returned EAX=0x00000000 (success/other) rsp=0xFFFFF80170E75438 exitCount=127855
[iommuret] hit #1184: HalpIommuInitSystem returned EAX=0x00000000 (success/other) rsp=0xFFFFF80170E75438 exitCount=127856
[iommuret] hit #1185: HalpIommuInitSystem returned EAX=0x00000000 (success/other) rsp=0xFFFFF80170E75438 exitCount=127857
[iommuret] hit #1186: HalpIommuInitSystem returned EAX=0x00000000 (success/other) rsp=0xFFFFF80170E75438 exitCount=127858
[iommuret] hit #1187: HalpIommuInitSystem returned EAX=0x00000000 (success/other) rsp=0xFFFFF80170E75438 exitCount=127859
[iommuret] hit #1188: HalpIommuInitSystem returned EAX=0x00000000 (success/other) rsp=0xFFFFF80170E75438 exitCount=127860
[iommuret] hit #1189: HalpIommuInitSystem returned EAX=0x00000000 (success/other) rsp=0xFFFFF80170E75438 exitCount=127861
[iommuret] hit #1190: HalpIommuInitSystem returned EAX=0x00000000 (success/other) rsp=0xFFFFF80170E75438 exitCount=127862
[iommuret] hit #1191: HalpIommuInitSystem returned EAX=0x00000000 (success/other) rsp=0xFFFFF80170E75438 exitCount=127863
[iommuret] hit #1192: HalpIommuInitSystem returned EAX=0x00000000 (success/other) rsp=0xFFFFF80170E75438 exitCount=127864
[iommuret] hit #1193: HalpIommuInitSystem returned EAX=0x00000000 (success/other) rsp=0xFFFFF80170E75438 exitCount=127865
[iommuret] hit #1194: HalpIommuInitSystem returned EAX=0x00000000 (success/other) rsp=0xFFFFF80170E75438 exitCount=127866
[iommuret] hit #1195: HalpIommuInitSystem returned EAX=0x00000000 (success/other) rsp=0xFFFFF80170E75438 exitCount=127867
[iommuret] hit #1196: HalpIommuInitSystem returned EAX=0x00000000 (success/other) rsp=0xFFFFF80170E75438 exitCount=127868
[iommuret] hit #1197: HalpIommuInitSystem returned EAX=0x00000000 (success/other) rsp=0xFFFFF80170E75438 exitCount=127869
[iommuret] hit #1198: HalpIommuInitSystem returned EAX=0x00000000 (success/other) rsp=0xFFFFF80170E75438 exitCount=127870
[iommuret] hit #1199: HalpIommuInitSystem returned EAX=0x00000000 (success/other) rsp=0xFFFFF80170E75438 exitCount=127871
[iommuret] hit #1200: HalpIommuInitSystem returned EAX=0x00000000 (success/other) rsp=0xFFFFF80170E75438 exitCount=127872
[iommuret] hit #1201: HalpIommuInitSystem returned EAX=0x00000000 (success/other) rsp=0xFFFFF80170E75438 exitCount=127873
[iommuret] hit #1202: HalpIommuInitSystem returned EAX=0x00000000 (success/other) rsp=0xFFFFF80170E75438 exitCount=127874
[iommuret] hit #1203: HalpIommuInitSystem returned EAX=0x00000000 (success/other) rsp=0xFFFFF80170E75438 exitCount=127875
[iommuret] hit #1204: HalpIommuInitSystem returned EAX=0x00000000 (success/other) rsp=0xFFFFF80170E75438 exitCount=127876
[iommuret] hit #1205: HalpIommuInitSystem returned EAX=0x00000000 (success/other) rsp=0xFFFFF80170E75438 exitCount=127877
[iommuret] hit #1206: HalpIommuInitSystem returned EAX=0x00000000 (success/other) rsp=0xFFFFF80170E75438 exitCount=127878
[iommuret] hit #1207: HalpIommuInitSystem returned EAX=0x00000000 (success/other) rsp=0xFFFFF80170E75438 exitCount=127879
[iommuret] hit #1208: HalpIommuInitSystem returned EAX=0x00000000 (success/other) rsp=0xFFFFF80170E75438 exitCount=127880
[iommuret] hit #1209: HalpIommuInitSystem returned EAX=0x00000000 (success/other) rsp=0xFFFFF80170E75438 exitCount=127881
[iommuret] hit #1210: HalpIommuInitSystem returned EAX=0x00000000 (success/other) rsp=0xFFFFF80170E75438 exitCount=127882
[iommuret] hit #1211: HalpIommuInitSystem returned EAX=0x00000000 (success/other) rsp=0xFFFFF80170E75438 exitCount=127883
[iommuret] hit #1212: HalpIommuInitSystem returned EAX=0x00000000 (success/other) rsp=0xFFFFF80170E75438 exitCount=127884
[iommuret] hit #1213: HalpIommuInitSystem returned EAX=0x00000000 (success/other) rsp=0xFFFFF80170E75438 exitCount=127885
[iommuret] hit #1214: HalpIommuInitSystem returned EAX=0x00000000 (success/other) rsp=0xFFFFF80170E75438 exitCount=127886
[iommuret] hit #1215: HalpIommuInitSystem returned EAX=0x00000000 (success/other) rsp=0xFFFFF80170E75438 exitCount=127887
[iommuret] hit #1216: HalpIommuInitSystem returned EAX=0x00000000 (success/other) rsp=0xFFFFF80170E75438 exitCount=127888
[iommuret] hit #1217: HalpIommuInitSystem returned EAX=0x00000000 (success/other) rsp=0xFFFFF80170E75438 exitCount=127889
[iommuret] hit #1218: HalpIommuInitSystem returned EAX=0x00000000 (success/other) rsp=0xFFFFF80170E75438 exitCount=127890
[iommuret] hit #1219: HalpIommuInitSystem returned EAX=0x00000000 (success/other) rsp=0xFFFFF80170E75438 exitCount=127891
[iommuret] hit #1220: HalpIommuInitSystem returned EAX=0x00000000 (success/other) rsp=0xFFFFF80170E75438 exitCount=127892
[iommuret] hit #1221: HalpIommuInitSystem returned EAX=0x00000000 (success/other) rsp=0xFFFFF80170E75438 exitCount=127893
[iommuret] hit #1222: HalpIommuInitSystem returned EAX=0x00000000 (success/other) rsp=0xFFFFF80170E75438 exitCount=127894
[iommuret] hit #1223: HalpIommuInitSystem returned EAX=0x00000000 (success/other) rsp=0xFFFFF80170E75438 exitCount=127895
[iommuret] hit #1224: HalpIommuInitSystem returned EAX=0x00000000 (success/other) rsp=0xFFFFF80170E75438 exitCount=127896
[iommuret] hit #1225: HalpIommuInitSystem returned EAX=0x00000000 (success/other) rsp=0xFFFFF80170E75438 exitCount=127897
[iommuret] hit #1226: HalpIommuInitSystem returned EAX=0x00000000 (success/other) rsp=0xFFFFF80170E75438 exitCount=127898
[iommuret] hit #1227: HalpIommuInitSystem returned EAX=0x00000000 (success/other) rsp=0xFFFFF80170E75438 exitCount=127899
[iommuret] hit #1228: HalpIommuInitSystem returned EAX=0x00000000 (success/other) rsp=0xFFFFF80170E75438 exitCount=127900
[iommuret] hit #1229: HalpIommuInitSystem returned EAX=0x00000000 (success/other) rsp=0xFFFFF80170E75438 exitCount=127901
[iommuret] hit #1230: HalpIommuInitSystem returned EAX=0x00000000 (success/other) rsp=0xFFFFF80170E75438 exitCount=127902
[iommuret] hit #1231: HalpIommuInitSystem returned EAX=0x00000000 (success/other) rsp=0xFFFFF80170E75438 exitCount=127903
[iommuret] hit #1232: HalpIommuInitSystem returned EAX=0x00000000 (success/other) rsp=0xFFFFF80170E75438 exitCount=127904
[iommuret] hit #1233: HalpIommuInitSystem returned EAX=0x00000000 (success/other) rsp=0xFFFFF80170E75438 exitCount=127905
[iommuret] hit #1234: HalpIommuInitSystem returned EAX=0x00000000 (success/other) rsp=0xFFFFF80170E75438 exitCount=127906
[iommuret] hit #1235: HalpIommuInitSystem returned EAX=0x00000000 (success/other) rsp=0xFFFFF80170E75438 exitCount=127907
[iommuret] hit #1236: HalpIommuInitSystem returned EAX=0x00000000 (success/other) rsp=0xFFFFF80170E75438 exitCount=127908
[iommuret] hit #1237: HalpIommuInitSystem returned EAX=0x00000000 (success/other) rsp=0xFFFFF80170E75438 exitCount=127909
[iommuret] hit #1238: HalpIommuInitSystem returned EAX=0x00000000 (success/other) rsp=0xFFFFF80170E75438 exitCount=127910
[iommuret] hit #1239: HalpIommuInitSystem returned EAX=0x00000000 (success/other) rsp=0xFFFFF80170E75438 exitCount=127911
[iommuret] hit #1240: HalpIommuInitSystem returned EAX=0x00000000 (success/other) rsp=0xFFFFF80170E75438 exitCount=127912
[iommuret] hit #1241: HalpIommuInitSystem returned EAX=0x00000000 (success/other) rsp=0xFFFFF80170E75438 exitCount=127913
[iommuret] hit #1242: HalpIommuInitSystem returned EAX=0x00000000 (success/other) rsp=0xFFFFF80170E75438 exitCount=127914
[iommuret] hit #1243: HalpIommuInitSystem returned EAX=0x00000000 (success/other) rsp=0xFFFFF80170E75438 exitCount=127915
[iommuret] hit #1244: HalpIommuInitSystem returned EAX=0x00000000 (success/other) rsp=0xFFFFF80170E75438 exitCount=127916
[iommuret] hit #1245: HalpIommuInitSystem returned EAX=0x00000000 (success/other) rsp=0xFFFFF80170E75438 exitCount=127917
[iommuret] hit #1246: HalpIommuInitSystem returned EAX=0x00000000 (success/other) rsp=0xFFFFF80170E75438 exitCount=127918
[iommuret] hit #1247: HalpIommuInitSystem returned EAX=0x00000000 (success/other) rsp=0xFFFFF80170E75438 exitCount=127919
[iommuret] hit #1248: HalpIommuInitSystem returned EAX=0x00000000 (success/other) rsp=0xFFFFF80170E75438 exitCount=127920
[iommuret] hit #1249: HalpIommuInitSystem returned EAX=0x00000000 (success/other) rsp=0xFFFFF80170E75438 exitCount=127921
[iommuret] hit #1250: HalpIommuInitSystem returned EAX=0x00000000 (success/other) rsp=0xFFFFF80170E75438 exitCount=127922
[iommuret] hit #1251: HalpIommuInitSystem returned EAX=0x00000000 (success/other) rsp=0xFFFFF80170E75438 exitCount=127923
[iommuret] hit #1252: HalpIommuInitSystem returned EAX=0x00000000 (success/other) rsp=0xFFFFF80170E75438 exitCount=127924
[iommuret] hit #1253: HalpIommuInitSystem returned EAX=0x00000000 (success/other) rsp=0xFFFFF80170E75438 exitCount=127925
[iommuret] hit #1254: HalpIommuInitSystem returned EAX=0x00000000 (success/other) rsp=0xFFFFF80170E75438 exitCount=127926
[iommuret] hit #1255: HalpIommuInitSystem returned EAX=0x00000000 (success/other) rsp=0xFFFFF80170E75438 exitCount=127927
[iommuret] hit #1256: HalpIommuInitSystem returned EAX=0x00000000 (success/other) rsp=0xFFFFF80170E75438 exitCount=127928
[iommuret] hit #1257: HalpIommuInitSystem returned EAX=0x00000000 (success/other) rsp=0xFFFFF80170E75438 exitCount=127929
[iommuret] hit #1258: HalpIommuInitSystem returned EAX=0x00000000 (success/other) rsp=0xFFFFF80170E75438 exitCount=127930
[iommuret] hit #1259: HalpIommuInitSystem returned EAX=0x00000000 (success/other) rsp=0xFFFFF80170E75438 exitCount=127931
[iommuret] hit #1260: HalpIommuInitSystem returned EAX=0x00000000 (success/other) rsp=0xFFFFF80170E75438 exitCount=127932
[iommuret] hit #1261: HalpIommuInitSystem returned EAX=0x00000000 (success/other) rsp=0xFFFFF80170E75438 exitCount=127933
[iommuret] hit #1262: HalpIommuInitSystem returned EAX=0x00000000 (success/other) rsp=0xFFFFF80170E75438 exitCount=127934
[iommuret] hit #1263: HalpIommuInitSystem returned EAX=0x00000000 (success/other) rsp=0xFFFFF80170E75438 exitCount=127935
[iommuret] hit #1264: HalpIommuInitSystem returned EAX=0x00000000 (success/other) rsp=0xFFFFF80170E75438 exitCount=127936
[iommuret] hit #1265: HalpIommuInitSystem returned EAX=0x00000000 (success/other) rsp=0xFFFFF80170E75438 exitCount=127937
[iommuret] hit #1266: HalpIommuInitSystem returned EAX=0x00000000 (success/other) rsp=0xFFFFF80170E75438 exitCount=127938
[iommuret] hit #1267: HalpIommuInitSystem returned EAX=0x00000000 (success/other) rsp=0xFFFFF80170E75438 exitCount=127939
[iommuret] hit #1268: HalpIommuInitSystem returned EAX=0x00000000 (success/other) rsp=0xFFFFF80170E75438 exitCount=127940
[iommuret] hit #1269: HalpIommuInitSystem returned EAX=0x00000000 (success/other) rsp=0xFFFFF80170E75438 exitCount=127941
[iommuret] hit #1270: HalpIommuInitSystem returned EAX=0x00000000 (success/other) rsp=0xFFFFF80170E75438 exitCount=127942
[iommuret] hit #1271: HalpIommuInitSystem returned EAX=0x00000000 (success/other) rsp=0xFFFFF80170E75438 exitCount=127943
[iommuret] hit #1272: HalpIommuInitSystem returned EAX=0x00000000 (success/other) rsp=0xFFFFF80170E75438 exitCount=127944
[iommuret] hit #1273: HalpIommuInitSystem returned EAX=0x00000000 (success/other) rsp=0xFFFFF80170E75438 exitCount=127945
[iommuret] hit #1274: HalpIommuInitSystem returned EAX=0x00000000 (success/other) rsp=0xFFFFF80170E75438 exitCount=127946
[iommuret] hit #1275: HalpIommuInitSystem returned EAX=0x00000000 (success/other) rsp=0xFFFFF80170E75438 exitCount=127947
[iommuret] hit #1276: HalpIommuInitSystem returned EAX=0x00000000 (success/other) rsp=0xFFFFF80170E75438 exitCount=127948
[iommuret] hit #1277: HalpIommuInitSystem returned EAX=0x00000000 (success/other) rsp=0xFFFFF80170E75438 exitCount=127949
[iommuret] hit #1278: HalpIommuInitSystem returned EAX=0x00000000 (success/other) rsp=0xFFFFF80170E75438 exitCount=127950
[iommuret] hit #1279: HalpIommuInitSystem returned EAX=0x00000000 (success/other) rsp=0xFFFFF80170E75438 exitCount=127951
[iommuret] hit #1280: HalpIommuInitSystem returned EAX=0x00000000 (success/other) rsp=0xFFFFF80170E75438 exitCount=127952
[iommuret] hit #1281: HalpIommuInitSystem returned EAX=0x00000000 (success/other) rsp=0xFFFFF80170E75438 exitCount=127953
[iommuret] hit #1282: HalpIommuInitSystem returned EAX=0x00000000 (success/other) rsp=0xFFFFF80170E75438 exitCount=127954
[iommuret] hit #1283: HalpIommuInitSystem returned EAX=0x00000000 (success/other) rsp=0xFFFFF80170E75438 exitCount=127955
[iommuret] hit #1284: HalpIommuInitSystem returned EAX=0x00000000 (success/other) rsp=0xFFFFF80170E75438 exitCount=127956
[iommuret] hit #1285: HalpIommuInitSystem returned EAX=0x00000000 (success/other) rsp=0xFFFFF80170E75438 exitCount=127957
[iommuret] hit #1286: HalpIommuInitSystem returned EAX=0x00000000 (success/other) rsp=0xFFFFF80170E75438 exitCount=127958
[iommuret] hit #1287: HalpIommuInitSystem returned EAX=0x00000000 (success/other) rsp=0xFFFFF80170E75438 exitCount=127959
[iommuret] hit #1288: HalpIommuInitSystem returned EAX=0x00000000 (success/other) rsp=0xFFFFF80170E75438 exitCount=127960
[iommuret] hit #1289: HalpIommuInitSystem returned EAX=0x00000000 (success/other) rsp=0xFFFFF80170E75438 exitCount=127961
[iommuret] hit #1290: HalpIommuInitSystem returned EAX=0x00000000 (success/other) rsp=0xFFFFF80170E75438 exitCount=127962
[iommuret] hit #1291: HalpIommuInitSystem returned EAX=0x00000000 (success/other) rsp=0xFFFFF80170E75438 exitCount=127963
[iommuret] hit #1292: HalpIommuInitSystem returned EAX=0x00000000 (success/other) rsp=0xFFFFF80170E75438 exitCount=127964
[iommuret] hit #1293: HalpIommuInitSystem returned EAX=0x00000000 (success/other) rsp=0xFFFFF80170E75438 exitCount=127965
[iommuret] hit #1294: HalpIommuInitSystem returned EAX=0x00000000 (success/other) rsp=0xFFFFF80170E75438 exitCount=127966
[iommuret] hit #1295: HalpIommuInitSystem returned EAX=0x00000000 (success/other) rsp=0xFFFFF80170E75438 exitCount=127967
[iommuret] hit #1296: HalpIommuInitSystem returned EAX=0x00000000 (success/other) rsp=0xFFFFF80170E75438 exitCount=127968
[iommuret] hit #1297: HalpIommuInitSystem returned EAX=0x00000000 (success/other) rsp=0xFFFFF80170E75438 exitCount=127969
[iommuret] hit #1298: HalpIommuInitSystem returned EAX=0x00000000 (success/other) rsp=0xFFFFF80170E75438 exitCount=127970
[iommuret] hit #1299: HalpIommuInitSystem returned EAX=0x00000000 (success/other) rsp=0xFFFFF80170E75438 exitCount=127971
[iommuret] hit #1300: HalpIommuInitSystem returned EAX=0x00000000 (success/other) rsp=0xFFFFF80170E75438 exitCount=127972
[iommuret] hit #1301: HalpIommuInitSystem returned EAX=0x00000000 (success/other) rsp=0xFFFFF80170E75438 exitCount=127973
[iommuret] hit #1302: HalpIommuInitSystem returned EAX=0x00000000 (success/other) rsp=0xFFFFF80170E75438 exitCount=127974
[iommuret] hit #1303: HalpIommuInitSystem returned EAX=0x00000000 (success/other) rsp=0xFFFFF80170E75438 exitCount=127975
[iommuret] hit #1304: HalpIommuInitSystem returned EAX=0x00000000 (success/other) rsp=0xFFFFF80170E75438 exitCount=127976
[iommuret] hit #1305: HalpIommuInitSystem returned EAX=0x00000000 (success/other) rsp=0xFFFFF80170E75438 exitCount=127977
[iommuret] hit #1306: HalpIommuInitSystem returned EAX=0x00000000 (success/other) rsp=0xFFFFF80170E75438 exitCount=127978
[iommuret] hit #1307: HalpIommuInitSystem returned EAX=0x00000000 (success/other) rsp=0xFFFFF80170E75438 exitCount=127979
[iommuret] hit #1308: HalpIommuInitSystem returned EAX=0x00000000 (success/other) rsp=0xFFFFF80170E75438 exitCount=127980
[iommuret] hit #1309: HalpIommuInitSystem returned EAX=0x00000000 (success/other) rsp=0xFFFFF80170E75438 exitCount=127981
[iommuret] hit #1310: HalpIommuInitSystem returned EAX=0x00000000 (success/other) rsp=0xFFFFF80170E75438 exitCount=127982
[iommuret] hit #1311: HalpIommuInitSystem returned EAX=0x00000000 (success/other) rsp=0xFFFFF80170E75438 exitCount=127983
[iommuret] hit #1312: HalpIommuInitSystem returned EAX=0x00000000 (success/other) rsp=0xFFFFF80170E75438 exitCount=127984
[iommuret] hit #1313: HalpIommuInitSystem returned EAX=0x00000000 (success/other) rsp=0xFFFFF80170E75438 exitCount=127985
[iommuret] hit #1314: HalpIommuInitSystem returned EAX=0x00000000 (success/other) rsp=0xFFFFF80170E75438 exitCount=127986
[iommuret] hit #1315: HalpIommuInitSystem returned EAX=0x00000000 (success/other) rsp=0xFFFFF80170E75438 exitCount=127987
[iommuret] hit #1316: HalpIommuInitSystem returned EAX=0x00000000 (success/other) rsp=0xFFFFF80170E75438 exitCount=127988
[iommuret] hit #1317: HalpIommuInitSystem returned EAX=0x00000000 (success/other) rsp=0xFFFFF80170E75438 exitCount=127989
[iommuret] hit #1318: HalpIommuInitSystem returned EAX=0x00000000 (success/other) rsp=0xFFFFF80170E75438 exitCount=127990
[iommuret] hit #1319: HalpIommuInitSystem returned EAX=0x00000000 (success/other) rsp=0xFFFFF80170E75438 exitCount=127991
[iommuret] hit #1320: HalpIommuInitSystem returned EAX=0x00000000 (success/other) rsp=0xFFFFF80170E75438 exitCount=127992
[iommuret] hit #1321: HalpIommuInitSystem returned EAX=0x00000000 (success/other) rsp=0xFFFFF80170E75438 exitCount=127993
[iommuret] hit #1322: HalpIommuInitSystem returned EAX=0x00000000 (success/other) rsp=0xFFFFF80170E75438 exitCount=127994
[iommuret] hit #1323: HalpIommuInitSystem returned EAX=0x00000000 (success/other) rsp=0xFFFFF80170E75438 exitCount=127995
[iommuret] hit #1324: HalpIommuInitSystem returned EAX=0x00000000 (success/other) rsp=0xFFFFF80170E75438 exitCount=127996
[iommuret] hit #1325: HalpIommuInitSystem returned EAX=0x00000000 (success/other) rsp=0xFFFFF80170E75438 exitCount=127997
[iommuret] hit #1326: HalpIommuInitSystem returned EAX=0x00000000 (success/other) rsp=0xFFFFF80170E75438 exitCount=127998
[iommuret] hit #1327: HalpIommuInitSystem returned EAX=0x00000000 (success/other) rsp=0xFFFFF80170E75438 exitCount=127999
[iommuret] hit #1328: HalpIommuInitSystem returned EAX=0x00000000 (success/other) rsp=0xFFFFF80170E75438 exitCount=128000
[iommuret] hit #1329: HalpIommuInitSystem returned EAX=0x00000000 (success/other) rsp=0xFFFFF80170E75438 exitCount=128001
[iommuret] hit #1330: HalpIommuInitSystem returned EAX=0x00000000 (success/other) rsp=0xFFFFF80170E75438 exitCount=128002
[iommuret] hit #1331: HalpIommuInitSystem returned EAX=0x00000000 (success/other) rsp=0xFFFFF80170E75438 exitCount=128003
[iommuret] hit #1332: HalpIommuInitSystem returned EAX=0x00000000 (success/other) rsp=0xFFFFF80170E75438 exitCount=128004
[iommuret] hit #1333: HalpIommuInitSystem returned EAX=0x00000000 (success/other) rsp=0xFFFFF80170E75438 exitCount=128005
[iommuret] hit #1334: HalpIommuInitSystem returned EAX=0x00000000 (success/other) rsp=0xFFFFF80170E75438 exitCount=128006
[iommuret] hit #1335: HalpIommuInitSystem returned EAX=0x00000000 (success/other) rsp=0xFFFFF80170E75438 exitCount=128007
[iommuret] hit #1336: HalpIommuInitSystem returned EAX=0x00000000 (success/other) rsp=0xFFFFF80170E75438 exitCount=128008
[iommuret] hit #1337: HalpIommuInitSystem returned EAX=0x00000000 (success/other) rsp=0xFFFFF80170E75438 exitCount=128009
[iommuret] hit #1338: HalpIommuInitSystem returned EAX=0x00000000 (success/other) rsp=0xFFFFF80170E75438 exitCount=128010
[iommuret] hit #1339: HalpIommuInitSystem returned EAX=0x00000000 (success/other) rsp=0xFFFFF80170E75438 exitCount=128011
[iommuret] hit #1340: HalpIommuInitSystem returned EAX=0x00000000 (success/other) rsp=0xFFFFF80170E75438 exitCount=128012
[iommuret] hit #1341: HalpIommuInitSystem returned EAX=0x00000000 (success/other) rsp=0xFFFFF80170E75438 exitCount=128013
[iommuret] hit #1342: HalpIommuInitSystem returned EAX=0x00000000 (success/other) rsp=0xFFFFF80170E75438 exitCount=128014
[iommuret] hit #1343: HalpIommuInitSystem returned EAX=0x00000000 (success/other) rsp=0xFFFFF80170E75438 exitCount=128015
[iommuret] hit #1344: HalpIommuInitSystem returned EAX=0x00000000 (success/other) rsp=0xFFFFF80170E75438 exitCount=128016
[iommuret] hit #1345: HalpIommuInitSystem returned EAX=0x00000000 (success/other) rsp=0xFFFFF80170E75438 exitCount=128017
[iommuret] hit #1346: HalpIommuInitSystem returned EAX=0x00000000 (success/other) rsp=0xFFFFF80170E75438 exitCount=128018
[iommuret] hit #1347: HalpIommuInitSystem returned EAX=0x00000000 (success/other) rsp=0xFFFFF80170E75438 exitCount=128019
[iommuret] hit #1348: HalpIommuInitSystem returned EAX=0x00000000 (success/other) rsp=0xFFFFF80170E75438 exitCount=128020
[iommuret] hit #1349: HalpIommuInitSystem returned EAX=0x00000000 (success/other) rsp=0xFFFFF80170E75438 exitCount=128021
[iommuret] hit #1350: HalpIommuInitSystem returned EAX=0x00000000 (success/other) rsp=0xFFFFF80170E75438 exitCount=128022
[iommuret] hit #1351: HalpIommuInitSystem returned EAX=0x00000000 (success/other) rsp=0xFFFFF80170E75438 exitCount=128023
[iommuret] hit #1352: HalpIommuInitSystem returned EAX=0x00000000 (success/other) rsp=0xFFFFF80170E75438 exitCount=128024
[iommuret] hit #1353: HalpIommuInitSystem returned EAX=0x00000000 (success/other) rsp=0xFFFFF80170E75438 exitCount=128025
[iommuret] hit #1354: HalpIommuInitSystem returned EAX=0x00000000 (success/other) rsp=0xFFFFF80170E75438 exitCount=128026
[iommuret] hit #1355: HalpIommuInitSystem returned EAX=0x00000000 (success/other) rsp=0xFFFFF80170E75438 exitCount=128027
[iommuret] hit #1356: HalpIommuInitSystem returned EAX=0x00000000 (success/other) rsp=0xFFFFF80170E75438 exitCount=128028
[iommuret] hit #1357: HalpIommuInitSystem returned EAX=0x00000000 (success/other) rsp=0xFFFFF80170E75438 exitCount=128029
[iommuret] hit #1358: HalpIommuInitSystem returned EAX=0x00000000 (success/other) rsp=0xFFFFF80170E75438 exitCount=128030
[iommuret] hit #1359: HalpIommuInitSystem returned EAX=0x00000000 (success/other) rsp=0xFFFFF80170E75438 exitCount=128031
[iommuret] hit #1360: HalpIommuInitSystem returned EAX=0x00000000 (success/other) rsp=0xFFFFF80170E75438 exitCount=128032
[iommuret] hit #1361: HalpIommuInitSystem returned EAX=0x00000000 (success/other) rsp=0xFFFFF80170E75438 exitCount=128033
[iommuret] hit #1362: HalpIommuInitSystem returned EAX=0x00000000 (success/other) rsp=0xFFFFF80170E75438 exitCount=128034
[iommuret] hit #1363: HalpIommuInitSystem returned EAX=0x00000000 (success/other) rsp=0xFFFFF80170E75438 exitCount=128035
[iommuret] hit #1364: HalpIommuInitSystem returned EAX=0x00000000 (success/other) rsp=0xFFFFF80170E75438 exitCount=128036
[iommuret] hit #1365: HalpIommuInitSystem returned EAX=0x00000000 (success/other) rsp=0xFFFFF80170E75438 exitCount=128037
[iommuret] hit #1366: HalpIommuInitSystem returned EAX=0x00000000 (success/other) rsp=0xFFFFF80170E75438 exitCount=128038
[iommuret] hit #1367: HalpIommuInitSystem returned EAX=0x00000000 (success/other) rsp=0xFFFFF80170E75438 exitCount=128039
[iommuret] hit #1368: HalpIommuInitSystem returned EAX=0x00000000 (success/other) rsp=0xFFFFF80170E75438 exitCount=128040
[iommuret] hit #1369: HalpIommuInitSystem returned EAX=0x00000000 (success/other) rsp=0xFFFFF80170E75438 exitCount=128041
[iommuret] hit #1370: HalpIommuInitSystem returned EAX=0x00000000 (success/other) rsp=0xFFFFF80170E75438 exitCount=128042
[iommuret] hit #1371: HalpIommuInitSystem returned EAX=0x00000000 (success/other) rsp=0xFFFFF80170E75438 exitCount=128043
[iommuret] hit #1372: HalpIommuInitSystem returned EAX=0x00000000 (success/other) rsp=0xFFFFF80170E75438 exitCount=128044
[iommuret] hit #1373: HalpIommuInitSystem returned EAX=0x00000000 (success/other) rsp=0xFFFFF80170E75438 exitCount=128045
[iommuret] hit #1374: HalpIommuInitSystem returned EAX=0x00000000 (success/other) rsp=0xFFFFF80170E75438 exitCount=128046
[iommuret] hit #1375: HalpIommuInitSystem returned EAX=0x00000000 (success/other) rsp=0xFFFFF80170E75438 exitCount=128047
[iommuret] hit #1376: HalpIommuInitSystem returned EAX=0x00000000 (success/other) rsp=0xFFFFF80170E75438 exitCount=128048
[iommuret] hit #1377: HalpIommuInitSystem returned EAX=0x00000000 (success/other) rsp=0xFFFFF80170E75438 exitCount=128049
[iommuret] hit #1378: HalpIommuInitSystem returned EAX=0x00000000 (success/other) rsp=0xFFFFF80170E75438 exitCount=128050
[iommuret] hit #1379: HalpIommuInitSystem returned EAX=0x00000000 (success/other) rsp=0xFFFFF80170E75438 exitCount=128051
[iommuret] hit #1380: HalpIommuInitSystem returned EAX=0x00000000 (success/other) rsp=0xFFFFF80170E75438 exitCount=128052
[iommuret] hit #1381: HalpIommuInitSystem returned EAX=0x00000000 (success/other) rsp=0xFFFFF80170E75438 exitCount=128053
[iommuret] hit #1382: HalpIommuInitSystem returned EAX=0x00000000 (success/other) rsp=0xFFFFF80170E75438 exitCount=128054
[iommuret] hit #1383: HalpIommuInitSystem returned EAX=0x00000000 (success/other) rsp=0xFFFFF80170E75438 exitCount=128055
[iommuret] hit #1384: HalpIommuInitSystem returned EAX=0x00000000 (success/other) rsp=0xFFFFF80170E75438 exitCount=128056
[iommuret] hit #1385: HalpIommuInitSystem returned EAX=0x00000000 (success/other) rsp=0xFFFFF80170E75438 exitCount=128057
[iommuret] hit #1386: HalpIommuInitSystem returned EAX=0x00000000 (success/other) rsp=0xFFFFF80170E75438 exitCount=128058
[iommuret] hit #1387: HalpIommuInitSystem returned EAX=0x00000000 (success/other) rsp=0xFFFFF80170E75438 exitCount=128059
[iommuret] hit #1388: HalpIommuInitSystem returned EAX=0x00000000 (success/other) rsp=0xFFFFF80170E75438 exitCount=128060
[iommuret] hit #1389: HalpIommuInitSystem returned EAX=0x00000000 (success/other) rsp=0xFFFFF80170E75438 exitCount=128061
[iommuret] hit #1390: HalpIommuInitSystem returned EAX=0x00000000 (success/other) rsp=0xFFFFF80170E75438 exitCount=128062
[iommuret] hit #1391: HalpIommuInitSystem returned EAX=0x00000000 (success/other) rsp=0xFFFFF80170E75438 exitCount=128063
[iommuret] hit #1392: HalpIommuInitSystem returned EAX=0x00000000 (success/other) rsp=0xFFFFF80170E75438 exitCount=128064
[iommuret] hit #1393: HalpIommuInitSystem returned EAX=0x00000000 (success/other) rsp=0xFFFFF80170E75438 exitCount=128065
[iommuret] hit #1394: HalpIommuInitSystem returned EAX=0x00000000 (success/other) rsp=0xFFFFF80170E75438 exitCount=128066
[iommuret] hit #1395: HalpIommuInitSystem returned EAX=0x00000000 (success/other) rsp=0xFFFFF80170E75438 exitCount=128067
[iommuret] hit #1396: HalpIommuInitSystem returned EAX=0x00000000 (success/other) rsp=0xFFFFF80170E75438 exitCount=128068
[iommuret] hit #1397: HalpIommuInitSystem returned EAX=0x00000000 (success/other) rsp=0xFFFFF80170E75438 exitCount=128069
[iommuret] hit #1398: HalpIommuInitSystem returned EAX=0x00000000 (success/other) rsp=0xFFFFF80170E75438 exitCount=128070
[iommuret] hit #1399: HalpIommuInitSystem returned EAX=0x00000000 (success/other) rsp=0xFFFFF80170E75438 exitCount=128071
[iommuret] hit #1400: HalpIommuInitSystem returned EAX=0x00000000 (success/other) rsp=0xFFFFF80170E75438 exitCount=128072
[iommuret] hit #1401: HalpIommuInitSystem returned EAX=0x00000000 (success/other) rsp=0xFFFFF80170E75438 exitCount=128073
[iommuret] hit #1402: HalpIommuInitSystem returned EAX=0x00000000 (success/other) rsp=0xFFFFF80170E75438 exitCount=128074
[iommuret] hit #1403: HalpIommuInitSystem returned EAX=0x00000000 (success/other) rsp=0xFFFFF80170E75438 exitCount=128075
[iommuret] hit #1404: HalpIommuInitSystem returned EAX=0x00000000 (success/other) rsp=0xFFFFF80170E75438 exitCount=128076
[iommuret] hit #1405: HalpIommuInitSystem returned EAX=0x00000000 (success/other) rsp=0xFFFFF80170E75438 exitCount=128077
[iommuret] hit #1406: HalpIommuInitSystem returned EAX=0x00000000 (success/other) rsp=0xFFFFF80170E75438 exitCount=128078
[iommuret] hit #1407: HalpIommuInitSystem returned EAX=0x00000000 (success/other) rsp=0xFFFFF80170E75438 exitCount=128079
[iommuret] hit #1408: HalpIommuInitSystem returned EAX=0x00000000 (success/other) rsp=0xFFFFF80170E75438 exitCount=128080
[iommuret] hit #1409: HalpIommuInitSystem returned EAX=0x00000000 (success/other) rsp=0xFFFFF80170E75438 exitCount=128081
[iommuret] hit #1410: HalpIommuInitSystem returned EAX=0x00000000 (success/other) rsp=0xFFFFF80170E75438 exitCount=128082
[iommuret] hit #1411: HalpIommuInitSystem returned EAX=0x00000000 (success/other) rsp=0xFFFFF80170E75438 exitCount=128083
[iommuret] hit #1412: HalpIommuInitSystem returned EAX=0x00000000 (success/other) rsp=0xFFFFF80170E75438 exitCount=128084
[iommuret] hit #1413: HalpIommuInitSystem returned EAX=0x00000000 (success/other) rsp=0xFFFFF80170E75438 exitCount=128085
[iommuret] hit #1414: HalpIommuInitSystem returned EAX=0x00000000 (success/other) rsp=0xFFFFF80170E75438 exitCount=128086
[iommuret] hit #1415: HalpIommuInitSystem returned EAX=0x00000000 (success/other) rsp=0xFFFFF80170E75438 exitCount=128087
[iommuret] hit #1416: HalpIommuInitSystem returned EAX=0x00000000 (success/other) rsp=0xFFFFF80170E75438 exitCount=128088
[iommuret] hit #1417: HalpIommuInitSystem returned EAX=0x00000000 (success/other) rsp=0xFFFFF80170E75438 exitCount=128089
[iommuret] hit #1418: HalpIommuInitSystem returned EAX=0x00000000 (success/other) rsp=0xFFFFF80170E75438 exitCount=128090
[iommuret] hit #1419: HalpIommuInitSystem returned EAX=0x00000000 (success/other) rsp=0xFFFFF80170E75438 exitCount=128091
[iommuret] hit #1420: HalpIommuInitSystem returned EAX=0x00000000 (success/other) rsp=0xFFFFF80170E75438 exitCount=128092
[iommuret] hit #1421: HalpIommuInitSystem returned EAX=0x00000000 (success/other) rsp=0xFFFFF80170E75438 exitCount=128093
[iommuret] hit #1422: HalpIommuInitSystem returned EAX=0x00000000 (success/other) rsp=0xFFFFF80170E75438 exitCount=128094
[iommuret] hit #1423: HalpIommuInitSystem returned EAX=0x00000000 (success/other) rsp=0xFFFFF80170E75438 exitCount=128095
[iommuret] hit #1424: HalpIommuInitSystem returned EAX=0x00000000 (success/other) rsp=0xFFFFF80170E75438 exitCount=128096
[iommuret] hit #1425: HalpIommuInitSystem returned EAX=0x00000000 (success/other) rsp=0xFFFFF80170E75438 exitCount=128097
[iommuret] hit #1426: HalpIommuInitSystem returned EAX=0x00000000 (success/other) rsp=0xFFFFF80170E75438 exitCount=128098
[iommuret] hit #1427: HalpIommuInitSystem returned EAX=0x00000000 (success/other) rsp=0xFFFFF80170E75438 exitCount=128099
[iommuret] hit #1428: HalpIommuInitSystem returned EAX=0x00000000 (success/other) rsp=0xFFFFF80170E75438 exitCount=128100
[iommuret] hit #1429: HalpIommuInitSystem returned EAX=0x00000000 (success/other) rsp=0xFFFFF80170E75438 exitCount=128101
[iommuret] hit #1430: HalpIommuInitSystem returned EAX=0x00000000 (success/other) rsp=0xFFFFF80170E75438 exitCount=128102
[iommuret] hit #1431: HalpIommuInitSystem returned EAX=0x00000000 (success/other) rsp=0xFFFFF80170E75438 exitCount=128103
[iommuret] hit #1432: HalpIommuInitSystem returned EAX=0x00000000 (success/other) rsp=0xFFFFF80170E75438 exitCount=128104
[iommuret] hit #1433: HalpIommuInitSystem returned EAX=0x00000000 (success/other) rsp=0xFFFFF80170E75438 exitCount=128105
[iommuret] hit #1434: HalpIommuInitSystem returned EAX=0x00000000 (success/other) rsp=0xFFFFF80170E75438 exitCount=128106
[iommuret] hit #1435: HalpIommuInitSystem returned EAX=0x00000000 (success/other) rsp=0xFFFFF80170E75438 exitCount=128107
[iommuret] hit #1436: HalpIommuInitSystem returned EAX=0x00000000 (success/other) rsp=0xFFFFF80170E75438 exitCount=128108
[iommuret] hit #1437: HalpIommuInitSystem returned EAX=0x00000000 (success/other) rsp=0xFFFFF80170E75438 exitCount=128109
[iommuret] hit #1438: HalpIommuInitSystem returned EAX=0x00000000 (success/other) rsp=0xFFFFF80170E75438 exitCount=128110
[iommuret] hit #1439: HalpIommuInitSystem returned EAX=0x00000000 (success/other) rsp=0xFFFFF80170E75438 exitCount=128111
[iommuret] hit #1440: HalpIommuInitSystem returned EAX=0x00000000 (success/other) rsp=0xFFFFF80170E75438 exitCount=128112
[iommuret] hit #1441: HalpIommuInitSystem returned EAX=0x00000000 (success/other) rsp=0xFFFFF80170E75438 exitCount=128113
[iommuret] hit #1442: HalpIommuInitSystem returned EAX=0x00000000 (success/other) rsp=0xFFFFF80170E75438 exitCount=128114
[iommuret] hit #1443: HalpIommuInitSystem returned EAX=0x00000000 (success/other) rsp=0xFFFFF80170E75438 exitCount=128115
[iommuret] hit #1444: HalpIommuInitSystem returned EAX=0x00000000 (success/other) rsp=0xFFFFF80170E75438 exitCount=128116
[iommuret] hit #1445: HalpIommuInitSystem returned EAX=0x00000000 (success/other) rsp=0xFFFFF80170E75438 exitCount=128117
[iommuret] hit #1446: HalpIommuInitSystem returned EAX=0x00000000 (success/other) rsp=0xFFFFF80170E75438 exitCount=128118
[iommuret] hit #1447: HalpIommuInitSystem returned EAX=0x00000000 (success/other) rsp=0xFFFFF80170E75438 exitCount=128119
[iommuret] hit #1448: HalpIommuInitSystem returned EAX=0x00000000 (success/other) rsp=0xFFFFF80170E75438 exitCount=128120
[iommuret] hit #1449: HalpIommuInitSystem returned EAX=0x00000000 (success/other) rsp=0xFFFFF80170E75438 exitCount=128121
[iommuret] hit #1450: HalpIommuInitSystem returned EAX=0x00000000 (success/other) rsp=0xFFFFF80170E75438 exitCount=128122
[iommuret] hit #1451: HalpIommuInitSystem returned EAX=0x00000000 (success/other) rsp=0xFFFFF80170E75438 exitCount=128123
[iommuret] hit #1452: HalpIommuInitSystem returned EAX=0x00000000 (success/other) rsp=0xFFFFF80170E75438 exitCount=128124
[iommuret] hit #1453: HalpIommuInitSystem returned EAX=0x00000000 (success/other) rsp=0xFFFFF80170E75438 exitCount=128125
[iommuret] hit #1454: HalpIommuInitSystem returned EAX=0x00000000 (success/other) rsp=0xFFFFF80170E75438 exitCount=128126
[iommuret] hit #1455: HalpIommuInitSystem returned EAX=0x00000000 (success/other) rsp=0xFFFFF80170E75438 exitCount=128127
[iommuret] hit #1456: HalpIommuInitSystem returned EAX=0x00000000 (success/other) rsp=0xFFFFF80170E75438 exitCount=128128
[iommuret] hit #1457: HalpIommuInitSystem returned EAX=0x00000000 (success/other) rsp=0xFFFFF80170E75438 exitCount=128129
[iommuret] hit #1458: HalpIommuInitSystem returned EAX=0x00000000 (success/other) rsp=0xFFFFF80170E75438 exitCount=128130
[iommuret] hit #1459: HalpIommuInitSystem returned EAX=0x00000000 (success/other) rsp=0xFFFFF80170E75438 exitCount=128131
[iommuret] hit #1460: HalpIommuInitSystem returned EAX=0x00000000 (success/other) rsp=0xFFFFF80170E75438 exitCount=128132
[iommuret] hit #1461: HalpIommuInitSystem returned EAX=0x00000000 (success/other) rsp=0xFFFFF80170E75438 exitCount=128133
[iommuret] hit #1462: HalpIommuInitSystem returned EAX=0x00000000 (success/other) rsp=0xFFFFF80170E75438 exitCount=128134
[iommuret] hit #1463: HalpIommuInitSystem returned EAX=0x00000000 (success/other) rsp=0xFFFFF80170E75438 exitCount=128135
[iommuret] hit #1464: HalpIommuInitSystem returned EAX=0x00000000 (success/other) rsp=0xFFFFF80170E75438 exitCount=128136
[iommuret] hit #1465: HalpIommuInitSystem returned EAX=0x00000000 (success/other) rsp=0xFFFFF80170E75438 exitCount=128137
[iommuret] hit #1466: HalpIommuInitSystem returned EAX=0x00000000 (success/other) rsp=0xFFFFF80170E75438 exitCount=128138
[iommuret] hit #1467: HalpIommuInitSystem returned EAX=0x00000000 (success/other) rsp=0xFFFFF80170E75438 exitCount=128139
[iommuret] hit #1468: HalpIommuInitSystem returned EAX=0x00000000 (success/other) rsp=0xFFFFF80170E75438 exitCount=128140
[iommuret] hit #1469: HalpIommuInitSystem returned EAX=0x00000000 (success/other) rsp=0xFFFFF80170E75438 exitCount=128141
[iommuret] hit #1470: HalpIommuInitSystem returned EAX=0x00000000 (success/other) rsp=0xFFFFF80170E75438 exitCount=128142
[iommuret] hit #1471: HalpIommuInitSystem returned EAX=0x00000000 (success/other) rsp=0xFFFFF80170E75438 exitCount=128143
[iommuret] hit #1472: HalpIommuInitSystem returned EAX=0x00000000 (success/other) rsp=0xFFFFF80170E75438 exitCount=128144
[iommuret] hit #1473: HalpIommuInitSystem returned EAX=0x00000000 (success/other) rsp=0xFFFFF80170E75438 exitCount=128145
[iommuret] hit #1474: HalpIommuInitSystem returned EAX=0x00000000 (success/other) rsp=0xFFFFF80170E75438 exitCount=128146
[iommuret] hit #1475: HalpIommuInitSystem returned EAX=0x00000000 (success/other) rsp=0xFFFFF80170E75438 exitCount=128147
[iommuret] hit #1476: HalpIommuInitSystem returned EAX=0x00000000 (success/other) rsp=0xFFFFF80170E75438 exitCount=128148
[iommuret] hit #1477: HalpIommuInitSystem returned EAX=0x00000000 (success/other) rsp=0xFFFFF80170E75438 exitCount=128149
[iommuret] hit #1478: HalpIommuInitSystem returned EAX=0x00000000 (success/other) rsp=0xFFFFF80170E75438 exitCount=128150
[iommuret] hit #1479: HalpIommuInitSystem returned EAX=0x00000000 (success/other) rsp=0xFFFFF80170E75438 exitCount=128151
[iommuret] hit #1480: HalpIommuInitSystem returned EAX=0x00000000 (success/other) rsp=0xFFFFF80170E75438 exitCount=128152
[iommuret] hit #1481: HalpIommuInitSystem returned EAX=0x00000000 (success/other) rsp=0xFFFFF80170E75438 exitCount=128153
[iommuret] hit #1482: HalpIommuInitSystem returned EAX=0x00000000 (success/other) rsp=0xFFFFF80170E75438 exitCount=128154
[iommuret] hit #1483: HalpIommuInitSystem returned EAX=0x00000000 (success/other) rsp=0xFFFFF80170E75438 exitCount=128155
[iommuret] hit #1484: HalpIommuInitSystem returned EAX=0x00000000 (success/other) rsp=0xFFFFF80170E75438 exitCount=128156
[iommuret] hit #1485: HalpIommuInitSystem returned EAX=0x00000000 (success/other) rsp=0xFFFFF80170E75438 exitCount=128157
[iommuret] hit #1486: HalpIommuInitSystem returned EAX=0x00000000 (success/other) rsp=0xFFFFF80170E75438 exitCount=128158
[iommuret] hit #1487: HalpIommuInitSystem returned EAX=0x00000000 (success/other) rsp=0xFFFFF80170E75438 exitCount=128159
[iommuret] hit #1488: HalpIommuInitSystem returned EAX=0x00000000 (success/other) rsp=0xFFFFF80170E75438 exitCount=128160
[iommuret] hit #1489: HalpIommuInitSystem returned EAX=0x00000000 (success/other) rsp=0xFFFFF80170E75438 exitCount=128161
[iommuret] hit #1490: HalpIommuInitSystem returned EAX=0x00000000 (success/other) rsp=0xFFFFF80170E75438 exitCount=128162
[iommuret] hit #1491: HalpIommuInitSystem returned EAX=0x00000000 (success/other) rsp=0xFFFFF80170E75438 exitCount=128163
[iommuret] hit #1492: HalpIommuInitSystem returned EAX=0x00000000 (success/other) rsp=0xFFFFF80170E75438 exitCount=128164
[iommuret] hit #1493: HalpIommuInitSystem returned EAX=0x00000000 (success/other) rsp=0xFFFFF80170E75438 exitCount=128165
[iommuret] hit #1494: HalpIommuInitSystem returned EAX=0x00000000 (success/other) rsp=0xFFFFF80170E75438 exitCount=128166
[iommuret] hit #1495: HalpIommuInitSystem returned EAX=0x00000000 (success/other) rsp=0xFFFFF80170E75438 exitCount=128167
[iommuret] hit #1496: HalpIommuInitSystem returned EAX=0x00000000 (success/other) rsp=0xFFFFF80170E75438 exitCount=128168
[iommuret] hit #1497: HalpIommuInitSystem returned EAX=0x00000000 (success/other) rsp=0xFFFFF80170E75438 exitCount=128169
[iommuret] hit #1498: HalpIommuInitSystem returned EAX=0x00000000 (success/other) rsp=0xFFFFF80170E75438 exitCount=128170
[iommuret] hit #1499: HalpIommuInitSystem returned EAX=0x00000000 (success/other) rsp=0xFFFFF80170E75438 exitCount=128171
[iommuret] hit #1500: HalpIommuInitSystem returned EAX=0x00000000 (success/other) rsp=0xFFFFF80170E75438 exitCount=128172
[iommuret] hit #1501: HalpIommuInitSystem returned EAX=0x00000000 (success/other) rsp=0xFFFFF80170E75438 exitCount=128173
[iommuret] hit #1502: HalpIommuInitSystem returned EAX=0x00000000 (success/other) rsp=0xFFFFF80170E75438 exitCount=128174
[iommuret] hit #1503: HalpIommuInitSystem returned EAX=0x00000000 (success/other) rsp=0xFFFFF80170E75438 exitCount=128175
[iommuret] hit #1504: HalpIommuInitSystem returned EAX=0x00000000 (success/other) rsp=0xFFFFF80170E75438 exitCount=128176
[iommuret] hit #1505: HalpIommuInitSystem returned EAX=0x00000000 (success/other) rsp=0xFFFFF80170E75438 exitCount=128177
[iommuret] hit #1506: HalpIommuInitSystem returned EAX=0x00000000 (success/other) rsp=0xFFFFF80170E75438 exitCount=128178
[iommuret] hit #1507: HalpIommuInitSystem returned EAX=0x00000000 (success/other) rsp=0xFFFFF80170E75438 exitCount=128179
[iommuret] hit #1508: HalpIommuInitSystem returned EAX=0x00000000 (success/other) rsp=0xFFFFF80170E75438 exitCount=128180
[iommuret] hit #1509: HalpIommuInitSystem returned EAX=0x00000000 (success/other) rsp=0xFFFFF80170E75438 exitCount=128181
[iommuret] hit #1510: HalpIommuInitSystem returned EAX=0x00000000 (success/other) rsp=0xFFFFF80170E75438 exitCount=128182
[iommuret] hit #1511: HalpIommuInitSystem returned EAX=0x00000000 (success/other) rsp=0xFFFFF80170E75438 exitCount=128183
[iommuret] hit #1512: HalpIommuInitSystem returned EAX=0x00000000 (success/other) rsp=0xFFFFF80170E75438 exitCount=128184
[iommuret] hit #1513: HalpIommuInitSystem returned EAX=0x00000000 (success/other) rsp=0xFFFFF80170E75438 exitCount=128185
[iommuret] hit #1514: HalpIommuInitSystem returned EAX=0x00000000 (success/other) rsp=0xFFFFF80170E75438 exitCount=128186
[iommuret] hit #1515: HalpIommuInitSystem returned EAX=0x00000000 (success/other) rsp=0xFFFFF80170E75438 exitCount=128187
[iommuret] hit #1516: HalpIommuInitSystem returned EAX=0x00000000 (success/other) rsp=0xFFFFF80170E75438 exitCount=128188
[iommuret] hit #1517: HalpIommuInitSystem returned EAX=0x00000000 (success/other) rsp=0xFFFFF80170E75438 exitCount=128189
[iommuret] hit #1518: HalpIommuInitSystem returned EAX=0x00000000 (success/other) rsp=0xFFFFF80170E75438 exitCount=128190
[iommuret] hit #1519: HalpIommuInitSystem returned EAX=0x00000000 (success/other) rsp=0xFFFFF80170E75438 exitCount=128191
[iommuret] hit #1520: HalpIommuInitSystem returned EAX=0x00000000 (success/other) rsp=0xFFFFF80170E75438 exitCount=128192
[iommuret] hit #1521: HalpIommuInitSystem returned EAX=0x00000000 (success/other) rsp=0xFFFFF80170E75438 exitCount=128193
[iommuret] hit #1522: HalpIommuInitSystem returned EAX=0x00000000 (success/other) rsp=0xFFFFF80170E75438 exitCount=128194
[iommuret] hit #1523: HalpIommuInitSystem returned EAX=0x00000000 (success/other) rsp=0xFFFFF80170E75438 exitCount=128195
[iommuret] hit #1524: HalpIommuInitSystem returned EAX=0x00000000 (success/other) rsp=0xFFFFF80170E75438 exitCount=128196
[iommuret] hit #1525: HalpIommuInitSystem returned EAX=0x00000000 (success/other) rsp=0xFFFFF80170E75438 exitCount=128197
[iommuret] hit #1526: HalpIommuInitSystem returned EAX=0x00000000 (success/other) rsp=0xFFFFF80170E75438 exitCount=128198
[iommuret] hit #1527: HalpIommuInitSystem returned EAX=0x00000000 (success/other) rsp=0xFFFFF80170E75438 exitCount=128199
[iommuret] hit #1528: HalpIommuInitSystem returned EAX=0x00000000 (success/other) rsp=0xFFFFF80170E75438 exitCount=128200
[iommuret] hit #1529: HalpIommuInitSystem returned EAX=0x00000000 (success/other) rsp=0xFFFFF80170E75438 exitCount=128201
[iommuret] hit #1530: HalpIommuInitSystem returned EAX=0x00000000 (success/other) rsp=0xFFFFF80170E75438 exitCount=128202
[iommuret] hit #1531: HalpIommuInitSystem returned EAX=0x00000000 (success/other) rsp=0xFFFFF80170E75438 exitCount=128203
[iommuret] hit #1532: HalpIommuInitSystem returned EAX=0x00000000 (success/other) rsp=0xFFFFF80170E75438 exitCount=128204
[iommuret] hit #1533: HalpIommuInitSystem returned EAX=0x00000000 (success/other) rsp=0xFFFFF80170E75438 exitCount=128205
[iommuret] hit #1534: HalpIommuInitSystem returned EAX=0x00000000 (success/other) rsp=0xFFFFF80170E75438 exitCount=128206
[iommuret] hit #1535: HalpIommuInitSystem returned EAX=0x00000000 (success/other) rsp=0xFFFFF80170E75438 exitCount=128207
[iommuret] hit #1536: HalpIommuInitSystem returned EAX=0x00000000 (success/other) rsp=0xFFFFF80170E75438 exitCount=128208
[iommuret] hit #1537: HalpIommuInitSystem returned EAX=0x00000000 (success/other) rsp=0xFFFFF80170E75438 exitCount=128209
[iommuret] hit #1538: HalpIommuInitSystem returned EAX=0x00000000 (success/other) rsp=0xFFFFF80170E75438 exitCount=128210
[iommuret] hit #1539: HalpIommuInitSystem returned EAX=0x00000000 (success/other) rsp=0xFFFFF80170E75438 exitCount=128211
[iommuret] hit #1540: HalpIommuInitSystem returned EAX=0x00000000 (success/other) rsp=0xFFFFF80170E75438 exitCount=128212
[iommuret] hit #1541: HalpIommuInitSystem returned EAX=0x00000000 (success/other) rsp=0xFFFFF80170E75438 exitCount=128213
[iommuret] hit #1542: HalpIommuInitSystem returned EAX=0x00000000 (success/other) rsp=0xFFFFF80170E75438 exitCount=128214
[iommuret] hit #1543: HalpIommuInitSystem returned EAX=0x00000000 (success/other) rsp=0xFFFFF80170E75438 exitCount=128215
[iommuret] hit #1544: HalpIommuInitSystem returned EAX=0x00000000 (success/other) rsp=0xFFFFF80170E75438 exitCount=128216
[iommuret] hit #1545: HalpIommuInitSystem returned EAX=0x00000000 (success/other) rsp=0xFFFFF80170E75438 exitCount=128217
[iommuret] hit #1546: HalpIommuInitSystem returned EAX=0x00000000 (success/other) rsp=0xFFFFF80170E75438 exitCount=128218
[iommuret] hit #1547: HalpIommuInitSystem returned EAX=0x00000000 (success/other) rsp=0xFFFFF80170E75438 exitCount=128219
[iommuret] hit #1548: HalpIommuInitSystem returned EAX=0x00000000 (success/other) rsp=0xFFFFF80170E75438 exitCount=128220
[iommuret] hit #1549: HalpIommuInitSystem returned EAX=0x00000000 (success/other) rsp=0xFFFFF80170E75438 exitCount=128221
[iommuret] hit #1550: HalpIommuInitSystem returned EAX=0x00000000 (success/other) rsp=0xFFFFF80170E75438 exitCount=128222
[iommuret] hit #1551: HalpIommuInitSystem returned EAX=0x00000000 (success/other) rsp=0xFFFFF80170E75438 exitCount=128223
[iommuret] hit #1552: HalpIommuInitSystem returned EAX=0x00000000 (success/other) rsp=0xFFFFF80170E75438 exitCount=128224
[iommuret] hit #1553: HalpIommuInitSystem returned EAX=0x00000000 (success/other) rsp=0xFFFFF80170E75438 exitCount=128225
[iommuret] hit #1554: HalpIommuInitSystem returned EAX=0x00000000 (success/other) rsp=0xFFFFF80170E75438 exitCount=128226
[iommuret] hit #1555: HalpIommuInitSystem returned EAX=0x00000000 (success/other) rsp=0xFFFFF80170E75438 exitCount=128227
[iommuret] hit #1556: HalpIommuInitSystem returned EAX=0x00000000 (success/other) rsp=0xFFFFF80170E75438 exitCount=128228
[iommuret] hit #1557: HalpIommuInitSystem returned EAX=0x00000000 (success/other) rsp=0xFFFFF80170E75438 exitCount=128229
[iommuret] hit #1558: HalpIommuInitSystem returned EAX=0x00000000 (success/other) rsp=0xFFFFF80170E75438 exitCount=128230
[iommuret] hit #1559: HalpIommuInitSystem returned EAX=0x00000000 (success/other) rsp=0xFFFFF80170E75438 exitCount=128231
[iommuret] hit #1560: HalpIommuInitSystem returned EAX=0x00000000 (success/other) rsp=0xFFFFF80170E75438 exitCount=128232
[iommuret] hit #1561: HalpIommuInitSystem returned EAX=0x00000000 (success/other) rsp=0xFFFFF80170E75438 exitCount=128233
[iommuret] hit #1562: HalpIommuInitSystem returned EAX=0x00000000 (success/other) rsp=0xFFFFF80170E75438 exitCount=128234
[iommuret] hit #1563: HalpIommuInitSystem returned EAX=0x00000000 (success/other) rsp=0xFFFFF80170E75438 exitCount=128235
[iommuret] hit #1564: HalpIommuInitSystem returned EAX=0x00000000 (success/other) rsp=0xFFFFF80170E75438 exitCount=128236
[iommuret] hit #1565: HalpIommuInitSystem returned EAX=0x00000000 (success/other) rsp=0xFFFFF80170E75438 exitCount=128237
[iommuret] hit #1566: HalpIommuInitSystem returned EAX=0x00000000 (success/other) rsp=0xFFFFF80170E75438 exitCount=128238
[iommuret] hit #1567: HalpIommuInitSystem returned EAX=0x00000000 (success/other) rsp=0xFFFFF80170E75438 exitCount=128239
[iommuret] hit #1568: HalpIommuInitSystem returned EAX=0x00000000 (success/other) rsp=0xFFFFF80170E75438 exitCount=128240
[iommuret] hit #1569: HalpIommuInitSystem returned EAX=0x00000000 (success/other) rsp=0xFFFFF80170E75438 exitCount=128241
[iommuret] hit #1570: HalpIommuInitSystem returned EAX=0x00000000 (success/other) rsp=0xFFFFF80170E75438 exitCount=128242
[iommuret] hit #1571: HalpIommuInitSystem returned EAX=0x00000000 (success/other) rsp=0xFFFFF80170E75438 exitCount=128243
[iommuret] hit #1572: HalpIommuInitSystem returned EAX=0x00000000 (success/other) rsp=0xFFFFF80170E75438 exitCount=128244
[iommuret] hit #1573: HalpIommuInitSystem returned EAX=0x00000000 (success/other) rsp=0xFFFFF80170E75438 exitCount=128245
[iommuret] hit #1574: HalpIommuInitSystem returned EAX=0x00000000 (success/other) rsp=0xFFFFF80170E75438 exitCount=128246
[iommuret] hit #1575: HalpIommuInitSystem returned EAX=0x00000000 (success/other) rsp=0xFFFFF80170E75438 exitCount=128247
[iommuret] hit #1576: HalpIommuInitSystem returned EAX=0x00000000 (success/other) rsp=0xFFFFF80170E75438 exitCount=128248
[iommuret] hit #1577: HalpIommuInitSystem returned EAX=0x00000000 (success/other) rsp=0xFFFFF80170E75438 exitCount=128249
[iommuret] hit #1578: HalpIommuInitSystem returned EAX=0x00000000 (success/other) rsp=0xFFFFF80170E75438 exitCount=128250
[iommuret] hit #1579: HalpIommuInitSystem returned EAX=0x00000000 (success/other) rsp=0xFFFFF80170E75438 exitCount=128251
[iommuret] hit #1580: HalpIommuInitSystem returned EAX=0x00000000 (success/other) rsp=0xFFFFF80170E75438 exitCount=128252
[iommuret] hit #1581: HalpIommuInitSystem returned EAX=0x00000000 (success/other) rsp=0xFFFFF80170E75438 exitCount=128253
[iommuret] hit #1582: HalpIommuInitSystem returned EAX=0x00000000 (success/other) rsp=0xFFFFF80170E75438 exitCount=128254
[iommuret] hit #1583: HalpIommuInitSystem returned EAX=0x00000000 (success/other) rsp=0xFFFFF80170E75438 exitCount=128255
[iommuret] hit #1584: HalpIommuInitSystem returned EAX=0x00000000 (success/other) rsp=0xFFFFF80170E75438 exitCount=128256
[iommuret] hit #1585: HalpIommuInitSystem returned EAX=0x00000000 (success/other) rsp=0xFFFFF80170E75438 exitCount=128257
[iommuret] hit #1586: HalpIommuInitSystem returned EAX=0x00000000 (success/other) rsp=0xFFFFF80170E75438 exitCount=128258
[iommuret] hit #1587: HalpIommuInitSystem returned EAX=0x00000000 (success/other) rsp=0xFFFFF80170E75438 exitCount=128259
[iommuret] hit #1588: HalpIommuInitSystem returned EAX=0x00000000 (success/other) rsp=0xFFFFF80170E75438 exitCount=128260
[iommuret] hit #1589: HalpIommuInitSystem returned EAX=0x00000000 (success/other) rsp=0xFFFFF80170E75438 exitCount=128261
[iommuret] hit #1590: HalpIommuInitSystem returned EAX=0x00000000 (success/other) rsp=0xFFFFF80170E75438 exitCount=128262
[iommuret] hit #1591: HalpIommuInitSystem returned EAX=0x00000000 (success/other) rsp=0xFFFFF80170E75438 exitCount=128263
[iommuret] hit #1592: HalpIommuInitSystem returned EAX=0x00000000 (success/other) rsp=0xFFFFF80170E75438 exitCount=128264
[iommuret] hit #1593: HalpIommuInitSystem returned EAX=0x00000000 (success/other) rsp=0xFFFFF80170E75438 exitCount=128265
[iommuret] hit #1594: HalpIommuInitSystem returned EAX=0x00000000 (success/other) rsp=0xFFFFF80170E75438 exitCount=128266
[iommuret] hit #1595: HalpIommuInitSystem returned EAX=0x00000000 (success/other) rsp=0xFFFFF80170E75438 exitCount=128267
[iommuret] hit #1596: HalpIommuInitSystem returned EAX=0x00000000 (success/other) rsp=0xFFFFF80170E75438 exitCount=128268
[iommuret] hit #1597: HalpIommuInitSystem returned EAX=0x00000000 (success/other) rsp=0xFFFFF80170E75438 exitCount=128269
[iommuret] hit #1598: HalpIommuInitSystem returned EAX=0x00000000 (success/other) rsp=0xFFFFF80170E75438 exitCount=128270
[iommuret] hit #1599: HalpIommuInitSystem returned EAX=0x00000000 (success/other) rsp=0xFFFFF80170E75438 exitCount=128271
[iommuret] hit #1600: HalpIommuInitSystem returned EAX=0x00000000 (success/other) rsp=0xFFFFF80170E75438 exitCount=128272
[iommuret] hit #1601: HalpIommuInitSystem returned EAX=0x00000000 (success/other) rsp=0xFFFFF80170E75438 exitCount=128273
[iommuret] hit #1602: HalpIommuInitSystem returned EAX=0x00000000 (success/other) rsp=0xFFFFF80170E75438 exitCount=128274
[iommuret] hit #1603: HalpIommuInitSystem returned EAX=0x00000000 (success/other) rsp=0xFFFFF80170E75438 exitCount=128275
[iommuret] hit #1604: HalpIommuInitSystem returned EAX=0x00000000 (success/other) rsp=0xFFFFF80170E75438 exitCount=128276
[iommuret] hit #1605: HalpIommuInitSystem returned EAX=0x00000000 (success/other) rsp=0xFFFFF80170E75438 exitCount=128277
[iommuret] hit #1606: HalpIommuInitSystem returned EAX=0x00000000 (success/other) rsp=0xFFFFF80170E75438 exitCount=128278
[iommuret] hit #1607: HalpIommuInitSystem returned EAX=0x00000000 (success/other) rsp=0xFFFFF80170E75438 exitCount=128279
[iommuret] hit #1608: HalpIommuInitSystem returned EAX=0x00000000 (success/other) rsp=0xFFFFF80170E75438 exitCount=128280
[iommuret] hit #1609: HalpIommuInitSystem returned EAX=0x00000000 (success/other) rsp=0xFFFFF80170E75438 exitCount=128281
[iommuret] hit #1610: HalpIommuInitSystem returned EAX=0x00000000 (success/other) rsp=0xFFFFF80170E75438 exitCount=128282
[iommuret] hit #1611: HalpIommuInitSystem returned EAX=0x00000000 (success/other) rsp=0xFFFFF80170E75438 exitCount=128283
[iommuret] hit #1612: HalpIommuInitSystem returned EAX=0x00000000 (success/other) rsp=0xFFFFF80170E75438 exitCount=128284
[iommuret] hit #1613: HalpIommuInitSystem returned EAX=0x00000000 (success/other) rsp=0xFFFFF80170E75438 exitCount=128285
[iommuret] hit #1614: HalpIommuInitSystem returned EAX=0x00000000 (success/other) rsp=0xFFFFF80170E75438 exitCount=128286
[iommuret] hit #1615: HalpIommuInitSystem returned EAX=0x00000000 (success/other) rsp=0xFFFFF80170E75438 exitCount=128287
[iommuret] hit #1616: HalpIommuInitSystem returned EAX=0x00000000 (success/other) rsp=0xFFFFF80170E75438 exitCount=128288
[iommuret] hit #1617: HalpIommuInitSystem returned EAX=0x00000000 (success/other) rsp=0xFFFFF80170E75438 exitCount=128289
[iommuret] hit #1618: HalpIommuInitSystem returned EAX=0x00000000 (success/other) rsp=0xFFFFF80170E75438 exitCount=128290
[iommuret] hit #1619: HalpIommuInitSystem returned EAX=0x00000000 (success/other) rsp=0xFFFFF80170E75438 exitCount=128291
[iommuret] hit #1620: HalpIommuInitSystem returned EAX=0x00000000 (success/other) rsp=0xFFFFF80170E75438 exitCount=128292
[iommuret] hit #1621: HalpIommuInitSystem returned EAX=0x00000000 (success/other) rsp=0xFFFFF80170E75438 exitCount=128293
[iommuret] hit #1622: HalpIommuInitSystem returned EAX=0x00000000 (success/other) rsp=0xFFFFF80170E75438 exitCount=128294
[iommuret] hit #1623: HalpIommuInitSystem returned EAX=0x00000000 (success/other) rsp=0xFFFFF80170E75438 exitCount=128295
[iommuret] hit #1624: HalpIommuInitSystem returned EAX=0x00000000 (success/other) rsp=0xFFFFF80170E75438 exitCount=128296
[iommuret] hit #1625: HalpIommuInitSystem returned EAX=0x00000000 (success/other) rsp=0xFFFFF80170E75438 exitCount=128297
[iommuret] hit #1626: HalpIommuInitSystem returned EAX=0x00000000 (success/other) rsp=0xFFFFF80170E75438 exitCount=128298
[iommuret] hit #1627: HalpIommuInitSystem returned EAX=0x00000000 (success/other) rsp=0xFFFFF80170E75438 exitCount=128299
[iommuret] hit #1628: HalpIommuInitSystem returned EAX=0x00000000 (success/other) rsp=0xFFFFF80170E75438 exitCount=128300
[iommuret] hit #1629: HalpIommuInitSystem returned EAX=0x00000000 (success/other) rsp=0xFFFFF80170E75438 exitCount=128301
[iommuret] hit #1630: HalpIommuInitSystem returned EAX=0x00000000 (success/other) rsp=0xFFFFF80170E75438 exitCount=128302
[iommuret] hit #1631: HalpIommuInitSystem returned EAX=0x00000000 (success/other) rsp=0xFFFFF80170E75438 exitCount=128303
[iommuret] hit #1632: HalpIommuInitSystem returned EAX=0x00000000 (success/other) rsp=0xFFFFF80170E75438 exitCount=128304
[iommuret] hit #1633: HalpIommuInitSystem returned EAX=0x00000000 (success/other) rsp=0xFFFFF80170E75438 exitCount=128305
[iommuret] hit #1634: HalpIommuInitSystem returned EAX=0x00000000 (success/other) rsp=0xFFFFF80170E75438 exitCount=128306
[iommuret] hit #1635: HalpIommuInitSystem returned EAX=0x00000000 (success/other) rsp=0xFFFFF80170E75438 exitCount=128307
[iommuret] hit #1636: HalpIommuInitSystem returned EAX=0x00000000 (success/other) rsp=0xFFFFF80170E75438 exitCount=128308
[iommuret] hit #1637: HalpIommuInitSystem returned EAX=0x00000000 (success/other) rsp=0xFFFFF80170E75438 exitCount=128309
[iommuret] hit #1638: HalpIommuInitSystem returned EAX=0x00000000 (success/other) rsp=0xFFFFF80170E75438 exitCount=128310
[iommuret] hit #1639: HalpIommuInitSystem returned EAX=0x00000000 (success/other) rsp=0xFFFFF80170E75438 exitCount=128311
[iommuret] hit #1640: HalpIommuInitSystem returned EAX=0x00000000 (success/other) rsp=0xFFFFF80170E75438 exitCount=128312
[iommuret] hit #1641: HalpIommuInitSystem returned EAX=0x00000000 (success/other) rsp=0xFFFFF80170E75438 exitCount=128313
[iommuret] hit #1642: HalpIommuInitSystem returned EAX=0x00000000 (success/other) rsp=0xFFFFF80170E75438 exitCount=128314
[iommuret] hit #1643: HalpIommuInitSystem returned EAX=0x00000000 (success/other) rsp=0xFFFFF80170E75438 exitCount=128315
[iommuret] hit #1644: HalpIommuInitSystem returned EAX=0x00000000 (success/other) rsp=0xFFFFF80170E75438 exitCount=128316
[iommuret] hit #1645: HalpIommuInitSystem returned EAX=0x00000000 (success/other) rsp=0xFFFFF80170E75438 exitCount=128317
[iommuret] hit #1646: HalpIommuInitSystem returned EAX=0x00000000 (success/other) rsp=0xFFFFF80170E75438 exitCount=128318
[iommuret] hit #1647: HalpIommuInitSystem returned EAX=0x00000000 (success/other) rsp=0xFFFFF80170E75438 exitCount=128319
[iommuret] hit #1648: HalpIommuInitSystem returned EAX=0x00000000 (success/other) rsp=0xFFFFF80170E75438 exitCount=128320
[iommuret] hit #1649: HalpIommuInitSystem returned EAX=0x00000000 (success/other) rsp=0xFFFFF80170E75438 exitCount=128321
[iommuret] hit #1650: HalpIommuInitSystem returned EAX=0x00000000 (success/other) rsp=0xFFFFF80170E75438 exitCount=128322
[iommuret] hit #1651: HalpIommuInitSystem returned EAX=0x00000000 (success/other) rsp=0xFFFFF80170E75438 exitCount=128323
[iommuret] hit #1652: HalpIommuInitSystem returned EAX=0x00000000 (success/other) rsp=0xFFFFF80170E75438 exitCount=128324
[iommuret] hit #1653: HalpIommuInitSystem returned EAX=0x00000000 (success/other) rsp=0xFFFFF80170E75438 exitCount=128325
[iommuret] hit #1654: HalpIommuInitSystem returned EAX=0x00000000 (success/other) rsp=0xFFFFF80170E75438 exitCount=128326
[iommuret] hit #1655: HalpIommuInitSystem returned EAX=0x00000000 (success/other) rsp=0xFFFFF80170E75438 exitCount=128327
[iommuret] hit #1656: HalpIommuInitSystem returned EAX=0x00000000 (success/other) rsp=0xFFFFF80170E75438 exitCount=128328
[iommuret] hit #1657: HalpIommuInitSystem returned EAX=0x00000000 (success/other) rsp=0xFFFFF80170E75438 exitCount=128329
[iommuret] hit #1658: HalpIommuInitSystem returned EAX=0x00000000 (success/other) rsp=0xFFFFF80170E75438 exitCount=128330
[iommuret] hit #1659: HalpIommuInitSystem returned EAX=0x00000000 (success/other) rsp=0xFFFFF80170E75438 exitCount=128331
[iommuret] hit #1660: HalpIommuInitSystem returned EAX=0x00000000 (success/other) rsp=0xFFFFF80170E75438 exitCount=128332
[iommuret] hit #1661: HalpIommuInitSystem returned EAX=0x00000000 (success/other) rsp=0xFFFFF80170E75438 exitCount=128333
[iommuret] hit #1662: HalpIommuInitSystem returned EAX=0x00000000 (success/other) rsp=0xFFFFF80170E75438 exitCount=128334
[iommuret] hit #1663: HalpIommuInitSystem returned EAX=0x00000000 (success/other) rsp=0xFFFFF80170E75438 exitCount=128335
[iommuret] hit #1664: HalpIommuInitSystem returned EAX=0x00000000 (success/other) rsp=0xFFFFF80170E75438 exitCount=128336
[iommuret] hit #1665: HalpIommuInitSystem returned EAX=0x00000000 (success/other) rsp=0xFFFFF80170E75438 exitCount=128337
[iommuret] hit #1666: HalpIommuInitSystem returned EAX=0x00000000 (success/other) rsp=0xFFFFF80170E75438 exitCount=128338
[iommuret] hit #1667: HalpIommuInitSystem returned EAX=0x00000000 (success/other) rsp=0xFFFFF80170E75438 exitCount=128339
[iommuret] hit #1668: HalpIommuInitSystem returned EAX=0x00000000 (success/other) rsp=0xFFFFF80170E75438 exitCount=128340
[iommuret] hit #1669: HalpIommuInitSystem returned EAX=0x00000000 (success/other) rsp=0xFFFFF80170E75438 exitCount=128341
[iommuret] hit #1670: HalpIommuInitSystem returned EAX=0x00000000 (success/other) rsp=0xFFFFF80170E75438 exitCount=128342
[iommuret] hit #1671: HalpIommuInitSystem returned EAX=0x00000000 (success/other) rsp=0xFFFFF80170E75438 exitCount=128343
[iommuret] hit #1672: HalpIommuInitSystem returned EAX=0x00000000 (success/other) rsp=0xFFFFF80170E75438 exitCount=128344
[iommuret] hit #1673: HalpIommuInitSystem returned EAX=0x00000000 (success/other) rsp=0xFFFFF80170E75438 exitCount=128345
[iommuret] hit #1674: HalpIommuInitSystem returned EAX=0x00000000 (success/other) rsp=0xFFFFF80170E75438 exitCount=128346
[iommuret] hit #1675: HalpIommuInitSystem returned EAX=0x00000000 (success/other) rsp=0xFFFFF80170E75438 exitCount=128347
[iommuret] hit #1676: HalpIommuInitSystem returned EAX=0x00000000 (success/other) rsp=0xFFFFF80170E75438 exitCount=128348
[iommuret] hit #1677: HalpIommuInitSystem returned EAX=0x00000000 (success/other) rsp=0xFFFFF80170E75438 exitCount=128349
[iommuret] hit #1678: HalpIommuInitSystem returned EAX=0x00000000 (success/other) rsp=0xFFFFF80170E75438 exitCount=128350
[iommuret] hit #1679: HalpIommuInitSystem returned EAX=0x00000000 (success/other) rsp=0xFFFFF80170E75438 exitCount=128351
[iommuret] hit #1680: HalpIommuInitSystem returned EAX=0x00000000 (success/other) rsp=0xFFFFF80170E75438 exitCount=128352
[iommuret] hit #1681: HalpIommuInitSystem returned EAX=0x00000000 (success/other) rsp=0xFFFFF80170E75438 exitCount=128353
[iommuret] hit #1682: HalpIommuInitSystem returned EAX=0x00000000 (success/other) rsp=0xFFFFF80170E75438 exitCount=128354
[iommuret] hit #1683: HalpIommuInitSystem returned EAX=0x00000000 (success/other) rsp=0xFFFFF80170E75438 exitCount=128355
[iommuret] hit #1684: HalpIommuInitSystem returned EAX=0x00000000 (success/other) rsp=0xFFFFF80170E75438 exitCount=128356
[iommuret] hit #1685: HalpIommuInitSystem returned EAX=0x00000000 (success/other) rsp=0xFFFFF80170E75438 exitCount=128357
[iommuret] hit #1686: HalpIommuInitSystem returned EAX=0x00000000 (success/other) rsp=0xFFFFF80170E75438 exitCount=128358
[iommuret] hit #1687: HalpIommuInitSystem returned EAX=0x00000000 (success/other) rsp=0xFFFFF80170E75438 exitCount=128359
[iommuret] hit #1688: HalpIommuInitSystem returned EAX=0x00000000 (success/other) rsp=0xFFFFF80170E75438 exitCount=128360
[iommuret] hit #1689: HalpIommuInitSystem returned EAX=0x00000000 (success/other) rsp=0xFFFFF80170E75438 exitCount=128361
[iommuret] hit #1690: HalpIommuInitSystem returned EAX=0x00000000 (success/other) rsp=0xFFFFF80170E75438 exitCount=128362
[iommuret] hit #1691: HalpIommuInitSystem returned EAX=0x00000000 (success/other) rsp=0xFFFFF80170E75438 exitCount=128363
[iommuret] hit #1692: HalpIommuInitSystem returned EAX=0x00000000 (success/other) rsp=0xFFFFF80170E75438 exitCount=128364
[iommuret] hit #1693: HalpIommuInitSystem returned EAX=0x00000000 (success/other) rsp=0xFFFFF80170E75438 exitCount=128365
[iommuret] hit #1694: HalpIommuInitSystem returned EAX=0x00000000 (success/other) rsp=0xFFFFF80170E75438 exitCount=128366
[iommuret] hit #1695: HalpIommuInitSystem returned EAX=0x00000000 (success/other) rsp=0xFFFFF80170E75438 exitCount=128367
[iommuret] hit #1696: HalpIommuInitSystem returned EAX=0x00000000 (success/other) rsp=0xFFFFF80170E75438 exitCount=128368
[iommuret] hit #1697: HalpIommuInitSystem returned EAX=0x00000000 (success/other) rsp=0xFFFFF80170E75438 exitCount=128369
[iommuret] hit #1698: HalpIommuInitSystem returned EAX=0x00000000 (success/other) rsp=0xFFFFF80170E75438 exitCount=128370
[iommuret] hit #1699: HalpIommuInitSystem returned EAX=0x00000000 (success/other) rsp=0xFFFFF80170E75438 exitCount=128371
[iommuret] hit #1700: HalpIommuInitSystem returned EAX=0x00000000 (success/other) rsp=0xFFFFF80170E75438 exitCount=128372
[iommuret] hit #1701: HalpIommuInitSystem returned EAX=0x00000000 (success/other) rsp=0xFFFFF80170E75438 exitCount=128373
[iommuret] hit #1702: HalpIommuInitSystem returned EAX=0x00000000 (success/other) rsp=0xFFFFF80170E75438 exitCount=128374
[iommuret] hit #1703: HalpIommuInitSystem returned EAX=0x00000000 (success/other) rsp=0xFFFFF80170E75438 exitCount=128375
[iommuret] hit #1704: HalpIommuInitSystem returned EAX=0x00000000 (success/other) rsp=0xFFFFF80170E75438 exitCount=128376
[iommuret] hit #1705: HalpIommuInitSystem returned EAX=0x00000000 (success/other) rsp=0xFFFFF80170E75438 exitCount=128377
[iommuret] hit #1706: HalpIommuInitSystem returned EAX=0x00000000 (success/other) rsp=0xFFFFF80170E75438 exitCount=128378
[iommuret] hit #1707: HalpIommuInitSystem returned EAX=0x00000000 (success/other) rsp=0xFFFFF80170E75438 exitCount=128379
[iommuret] hit #1708: HalpIommuInitSystem returned EAX=0x00000000 (success/other) rsp=0xFFFFF80170E75438 exitCount=128380
[iommuret] hit #1709: HalpIommuInitSystem returned EAX=0x00000000 (success/other) rsp=0xFFFFF80170E75438 exitCount=128381
[iommuret] hit #1710: HalpIommuInitSystem returned EAX=0x00000000 (success/other) rsp=0xFFFFF80170E75438 exitCount=128382
[iommuret] hit #1711: HalpIommuInitSystem returned EAX=0x00000000 (success/other) rsp=0xFFFFF80170E75438 exitCount=128383
[iommuret] hit #1712: HalpIommuInitSystem returned EAX=0x00000000 (success/other) rsp=0xFFFFF80170E75438 exitCount=128384
[iommuret] hit #1713: HalpIommuInitSystem returned EAX=0x00000000 (success/other) rsp=0xFFFFF80170E75438 exitCount=128385
[iommuret] hit #1714: HalpIommuInitSystem returned EAX=0x00000000 (success/other) rsp=0xFFFFF80170E75438 exitCount=128386
[iommuret] hit #1715: HalpIommuInitSystem returned EAX=0x00000000 (success/other) rsp=0xFFFFF80170E75438 exitCount=128387
[iommuret] hit #1716: HalpIommuInitSystem returned EAX=0x00000000 (success/other) rsp=0xFFFFF80170E75438 exitCount=128388
[iommuret] hit #1717: HalpIommuInitSystem returned EAX=0x00000000 (success/other) rsp=0xFFFFF80170E75438 exitCount=128389
[iommuret] hit #1718: HalpIommuInitSystem returned EAX=0x00000000 (success/other) rsp=0xFFFFF80170E75438 exitCount=128390
[iommuret] hit #1719: HalpIommuInitSystem returned EAX=0x00000000 (success/other) rsp=0xFFFFF80170E75438 exitCount=128391
[iommuret] hit #1720: HalpIommuInitSystem returned EAX=0x00000000 (success/other) rsp=0xFFFFF80170E75438 exitCount=128392
[iommuret] hit #1721: HalpIommuInitSystem returned EAX=0x00000000 (success/other) rsp=0xFFFFF80170E75438 exitCount=128393
[iommuret] hit #1722: HalpIommuInitSystem returned EAX=0x00000000 (success/other) rsp=0xFFFFF80170E75438 exitCount=128394
[iommuret] hit #1723: HalpIommuInitSystem returned EAX=0x00000000 (success/other) rsp=0xFFFFF80170E75438 exitCount=128395
[iommuret] hit #1724: HalpIommuInitSystem returned EAX=0x00000000 (success/other) rsp=0xFFFFF80170E75438 exitCount=128396
[iommuret] hit #1725: HalpIommuInitSystem returned EAX=0x00000000 (success/other) rsp=0xFFFFF80170E75438 exitCount=128397
[iommuret] hit #1726: HalpIommuInitSystem returned EAX=0x00000000 (success/other) rsp=0xFFFFF80170E75438 exitCount=128398
[iommuret] hit #1727: HalpIommuInitSystem returned EAX=0x00000000 (success/other) rsp=0xFFFFF80170E75438 exitCount=128399
[iommuret] hit #1728: HalpIommuInitSystem returned EAX=0x00000000 (success/other) rsp=0xFFFFF80170E75438 exitCount=128400
[iommuret] hit #1729: HalpIommuInitSystem returned EAX=0x00000000 (success/other) rsp=0xFFFFF80170E75438 exitCount=128401
[iommuret] hit #1730: HalpIommuInitSystem returned EAX=0x00000000 (success/other) rsp=0xFFFFF80170E75438 exitCount=128402
[iommuret] hit #1731: HalpIommuInitSystem returned EAX=0x00000000 (success/other) rsp=0xFFFFF80170E75438 exitCount=128403
[iommuret] hit #1732: HalpIommuInitSystem returned EAX=0x00000000 (success/other) rsp=0xFFFFF80170E75438 exitCount=128404
[iommuret] hit #1733: HalpIommuInitSystem returned EAX=0x00000000 (success/other) rsp=0xFFFFF80170E75438 exitCount=128405
[iommuret] hit #1734: HalpIommuInitSystem returned EAX=0x00000000 (success/other) rsp=0xFFFFF80170E75438 exitCount=128406
[iommuret] hit #1735: HalpIommuInitSystem returned EAX=0x00000000 (success/other) rsp=0xFFFFF80170E75438 exitCount=128407
[iommuret] hit #1736: HalpIommuInitSystem returned EAX=0x00000000 (success/other) rsp=0xFFFFF80170E75438 exitCount=128408
[iommuret] hit #1737: HalpIommuInitSystem returned EAX=0x00000000 (success/other) rsp=0xFFFFF80170E75438 exitCount=128409
[iommuret] hit #1738: HalpIommuInitSystem returned EAX=0x00000000 (success/other) rsp=0xFFFFF80170E75438 exitCount=128410
[iommuret] hit #1739: HalpIommuInitSystem returned EAX=0x00000000 (success/other) rsp=0xFFFFF80170E75438 exitCount=128411
[iommuret] hit #1740: HalpIommuInitSystem returned EAX=0x00000000 (success/other) rsp=0xFFFFF80170E75438 exitCount=128412
[iommuret] hit #1741: HalpIommuInitSystem returned EAX=0x00000000 (success/other) rsp=0xFFFFF80170E75438 exitCount=128413
[iommuret] hit #1742: HalpIommuInitSystem returned EAX=0x00000000 (success/other) rsp=0xFFFFF80170E75438 exitCount=128414
[iommuret] hit #1743: HalpIommuInitSystem returned EAX=0x00000000 (success/other) rsp=0xFFFFF80170E75438 exitCount=128415
[iommuret] hit #1744: HalpIommuInitSystem returned EAX=0x00000000 (success/other) rsp=0xFFFFF80170E75438 exitCount=128416
[iommuret] hit #1745: HalpIommuInitSystem returned EAX=0x00000000 (success/other) rsp=0xFFFFF80170E75438 exitCount=128417
[iommuret] hit #1746: HalpIommuInitSystem returned EAX=0x00000000 (success/other) rsp=0xFFFFF80170E75438 exitCount=128418
[iommuret] hit #1747: HalpIommuInitSystem returned EAX=0x00000000 (success/other) rsp=0xFFFFF80170E75438 exitCount=128419
[iommuret] hit #1748: HalpIommuInitSystem returned EAX=0x00000000 (success/other) rsp=0xFFFFF80170E75438 exitCount=128420
[iommuret] hit #1749: HalpIommuInitSystem returned EAX=0x00000000 (success/other) rsp=0xFFFFF80170E75438 exitCount=128421
[iommuret] hit #1750: HalpIommuInitSystem returned EAX=0x00000000 (success/other) rsp=0xFFFFF80170E75438 exitCount=128422
[iommuret] hit #1751: HalpIommuInitSystem returned EAX=0x00000000 (success/other) rsp=0xFFFFF80170E75438 exitCount=128423
[iommuret] hit #1752: HalpIommuInitSystem returned EAX=0x00000000 (success/other) rsp=0xFFFFF80170E75438 exitCount=128424
[iommuret] hit #1753: HalpIommuInitSystem returned EAX=0x00000000 (success/other) rsp=0xFFFFF80170E75438 exitCount=128425
[iommuret] hit #1754: HalpIommuInitSystem returned EAX=0x00000000 (success/other) rsp=0xFFFFF80170E75438 exitCount=128426
[iommuret] hit #1755: HalpIommuInitSystem returned EAX=0x00000000 (success/other) rsp=0xFFFFF80170E75438 exitCount=128427
[iommuret] hit #1756: HalpIommuInitSystem returned EAX=0x00000000 (success/other) rsp=0xFFFFF80170E75438 exitCount=128428
[iommuret] hit #1757: HalpIommuInitSystem returned EAX=0x00000000 (success/other) rsp=0xFFFFF80170E75438 exitCount=128429
[iommuret] hit #1758: HalpIommuInitSystem returned EAX=0x00000000 (success/other) rsp=0xFFFFF80170E75438 exitCount=128430
[iommuret] hit #1759: HalpIommuInitSystem returned EAX=0x00000000 (success/other) rsp=0xFFFFF80170E75438 exitCount=128431
[iommuret] hit #1760: HalpIommuInitSystem returned EAX=0x00000000 (success/other) rsp=0xFFFFF80170E75438 exitCount=128432
[iommuret] hit #1761: HalpIommuInitSystem returned EAX=0x00000000 (success/other) rsp=0xFFFFF80170E75438 exitCount=128433
[iommuret] hit #1762: HalpIommuInitSystem returned EAX=0x00000000 (success/other) rsp=0xFFFFF80170E75438 exitCount=128434
[iommuret] hit #1763: HalpIommuInitSystem returned EAX=0x00000000 (success/other) rsp=0xFFFFF80170E75438 exitCount=128435
[iommuret] hit #1764: HalpIommuInitSystem returned EAX=0x00000000 (success/other) rsp=0xFFFFF80170E75438 exitCount=128436
[iommuret] hit #1765: HalpIommuInitSystem returned EAX=0x00000000 (success/other) rsp=0xFFFFF80170E75438 exitCount=128437
[iommuret] hit #1766: HalpIommuInitSystem returned EAX=0x00000000 (success/other) rsp=0xFFFFF80170E75438 exitCount=128438
[iommuret] hit #1767: HalpIommuInitSystem returned EAX=0x00000000 (success/other) rsp=0xFFFFF80170E75438 exitCount=128439
[iommuret] hit #1768: HalpIommuInitSystem returned EAX=0x00000000 (success/other) rsp=0xFFFFF80170E75438 exitCount=128440
[iommuret] hit #1769: HalpIommuInitSystem returned EAX=0x00000000 (success/other) rsp=0xFFFFF80170E75438 exitCount=128441
[iommuret] hit #1770: HalpIommuInitSystem returned EAX=0x00000000 (success/other) rsp=0xFFFFF80170E75438 exitCount=128442
[iommuret] hit #1771: HalpIommuInitSystem returned EAX=0x00000000 (success/other) rsp=0xFFFFF80170E75438 exitCount=128443
[iommuret] hit #1772: HalpIommuInitSystem returned EAX=0x00000000 (success/other) rsp=0xFFFFF80170E75438 exitCount=128444
[iommuret] hit #1773: HalpIommuInitSystem returned EAX=0x00000000 (success/other) rsp=0xFFFFF80170E75438 exitCount=128445
[iommuret] hit #1774: HalpIommuInitSystem returned EAX=0x00000000 (success/other) rsp=0xFFFFF80170E75438 exitCount=128446
[iommuret] hit #1775: HalpIommuInitSystem returned EAX=0x00000000 (success/other) rsp=0xFFFFF80170E75438 exitCount=128447
[iommuret] hit #1776: HalpIommuInitSystem returned EAX=0x00000000 (success/other) rsp=0xFFFFF80170E75438 exitCount=128448
[iommuret] hit #1777: HalpIommuInitSystem returned EAX=0x00000000 (success/other) rsp=0xFFFFF80170E75438 exitCount=128449
[iommuret] hit #1778: HalpIommuInitSystem returned EAX=0x00000000 (success/other) rsp=0xFFFFF80170E75438 exitCount=128450
[iommuret] hit #1779: HalpIommuInitSystem returned EAX=0x00000000 (success/other) rsp=0xFFFFF80170E75438 exitCount=128451
[iommuret] hit #1780: HalpIommuInitSystem returned EAX=0x00000000 (success/other) rsp=0xFFFFF80170E75438 exitCount=128452
[iommuret] hit #1781: HalpIommuInitSystem returned EAX=0x00000000 (success/other) rsp=0xFFFFF80170E75438 exitCount=128453
[iommuret] hit #1782: HalpIommuInitSystem returned EAX=0x00000000 (success/other) rsp=0xFFFFF80170E75438 exitCount=128454
[iommuret] hit #1783: HalpIommuInitSystem returned EAX=0x00000000 (success/other) rsp=0xFFFFF80170E75438 exitCount=128455
[iommuret] hit #1784: HalpIommuInitSystem returned EAX=0x00000000 (success/other) rsp=0xFFFFF80170E75438 exitCount=128456
[iommuret] hit #1785: HalpIommuInitSystem returned EAX=0x00000000 (success/other) rsp=0xFFFFF80170E75438 exitCount=128457
[iommuret] hit #1786: HalpIommuInitSystem returned EAX=0x00000000 (success/other) rsp=0xFFFFF80170E75438 exitCount=128458
[iommuret] hit #1787: HalpIommuInitSystem returned EAX=0x00000000 (success/other) rsp=0xFFFFF80170E75438 exitCount=128459
[iommuret] hit #1788: HalpIommuInitSystem returned EAX=0x00000000 (success/other) rsp=0xFFFFF80170E75438 exitCount=128460
[iommuret] hit #1789: HalpIommuInitSystem returned EAX=0x00000000 (success/other) rsp=0xFFFFF80170E75438 exitCount=128461
[iommuret] hit #1790: HalpIommuInitSystem returned EAX=0x00000000 (success/other) rsp=0xFFFFF80170E75438 exitCount=128462
[iommuret] hit #1791: HalpIommuInitSystem returned EAX=0x00000000 (success/other) rsp=0xFFFFF80170E75438 exitCount=128463
[iommuret] hit #1792: HalpIommuInitSystem returned EAX=0x00000000 (success/other) rsp=0xFFFFF80170E75438 exitCount=128464
[iommuret] hit #1793: HalpIommuInitSystem returned EAX=0x00000000 (success/other) rsp=0xFFFFF80170E75438 exitCount=128465
[iommuret] hit #1794: HalpIommuInitSystem returned EAX=0x00000000 (success/other) rsp=0xFFFFF80170E75438 exitCount=128466
[iommuret] hit #1795: HalpIommuInitSystem returned EAX=0x00000000 (success/other) rsp=0xFFFFF80170E75438 exitCount=128467
[iommuret] hit #1796: HalpIommuInitSystem returned EAX=0x00000000 (success/other) rsp=0xFFFFF80170E75438 exitCount=128468
[iommuret] hit #1797: HalpIommuInitSystem returned EAX=0x00000000 (success/other) rsp=0xFFFFF80170E75438 exitCount=128469
[iommuret] hit #1798: HalpIommuInitSystem returned EAX=0x00000000 (success/other) rsp=0xFFFFF80170E75438 exitCount=128470
[iommuret] hit #1799: HalpIommuInitSystem returned EAX=0x00000000 (success/other) rsp=0xFFFFF80170E75438 exitCount=128471
[iommuret] hit #1800: HalpIommuInitSystem returned EAX=0x00000000 (success/other) rsp=0xFFFFF80170E75438 exitCount=128472
[iommuret] hit #1801: HalpIommuInitSystem returned EAX=0x00000000 (success/other) rsp=0xFFFFF80170E75438 exitCount=128473
[iommuret] hit #1802: HalpIommuInitSystem returned EAX=0x00000000 (success/other) rsp=0xFFFFF80170E75438 exitCount=128474
[iommuret] hit #1803: HalpIommuInitSystem returned EAX=0x00000000 (success/other) rsp=0xFFFFF80170E75438 exitCount=128475
[iommuret] hit #1804: HalpIommuInitSystem returned EAX=0x00000000 (success/other) rsp=0xFFFFF80170E75438 exitCount=128476
[iommuret] hit #1805: HalpIommuInitSystem returned EAX=0x00000000 (success/other) rsp=0xFFFFF80170E75438 exitCount=128477
[iommuret] hit #1806: HalpIommuInitSystem returned EAX=0x00000000 (success/other) rsp=0xFFFFF80170E75438 exitCount=128478
[iommuret] hit #1807: HalpIommuInitSystem returned EAX=0x00000000 (success/other) rsp=0xFFFFF80170E75438 exitCount=128479
[iommuret] hit #1808: HalpIommuInitSystem returned EAX=0x00000000 (success/other) rsp=0xFFFFF80170E75438 exitCount=128480
[iommuret] hit #1809: HalpIommuInitSystem returned EAX=0x00000000 (success/other) rsp=0xFFFFF80170E75438 exitCount=128481
[iommuret] hit #1810: HalpIommuInitSystem returned EAX=0x00000000 (success/other) rsp=0xFFFFF80170E75438 exitCount=128482
[iommuret] hit #1811: HalpIommuInitSystem returned EAX=0x00000000 (success/other) rsp=0xFFFFF80170E75438 exitCount=128483
[iommuret] hit #1812: HalpIommuInitSystem returned EAX=0x00000000 (success/other) rsp=0xFFFFF80170E75438 exitCount=128484
[iommuret] hit #1813: HalpIommuInitSystem returned EAX=0x00000000 (success/other) rsp=0xFFFFF80170E75438 exitCount=128485
[iommuret] hit #1814: HalpIommuInitSystem returned EAX=0x00000000 (success/other) rsp=0xFFFFF80170E75438 exitCount=128486
[iommuret] hit #1815: HalpIommuInitSystem returned EAX=0x00000000 (success/other) rsp=0xFFFFF80170E75438 exitCount=128487
[iommuret] hit #1816: HalpIommuInitSystem returned EAX=0x00000000 (success/other) rsp=0xFFFFF80170E75438 exitCount=128488
[iommuret] hit #1817: HalpIommuInitSystem returned EAX=0x00000000 (success/other) rsp=0xFFFFF80170E75438 exitCount=128489
[iommuret] hit #1818: HalpIommuInitSystem returned EAX=0x00000000 (success/other) rsp=0xFFFFF80170E75438 exitCount=128490
[iommuret] hit #1819: HalpIommuInitSystem returned EAX=0x00000000 (success/other) rsp=0xFFFFF80170E75438 exitCount=128491
[iommuret] hit #1820: HalpIommuInitSystem returned EAX=0x00000000 (success/other) rsp=0xFFFFF80170E75438 exitCount=128492
[iommuret] hit #1821: HalpIommuInitSystem returned EAX=0x00000000 (success/other) rsp=0xFFFFF80170E75438 exitCount=128493
[iommuret] hit #1822: HalpIommuInitSystem returned EAX=0x00000000 (success/other) rsp=0xFFFFF80170E75438 exitCount=128494
[iommuret] hit #1823: HalpIommuInitSystem returned EAX=0x00000000 (success/other) rsp=0xFFFFF80170E75438 exitCount=128495
[iommuret] hit #1824: HalpIommuInitSystem returned EAX=0x00000000 (success/other) rsp=0xFFFFF80170E75438 exitCount=128496
[iommuret] hit #1825: HalpIommuInitSystem returned EAX=0x00000000 (success/other) rsp=0xFFFFF80170E75438 exitCount=128497
[iommuret] hit #1826: HalpIommuInitSystem returned EAX=0x00000000 (success/other) rsp=0xFFFFF80170E75438 exitCount=128498
[iommuret] hit #1827: HalpIommuInitSystem returned EAX=0x00000000 (success/other) rsp=0xFFFFF80170E75438 exitCount=128499
[iommuret] hit #1828: HalpIommuInitSystem returned EAX=0x00000000 (success/other) rsp=0xFFFFF80170E75438 exitCount=128500
[iommuret] hit #1829: HalpIommuInitSystem returned EAX=0x00000000 (success/other) rsp=0xFFFFF80170E75438 exitCount=128501
[iommuret] hit #1830: HalpIommuInitSystem returned EAX=0x00000000 (success/other) rsp=0xFFFFF80170E75438 exitCount=128502
[iommuret] hit #1831: HalpIommuInitSystem returned EAX=0x00000000 (success/other) rsp=0xFFFFF80170E75438 exitCount=128503
[iommuret] hit #1832: HalpIommuInitSystem returned EAX=0x00000000 (success/other) rsp=0xFFFFF80170E75438 exitCount=128504
[iommuret] hit #1833: HalpIommuInitSystem returned EAX=0x00000000 (success/other) rsp=0xFFFFF80170E75438 exitCount=128505
[iommuret] hit #1834: HalpIommuInitSystem returned EAX=0x00000000 (success/other) rsp=0xFFFFF80170E75438 exitCount=128506
[iommuret] hit #1835: HalpIommuInitSystem returned EAX=0x00000000 (success/other) rsp=0xFFFFF80170E75438 exitCount=128507
[iommuret] hit #1836: HalpIommuInitSystem returned EAX=0x00000000 (success/other) rsp=0xFFFFF80170E75438 exitCount=128508
[iommuret] hit #1837: HalpIommuInitSystem returned EAX=0x00000000 (success/other) rsp=0xFFFFF80170E75438 exitCount=128509
[iommuret] hit #1838: HalpIommuInitSystem returned EAX=0x00000000 (success/other) rsp=0xFFFFF80170E75438 exitCount=128510
[iommuret] hit #1839: HalpIommuInitSystem returned EAX=0x00000000 (success/other) rsp=0xFFFFF80170E75438 exitCount=128511
[iommuret] hit #1840: HalpIommuInitSystem returned EAX=0x00000000 (success/other) rsp=0xFFFFF80170E75438 exitCount=128512
[iommuret] hit #1841: HalpIommuInitSystem returned EAX=0x00000000 (success/other) rsp=0xFFFFF80170E75438 exitCount=128513
[iommuret] hit #1842: HalpIommuInitSystem returned EAX=0x00000000 (success/other) rsp=0xFFFFF80170E75438 exitCount=128514
[iommuret] hit #1843: HalpIommuInitSystem returned EAX=0x00000000 (success/other) rsp=0xFFFFF80170E75438 exitCount=128515
[iommuret] hit #1844: HalpIommuInitSystem returned EAX=0x00000000 (success/other) rsp=0xFFFFF80170E75438 exitCount=128516
[iommuret] hit #1845: HalpIommuInitSystem returned EAX=0x00000000 (success/other) rsp=0xFFFFF80170E75438 exitCount=128517
[iommuret] hit #1846: HalpIommuInitSystem returned EAX=0x00000000 (success/other) rsp=0xFFFFF80170E75438 exitCount=128518
[iommuret] hit #1847: HalpIommuInitSystem returned EAX=0x00000000 (success/other) rsp=0xFFFFF80170E75438 exitCount=128519
[iommuret] hit #1848: HalpIommuInitSystem returned EAX=0x00000000 (success/other) rsp=0xFFFFF80170E75438 exitCount=128520
[iommuret] hit #1849: HalpIommuInitSystem returned EAX=0x00000000 (success/other) rsp=0xFFFFF80170E75438 exitCount=128521
[iommuret] hit #1850: HalpIommuInitSystem returned EAX=0x00000000 (success/other) rsp=0xFFFFF80170E75438 exitCount=128522
[iommuret] hit #1851: HalpIommuInitSystem returned EAX=0x00000000 (success/other) rsp=0xFFFFF80170E75438 exitCount=128523
[iommuret] hit #1852: HalpIommuInitSystem returned EAX=0x00000000 (success/other) rsp=0xFFFFF80170E75438 exitCount=128524
[iommuret] hit #1853: HalpIommuInitSystem returned EAX=0x00000000 (success/other) rsp=0xFFFFF80170E75438 exitCount=128525
[iommuret] hit #1854: HalpIommuInitSystem returned EAX=0x00000000 (success/other) rsp=0xFFFFF80170E75438 exitCount=128526
[iommuret] hit #1855: HalpIommuInitSystem returned EAX=0x00000000 (success/other) rsp=0xFFFFF80170E75438 exitCount=128527
[iommuret] hit #1856: HalpIommuInitSystem returned EAX=0x00000000 (success/other) rsp=0xFFFFF80170E75438 exitCount=128528
[iommuret] hit #1857: HalpIommuInitSystem returned EAX=0x00000000 (success/other) rsp=0xFFFFF80170E75438 exitCount=128529
[iommuret] hit #1858: HalpIommuInitSystem returned EAX=0x00000000 (success/other) rsp=0xFFFFF80170E75438 exitCount=128530
[iommuret] hit #1859: HalpIommuInitSystem returned EAX=0x00000000 (success/other) rsp=0xFFFFF80170E75438 exitCount=128531
[iommuret] hit #1860: HalpIommuInitSystem returned EAX=0x00000000 (success/other) rsp=0xFFFFF80170E75438 exitCount=128532
[iommuret] hit #1861: HalpIommuInitSystem returned EAX=0x00000000 (success/other) rsp=0xFFFFF80170E75438 exitCount=128533
[iommuret] hit #1862: HalpIommuInitSystem returned EAX=0x00000000 (success/other) rsp=0xFFFFF80170E75438 exitCount=128534
[iommuret] hit #1863: HalpIommuInitSystem returned EAX=0x00000000 (success/other) rsp=0xFFFFF80170E75438 exitCount=128535
[iommuret] hit #1864: HalpIommuInitSystem returned EAX=0x00000000 (success/other) rsp=0xFFFFF80170E75438 exitCount=128536
[iommuret] hit #1865: HalpIommuInitSystem returned EAX=0x00000000 (success/other) rsp=0xFFFFF80170E75438 exitCount=128537
[iommuret] hit #1866: HalpIommuInitSystem returned EAX=0x00000000 (success/other) rsp=0xFFFFF80170E75438 exitCount=128538
[iommuret] hit #1867: HalpIommuInitSystem returned EAX=0x00000000 (success/other) rsp=0xFFFFF80170E75438 exitCount=128539
[iommuret] hit #1868: HalpIommuInitSystem returned EAX=0x00000000 (success/other) rsp=0xFFFFF80170E75438 exitCount=128540
[iommuret] hit #1869: HalpIommuInitSystem returned EAX=0x00000000 (success/other) rsp=0xFFFFF80170E75438 exitCount=128541
[iommuret] hit #1870: HalpIommuInitSystem returned EAX=0x00000000 (success/other) rsp=0xFFFFF80170E75438 exitCount=128542
[iommuret] hit #1871: HalpIommuInitSystem returned EAX=0x00000000 (success/other) rsp=0xFFFFF80170E75438 exitCount=128543
[iommuret] hit #1872: HalpIommuInitSystem returned EAX=0x00000000 (success/other) rsp=0xFFFFF80170E75438 exitCount=128544
[iommuret] hit #1873: HalpIommuInitSystem returned EAX=0x00000000 (success/other) rsp=0xFFFFF80170E75438 exitCount=128545
[iommuret] hit #1874: HalpIommuInitSystem returned EAX=0x00000000 (success/other) rsp=0xFFFFF80170E75438 exitCount=128546
[iommuret] hit #1875: HalpIommuInitSystem returned EAX=0x00000000 (success/other) rsp=0xFFFFF80170E75438 exitCount=128547
[iommuret] hit #1876: HalpIommuInitSystem returned EAX=0x00000000 (success/other) rsp=0xFFFFF80170E75438 exitCount=128548
[iommuret] hit #1877: HalpIommuInitSystem returned EAX=0x00000000 (success/other) rsp=0xFFFFF80170E75438 exitCount=128549
[iommuret] hit #1878: HalpIommuInitSystem returned EAX=0x00000000 (success/other) rsp=0xFFFFF80170E75438 exitCount=128550
[iommuret] hit #1879: HalpIommuInitSystem returned EAX=0x00000000 (success/other) rsp=0xFFFFF80170E75438 exitCount=128551
[iommuret] hit #1880: HalpIommuInitSystem returned EAX=0x00000000 (success/other) rsp=0xFFFFF80170E75438 exitCount=128552
[iommuret] hit #1881: HalpIommuInitSystem returned EAX=0x00000000 (success/other) rsp=0xFFFFF80170E75438 exitCount=128553
[iommuret] hit #1882: HalpIommuInitSystem returned EAX=0x00000000 (success/other) rsp=0xFFFFF80170E75438 exitCount=128554
[iommuret] hit #1883: HalpIommuInitSystem returned EAX=0x00000000 (success/other) rsp=0xFFFFF80170E75438 exitCount=128555
[iommuret] hit #1884: HalpIommuInitSystem returned EAX=0x00000000 (success/other) rsp=0xFFFFF80170E75438 exitCount=128556
[iommuret] hit #1885: HalpIommuInitSystem returned EAX=0x00000000 (success/other) rsp=0xFFFFF80170E75438 exitCount=128557
[iommuret] hit #1886: HalpIommuInitSystem returned EAX=0x00000000 (success/other) rsp=0xFFFFF80170E75438 exitCount=128558
[iommuret] hit #1887: HalpIommuInitSystem returned EAX=0x00000000 (success/other) rsp=0xFFFFF80170E75438 exitCount=128559
[iommuret] hit #1888: HalpIommuInitSystem returned EAX=0x00000000 (success/other) rsp=0xFFFFF80170E75438 exitCount=128560
[iommuret] hit #1889: HalpIommuInitSystem returned EAX=0x00000000 (success/other) rsp=0xFFFFF80170E75438 exitCount=128561
[iommuret] hit #1890: HalpIommuInitSystem returned EAX=0x00000000 (success/other) rsp=0xFFFFF80170E75438 exitCount=128562
[iommuret] hit #1891: HalpIommuInitSystem returned EAX=0x00000000 (success/other) rsp=0xFFFFF80170E75438 exitCount=128563
[iommuret] hit #1892: HalpIommuInitSystem returned EAX=0x00000000 (success/other) rsp=0xFFFFF80170E75438 exitCount=128564
[iommuret] hit #1893: HalpIommuInitSystem returned EAX=0x00000000 (success/other) rsp=0xFFFFF80170E75438 exitCount=128565
[iommuret] hit #1894: HalpIommuInitSystem returned EAX=0x00000000 (success/other) rsp=0xFFFFF80170E75438 exitCount=128566
[iommuret] hit #1895: HalpIommuInitSystem returned EAX=0x00000000 (success/other) rsp=0xFFFFF80170E75438 exitCount=128567
[iommuret] hit #1896: HalpIommuInitSystem returned EAX=0x00000000 (success/other) rsp=0xFFFFF80170E75438 exitCount=128568
[iommuret] hit #1897: HalpIommuInitSystem returned EAX=0x00000000 (success/other) rsp=0xFFFFF80170E75438 exitCount=128569
[iommuret] hit #1898: HalpIommuInitSystem returned EAX=0x00000000 (success/other) rsp=0xFFFFF80170E75438 exitCount=128570
[iommuret] hit #1899: HalpIommuInitSystem returned EAX=0x00000000 (success/other) rsp=0xFFFFF80170E75438 exitCount=128571
[iommuret] hit #1900: HalpIommuInitSystem returned EAX=0x00000000 (success/other) rsp=0xFFFFF80170E75438 exitCount=128572
[iommuret] hit #1901: HalpIommuInitSystem returned EAX=0x00000000 (success/other) rsp=0xFFFFF80170E75438 exitCount=128573
[iommuret] hit #1902: HalpIommuInitSystem returned EAX=0x00000000 (success/other) rsp=0xFFFFF80170E75438 exitCount=128574
[iommuret] hit #1903: HalpIommuInitSystem returned EAX=0x00000000 (success/other) rsp=0xFFFFF80170E75438 exitCount=128575
[iommuret] hit #1904: HalpIommuInitSystem returned EAX=0x00000000 (success/other) rsp=0xFFFFF80170E75438 exitCount=128576
[iommuret] hit #1905: HalpIommuInitSystem returned EAX=0x00000000 (success/other) rsp=0xFFFFF80170E75438 exitCount=128577
[iommuret] hit #1906: HalpIommuInitSystem returned EAX=0x00000000 (success/other) rsp=0xFFFFF80170E75438 exitCount=128578
[iommuret] hit #1907: HalpIommuInitSystem returned EAX=0x00000000 (success/other) rsp=0xFFFFF80170E75438 exitCount=128579
[iommuret] hit #1908: HalpIommuInitSystem returned EAX=0x00000000 (success/other) rsp=0xFFFFF80170E75438 exitCount=128580
[iommuret] hit #1909: HalpIommuInitSystem returned EAX=0x00000000 (success/other) rsp=0xFFFFF80170E75438 exitCount=128581
[iommuret] hit #1910: HalpIommuInitSystem returned EAX=0x00000000 (success/other) rsp=0xFFFFF80170E75438 exitCount=128582
[iommuret] hit #1911: HalpIommuInitSystem returned EAX=0x00000000 (success/other) rsp=0xFFFFF80170E75438 exitCount=128583
[iommuret] hit #1912: HalpIommuInitSystem returned EAX=0x00000000 (success/other) rsp=0xFFFFF80170E75438 exitCount=128584
[iommuret] hit #1913: HalpIommuInitSystem returned EAX=0x00000000 (success/other) rsp=0xFFFFF80170E75438 exitCount=128585
[iommuret] hit #1914: HalpIommuInitSystem returned EAX=0x00000000 (success/other) rsp=0xFFFFF80170E75438 exitCount=128586
[iommuret] hit #1915: HalpIommuInitSystem returned EAX=0x00000000 (success/other) rsp=0xFFFFF80170E75438 exitCount=128587
[iommuret] hit #1916: HalpIommuInitSystem returned EAX=0x00000000 (success/other) rsp=0xFFFFF80170E75438 exitCount=128588
[iommuret] hit #1917: HalpIommuInitSystem returned EAX=0x00000000 (success/other) rsp=0xFFFFF80170E75438 exitCount=128589
[iommuret] hit #1918: HalpIommuInitSystem returned EAX=0x00000000 (success/other) rsp=0xFFFFF80170E75438 exitCount=128590
[iommuret] hit #1919: HalpIommuInitSystem returned EAX=0x00000000 (success/other) rsp=0xFFFFF80170E75438 exitCount=128591
[iommuret] hit #1920: HalpIommuInitSystem returned EAX=0x00000000 (success/other) rsp=0xFFFFF80170E75438 exitCount=128592
[iommuret] hit #1921: HalpIommuInitSystem returned EAX=0x00000000 (success/other) rsp=0xFFFFF80170E75438 exitCount=128593
[iommuret] hit #1922: HalpIommuInitSystem returned EAX=0x00000000 (success/other) rsp=0xFFFFF80170E75438 exitCount=128594
[iommuret] hit #1923: HalpIommuInitSystem returned EAX=0x00000000 (success/other) rsp=0xFFFFF80170E75438 exitCount=128595
[iommuret] hit #1924: HalpIommuInitSystem returned EAX=0x00000000 (success/other) rsp=0xFFFFF80170E75438 exitCount=128596
[iommuret] hit #1925: HalpIommuInitSystem returned EAX=0x00000000 (success/other) rsp=0xFFFFF80170E75438 exitCount=128597
[iommuret] hit #1926: HalpIommuInitSystem returned EAX=0x00000000 (success/other) rsp=0xFFFFF80170E75438 exitCount=128598
[iommuret] hit #1927: HalpIommuInitSystem returned EAX=0x00000000 (success/other) rsp=0xFFFFF80170E75438 exitCount=128599
[iommuret] hit #1928: HalpIommuInitSystem returned EAX=0x00000000 (success/other) rsp=0xFFFFF80170E75438 exitCount=128600
[iommuret] hit #1929: HalpIommuInitSystem returned EAX=0x00000000 (success/other) rsp=0xFFFFF80170E75438 exitCount=128601
[iommuret] hit #1930: HalpIommuInitSystem returned EAX=0x00000000 (success/other) rsp=0xFFFFF80170E75438 exitCount=128602
[iommuret] hit #1931: HalpIommuInitSystem returned EAX=0x00000000 (success/other) rsp=0xFFFFF80170E75438 exitCount=128603
[iommuret] hit #1932: HalpIommuInitSystem returned EAX=0x00000000 (success/other) rsp=0xFFFFF80170E75438 exitCount=128604
[iommuret] hit #1933: HalpIommuInitSystem returned EAX=0x00000000 (success/other) rsp=0xFFFFF80170E75438 exitCount=128605
[iommuret] hit #1934: HalpIommuInitSystem returned EAX=0x00000000 (success/other) rsp=0xFFFFF80170E75438 exitCount=128606
[iommuret] hit #1935: HalpIommuInitSystem returned EAX=0x00000000 (success/other) rsp=0xFFFFF80170E75438 exitCount=128607
[iommuret] hit #1936: HalpIommuInitSystem returned EAX=0x00000000 (success/other) rsp=0xFFFFF80170E75438 exitCount=128608
[iommuret] hit #1937: HalpIommuInitSystem returned EAX=0x00000000 (success/other) rsp=0xFFFFF80170E75438 exitCount=128609
[iommuret] hit #1938: HalpIommuInitSystem returned EAX=0x00000000 (success/other) rsp=0xFFFFF80170E75438 exitCount=128610
[iommuret] hit #1939: HalpIommuInitSystem returned EAX=0x00000000 (success/other) rsp=0xFFFFF80170E75438 exitCount=128611
[iommuret] hit #1940: HalpIommuInitSystem returned EAX=0x00000000 (success/other) rsp=0xFFFFF80170E75438 exitCount=128612
[iommuret] hit #1941: HalpIommuInitSystem returned EAX=0x00000000 (success/other) rsp=0xFFFFF80170E75438 exitCount=128613
[iommuret] hit #1942: HalpIommuInitSystem returned EAX=0x00000000 (success/other) rsp=0xFFFFF80170E75438 exitCount=128614
[iommuret] hit #1943: HalpIommuInitSystem returned EAX=0x00000000 (success/other) rsp=0xFFFFF80170E75438 exitCount=128615
[iommuret] hit #1944: HalpIommuInitSystem returned EAX=0x00000000 (success/other) rsp=0xFFFFF80170E75438 exitCount=128616
[iommuret] hit #1945: HalpIommuInitSystem returned EAX=0x00000000 (success/other) rsp=0xFFFFF80170E75438 exitCount=128617
[iommuret] hit #1946: HalpIommuInitSystem returned EAX=0x00000000 (success/other) rsp=0xFFFFF80170E75438 exitCount=128618
[iommuret] hit #1947: HalpIommuInitSystem returned EAX=0x00000000 (success/other) rsp=0xFFFFF80170E75438 exitCount=128619
[iommuret] hit #1948: HalpIommuInitSystem returned EAX=0x00000000 (success/other) rsp=0xFFFFF80170E75438 exitCount=128620
[iommuret] hit #1949: HalpIommuInitSystem returned EAX=0x00000000 (success/other) rsp=0xFFFFF80170E75438 exitCount=128621
[iommuret] hit #1950: HalpIommuInitSystem returned EAX=0x00000000 (success/other) rsp=0xFFFFF80170E75438 exitCount=128622
[iommuret] hit #1951: HalpIommuInitSystem returned EAX=0x00000000 (success/other) rsp=0xFFFFF80170E75438 exitCount=128623
[iommuret] hit #1952: HalpIommuInitSystem returned EAX=0x00000000 (success/other) rsp=0xFFFFF80170E75438 exitCount=128624
[iommuret] hit #1953: HalpIommuInitSystem returned EAX=0x00000000 (success/other) rsp=0xFFFFF80170E75438 exitCount=128625
[iommuret] hit #1954: HalpIommuInitSystem returned EAX=0x00000000 (success/other) rsp=0xFFFFF80170E75438 exitCount=128626
[iommuret] hit #1955: HalpIommuInitSystem returned EAX=0x00000000 (success/other) rsp=0xFFFFF80170E75438 exitCount=128627
[iommuret] hit #1956: HalpIommuInitSystem returned EAX=0x00000000 (success/other) rsp=0xFFFFF80170E75438 exitCount=128628
[iommuret] hit #1957: HalpIommuInitSystem returned EAX=0x00000000 (success/other) rsp=0xFFFFF80170E75438 exitCount=128629
[iommuret] hit #1958: HalpIommuInitSystem returned EAX=0x00000000 (success/other) rsp=0xFFFFF80170E75438 exitCount=128630
[iommuret] hit #1959: HalpIommuInitSystem returned EAX=0x00000000 (success/other) rsp=0xFFFFF80170E75438 exitCount=128631
[iommuret] hit #1960: HalpIommuInitSystem returned EAX=0x00000000 (success/other) rsp=0xFFFFF80170E75438 exitCount=128632
[iommuret] hit #1961: HalpIommuInitSystem returned EAX=0x00000000 (success/other) rsp=0xFFFFF80170E75438 exitCount=128633
[iommuret] hit #1962: HalpIommuInitSystem returned EAX=0x00000000 (success/other) rsp=0xFFFFF80170E75438 exitCount=128634
[iommuret] hit #1963: HalpIommuInitSystem returned EAX=0x00000000 (success/other) rsp=0xFFFFF80170E75438 exitCount=128635
[iommuret] hit #1964: HalpIommuInitSystem returned EAX=0x00000000 (success/other) rsp=0xFFFFF80170E75438 exitCount=128636
[iommuret] hit #1965: HalpIommuInitSystem returned EAX=0x00000000 (success/other) rsp=0xFFFFF80170E75438 exitCount=128637
[iommuret] hit #1966: HalpIommuInitSystem returned EAX=0x00000000 (success/other) rsp=0xFFFFF80170E75438 exitCount=128638
[iommuret] hit #1967: HalpIommuInitSystem returned EAX=0x00000000 (success/other) rsp=0xFFFFF80170E75438 exitCount=128639
[iommuret] hit #1968: HalpIommuInitSystem returned EAX=0x00000000 (success/other) rsp=0xFFFFF80170E75438 exitCount=128640
[iommuret] hit #1969: HalpIommuInitSystem returned EAX=0x00000000 (success/other) rsp=0xFFFFF80170E75438 exitCount=128641
[iommuret] hit #1970: HalpIommuInitSystem returned EAX=0x00000000 (success/other) rsp=0xFFFFF80170E75438 exitCount=128642
[iommuret] hit #1971: HalpIommuInitSystem returned EAX=0x00000000 (success/other) rsp=0xFFFFF80170E75438 exitCount=128643
[iommuret] hit #1972: HalpIommuInitSystem returned EAX=0x00000000 (success/other) rsp=0xFFFFF80170E75438 exitCount=128644
[iommuret] hit #1973: HalpIommuInitSystem returned EAX=0x00000000 (success/other) rsp=0xFFFFF80170E75438 exitCount=128645
[iommuret] hit #1974: HalpIommuInitSystem returned EAX=0x00000000 (success/other) rsp=0xFFFFF80170E75438 exitCount=128646
[iommuret] hit #1975: HalpIommuInitSystem returned EAX=0x00000000 (success/other) rsp=0xFFFFF80170E75438 exitCount=128647
[iommuret] hit #1976: HalpIommuInitSystem returned EAX=0x00000000 (success/other) rsp=0xFFFFF80170E75438 exitCount=128648
[iommuret] hit #1977: HalpIommuInitSystem returned EAX=0x00000000 (success/other) rsp=0xFFFFF80170E75438 exitCount=128649
[iommuret] hit #1978: HalpIommuInitSystem returned EAX=0x00000000 (success/other) rsp=0xFFFFF80170E75438 exitCount=128650
[iommuret] hit #1979: HalpIommuInitSystem returned EAX=0x00000000 (success/other) rsp=0xFFFFF80170E75438 exitCount=128651
[iommuret] hit #1980: HalpIommuInitSystem returned EAX=0x00000000 (success/other) rsp=0xFFFFF80170E75438 exitCount=128652
[iommuret] hit #1981: HalpIommuInitSystem returned EAX=0x00000000 (success/other) rsp=0xFFFFF80170E75438 exitCount=128653
[iommuret] hit #1982: HalpIommuInitSystem returned EAX=0x00000000 (success/other) rsp=0xFFFFF80170E75438 exitCount=128654
[iommuret] hit #1983: HalpIommuInitSystem returned EAX=0x00000000 (success/other) rsp=0xFFFFF80170E75438 exitCount=128655
[iommuret] hit #1984: HalpIommuInitSystem returned EAX=0x00000000 (success/other) rsp=0xFFFFF80170E75438 exitCount=128656
[iommuret] hit #1985: HalpIommuInitSystem returned EAX=0x00000000 (success/other) rsp=0xFFFFF80170E75438 exitCount=128657
[iommuret] hit #1986: HalpIommuInitSystem returned EAX=0x00000000 (success/other) rsp=0xFFFFF80170E75438 exitCount=128658
[iommuret] hit #1987: HalpIommuInitSystem returned EAX=0x00000000 (success/other) rsp=0xFFFFF80170E75438 exitCount=128659
[iommuret] hit #1988: HalpIommuInitSystem returned EAX=0x00000000 (success/other) rsp=0xFFFFF80170E75438 exitCount=128660
[iommuret] hit #1989: HalpIommuInitSystem returned EAX=0x00000000 (success/other) rsp=0xFFFFF80170E75438 exitCount=128661
[iommuret] hit #1990: HalpIommuInitSystem returned EAX=0x00000000 (success/other) rsp=0xFFFFF80170E75438 exitCount=128662
[iommuret] hit #1991: HalpIommuInitSystem returned EAX=0x00000000 (success/other) rsp=0xFFFFF80170E75438 exitCount=128663
[iommuret] hit #1992: HalpIommuInitSystem returned EAX=0x00000000 (success/other) rsp=0xFFFFF80170E75438 exitCount=128664
[iommuret] hit #1993: HalpIommuInitSystem returned EAX=0x00000000 (success/other) rsp=0xFFFFF80170E75438 exitCount=128665
[iommuret] hit #1994: HalpIommuInitSystem returned EAX=0x00000000 (success/other) rsp=0xFFFFF80170E75438 exitCount=128666
[iommuret] hit #1995: HalpIommuInitSystem returned EAX=0x00000000 (success/other) rsp=0xFFFFF80170E75438 exitCount=128667
[iommuret] hit #1996: HalpIommuInitSystem returned EAX=0x00000000 (success/other) rsp=0xFFFFF80170E75438 exitCount=128668
[iommuret] hit #1997: HalpIommuInitSystem returned EAX=0x00000000 (success/other) rsp=0xFFFFF80170E75438 exitCount=128669
[iommuret] hit #1998: HalpIommuInitSystem returned EAX=0x00000000 (success/other) rsp=0xFFFFF80170E75438 exitCount=128670
[iommuret] hit #1999: HalpIommuInitSystem returned EAX=0x00000000 (success/other) rsp=0xFFFFF80170E75438 exitCount=128671
[iommuret] hit #2000: HalpIommuInitSystem returned EAX=0x00000000 (success/other) rsp=0xFFFFF80170E75438 exitCount=128672
[iommuret] hit #2001: HalpIommuInitSystem returned EAX=0x00000000 (success/other) rsp=0xFFFFF80170E75438 exitCount=128673
[iommuret] hit #2002: HalpIommuInitSystem returned EAX=0x00000000 (success/other) rsp=0xFFFFF80170E75438 exitCount=128674
[iommuret] hit #2003: HalpIommuInitSystem returned EAX=0x00000000 (success/other) rsp=0xFFFFF80170E75438 exitCount=128675
[iommuret] hit #2004: HalpIommuInitSystem returned EAX=0x00000000 (success/other) rsp=0xFFFFF80170E75438 exitCount=128676
[iommuret] hit #2005: HalpIommuInitSystem returned EAX=0x00000000 (success/other) rsp=0xFFFFF80170E75438 exitCount=128677
[iommuret] hit #2006: HalpIommuInitSystem returned EAX=0x00000000 (success/other) rsp=0xFFFFF80170E75438 exitCount=128678
[iommuret] hit #2007: HalpIommuInitSystem returned EAX=0x00000000 (success/other) rsp=0xFFFFF80170E75438 exitCount=128679
[iommuret] hit #2008: HalpIommuInitSystem returned EAX=0x00000000 (success/other) rsp=0xFFFFF80170E75438 exitCount=128680
[iommuret] hit #2009: HalpIommuInitSystem returned EAX=0x00000000 (success/other) rsp=0xFFFFF80170E75438 exitCount=128681
[iommuret] hit #2010: HalpIommuInitSystem returned EAX=0x00000000 (success/other) rsp=0xFFFFF80170E75438 exitCount=128682
[iommuret] hit #2011: HalpIommuInitSystem returned EAX=0x00000000 (success/other) rsp=0xFFFFF80170E75438 exitCount=128683
[iommuret] hit #2012: HalpIommuInitSystem returned EAX=0x00000000 (success/other) rsp=0xFFFFF80170E75438 exitCount=128684
[iommuret] hit #2013: HalpIommuInitSystem returned EAX=0x00000000 (success/other) rsp=0xFFFFF80170E75438 exitCount=128685
[iommuret] hit #2014: HalpIommuInitSystem returned EAX=0x00000000 (success/other) rsp=0xFFFFF80170E75438 exitCount=128686
[iommuret] hit #2015: HalpIommuInitSystem returned EAX=0x00000000 (success/other) rsp=0xFFFFF80170E75438 exitCount=128687
[iommuret] hit #2016: HalpIommuInitSystem returned EAX=0x00000000 (success/other) rsp=0xFFFFF80170E75438 exitCount=128688
[iommuret] hit #2017: HalpIommuInitSystem returned EAX=0x00000000 (success/other) rsp=0xFFFFF80170E75438 exitCount=128689
[iommuret] hit #2018: HalpIommuInitSystem returned EAX=0x00000000 (success/other) rsp=0xFFFFF80170E75438 exitCount=128690
[iommuret] hit #2019: HalpIommuInitSystem returned EAX=0x00000000 (success/other) rsp=0xFFFFF80170E75438 exitCount=128691
[iommuret] hit #2020: HalpIommuInitSystem returned EAX=0x00000000 (success/other) rsp=0xFFFFF80170E75438 exitCount=128692
[iommuret] hit #2021: HalpIommuInitSystem returned EAX=0x00000000 (success/other) rsp=0xFFFFF80170E75438 exitCount=128693
[iommuret] hit #2022: HalpIommuInitSystem returned EAX=0x00000000 (success/other) rsp=0xFFFFF80170E75438 exitCount=128694
[iommuret] hit #2023: HalpIommuInitSystem returned EAX=0x00000000 (success/other) rsp=0xFFFFF80170E75438 exitCount=128695
[iommuret] hit #2024: HalpIommuInitSystem returned EAX=0x00000000 (success/other) rsp=0xFFFFF80170E75438 exitCount=128696
[iommuret] hit #2025: HalpIommuInitSystem returned EAX=0x00000000 (success/other) rsp=0xFFFFF80170E75438 exitCount=128697
[iommuret] hit #2026: HalpIommuInitSystem returned EAX=0x00000000 (success/other) rsp=0xFFFFF80170E75438 exitCount=128698
[iommuret] hit #2027: HalpIommuInitSystem returned EAX=0x00000000 (success/other) rsp=0xFFFFF80170E75438 exitCount=128699
[iommuret] hit #2028: HalpIommuInitSystem returned EAX=0x00000000 (success/other) rsp=0xFFFFF80170E75438 exitCount=128700
[iommuret] hit #2029: HalpIommuInitSystem returned EAX=0x00000000 (success/other) rsp=0xFFFFF80170E75438 exitCount=128701
[iommuret] hit #2030: HalpIommuInitSystem returned EAX=0x00000000 (success/other) rsp=0xFFFFF80170E75438 exitCount=128702
[iommuret] hit #2031: HalpIommuInitSystem returned EAX=0x00000000 (success/other) rsp=0xFFFFF80170E75438 exitCount=128703
[iommuret] hit #2032: HalpIommuInitSystem returned EAX=0x00000000 (success/other) rsp=0xFFFFF80170E75438 exitCount=128704
[iommuret] hit #2033: HalpIommuInitSystem returned EAX=0x00000000 (success/other) rsp=0xFFFFF80170E75438 exitCount=128705
[iommuret] hit #2034: HalpIommuInitSystem returned EAX=0x00000000 (success/other) rsp=0xFFFFF80170E75438 exitCount=128706
[iommuret] hit #2035: HalpIommuInitSystem returned EAX=0x00000000 (success/other) rsp=0xFFFFF80170E75438 exitCount=128707
[iommuret] hit #2036: HalpIommuInitSystem returned EAX=0x00000000 (success/other) rsp=0xFFFFF80170E75438 exitCount=128708
[iommuret] hit #2037: HalpIommuInitSystem returned EAX=0x00000000 (success/other) rsp=0xFFFFF80170E75438 exitCount=128709
[iommuret] hit #2038: HalpIommuInitSystem returned EAX=0x00000000 (success/other) rsp=0xFFFFF80170E75438 exitCount=128710
[iommuret] hit #2039: HalpIommuInitSystem returned EAX=0x00000000 (success/other) rsp=0xFFFFF80170E75438 exitCount=128711
[iommuret] hit #2040: HalpIommuInitSystem returned EAX=0x00000000 (success/other) rsp=0xFFFFF80170E75438 exitCount=128712
[iommuret] hit #2041: HalpIommuInitSystem returned EAX=0x00000000 (success/other) rsp=0xFFFFF80170E75438 exitCount=128713
[iommuret] hit #2042: HalpIommuInitSystem returned EAX=0x00000000 (success/other) rsp=0xFFFFF80170E75438 exitCount=128714
[iommuret] hit #2043: HalpIommuInitSystem returned EAX=0x00000000 (success/other) rsp=0xFFFFF80170E75438 exitCount=128715
[iommuret] hit #2044: HalpIommuInitSystem returned EAX=0x00000000 (success/other) rsp=0xFFFFF80170E75438 exitCount=128716
[iommuret] hit #2045: HalpIommuInitSystem returned EAX=0x00000000 (success/other) rsp=0xFFFFF80170E75438 exitCount=128717
[iommuret] hit #2046: HalpIommuInitSystem returned EAX=0x00000000 (success/other) rsp=0xFFFFF80170E75438 exitCount=128718
[iommuret] hit #2047: HalpIommuInitSystem returned EAX=0x00000000 (success/other) rsp=0xFFFFF80170E75438 exitCount=128719
[iommuret] hit #2048: HalpIommuInitSystem returned EAX=0x00000000 (success/other) rsp=0xFFFFF80170E75438 exitCount=128720
[iommuret] hit #2049: HalpIommuInitSystem returned EAX=0x00000000 (success/other) rsp=0xFFFFF80170E75438 exitCount=128721
[iommuret] hit #2050: HalpIommuInitSystem returned EAX=0x00000000 (success/other) rsp=0xFFFFF80170E75438 exitCount=128722
[iommuret] hit #2051: HalpIommuInitSystem returned EAX=0x00000000 (success/other) rsp=0xFFFFF80170E75438 exitCount=128723
[iommuret] hit #2052: HalpIommuInitSystem returned EAX=0x00000000 (success/other) rsp=0xFFFFF80170E75438 exitCount=128724
[iommuret] hit #2053: HalpIommuInitSystem returned EAX=0x00000000 (success/other) rsp=0xFFFFF80170E75438 exitCount=128725
[iommuret] hit #2054: HalpIommuInitSystem returned EAX=0x00000000 (success/other) rsp=0xFFFFF80170E75438 exitCount=128726
[iommuret] hit #2055: HalpIommuInitSystem returned EAX=0x00000000 (success/other) rsp=0xFFFFF80170E75438 exitCount=128727
[iommuret] hit #2056: HalpIommuInitSystem returned EAX=0x00000000 (success/other) rsp=0xFFFFF80170E75438 exitCount=128728
[iommuret] hit #2057: HalpIommuInitSystem returned EAX=0x00000000 (success/other) rsp=0xFFFFF80170E75438 exitCount=128729
[iommuret] hit #2058: HalpIommuInitSystem returned EAX=0x00000000 (success/other) rsp=0xFFFFF80170E75438 exitCount=128730
[iommuret] hit #2059: HalpIommuInitSystem returned EAX=0x00000000 (success/other) rsp=0xFFFFF80170E75438 exitCount=128731
[iommuret] hit #2060: HalpIommuInitSystem returned EAX=0x00000000 (success/other) rsp=0xFFFFF80170E75438 exitCount=128732
[iommuret] hit #2061: HalpIommuInitSystem returned EAX=0x00000000 (success/other) rsp=0xFFFFF80170E75438 exitCount=128733
[iommuret] hit #2062: HalpIommuInitSystem returned EAX=0x00000000 (success/other) rsp=0xFFFFF80170E75438 exitCount=128734
[iommuret] hit #2063: HalpIommuInitSystem returned EAX=0x00000000 (success/other) rsp=0xFFFFF80170E75438 exitCount=128735
[iommuret] hit #2064: HalpIommuInitSystem returned EAX=0x00000000 (success/other) rsp=0xFFFFF80170E75438 exitCount=128736
[iommuret] hit #2065: HalpIommuInitSystem returned EAX=0x00000000 (success/other) rsp=0xFFFFF80170E75438 exitCount=128737
[iommuret] hit #2066: HalpIommuInitSystem returned EAX=0x00000000 (success/other) rsp=0xFFFFF80170E75438 exitCount=128738
[iommuret] hit #2067: HalpIommuInitSystem returned EAX=0x00000000 (success/other) rsp=0xFFFFF80170E75438 exitCount=128739
[iommuret] hit #2068: HalpIommuInitSystem returned EAX=0x00000000 (success/other) rsp=0xFFFFF80170E75438 exitCount=128740
[iommuret] hit #2069: HalpIommuInitSystem returned EAX=0x00000000 (success/other) rsp=0xFFFFF80170E75438 exitCount=128741
[iommuret] hit #2070: HalpIommuInitSystem returned EAX=0x00000000 (success/other) rsp=0xFFFFF80170E75438 exitCount=128742
[iommuret] hit #2071: HalpIommuInitSystem returned EAX=0x00000000 (success/other) rsp=0xFFFFF80170E75438 exitCount=128743
[iommuret] hit #2072: HalpIommuInitSystem returned EAX=0x00000000 (success/other) rsp=0xFFFFF80170E75438 exitCount=128744
[iommuret] hit #2073: HalpIommuInitSystem returned EAX=0x00000000 (success/other) rsp=0xFFFFF80170E75438 exitCount=128745
[iommuret] hit #2074: HalpIommuInitSystem returned EAX=0x00000000 (success/other) rsp=0xFFFFF80170E75438 exitCount=128746
[iommuret] hit #2075: HalpIommuInitSystem returned EAX=0x00000000 (success/other) rsp=0xFFFFF80170E75438 exitCount=128747
[iommuret] hit #2076: HalpIommuInitSystem returned EAX=0x00000000 (success/other) rsp=0xFFFFF80170E75438 exitCount=128748
[iommuret] hit #2077: HalpIommuInitSystem returned EAX=0x00000000 (success/other) rsp=0xFFFFF80170E75438 exitCount=128749
[iommuret] hit #2078: HalpIommuInitSystem returned EAX=0x00000000 (success/other) rsp=0xFFFFF80170E75438 exitCount=128750
[iommuret] hit #2079: HalpIommuInitSystem returned EAX=0x00000000 (success/other) rsp=0xFFFFF80170E75438 exitCount=128751
[iommuret] hit #2080: HalpIommuInitSystem returned EAX=0x00000000 (success/other) rsp=0xFFFFF80170E75438 exitCount=128752
[iommuret] hit #2081: HalpIommuInitSystem returned EAX=0x00000000 (success/other) rsp=0xFFFFF80170E75438 exitCount=128753
[iommuret] hit #2082: HalpIommuInitSystem returned EAX=0x00000000 (success/other) rsp=0xFFFFF80170E75438 exitCount=128754
[iommuret] hit #2083: HalpIommuInitSystem returned EAX=0x00000000 (success/other) rsp=0xFFFFF80170E75438 exitCount=128755
[iommuret] hit #2084: HalpIommuInitSystem returned EAX=0x00000000 (success/other) rsp=0xFFFFF80170E75438 exitCount=128756
[iommuret] hit #2085: HalpIommuInitSystem returned EAX=0x00000000 (success/other) rsp=0xFFFFF80170E75438 exitCount=128757
[iommuret] hit #2086: HalpIommuInitSystem returned EAX=0x00000000 (success/other) rsp=0xFFFFF80170E75438 exitCount=128758
[iommuret] hit #2087: HalpIommuInitSystem returned EAX=0x00000000 (success/other) rsp=0xFFFFF80170E75438 exitCount=128759
[iommuret] hit #2088: HalpIommuInitSystem returned EAX=0x00000000 (success/other) rsp=0xFFFFF80170E75438 exitCount=128760
[iommuret] hit #2089: HalpIommuInitSystem returned EAX=0x00000000 (success/other) rsp=0xFFFFF80170E75438 exitCount=128761
[iommuret] hit #2090: HalpIommuInitSystem returned EAX=0x00000000 (success/other) rsp=0xFFFFF80170E75438 exitCount=128762
[iommuret] hit #2091: HalpIommuInitSystem returned EAX=0x00000000 (success/other) rsp=0xFFFFF80170E75438 exitCount=128763
[iommuret] hit #2092: HalpIommuInitSystem returned EAX=0x00000000 (success/other) rsp=0xFFFFF80170E75438 exitCount=128764
[iommuret] hit #2093: HalpIommuInitSystem returned EAX=0x00000000 (success/other) rsp=0xFFFFF80170E75438 exitCount=128765
[iommuret] hit #2094: HalpIommuInitSystem returned EAX=0x00000000 (success/other) rsp=0xFFFFF80170E75438 exitCount=128766
[iommuret] hit #2095: HalpIommuInitSystem returned EAX=0x00000000 (success/other) rsp=0xFFFFF80170E75438 exitCount=128767
[iommuret] hit #2096: HalpIommuInitSystem returned EAX=0x00000000 (success/other) rsp=0xFFFFF80170E75438 exitCount=128768
[iommuret] hit #2097: HalpIommuInitSystem returned EAX=0x00000000 (success/other) rsp=0xFFFFF80170E75438 exitCount=128769
[iommuret] hit #2098: HalpIommuInitSystem returned EAX=0x00000000 (success/other) rsp=0xFFFFF80170E75438 exitCount=128770
[iommuret] hit #2099: HalpIommuInitSystem returned EAX=0x00000000 (success/other) rsp=0xFFFFF80170E75438 exitCount=128771
[iommuret] hit #2100: HalpIommuInitSystem returned EAX=0x00000000 (success/other) rsp=0xFFFFF80170E75438 exitCount=128772
[iommuret] hit #2101: HalpIommuInitSystem returned EAX=0x00000000 (success/other) rsp=0xFFFFF80170E75438 exitCount=128773
[iommuret] hit #2102: HalpIommuInitSystem returned EAX=0x00000000 (success/other) rsp=0xFFFFF80170E75438 exitCount=128774
[iommuret] hit #2103: HalpIommuInitSystem returned EAX=0x00000000 (success/other) rsp=0xFFFFF80170E75438 exitCount=128775
[iommuret] hit #2104: HalpIommuInitSystem returned EAX=0x00000000 (success/other) rsp=0xFFFFF80170E75438 exitCount=128776
[iommuret] hit #2105: HalpIommuInitSystem returned EAX=0x00000000 (success/other) rsp=0xFFFFF80170E75438 exitCount=128777
[iommuret] hit #2106: HalpIommuInitSystem returned EAX=0x00000000 (success/other) rsp=0xFFFFF80170E75438 exitCount=128778
[iommuret] hit #2107: HalpIommuInitSystem returned EAX=0x00000000 (success/other) rsp=0xFFFFF80170E75438 exitCount=128779
[iommuret] hit #2108: HalpIommuInitSystem returned EAX=0x00000000 (success/other) rsp=0xFFFFF80170E75438 exitCount=128780
[iommuret] hit #2109: HalpIommuInitSystem returned EAX=0x00000000 (success/other) rsp=0xFFFFF80170E75438 exitCount=128781
[iommuret] hit #2110: HalpIommuInitSystem returned EAX=0x00000000 (success/other) rsp=0xFFFFF80170E75438 exitCount=128782
[iommuret] hit #2111: HalpIommuInitSystem returned EAX=0x00000000 (success/other) rsp=0xFFFFF80170E75438 exitCount=128783
[iommuret] hit #2112: HalpIommuInitSystem returned EAX=0x00000000 (success/other) rsp=0xFFFFF80170E75438 exitCount=128784
[iommuret] hit #2113: HalpIommuInitSystem returned EAX=0x00000000 (success/other) rsp=0xFFFFF80170E75438 exitCount=128785
[iommuret] hit #2114: HalpIommuInitSystem returned EAX=0x00000000 (success/other) rsp=0xFFFFF80170E75438 exitCount=128786
[iommuret] hit #2115: HalpIommuInitSystem returned EAX=0x00000000 (success/other) rsp=0xFFFFF80170E75438 exitCount=128787
[iommuret] hit #2116: HalpIommuInitSystem returned EAX=0x00000000 (success/other) rsp=0xFFFFF80170E75438 exitCount=128788
[iommuret] hit #2117: HalpIommuInitSystem returned EAX=0x00000000 (success/other) rsp=0xFFFFF80170E75438 exitCount=128789
[iommuret] hit #2118: HalpIommuInitSystem returned EAX=0x00000000 (success/other) rsp=0xFFFFF80170E75438 exitCount=128790
[iommuret] hit #2119: HalpIommuInitSystem returned EAX=0x00000000 (success/other) rsp=0xFFFFF80170E75438 exitCount=128791
[iommuret] hit #2120: HalpIommuInitSystem returned EAX=0x00000000 (success/other) rsp=0xFFFFF80170E75438 exitCount=128792
[iommuret] hit #2121: HalpIommuInitSystem returned EAX=0x00000000 (success/other) rsp=0xFFFFF80170E75438 exitCount=128793
[iommuret] hit #2122: HalpIommuInitSystem returned EAX=0x00000000 (success/other) rsp=0xFFFFF80170E75438 exitCount=128794
[iommuret] hit #2123: HalpIommuInitSystem returned EAX=0x00000000 (success/other) rsp=0xFFFFF80170E75438 exitCount=128795
[iommuret] hit #2124: HalpIommuInitSystem returned EAX=0x00000000 (success/other) rsp=0xFFFFF80170E75438 exitCount=128796
[iommuret] hit #2125: HalpIommuInitSystem returned EAX=0x00000000 (success/other) rsp=0xFFFFF80170E75438 exitCount=128797
[iommuret] hit #2126: HalpIommuInitSystem returned EAX=0x00000000 (success/other) rsp=0xFFFFF80170E75438 exitCount=128798
[iommuret] hit #2127: HalpIommuInitSystem returned EAX=0x00000000 (success/other) rsp=0xFFFFF80170E75438 exitCount=128799
[iommuret] hit #2128: HalpIommuInitSystem returned EAX=0x00000000 (success/other) rsp=0xFFFFF80170E75438 exitCount=128800
[iommuret] hit #2129: HalpIommuInitSystem returned EAX=0x00000000 (success/other) rsp=0xFFFFF80170E75438 exitCount=128801
[iommuret] hit #2130: HalpIommuInitSystem returned EAX=0x00000000 (success/other) rsp=0xFFFFF80170E75438 exitCount=128802
[iommuret] hit #2131: HalpIommuInitSystem returned EAX=0x00000000 (success/other) rsp=0xFFFFF80170E75438 exitCount=128803
[iommuret] hit #2132: HalpIommuInitSystem returned EAX=0x00000000 (success/other) rsp=0xFFFFF80170E75438 exitCount=128804
[iommuret] hit #2133: HalpIommuInitSystem returned EAX=0x00000000 (success/other) rsp=0xFFFFF80170E75438 exitCount=128805
[iommuret] hit #2134: HalpIommuInitSystem returned EAX=0x00000000 (success/other) rsp=0xFFFFF80170E75438 exitCount=128806
[iommuret] hit #2135: HalpIommuInitSystem returned EAX=0x00000000 (success/other) rsp=0xFFFFF80170E75438 exitCount=128807
[iommuret] hit #2136: HalpIommuInitSystem returned EAX=0x00000000 (success/other) rsp=0xFFFFF80170E75438 exitCount=128808
[iommuret] hit #2137: HalpIommuInitSystem returned EAX=0x00000000 (success/other) rsp=0xFFFFF80170E75438 exitCount=128809
[iommuret] hit #2138: HalpIommuInitSystem returned EAX=0x00000000 (success/other) rsp=0xFFFFF80170E75438 exitCount=128810
[iommuret] hit #2139: HalpIommuInitSystem returned EAX=0x00000000 (success/other) rsp=0xFFFFF80170E75438 exitCount=128811
[iommuret] hit #2140: HalpIommuInitSystem returned EAX=0x00000000 (success/other) rsp=0xFFFFF80170E75438 exitCount=128812
[iommuret] hit #2141: HalpIommuInitSystem returned EAX=0x00000000 (success/other) rsp=0xFFFFF80170E75438 exitCount=128813
[iommuret] hit #2142: HalpIommuInitSystem returned EAX=0x00000000 (success/other) rsp=0xFFFFF80170E75438 exitCount=128814
[iommuret] hit #2143: HalpIommuInitSystem returned EAX=0x00000000 (success/other) rsp=0xFFFFF80170E75438 exitCount=128815
[iommuret] hit #2144: HalpIommuInitSystem returned EAX=0x00000000 (success/other) rsp=0xFFFFF80170E75438 exitCount=128816
[iommuret] hit #2145: HalpIommuInitSystem returned EAX=0x00000000 (success/other) rsp=0xFFFFF80170E75438 exitCount=128817
[iommuret] hit #2146: HalpIommuInitSystem returned EAX=0x00000000 (success/other) rsp=0xFFFFF80170E75438 exitCount=128818
[iommuret] hit #2147: HalpIommuInitSystem returned EAX=0x00000000 (success/other) rsp=0xFFFFF80170E75438 exitCount=128819
[iommuret] hit #2148: HalpIommuInitSystem returned EAX=0x00000000 (success/other) rsp=0xFFFFF80170E75438 exitCount=128820
[iommuret] hit #2149: HalpIommuInitSystem returned EAX=0x00000000 (success/other) rsp=0xFFFFF80170E75438 exitCount=128821
[iommuret] hit #2150: HalpIommuInitSystem returned EAX=0x00000000 (success/other) rsp=0xFFFFF80170E75438 exitCount=128822
[iommuret] hit #2151: HalpIommuInitSystem returned EAX=0x00000000 (success/other) rsp=0xFFFFF80170E75438 exitCount=128823
[iommuret] hit #2152: HalpIommuInitSystem returned EAX=0x00000000 (success/other) rsp=0xFFFFF80170E75438 exitCount=128824
[iommuret] hit #2153: HalpIommuInitSystem returned EAX=0x00000000 (success/other) rsp=0xFFFFF80170E75438 exitCount=128825
[iommuret] hit #2154: HalpIommuInitSystem returned EAX=0x00000000 (success/other) rsp=0xFFFFF80170E75438 exitCount=128826
[iommuret] hit #2155: HalpIommuInitSystem returned EAX=0x00000000 (success/other) rsp=0xFFFFF80170E75438 exitCount=128827
[iommuret] hit #2156: HalpIommuInitSystem returned EAX=0x00000000 (success/other) rsp=0xFFFFF80170E75438 exitCount=128828
[iommuret] hit #2157: HalpIommuInitSystem returned EAX=0x00000000 (success/other) rsp=0xFFFFF80170E75438 exitCount=128829
[iommuret] hit #2158: HalpIommuInitSystem returned EAX=0x00000000 (success/other) rsp=0xFFFFF80170E75438 exitCount=128830
[iommuret] hit #2159: HalpIommuInitSystem returned EAX=0x00000000 (success/other) rsp=0xFFFFF80170E75438 exitCount=128831
[iommuret] hit #2160: HalpIommuInitSystem returned EAX=0x00000000 (success/other) rsp=0xFFFFF80170E75438 exitCount=128832
[iommuret] hit #2161: HalpIommuInitSystem returned EAX=0x00000000 (success/other) rsp=0xFFFFF80170E75438 exitCount=128833
[iommuret] hit #2162: HalpIommuInitSystem returned EAX=0x00000000 (success/other) rsp=0xFFFFF80170E75438 exitCount=128834
[iommuret] hit #2163: HalpIommuInitSystem returned EAX=0x00000000 (success/other) rsp=0xFFFFF80170E75438 exitCount=128835
[iommuret] hit #2164: HalpIommuInitSystem returned EAX=0x00000000 (success/other) rsp=0xFFFFF80170E75438 exitCount=128836
[iommuret] hit #2165: HalpIommuInitSystem returned EAX=0x00000000 (success/other) rsp=0xFFFFF80170E75438 exitCount=128837
[iommuret] hit #2166: HalpIommuInitSystem returned EAX=0x00000000 (success/other) rsp=0xFFFFF80170E75438 exitCount=128838
[iommuret] hit #2167: HalpIommuInitSystem returned EAX=0x00000000 (success/other) rsp=0xFFFFF80170E75438 exitCount=128839
[iommuret] hit #2168: HalpIommuInitSystem returned EAX=0x00000000 (success/other) rsp=0xFFFFF80170E75438 exitCount=128840
[iommuret] hit #2169: HalpIommuInitSystem returned EAX=0x00000000 (success/other) rsp=0xFFFFF80170E75438 exitCount=128841
[iommuret] hit #2170: HalpIommuInitSystem returned EAX=0x00000000 (success/other) rsp=0xFFFFF80170E75438 exitCount=128842
[iommuret] hit #2171: HalpIommuInitSystem returned EAX=0x00000000 (success/other) rsp=0xFFFFF80170E75438 exitCount=128843
[iommuret] hit #2172: HalpIommuInitSystem returned EAX=0x00000000 (success/other) rsp=0xFFFFF80170E75438 exitCount=128844
[iommuret] hit #2173: HalpIommuInitSystem returned EAX=0x00000000 (success/other) rsp=0xFFFFF80170E75438 exitCount=128845
[iommuret] hit #2174: HalpIommuInitSystem returned EAX=0x00000000 (success/other) rsp=0xFFFFF80170E75438 exitCount=128846
[iommuret] hit #2175: HalpIommuInitSystem returned EAX=0x00000000 (success/other) rsp=0xFFFFF80170E75438 exitCount=128847
[iommuret] hit #2176: HalpIommuInitSystem returned EAX=0x00000000 (success/other) rsp=0xFFFFF80170E75438 exitCount=128848
[iommuret] hit #2177: HalpIommuInitSystem returned EAX=0x00000000 (success/other) rsp=0xFFFFF80170E75438 exitCount=128849
[iommuret] hit #2178: HalpIommuInitSystem returned EAX=0x00000000 (success/other) rsp=0xFFFFF80170E75438 exitCount=128850
[iommuret] hit #2179: HalpIommuInitSystem returned EAX=0x00000000 (success/other) rsp=0xFFFFF80170E75438 exitCount=128851
[iommuret] hit #2180: HalpIommuInitSystem returned EAX=0x00000000 (success/other) rsp=0xFFFFF80170E75438 exitCount=128852
[iommuret] hit #2181: HalpIommuInitSystem returned EAX=0x00000000 (success/other) rsp=0xFFFFF80170E75438 exitCount=128853
[iommuret] hit #2182: HalpIommuInitSystem returned EAX=0x00000000 (success/other) rsp=0xFFFFF80170E75438 exitCount=128854
[iommuret] hit #2183: HalpIommuInitSystem returned EAX=0x00000000 (success/other) rsp=0xFFFFF80170E75438 exitCount=128855
[iommuret] hit #2184: HalpIommuInitSystem returned EAX=0x00000000 (success/other) rsp=0xFFFFF80170E75438 exitCount=128856
[iommuret] hit #2185: HalpIommuInitSystem returned EAX=0x00000000 (success/other) rsp=0xFFFFF80170E75438 exitCount=128857
[iommuret] hit #2186: HalpIommuInitSystem returned EAX=0x00000000 (success/other) rsp=0xFFFFF80170E75438 exitCount=128858
[iommuret] hit #2187: HalpIommuInitSystem returned EAX=0x00000000 (success/other) rsp=0xFFFFF80170E75438 exitCount=128859
[iommuret] hit #2188: HalpIommuInitSystem returned EAX=0x00000000 (success/other) rsp=0xFFFFF80170E75438 exitCount=128860
[iommuret] hit #2189: HalpIommuInitSystem returned EAX=0x00000000 (success/other) rsp=0xFFFFF80170E75438 exitCount=128861
[iommuret] hit #2190: HalpIommuInitSystem returned EAX=0x00000000 (success/other) rsp=0xFFFFF80170E75438 exitCount=128862
[iommuret] hit #2191: HalpIommuInitSystem returned EAX=0x00000000 (success/other) rsp=0xFFFFF80170E75438 exitCount=128863
[iommuret] hit #2192: HalpIommuInitSystem returned EAX=0x00000000 (success/other) rsp=0xFFFFF80170E75438 exitCount=128864
[iommuret] hit #2193: HalpIommuInitSystem returned EAX=0x00000000 (success/other) rsp=0xFFFFF80170E75438 exitCount=128865
[iommuret] hit #2194: HalpIommuInitSystem returned EAX=0x00000000 (success/other) rsp=0xFFFFF80170E75438 exitCount=128866
[iommuret] hit #2195: HalpIommuInitSystem returned EAX=0x00000000 (success/other) rsp=0xFFFFF80170E75438 exitCount=128867
[iommuret] hit #2196: HalpIommuInitSystem returned EAX=0x00000000 (success/other) rsp=0xFFFFF80170E75438 exitCount=128868
[iommuret] hit #2197: HalpIommuInitSystem returned EAX=0x00000000 (success/other) rsp=0xFFFFF80170E75438 exitCount=128869
[iommuret] hit #2198: HalpIommuInitSystem returned EAX=0x00000000 (success/other) rsp=0xFFFFF80170E75438 exitCount=128870
[iommuret] hit #2199: HalpIommuInitSystem returned EAX=0x00000000 (success/other) rsp=0xFFFFF80170E75438 exitCount=128871
[iommuret] hit #2200: HalpIommuInitSystem returned EAX=0x00000000 (success/other) rsp=0xFFFFF80170E75438 exitCount=128872
[iommuret] hit #2201: HalpIommuInitSystem returned EAX=0x00000000 (success/other) rsp=0xFFFFF80170E75438 exitCount=128873
[iommuret] hit #2202: HalpIommuInitSystem returned EAX=0x00000000 (success/other) rsp=0xFFFFF80170E75438 exitCount=128874
[iommuret] hit #2203: HalpIommuInitSystem returned EAX=0x00000000 (success/other) rsp=0xFFFFF80170E75438 exitCount=128875
[iommuret] hit #2204: HalpIommuInitSystem returned EAX=0x00000000 (success/other) rsp=0xFFFFF80170E75438 exitCount=128876
[iommuret] hit #2205: HalpIommuInitSystem returned EAX=0x00000000 (success/other) rsp=0xFFFFF80170E75438 exitCount=128877
[iommuret] hit #2206: HalpIommuInitSystem returned EAX=0x00000000 (success/other) rsp=0xFFFFF80170E75438 exitCount=128878
[iommuret] hit #2207: HalpIommuInitSystem returned EAX=0x00000000 (success/other) rsp=0xFFFFF80170E75438 exitCount=128879
[iommuret] hit #2208: HalpIommuInitSystem returned EAX=0x00000000 (success/other) rsp=0xFFFFF80170E75438 exitCount=128880
[iommuret] hit #2209: HalpIommuInitSystem returned EAX=0x00000000 (success/other) rsp=0xFFFFF80170E75438 exitCount=128881
[iommuret] hit #2210: HalpIommuInitSystem returned EAX=0x00000000 (success/other) rsp=0xFFFFF80170E75438 exitCount=128882
[iommuret] hit #2211: HalpIommuInitSystem returned EAX=0x00000000 (success/other) rsp=0xFFFFF80170E75438 exitCount=128883
[iommuret] hit #2212: HalpIommuInitSystem returned EAX=0x00000000 (success/other) rsp=0xFFFFF80170E75438 exitCount=128884
[iommuret] hit #2213: HalpIommuInitSystem returned EAX=0x00000000 (success/other) rsp=0xFFFFF80170E75438 exitCount=128885
[iommuret] hit #2214: HalpIommuInitSystem returned EAX=0x00000000 (success/other) rsp=0xFFFFF80170E75438 exitCount=128886
[iommuret] hit #2215: HalpIommuInitSystem returned EAX=0x00000000 (success/other) rsp=0xFFFFF80170E75438 exitCount=128887
[iommuret] hit #2216: HalpIommuInitSystem returned EAX=0x00000000 (success/other) rsp=0xFFFFF80170E75438 exitCount=128888
[iommuret] hit #2217: HalpIommuInitSystem returned EAX=0x00000000 (success/other) rsp=0xFFFFF80170E75438 exitCount=128889
[iommuret] hit #2218: HalpIommuInitSystem returned EAX=0x00000000 (success/other) rsp=0xFFFFF80170E75438 exitCount=128890
[iommuret] hit #2219: HalpIommuInitSystem returned EAX=0x00000000 (success/other) rsp=0xFFFFF80170E75438 exitCount=128891
[iommuret] hit #2220: HalpIommuInitSystem returned EAX=0x00000000 (success/other) rsp=0xFFFFF80170E75438 exitCount=128892
[iommuret] hit #2221: HalpIommuInitSystem returned EAX=0x00000000 (success/other) rsp=0xFFFFF80170E75438 exitCount=128893
[iommuret] hit #2222: HalpIommuInitSystem returned EAX=0x00000000 (success/other) rsp=0xFFFFF80170E75438 exitCount=128894
[iommuret] hit #2223: HalpIommuInitSystem returned EAX=0x00000000 (success/other) rsp=0xFFFFF80170E75438 exitCount=128895
[iommuret] hit #2224: HalpIommuInitSystem returned EAX=0x00000000 (success/other) rsp=0xFFFFF80170E75438 exitCount=128896
[iommuret] hit #2225: HalpIommuInitSystem returned EAX=0x00000000 (success/other) rsp=0xFFFFF80170E75438 exitCount=128897
[iommuret] hit #2226: HalpIommuInitSystem returned EAX=0x00000000 (success/other) rsp=0xFFFFF80170E75438 exitCount=128898
[iommuret] hit #2227: HalpIommuInitSystem returned EAX=0x00000000 (success/other) rsp=0xFFFFF80170E75438 exitCount=128899
[iommuret] hit #2228: HalpIommuInitSystem returned EAX=0x00000000 (success/other) rsp=0xFFFFF80170E75438 exitCount=128900
[iommuret] hit #2229: HalpIommuInitSystem returned EAX=0x00000000 (success/other) rsp=0xFFFFF80170E75438 exitCount=128901
[iommuret] hit #2230: HalpIommuInitSystem returned EAX=0x00000000 (success/other) rsp=0xFFFFF80170E75438 exitCount=128902
[iommuret] hit #2231: HalpIommuInitSystem returned EAX=0x00000000 (success/other) rsp=0xFFFFF80170E75438 exitCount=128903
[iommuret] hit #2232: HalpIommuInitSystem returned EAX=0x00000000 (success/other) rsp=0xFFFFF80170E75438 exitCount=128904
[iommuret] hit #2233: HalpIommuInitSystem returned EAX=0x00000000 (success/other) rsp=0xFFFFF80170E75438 exitCount=128905
[iommuret] hit #2234: HalpIommuInitSystem returned EAX=0x00000000 (success/other) rsp=0xFFFFF80170E75438 exitCount=128906
[iommuret] hit #2235: HalpIommuInitSystem returned EAX=0x00000000 (success/other) rsp=0xFFFFF80170E75438 exitCount=128907
[iommuret] hit #2236: HalpIommuInitSystem returned EAX=0x00000000 (success/other) rsp=0xFFFFF80170E75438 exitCount=128908
[iommuret] hit #2237: HalpIommuInitSystem returned EAX=0x00000000 (success/other) rsp=0xFFFFF80170E75438 exitCount=128909
[iommuret] hit #2238: HalpIommuInitSystem returned EAX=0x00000000 (success/other) rsp=0xFFFFF80170E75438 exitCount=128910
[iommuret] hit #2239: HalpIommuInitSystem returned EAX=0x00000000 (success/other) rsp=0xFFFFF80170E75438 exitCount=128911
[iommuret] hit #2240: HalpIommuInitSystem returned EAX=0x00000000 (success/other) rsp=0xFFFFF80170E75438 exitCount=128912
[iommuret] hit #2241: HalpIommuInitSystem returned EAX=0x00000000 (success/other) rsp=0xFFFFF80170E75438 exitCount=128913
[iommuret] hit #2242: HalpIommuInitSystem returned EAX=0x00000000 (success/other) rsp=0xFFFFF80170E75438 exitCount=128914
[iommuret] hit #2243: HalpIommuInitSystem returned EAX=0x00000000 (success/other) rsp=0xFFFFF80170E75438 exitCount=128915
[iommuret] hit #2244: HalpIommuInitSystem returned EAX=0x00000000 (success/other) rsp=0xFFFFF80170E75438 exitCount=128916
[iommuret] hit #2245: HalpIommuInitSystem returned EAX=0x00000000 (success/other) rsp=0xFFFFF80170E75438 exitCount=128917
[iommuret] hit #2246: HalpIommuInitSystem returned EAX=0x00000000 (success/other) rsp=0xFFFFF80170E75438 exitCount=128918
[iommuret] hit #2247: HalpIommuInitSystem returned EAX=0x00000000 (success/other) rsp=0xFFFFF80170E75438 exitCount=128919
[iommuret] hit #2248: HalpIommuInitSystem returned EAX=0x00000000 (success/other) rsp=0xFFFFF80170E75438 exitCount=128920
[iommuret] hit #2249: HalpIommuInitSystem returned EAX=0x00000000 (success/other) rsp=0xFFFFF80170E75438 exitCount=128921
[iommuret] hit #2250: HalpIommuInitSystem returned EAX=0x00000000 (success/other) rsp=0xFFFFF80170E75438 exitCount=128922
[iommuret] hit #2251: HalpIommuInitSystem returned EAX=0x00000000 (success/other) rsp=0xFFFFF80170E75438 exitCount=128923
[iommuret] hit #2252: HalpIommuInitSystem returned EAX=0x00000000 (success/other) rsp=0xFFFFF80170E75438 exitCount=128924
[iommuret] hit #2253: HalpIommuInitSystem returned EAX=0x00000000 (success/other) rsp=0xFFFFF80170E75438 exitCount=128925
[iommuret] hit #2254: HalpIommuInitSystem returned EAX=0x00000000 (success/other) rsp=0xFFFFF80170E75438 exitCount=128926
[iommuret] hit #2255: HalpIommuInitSystem returned EAX=0x00000000 (success/other) rsp=0xFFFFF80170E75438 exitCount=128927
[iommuret] hit #2256: HalpIommuInitSystem returned EAX=0x00000000 (success/other) rsp=0xFFFFF80170E75438 exitCount=128928
[iommuret] hit #2257: HalpIommuInitSystem returned EAX=0x00000000 (success/other) rsp=0xFFFFF80170E75438 exitCount=128929
[iommuret] hit #2258: HalpIommuInitSystem returned EAX=0x00000000 (success/other) rsp=0xFFFFF80170E75438 exitCount=128930
[iommuret] hit #2259: HalpIommuInitSystem returned EAX=0x00000000 (success/other) rsp=0xFFFFF80170E75438 exitCount=128931
[iommuret] hit #2260: HalpIommuInitSystem returned EAX=0x00000000 (success/other) rsp=0xFFFFF80170E75438 exitCount=128932
[iommuret] hit #2261: HalpIommuInitSystem returned EAX=0x00000000 (success/other) rsp=0xFFFFF80170E75438 exitCount=128933
[iommuret] hit #2262: HalpIommuInitSystem returned EAX=0x00000000 (success/other) rsp=0xFFFFF80170E75438 exitCount=128934
[iommuret] hit #2263: HalpIommuInitSystem returned EAX=0x00000000 (success/other) rsp=0xFFFFF80170E75438 exitCount=128935
[iommuret] hit #2264: HalpIommuInitSystem returned EAX=0x00000000 (success/other) rsp=0xFFFFF80170E75438 exitCount=128936
[iommuret] hit #2265: HalpIommuInitSystem returned EAX=0x00000000 (success/other) rsp=0xFFFFF80170E75438 exitCount=128937
[iommuret] hit #2266: HalpIommuInitSystem returned EAX=0x00000000 (success/other) rsp=0xFFFFF80170E75438 exitCount=128938
[iommuret] hit #2267: HalpIommuInitSystem returned EAX=0x00000000 (success/other) rsp=0xFFFFF80170E75438 exitCount=128939
[iommuret] hit #2268: HalpIommuInitSystem returned EAX=0x00000000 (success/other) rsp=0xFFFFF80170E75438 exitCount=128940
[iommuret] hit #2269: HalpIommuInitSystem returned EAX=0x00000000 (success/other) rsp=0xFFFFF80170E75438 exitCount=128941
[iommuret] hit #2270: HalpIommuInitSystem returned EAX=0x00000000 (success/other) rsp=0xFFFFF80170E75438 exitCount=128942
[iommuret] hit #2271: HalpIommuInitSystem returned EAX=0x00000000 (success/other) rsp=0xFFFFF80170E75438 exitCount=128943
[iommuret] hit #2272: HalpIommuInitSystem returned EAX=0x00000000 (success/other) rsp=0xFFFFF80170E75438 exitCount=128944
[iommuret] hit #2273: HalpIommuInitSystem returned EAX=0x00000000 (success/other) rsp=0xFFFFF80170E75438 exitCount=128945
[iommuret] hit #2274: HalpIommuInitSystem returned EAX=0x00000000 (success/other) rsp=0xFFFFF80170E75438 exitCount=128946
[iommuret] hit #2275: HalpIommuInitSystem returned EAX=0x00000000 (success/other) rsp=0xFFFFF80170E75438 exitCount=128947
[iommuret] hit #2276: HalpIommuInitSystem returned EAX=0x00000000 (success/other) rsp=0xFFFFF80170E75438 exitCount=128948
[iommuret] hit #2277: HalpIommuInitSystem returned EAX=0x00000000 (success/other) rsp=0xFFFFF80170E75438 exitCount=128949
[iommuret] hit #2278: HalpIommuInitSystem returned EAX=0x00000000 (success/other) rsp=0xFFFFF80170E75438 exitCount=128950
[iommuret] hit #2279: HalpIommuInitSystem returned EAX=0x00000000 (success/other) rsp=0xFFFFF80170E75438 exitCount=128951
[iommuret] hit #2280: HalpIommuInitSystem returned EAX=0x00000000 (success/other) rsp=0xFFFFF80170E75438 exitCount=128952
[iommuret] hit #2281: HalpIommuInitSystem returned EAX=0x00000000 (success/other) rsp=0xFFFFF80170E75438 exitCount=128953
[iommuret] hit #2282: HalpIommuInitSystem returned EAX=0x00000000 (success/other) rsp=0xFFFFF80170E75438 exitCount=128954
[iommuret] hit #2283: HalpIommuInitSystem returned EAX=0x00000000 (success/other) rsp=0xFFFFF80170E75438 exitCount=128955
[iommuret] hit #2284: HalpIommuInitSystem returned EAX=0x00000000 (success/other) rsp=0xFFFFF80170E75438 exitCount=128956
[iommuret] hit #2285: HalpIommuInitSystem returned EAX=0x00000000 (success/other) rsp=0xFFFFF80170E75438 exitCount=128957
[iommuret] hit #2286: HalpIommuInitSystem returned EAX=0x00000000 (success/other) rsp=0xFFFFF80170E75438 exitCount=128958
[iommuret] hit #2287: HalpIommuInitSystem returned EAX=0x00000000 (success/other) rsp=0xFFFFF80170E75438 exitCount=128959
[iommuret] hit #2288: HalpIommuInitSystem returned EAX=0x00000000 (success/other) rsp=0xFFFFF80170E75438 exitCount=128960
[iommuret] hit #2289: HalpIommuInitSystem returned EAX=0x00000000 (success/other) rsp=0xFFFFF80170E75438 exitCount=128961
[iommuret] hit #2290: HalpIommuInitSystem returned EAX=0x00000000 (success/other) rsp=0xFFFFF80170E75438 exitCount=128962
[iommuret] hit #2291: HalpIommuInitSystem returned EAX=0x00000000 (success/other) rsp=0xFFFFF80170E75438 exitCount=128963
[iommuret] hit #2292: HalpIommuInitSystem returned EAX=0x00000000 (success/other) rsp=0xFFFFF80170E75438 exitCount=128964
[iommuret] hit #2293: HalpIommuInitSystem returned EAX=0x00000000 (success/other) rsp=0xFFFFF80170E75438 exitCount=128965
[iommuret] hit #2294: HalpIommuInitSystem returned EAX=0x00000000 (success/other) rsp=0xFFFFF80170E75438 exitCount=128966
[iommuret] hit #2295: HalpIommuInitSystem returned EAX=0x00000000 (success/other) rsp=0xFFFFF80170E75438 exitCount=128967
[iommuret] hit #2296: HalpIommuInitSystem returned EAX=0x00000000 (success/other) rsp=0xFFFFF80170E75438 exitCount=128968
[iommuret] hit #2297: HalpIommuInitSystem returned EAX=0x00000000 (success/other) rsp=0xFFFFF80170E75438 exitCount=128969
[iommuret] hit #2298: HalpIommuInitSystem returned EAX=0x00000000 (success/other) rsp=0xFFFFF80170E75438 exitCount=128970
[iommuret] hit #2299: HalpIommuInitSystem returned EAX=0x00000000 (success/other) rsp=0xFFFFF80170E75438 exitCount=128971
[iommuret] hit #2300: HalpIommuInitSystem returned EAX=0x00000000 (success/other) rsp=0xFFFFF80170E75438 exitCount=128972
[iommuret] hit #2301: HalpIommuInitSystem returned EAX=0x00000000 (success/other) rsp=0xFFFFF80170E75438 exitCount=128973
[iommuret] hit #2302: HalpIommuInitSystem returned EAX=0x00000000 (success/other) rsp=0xFFFFF80170E75438 exitCount=128974
[iommuret] hit #2303: HalpIommuInitSystem returned EAX=0x00000000 (success/other) rsp=0xFFFFF80170E75438 exitCount=128975
[iommuret] hit #2304: HalpIommuInitSystem returned EAX=0x00000000 (success/other) rsp=0xFFFFF80170E75438 exitCount=128976
[iommuret] hit #2305: HalpIommuInitSystem returned EAX=0x00000000 (success/other) rsp=0xFFFFF80170E75438 exitCount=128977
[iommuret] hit #2306: HalpIommuInitSystem returned EAX=0x00000000 (success/other) rsp=0xFFFFF80170E75438 exitCount=128978
[iommuret] hit #2307: HalpIommuInitSystem returned EAX=0x00000000 (success/other) rsp=0xFFFFF80170E75438 exitCount=128979
[iommuret] hit #2308: HalpIommuInitSystem returned EAX=0x00000000 (success/other) rsp=0xFFFFF80170E75438 exitCount=128980
[iommuret] hit #2309: HalpIommuInitSystem returned EAX=0x00000000 (success/other) rsp=0xFFFFF80170E75438 exitCount=128981
[iommuret] hit #2310: HalpIommuInitSystem returned EAX=0x00000000 (success/other) rsp=0xFFFFF80170E75438 exitCount=128982
[iommuret] hit #2311: HalpIommuInitSystem returned EAX=0x00000000 (success/other) rsp=0xFFFFF80170E75438 exitCount=128983
[iommuret] hit #2312: HalpIommuInitSystem returned EAX=0x00000000 (success/other) rsp=0xFFFFF80170E75438 exitCount=128984
[iommuret] hit #2313: HalpIommuInitSystem returned EAX=0x00000000 (success/other) rsp=0xFFFFF80170E75438 exitCount=128985
[iommuret] hit #2314: HalpIommuInitSystem returned EAX=0x00000000 (success/other) rsp=0xFFFFF80170E75438 exitCount=128986
[iommuret] hit #2315: HalpIommuInitSystem returned EAX=0x00000000 (success/other) rsp=0xFFFFF80170E75438 exitCount=128987
[iommuret] hit #2316: HalpIommuInitSystem returned EAX=0x00000000 (success/other) rsp=0xFFFFF80170E75438 exitCount=128988
[iommuret] hit #2317: HalpIommuInitSystem returned EAX=0x00000000 (success/other) rsp=0xFFFFF80170E75438 exitCount=128989
[iommuret] hit #2318: HalpIommuInitSystem returned EAX=0x00000000 (success/other) rsp=0xFFFFF80170E75438 exitCount=128990
[iommuret] hit #2319: HalpIommuInitSystem returned EAX=0x00000000 (success/other) rsp=0xFFFFF80170E75438 exitCount=128991
[iommuret] hit #2320: HalpIommuInitSystem returned EAX=0x00000000 (success/other) rsp=0xFFFFF80170E75438 exitCount=128992
[iommuret] hit #2321: HalpIommuInitSystem returned EAX=0x00000000 (success/other) rsp=0xFFFFF80170E75438 exitCount=128993
[iommuret] hit #2322: HalpIommuInitSystem returned EAX=0x00000000 (success/other) rsp=0xFFFFF80170E75438 exitCount=128994
[iommuret] hit #2323: HalpIommuInitSystem returned EAX=0x00000000 (success/other) rsp=0xFFFFF80170E75438 exitCount=128995
[iommuret] hit #2324: HalpIommuInitSystem returned EAX=0x00000000 (success/other) rsp=0xFFFFF80170E75438 exitCount=128996
[iommuret] hit #2325: HalpIommuInitSystem returned EAX=0x00000000 (success/other) rsp=0xFFFFF80170E75438 exitCount=128997
[iommuret] hit #2326: HalpIommuInitSystem returned EAX=0x00000000 (success/other) rsp=0xFFFFF80170E75438 exitCount=128998
[iommuret] hit #2327: HalpIommuInitSystem returned EAX=0x00000000 (success/other) rsp=0xFFFFF80170E75438 exitCount=128999
[iommuret] hit #2328: HalpIommuInitSystem returned EAX=0x00000000 (success/other) rsp=0xFFFFF80170E75438 exitCount=129000
[iommuret] hit #2329: HalpIommuInitSystem returned EAX=0x00000000 (success/other) rsp=0xFFFFF80170E75438 exitCount=129001
[iommuret] hit #2330: HalpIommuInitSystem returned EAX=0x00000000 (success/other) rsp=0xFFFFF80170E75438 exitCount=129002
[iommuret] hit #2331: HalpIommuInitSystem returned EAX=0x00000000 (success/other) rsp=0xFFFFF80170E75438 exitCount=129003
[iommuret] hit #2332: HalpIommuInitSystem returned EAX=0x00000000 (success/other) rsp=0xFFFFF80170E75438 exitCount=129004
[iommuret] hit #2333: HalpIommuInitSystem returned EAX=0x00000000 (success/other) rsp=0xFFFFF80170E75438 exitCount=129005
[iommuret] hit #2334: HalpIommuInitSystem returned EAX=0x00000000 (success/other) rsp=0xFFFFF80170E75438 exitCount=129006
[iommuret] hit #2335: HalpIommuInitSystem returned EAX=0x00000000 (success/other) rsp=0xFFFFF80170E75438 exitCount=129007
[iommuret] hit #2336: HalpIommuInitSystem returned EAX=0x00000000 (success/other) rsp=0xFFFFF80170E75438 exitCount=129008
[iommuret] hit #2337: HalpIommuInitSystem returned EAX=0x00000000 (success/other) rsp=0xFFFFF80170E75438 exitCount=129009
[iommuret] hit #2338: HalpIommuInitSystem returned EAX=0x00000000 (success/other) rsp=0xFFFFF80170E75438 exitCount=129010
[iommuret] hit #2339: HalpIommuInitSystem returned EAX=0x00000000 (success/other) rsp=0xFFFFF80170E75438 exitCount=129011
[iommuret] hit #2340: HalpIommuInitSystem returned EAX=0x00000000 (success/other) rsp=0xFFFFF80170E75438 exitCount=129012
[iommuret] hit #2341: HalpIommuInitSystem returned EAX=0x00000000 (success/other) rsp=0xFFFFF80170E75438 exitCount=129013
[iommuret] hit #2342: HalpIommuInitSystem returned EAX=0x00000000 (success/other) rsp=0xFFFFF80170E75438 exitCount=129014
[iommuret] hit #2343: HalpIommuInitSystem returned EAX=0x00000000 (success/other) rsp=0xFFFFF80170E75438 exitCount=129015
[iommuret] hit #2344: HalpIommuInitSystem returned EAX=0x00000000 (success/other) rsp=0xFFFFF80170E75438 exitCount=129016
[iommuret] hit #2345: HalpIommuInitSystem returned EAX=0x00000000 (success/other) rsp=0xFFFFF80170E75438 exitCount=129017
[iommuret] hit #2346: HalpIommuInitSystem returned EAX=0x00000000 (success/other) rsp=0xFFFFF80170E75438 exitCount=129018
[iommuret] hit #2347: HalpIommuInitSystem returned EAX=0x00000000 (success/other) rsp=0xFFFFF80170E75438 exitCount=129019
[iommuret] hit #2348: HalpIommuInitSystem returned EAX=0x00000000 (success/other) rsp=0xFFFFF80170E75438 exitCount=129020
[iommuret] hit #2349: HalpIommuInitSystem returned EAX=0x00000000 (success/other) rsp=0xFFFFF80170E75438 exitCount=129021
[iommuret] hit #2350: HalpIommuInitSystem returned EAX=0x00000000 (success/other) rsp=0xFFFFF80170E75438 exitCount=129022
[iommuret] hit #2351: HalpIommuInitSystem returned EAX=0x00000000 (success/other) rsp=0xFFFFF80170E75438 exitCount=129023
[iommuret] hit #2352: HalpIommuInitSystem returned EAX=0x00000000 (success/other) rsp=0xFFFFF80170E75438 exitCount=129024
[iommuret] hit #2353: HalpIommuInitSystem returned EAX=0x00000000 (success/other) rsp=0xFFFFF80170E75438 exitCount=129025
[iommuret] hit #2354: HalpIommuInitSystem returned EAX=0x00000000 (success/other) rsp=0xFFFFF80170E75438 exitCount=129026
[iommuret] hit #2355: HalpIommuInitSystem returned EAX=0x00000000 (success/other) rsp=0xFFFFF80170E75438 exitCount=129027
[iommuret] hit #2356: HalpIommuInitSystem returned EAX=0x00000000 (success/other) rsp=0xFFFFF80170E75438 exitCount=129028
[iommuret] hit #2357: HalpIommuInitSystem returned EAX=0x00000000 (success/other) rsp=0xFFFFF80170E75438 exitCount=129029
[iommuret] hit #2358: HalpIommuInitSystem returned EAX=0x00000000 (success/other) rsp=0xFFFFF80170E75438 exitCount=129030
[iommuret] hit #2359: HalpIommuInitSystem returned EAX=0x00000000 (success/other) rsp=0xFFFFF80170E75438 exitCount=129031
[iommuret] hit #2360: HalpIommuInitSystem returned EAX=0x00000000 (success/other) rsp=0xFFFFF80170E75438 exitCount=129032
[iommuret] hit #2361: HalpIommuInitSystem returned EAX=0x00000000 (success/other) rsp=0xFFFFF80170E75438 exitCount=129033
[iommuret] hit #2362: HalpIommuInitSystem returned EAX=0x00000000 (success/other) rsp=0xFFFFF80170E75438 exitCount=129034
[iommuret] hit #2363: HalpIommuInitSystem returned EAX=0x00000000 (success/other) rsp=0xFFFFF80170E75438 exitCount=129035
[iommuret] hit #2364: HalpIommuInitSystem returned EAX=0x00000000 (success/other) rsp=0xFFFFF80170E75438 exitCount=129036
[iommuret] hit #2365: HalpIommuInitSystem returned EAX=0x00000000 (success/other) rsp=0xFFFFF80170E75438 exitCount=129037
[iommuret] hit #2366: HalpIommuInitSystem returned EAX=0x00000000 (success/other) rsp=0xFFFFF80170E75438 exitCount=129038
[iommuret] hit #2367: HalpIommuInitSystem returned EAX=0x00000000 (success/other) rsp=0xFFFFF80170E75438 exitCount=129039
[iommuret] hit #2368: HalpIommuInitSystem returned EAX=0x00000000 (success/other) rsp=0xFFFFF80170E75438 exitCount=129040
[iommuret] hit #2369: HalpIommuInitSystem returned EAX=0x00000000 (success/other) rsp=0xFFFFF80170E75438 exitCount=129041
[iommuret] hit #2370: HalpIommuInitSystem returned EAX=0x00000000 (success/other) rsp=0xFFFFF80170E75438 exitCount=129042
[iommuret] hit #2371: HalpIommuInitSystem returned EAX=0x00000000 (success/other) rsp=0xFFFFF80170E75438 exitCount=129043
[iommuret] hit #2372: HalpIommuInitSystem returned EAX=0x00000000 (success/other) rsp=0xFFFFF80170E75438 exitCount=129044
[iommuret] hit #2373: HalpIommuInitSystem returned EAX=0x00000000 (success/other) rsp=0xFFFFF80170E75438 exitCount=129045
[iommuret] hit #2374: HalpIommuInitSystem returned EAX=0x00000000 (success/other) rsp=0xFFFFF80170E75438 exitCount=129046
[iommuret] hit #2375: HalpIommuInitSystem returned EAX=0x00000000 (success/other) rsp=0xFFFFF80170E75438 exitCount=129047
[iommuret] hit #2376: HalpIommuInitSystem returned EAX=0x00000000 (success/other) rsp=0xFFFFF80170E75438 exitCount=129048
[iommuret] hit #2377: HalpIommuInitSystem returned EAX=0x00000000 (success/other) rsp=0xFFFFF80170E75438 exitCount=129049
[iommuret] hit #2378: HalpIommuInitSystem returned EAX=0x00000000 (success/other) rsp=0xFFFFF80170E75438 exitCount=129050
[iommuret] hit #2379: HalpIommuInitSystem returned EAX=0x00000000 (success/other) rsp=0xFFFFF80170E75438 exitCount=129051
[iommuret] hit #2380: HalpIommuInitSystem returned EAX=0x00000000 (success/other) rsp=0xFFFFF80170E75438 exitCount=129052
[iommuret] hit #2381: HalpIommuInitSystem returned EAX=0x00000000 (success/other) rsp=0xFFFFF80170E75438 exitCount=129053
[iommuret] hit #2382: HalpIommuInitSystem returned EAX=0x00000000 (success/other) rsp=0xFFFFF80170E75438 exitCount=129054
[iommuret] hit #2383: HalpIommuInitSystem returned EAX=0x00000000 (success/other) rsp=0xFFFFF80170E75438 exitCount=129055
[iommuret] hit #2384: HalpIommuInitSystem returned EAX=0x00000000 (success/other) rsp=0xFFFFF80170E75438 exitCount=129056
[iommuret] hit #2385: HalpIommuInitSystem returned EAX=0x00000000 (success/other) rsp=0xFFFFF80170E75438 exitCount=129057
[iommuret] hit #2386: HalpIommuInitSystem returned EAX=0x00000000 (success/other) rsp=0xFFFFF80170E75438 exitCount=129058
[iommuret] hit #2387: HalpIommuInitSystem returned EAX=0x00000000 (success/other) rsp=0xFFFFF80170E75438 exitCount=129059
[iommuret] hit #2388: HalpIommuInitSystem returned EAX=0x00000000 (success/other) rsp=0xFFFFF80170E75438 exitCount=129060
[iommuret] hit #2389: HalpIommuInitSystem returned EAX=0x00000000 (success/other) rsp=0xFFFFF80170E75438 exitCount=129061
[iommuret] hit #2390: HalpIommuInitSystem returned EAX=0x00000000 (success/other) rsp=0xFFFFF80170E75438 exitCount=129062
[iommuret] hit #2391: HalpIommuInitSystem returned EAX=0x00000000 (success/other) rsp=0xFFFFF80170E75438 exitCount=129063
[iommuret] hit #2392: HalpIommuInitSystem returned EAX=0x00000000 (success/other) rsp=0xFFFFF80170E75438 exitCount=129064
[iommuret] hit #2393: HalpIommuInitSystem returned EAX=0x00000000 (success/other) rsp=0xFFFFF80170E75438 exitCount=129065
[iommuret] hit #2394: HalpIommuInitSystem returned EAX=0x00000000 (success/other) rsp=0xFFFFF80170E75438 exitCount=129066
[iommuret] hit #2395: HalpIommuInitSystem returned EAX=0x00000000 (success/other) rsp=0xFFFFF80170E75438 exitCount=129067
[iommuret] hit #2396: HalpIommuInitSystem returned EAX=0x00000000 (success/other) rsp=0xFFFFF80170E75438 exitCount=129068
[iommuret] hit #2397: HalpIommuInitSystem returned EAX=0x00000000 (success/other) rsp=0xFFFFF80170E75438 exitCount=129069
[iommuret] hit #2398: HalpIommuInitSystem returned EAX=0x00000000 (success/other) rsp=0xFFFFF80170E75438 exitCount=129070
[iommuret] hit #2399: HalpIommuInitSystem returned EAX=0x00000000 (success/other) rsp=0xFFFFF80170E75438 exitCount=129071
[iommuret] hit #2400: HalpIommuInitSystem returned EAX=0x00000000 (success/other) rsp=0xFFFFF80170E75438 exitCount=129072
[iommuret] hit #2401: HalpIommuInitSystem returned EAX=0x00000000 (success/other) rsp=0xFFFFF80170E75438 exitCount=129073
[iommuret] hit #2402: HalpIommuInitSystem returned EAX=0x00000000 (success/other) rsp=0xFFFFF80170E75438 exitCount=129074
[iommuret] hit #2403: HalpIommuInitSystem returned EAX=0x00000000 (success/other) rsp=0xFFFFF80170E75438 exitCount=129075
[iommuret] hit #2404: HalpIommuInitSystem returned EAX=0x00000000 (success/other) rsp=0xFFFFF80170E75438 exitCount=129076
[iommuret] hit #2405: HalpIommuInitSystem returned EAX=0x00000000 (success/other) rsp=0xFFFFF80170E75438 exitCount=129077
[iommuret] hit #2406: HalpIommuInitSystem returned EAX=0x00000000 (success/other) rsp=0xFFFFF80170E75438 exitCount=129078
[iommuret] hit #2407: HalpIommuInitSystem returned EAX=0x00000000 (success/other) rsp=0xFFFFF80170E75438 exitCount=129079
[iommuret] hit #2408: HalpIommuInitSystem returned EAX=0x00000000 (success/other) rsp=0xFFFFF80170E75438 exitCount=129080
[iommuret] hit #2409: HalpIommuInitSystem returned EAX=0x00000000 (success/other) rsp=0xFFFFF80170E75438 exitCount=129081
[iommuret] hit #2410: HalpIommuInitSystem returned EAX=0x00000000 (success/other) rsp=0xFFFFF80170E75438 exitCount=129082
[iommuret] hit #2411: HalpIommuInitSystem returned EAX=0x00000000 (success/other) rsp=0xFFFFF80170E75438 exitCount=129083
[iommuret] hit #2412: HalpIommuInitSystem returned EAX=0x00000000 (success/other) rsp=0xFFFFF80170E75438 exitCount=129084
[iommuret] hit #2413: HalpIommuInitSystem returned EAX=0x00000000 (success/other) rsp=0xFFFFF80170E75438 exitCount=129085
[iommuret] hit #2414: HalpIommuInitSystem returned EAX=0x00000000 (success/other) rsp=0xFFFFF80170E75438 exitCount=129086
[iommuret] hit #2415: HalpIommuInitSystem returned EAX=0x00000000 (success/other) rsp=0xFFFFF80170E75438 exitCount=129087
[iommuret] hit #2416: HalpIommuInitSystem returned EAX=0x00000000 (success/other) rsp=0xFFFFF80170E75438 exitCount=129088
[iommuret] hit #2417: HalpIommuInitSystem returned EAX=0x00000000 (success/other) rsp=0xFFFFF80170E75438 exitCount=129089
[iommuret] hit #2418: HalpIommuInitSystem returned EAX=0x00000000 (success/other) rsp=0xFFFFF80170E75438 exitCount=129090
[iommuret] hit #2419: HalpIommuInitSystem returned EAX=0x00000000 (success/other) rsp=0xFFFFF80170E75438 exitCount=129091
[iommuret] hit #2420: HalpIommuInitSystem returned EAX=0x00000000 (success/other) rsp=0xFFFFF80170E75438 exitCount=129092
[iommuret] hit #2421: HalpIommuInitSystem returned EAX=0x00000000 (success/other) rsp=0xFFFFF80170E75438 exitCount=129093
[iommuret] hit #2422: HalpIommuInitSystem returned EAX=0x00000000 (success/other) rsp=0xFFFFF80170E75438 exitCount=129094
[iommuret] hit #2423: HalpIommuInitSystem returned EAX=0x00000000 (success/other) rsp=0xFFFFF80170E75438 exitCount=129095
[iommuret] hit #2424: HalpIommuInitSystem returned EAX=0x00000000 (success/other) rsp=0xFFFFF80170E75438 exitCount=129096
[iommuret] hit #2425: HalpIommuInitSystem returned EAX=0x00000000 (success/other) rsp=0xFFFFF80170E75438 exitCount=129097
[iommuret] hit #2426: HalpIommuInitSystem returned EAX=0x00000000 (success/other) rsp=0xFFFFF80170E75438 exitCount=129098
[iommuret] hit #2427: HalpIommuInitSystem returned EAX=0x00000000 (success/other) rsp=0xFFFFF80170E75438 exitCount=129099
[iommuret] hit #2428: HalpIommuInitSystem returned EAX=0x00000000 (success/other) rsp=0xFFFFF80170E75438 exitCount=129100
[iommuret] hit #2429: HalpIommuInitSystem returned EAX=0x00000000 (success/other) rsp=0xFFFFF80170E75438 exitCount=129101
[iommuret] hit #2430: HalpIommuInitSystem returned EAX=0x00000000 (success/other) rsp=0xFFFFF80170E75438 exitCount=129102
[iommuret] hit #2431: HalpIommuInitSystem returned EAX=0x00000000 (success/other) rsp=0xFFFFF80170E75438 exitCount=129103
[iommuret] hit #2432: HalpIommuInitSystem returned EAX=0x00000000 (success/other) rsp=0xFFFFF80170E75438 exitCount=129104
[iommuret] hit #2433: HalpIommuInitSystem returned EAX=0x00000000 (success/other) rsp=0xFFFFF80170E75438 exitCount=129105
[iommuret] hit #2434: HalpIommuInitSystem returned EAX=0x00000000 (success/other) rsp=0xFFFFF80170E75438 exitCount=129106
[iommuret] hit #2435: HalpIommuInitSystem returned EAX=0x00000000 (success/other) rsp=0xFFFFF80170E75438 exitCount=129107
[iommuret] hit #2436: HalpIommuInitSystem returned EAX=0x00000000 (success/other) rsp=0xFFFFF80170E75438 exitCount=129108
[iommuret] hit #2437: HalpIommuInitSystem returned EAX=0x00000000 (success/other) rsp=0xFFFFF80170E75438 exitCount=129109
[iommuret] hit #2438: HalpIommuInitSystem returned EAX=0x00000000 (success/other) rsp=0xFFFFF80170E75438 exitCount=129110
[iommuret] hit #2439: HalpIommuInitSystem returned EAX=0x00000000 (success/other) rsp=0xFFFFF80170E75438 exitCount=129111
[iommuret] hit #2440: HalpIommuInitSystem returned EAX=0x00000000 (success/other) rsp=0xFFFFF80170E75438 exitCount=129112
[iommuret] hit #2441: HalpIommuInitSystem returned EAX=0x00000000 (success/other) rsp=0xFFFFF80170E75438 exitCount=129113
[iommuret] hit #2442: HalpIommuInitSystem returned EAX=0x00000000 (success/other) rsp=0xFFFFF80170E75438 exitCount=129114
[iommuret] hit #2443: HalpIommuInitSystem returned EAX=0x00000000 (success/other) rsp=0xFFFFF80170E75438 exitCount=129115
[iommuret] hit #2444: HalpIommuInitSystem returned EAX=0x00000000 (success/other) rsp=0xFFFFF80170E75438 exitCount=129116
[iommuret] hit #2445: HalpIommuInitSystem returned EAX=0x00000000 (success/other) rsp=0xFFFFF80170E75438 exitCount=129117
[iommuret] hit #2446: HalpIommuInitSystem returned EAX=0x00000000 (success/other) rsp=0xFFFFF80170E75438 exitCount=129118
[iommuret] hit #2447: HalpIommuInitSystem returned EAX=0x00000000 (success/other) rsp=0xFFFFF80170E75438 exitCount=129119
[iommuret] hit #2448: HalpIommuInitSystem returned EAX=0x00000000 (success/other) rsp=0xFFFFF80170E75438 exitCount=129120
[iommuret] hit #2449: HalpIommuInitSystem returned EAX=0x00000000 (success/other) rsp=0xFFFFF80170E75438 exitCount=129121
[iommuret] hit #2450: HalpIommuInitSystem returned EAX=0x00000000 (success/other) rsp=0xFFFFF80170E75438 exitCount=129122
[iommuret] hit #2451: HalpIommuInitSystem returned EAX=0x00000000 (success/other) rsp=0xFFFFF80170E75438 exitCount=129123
[iommuret] hit #2452: HalpIommuInitSystem returned EAX=0x00000000 (success/other) rsp=0xFFFFF80170E75438 exitCount=129124
[iommuret] hit #2453: HalpIommuInitSystem returned EAX=0x00000000 (success/other) rsp=0xFFFFF80170E75438 exitCount=129125
[iommuret] hit #2454: HalpIommuInitSystem returned EAX=0x00000000 (success/other) rsp=0xFFFFF80170E75438 exitCount=129126
[iommuret] hit #2455: HalpIommuInitSystem returned EAX=0x00000000 (success/other) rsp=0xFFFFF80170E75438 exitCount=129127
[iommuret] hit #2456: HalpIommuInitSystem returned EAX=0x00000000 (success/other) rsp=0xFFFFF80170E75438 exitCount=129128
[iommuret] hit #2457: HalpIommuInitSystem returned EAX=0x00000000 (success/other) rsp=0xFFFFF80170E75438 exitCount=129129
[iommuret] hit #2458: HalpIommuInitSystem returned EAX=0x00000000 (success/other) rsp=0xFFFFF80170E75438 exitCount=129130
[iommuret] hit #2459: HalpIommuInitSystem returned EAX=0x00000000 (success/other) rsp=0xFFFFF80170E75438 exitCount=129131
[iommuret] hit #2460: HalpIommuInitSystem returned EAX=0x00000000 (success/other) rsp=0xFFFFF80170E75438 exitCount=129132
[iommuret] hit #2461: HalpIommuInitSystem returned EAX=0x00000000 (success/other) rsp=0xFFFFF80170E75438 exitCount=129133
[iommuret] hit #2462: HalpIommuInitSystem returned EAX=0x00000000 (success/other) rsp=0xFFFFF80170E75438 exitCount=129134
[iommuret] hit #2463: HalpIommuInitSystem returned EAX=0x00000000 (success/other) rsp=0xFFFFF80170E75438 exitCount=129135
[iommuret] hit #2464: HalpIommuInitSystem returned EAX=0x00000000 (success/other) rsp=0xFFFFF80170E75438 exitCount=129136
[iommuret] hit #2465: HalpIommuInitSystem returned EAX=0x00000000 (success/other) rsp=0xFFFFF80170E75438 exitCount=129137
[iommuret] hit #2466: HalpIommuInitSystem returned EAX=0x00000000 (success/other) rsp=0xFFFFF80170E75438 exitCount=129138
[iommuret] hit #2467: HalpIommuInitSystem returned EAX=0x00000000 (success/other) rsp=0xFFFFF80170E75438 exitCount=129139
[iommuret] hit #2468: HalpIommuInitSystem returned EAX=0x00000000 (success/other) rsp=0xFFFFF80170E75438 exitCount=129140
[iommuret] hit #2469: HalpIommuInitSystem returned EAX=0x00000000 (success/other) rsp=0xFFFFF80170E75438 exitCount=129141
[iommuret] hit #2470: HalpIommuInitSystem returned EAX=0x00000000 (success/other) rsp=0xFFFFF80170E75438 exitCount=129142
[iommuret] hit #2471: HalpIommuInitSystem returned EAX=0x00000000 (success/other) rsp=0xFFFFF80170E75438 exitCount=129143
[iommuret] hit #2472: HalpIommuInitSystem returned EAX=0x00000000 (success/other) rsp=0xFFFFF80170E75438 exitCount=129144
[iommuret] hit #2473: HalpIommuInitSystem returned EAX=0x00000000 (success/other) rsp=0xFFFFF80170E75438 exitCount=129145
[iommuret] hit #2474: HalpIommuInitSystem returned EAX=0x00000000 (success/other) rsp=0xFFFFF80170E75438 exitCount=129146
[iommuret] hit #2475: HalpIommuInitSystem returned EAX=0x00000000 (success/other) rsp=0xFFFFF80170E75438 exitCount=129147
[iommuret] hit #2476: HalpIommuInitSystem returned EAX=0x00000000 (success/other) rsp=0xFFFFF80170E75438 exitCount=129148
[iommuret] hit #2477: HalpIommuInitSystem returned EAX=0x00000000 (success/other) rsp=0xFFFFF80170E75438 exitCount=129149
[iommuret] hit #2478: HalpIommuInitSystem returned EAX=0x00000000 (success/other) rsp=0xFFFFF80170E75438 exitCount=129150
[iommuret] hit #2479: HalpIommuInitSystem returned EAX=0x00000000 (success/other) rsp=0xFFFFF80170E75438 exitCount=129151
[iommuret] hit #2480: HalpIommuInitSystem returned EAX=0x00000000 (success/other) rsp=0xFFFFF80170E75438 exitCount=129152
[iommuret] hit #2481: HalpIommuInitSystem returned EAX=0x00000000 (success/other) rsp=0xFFFFF80170E75438 exitCount=129153
[iommuret] hit #2482: HalpIommuInitSystem returned EAX=0x00000000 (success/other) rsp=0xFFFFF80170E75438 exitCount=129154
[iommuret] hit #2483: HalpIommuInitSystem returned EAX=0x00000000 (success/other) rsp=0xFFFFF80170E75438 exitCount=129155
[iommuret] hit #2484: HalpIommuInitSystem returned EAX=0x00000000 (success/other) rsp=0xFFFFF80170E75438 exitCount=129156
[iommuret] hit #2485: HalpIommuInitSystem returned EAX=0x00000000 (success/other) rsp=0xFFFFF80170E75438 exitCount=129157
[iommuret] hit #2486: HalpIommuInitSystem returned EAX=0x00000000 (success/other) rsp=0xFFFFF80170E75438 exitCount=129158
[iommuret] hit #2487: HalpIommuInitSystem returned EAX=0x00000000 (success/other) rsp=0xFFFFF80170E75438 exitCount=129159
[iommuret] hit #2488: HalpIommuInitSystem returned EAX=0x00000000 (success/other) rsp=0xFFFFF80170E75438 exitCount=129160
[iommuret] hit #2489: HalpIommuInitSystem returned EAX=0x00000000 (success/other) rsp=0xFFFFF80170E75438 exitCount=129161
[iommuret] hit #2490: HalpIommuInitSystem returned EAX=0x00000000 (success/other) rsp=0xFFFFF80170E75438 exitCount=129162
[iommuret] hit #2491: HalpIommuInitSystem returned EAX=0x00000000 (success/other) rsp=0xFFFFF80170E75438 exitCount=129163
[iommuret] hit #2492: HalpIommuInitSystem returned EAX=0x00000000 (success/other) rsp=0xFFFFF80170E75438 exitCount=129164
[iommuret] hit #2493: HalpIommuInitSystem returned EAX=0x00000000 (success/other) rsp=0xFFFFF80170E75438 exitCount=129165
[iommuret] hit #2494: HalpIommuInitSystem returned EAX=0x00000000 (success/other) rsp=0xFFFFF80170E75438 exitCount=129166
[iommuret] hit #2495: HalpIommuInitSystem returned EAX=0x00000000 (success/other) rsp=0xFFFFF80170E75438 exitCount=129167
[iommuret] hit #2496: HalpIommuInitSystem returned EAX=0x00000000 (success/other) rsp=0xFFFFF80170E75438 exitCount=129168
[iommuret] hit #2497: HalpIommuInitSystem returned EAX=0x00000000 (success/other) rsp=0xFFFFF80170E75438 exitCount=129169
[iommuret] hit #2498: HalpIommuInitSystem returned EAX=0x00000000 (success/other) rsp=0xFFFFF80170E75438 exitCount=129170
[iommuret] hit #2499: HalpIommuInitSystem returned EAX=0x00000000 (success/other) rsp=0xFFFFF80170E75438 exitCount=129171
[iommuret] hit #2500: HalpIommuInitSystem returned EAX=0x00000000 (success/other) rsp=0xFFFFF80170E75438 exitCount=129172
[iommuret] hit #2501: HalpIommuInitSystem returned EAX=0x00000000 (success/other) rsp=0xFFFFF80170E75438 exitCount=129173
[iommuret] hit #2502: HalpIommuInitSystem returned EAX=0x00000000 (success/other) rsp=0xFFFFF80170E75438 exitCount=129174
[iommuret] hit #2503: HalpIommuInitSystem returned EAX=0x00000000 (success/other) rsp=0xFFFFF80170E75438 exitCount=129175
[iommuret] hit #2504: HalpIommuInitSystem returned EAX=0x00000000 (success/other) rsp=0xFFFFF80170E75438 exitCount=129176
[iommuret] hit #2505: HalpIommuInitSystem returned EAX=0x00000000 (success/other) rsp=0xFFFFF80170E75438 exitCount=129177
[iommuret] hit #2506: HalpIommuInitSystem returned EAX=0x00000000 (success/other) rsp=0xFFFFF80170E75438 exitCount=129178
[iommuret] hit #2507: HalpIommuInitSystem returned EAX=0x00000000 (success/other) rsp=0xFFFFF80170E75438 exitCount=129179
[iommuret] hit #2508: HalpIommuInitSystem returned EAX=0x00000000 (success/other) rsp=0xFFFFF80170E75438 exitCount=129180
[iommuret] hit #2509: HalpIommuInitSystem returned EAX=0x00000000 (success/other) rsp=0xFFFFF80170E75438 exitCount=129181
[iommuret] hit #2510: HalpIommuInitSystem returned EAX=0x00000000 (success/other) rsp=0xFFFFF80170E75438 exitCount=129182
[iommuret] hit #2511: HalpIommuInitSystem returned EAX=0x00000000 (success/other) rsp=0xFFFFF80170E75438 exitCount=129183
[iommuret] hit #2512: HalpIommuInitSystem returned EAX=0x00000000 (success/other) rsp=0xFFFFF80170E75438 exitCount=129184
[iommuret] hit #2513: HalpIommuInitSystem returned EAX=0x00000000 (success/other) rsp=0xFFFFF80170E75438 exitCount=129185
[iommuret] hit #2514: HalpIommuInitSystem returned EAX=0x00000000 (success/other) rsp=0xFFFFF80170E75438 exitCount=129186
[iommuret] hit #2515: HalpIommuInitSystem returned EAX=0x00000000 (success/other) rsp=0xFFFFF80170E75438 exitCount=129187
[iommuret] hit #2516: HalpIommuInitSystem returned EAX=0x00000000 (success/other) rsp=0xFFFFF80170E75438 exitCount=129188
[iommuret] hit #2517: HalpIommuInitSystem returned EAX=0x00000000 (success/other) rsp=0xFFFFF80170E75438 exitCount=129189
[iommuret] hit #2518: HalpIommuInitSystem returned EAX=0x00000000 (success/other) rsp=0xFFFFF80170E75438 exitCount=129190
[iommuret] hit #2519: HalpIommuInitSystem returned EAX=0x00000000 (success/other) rsp=0xFFFFF80170E75438 exitCount=129191
[iommuret] hit #2520: HalpIommuInitSystem returned EAX=0x00000000 (success/other) rsp=0xFFFFF80170E75438 exitCount=129192
[iommuret] hit #2521: HalpIommuInitSystem returned EAX=0x00000000 (success/other) rsp=0xFFFFF80170E75438 exitCount=129193
[iommuret] hit #2522: HalpIommuInitSystem returned EAX=0x00000000 (success/other) rsp=0xFFFFF80170E75438 exitCount=129194
[iommuret] hit #2523: HalpIommuInitSystem returned EAX=0x00000000 (success/other) rsp=0xFFFFF80170E75438 exitCount=129195
[iommuret] hit #2524: HalpIommuInitSystem returned EAX=0x00000000 (success/other) rsp=0xFFFFF80170E75438 exitCount=129196
[iommuret] hit #2525: HalpIommuInitSystem returned EAX=0x00000000 (success/other) rsp=0xFFFFF80170E75438 exitCount=129197
[iommuret] hit #2526: HalpIommuInitSystem returned EAX=0x00000000 (success/other) rsp=0xFFFFF80170E75438 exitCount=129198
[iommuret] hit #2527: HalpIommuInitSystem returned EAX=0x00000000 (success/other) rsp=0xFFFFF80170E75438 exitCount=129199
[iommuret] hit #2528: HalpIommuInitSystem returned EAX=0x00000000 (success/other) rsp=0xFFFFF80170E75438 exitCount=129200
[iommuret] hit #2529: HalpIommuInitSystem returned EAX=0x00000000 (success/other) rsp=0xFFFFF80170E75438 exitCount=129201
[iommuret] hit #2530: HalpIommuInitSystem returned EAX=0x00000000 (success/other) rsp=0xFFFFF80170E75438 exitCount=129202
[iommuret] hit #2531: HalpIommuInitSystem returned EAX=0x00000000 (success/other) rsp=0xFFFFF80170E75438 exitCount=129203
[iommuret] hit #2532: HalpIommuInitSystem returned EAX=0x00000000 (success/other) rsp=0xFFFFF80170E75438 exitCount=129204
[iommuret] hit #2533: HalpIommuInitSystem returned EAX=0x00000000 (success/other) rsp=0xFFFFF80170E75438 exitCount=129205
[iommuret] hit #2534: HalpIommuInitSystem returned EAX=0x00000000 (success/other) rsp=0xFFFFF80170E75438 exitCount=129206
[iommuret] hit #2535: HalpIommuInitSystem returned EAX=0x00000000 (success/other) rsp=0xFFFFF80170E75438 exitCount=129207
[iommuret] hit #2536: HalpIommuInitSystem returned EAX=0x00000000 (success/other) rsp=0xFFFFF80170E75438 exitCount=129208
[iommuret] hit #2537: HalpIommuInitSystem returned EAX=0x00000000 (success/other) rsp=0xFFFFF80170E75438 exitCount=129209
[iommuret] hit #2538: HalpIommuInitSystem returned EAX=0x00000000 (success/other) rsp=0xFFFFF80170E75438 exitCount=129210
[iommuret] hit #2539: HalpIommuInitSystem returned EAX=0x00000000 (success/other) rsp=0xFFFFF80170E75438 exitCount=129211
[iommuret] hit #2540: HalpIommuInitSystem returned EAX=0x00000000 (success/other) rsp=0xFFFFF80170E75438 exitCount=129212
[iommuret] hit #2541: HalpIommuInitSystem returned EAX=0x00000000 (success/other) rsp=0xFFFFF80170E75438 exitCount=129213
[iommuret] hit #2542: HalpIommuInitSystem returned EAX=0x00000000 (success/other) rsp=0xFFFFF80170E75438 exitCount=129214
[iommuret] hit #2543: HalpIommuInitSystem returned EAX=0x00000000 (success/other) rsp=0xFFFFF80170E75438 exitCount=129215
[iommuret] hit #2544: HalpIommuInitSystem returned EAX=0x00000000 (success/other) rsp=0xFFFFF80170E75438 exitCount=129216
[iommuret] hit #2545: HalpIommuInitSystem returned EAX=0x00000000 (success/other) rsp=0xFFFFF80170E75438 exitCount=129217
[iommuret] hit #2546: HalpIommuInitSystem returned EAX=0x00000000 (success/other) rsp=0xFFFFF80170E75438 exitCount=129218
[iommuret] hit #2547: HalpIommuInitSystem returned EAX=0x00000000 (success/other) rsp=0xFFFFF80170E75438 exitCount=129219
[iommuret] hit #2548: HalpIommuInitSystem returned EAX=0x00000000 (success/other) rsp=0xFFFFF80170E75438 exitCount=129220
[iommuret] hit #2549: HalpIommuInitSystem returned EAX=0x00000000 (success/other) rsp=0xFFFFF80170E75438 exitCount=129221
[iommuret] hit #2550: HalpIommuInitSystem returned EAX=0x00000000 (success/other) rsp=0xFFFFF80170E75438 exitCount=129222
[iommuret] hit #2551: HalpIommuInitSystem returned EAX=0x00000000 (success/other) rsp=0xFFFFF80170E75438 exitCount=129223
[iommuret] hit #2552: HalpIommuInitSystem returned EAX=0x00000000 (success/other) rsp=0xFFFFF80170E75438 exitCount=129224
[iommuret] hit #2553: HalpIommuInitSystem returned EAX=0x00000000 (success/other) rsp=0xFFFFF80170E75438 exitCount=129225
[iommuret] hit #2554: HalpIommuInitSystem returned EAX=0x00000000 (success/other) rsp=0xFFFFF80170E75438 exitCount=129226
[iommuret] hit #2555: HalpIommuInitSystem returned EAX=0x00000000 (success/other) rsp=0xFFFFF80170E75438 exitCount=129227
[iommuret] hit #2556: HalpIommuInitSystem returned EAX=0x00000000 (success/other) rsp=0xFFFFF80170E75438 exitCount=129228
[iommuret] hit #2557: HalpIommuInitSystem returned EAX=0x00000000 (success/other) rsp=0xFFFFF80170E75438 exitCount=129229
[iommuret] hit #2558: HalpIommuInitSystem returned EAX=0x00000000 (success/other) rsp=0xFFFFF80170E75438 exitCount=129230
[iommuret] hit #2559: HalpIommuInitSystem returned EAX=0x00000000 (success/other) rsp=0xFFFFF80170E75438 exitCount=129231
[iommuret] hit #2560: HalpIommuInitSystem returned EAX=0x00000000 (success/other) rsp=0xFFFFF80170E75438 exitCount=129232
[iommuret] hit #2561: HalpIommuInitSystem returned EAX=0x00000000 (success/other) rsp=0xFFFFF80170E75438 exitCount=129233
[iommuret] hit #2562: HalpIommuInitSystem returned EAX=0x00000000 (success/other) rsp=0xFFFFF80170E75438 exitCount=129234
[iommuret] hit #2563: HalpIommuInitSystem returned EAX=0x00000000 (success/other) rsp=0xFFFFF80170E75438 exitCount=129235
[iommuret] hit #2564: HalpIommuInitSystem returned EAX=0x00000000 (success/other) rsp=0xFFFFF80170E75438 exitCount=129236
[iommuret] hit #2565: HalpIommuInitSystem returned EAX=0x00000000 (success/other) rsp=0xFFFFF80170E75438 exitCount=129237
[iommuret] hit #2566: HalpIommuInitSystem returned EAX=0x00000000 (success/other) rsp=0xFFFFF80170E75438 exitCount=129238
[iommuret] hit #2567: HalpIommuInitSystem returned EAX=0x00000000 (success/other) rsp=0xFFFFF80170E75438 exitCount=129239
[iommuret] hit #2568: HalpIommuInitSystem returned EAX=0x00000000 (success/other) rsp=0xFFFFF80170E75438 exitCount=129240
[iommuret] hit #2569: HalpIommuInitSystem returned EAX=0x00000000 (success/other) rsp=0xFFFFF80170E75438 exitCount=129241
[iommuret] hit #2570: HalpIommuInitSystem returned EAX=0x00000000 (success/other) rsp=0xFFFFF80170E75438 exitCount=129242
[iommuret] hit #2571: HalpIommuInitSystem returned EAX=0x00000000 (success/other) rsp=0xFFFFF80170E75438 exitCount=129243
[iommuret] hit #2572: HalpIommuInitSystem returned EAX=0x00000000 (success/other) rsp=0xFFFFF80170E75438 exitCount=129244
[iommuret] hit #2573: HalpIommuInitSystem returned EAX=0x00000000 (success/other) rsp=0xFFFFF80170E75438 exitCount=129245
[iommuret] hit #2574: HalpIommuInitSystem returned EAX=0x00000000 (success/other) rsp=0xFFFFF80170E75438 exitCount=129246
[iommuret] hit #2575: HalpIommuInitSystem returned EAX=0x00000000 (success/other) rsp=0xFFFFF80170E75438 exitCount=129247
[iommuret] hit #2576: HalpIommuInitSystem returned EAX=0x00000000 (success/other) rsp=0xFFFFF80170E75438 exitCount=129248
[iommuret] hit #2577: HalpIommuInitSystem returned EAX=0x00000000 (success/other) rsp=0xFFFFF80170E75438 exitCount=129249
[iommuret] hit #2578: HalpIommuInitSystem returned EAX=0x00000000 (success/other) rsp=0xFFFFF80170E75438 exitCount=129250
[iommuret] hit #2579: HalpIommuInitSystem returned EAX=0x00000000 (success/other) rsp=0xFFFFF80170E75438 exitCount=129251
[iommuret] hit #2580: HalpIommuInitSystem returned EAX=0x00000000 (success/other) rsp=0xFFFFF80170E75438 exitCount=129252
[iommuret] hit #2581: HalpIommuInitSystem returned EAX=0x00000000 (success/other) rsp=0xFFFFF80170E75438 exitCount=129253
[iommuret] hit #2582: HalpIommuInitSystem returned EAX=0x00000000 (success/other) rsp=0xFFFFF80170E75438 exitCount=129254
[iommuret] hit #2583: HalpIommuInitSystem returned EAX=0x00000000 (success/other) rsp=0xFFFFF80170E75438 exitCount=129255
[iommuret] hit #2584: HalpIommuInitSystem returned EAX=0x00000000 (success/other) rsp=0xFFFFF80170E75438 exitCount=129256
[iommuret] hit #2585: HalpIommuInitSystem returned EAX=0x00000000 (success/other) rsp=0xFFFFF80170E75438 exitCount=129257
[iommuret] hit #2586: HalpIommuInitSystem returned EAX=0x00000000 (success/other) rsp=0xFFFFF80170E75438 exitCount=129258
[iommuret] hit #2587: HalpIommuInitSystem returned EAX=0x00000000 (success/other) rsp=0xFFFFF80170E75438 exitCount=129259
[iommuret] hit #2588: HalpIommuInitSystem returned EAX=0x00000000 (success/other) rsp=0xFFFFF80170E75438 exitCount=129260
[iommuret] hit #2589: HalpIommuInitSystem returned EAX=0x00000000 (success/other) rsp=0xFFFFF80170E75438 exitCount=129261
[iommuret] hit #2590: HalpIommuInitSystem returned EAX=0x00000000 (success/other) rsp=0xFFFFF80170E75438 exitCount=129262
[iommuret] hit #2591: HalpIommuInitSystem returned EAX=0x00000000 (success/other) rsp=0xFFFFF80170E75438 exitCount=129263
[iommuret] hit #2592: HalpIommuInitSystem returned EAX=0x00000000 (success/other) rsp=0xFFFFF80170E75438 exitCount=129264
[iommuret] hit #2593: HalpIommuInitSystem returned EAX=0x00000000 (success/other) rsp=0xFFFFF80170E75438 exitCount=129265
[iommuret] hit #2594: HalpIommuInitSystem returned EAX=0x00000000 (success/other) rsp=0xFFFFF80170E75438 exitCount=129266
[iommuret] hit #2595: HalpIommuInitSystem returned EAX=0x00000000 (success/other) rsp=0xFFFFF80170E75438 exitCount=129267
[iommuret] hit #2596: HalpIommuInitSystem returned EAX=0x00000000 (success/other) rsp=0xFFFFF80170E75438 exitCount=129268
[iommuret] hit #2597: HalpIommuInitSystem returned EAX=0x00000000 (success/other) rsp=0xFFFFF80170E75438 exitCount=129269
[iommuret] hit #2598: HalpIommuInitSystem returned EAX=0x00000000 (success/other) rsp=0xFFFFF80170E75438 exitCount=129270
[iommuret] hit #2599: HalpIommuInitSystem returned EAX=0x00000000 (success/other) rsp=0xFFFFF80170E75438 exitCount=129271
[iommuret] hit #2600: HalpIommuInitSystem returned EAX=0x00000000 (success/other) rsp=0xFFFFF80170E75438 exitCount=129272
[iommuret] hit #2601: HalpIommuInitSystem returned EAX=0x00000000 (success/other) rsp=0xFFFFF80170E75438 exitCount=129273
[iommuret] hit #2602: HalpIommuInitSystem returned EAX=0x00000000 (success/other) rsp=0xFFFFF80170E75438 exitCount=129274
[iommuret] hit #2603: HalpIommuInitSystem returned EAX=0x00000000 (success/other) rsp=0xFFFFF80170E75438 exitCount=129275
[iommuret] hit #2604: HalpIommuInitSystem returned EAX=0x00000000 (success/other) rsp=0xFFFFF80170E75438 exitCount=129276
[iommuret] hit #2605: HalpIommuInitSystem returned EAX=0x00000000 (success/other) rsp=0xFFFFF80170E75438 exitCount=129277
[iommuret] hit #2606: HalpIommuInitSystem returned EAX=0x00000000 (success/other) rsp=0xFFFFF80170E75438 exitCount=129278
[iommuret] hit #2607: HalpIommuInitSystem returned EAX=0x00000000 (success/other) rsp=0xFFFFF80170E75438 exitCount=129279
[iommuret] hit #2608: HalpIommuInitSystem returned EAX=0x00000000 (success/other) rsp=0xFFFFF80170E75438 exitCount=129280
[iommuret] hit #2609: HalpIommuInitSystem returned EAX=0x00000000 (success/other) rsp=0xFFFFF80170E75438 exitCount=129281
[iommuret] hit #2610: HalpIommuInitSystem returned EAX=0x00000000 (success/other) rsp=0xFFFFF80170E75438 exitCount=129282
[iommuret] hit #2611: HalpIommuInitSystem returned EAX=0x00000000 (success/other) rsp=0xFFFFF80170E75438 exitCount=129283
[iommuret] hit #2612: HalpIommuInitSystem returned EAX=0x00000000 (success/other) rsp=0xFFFFF80170E75438 exitCount=129284
[iommuret] hit #2613: HalpIommuInitSystem returned EAX=0x00000000 (success/other) rsp=0xFFFFF80170E75438 exitCount=129285
[iommuret] hit #2614: HalpIommuInitSystem returned EAX=0x00000000 (success/other) rsp=0xFFFFF80170E75438 exitCount=129286
[iommuret] hit #2615: HalpIommuInitSystem returned EAX=0x00000000 (success/other) rsp=0xFFFFF80170E75438 exitCount=129287
[iommuret] hit #2616: HalpIommuInitSystem returned EAX=0x00000000 (success/other) rsp=0xFFFFF80170E75438 exitCount=129288
[iommuret] hit #2617: HalpIommuInitSystem returned EAX=0x00000000 (success/other) rsp=0xFFFFF80170E75438 exitCount=129289
[iommuret] hit #2618: HalpIommuInitSystem returned EAX=0x00000000 (success/other) rsp=0xFFFFF80170E75438 exitCount=129290
[iommuret] hit #2619: HalpIommuInitSystem returned EAX=0x00000000 (success/other) rsp=0xFFFFF80170E75438 exitCount=129291
[iommuret] hit #2620: HalpIommuInitSystem returned EAX=0x00000000 (success/other) rsp=0xFFFFF80170E75438 exitCount=129292
[iommuret] hit #2621: HalpIommuInitSystem returned EAX=0x00000000 (success/other) rsp=0xFFFFF80170E75438 exitCount=129293
[iommuret] hit #2622: HalpIommuInitSystem returned EAX=0x00000000 (success/other) rsp=0xFFFFF80170E75438 exitCount=129294
[iommuret] hit #2623: HalpIommuInitSystem returned EAX=0x00000000 (success/other) rsp=0xFFFFF80170E75438 exitCount=129295
[iommuret] hit #2624: HalpIommuInitSystem returned EAX=0x00000000 (success/other) rsp=0xFFFFF80170E75438 exitCount=129296
[iommuret] hit #2625: HalpIommuInitSystem returned EAX=0x00000000 (success/other) rsp=0xFFFFF80170E75438 exitCount=129297
[iommuret] hit #2626: HalpIommuInitSystem returned EAX=0x00000000 (success/other) rsp=0xFFFFF80170E75438 exitCount=129298
[iommuret] hit #2627: HalpIommuInitSystem returned EAX=0x00000000 (success/other) rsp=0xFFFFF80170E75438 exitCount=129299
[iommuret] hit #2628: HalpIommuInitSystem returned EAX=0x00000000 (success/other) rsp=0xFFFFF80170E75438 exitCount=129300
[iommuret] hit #2629: HalpIommuInitSystem returned EAX=0x00000000 (success/other) rsp=0xFFFFF80170E75438 exitCount=129301
[iommuret] hit #2630: HalpIommuInitSystem returned EAX=0x00000000 (success/other) rsp=0xFFFFF80170E75438 exitCount=129302
[iommuret] hit #2631: HalpIommuInitSystem returned EAX=0x00000000 (success/other) rsp=0xFFFFF80170E75438 exitCount=129303
[iommuret] hit #2632: HalpIommuInitSystem returned EAX=0x00000000 (success/other) rsp=0xFFFFF80170E75438 exitCount=129304
[iommuret] hit #2633: HalpIommuInitSystem returned EAX=0x00000000 (success/other) rsp=0xFFFFF80170E75438 exitCount=129305
[iommuret] hit #2634: HalpIommuInitSystem returned EAX=0x00000000 (success/other) rsp=0xFFFFF80170E75438 exitCount=129306
[iommuret] hit #2635: HalpIommuInitSystem returned EAX=0x00000000 (success/other) rsp=0xFFFFF80170E75438 exitCount=129307
[iommuret] hit #2636: HalpIommuInitSystem returned EAX=0x00000000 (success/other) rsp=0xFFFFF80170E75438 exitCount=129308
[iommuret] hit #2637: HalpIommuInitSystem returned EAX=0x00000000 (success/other) rsp=0xFFFFF80170E75438 exitCount=129309
[iommuret] hit #2638: HalpIommuInitSystem returned EAX=0x00000000 (success/other) rsp=0xFFFFF80170E75438 exitCount=129310
[iommuret] hit #2639: HalpIommuInitSystem returned EAX=0x00000000 (success/other) rsp=0xFFFFF80170E75438 exitCount=129311
[iommuret] hit #2640: HalpIommuInitSystem returned EAX=0x00000000 (success/other) rsp=0xFFFFF80170E75438 exitCount=129312
[iommuret] hit #2641: HalpIommuInitSystem returned EAX=0x00000000 (success/other) rsp=0xFFFFF80170E75438 exitCount=129313
[iommuret] hit #2642: HalpIommuInitSystem returned EAX=0x00000000 (success/other) rsp=0xFFFFF80170E75438 exitCount=129314
[iommuret] hit #2643: HalpIommuInitSystem returned EAX=0x00000000 (success/other) rsp=0xFFFFF80170E75438 exitCount=129315
[iommuret] hit #2644: HalpIommuInitSystem returned EAX=0x00000000 (success/other) rsp=0xFFFFF80170E75438 exitCount=129316
[iommuret] hit #2645: HalpIommuInitSystem returned EAX=0x00000000 (success/other) rsp=0xFFFFF80170E75438 exitCount=129317
[iommuret] hit #2646: HalpIommuInitSystem returned EAX=0x00000000 (success/other) rsp=0xFFFFF80170E75438 exitCount=129318
[iommuret] hit #2647: HalpIommuInitSystem returned EAX=0x00000000 (success/other) rsp=0xFFFFF80170E75438 exitCount=129319
[iommuret] hit #2648: HalpIommuInitSystem returned EAX=0x00000000 (success/other) rsp=0xFFFFF80170E75438 exitCount=129320
[iommuret] hit #2649: HalpIommuInitSystem returned EAX=0x00000000 (success/other) rsp=0xFFFFF80170E75438 exitCount=129321
[iommuret] hit #2650: HalpIommuInitSystem returned EAX=0x00000000 (success/other) rsp=0xFFFFF80170E75438 exitCount=129322
[iommuret] hit #2651: HalpIommuInitSystem returned EAX=0x00000000 (success/other) rsp=0xFFFFF80170E75438 exitCount=129323
[iommuret] hit #2652: HalpIommuInitSystem returned EAX=0x00000000 (success/other) rsp=0xFFFFF80170E75438 exitCount=129324
[iommuret] hit #2653: HalpIommuInitSystem returned EAX=0x00000000 (success/other) rsp=0xFFFFF80170E75438 exitCount=129325
[iommuret] hit #2654: HalpIommuInitSystem returned EAX=0x00000000 (success/other) rsp=0xFFFFF80170E75438 exitCount=129326
[iommuret] hit #2655: HalpIommuInitSystem returned EAX=0x00000000 (success/other) rsp=0xFFFFF80170E75438 exitCount=129327
[iommuret] hit #2656: HalpIommuInitSystem returned EAX=0x00000000 (success/other) rsp=0xFFFFF80170E75438 exitCount=129328
[iommuret] hit #2657: HalpIommuInitSystem returned EAX=0x00000000 (success/other) rsp=0xFFFFF80170E75438 exitCount=129329
[iommuret] hit #2658: HalpIommuInitSystem returned EAX=0x00000000 (success/other) rsp=0xFFFFF80170E75438 exitCount=129330
[iommuret] hit #2659: HalpIommuInitSystem returned EAX=0x00000000 (success/other) rsp=0xFFFFF80170E75438 exitCount=129331
[iommuret] hit #2660: HalpIommuInitSystem returned EAX=0x00000000 (success/other) rsp=0xFFFFF80170E75438 exitCount=129332
[iommuret] hit #2661: HalpIommuInitSystem returned EAX=0x00000000 (success/other) rsp=0xFFFFF80170E75438 exitCount=129333
[iommuret] hit #2662: HalpIommuInitSystem returned EAX=0x00000000 (success/other) rsp=0xFFFFF80170E75438 exitCount=129334
[iommuret] hit #2663: HalpIommuInitSystem returned EAX=0x00000000 (success/other) rsp=0xFFFFF80170E75438 exitCount=129335
[iommuret] hit #2664: HalpIommuInitSystem returned EAX=0x00000000 (success/other) rsp=0xFFFFF80170E75438 exitCount=129336
[iommuret] hit #2665: HalpIommuInitSystem returned EAX=0x00000000 (success/other) rsp=0xFFFFF80170E75438 exitCount=129337
[iommuret] hit #2666: HalpIommuInitSystem returned EAX=0x00000000 (success/other) rsp=0xFFFFF80170E75438 exitCount=129338
[iommuret] hit #2667: HalpIommuInitSystem returned EAX=0x00000000 (success/other) rsp=0xFFFFF80170E75438 exitCount=129339
[iommuret] hit #2668: HalpIommuInitSystem returned EAX=0x00000000 (success/other) rsp=0xFFFFF80170E75438 exitCount=129340
[iommuret] hit #2669: HalpIommuInitSystem returned EAX=0x00000000 (success/other) rsp=0xFFFFF80170E75438 exitCount=129341
[iommuret] hit #2670: HalpIommuInitSystem returned EAX=0x00000000 (success/other) rsp=0xFFFFF80170E75438 exitCount=129342
[iommuret] hit #2671: HalpIommuInitSystem returned EAX=0x00000000 (success/other) rsp=0xFFFFF80170E75438 exitCount=129343
[iommuret] hit #2672: HalpIommuInitSystem returned EAX=0x00000000 (success/other) rsp=0xFFFFF80170E75438 exitCount=129344
[iommuret] hit #2673: HalpIommuInitSystem returned EAX=0x00000000 (success/other) rsp=0xFFFFF80170E75438 exitCount=129345
[iommuret] hit #2674: HalpIommuInitSystem returned EAX=0x00000000 (success/other) rsp=0xFFFFF80170E75438 exitCount=129346
[iommuret] hit #2675: HalpIommuInitSystem returned EAX=0x00000000 (success/other) rsp=0xFFFFF80170E75438 exitCount=129347
[iommuret] hit #2676: HalpIommuInitSystem returned EAX=0x00000000 (success/other) rsp=0xFFFFF80170E75438 exitCount=129348
[iommuret] hit #2677: HalpIommuInitSystem returned EAX=0x00000000 (success/other) rsp=0xFFFFF80170E75438 exitCount=129349
[iommuret] hit #2678: HalpIommuInitSystem returned EAX=0x00000000 (success/other) rsp=0xFFFFF80170E75438 exitCount=129350
[iommuret] hit #2679: HalpIommuInitSystem returned EAX=0x00000000 (success/other) rsp=0xFFFFF80170E75438 exitCount=129351
[iommuret] hit #2680: HalpIommuInitSystem returned EAX=0x00000000 (success/other) rsp=0xFFFFF80170E75438 exitCount=129352
[iommuret] hit #2681: HalpIommuInitSystem returned EAX=0x00000000 (success/other) rsp=0xFFFFF80170E75438 exitCount=129353
[iommuret] hit #2682: HalpIommuInitSystem returned EAX=0x00000000 (success/other) rsp=0xFFFFF80170E75438 exitCount=129354
[iommuret] hit #2683: HalpIommuInitSystem returned EAX=0x00000000 (success/other) rsp=0xFFFFF80170E75438 exitCount=129355
[iommuret] hit #2684: HalpIommuInitSystem returned EAX=0x00000000 (success/other) rsp=0xFFFFF80170E75438 exitCount=129356
[iommuret] hit #2685: HalpIommuInitSystem returned EAX=0x00000000 (success/other) rsp=0xFFFFF80170E75438 exitCount=129357
[iommuret] hit #2686: HalpIommuInitSystem returned EAX=0x00000000 (success/other) rsp=0xFFFFF80170E75438 exitCount=129358
[iommuret] hit #2687: HalpIommuInitSystem returned EAX=0x00000000 (success/other) rsp=0xFFFFF80170E75438 exitCount=129359
[iommuret] hit #2688: HalpIommuInitSystem returned EAX=0x00000000 (success/other) rsp=0xFFFFF80170E75438 exitCount=129360
[iommuret] hit #2689: HalpIommuInitSystem returned EAX=0x00000000 (success/other) rsp=0xFFFFF80170E75438 exitCount=129361
[iommuret] hit #2690: HalpIommuInitSystem returned EAX=0x00000000 (success/other) rsp=0xFFFFF80170E75438 exitCount=129362
[iommuret] hit #2691: HalpIommuInitSystem returned EAX=0x00000000 (success/other) rsp=0xFFFFF80170E75438 exitCount=129363
[iommuret] hit #2692: HalpIommuInitSystem returned EAX=0x00000000 (success/other) rsp=0xFFFFF80170E75438 exitCount=129364
[iommuret] hit #2693: HalpIommuInitSystem returned EAX=0x00000000 (success/other) rsp=0xFFFFF80170E75438 exitCount=129365
[iommuret] hit #2694: HalpIommuInitSystem returned EAX=0x00000000 (success/other) rsp=0xFFFFF80170E75438 exitCount=129366
[iommuret] hit #2695: HalpIommuInitSystem returned EAX=0x00000000 (success/other) rsp=0xFFFFF80170E75438 exitCount=129367
[iommuret] hit #2696: HalpIommuInitSystem returned EAX=0x00000000 (success/other) rsp=0xFFFFF80170E75438 exitCount=129368
[iommuret] hit #2697: HalpIommuInitSystem returned EAX=0x00000000 (success/other) rsp=0xFFFFF80170E75438 exitCount=129369
[iommuret] hit #2698: HalpIommuInitSystem returned EAX=0x00000000 (success/other) rsp=0xFFFFF80170E75438 exitCount=129370
[iommuret] hit #2699: HalpIommuInitSystem returned EAX=0x00000000 (success/other) rsp=0xFFFFF80170E75438 exitCount=129371
[iommuret] hit #2700: HalpIommuInitSystem returned EAX=0x00000000 (success/other) rsp=0xFFFFF80170E75438 exitCount=129372
[iommuret] hit #2701: HalpIommuInitSystem returned EAX=0x00000000 (success/other) rsp=0xFFFFF80170E75438 exitCount=129373
[iommuret] hit #2702: HalpIommuInitSystem returned EAX=0x00000000 (success/other) rsp=0xFFFFF80170E75438 exitCount=129374
[iommuret] hit #2703: HalpIommuInitSystem returned EAX=0x00000000 (success/other) rsp=0xFFFFF80170E75438 exitCount=129375
[iommuret] hit #2704: HalpIommuInitSystem returned EAX=0x00000000 (success/other) rsp=0xFFFFF80170E75438 exitCount=129376
[iommuret] hit #2705: HalpIommuInitSystem returned EAX=0x00000000 (success/other) rsp=0xFFFFF80170E75438 exitCount=129377
[iommuret] hit #2706: HalpIommuInitSystem returned EAX=0x00000000 (success/other) rsp=0xFFFFF80170E75438 exitCount=129378
[iommuret] hit #2707: HalpIommuInitSystem returned EAX=0x00000000 (success/other) rsp=0xFFFFF80170E75438 exitCount=129379
[iommuret] hit #2708: HalpIommuInitSystem returned EAX=0x00000000 (success/other) rsp=0xFFFFF80170E75438 exitCount=129380
[iommuret] hit #2709: HalpIommuInitSystem returned EAX=0x00000000 (success/other) rsp=0xFFFFF80170E75438 exitCount=129381
[iommuret] hit #2710: HalpIommuInitSystem returned EAX=0x00000000 (success/other) rsp=0xFFFFF80170E75438 exitCount=129382
[iommuret] hit #2711: HalpIommuInitSystem returned EAX=0x00000000 (success/other) rsp=0xFFFFF80170E75438 exitCount=129383
[iommuret] hit #2712: HalpIommuInitSystem returned EAX=0x00000000 (success/other) rsp=0xFFFFF80170E75438 exitCount=129384
[iommuret] hit #2713: HalpIommuInitSystem returned EAX=0x00000000 (success/other) rsp=0xFFFFF80170E75438 exitCount=129385
[iommuret] hit #2714: HalpIommuInitSystem returned EAX=0x00000000 (success/other) rsp=0xFFFFF80170E75438 exitCount=129386
[iommuret] hit #2715: HalpIommuInitSystem returned EAX=0x00000000 (success/other) rsp=0xFFFFF80170E75438 exitCount=129387
[iommuret] hit #2716: HalpIommuInitSystem returned EAX=0x00000000 (success/other) rsp=0xFFFFF80170E75438 exitCount=129388
[iommuret] hit #2717: HalpIommuInitSystem returned EAX=0x00000000 (success/other) rsp=0xFFFFF80170E75438 exitCount=129389
[iommuret] hit #2718: HalpIommuInitSystem returned EAX=0x00000000 (success/other) rsp=0xFFFFF80170E75438 exitCount=129390
[iommuret] hit #2719: HalpIommuInitSystem returned EAX=0x00000000 (success/other) rsp=0xFFFFF80170E75438 exitCount=129391
[iommuret] hit #2720: HalpIommuInitSystem returned EAX=0x00000000 (success/other) rsp=0xFFFFF80170E75438 exitCount=129392
[iommuret] hit #2721: HalpIommuInitSystem returned EAX=0x00000000 (success/other) rsp=0xFFFFF80170E75438 exitCount=129393
[iommuret] hit #2722: HalpIommuInitSystem returned EAX=0x00000000 (success/other) rsp=0xFFFFF80170E75438 exitCount=129394
[iommuret] hit #2723: HalpIommuInitSystem returned EAX=0x00000000 (success/other) rsp=0xFFFFF80170E75438 exitCount=129395
[iommuret] hit #2724: HalpIommuInitSystem returned EAX=0x00000000 (success/other) rsp=0xFFFFF80170E75438 exitCount=129396
[iommuret] hit #2725: HalpIommuInitSystem returned EAX=0x00000000 (success/other) rsp=0xFFFFF80170E75438 exitCount=129397
[iommuret] hit #2726: HalpIommuInitSystem returned EAX=0x00000000 (success/other) rsp=0xFFFFF80170E75438 exitCount=129398
[iommuret] hit #2727: HalpIommuInitSystem returned EAX=0x00000000 (success/other) rsp=0xFFFFF80170E75438 exitCount=129399
[iommuret] hit #2728: HalpIommuInitSystem returned EAX=0x00000000 (success/other) rsp=0xFFFFF80170E75438 exitCount=129400
[iommuret] hit #2729: HalpIommuInitSystem returned EAX=0x00000000 (success/other) rsp=0xFFFFF80170E75438 exitCount=129401
[iommuret] hit #2730: HalpIommuInitSystem returned EAX=0x00000000 (success/other) rsp=0xFFFFF80170E75438 exitCount=129402
[iommuret] hit #2731: HalpIommuInitSystem returned EAX=0x00000000 (success/other) rsp=0xFFFFF80170E75438 exitCount=129403
[iommuret] hit #2732: HalpIommuInitSystem returned EAX=0x00000000 (success/other) rsp=0xFFFFF80170E75438 exitCount=129404
[iommuret] hit #2733: HalpIommuInitSystem returned EAX=0x00000000 (success/other) rsp=0xFFFFF80170E75438 exitCount=129405
[iommuret] hit #2734: HalpIommuInitSystem returned EAX=0x00000000 (success/other) rsp=0xFFFFF80170E75438 exitCount=129406
[iommuret] hit #2735: HalpIommuInitSystem returned EAX=0x00000000 (success/other) rsp=0xFFFFF80170E75438 exitCount=129407
[iommuret] hit #2736: HalpIommuInitSystem returned EAX=0x00000000 (success/other) rsp=0xFFFFF80170E75438 exitCount=129408
[iommuret] hit #2737: HalpIommuInitSystem returned EAX=0x00000000 (success/other) rsp=0xFFFFF80170E75438 exitCount=129409
[iommuret] hit #2738: HalpIommuInitSystem returned EAX=0x00000000 (success/other) rsp=0xFFFFF80170E75438 exitCount=129410
[iommuret] hit #2739: HalpIommuInitSystem returned EAX=0x00000000 (success/other) rsp=0xFFFFF80170E75438 exitCount=129411
[iommuret] hit #2740: HalpIommuInitSystem returned EAX=0x00000000 (success/other) rsp=0xFFFFF80170E75438 exitCount=129412
[iommuret] hit #2741: HalpIommuInitSystem returned EAX=0x00000000 (success/other) rsp=0xFFFFF80170E75438 exitCount=129413
[iommuret] hit #2742: HalpIommuInitSystem returned EAX=0x00000000 (success/other) rsp=0xFFFFF80170E75438 exitCount=129414
[iommuret] hit #2743: HalpIommuInitSystem returned EAX=0x00000000 (success/other) rsp=0xFFFFF80170E75438 exitCount=129415
[iommuret] hit #2744: HalpIommuInitSystem returned EAX=0x00000000 (success/other) rsp=0xFFFFF80170E75438 exitCount=129416
[iommuret] hit #2745: HalpIommuInitSystem returned EAX=0x00000000 (success/other) rsp=0xFFFFF80170E75438 exitCount=129417
[iommuret] hit #2746: HalpIommuInitSystem returned EAX=0x00000000 (success/other) rsp=0xFFFFF80170E75438 exitCount=129418
[iommuret] hit #2747: HalpIommuInitSystem returned EAX=0x00000000 (success/other) rsp=0xFFFFF80170E75438 exitCount=129419
[iommuret] hit #2748: HalpIommuInitSystem returned EAX=0x00000000 (success/other) rsp=0xFFFFF80170E75438 exitCount=129420
[iommuret] hit #2749: HalpIommuInitSystem returned EAX=0x00000000 (success/other) rsp=0xFFFFF80170E75438 exitCount=129421
[iommuret] hit #2750: HalpIommuInitSystem returned EAX=0x00000000 (success/other) rsp=0xFFFFF80170E75438 exitCount=129422
[iommuret] hit #2751: HalpIommuInitSystem returned EAX=0x00000000 (success/other) rsp=0xFFFFF80170E75438 exitCount=129423
[iommuret] hit #2752: HalpIommuInitSystem returned EAX=0x00000000 (success/other) rsp=0xFFFFF80170E75438 exitCount=129424
[iommuret] hit #2753: HalpIommuInitSystem returned EAX=0x00000000 (success/other) rsp=0xFFFFF80170E75438 exitCount=129425
[iommuret] hit #2754: HalpIommuInitSystem returned EAX=0x00000000 (success/other) rsp=0xFFFFF80170E75438 exitCount=129426
[iommuret] hit #2755: HalpIommuInitSystem returned EAX=0x00000000 (success/other) rsp=0xFFFFF80170E75438 exitCount=129427
[iommuret] hit #2756: HalpIommuInitSystem returned EAX=0x00000000 (success/other) rsp=0xFFFFF80170E75438 exitCount=129428
[iommuret] hit #2757: HalpIommuInitSystem returned EAX=0x00000000 (success/other) rsp=0xFFFFF80170E75438 exitCount=129429
[iommuret] hit #2758: HalpIommuInitSystem returned EAX=0x00000000 (success/other) rsp=0xFFFFF80170E75438 exitCount=129430
[iommuret] hit #2759: HalpIommuInitSystem returned EAX=0x00000000 (success/other) rsp=0xFFFFF80170E75438 exitCount=129431
[iommuret] hit #2760: HalpIommuInitSystem returned EAX=0x00000000 (success/other) rsp=0xFFFFF80170E75438 exitCount=129432
[iommuret] hit #2761: HalpIommuInitSystem returned EAX=0x00000000 (success/other) rsp=0xFFFFF80170E75438 exitCount=129433
[iommuret] hit #2762: HalpIommuInitSystem returned EAX=0x00000000 (success/other) rsp=0xFFFFF80170E75438 exitCount=129434
[iommuret] hit #2763: HalpIommuInitSystem returned EAX=0x00000000 (success/other) rsp=0xFFFFF80170E75438 exitCount=129435
[iommuret] hit #2764: HalpIommuInitSystem returned EAX=0x00000000 (success/other) rsp=0xFFFFF80170E75438 exitCount=129436
[iommuret] hit #2765: HalpIommuInitSystem returned EAX=0x00000000 (success/other) rsp=0xFFFFF80170E75438 exitCount=129437
[iommuret] hit #2766: HalpIommuInitSystem returned EAX=0x00000000 (success/other) rsp=0xFFFFF80170E75438 exitCount=129438
[iommuret] hit #2767: HalpIommuInitSystem returned EAX=0x00000000 (success/other) rsp=0xFFFFF80170E75438 exitCount=129439
[iommuret] hit #2768: HalpIommuInitSystem returned EAX=0x00000000 (success/other) rsp=0xFFFFF80170E75438 exitCount=129440
[iommuret] hit #2769: HalpIommuInitSystem returned EAX=0x00000000 (success/other) rsp=0xFFFFF80170E75438 exitCount=129441
[iommuret] hit #2770: HalpIommuInitSystem returned EAX=0x00000000 (success/other) rsp=0xFFFFF80170E75438 exitCount=129442
[iommuret] hit #2771: HalpIommuInitSystem returned EAX=0x00000000 (success/other) rsp=0xFFFFF80170E75438 exitCount=129443
[iommuret] hit #2772: HalpIommuInitSystem returned EAX=0x00000000 (success/other) rsp=0xFFFFF80170E75438 exitCount=129444
[iommuret] hit #2773: HalpIommuInitSystem returned EAX=0x00000000 (success/other) rsp=0xFFFFF80170E75438 exitCount=129445
[iommuret] hit #2774: HalpIommuInitSystem returned EAX=0x00000000 (success/other) rsp=0xFFFFF80170E75438 exitCount=129446
[iommuret] hit #2775: HalpIommuInitSystem returned EAX=0x00000000 (success/other) rsp=0xFFFFF80170E75438 exitCount=129447
[iommuret] hit #2776: HalpIommuInitSystem returned EAX=0x00000000 (success/other) rsp=0xFFFFF80170E75438 exitCount=129448
[iommuret] hit #2777: HalpIommuInitSystem returned EAX=0x00000000 (success/other) rsp=0xFFFFF80170E75438 exitCount=129449
[iommuret] hit #2778: HalpIommuInitSystem returned EAX=0x00000000 (success/other) rsp=0xFFFFF80170E75438 exitCount=129450
[iommuret] hit #2779: HalpIommuInitSystem returned EAX=0x00000000 (success/other) rsp=0xFFFFF80170E75438 exitCount=129451
[iommuret] hit #2780: HalpIommuInitSystem returned EAX=0x00000000 (success/other) rsp=0xFFFFF80170E75438 exitCount=129452
[iommuret] hit #2781: HalpIommuInitSystem returned EAX=0x00000000 (success/other) rsp=0xFFFFF80170E75438 exitCount=129453
[iommuret] hit #2782: HalpIommuInitSystem returned EAX=0x00000000 (success/other) rsp=0xFFFFF80170E75438 exitCount=129454
[iommuret] hit #2783: HalpIommuInitSystem returned EAX=0x00000000 (success/other) rsp=0xFFFFF80170E75438 exitCount=129455
[iommuret] hit #2784: HalpIommuInitSystem returned EAX=0x00000000 (success/other) rsp=0xFFFFF80170E75438 exitCount=129456
[iommuret] hit #2785: HalpIommuInitSystem returned EAX=0x00000000 (success/other) rsp=0xFFFFF80170E75438 exitCount=129457
[iommuret] hit #2786: HalpIommuInitSystem returned EAX=0x00000000 (success/other) rsp=0xFFFFF80170E75438 exitCount=129458
[iommuret] hit #2787: HalpIommuInitSystem returned EAX=0x00000000 (success/other) rsp=0xFFFFF80170E75438 exitCount=129459
[iommuret] hit #2788: HalpIommuInitSystem returned EAX=0x00000000 (success/other) rsp=0xFFFFF80170E75438 exitCount=129460
[iommuret] hit #2789: HalpIommuInitSystem returned EAX=0x00000000 (success/other) rsp=0xFFFFF80170E75438 exitCount=129461
[iommuret] hit #2790: HalpIommuInitSystem returned EAX=0x00000000 (success/other) rsp=0xFFFFF80170E75438 exitCount=129462
[iommuret] hit #2791: HalpIommuInitSystem returned EAX=0x00000000 (success/other) rsp=0xFFFFF80170E75438 exitCount=129463
[iommuret] hit #2792: HalpIommuInitSystem returned EAX=0x00000000 (success/other) rsp=0xFFFFF80170E75438 exitCount=129464
[iommuret] hit #2793: HalpIommuInitSystem returned EAX=0x00000000 (success/other) rsp=0xFFFFF80170E75438 exitCount=129465
[iommuret] hit #2794: HalpIommuInitSystem returned EAX=0x00000000 (success/other) rsp=0xFFFFF80170E75438 exitCount=129466
[iommuret] hit #2795: HalpIommuInitSystem returned EAX=0x00000000 (success/other) rsp=0xFFFFF80170E75438 exitCount=129467
[iommuret] hit #2796: HalpIommuInitSystem returned EAX=0x00000000 (success/other) rsp=0xFFFFF80170E75438 exitCount=129468
[iommuret] hit #2797: HalpIommuInitSystem returned EAX=0x00000000 (success/other) rsp=0xFFFFF80170E75438 exitCount=129469
[iommuret] hit #2798: HalpIommuInitSystem returned EAX=0x00000000 (success/other) rsp=0xFFFFF80170E75438 exitCount=129470
[iommuret] hit #2799: HalpIommuInitSystem returned EAX=0x00000000 (success/other) rsp=0xFFFFF80170E75438 exitCount=129471
[iommuret] hit #2800: HalpIommuInitSystem returned EAX=0x00000000 (success/other) rsp=0xFFFFF80170E75438 exitCount=129472
[iommuret] hit #2801: HalpIommuInitSystem returned EAX=0x00000000 (success/other) rsp=0xFFFFF80170E75438 exitCount=129473
[iommuret] hit #2802: HalpIommuInitSystem returned EAX=0x00000000 (success/other) rsp=0xFFFFF80170E75438 exitCount=129474
[iommuret] hit #2803: HalpIommuInitSystem returned EAX=0x00000000 (success/other) rsp=0xFFFFF80170E75438 exitCount=129475
[iommuret] hit #2804: HalpIommuInitSystem returned EAX=0x00000000 (success/other) rsp=0xFFFFF80170E75438 exitCount=129476
[iommuret] hit #2805: HalpIommuInitSystem returned EAX=0x00000000 (success/other) rsp=0xFFFFF80170E75438 exitCount=129477
[iommuret] hit #2806: HalpIommuInitSystem returned EAX=0x00000000 (success/other) rsp=0xFFFFF80170E75438 exitCount=129478
[iommuret] hit #2807: HalpIommuInitSystem returned EAX=0x00000000 (success/other) rsp=0xFFFFF80170E75438 exitCount=129479
[iommuret] hit #2808: HalpIommuInitSystem returned EAX=0x00000000 (success/other) rsp=0xFFFFF80170E75438 exitCount=129480
[iommuret] hit #2809: HalpIommuInitSystem returned EAX=0x00000000 (success/other) rsp=0xFFFFF80170E75438 exitCount=129481
[iommuret] hit #2810: HalpIommuInitSystem returned EAX=0x00000000 (success/other) rsp=0xFFFFF80170E75438 exitCount=129482
[iommuret] hit #2811: HalpIommuInitSystem returned EAX=0x00000000 (success/other) rsp=0xFFFFF80170E75438 exitCount=129483
[iommuret] hit #2812: HalpIommuInitSystem returned EAX=0x00000000 (success/other) rsp=0xFFFFF80170E75438 exitCount=129484
[iommuret] hit #2813: HalpIommuInitSystem returned EAX=0x00000000 (success/other) rsp=0xFFFFF80170E75438 exitCount=129485
[iommuret] hit #2814: HalpIommuInitSystem returned EAX=0x00000000 (success/other) rsp=0xFFFFF80170E75438 exitCount=129486
[iommuret] hit #2815: HalpIommuInitSystem returned EAX=0x00000000 (success/other) rsp=0xFFFFF80170E75438 exitCount=129487
[iommuret] hit #2816: HalpIommuInitSystem returned EAX=0x00000000 (success/other) rsp=0xFFFFF80170E75438 exitCount=129488
[iommuret] hit #2817: HalpIommuInitSystem returned EAX=0x00000000 (success/other) rsp=0xFFFFF80170E75438 exitCount=129489
[iommuret] hit #2818: HalpIommuInitSystem returned EAX=0x00000000 (success/other) rsp=0xFFFFF80170E75438 exitCount=129490
[iommuret] hit #2819: HalpIommuInitSystem returned EAX=0x00000000 (success/other) rsp=0xFFFFF80170E75438 exitCount=129491
[iommuret] hit #2820: HalpIommuInitSystem returned EAX=0x00000000 (success/other) rsp=0xFFFFF80170E75438 exitCount=129492
[iommuret] hit #2821: HalpIommuInitSystem returned EAX=0x00000000 (success/other) rsp=0xFFFFF80170E75438 exitCount=129493
[iommuret] hit #2822: HalpIommuInitSystem returned EAX=0x00000000 (success/other) rsp=0xFFFFF80170E75438 exitCount=129494
[iommuret] hit #2823: HalpIommuInitSystem returned EAX=0x00000000 (success/other) rsp=0xFFFFF80170E75438 exitCount=129495
[iommuret] hit #2824: HalpIommuInitSystem returned EAX=0x00000000 (success/other) rsp=0xFFFFF80170E75438 exitCount=129496
[iommuret] hit #2825: HalpIommuInitSystem returned EAX=0x00000000 (success/other) rsp=0xFFFFF80170E75438 exitCount=129497
[iommuret] hit #2826: HalpIommuInitSystem returned EAX=0x00000000 (success/other) rsp=0xFFFFF80170E75438 exitCount=129498
[iommuret] hit #2827: HalpIommuInitSystem returned EAX=0x00000000 (success/other) rsp=0xFFFFF80170E75438 exitCount=129499
[iommuret] hit #2828: HalpIommuInitSystem returned EAX=0x00000000 (success/other) rsp=0xFFFFF80170E75438 exitCount=129500
[iommuret] hit #2829: HalpIommuInitSystem returned EAX=0x00000000 (success/other) rsp=0xFFFFF80170E75438 exitCount=129501
[iommuret] hit #2830: HalpIommuInitSystem returned EAX=0x00000000 (success/other) rsp=0xFFFFF80170E75438 exitCount=129502
[iommuret] hit #2831: HalpIommuInitSystem returned EAX=0x00000000 (success/other) rsp=0xFFFFF80170E75438 exitCount=129503
[iommuret] hit #2832: HalpIommuInitSystem returned EAX=0x00000000 (success/other) rsp=0xFFFFF80170E75438 exitCount=129504
[iommuret] hit #2833: HalpIommuInitSystem returned EAX=0x00000000 (success/other) rsp=0xFFFFF80170E75438 exitCount=129505
[iommuret] hit #2834: HalpIommuInitSystem returned EAX=0x00000000 (success/other) rsp=0xFFFFF80170E75438 exitCount=129506
[iommuret] hit #2835: HalpIommuInitSystem returned EAX=0x00000000 (success/other) rsp=0xFFFFF80170E75438 exitCount=129507
[iommuret] hit #2836: HalpIommuInitSystem returned EAX=0x00000000 (success/other) rsp=0xFFFFF80170E75438 exitCount=129508
[iommuret] hit #2837: HalpIommuInitSystem returned EAX=0x00000000 (success/other) rsp=0xFFFFF80170E75438 exitCount=129509
[iommuret] hit #2838: HalpIommuInitSystem returned EAX=0x00000000 (success/other) rsp=0xFFFFF80170E75438 exitCount=129510
[iommuret] hit #2839: HalpIommuInitSystem returned EAX=0x00000000 (success/other) rsp=0xFFFFF80170E75438 exitCount=129511
[iommuret] hit #2840: HalpIommuInitSystem returned EAX=0x00000000 (success/other) rsp=0xFFFFF80170E75438 exitCount=129512
[iommuret] hit #2841: HalpIommuInitSystem returned EAX=0x00000000 (success/other) rsp=0xFFFFF80170E75438 exitCount=129513
[iommuret] hit #2842: HalpIommuInitSystem returned EAX=0x00000000 (success/other) rsp=0xFFFFF80170E75438 exitCount=129514
[iommuret] hit #2843: HalpIommuInitSystem returned EAX=0x00000000 (success/other) rsp=0xFFFFF80170E75438 exitCount=129515
[iommuret] hit #2844: HalpIommuInitSystem returned EAX=0x00000000 (success/other) rsp=0xFFFFF80170E75438 exitCount=129516
[iommuret] hit #2845: HalpIommuInitSystem returned EAX=0x00000000 (success/other) rsp=0xFFFFF80170E75438 exitCount=129517
[iommuret] hit #2846: HalpIommuInitSystem returned EAX=0x00000000 (success/other) rsp=0xFFFFF80170E75438 exitCount=129518
[iommuret] hit #2847: HalpIommuInitSystem returned EAX=0x00000000 (success/other) rsp=0xFFFFF80170E75438 exitCount=129519
[iommuret] hit #2848: HalpIommuInitSystem returned EAX=0x00000000 (success/other) rsp=0xFFFFF80170E75438 exitCount=129520
[iommuret] hit #2849: HalpIommuInitSystem returned EAX=0x00000000 (success/other) rsp=0xFFFFF80170E75438 exitCount=129521
[iommuret] hit #2850: HalpIommuInitSystem returned EAX=0x00000000 (success/other) rsp=0xFFFFF80170E75438 exitCount=129522
[iommuret] hit #2851: HalpIommuInitSystem returned EAX=0x00000000 (success/other) rsp=0xFFFFF80170E75438 exitCount=129523
[iommuret] hit #2852: HalpIommuInitSystem returned EAX=0x00000000 (success/other) rsp=0xFFFFF80170E75438 exitCount=129524
[iommuret] hit #2853: HalpIommuInitSystem returned EAX=0x00000000 (success/other) rsp=0xFFFFF80170E75438 exitCount=129525
[iommuret] hit #2854: HalpIommuInitSystem returned EAX=0x00000000 (success/other) rsp=0xFFFFF80170E75438 exitCount=129526
[iommuret] hit #2855: HalpIommuInitSystem returned EAX=0x00000000 (success/other) rsp=0xFFFFF80170E75438 exitCount=129527
[iommuret] hit #2856: HalpIommuInitSystem returned EAX=0x00000000 (success/other) rsp=0xFFFFF80170E75438 exitCount=129528
[iommuret] hit #2857: HalpIommuInitSystem returned EAX=0x00000000 (success/other) rsp=0xFFFFF80170E75438 exitCount=129529
[iommuret] hit #2858: HalpIommuInitSystem returned EAX=0x00000000 (success/other) rsp=0xFFFFF80170E75438 exitCount=129530
[iommuret] hit #2859: HalpIommuInitSystem returned EAX=0x00000000 (success/other) rsp=0xFFFFF80170E75438 exitCount=129531
[iommuret] hit #2860: HalpIommuInitSystem returned EAX=0x00000000 (success/other) rsp=0xFFFFF80170E75438 exitCount=129532
[iommuret] hit #2861: HalpIommuInitSystem returned EAX=0x00000000 (success/other) rsp=0xFFFFF80170E75438 exitCount=129533
[iommuret] hit #2862: HalpIommuInitSystem returned EAX=0x00000000 (success/other) rsp=0xFFFFF80170E75438 exitCount=129534
[iommuret] hit #2863: HalpIommuInitSystem returned EAX=0x00000000 (success/other) rsp=0xFFFFF80170E75438 exitCount=129535
[iommuret] hit #2864: HalpIommuInitSystem returned EAX=0x00000000 (success/other) rsp=0xFFFFF80170E75438 exitCount=129536
[iommuret] hit #2865: HalpIommuInitSystem returned EAX=0x00000000 (success/other) rsp=0xFFFFF80170E75438 exitCount=129537
[iommuret] hit #2866: HalpIommuInitSystem returned EAX=0x00000000 (success/other) rsp=0xFFFFF80170E75438 exitCount=129538
[iommuret] hit #2867: HalpIommuInitSystem returned EAX=0x00000000 (success/other) rsp=0xFFFFF80170E75438 exitCount=129539
[iommuret] hit #2868: HalpIommuInitSystem returned EAX=0x00000000 (success/other) rsp=0xFFFFF80170E75438 exitCount=129540
[iommuret] hit #2869: HalpIommuInitSystem returned EAX=0x00000000 (success/other) rsp=0xFFFFF80170E75438 exitCount=129541
[iommuret] hit #2870: HalpIommuInitSystem returned EAX=0x00000000 (success/other) rsp=0xFFFFF80170E75438 exitCount=129542
[iommuret] hit #2871: HalpIommuInitSystem returned EAX=0x00000000 (success/other) rsp=0xFFFFF80170E75438 exitCount=129543
[iommuret] hit #2872: HalpIommuInitSystem returned EAX=0x00000000 (success/other) rsp=0xFFFFF80170E75438 exitCount=129544
[iommuret] hit #2873: HalpIommuInitSystem returned EAX=0x00000000 (success/other) rsp=0xFFFFF80170E75438 exitCount=129545
[iommuret] hit #2874: HalpIommuInitSystem returned EAX=0x00000000 (success/other) rsp=0xFFFFF80170E75438 exitCount=129546
[iommuret] hit #2875: HalpIommuInitSystem returned EAX=0x00000000 (success/other) rsp=0xFFFFF80170E75438 exitCount=129547
[iommuret] hit #2876: HalpIommuInitSystem returned EAX=0x00000000 (success/other) rsp=0xFFFFF80170E75438 exitCount=129548
[iommuret] hit #2877: HalpIommuInitSystem returned EAX=0x00000000 (success/other) rsp=0xFFFFF80170E75438 exitCount=129549
[iommuret] hit #2878: HalpIommuInitSystem returned EAX=0x00000000 (success/other) rsp=0xFFFFF80170E75438 exitCount=129550
[iommuret] hit #2879: HalpIommuInitSystem returned EAX=0x00000000 (success/other) rsp=0xFFFFF80170E75438 exitCount=129551
[iommuret] hit #2880: HalpIommuInitSystem returned EAX=0x00000000 (success/other) rsp=0xFFFFF80170E75438 exitCount=129552
[iommuret] hit #2881: HalpIommuInitSystem returned EAX=0x00000000 (success/other) rsp=0xFFFFF80170E75438 exitCount=129553
[iommuret] hit #2882: HalpIommuInitSystem returned EAX=0x00000000 (success/other) rsp=0xFFFFF80170E75438 exitCount=129554
[iommuret] hit #2883: HalpIommuInitSystem returned EAX=0x00000000 (success/other) rsp=0xFFFFF80170E75438 exitCount=129555
[iommuret] hit #2884: HalpIommuInitSystem returned EAX=0x00000000 (success/other) rsp=0xFFFFF80170E75438 exitCount=129556
[iommuret] hit #2885: HalpIommuInitSystem returned EAX=0x00000000 (success/other) rsp=0xFFFFF80170E75438 exitCount=129557
[iommuret] hit #2886: HalpIommuInitSystem returned EAX=0x00000000 (success/other) rsp=0xFFFFF80170E75438 exitCount=129558
[iommuret] hit #2887: HalpIommuInitSystem returned EAX=0x00000000 (success/other) rsp=0xFFFFF80170E75438 exitCount=129559
[iommuret] hit #2888: HalpIommuInitSystem returned EAX=0x00000000 (success/other) rsp=0xFFFFF80170E75438 exitCount=129560
[iommuret] hit #2889: HalpIommuInitSystem returned EAX=0x00000000 (success/other) rsp=0xFFFFF80170E75438 exitCount=129561
[iommuret] hit #2890: HalpIommuInitSystem returned EAX=0x00000000 (success/other) rsp=0xFFFFF80170E75438 exitCount=129562
[iommuret] hit #2891: HalpIommuInitSystem returned EAX=0x00000000 (success/other) rsp=0xFFFFF80170E75438 exitCount=129563
[iommuret] hit #2892: HalpIommuInitSystem returned EAX=0x00000000 (success/other) rsp=0xFFFFF80170E75438 exitCount=129564
[iommuret] hit #2893: HalpIommuInitSystem returned EAX=0x00000000 (success/other) rsp=0xFFFFF80170E75438 exitCount=129565
[iommuret] hit #2894: HalpIommuInitSystem returned EAX=0x00000000 (success/other) rsp=0xFFFFF80170E75438 exitCount=129566
[iommuret] hit #2895: HalpIommuInitSystem returned EAX=0x00000000 (success/other) rsp=0xFFFFF80170E75438 exitCount=129567
[iommuret] hit #2896: HalpIommuInitSystem returned EAX=0x00000000 (success/other) rsp=0xFFFFF80170E75438 exitCount=129568
[iommuret] hit #2897: HalpIommuInitSystem returned EAX=0x00000000 (success/other) rsp=0xFFFFF80170E75438 exitCount=129569
[iommuret] hit #2898: HalpIommuInitSystem returned EAX=0x00000000 (success/other) rsp=0xFFFFF80170E75438 exitCount=129570
[iommuret] hit #2899: HalpIommuInitSystem returned EAX=0x00000000 (success/other) rsp=0xFFFFF80170E75438 exitCount=129571
[iommuret] hit #2900: HalpIommuInitSystem returned EAX=0x00000000 (success/other) rsp=0xFFFFF80170E75438 exitCount=129572
[iommuret] hit #2901: HalpIommuInitSystem returned EAX=0x00000000 (success/other) rsp=0xFFFFF80170E75438 exitCount=129573
[iommuret] hit #2902: HalpIommuInitSystem returned EAX=0x00000000 (success/other) rsp=0xFFFFF80170E75438 exitCount=129574
[iommuret] hit #2903: HalpIommuInitSystem returned EAX=0x00000000 (success/other) rsp=0xFFFFF80170E75438 exitCount=129575
[iommuret] hit #2904: HalpIommuInitSystem returned EAX=0x00000000 (success/other) rsp=0xFFFFF80170E75438 exitCount=129576
[iommuret] hit #2905: HalpIommuInitSystem returned EAX=0x00000000 (success/other) rsp=0xFFFFF80170E75438 exitCount=129577
[iommuret] hit #2906: HalpIommuInitSystem returned EAX=0x00000000 (success/other) rsp=0xFFFFF80170E75438 exitCount=129578
[iommuret] hit #2907: HalpIommuInitSystem returned EAX=0x00000000 (success/other) rsp=0xFFFFF80170E75438 exitCount=129579
[iommuret] hit #2908: HalpIommuInitSystem returned EAX=0x00000000 (success/other) rsp=0xFFFFF80170E75438 exitCount=129580
[iommuret] hit #2909: HalpIommuInitSystem returned EAX=0x00000000 (success/other) rsp=0xFFFFF80170E75438 exitCount=129581
[iommuret] hit #2910: HalpIommuInitSystem returned EAX=0x00000000 (success/other) rsp=0xFFFFF80170E75438 exitCount=129582
[iommuret] hit #2911: HalpIommuInitSystem returned EAX=0x00000000 (success/other) rsp=0xFFFFF80170E75438 exitCount=129583
[iommuret] hit #2912: HalpIommuInitSystem returned EAX=0x00000000 (success/other) rsp=0xFFFFF80170E75438 exitCount=129584
[iommuret] hit #2913: HalpIommuInitSystem returned EAX=0x00000000 (success/other) rsp=0xFFFFF80170E75438 exitCount=129585
[iommuret] hit #2914: HalpIommuInitSystem returned EAX=0x00000000 (success/other) rsp=0xFFFFF80170E75438 exitCount=129586
[iommuret] hit #2915: HalpIommuInitSystem returned EAX=0x00000000 (success/other) rsp=0xFFFFF80170E75438 exitCount=129587
[iommuret] hit #2916: HalpIommuInitSystem returned EAX=0x00000000 (success/other) rsp=0xFFFFF80170E75438 exitCount=129588
[iommuret] hit #2917: HalpIommuInitSystem returned EAX=0x00000000 (success/other) rsp=0xFFFFF80170E75438 exitCount=129589
[iommuret] hit #2918: HalpIommuInitSystem returned EAX=0x00000000 (success/other) rsp=0xFFFFF80170E75438 exitCount=129590
[iommuret] hit #2919: HalpIommuInitSystem returned EAX=0x00000000 (success/other) rsp=0xFFFFF80170E75438 exitCount=129591
[iommuret] hit #2920: HalpIommuInitSystem returned EAX=0x00000000 (success/other) rsp=0xFFFFF80170E75438 exitCount=129592
[iommuret] hit #2921: HalpIommuInitSystem returned EAX=0x00000000 (success/other) rsp=0xFFFFF80170E75438 exitCount=129593
[iommuret] hit #2922: HalpIommuInitSystem returned EAX=0x00000000 (success/other) rsp=0xFFFFF80170E75438 exitCount=129594
[iommuret] hit #2923: HalpIommuInitSystem returned EAX=0x00000000 (success/other) rsp=0xFFFFF80170E75438 exitCount=129595
[iommuret] hit #2924: HalpIommuInitSystem returned EAX=0x00000000 (success/other) rsp=0xFFFFF80170E75438 exitCount=129596
[iommuret] hit #2925: HalpIommuInitSystem returned EAX=0x00000000 (success/other) rsp=0xFFFFF80170E75438 exitCount=129597
[iommuret] hit #2926: HalpIommuInitSystem returned EAX=0x00000000 (success/other) rsp=0xFFFFF80170E75438 exitCount=129598
[iommuret] hit #2927: HalpIommuInitSystem returned EAX=0x00000000 (success/other) rsp=0xFFFFF80170E75438 exitCount=129599
[iommuret] hit #2928: HalpIommuInitSystem returned EAX=0x00000000 (success/other) rsp=0xFFFFF80170E75438 exitCount=129600
[iommuret] hit #2929: HalpIommuInitSystem returned EAX=0x00000000 (success/other) rsp=0xFFFFF80170E75438 exitCount=129601
[iommuret] hit #2930: HalpIommuInitSystem returned EAX=0x00000000 (success/other) rsp=0xFFFFF80170E75438 exitCount=129602
[iommuret] hit #2931: HalpIommuInitSystem returned EAX=0x00000000 (success/other) rsp=0xFFFFF80170E75438 exitCount=129603
[iommuret] hit #2932: HalpIommuInitSystem returned EAX=0x00000000 (success/other) rsp=0xFFFFF80170E75438 exitCount=129604
[iommuret] hit #2933: HalpIommuInitSystem returned EAX=0x00000000 (success/other) rsp=0xFFFFF80170E75438 exitCount=129605
[iommuret] hit #2934: HalpIommuInitSystem returned EAX=0x00000000 (success/other) rsp=0xFFFFF80170E75438 exitCount=129606
[iommuret] hit #2935: HalpIommuInitSystem returned EAX=0x00000000 (success/other) rsp=0xFFFFF80170E75438 exitCount=129607
[iommuret] hit #2936: HalpIommuInitSystem returned EAX=0x00000000 (success/other) rsp=0xFFFFF80170E75438 exitCount=129608
[iommuret] hit #2937: HalpIommuInitSystem returned EAX=0x00000000 (success/other) rsp=0xFFFFF80170E75438 exitCount=129609
[iommuret] hit #2938: HalpIommuInitSystem returned EAX=0x00000000 (success/other) rsp=0xFFFFF80170E75438 exitCount=129610
[iommuret] hit #2939: HalpIommuInitSystem returned EAX=0x00000000 (success/other) rsp=0xFFFFF80170E75438 exitCount=129611
[iommuret] hit #2940: HalpIommuInitSystem returned EAX=0x00000000 (success/other) rsp=0xFFFFF80170E75438 exitCount=129612
[iommuret] hit #2941: HalpIommuInitSystem returned EAX=0x00000000 (success/other) rsp=0xFFFFF80170E75438 exitCount=129613
[iommuret] hit #2942: HalpIommuInitSystem returned EAX=0x00000000 (success/other) rsp=0xFFFFF80170E75438 exitCount=129614
[iommuret] hit #2943: HalpIommuInitSystem returned EAX=0x00000000 (success/other) rsp=0xFFFFF80170E75438 exitCount=129615
[iommuret] hit #2944: HalpIommuInitSystem returned EAX=0x00000000 (success/other) rsp=0xFFFFF80170E75438 exitCount=129616
[iommuret] hit #2945: HalpIommuInitSystem returned EAX=0x00000000 (success/other) rsp=0xFFFFF80170E75438 exitCount=129617
[iommuret] hit #2946: HalpIommuInitSystem returned EAX=0x00000000 (success/other) rsp=0xFFFFF80170E75438 exitCount=129618
[iommuret] hit #2947: HalpIommuInitSystem returned EAX=0x00000000 (success/other) rsp=0xFFFFF80170E75438 exitCount=129619
[iommuret] hit #2948: HalpIommuInitSystem returned EAX=0x00000000 (success/other) rsp=0xFFFFF80170E75438 exitCount=129620
[iommuret] hit #2949: HalpIommuInitSystem returned EAX=0x00000000 (success/other) rsp=0xFFFFF80170E75438 exitCount=129621
[iommuret] hit #2950: HalpIommuInitSystem returned EAX=0x00000000 (success/other) rsp=0xFFFFF80170E75438 exitCount=129622
[iommuret] hit #2951: HalpIommuInitSystem returned EAX=0x00000000 (success/other) rsp=0xFFFFF80170E75438 exitCount=129623
[iommuret] hit #2952: HalpIommuInitSystem returned EAX=0x00000000 (success/other) rsp=0xFFFFF80170E75438 exitCount=129624
[iommuret] hit #2953: HalpIommuInitSystem returned EAX=0x00000000 (success/other) rsp=0xFFFFF80170E75438 exitCount=129625
[iommuret] hit #2954: HalpIommuInitSystem returned EAX=0x00000000 (success/other) rsp=0xFFFFF80170E75438 exitCount=129626
[iommuret] hit #2955: HalpIommuInitSystem returned EAX=0x00000000 (success/other) rsp=0xFFFFF80170E75438 exitCount=129627
[iommuret] hit #2956: HalpIommuInitSystem returned EAX=0x00000000 (success/other) rsp=0xFFFFF80170E75438 exitCount=129628
[iommuret] hit #2957: HalpIommuInitSystem returned EAX=0x00000000 (success/other) rsp=0xFFFFF80170E75438 exitCount=129629
[iommuret] hit #2958: HalpIommuInitSystem returned EAX=0x00000000 (success/other) rsp=0xFFFFF80170E75438 exitCount=129630
[iommuret] hit #2959: HalpIommuInitSystem returned EAX=0x00000000 (success/other) rsp=0xFFFFF80170E75438 exitCount=129631
[iommuret] hit #2960: HalpIommuInitSystem returned EAX=0x00000000 (success/other) rsp=0xFFFFF80170E75438 exitCount=129632
[iommuret] hit #2961: HalpIommuInitSystem returned EAX=0x00000000 (success/other) rsp=0xFFFFF80170E75438 exitCount=129633
[iommuret] hit #2962: HalpIommuInitSystem returned EAX=0x00000000 (success/other) rsp=0xFFFFF80170E75438 exitCount=129634
[iommuret] hit #2963: HalpIommuInitSystem returned EAX=0x00000000 (success/other) rsp=0xFFFFF80170E75438 exitCount=129635
[iommuret] hit #2964: HalpIommuInitSystem returned EAX=0x00000000 (success/other) rsp=0xFFFFF80170E75438 exitCount=129636
[iommuret] hit #2965: HalpIommuInitSystem returned EAX=0x00000000 (success/other) rsp=0xFFFFF80170E75438 exitCount=129637
[iommuret] hit #2966: HalpIommuInitSystem returned EAX=0x00000000 (success/other) rsp=0xFFFFF80170E75438 exitCount=129638
[iommuret] hit #2967: HalpIommuInitSystem returned EAX=0x00000000 (success/other) rsp=0xFFFFF80170E75438 exitCount=129639
[iommuret] hit #2968: HalpIommuInitSystem returned EAX=0x00000000 (success/other) rsp=0xFFFFF80170E75438 exitCount=129640
[iommuret] hit #2969: HalpIommuInitSystem returned EAX=0x00000000 (success/other) rsp=0xFFFFF80170E75438 exitCount=129641
[iommuret] hit #2970: HalpIommuInitSystem returned EAX=0x00000000 (success/other) rsp=0xFFFFF80170E75438 exitCount=129642
[iommuret] hit #2971: HalpIommuInitSystem returned EAX=0x00000000 (success/other) rsp=0xFFFFF80170E75438 exitCount=129643
[iommuret] hit #2972: HalpIommuInitSystem returned EAX=0x00000000 (success/other) rsp=0xFFFFF80170E75438 exitCount=129644
[iommuret] hit #2973: HalpIommuInitSystem returned EAX=0x00000000 (success/other) rsp=0xFFFFF80170E75438 exitCount=129645
[iommuret] hit #2974: HalpIommuInitSystem returned EAX=0x00000000 (success/other) rsp=0xFFFFF80170E75438 exitCount=129646
[iommuret] hit #2975: HalpIommuInitSystem returned EAX=0x00000000 (success/other) rsp=0xFFFFF80170E75438 exitCount=129647
[iommuret] hit #2976: HalpIommuInitSystem returned EAX=0x00000000 (success/other) rsp=0xFFFFF80170E75438 exitCount=129648
[iommuret] hit #2977: HalpIommuInitSystem returned EAX=0x00000000 (success/other) rsp=0xFFFFF80170E75438 exitCount=129649
[iommuret] hit #2978: HalpIommuInitSystem returned EAX=0x00000000 (success/other) rsp=0xFFFFF80170E75438 exitCount=129650
[iommuret] hit #2979: HalpIommuInitSystem returned EAX=0x00000000 (success/other) rsp=0xFFFFF80170E75438 exitCount=129651
[iommuret] hit #2980: HalpIommuInitSystem returned EAX=0x00000000 (success/other) rsp=0xFFFFF80170E75438 exitCount=129652
[iommuret] hit #2981: HalpIommuInitSystem returned EAX=0x00000000 (success/other) rsp=0xFFFFF80170E75438 exitCount=129653
[iommuret] hit #2982: HalpIommuInitSystem returned EAX=0x00000000 (success/other) rsp=0xFFFFF80170E75438 exitCount=129654
[iommuret] hit #2983: HalpIommuInitSystem returned EAX=0x00000000 (success/other) rsp=0xFFFFF80170E75438 exitCount=129655
[iommuret] hit #2984: HalpIommuInitSystem returned EAX=0x00000000 (success/other) rsp=0xFFFFF80170E75438 exitCount=129656
[iommuret] hit #2985: HalpIommuInitSystem returned EAX=0x00000000 (success/other) rsp=0xFFFFF80170E75438 exitCount=129657
[iommuret] hit #2986: HalpIommuInitSystem returned EAX=0x00000000 (success/other) rsp=0xFFFFF80170E75438 exitCount=129658
[iommuret] hit #2987: HalpIommuInitSystem returned EAX=0x00000000 (success/other) rsp=0xFFFFF80170E75438 exitCount=129659
[iommuret] hit #2988: HalpIommuInitSystem returned EAX=0x00000000 (success/other) rsp=0xFFFFF80170E75438 exitCount=129660
[iommuret] hit #2989: HalpIommuInitSystem returned EAX=0x00000000 (success/other) rsp=0xFFFFF80170E75438 exitCount=129661
[iommuret] hit #2990: HalpIommuInitSystem returned EAX=0x00000000 (success/other) rsp=0xFFFFF80170E75438 exitCount=129662
[iommuret] hit #2991: HalpIommuInitSystem returned EAX=0x00000000 (success/other) rsp=0xFFFFF80170E75438 exitCount=129663
[iommuret] hit #2992: HalpIommuInitSystem returned EAX=0x00000000 (success/other) rsp=0xFFFFF80170E75438 exitCount=129664
[iommuret] hit #2993: HalpIommuInitSystem returned EAX=0x00000000 (success/other) rsp=0xFFFFF80170E75438 exitCount=129665
[iommuret] hit #2994: HalpIommuInitSystem returned EAX=0x00000000 (success/other) rsp=0xFFFFF80170E75438 exitCount=129666
[iommuret] hit #2995: HalpIommuInitSystem returned EAX=0x00000000 (success/other) rsp=0xFFFFF80170E75438 exitCount=129667
[iommuret] hit #2996: HalpIommuInitSystem returned EAX=0x00000000 (success/other) rsp=0xFFFFF80170E75438 exitCount=129668
[iommuret] hit #2997: HalpIommuInitSystem returned EAX=0x00000000 (success/other) rsp=0xFFFFF80170E75438 exitCount=129669
[iommuret] hit #2998: HalpIommuInitSystem returned EAX=0x00000000 (success/other) rsp=0xFFFFF80170E75438 exitCount=129670
[iommuret] hit #2999: HalpIommuInitSystem returned EAX=0x00000000 (success/other) rsp=0xFFFFF80170E75438 exitCount=129671
[iommuret] hit #3000: HalpIommuInitSystem returned EAX=0x00000000 (success/other) rsp=0xFFFFF80170E75438 exitCount=129672
[iommuret] cap reached (3000 hits) -- disabling DR3 for this pass
[heartbeat: exitCount=130000 elapsedSec=8.8 lastPort=0xB008 write=0 val=0xFF]
[heartbeat: exitCount=135000 elapsedSec=8.9 lastPort=0xB008 write=0 val=0xFF]
[cmos-ab] write reg=0x0A value=0x25 (RegA=0x25 RegB=0x02, PIE=0)
[ioapic-rte] controller id=1 entry=8 reg=0x20 value=0x000008D1 -> full RTE now 0x01000000000008D1 (vector=0xD1 masked=0)
[cmos-ab] write reg=0x0B value=0x02 (RegA=0x25 RegB=0x02, PIE=0)
[ioapic-rte] controller id=1 entry=8 reg=0x21 value=0x01000000 -> full RTE now 0x01000000000008D1 (vector=0xD1 masked=0)
[ioapic-rte] controller id=1 entry=8 reg=0x20 value=0x000008D1 -> full RTE now 0x01000000000008D1 (vector=0xD1 masked=0)
[cmos-ab] write reg=0x0B value=0x42 (RegA=0x25 RegB=0x42, PIE=1)
[rtc-diag] tick #1 FIRED vector=0xD1, skippedTotal=0 firedTotal=1
[rtc-diag] tick #2 FIRED vector=0xD1, skippedTotal=0 firedTotal=2
[rtc-diag] tick #3 FIRED vector=0xD1, skippedTotal=0 firedTotal=3
[rtc-diag] tick #4 FIRED vector=0xD1, skippedTotal=0 firedTotal=4
[rtc-diag] tick #5 FIRED vector=0xD1, skippedTotal=0 firedTotal=5
[rtc-diag] tick #6 FIRED vector=0xD1, skippedTotal=0 firedTotal=6
[rtc-diag] tick #7 FIRED vector=0xD1, skippedTotal=0 firedTotal=7
[rtc-diag] tick #8 FIRED vector=0xD1, skippedTotal=0 firedTotal=8
[rtc-diag] tick #9 FIRED vector=0xD1, skippedTotal=0 firedTotal=9
[rtc-diag] tick #10 FIRED vector=0xD1, skippedTotal=0 firedTotal=10
[rtc-diag] tick #11 FIRED vector=0xD1, skippedTotal=0 firedTotal=11
[rtc-diag] tick #12 FIRED vector=0xD1, skippedTotal=0 firedTotal=12
[rtc-diag] tick #13 FIRED vector=0xD1, skippedTotal=0 firedTotal=13
[rtc-diag] tick #14 FIRED vector=0xD1, skippedTotal=0 firedTotal=14
[rtc-diag] tick #15 FIRED vector=0xD1, skippedTotal=0 firedTotal=15
[rtc-diag] tick #16 FIRED vector=0xD1, skippedTotal=0 firedTotal=16
[rtc-diag] tick #17 FIRED vector=0xD1, skippedTotal=0 firedTotal=17
[rtc-diag] tick #18 FIRED vector=0xD1, skippedTotal=0 firedTotal=18
[rtc-diag] tick #19 FIRED vector=0xD1, skippedTotal=0 firedTotal=19
[rtc-diag] tick #20 FIRED vector=0xD1, skippedTotal=0 firedTotal=20
[rtc-diag] tick #21 FIRED vector=0xD1, skippedTotal=0 firedTotal=21
[rtc-diag] tick #22 FIRED vector=0xD1, skippedTotal=0 firedTotal=22
[rtc-diag] tick #23 FIRED vector=0xD1, skippedTotal=0 firedTotal=23
[rtc-diag] tick #24 FIRED vector=0xD1, skippedTotal=0 firedTotal=24
[rtc-diag] tick #25 FIRED vector=0xD1, skippedTotal=0 firedTotal=25
[rtc-diag] tick #26 FIRED vector=0xD1, skippedTotal=0 firedTotal=26
[rtc-diag] tick #27 FIRED vector=0xD1, skippedTotal=0 firedTotal=27
[rtc-diag] tick #28 FIRED vector=0xD1, skippedTotal=0 firedTotal=28
[rtc-diag] tick #29 FIRED vector=0xD1, skippedTotal=0 firedTotal=29
[rtc-diag] tick #30 FIRED vector=0xD1, skippedTotal=0 firedTotal=30
[cmos-ab] write reg=0x0B value=0x02 (RegA=0x25 RegB=0x02, PIE=0)
[u33] EDGE pass=1 exitCount=136401 pool[0]: +0x08 0x0->0xFFFFE689CF002000 +0x10 0x0->0xFFFFD508D1400000 +0x08 INIT(null->set) +0x10 INIT(null->set)
[heartbeat: exitCount=140000 elapsedSec=9.7 lastPort=0xCF8 write=1 val=0xC]
[heartbeat: exitCount=145000 elapsedSec=9.8 lastPort=0xCFC write=0 val=0xC]
[heartbeat: exitCount=150000 elapsedSec=9.8 lastPort=0xCF8 write=1 val=0xC]
[heartbeat: exitCount=155000 elapsedSec=9.9 lastPort=0xCF8 write=1 val=0xC]
[heartbeat: exitCount=160000 elapsedSec=10.0 lastPort=0xCFC write=0 val=0xC]
[cmos-ab] write reg=0x0B value=0x02 (RegA=0x25 RegB=0x02, PIE=0)
[ioapic-rte] controller id=1 entry=8 reg=0x21 value=0x01000000 -> full RTE now 0x01000000000008D1 (vector=0xD1 masked=0)
[ioapic-rte] controller id=1 entry=8 reg=0x20 value=0x000008D1 -> full RTE now 0x01000000000008D1 (vector=0xD1 masked=0)
[cmos-ab] write reg=0x0B value=0x42 (RegA=0x25 RegB=0x42, PIE=1)
[heartbeat: exitCount=165000 elapsedSec=10.1 lastPort=0xB008 write=0 val=0x9]
[heartbeat: exitCount=170000 elapsedSec=10.6 lastPort=0xCF8 write=1 val=0xC]
[cmos-ab] write reg=0x0B value=0x02 (RegA=0x25 RegB=0x02, PIE=0)
[cmos-ab] write reg=0x0B value=0x42 (RegA=0x25 RegB=0x42, PIE=1)
[heartbeat: exitCount=175000 elapsedSec=10.7 lastPort=0xB008 write=0 val=0xC]
[heartbeat: exitCount=180000 elapsedSec=10.8 lastPort=0xB008 write=0 val=0xC]
[heartbeat: exitCount=185000 elapsedSec=10.8 lastPort=0xB008 write=0 val=0xC]
[heartbeat: exitCount=190000 elapsedSec=10.9 lastPort=0xB008 write=0 val=0xC]
[heartbeat: exitCount=195000 elapsedSec=11.0 lastPort=0xB008 write=0 val=0xC]
[heartbeat: exitCount=200000 elapsedSec=11.1 lastPort=0xB008 write=0 val=0xC]
[heartbeat: exitCount=205000 elapsedSec=11.1 lastPort=0xB008 write=0 val=0xC]
[heartbeat: exitCount=210000 elapsedSec=11.2 lastPort=0xB008 write=0 val=0xC]
[heartbeat: exitCount=215000 elapsedSec=11.3 lastPort=0xB008 write=0 val=0xC]
[heartbeat: exitCount=220000 elapsedSec=11.3 lastPort=0xB008 write=0 val=0xC]
[heartbeat: exitCount=225000 elapsedSec=11.4 lastPort=0xB008 write=0 val=0xC]
[heartbeat: exitCount=230000 elapsedSec=11.5 lastPort=0xB008 write=0 val=0xC]
[heartbeat: exitCount=235000 elapsedSec=11.5 lastPort=0xB008 write=0 val=0xC]
[heartbeat: exitCount=240000 elapsedSec=11.6 lastPort=0xB008 write=0 val=0xC]
[heartbeat: exitCount=245000 elapsedSec=11.7 lastPort=0xB008 write=0 val=0xC]
[heartbeat: exitCount=250000 elapsedSec=11.7 lastPort=0xB008 write=0 val=0xC]
[heartbeat: exitCount=255000 elapsedSec=11.8 lastPort=0xB008 write=0 val=0xC]
[heartbeat: exitCount=260000 elapsedSec=11.8 lastPort=0xB008 write=0 val=0xC]
[heartbeat: exitCount=265000 elapsedSec=11.9 lastPort=0xB008 write=0 val=0xC]
[heartbeat: exitCount=270000 elapsedSec=12.0 lastPort=0xB008 write=0 val=0xC]
[heartbeat: exitCount=275000 elapsedSec=12.0 lastPort=0xB008 write=0 val=0xC]
[heartbeat: exitCount=280000 elapsedSec=12.1 lastPort=0xB008 write=0 val=0xC]
[heartbeat: exitCount=285000 elapsedSec=12.2 lastPort=0xB008 write=0 val=0xC]
[heartbeat: exitCount=290000 elapsedSec=12.2 lastPort=0xB008 write=0 val=0xC]
[heartbeat: exitCount=295000 elapsedSec=12.3 lastPort=0xB008 write=0 val=0xC]
[heartbeat: exitCount=300000 elapsedSec=12.4 lastPort=0xB008 write=0 val=0xC]
[heartbeat: exitCount=305000 elapsedSec=12.4 lastPort=0xB008 write=0 val=0xC]
[heartbeat: exitCount=310000 elapsedSec=12.5 lastPort=0xB008 write=0 val=0xC]
[heartbeat: exitCount=315000 elapsedSec=12.5 lastPort=0xB008 write=0 val=0xC]
[heartbeat: exitCount=320000 elapsedSec=12.6 lastPort=0xB008 write=0 val=0xC]
[heartbeat: exitCount=325000 elapsedSec=12.7 lastPort=0xB008 write=0 val=0xC]
[heartbeat: exitCount=330000 elapsedSec=12.7 lastPort=0xB008 write=0 val=0xC]
[heartbeat: exitCount=335000 elapsedSec=12.8 lastPort=0xB008 write=0 val=0xC]
[heartbeat: exitCount=340000 elapsedSec=12.9 lastPort=0xB008 write=0 val=0xC]
[heartbeat: exitCount=345000 elapsedSec=12.9 lastPort=0xB008 write=0 val=0xC]
[heartbeat: exitCount=350000 elapsedSec=13.0 lastPort=0xB008 write=0 val=0xC]
[heartbeat: exitCount=355000 elapsedSec=13.0 lastPort=0xB008 write=0 val=0xC]
[heartbeat: exitCount=360000 elapsedSec=13.1 lastPort=0xB008 write=0 val=0xC]
[heartbeat: exitCount=365000 elapsedSec=13.2 lastPort=0xB008 write=0 val=0xC]
[heartbeat: exitCount=370000 elapsedSec=13.2 lastPort=0xB008 write=0 val=0xC]
[heartbeat: exitCount=375000 elapsedSec=13.3 lastPort=0xB008 write=0 val=0xC]
[heartbeat: exitCount=380000 elapsedSec=13.4 lastPort=0xB008 write=0 val=0xC]
[heartbeat: exitCount=385000 elapsedSec=13.4 lastPort=0xB008 write=0 val=0xC]
[heartbeat: exitCount=390000 elapsedSec=13.5 lastPort=0xB008 write=0 val=0xC]
[heartbeat: exitCount=395000 elapsedSec=13.6 lastPort=0xB008 write=0 val=0xC]
[heartbeat: exitCount=400000 elapsedSec=13.6 lastPort=0xB008 write=0 val=0xC]
[heartbeat: exitCount=405000 elapsedSec=13.7 lastPort=0xB008 write=0 val=0xC]
[heartbeat: exitCount=410000 elapsedSec=13.8 lastPort=0xB008 write=0 val=0xC]
[heartbeat: exitCount=415000 elapsedSec=13.8 lastPort=0xB008 write=0 val=0xC]
[heartbeat: exitCount=420000 elapsedSec=13.9 lastPort=0xB008 write=0 val=0xC]
[heartbeat: exitCount=425000 elapsedSec=14.0 lastPort=0xB008 write=0 val=0xC]
[heartbeat: exitCount=430000 elapsedSec=14.0 lastPort=0xB008 write=0 val=0xC]
[heartbeat: exitCount=435000 elapsedSec=14.1 lastPort=0xB008 write=0 val=0xC]
[heartbeat: exitCount=440000 elapsedSec=14.2 lastPort=0xB008 write=0 val=0xC]
[heartbeat: exitCount=445000 elapsedSec=14.2 lastPort=0xB008 write=0 val=0xC]
[heartbeat: exitCount=450000 elapsedSec=14.3 lastPort=0xB008 write=0 val=0xC]
[heartbeat: exitCount=455000 elapsedSec=14.4 lastPort=0xB008 write=0 val=0xC]
[heartbeat: exitCount=460000 elapsedSec=14.4 lastPort=0xB008 write=0 val=0xC]
[heartbeat: exitCount=465000 elapsedSec=14.5 lastPort=0xB008 write=0 val=0xC]
[heartbeat: exitCount=470000 elapsedSec=14.6 lastPort=0xB008 write=0 val=0xC]
[heartbeat: exitCount=475000 elapsedSec=14.6 lastPort=0xB008 write=0 val=0xC]
[heartbeat: exitCount=480000 elapsedSec=14.7 lastPort=0xB008 write=0 val=0xC]
[heartbeat: exitCount=485000 elapsedSec=14.8 lastPort=0xB008 write=0 val=0xC]
[heartbeat: exitCount=490000 elapsedSec=14.8 lastPort=0xB008 write=0 val=0xC]
[heartbeat: exitCount=495000 elapsedSec=14.9 lastPort=0xB008 write=0 val=0xC]
[heartbeat: exitCount=500000 elapsedSec=15.0 lastPort=0xB008 write=0 val=0xC]
[heartbeat: exitCount=505000 elapsedSec=15.0 lastPort=0xB008 write=0 val=0xC]
[heartbeat: exitCount=510000 elapsedSec=15.1 lastPort=0xB008 write=0 val=0xC]
[heartbeat: exitCount=515000 elapsedSec=15.2 lastPort=0xB008 write=0 val=0xC]
[heartbeat: exitCount=520000 elapsedSec=15.2 lastPort=0xB008 write=0 val=0xC]
[heartbeat: exitCount=525000 elapsedSec=15.3 lastPort=0xB008 write=0 val=0xC]
[heartbeat: exitCount=530000 elapsedSec=15.4 lastPort=0xB008 write=0 val=0xC]
[heartbeat: exitCount=535000 elapsedSec=15.5 lastPort=0xB008 write=0 val=0xC]
[heartbeat: exitCount=540000 elapsedSec=15.6 lastPort=0xB008 write=0 val=0xC]
[heartbeat: exitCount=545000 elapsedSec=15.6 lastPort=0xB008 write=0 val=0xC]
[heartbeat: exitCount=550000 elapsedSec=15.7 lastPort=0xB008 write=0 val=0xC]
[heartbeat: exitCount=555000 elapsedSec=15.8 lastPort=0xB008 write=0 val=0xC]
[heartbeat: exitCount=560000 elapsedSec=15.8 lastPort=0xB008 write=0 val=0xC]
[heartbeat: exitCount=565000 elapsedSec=15.9 lastPort=0xB008 write=0 val=0xC]
[heartbeat: exitCount=570000 elapsedSec=16.0 lastPort=0xB008 write=0 val=0xC]
[heartbeat: exitCount=575000 elapsedSec=16.1 lastPort=0xB008 write=0 val=0xC]
[heartbeat: exitCount=580000 elapsedSec=16.2 lastPort=0xB008 write=0 val=0xC]
[heartbeat: exitCount=585000 elapsedSec=16.3 lastPort=0xB008 write=0 val=0xC]
[heartbeat: exitCount=590000 elapsedSec=16.3 lastPort=0xB008 write=0 val=0xC]
[heartbeat: exitCount=595000 elapsedSec=16.4 lastPort=0xB008 write=0 val=0xC]
[heartbeat: exitCount=600000 elapsedSec=16.5 lastPort=0xB008 write=0 val=0xC]
[heartbeat: exitCount=605000 elapsedSec=16.6 lastPort=0xB008 write=0 val=0xC]
[heartbeat: exitCount=610000 elapsedSec=16.7 lastPort=0xB008 write=0 val=0xC]
[heartbeat: exitCount=615000 elapsedSec=16.8 lastPort=0xB008 write=0 val=0xC]
[heartbeat: exitCount=620000 elapsedSec=16.9 lastPort=0xB008 write=0 val=0xC]
[heartbeat: exitCount=625000 elapsedSec=17.0 lastPort=0xB008 write=0 val=0xC]
[heartbeat: exitCount=630000 elapsedSec=17.1 lastPort=0xB008 write=0 val=0xC]
[heartbeat: exitCount=635000 elapsedSec=17.2 lastPort=0xB008 write=0 val=0xC]
[rtc-diag] tick #500 SKIPPED (interrupts disabled), skippedTotal=436 firedTotal=64
[heartbeat: exitCount=640000 elapsedSec=17.3 lastPort=0xB008 write=0 val=0xC]
[heartbeat: exitCount=645000 elapsedSec=17.4 lastPort=0xB008 write=0 val=0xC]
[heartbeat: exitCount=650000 elapsedSec=17.7 lastPort=0xB008 write=0 val=0xC]
[heartbeat: exitCount=655000 elapsedSec=17.9 lastPort=0xB008 write=0 val=0xC]
[heartbeat: exitCount=660000 elapsedSec=18.1 lastPort=0xB008 write=0 val=0xC]
[heartbeat: exitCount=665000 elapsedSec=18.4 lastPort=0xB008 write=0 val=0xC]
[heartbeat: exitCount=670000 elapsedSec=18.5 lastPort=0xB008 write=0 val=0xC]
[heartbeat: exitCount=675000 elapsedSec=18.6 lastPort=0xB008 write=0 val=0xC]
[heartbeat: exitCount=680000 elapsedSec=18.6 lastPort=0xB008 write=0 val=0xC]
[heartbeat: exitCount=685000 elapsedSec=18.7 lastPort=0xB008 write=0 val=0xC]
[heartbeat: exitCount=690000 elapsedSec=18.8 lastPort=0xB008 write=0 val=0xC]
[heartbeat: exitCount=695000 elapsedSec=18.9 lastPort=0xB008 write=0 val=0xC]
[heartbeat: exitCount=700000 elapsedSec=19.0 lastPort=0xB008 write=0 val=0xC]
[heartbeat: exitCount=705000 elapsedSec=19.1 lastPort=0xB008 write=0 val=0xC]
[heartbeat: exitCount=710000 elapsedSec=19.2 lastPort=0xB008 write=0 val=0xC]
[heartbeat: exitCount=715000 elapsedSec=19.3 lastPort=0xB008 write=0 val=0xC]
[heartbeat: exitCount=720000 elapsedSec=19.4 lastPort=0xB008 write=0 val=0xC]
[heartbeat: exitCount=725000 elapsedSec=19.5 lastPort=0xB008 write=0 val=0xC]
[heartbeat: exitCount=730000 elapsedSec=19.6 lastPort=0xB008 write=0 val=0xC]
[heartbeat: exitCount=735000 elapsedSec=19.7 lastPort=0xB008 write=0 val=0xC]
[heartbeat: exitCount=740000 elapsedSec=19.7 lastPort=0xB008 write=0 val=0xC]
[heartbeat: exitCount=745000 elapsedSec=19.8 lastPort=0xB008 write=0 val=0xC]
[heartbeat: exitCount=750000 elapsedSec=19.9 lastPort=0xB008 write=0 val=0xC]
[heartbeat: exitCount=755000 elapsedSec=19.9 lastPort=0xB008 write=0 val=0xC]
[heartbeat: exitCount=760000 elapsedSec=20.0 lastPort=0xB008 write=0 val=0xC]
[heartbeat: exitCount=765000 elapsedSec=20.1 lastPort=0xB008 write=0 val=0xC]
[heartbeat: exitCount=770000 elapsedSec=20.1 lastPort=0xB008 write=0 val=0xC]
[heartbeat: exitCount=775000 elapsedSec=20.2 lastPort=0xB008 write=0 val=0xC]
[heartbeat: exitCount=780000 elapsedSec=20.2 lastPort=0xB008 write=0 val=0xC]
[heartbeat: exitCount=785000 elapsedSec=20.3 lastPort=0xB008 write=0 val=0xC]
[heartbeat: exitCount=790000 elapsedSec=20.4 lastPort=0xB008 write=0 val=0xC]
[heartbeat: exitCount=795000 elapsedSec=20.4 lastPort=0xB008 write=0 val=0xC]
[heartbeat: exitCount=800000 elapsedSec=20.5 lastPort=0xB008 write=0 val=0xC]
[heartbeat: exitCount=805000 elapsedSec=20.5 lastPort=0xB008 write=0 val=0xC]
[heartbeat: exitCount=810000 elapsedSec=20.6 lastPort=0xB008 write=0 val=0xC]
[cmos-ab] write reg=0x0B value=0x02 (RegA=0x25 RegB=0x02, PIE=0)
[cmos-ab] write reg=0x0B value=0x02 (RegA=0x25 RegB=0x02, PIE=0)
[reset] port 0x64/0xFE keyboard-controller reset pulse honored -- vCPU restarted at reset vector (exitCount=814629)
[fwcfg] select #24: selector=0x0
[fwcfg] select #25: selector=0x1
[fwcfg] select #26: selector=0x19
[fwcfg] select #27: selector=0x19
[fwcfg] select #28: selector=0x19
[fwcfg] select #29: selector=0x19
[fwcfg] select #30: selector=0x19
[fwcfg] select #31: selector=0x19
[fwcfg] select #32: selector=0x19
[fwcfg] select #33: selector=0x19
[fwcfg] select #34: selector=0x0
[fwcfg] select #35: selector=0x1
[fwcfg] select #36: selector=0x19
[fwcfg] select #37: selector=0xE
[fwcfg] select #38: selector=0x5
[heartbeat: exitCount=815000 elapsedSec=20.9 lastPort=0xB008 write=0 val=0x2]
[heartbeat: exitCount=820000 elapsedSec=21.0 lastPort=0xB008 write=0 val=0x2]
[fwcfg] select #39: selector=0x23
[ramfb] configured: address=0xBE500000 800x600 stride=3200
[cmos-ab] write reg=0x0A value=0x26 (RegA=0x26 RegB=0x02, PIE=0)
[fwcfg] select #40: selector=0x17
[heartbeat: exitCount=825000 elapsedSec=21.1 lastPort=0xCF8 write=1 val=0x89]
[2J[001;001H[=3h[2J[001;001H[2J[001;001H[8;056;240t[2J[001;001H[2J[001;001H[=3h[2J[001;001H[2J[001;001H[8;031;100t[2J[001;001H[aux] controller: disable AUX port
[heartbeat: exitCount=830000 elapsedSec=21.7 lastPort=0xCF8 write=1 val=0x0]
[heartbeat: exitCount=835000 elapsedSec=21.8 lastPort=0xCF8 write=1 val=0x0]
BdsDxe: loading Boot0002 "UEFI LocalHost Virtual Disk LH0001 " from PciRoot(0x0)/Pci(0x2,0x0)/Sata(0x0,0xFFFF,0x0)
[heartbeat: exitCount=840000 elapsedSec=21.9 lastPort=0x2FD write=0 val=0x0]
BdsDxe: starting Boot0002 "UEFI LocalHost Virtual Disk LH0001 " from PciRoot(0x0)/Pci(0x2,0x0)/Sata(0x0,0xFFFF,0x0)
[heartbeat: exitCount=845000 elapsedSec=22.0 lastPort=0xB008 write=0 val=0x89]
[2J[001;001H[=3h[2J[001;001H[heartbeat: exitCount=850000 elapsedSec=22.2 lastPort=0xB008 write=0 val=0x89]
[heartbeat: exitCount=855000 elapsedSec=22.3 lastPort=0xB008 write=0 val=0x89]
[heartbeat: exitCount=860000 elapsedSec=22.4 lastPort=0xB008 write=0 val=0x89]
[heartbeat: exitCount=865000 elapsedSec=22.6 lastPort=0xB008 write=0 val=0x89]
[heartbeat: exitCount=870000 elapsedSec=22.9 lastPort=0xB008 write=0 val=0x89]
[heartbeat: exitCount=875000 elapsedSec=23.4 lastPort=0xB008 write=0 val=0x89]
[heartbeat: exitCount=880000 elapsedSec=23.7 lastPort=0xB008 write=0 val=0x89]
[heartbeat: exitCount=885000 elapsedSec=24.0 lastPort=0xB008 write=0 val=0x89]
[heartbeat: exitCount=890000 elapsedSec=24.4 lastPort=0xB008 write=0 val=0x89]
[heartbeat: exitCount=895000 elapsedSec=24.5 lastPort=0xB008 write=0 val=0x89]
[heartbeat: exitCount=900000 elapsedSec=24.6 lastPort=0xB008 write=0 val=0x89]
[heartbeat: exitCount=905000 elapsedSec=24.7 lastPort=0xB008 write=0 val=0x89]
[heartbeat: exitCount=910000 elapsedSec=24.9 lastPort=0xB008 write=0 val=0x89]
[heartbeat: exitCount=915000 elapsedSec=25.3 lastPort=0xB008 write=0 val=0x89]
[heartbeat: exitCount=920000 elapsedSec=25.6 lastPort=0xB008 write=0 val=0x89]
[heartbeat: exitCount=925000 elapsedSec=26.0 lastPort=0xB008 write=0 val=0x89]
[heartbeat: exitCount=930000 elapsedSec=26.9 lastPort=0x71 write=0 val=0x8D]
[aux] controller: disable AUX port
[heartbeat: exitCount=935000 elapsedSec=28.1 lastPort=0xCF8 write=1 val=0x0]
[heartbeat: exitCount=940000 elapsedSec=28.1 lastPort=0xCF8 write=1 val=0x0]
[heartbeat: exitCount=945000 elapsedSec=28.2 lastPort=0xCF8 write=1 val=0x0]
[kerneldiag] candidate address 0xFFFFF800567A57DD resolves to module base 0xFFFFF80056400000 (+0x3A57DD into it)
[kerneldiag] debug directory: type=2 codeViewRva=0x40970
[kerneldiag] module PDB name: ntkrnlmp.pdb guid=D9424FC4-861E-47C1-0FAD1B35DEC6DCC8 age=1
[wp] DISCOVERY at exitCount=949283 (pass 2)
[wp] armed breakpoints at module base 0xFFFFF80056400000 (DR2 LFH-check armed=1): DR0=+0xA773D8 (U34 ExInitializePoolHeapManagement entry, VA=0xFFFFF80056E773D8), DR1=+0x3FD6F0 (KeBugCheckEx, VA=0xFFFFF800567FD6F0), DR2=+0x343B49 (RtlpHpLfhOwnerMoveSubsegment entry, VA=0xFFFFF80056743B49), DR3=+0x9A188F (HalpIommuInitSystem ret, VA=0xFFFFF80056DA188F)
[u32] ExPoolState pool-descriptor fields (pass 2):
[u32]   pool[0] desc@RVA0xC57EC0: +0x08=0x0 +0x10=0x0  <== +0x10 NULL
[u32]   pool[1] desc@RVA0xC59F80: +0x08=0x0 +0x10=0x0  <== +0x10 NULL
[u32]   pool[2] desc@RVA0xC5C040: +0x08=0x0 +0x10=0x0  <== +0x10 NULL
[u32]   pool[3] desc@RVA0xC5E100: +0x08=0x0 +0x10=0x0  <== +0x10 NULL
[u32]   pool[4] desc@RVA0xC601C0: +0x08=0x0 +0x10=0x0  <== +0x10 NULL
[u32]   pool[5] desc@RVA0xC62280: +0x08=0x0 +0x10=0x0  <== +0x10 NULL
[u32]   pool[6] desc@RVA0xC64340: +0x08=0x0 +0x10=0x0  <== +0x10 NULL
[u32]   pool[7] desc@RVA0xC66400: +0x08=0x0 +0x10=0x0  <== +0x10 NULL
[u33] pass boundary -- re-baselining pool-descriptor tracker for pass 2
[u33] baseline pass=2 exitCount=949283 pool[0] +0x08=0x0 +0x10=0x0
[u33] baseline pass=2 exitCount=949283 pool[1] +0x08=0x0 +0x10=0x0
[u33] baseline pass=2 exitCount=949283 pool[2] +0x08=0x0 +0x10=0x0
[u33] baseline pass=2 exitCount=949283 pool[3] +0x08=0x0 +0x10=0x0
[iommuret] hit #1: HalpIommuInitSystem returned EAX=0x00000000 (success/other) rsp=0xFFFFF8005DC75438 exitCount=949555
[iommuret] hit #2: HalpIommuInitSystem returned EAX=0x00000000 (success/other) rsp=0xFFFFF8005DC75438 exitCount=949556
[iommuret] hit #3: HalpIommuInitSystem returned EAX=0x00000000 (success/other) rsp=0xFFFFF8005DC75438 exitCount=949557
[iommuret] hit #4: HalpIommuInitSystem returned EAX=0x00000000 (success/other) rsp=0xFFFFF8005DC75438 exitCount=949558
[iommuret] hit #5: HalpIommuInitSystem returned EAX=0x00000000 (success/other) rsp=0xFFFFF8005DC75438 exitCount=949559
[iommuret] hit #6: HalpIommuInitSystem returned EAX=0x00000000 (success/other) rsp=0xFFFFF8005DC75438 exitCount=949560
[iommuret] hit #7: HalpIommuInitSystem returned EAX=0x00000000 (success/other) rsp=0xFFFFF8005DC75438 exitCount=949561
[iommuret] hit #8: HalpIommuInitSystem returned EAX=0x00000000 (success/other) rsp=0xFFFFF8005DC75438 exitCount=949562
[iommuret] hit #9: HalpIommuInitSystem returned EAX=0x00000000 (success/other) rsp=0xFFFFF8005DC75438 exitCount=949563
[iommuret] hit #10: HalpIommuInitSystem returned EAX=0x00000000 (success/other) rsp=0xFFFFF8005DC75438 exitCount=949564
[iommuret] hit #11: HalpIommuInitSystem returned EAX=0x00000000 (success/other) rsp=0xFFFFF8005DC75438 exitCount=949565
[iommuret] hit #12: HalpIommuInitSystem returned EAX=0x00000000 (success/other) rsp=0xFFFFF8005DC75438 exitCount=949566
[iommuret] hit #13: HalpIommuInitSystem returned EAX=0x00000000 (success/other) rsp=0xFFFFF8005DC75438 exitCount=949567
[iommuret] hit #14: HalpIommuInitSystem returned EAX=0x00000000 (success/other) rsp=0xFFFFF8005DC75438 exitCount=949568
[iommuret] hit #15: HalpIommuInitSystem returned EAX=0x00000000 (success/other) rsp=0xFFFFF8005DC75438 exitCount=949569
[iommuret] hit #16: HalpIommuInitSystem returned EAX=0x00000000 (success/other) rsp=0xFFFFF8005DC75438 exitCount=949570
[iommuret] hit #17: HalpIommuInitSystem returned EAX=0x00000000 (success/other) rsp=0xFFFFF8005DC75438 exitCount=949571
[iommuret] hit #18: HalpIommuInitSystem returned EAX=0x00000000 (success/other) rsp=0xFFFFF8005DC75438 exitCount=949572
[iommuret] hit #19: HalpIommuInitSystem returned EAX=0x00000000 (success/other) rsp=0xFFFFF8005DC75438 exitCount=949573
[iommuret] hit #20: HalpIommuInitSystem returned EAX=0x00000000 (success/other) rsp=0xFFFFF8005DC75438 exitCount=949574
[iommuret] hit #21: HalpIommuInitSystem returned EAX=0x00000000 (success/other) rsp=0xFFFFF8005DC75438 exitCount=949575
[iommuret] hit #22: HalpIommuInitSystem returned EAX=0x00000000 (success/other) rsp=0xFFFFF8005DC75438 exitCount=949576
[iommuret] hit #23: HalpIommuInitSystem returned EAX=0x00000000 (success/other) rsp=0xFFFFF8005DC75438 exitCount=949577
[iommuret] hit #24: HalpIommuInitSystem returned EAX=0x00000000 (success/other) rsp=0xFFFFF8005DC75438 exitCount=949578
[iommuret] hit #25: HalpIommuInitSystem returned EAX=0x00000000 (success/other) rsp=0xFFFFF8005DC75438 exitCount=949579
[iommuret] hit #26: HalpIommuInitSystem returned EAX=0x00000000 (success/other) rsp=0xFFFFF8005DC75438 exitCount=949580
[iommuret] hit #27: HalpIommuInitSystem returned EAX=0x00000000 (success/other) rsp=0xFFFFF8005DC75438 exitCount=949581
[iommuret] hit #28: HalpIommuInitSystem returned EAX=0x00000000 (success/other) rsp=0xFFFFF8005DC75438 exitCount=949582
[iommuret] hit #29: HalpIommuInitSystem returned EAX=0x00000000 (success/other) rsp=0xFFFFF8005DC75438 exitCount=949583
[iommuret] hit #30: HalpIommuInitSystem returned EAX=0x00000000 (success/other) rsp=0xFFFFF8005DC75438 exitCount=949584
[iommuret] hit #31: HalpIommuInitSystem returned EAX=0x00000000 (success/other) rsp=0xFFFFF8005DC75438 exitCount=949585
[iommuret] hit #32: HalpIommuInitSystem returned EAX=0x00000000 (success/other) rsp=0xFFFFF8005DC75438 exitCount=949586
[iommuret] hit #33: HalpIommuInitSystem returned EAX=0x00000000 (success/other) rsp=0xFFFFF8005DC75438 exitCount=949587
[iommuret] hit #34: HalpIommuInitSystem returned EAX=0x00000000 (success/other) rsp=0xFFFFF8005DC75438 exitCount=949588
[iommuret] hit #35: HalpIommuInitSystem returned EAX=0x00000000 (success/other) rsp=0xFFFFF8005DC75438 exitCount=949589
[iommuret] hit #36: HalpIommuInitSystem returned EAX=0x00000000 (success/other) rsp=0xFFFFF8005DC75438 exitCount=949590
[iommuret] hit #37: HalpIommuInitSystem returned EAX=0x00000000 (success/other) rsp=0xFFFFF8005DC75438 exitCount=949591
[iommuret] hit #38: HalpIommuInitSystem returned EAX=0x00000000 (success/other) rsp=0xFFFFF8005DC75438 exitCount=949592
[iommuret] hit #39: HalpIommuInitSystem returned EAX=0x00000000 (success/other) rsp=0xFFFFF8005DC75438 exitCount=949593
[iommuret] hit #40: HalpIommuInitSystem returned EAX=0x00000000 (success/other) rsp=0xFFFFF8005DC75438 exitCount=949594
[iommuret] hit #41: HalpIommuInitSystem returned EAX=0x00000000 (success/other) rsp=0xFFFFF8005DC75438 exitCount=949595
[iommuret] hit #42: HalpIommuInitSystem returned EAX=0x00000000 (success/other) rsp=0xFFFFF8005DC75438 exitCount=949596
[iommuret] hit #43: HalpIommuInitSystem returned EAX=0x00000000 (success/other) rsp=0xFFFFF8005DC75438 exitCount=949597
[iommuret] hit #44: HalpIommuInitSystem returned EAX=0x00000000 (success/other) rsp=0xFFFFF8005DC75438 exitCount=949598
[iommuret] hit #45: HalpIommuInitSystem returned EAX=0x00000000 (success/other) rsp=0xFFFFF8005DC75438 exitCount=949599
[iommuret] hit #46: HalpIommuInitSystem returned EAX=0x00000000 (success/other) rsp=0xFFFFF8005DC75438 exitCount=949600
[iommuret] hit #47: HalpIommuInitSystem returned EAX=0x00000000 (success/other) rsp=0xFFFFF8005DC75438 exitCount=949601
[iommuret] hit #48: HalpIommuInitSystem returned EAX=0x00000000 (success/other) rsp=0xFFFFF8005DC75438 exitCount=949602
[iommuret] hit #49: HalpIommuInitSystem returned EAX=0x00000000 (success/other) rsp=0xFFFFF8005DC75438 exitCount=949603
[iommuret] hit #50: HalpIommuInitSystem returned EAX=0x00000000 (success/other) rsp=0xFFFFF8005DC75438 exitCount=949604
[iommuret] hit #51: HalpIommuInitSystem returned EAX=0x00000000 (success/other) rsp=0xFFFFF8005DC75438 exitCount=949605
[iommuret] hit #52: HalpIommuInitSystem returned EAX=0x00000000 (success/other) rsp=0xFFFFF8005DC75438 exitCount=949606
[iommuret] hit #53: HalpIommuInitSystem returned EAX=0x00000000 (success/other) rsp=0xFFFFF8005DC75438 exitCount=949607
[iommuret] hit #54: HalpIommuInitSystem returned EAX=0x00000000 (success/other) rsp=0xFFFFF8005DC75438 exitCount=949608
[iommuret] hit #55: HalpIommuInitSystem returned EAX=0x00000000 (success/other) rsp=0xFFFFF8005DC75438 exitCount=949609
[iommuret] hit #56: HalpIommuInitSystem returned EAX=0x00000000 (success/other) rsp=0xFFFFF8005DC75438 exitCount=949610
[iommuret] hit #57: HalpIommuInitSystem returned EAX=0x00000000 (success/other) rsp=0xFFFFF8005DC75438 exitCount=949611
[iommuret] hit #58: HalpIommuInitSystem returned EAX=0x00000000 (success/other) rsp=0xFFFFF8005DC75438 exitCount=949612
[iommuret] hit #59: HalpIommuInitSystem returned EAX=0x00000000 (success/other) rsp=0xFFFFF8005DC75438 exitCount=949613
[iommuret] hit #60: HalpIommuInitSystem returned EAX=0x00000000 (success/other) rsp=0xFFFFF8005DC75438 exitCount=949614
[iommuret] hit #61: HalpIommuInitSystem returned EAX=0x00000000 (success/other) rsp=0xFFFFF8005DC75438 exitCount=949615
[iommuret] hit #62: HalpIommuInitSystem returned EAX=0x00000000 (success/other) rsp=0xFFFFF8005DC75438 exitCount=949616
[iommuret] hit #63: HalpIommuInitSystem returned EAX=0x00000000 (success/other) rsp=0xFFFFF8005DC75438 exitCount=949617
[iommuret] hit #64: HalpIommuInitSystem returned EAX=0x00000000 (success/other) rsp=0xFFFFF8005DC75438 exitCount=949618
[iommuret] hit #65: HalpIommuInitSystem returned EAX=0x00000000 (success/other) rsp=0xFFFFF8005DC75438 exitCount=949619
[iommuret] hit #66: HalpIommuInitSystem returned EAX=0x00000000 (success/other) rsp=0xFFFFF8005DC75438 exitCount=949620
[iommuret] hit #67: HalpIommuInitSystem returned EAX=0x00000000 (success/other) rsp=0xFFFFF8005DC75438 exitCount=949621
[iommuret] hit #68: HalpIommuInitSystem returned EAX=0x00000000 (success/other) rsp=0xFFFFF8005DC75438 exitCount=949622
[iommuret] hit #69: HalpIommuInitSystem returned EAX=0x00000000 (success/other) rsp=0xFFFFF8005DC75438 exitCount=949623
[iommuret] hit #70: HalpIommuInitSystem returned EAX=0x00000000 (success/other) rsp=0xFFFFF8005DC75438 exitCount=949624
[iommuret] hit #71: HalpIommuInitSystem returned EAX=0x00000000 (success/other) rsp=0xFFFFF8005DC75438 exitCount=949625
[iommuret] hit #72: HalpIommuInitSystem returned EAX=0x00000000 (success/other) rsp=0xFFFFF8005DC75438 exitCount=949626
[iommuret] hit #73: HalpIommuInitSystem returned EAX=0x00000000 (success/other) rsp=0xFFFFF8005DC75438 exitCount=949627
[iommuret] hit #74: HalpIommuInitSystem returned EAX=0x00000000 (success/other) rsp=0xFFFFF8005DC75438 exitCount=949628
[iommuret] hit #75: HalpIommuInitSystem returned EAX=0x00000000 (success/other) rsp=0xFFFFF8005DC75438 exitCount=949629
[iommuret] hit #76: HalpIommuInitSystem returned EAX=0x00000000 (success/other) rsp=0xFFFFF8005DC75438 exitCount=949630
[iommuret] hit #77: HalpIommuInitSystem returned EAX=0x00000000 (success/other) rsp=0xFFFFF8005DC75438 exitCount=949631
[iommuret] hit #78: HalpIommuInitSystem returned EAX=0x00000000 (success/other) rsp=0xFFFFF8005DC75438 exitCount=949632
[iommuret] hit #79: HalpIommuInitSystem returned EAX=0x00000000 (success/other) rsp=0xFFFFF8005DC75438 exitCount=949633
[iommuret] hit #80: HalpIommuInitSystem returned EAX=0x00000000 (success/other) rsp=0xFFFFF8005DC75438 exitCount=949634
[iommuret] hit #81: HalpIommuInitSystem returned EAX=0x00000000 (success/other) rsp=0xFFFFF8005DC75438 exitCount=949635
[iommuret] hit #82: HalpIommuInitSystem returned EAX=0x00000000 (success/other) rsp=0xFFFFF8005DC75438 exitCount=949636
[iommuret] hit #83: HalpIommuInitSystem returned EAX=0x00000000 (success/other) rsp=0xFFFFF8005DC75438 exitCount=949637
[iommuret] hit #84: HalpIommuInitSystem returned EAX=0x00000000 (success/other) rsp=0xFFFFF8005DC75438 exitCount=949638
[iommuret] hit #85: HalpIommuInitSystem returned EAX=0x00000000 (success/other) rsp=0xFFFFF8005DC75438 exitCount=949639
[iommuret] hit #86: HalpIommuInitSystem returned EAX=0x00000000 (success/other) rsp=0xFFFFF8005DC75438 exitCount=949640
[iommuret] hit #87: HalpIommuInitSystem returned EAX=0x00000000 (success/other) rsp=0xFFFFF8005DC75438 exitCount=949641
[iommuret] hit #88: HalpIommuInitSystem returned EAX=0x00000000 (success/other) rsp=0xFFFFF8005DC75438 exitCount=949642
[iommuret] hit #89: HalpIommuInitSystem returned EAX=0x00000000 (success/other) rsp=0xFFFFF8005DC75438 exitCount=949643
[iommuret] hit #90: HalpIommuInitSystem returned EAX=0x00000000 (success/other) rsp=0xFFFFF8005DC75438 exitCount=949644
[iommuret] hit #91: HalpIommuInitSystem returned EAX=0x00000000 (success/other) rsp=0xFFFFF8005DC75438 exitCount=949645
[iommuret] hit #92: HalpIommuInitSystem returned EAX=0x00000000 (success/other) rsp=0xFFFFF8005DC75438 exitCount=949646
[iommuret] hit #93: HalpIommuInitSystem returned EAX=0x00000000 (success/other) rsp=0xFFFFF8005DC75438 exitCount=949647
[iommuret] hit #94: HalpIommuInitSystem returned EAX=0x00000000 (success/other) rsp=0xFFFFF8005DC75438 exitCount=949648
[iommuret] hit #95: HalpIommuInitSystem returned EAX=0x00000000 (success/other) rsp=0xFFFFF8005DC75438 exitCount=949649
[iommuret] hit #96: HalpIommuInitSystem returned EAX=0x00000000 (success/other) rsp=0xFFFFF8005DC75438 exitCount=949650
[iommuret] hit #97: HalpIommuInitSystem returned EAX=0x00000000 (success/other) rsp=0xFFFFF8005DC75438 exitCount=949651
[iommuret] hit #98: HalpIommuInitSystem returned EAX=0x00000000 (success/other) rsp=0xFFFFF8005DC75438 exitCount=949652
[iommuret] hit #99: HalpIommuInitSystem returned EAX=0x00000000 (success/other) rsp=0xFFFFF8005DC75438 exitCount=949653
[iommuret] hit #100: HalpIommuInitSystem returned EAX=0x00000000 (success/other) rsp=0xFFFFF8005DC75438 exitCount=949654
[iommuret] hit #101: HalpIommuInitSystem returned EAX=0x00000000 (success/other) rsp=0xFFFFF8005DC75438 exitCount=949655
[iommuret] hit #102: HalpIommuInitSystem returned EAX=0x00000000 (success/other) rsp=0xFFFFF8005DC75438 exitCount=949656
[iommuret] hit #103: HalpIommuInitSystem returned EAX=0x00000000 (success/other) rsp=0xFFFFF8005DC75438 exitCount=949657
[iommuret] hit #104: HalpIommuInitSystem returned EAX=0x00000000 (success/other) rsp=0xFFFFF8005DC75438 exitCount=949658
[iommuret] hit #105: HalpIommuInitSystem returned EAX=0x00000000 (success/other) rsp=0xFFFFF8005DC75438 exitCount=949659
[iommuret] hit #106: HalpIommuInitSystem returned EAX=0x00000000 (success/other) rsp=0xFFFFF8005DC75438 exitCount=949660
[iommuret] hit #107: HalpIommuInitSystem returned EAX=0x00000000 (success/other) rsp=0xFFFFF8005DC75438 exitCount=949661
[iommuret] hit #108: HalpIommuInitSystem returned EAX=0x00000000 (success/other) rsp=0xFFFFF8005DC75438 exitCount=949662
[iommuret] hit #109: HalpIommuInitSystem returned EAX=0x00000000 (success/other) rsp=0xFFFFF8005DC75438 exitCount=949663
[iommuret] hit #110: HalpIommuInitSystem returned EAX=0x00000000 (success/other) rsp=0xFFFFF8005DC75438 exitCount=949664
[iommuret] hit #111: HalpIommuInitSystem returned EAX=0x00000000 (success/other) rsp=0xFFFFF8005DC75438 exitCount=949665
[iommuret] hit #112: HalpIommuInitSystem returned EAX=0x00000000 (success/other) rsp=0xFFFFF8005DC75438 exitCount=949666
[iommuret] hit #113: HalpIommuInitSystem returned EAX=0x00000000 (success/other) rsp=0xFFFFF8005DC75438 exitCount=949667
[iommuret] hit #114: HalpIommuInitSystem returned EAX=0x00000000 (success/other) rsp=0xFFFFF8005DC75438 exitCount=949668
[iommuret] hit #115: HalpIommuInitSystem returned EAX=0x00000000 (success/other) rsp=0xFFFFF8005DC75438 exitCount=949669
[iommuret] hit #116: HalpIommuInitSystem returned EAX=0x00000000 (success/other) rsp=0xFFFFF8005DC75438 exitCount=949670
[iommuret] hit #117: HalpIommuInitSystem returned EAX=0x00000000 (success/other) rsp=0xFFFFF8005DC75438 exitCount=949671
[iommuret] hit #118: HalpIommuInitSystem returned EAX=0x00000000 (success/other) rsp=0xFFFFF8005DC75438 exitCount=949672
[iommuret] hit #119: HalpIommuInitSystem returned EAX=0x00000000 (success/other) rsp=0xFFFFF8005DC75438 exitCount=949673
[iommuret] hit #120: HalpIommuInitSystem returned EAX=0x00000000 (success/other) rsp=0xFFFFF8005DC75438 exitCount=949674
[iommuret] hit #121: HalpIommuInitSystem returned EAX=0x00000000 (success/other) rsp=0xFFFFF8005DC75438 exitCount=949675
[iommuret] hit #122: HalpIommuInitSystem returned EAX=0x00000000 (success/other) rsp=0xFFFFF8005DC75438 exitCount=949676
[iommuret] hit #123: HalpIommuInitSystem returned EAX=0x00000000 (success/other) rsp=0xFFFFF8005DC75438 exitCount=949677
[iommuret] hit #124: HalpIommuInitSystem returned EAX=0x00000000 (success/other) rsp=0xFFFFF8005DC75438 exitCount=949678
[iommuret] hit #125: HalpIommuInitSystem returned EAX=0x00000000 (success/other) rsp=0xFFFFF8005DC75438 exitCount=949679
[iommuret] hit #126: HalpIommuInitSystem returned EAX=0x00000000 (success/other) rsp=0xFFFFF8005DC75438 exitCount=949680
[iommuret] hit #127: HalpIommuInitSystem returned EAX=0x00000000 (success/other) rsp=0xFFFFF8005DC75438 exitCount=949681
[iommuret] hit #128: HalpIommuInitSystem returned EAX=0x00000000 (success/other) rsp=0xFFFFF8005DC75438 exitCount=949682
[iommuret] hit #129: HalpIommuInitSystem returned EAX=0x00000000 (success/other) rsp=0xFFFFF8005DC75438 exitCount=949683
[iommuret] hit #130: HalpIommuInitSystem returned EAX=0x00000000 (success/other) rsp=0xFFFFF8005DC75438 exitCount=949684
[iommuret] hit #131: HalpIommuInitSystem returned EAX=0x00000000 (success/other) rsp=0xFFFFF8005DC75438 exitCount=949685
[iommuret] hit #132: HalpIommuInitSystem returned EAX=0x00000000 (success/other) rsp=0xFFFFF8005DC75438 exitCount=949686
[iommuret] hit #133: HalpIommuInitSystem returned EAX=0x00000000 (success/other) rsp=0xFFFFF8005DC75438 exitCount=949687
[iommuret] hit #134: HalpIommuInitSystem returned EAX=0x00000000 (success/other) rsp=0xFFFFF8005DC75438 exitCount=949688
[iommuret] hit #135: HalpIommuInitSystem returned EAX=0x00000000 (success/other) rsp=0xFFFFF8005DC75438 exitCount=949689
[iommuret] hit #136: HalpIommuInitSystem returned EAX=0x00000000 (success/other) rsp=0xFFFFF8005DC75438 exitCount=949690
[iommuret] hit #137: HalpIommuInitSystem returned EAX=0x00000000 (success/other) rsp=0xFFFFF8005DC75438 exitCount=949691
[iommuret] hit #138: HalpIommuInitSystem returned EAX=0x00000000 (success/other) rsp=0xFFFFF8005DC75438 exitCount=949692
[iommuret] hit #139: HalpIommuInitSystem returned EAX=0x00000000 (success/other) rsp=0xFFFFF8005DC75438 exitCount=949693
[iommuret] hit #140: HalpIommuInitSystem returned EAX=0x00000000 (success/other) rsp=0xFFFFF8005DC75438 exitCount=949694
[iommuret] hit #141: HalpIommuInitSystem returned EAX=0x00000000 (success/other) rsp=0xFFFFF8005DC75438 exitCount=949695
[iommuret] hit #142: HalpIommuInitSystem returned EAX=0x00000000 (success/other) rsp=0xFFFFF8005DC75438 exitCount=949696
[iommuret] hit #143: HalpIommuInitSystem returned EAX=0x00000000 (success/other) rsp=0xFFFFF8005DC75438 exitCount=949697
[iommuret] hit #144: HalpIommuInitSystem returned EAX=0x00000000 (success/other) rsp=0xFFFFF8005DC75438 exitCount=949698
[iommuret] hit #145: HalpIommuInitSystem returned EAX=0x00000000 (success/other) rsp=0xFFFFF8005DC75438 exitCount=949699
[iommuret] hit #146: HalpIommuInitSystem returned EAX=0x00000000 (success/other) rsp=0xFFFFF8005DC75438 exitCount=949700
[iommuret] hit #147: HalpIommuInitSystem returned EAX=0x00000000 (success/other) rsp=0xFFFFF8005DC75438 exitCount=949701
[iommuret] hit #148: HalpIommuInitSystem returned EAX=0x00000000 (success/other) rsp=0xFFFFF8005DC75438 exitCount=949702
[iommuret] hit #149: HalpIommuInitSystem returned EAX=0x00000000 (success/other) rsp=0xFFFFF8005DC75438 exitCount=949703
[iommuret] hit #150: HalpIommuInitSystem returned EAX=0x00000000 (success/other) rsp=0xFFFFF8005DC75438 exitCount=949704
[iommuret] hit #151: HalpIommuInitSystem returned EAX=0x00000000 (success/other) rsp=0xFFFFF8005DC75438 exitCount=949705
[iommuret] hit #152: HalpIommuInitSystem returned EAX=0x00000000 (success/other) rsp=0xFFFFF8005DC75438 exitCount=949706
[iommuret] hit #153: HalpIommuInitSystem returned EAX=0x00000000 (success/other) rsp=0xFFFFF8005DC75438 exitCount=949707
[iommuret] hit #154: HalpIommuInitSystem returned EAX=0x00000000 (success/other) rsp=0xFFFFF8005DC75438 exitCount=949708
[iommuret] hit #155: HalpIommuInitSystem returned EAX=0x00000000 (success/other) rsp=0xFFFFF8005DC75438 exitCount=949709
[iommuret] hit #156: HalpIommuInitSystem returned EAX=0x00000000 (success/other) rsp=0xFFFFF8005DC75438 exitCount=949710
[iommuret] hit #157: HalpIommuInitSystem returned EAX=0x00000000 (success/other) rsp=0xFFFFF8005DC75438 exitCount=949711
[iommuret] hit #158: HalpIommuInitSystem returned EAX=0x00000000 (success/other) rsp=0xFFFFF8005DC75438 exitCount=949712
[iommuret] hit #159: HalpIommuInitSystem returned EAX=0x00000000 (success/other) rsp=0xFFFFF8005DC75438 exitCount=949713
[iommuret] hit #160: HalpIommuInitSystem returned EAX=0x00000000 (success/other) rsp=0xFFFFF8005DC75438 exitCount=949714
[iommuret] hit #161: HalpIommuInitSystem returned EAX=0x00000000 (success/other) rsp=0xFFFFF8005DC75438 exitCount=949715
[iommuret] hit #162: HalpIommuInitSystem returned EAX=0x00000000 (success/other) rsp=0xFFFFF8005DC75438 exitCount=949716
[iommuret] hit #163: HalpIommuInitSystem returned EAX=0x00000000 (success/other) rsp=0xFFFFF8005DC75438 exitCount=949717
[iommuret] hit #164: HalpIommuInitSystem returned EAX=0x00000000 (success/other) rsp=0xFFFFF8005DC75438 exitCount=949718
[iommuret] hit #165: HalpIommuInitSystem returned EAX=0x00000000 (success/other) rsp=0xFFFFF8005DC75438 exitCount=949719
[iommuret] hit #166: HalpIommuInitSystem returned EAX=0x00000000 (success/other) rsp=0xFFFFF8005DC75438 exitCount=949720
[iommuret] hit #167: HalpIommuInitSystem returned EAX=0x00000000 (success/other) rsp=0xFFFFF8005DC75438 exitCount=949721
[iommuret] hit #168: HalpIommuInitSystem returned EAX=0x00000000 (success/other) rsp=0xFFFFF8005DC75438 exitCount=949722
[iommuret] hit #169: HalpIommuInitSystem returned EAX=0x00000000 (success/other) rsp=0xFFFFF8005DC75438 exitCount=949723
[iommuret] hit #170: HalpIommuInitSystem returned EAX=0x00000000 (success/other) rsp=0xFFFFF8005DC75438 exitCount=949724
[iommuret] hit #171: HalpIommuInitSystem returned EAX=0x00000000 (success/other) rsp=0xFFFFF8005DC75438 exitCount=949725
[iommuret] hit #172: HalpIommuInitSystem returned EAX=0x00000000 (success/other) rsp=0xFFFFF8005DC75438 exitCount=949726
[iommuret] hit #173: HalpIommuInitSystem returned EAX=0x00000000 (success/other) rsp=0xFFFFF8005DC75438 exitCount=949727
[iommuret] hit #174: HalpIommuInitSystem returned EAX=0x00000000 (success/other) rsp=0xFFFFF8005DC75438 exitCount=949728
[iommuret] hit #175: HalpIommuInitSystem returned EAX=0x00000000 (success/other) rsp=0xFFFFF8005DC75438 exitCount=949729
[iommuret] hit #176: HalpIommuInitSystem returned EAX=0x00000000 (success/other) rsp=0xFFFFF8005DC75438 exitCount=949730
[iommuret] hit #177: HalpIommuInitSystem returned EAX=0x00000000 (success/other) rsp=0xFFFFF8005DC75438 exitCount=949731
[iommuret] hit #178: HalpIommuInitSystem returned EAX=0x00000000 (success/other) rsp=0xFFFFF8005DC75438 exitCount=949732
[iommuret] hit #179: HalpIommuInitSystem returned EAX=0x00000000 (success/other) rsp=0xFFFFF8005DC75438 exitCount=949733
[iommuret] hit #180: HalpIommuInitSystem returned EAX=0x00000000 (success/other) rsp=0xFFFFF8005DC75438 exitCount=949734
[iommuret] hit #181: HalpIommuInitSystem returned EAX=0x00000000 (success/other) rsp=0xFFFFF8005DC75438 exitCount=949735
[iommuret] hit #182: HalpIommuInitSystem returned EAX=0x00000000 (success/other) rsp=0xFFFFF8005DC75438 exitCount=949736
[iommuret] hit #183: HalpIommuInitSystem returned EAX=0x00000000 (success/other) rsp=0xFFFFF8005DC75438 exitCount=949737
[iommuret] hit #184: HalpIommuInitSystem returned EAX=0x00000000 (success/other) rsp=0xFFFFF8005DC75438 exitCount=949738
[iommuret] hit #185: HalpIommuInitSystem returned EAX=0x00000000 (success/other) rsp=0xFFFFF8005DC75438 exitCount=949739
[iommuret] hit #186: HalpIommuInitSystem returned EAX=0x00000000 (success/other) rsp=0xFFFFF8005DC75438 exitCount=949740
[iommuret] hit #187: HalpIommuInitSystem returned EAX=0x00000000 (success/other) rsp=0xFFFFF8005DC75438 exitCount=949741
[iommuret] hit #188: HalpIommuInitSystem returned EAX=0x00000000 (success/other) rsp=0xFFFFF8005DC75438 exitCount=949742
[iommuret] hit #189: HalpIommuInitSystem returned EAX=0x00000000 (success/other) rsp=0xFFFFF8005DC75438 exitCount=949743
[iommuret] hit #190: HalpIommuInitSystem returned EAX=0x00000000 (success/other) rsp=0xFFFFF8005DC75438 exitCount=949744
[iommuret] hit #191: HalpIommuInitSystem returned EAX=0x00000000 (success/other) rsp=0xFFFFF8005DC75438 exitCount=949745
[iommuret] hit #192: HalpIommuInitSystem returned EAX=0x00000000 (success/other) rsp=0xFFFFF8005DC75438 exitCount=949746
[iommuret] hit #193: HalpIommuInitSystem returned EAX=0x00000000 (success/other) rsp=0xFFFFF8005DC75438 exitCount=949747
[iommuret] hit #194: HalpIommuInitSystem returned EAX=0x00000000 (success/other) rsp=0xFFFFF8005DC75438 exitCount=949748
[iommuret] hit #195: HalpIommuInitSystem returned EAX=0x00000000 (success/other) rsp=0xFFFFF8005DC75438 exitCount=949749
[iommuret] hit #196: HalpIommuInitSystem returned EAX=0x00000000 (success/other) rsp=0xFFFFF8005DC75438 exitCount=949750
[iommuret] hit #197: HalpIommuInitSystem returned EAX=0x00000000 (success/other) rsp=0xFFFFF8005DC75438 exitCount=949751
[iommuret] hit #198: HalpIommuInitSystem returned EAX=0x00000000 (success/other) rsp=0xFFFFF8005DC75438 exitCount=949752
[iommuret] hit #199: HalpIommuInitSystem returned EAX=0x00000000 (success/other) rsp=0xFFFFF8005DC75438 exitCount=949753
[iommuret] hit #200: HalpIommuInitSystem returned EAX=0x00000000 (success/other) rsp=0xFFFFF8005DC75438 exitCount=949754
[iommuret] hit #201: HalpIommuInitSystem returned EAX=0x00000000 (success/other) rsp=0xFFFFF8005DC75438 exitCount=949755
[iommuret] hit #202: HalpIommuInitSystem returned EAX=0x00000000 (success/other) rsp=0xFFFFF8005DC75438 exitCount=949756
[iommuret] hit #203: HalpIommuInitSystem returned EAX=0x00000000 (success/other) rsp=0xFFFFF8005DC75438 exitCount=949757
[iommuret] hit #204: HalpIommuInitSystem returned EAX=0x00000000 (success/other) rsp=0xFFFFF8005DC75438 exitCount=949758
[iommuret] hit #205: HalpIommuInitSystem returned EAX=0x00000000 (success/other) rsp=0xFFFFF8005DC75438 exitCount=949759
[iommuret] hit #206: HalpIommuInitSystem returned EAX=0x00000000 (success/other) rsp=0xFFFFF8005DC75438 exitCount=949760
[iommuret] hit #207: HalpIommuInitSystem returned EAX=0x00000000 (success/other) rsp=0xFFFFF8005DC75438 exitCount=949761
[iommuret] hit #208: HalpIommuInitSystem returned EAX=0x00000000 (success/other) rsp=0xFFFFF8005DC75438 exitCount=949762
[iommuret] hit #209: HalpIommuInitSystem returned EAX=0x00000000 (success/other) rsp=0xFFFFF8005DC75438 exitCount=949763
[iommuret] hit #210: HalpIommuInitSystem returned EAX=0x00000000 (success/other) rsp=0xFFFFF8005DC75438 exitCount=949764
[iommuret] hit #211: HalpIommuInitSystem returned EAX=0x00000000 (success/other) rsp=0xFFFFF8005DC75438 exitCount=949765
[iommuret] hit #212: HalpIommuInitSystem returned EAX=0x00000000 (success/other) rsp=0xFFFFF8005DC75438 exitCount=949766
[iommuret] hit #213: HalpIommuInitSystem returned EAX=0x00000000 (success/other) rsp=0xFFFFF8005DC75438 exitCount=949767
[iommuret] hit #214: HalpIommuInitSystem returned EAX=0x00000000 (success/other) rsp=0xFFFFF8005DC75438 exitCount=949768
[iommuret] hit #215: HalpIommuInitSystem returned EAX=0x00000000 (success/other) rsp=0xFFFFF8005DC75438 exitCount=949769
[iommuret] hit #216: HalpIommuInitSystem returned EAX=0x00000000 (success/other) rsp=0xFFFFF8005DC75438 exitCount=949770
[iommuret] hit #217: HalpIommuInitSystem returned EAX=0x00000000 (success/other) rsp=0xFFFFF8005DC75438 exitCount=949771
[iommuret] hit #218: HalpIommuInitSystem returned EAX=0x00000000 (success/other) rsp=0xFFFFF8005DC75438 exitCount=949772
[iommuret] hit #219: HalpIommuInitSystem returned EAX=0x00000000 (success/other) rsp=0xFFFFF8005DC75438 exitCount=949773
[iommuret] hit #220: HalpIommuInitSystem returned EAX=0x00000000 (success/other) rsp=0xFFFFF8005DC75438 exitCount=949774
[iommuret] hit #221: HalpIommuInitSystem returned EAX=0x00000000 (success/other) rsp=0xFFFFF8005DC75438 exitCount=949775
[iommuret] hit #222: HalpIommuInitSystem returned EAX=0x00000000 (success/other) rsp=0xFFFFF8005DC75438 exitCount=949776
[iommuret] hit #223: HalpIommuInitSystem returned EAX=0x00000000 (success/other) rsp=0xFFFFF8005DC75438 exitCount=949777
[iommuret] hit #224: HalpIommuInitSystem returned EAX=0x00000000 (success/other) rsp=0xFFFFF8005DC75438 exitCount=949778
[iommuret] hit #225: HalpIommuInitSystem returned EAX=0x00000000 (success/other) rsp=0xFFFFF8005DC75438 exitCount=949779
[iommuret] hit #226: HalpIommuInitSystem returned EAX=0x00000000 (success/other) rsp=0xFFFFF8005DC75438 exitCount=949780
[iommuret] hit #227: HalpIommuInitSystem returned EAX=0x00000000 (success/other) rsp=0xFFFFF8005DC75438 exitCount=949781
[iommuret] hit #228: HalpIommuInitSystem returned EAX=0x00000000 (success/other) rsp=0xFFFFF8005DC75438 exitCount=949782
[iommuret] hit #229: HalpIommuInitSystem returned EAX=0x00000000 (success/other) rsp=0xFFFFF8005DC75438 exitCount=949783
[iommuret] hit #230: HalpIommuInitSystem returned EAX=0x00000000 (success/other) rsp=0xFFFFF8005DC75438 exitCount=949784
[iommuret] hit #231: HalpIommuInitSystem returned EAX=0x00000000 (success/other) rsp=0xFFFFF8005DC75438 exitCount=949785
[iommuret] hit #232: HalpIommuInitSystem returned EAX=0x00000000 (success/other) rsp=0xFFFFF8005DC75438 exitCount=949786
[iommuret] hit #233: HalpIommuInitSystem returned EAX=0x00000000 (success/other) rsp=0xFFFFF8005DC75438 exitCount=949787
[iommuret] hit #234: HalpIommuInitSystem returned EAX=0x00000000 (success/other) rsp=0xFFFFF8005DC75438 exitCount=949788
[iommuret] hit #235: HalpIommuInitSystem returned EAX=0x00000000 (success/other) rsp=0xFFFFF8005DC75438 exitCount=949789
[iommuret] hit #236: HalpIommuInitSystem returned EAX=0x00000000 (success/other) rsp=0xFFFFF8005DC75438 exitCount=949790
[iommuret] hit #237: HalpIommuInitSystem returned EAX=0x00000000 (success/other) rsp=0xFFFFF8005DC75438 exitCount=949791
[iommuret] hit #238: HalpIommuInitSystem returned EAX=0x00000000 (success/other) rsp=0xFFFFF8005DC75438 exitCount=949792
[iommuret] hit #239: HalpIommuInitSystem returned EAX=0x00000000 (success/other) rsp=0xFFFFF8005DC75438 exitCount=949793
[iommuret] hit #240: HalpIommuInitSystem returned EAX=0x00000000 (success/other) rsp=0xFFFFF8005DC75438 exitCount=949794
[iommuret] hit #241: HalpIommuInitSystem returned EAX=0x00000000 (success/other) rsp=0xFFFFF8005DC75438 exitCount=949795
[iommuret] hit #242: HalpIommuInitSystem returned EAX=0x00000000 (success/other) rsp=0xFFFFF8005DC75438 exitCount=949796
[iommuret] hit #243: HalpIommuInitSystem returned EAX=0x00000000 (success/other) rsp=0xFFFFF8005DC75438 exitCount=949797
[iommuret] hit #244: HalpIommuInitSystem returned EAX=0x00000000 (success/other) rsp=0xFFFFF8005DC75438 exitCount=949798
[iommuret] hit #245: HalpIommuInitSystem returned EAX=0x00000000 (success/other) rsp=0xFFFFF8005DC75438 exitCount=949799
[iommuret] hit #246: HalpIommuInitSystem returned EAX=0x00000000 (success/other) rsp=0xFFFFF8005DC75438 exitCount=949800
[iommuret] hit #247: HalpIommuInitSystem returned EAX=0x00000000 (success/other) rsp=0xFFFFF8005DC75438 exitCount=949801
[iommuret] hit #248: HalpIommuInitSystem returned EAX=0x00000000 (success/other) rsp=0xFFFFF8005DC75438 exitCount=949802
[iommuret] hit #249: HalpIommuInitSystem returned EAX=0x00000000 (success/other) rsp=0xFFFFF8005DC75438 exitCount=949803
[iommuret] hit #250: HalpIommuInitSystem returned EAX=0x00000000 (success/other) rsp=0xFFFFF8005DC75438 exitCount=949804
[iommuret] hit #251: HalpIommuInitSystem returned EAX=0x00000000 (success/other) rsp=0xFFFFF8005DC75438 exitCount=949805
[iommuret] hit #252: HalpIommuInitSystem returned EAX=0x00000000 (success/other) rsp=0xFFFFF8005DC75438 exitCount=949806
[iommuret] hit #253: HalpIommuInitSystem returned EAX=0x00000000 (success/other) rsp=0xFFFFF8005DC75438 exitCount=949807
[iommuret] hit #254: HalpIommuInitSystem returned EAX=0x00000000 (success/other) rsp=0xFFFFF8005DC75438 exitCount=949808
[iommuret] hit #255: HalpIommuInitSystem returned EAX=0x00000000 (success/other) rsp=0xFFFFF8005DC75438 exitCount=949809
[iommuret] hit #256: HalpIommuInitSystem returned EAX=0x00000000 (success/other) rsp=0xFFFFF8005DC75438 exitCount=949810
[iommuret] hit #257: HalpIommuInitSystem returned EAX=0x00000000 (success/other) rsp=0xFFFFF8005DC75438 exitCount=949811
[iommuret] hit #258: HalpIommuInitSystem returned EAX=0x00000000 (success/other) rsp=0xFFFFF8005DC75438 exitCount=949812
[iommuret] hit #259: HalpIommuInitSystem returned EAX=0x00000000 (success/other) rsp=0xFFFFF8005DC75438 exitCount=949813
[iommuret] hit #260: HalpIommuInitSystem returned EAX=0x00000000 (success/other) rsp=0xFFFFF8005DC75438 exitCount=949814
[iommuret] hit #261: HalpIommuInitSystem returned EAX=0x00000000 (success/other) rsp=0xFFFFF8005DC75438 exitCount=949815
[iommuret] hit #262: HalpIommuInitSystem returned EAX=0x00000000 (success/other) rsp=0xFFFFF8005DC75438 exitCount=949816
[iommuret] hit #263: HalpIommuInitSystem returned EAX=0x00000000 (success/other) rsp=0xFFFFF8005DC75438 exitCount=949817
[iommuret] hit #264: HalpIommuInitSystem returned EAX=0x00000000 (success/other) rsp=0xFFFFF8005DC75438 exitCount=949818
[iommuret] hit #265: HalpIommuInitSystem returned EAX=0x00000000 (success/other) rsp=0xFFFFF8005DC75438 exitCount=949819
[iommuret] hit #266: HalpIommuInitSystem returned EAX=0x00000000 (success/other) rsp=0xFFFFF8005DC75438 exitCount=949820
[iommuret] hit #267: HalpIommuInitSystem returned EAX=0x00000000 (success/other) rsp=0xFFFFF8005DC75438 exitCount=949821
[iommuret] hit #268: HalpIommuInitSystem returned EAX=0x00000000 (success/other) rsp=0xFFFFF8005DC75438 exitCount=949822
[iommuret] hit #269: HalpIommuInitSystem returned EAX=0x00000000 (success/other) rsp=0xFFFFF8005DC75438 exitCount=949823
[iommuret] hit #270: HalpIommuInitSystem returned EAX=0x00000000 (success/other) rsp=0xFFFFF8005DC75438 exitCount=949824
[iommuret] hit #271: HalpIommuInitSystem returned EAX=0x00000000 (success/other) rsp=0xFFFFF8005DC75438 exitCount=949825
[iommuret] hit #272: HalpIommuInitSystem returned EAX=0x00000000 (success/other) rsp=0xFFFFF8005DC75438 exitCount=949826
[iommuret] hit #273: HalpIommuInitSystem returned EAX=0x00000000 (success/other) rsp=0xFFFFF8005DC75438 exitCount=949827
[iommuret] hit #274: HalpIommuInitSystem returned EAX=0x00000000 (success/other) rsp=0xFFFFF8005DC75438 exitCount=949828
[iommuret] hit #275: HalpIommuInitSystem returned EAX=0x00000000 (success/other) rsp=0xFFFFF8005DC75438 exitCount=949829
[iommuret] hit #276: HalpIommuInitSystem returned EAX=0x00000000 (success/other) rsp=0xFFFFF8005DC75438 exitCount=949830
[iommuret] hit #277: HalpIommuInitSystem returned EAX=0x00000000 (success/other) rsp=0xFFFFF8005DC75438 exitCount=949831
[iommuret] hit #278: HalpIommuInitSystem returned EAX=0x00000000 (success/other) rsp=0xFFFFF8005DC75438 exitCount=949832
[iommuret] hit #279: HalpIommuInitSystem returned EAX=0x00000000 (success/other) rsp=0xFFFFF8005DC75438 exitCount=949833
[iommuret] hit #280: HalpIommuInitSystem returned EAX=0x00000000 (success/other) rsp=0xFFFFF8005DC75438 exitCount=949834
[iommuret] hit #281: HalpIommuInitSystem returned EAX=0x00000000 (success/other) rsp=0xFFFFF8005DC75438 exitCount=949835
[iommuret] hit #282: HalpIommuInitSystem returned EAX=0x00000000 (success/other) rsp=0xFFFFF8005DC75438 exitCount=949836
[iommuret] hit #283: HalpIommuInitSystem returned EAX=0x00000000 (success/other) rsp=0xFFFFF8005DC75438 exitCount=949837
[iommuret] hit #284: HalpIommuInitSystem returned EAX=0x00000000 (success/other) rsp=0xFFFFF8005DC75438 exitCount=949838
[iommuret] hit #285: HalpIommuInitSystem returned EAX=0x00000000 (success/other) rsp=0xFFFFF8005DC75438 exitCount=949839
[iommuret] hit #286: HalpIommuInitSystem returned EAX=0x00000000 (success/other) rsp=0xFFFFF8005DC75438 exitCount=949840
[iommuret] hit #287: HalpIommuInitSystem returned EAX=0x00000000 (success/other) rsp=0xFFFFF8005DC75438 exitCount=949841
[iommuret] hit #288: HalpIommuInitSystem returned EAX=0x00000000 (success/other) rsp=0xFFFFF8005DC75438 exitCount=949842
[iommuret] hit #289: HalpIommuInitSystem returned EAX=0x00000000 (success/other) rsp=0xFFFFF8005DC75438 exitCount=949843
[iommuret] hit #290: HalpIommuInitSystem returned EAX=0x00000000 (success/other) rsp=0xFFFFF8005DC75438 exitCount=949844
[iommuret] hit #291: HalpIommuInitSystem returned EAX=0x00000000 (success/other) rsp=0xFFFFF8005DC75438 exitCount=949845
[iommuret] hit #292: HalpIommuInitSystem returned EAX=0x00000000 (success/other) rsp=0xFFFFF8005DC75438 exitCount=949846
[iommuret] hit #293: HalpIommuInitSystem returned EAX=0x00000000 (success/other) rsp=0xFFFFF8005DC75438 exitCount=949847
[iommuret] hit #294: HalpIommuInitSystem returned EAX=0x00000000 (success/other) rsp=0xFFFFF8005DC75438 exitCount=949848
[iommuret] hit #295: HalpIommuInitSystem returned EAX=0x00000000 (success/other) rsp=0xFFFFF8005DC75438 exitCount=949849
[iommuret] hit #296: HalpIommuInitSystem returned EAX=0x00000000 (success/other) rsp=0xFFFFF8005DC75438 exitCount=949850
[iommuret] hit #297: HalpIommuInitSystem returned EAX=0x00000000 (success/other) rsp=0xFFFFF8005DC75438 exitCount=949851
[iommuret] hit #298: HalpIommuInitSystem returned EAX=0x00000000 (success/other) rsp=0xFFFFF8005DC75438 exitCount=949852
[iommuret] hit #299: HalpIommuInitSystem returned EAX=0x00000000 (success/other) rsp=0xFFFFF8005DC75438 exitCount=949853
[iommuret] hit #300: HalpIommuInitSystem returned EAX=0x00000000 (success/other) rsp=0xFFFFF8005DC75438 exitCount=949854
[iommuret] hit #301: HalpIommuInitSystem returned EAX=0x00000000 (success/other) rsp=0xFFFFF8005DC75438 exitCount=949855
[iommuret] hit #302: HalpIommuInitSystem returned EAX=0x00000000 (success/other) rsp=0xFFFFF8005DC75438 exitCount=949856
[iommuret] hit #303: HalpIommuInitSystem returned EAX=0x00000000 (success/other) rsp=0xFFFFF8005DC75438 exitCount=949857
[iommuret] hit #304: HalpIommuInitSystem returned EAX=0x00000000 (success/other) rsp=0xFFFFF8005DC75438 exitCount=949858
[iommuret] hit #305: HalpIommuInitSystem returned EAX=0x00000000 (success/other) rsp=0xFFFFF8005DC75438 exitCount=949859
[iommuret] hit #306: HalpIommuInitSystem returned EAX=0x00000000 (success/other) rsp=0xFFFFF8005DC75438 exitCount=949860
[iommuret] hit #307: HalpIommuInitSystem returned EAX=0x00000000 (success/other) rsp=0xFFFFF8005DC75438 exitCount=949861
[iommuret] hit #308: HalpIommuInitSystem returned EAX=0x00000000 (success/other) rsp=0xFFFFF8005DC75438 exitCount=949862
[iommuret] hit #309: HalpIommuInitSystem returned EAX=0x00000000 (success/other) rsp=0xFFFFF8005DC75438 exitCount=949863
[iommuret] hit #310: HalpIommuInitSystem returned EAX=0x00000000 (success/other) rsp=0xFFFFF8005DC75438 exitCount=949864
[iommuret] hit #311: HalpIommuInitSystem returned EAX=0x00000000 (success/other) rsp=0xFFFFF8005DC75438 exitCount=949865
[iommuret] hit #312: HalpIommuInitSystem returned EAX=0x00000000 (success/other) rsp=0xFFFFF8005DC75438 exitCount=949866
[iommuret] hit #313: HalpIommuInitSystem returned EAX=0x00000000 (success/other) rsp=0xFFFFF8005DC75438 exitCount=949867
[iommuret] hit #314: HalpIommuInitSystem returned EAX=0x00000000 (success/other) rsp=0xFFFFF8005DC75438 exitCount=949868
[iommuret] hit #315: HalpIommuInitSystem returned EAX=0x00000000 (success/other) rsp=0xFFFFF8005DC75438 exitCount=949869
[iommuret] hit #316: HalpIommuInitSystem returned EAX=0x00000000 (success/other) rsp=0xFFFFF8005DC75438 exitCount=949870
[iommuret] hit #317: HalpIommuInitSystem returned EAX=0x00000000 (success/other) rsp=0xFFFFF8005DC75438 exitCount=949871
[iommuret] hit #318: HalpIommuInitSystem returned EAX=0x00000000 (success/other) rsp=0xFFFFF8005DC75438 exitCount=949872
[iommuret] hit #319: HalpIommuInitSystem returned EAX=0x00000000 (success/other) rsp=0xFFFFF8005DC75438 exitCount=949873
[iommuret] hit #320: HalpIommuInitSystem returned EAX=0x00000000 (success/other) rsp=0xFFFFF8005DC75438 exitCount=949874
[iommuret] hit #321: HalpIommuInitSystem returned EAX=0x00000000 (success/other) rsp=0xFFFFF8005DC75438 exitCount=949875
[iommuret] hit #322: HalpIommuInitSystem returned EAX=0x00000000 (success/other) rsp=0xFFFFF8005DC75438 exitCount=949876
[iommuret] hit #323: HalpIommuInitSystem returned EAX=0x00000000 (success/other) rsp=0xFFFFF8005DC75438 exitCount=949877
[iommuret] hit #324: HalpIommuInitSystem returned EAX=0x00000000 (success/other) rsp=0xFFFFF8005DC75438 exitCount=949878
[iommuret] hit #325: HalpIommuInitSystem returned EAX=0x00000000 (success/other) rsp=0xFFFFF8005DC75438 exitCount=949879
[iommuret] hit #326: HalpIommuInitSystem returned EAX=0x00000000 (success/other) rsp=0xFFFFF8005DC75438 exitCount=949880
[iommuret] hit #327: HalpIommuInitSystem returned EAX=0x00000000 (success/other) rsp=0xFFFFF8005DC75438 exitCount=949881
[iommuret] hit #328: HalpIommuInitSystem returned EAX=0x00000000 (success/other) rsp=0xFFFFF8005DC75438 exitCount=949882
[iommuret] hit #329: HalpIommuInitSystem returned EAX=0x00000000 (success/other) rsp=0xFFFFF8005DC75438 exitCount=949883
[iommuret] hit #330: HalpIommuInitSystem returned EAX=0x00000000 (success/other) rsp=0xFFFFF8005DC75438 exitCount=949884
[iommuret] hit #331: HalpIommuInitSystem returned EAX=0x00000000 (success/other) rsp=0xFFFFF8005DC75438 exitCount=949885
[iommuret] hit #332: HalpIommuInitSystem returned EAX=0x00000000 (success/other) rsp=0xFFFFF8005DC75438 exitCount=949886
[iommuret] hit #333: HalpIommuInitSystem returned EAX=0x00000000 (success/other) rsp=0xFFFFF8005DC75438 exitCount=949887
[iommuret] hit #334: HalpIommuInitSystem returned EAX=0x00000000 (success/other) rsp=0xFFFFF8005DC75438 exitCount=949888
[iommuret] hit #335: HalpIommuInitSystem returned EAX=0x00000000 (success/other) rsp=0xFFFFF8005DC75438 exitCount=949889
[iommuret] hit #336: HalpIommuInitSystem returned EAX=0x00000000 (success/other) rsp=0xFFFFF8005DC75438 exitCount=949890
[iommuret] hit #337: HalpIommuInitSystem returned EAX=0x00000000 (success/other) rsp=0xFFFFF8005DC75438 exitCount=949891
[iommuret] hit #338: HalpIommuInitSystem returned EAX=0x00000000 (success/other) rsp=0xFFFFF8005DC75438 exitCount=949892
[iommuret] hit #339: HalpIommuInitSystem returned EAX=0x00000000 (success/other) rsp=0xFFFFF8005DC75438 exitCount=949893
[iommuret] hit #340: HalpIommuInitSystem returned EAX=0x00000000 (success/other) rsp=0xFFFFF8005DC75438 exitCount=949894
[iommuret] hit #341: HalpIommuInitSystem returned EAX=0x00000000 (success/other) rsp=0xFFFFF8005DC75438 exitCount=949895
[iommuret] hit #342: HalpIommuInitSystem returned EAX=0x00000000 (success/other) rsp=0xFFFFF8005DC75438 exitCount=949896
[iommuret] hit #343: HalpIommuInitSystem returned EAX=0x00000000 (success/other) rsp=0xFFFFF8005DC75438 exitCount=949897
[iommuret] hit #344: HalpIommuInitSystem returned EAX=0x00000000 (success/other) rsp=0xFFFFF8005DC75438 exitCount=949898
[iommuret] hit #345: HalpIommuInitSystem returned EAX=0x00000000 (success/other) rsp=0xFFFFF8005DC75438 exitCount=949899
[iommuret] hit #346: HalpIommuInitSystem returned EAX=0x00000000 (success/other) rsp=0xFFFFF8005DC75438 exitCount=949900
[iommuret] hit #347: HalpIommuInitSystem returned EAX=0x00000000 (success/other) rsp=0xFFFFF8005DC75438 exitCount=949901
[iommuret] hit #348: HalpIommuInitSystem returned EAX=0x00000000 (success/other) rsp=0xFFFFF8005DC75438 exitCount=949902
[iommuret] hit #349: HalpIommuInitSystem returned EAX=0x00000000 (success/other) rsp=0xFFFFF8005DC75438 exitCount=949903
[iommuret] hit #350: HalpIommuInitSystem returned EAX=0x00000000 (success/other) rsp=0xFFFFF8005DC75438 exitCount=949904
[iommuret] hit #351: HalpIommuInitSystem returned EAX=0x00000000 (success/other) rsp=0xFFFFF8005DC75438 exitCount=949905
[iommuret] hit #352: HalpIommuInitSystem returned EAX=0x00000000 (success/other) rsp=0xFFFFF8005DC75438 exitCount=949906
[iommuret] hit #353: HalpIommuInitSystem returned EAX=0x00000000 (success/other) rsp=0xFFFFF8005DC75438 exitCount=949907
[iommuret] hit #354: HalpIommuInitSystem returned EAX=0x00000000 (success/other) rsp=0xFFFFF8005DC75438 exitCount=949908
[iommuret] hit #355: HalpIommuInitSystem returned EAX=0x00000000 (success/other) rsp=0xFFFFF8005DC75438 exitCount=949909
[iommuret] hit #356: HalpIommuInitSystem returned EAX=0x00000000 (success/other) rsp=0xFFFFF8005DC75438 exitCount=949910
[iommuret] hit #357: HalpIommuInitSystem returned EAX=0x00000000 (success/other) rsp=0xFFFFF8005DC75438 exitCount=949911
[iommuret] hit #358: HalpIommuInitSystem returned EAX=0x00000000 (success/other) rsp=0xFFFFF8005DC75438 exitCount=949912
[iommuret] hit #359: HalpIommuInitSystem returned EAX=0x00000000 (success/other) rsp=0xFFFFF8005DC75438 exitCount=949913
[iommuret] hit #360: HalpIommuInitSystem returned EAX=0x00000000 (success/other) rsp=0xFFFFF8005DC75438 exitCount=949914
[iommuret] hit #361: HalpIommuInitSystem returned EAX=0x00000000 (success/other) rsp=0xFFFFF8005DC75438 exitCount=949915
[iommuret] hit #362: HalpIommuInitSystem returned EAX=0x00000000 (success/other) rsp=0xFFFFF8005DC75438 exitCount=949916
[iommuret] hit #363: HalpIommuInitSystem returned EAX=0x00000000 (success/other) rsp=0xFFFFF8005DC75438 exitCount=949917
[iommuret] hit #364: HalpIommuInitSystem returned EAX=0x00000000 (success/other) rsp=0xFFFFF8005DC75438 exitCount=949918
[iommuret] hit #365: HalpIommuInitSystem returned EAX=0x00000000 (success/other) rsp=0xFFFFF8005DC75438 exitCount=949919
[iommuret] hit #366: HalpIommuInitSystem returned EAX=0x00000000 (success/other) rsp=0xFFFFF8005DC75438 exitCount=949920
[iommuret] hit #367: HalpIommuInitSystem returned EAX=0x00000000 (success/other) rsp=0xFFFFF8005DC75438 exitCount=949921
[iommuret] hit #368: HalpIommuInitSystem returned EAX=0x00000000 (success/other) rsp=0xFFFFF8005DC75438 exitCount=949922
[iommuret] hit #369: HalpIommuInitSystem returned EAX=0x00000000 (success/other) rsp=0xFFFFF8005DC75438 exitCount=949923
[iommuret] hit #370: HalpIommuInitSystem returned EAX=0x00000000 (success/other) rsp=0xFFFFF8005DC75438 exitCount=949924
[iommuret] hit #371: HalpIommuInitSystem returned EAX=0x00000000 (success/other) rsp=0xFFFFF8005DC75438 exitCount=949925
[iommuret] hit #372: HalpIommuInitSystem returned EAX=0x00000000 (success/other) rsp=0xFFFFF8005DC75438 exitCount=949926
[iommuret] hit #373: HalpIommuInitSystem returned EAX=0x00000000 (success/other) rsp=0xFFFFF8005DC75438 exitCount=949927
[iommuret] hit #374: HalpIommuInitSystem returned EAX=0x00000000 (success/other) rsp=0xFFFFF8005DC75438 exitCount=949928
[iommuret] hit #375: HalpIommuInitSystem returned EAX=0x00000000 (success/other) rsp=0xFFFFF8005DC75438 exitCount=949929
[iommuret] hit #376: HalpIommuInitSystem returned EAX=0x00000000 (success/other) rsp=0xFFFFF8005DC75438 exitCount=949930
[iommuret] hit #377: HalpIommuInitSystem returned EAX=0x00000000 (success/other) rsp=0xFFFFF8005DC75438 exitCount=949931
[iommuret] hit #378: HalpIommuInitSystem returned EAX=0x00000000 (success/other) rsp=0xFFFFF8005DC75438 exitCount=949932
[iommuret] hit #379: HalpIommuInitSystem returned EAX=0x00000000 (success/other) rsp=0xFFFFF8005DC75438 exitCount=949933
[iommuret] hit #380: HalpIommuInitSystem returned EAX=0x00000000 (success/other) rsp=0xFFFFF8005DC75438 exitCount=949934
[iommuret] hit #381: HalpIommuInitSystem returned EAX=0x00000000 (success/other) rsp=0xFFFFF8005DC75438 exitCount=949935
[iommuret] hit #382: HalpIommuInitSystem returned EAX=0x00000000 (success/other) rsp=0xFFFFF8005DC75438 exitCount=949936
[iommuret] hit #383: HalpIommuInitSystem returned EAX=0x00000000 (success/other) rsp=0xFFFFF8005DC75438 exitCount=949937
[iommuret] hit #384: HalpIommuInitSystem returned EAX=0x00000000 (success/other) rsp=0xFFFFF8005DC75438 exitCount=949938
[iommuret] hit #385: HalpIommuInitSystem returned EAX=0x00000000 (success/other) rsp=0xFFFFF8005DC75438 exitCount=949939
[iommuret] hit #386: HalpIommuInitSystem returned EAX=0x00000000 (success/other) rsp=0xFFFFF8005DC75438 exitCount=949940
[iommuret] hit #387: HalpIommuInitSystem returned EAX=0x00000000 (success/other) rsp=0xFFFFF8005DC75438 exitCount=949941
[iommuret] hit #388: HalpIommuInitSystem returned EAX=0x00000000 (success/other) rsp=0xFFFFF8005DC75438 exitCount=949942
[iommuret] hit #389: HalpIommuInitSystem returned EAX=0x00000000 (success/other) rsp=0xFFFFF8005DC75438 exitCount=949943
[iommuret] hit #390: HalpIommuInitSystem returned EAX=0x00000000 (success/other) rsp=0xFFFFF8005DC75438 exitCount=949944
[iommuret] hit #391: HalpIommuInitSystem returned EAX=0x00000000 (success/other) rsp=0xFFFFF8005DC75438 exitCount=949945
[iommuret] hit #392: HalpIommuInitSystem returned EAX=0x00000000 (success/other) rsp=0xFFFFF8005DC75438 exitCount=949946
[iommuret] hit #393: HalpIommuInitSystem returned EAX=0x00000000 (success/other) rsp=0xFFFFF8005DC75438 exitCount=949947
[iommuret] hit #394: HalpIommuInitSystem returned EAX=0x00000000 (success/other) rsp=0xFFFFF8005DC75438 exitCount=949948
[iommuret] hit #395: HalpIommuInitSystem returned EAX=0x00000000 (success/other) rsp=0xFFFFF8005DC75438 exitCount=949949
[iommuret] hit #396: HalpIommuInitSystem returned EAX=0x00000000 (success/other) rsp=0xFFFFF8005DC75438 exitCount=949950
[iommuret] hit #397: HalpIommuInitSystem returned EAX=0x00000000 (success/other) rsp=0xFFFFF8005DC75438 exitCount=949951
[iommuret] hit #398: HalpIommuInitSystem returned EAX=0x00000000 (success/other) rsp=0xFFFFF8005DC75438 exitCount=949952
[iommuret] hit #399: HalpIommuInitSystem returned EAX=0x00000000 (success/other) rsp=0xFFFFF8005DC75438 exitCount=949953
[iommuret] hit #400: HalpIommuInitSystem returned EAX=0x00000000 (success/other) rsp=0xFFFFF8005DC75438 exitCount=949954
[iommuret] hit #401: HalpIommuInitSystem returned EAX=0x00000000 (success/other) rsp=0xFFFFF8005DC75438 exitCount=949955
[iommuret] hit #402: HalpIommuInitSystem returned EAX=0x00000000 (success/other) rsp=0xFFFFF8005DC75438 exitCount=949956
[iommuret] hit #403: HalpIommuInitSystem returned EAX=0x00000000 (success/other) rsp=0xFFFFF8005DC75438 exitCount=949957
[iommuret] hit #404: HalpIommuInitSystem returned EAX=0x00000000 (success/other) rsp=0xFFFFF8005DC75438 exitCount=949958
[iommuret] hit #405: HalpIommuInitSystem returned EAX=0x00000000 (success/other) rsp=0xFFFFF8005DC75438 exitCount=949959
[iommuret] hit #406: HalpIommuInitSystem returned EAX=0x00000000 (success/other) rsp=0xFFFFF8005DC75438 exitCount=949960
[iommuret] hit #407: HalpIommuInitSystem returned EAX=0x00000000 (success/other) rsp=0xFFFFF8005DC75438 exitCount=949961
[iommuret] hit #408: HalpIommuInitSystem returned EAX=0x00000000 (success/other) rsp=0xFFFFF8005DC75438 exitCount=949962
[iommuret] hit #409: HalpIommuInitSystem returned EAX=0x00000000 (success/other) rsp=0xFFFFF8005DC75438 exitCount=949963
[iommuret] hit #410: HalpIommuInitSystem returned EAX=0x00000000 (success/other) rsp=0xFFFFF8005DC75438 exitCount=949964
[iommuret] hit #411: HalpIommuInitSystem returned EAX=0x00000000 (success/other) rsp=0xFFFFF8005DC75438 exitCount=949965
[iommuret] hit #412: HalpIommuInitSystem returned EAX=0x00000000 (success/other) rsp=0xFFFFF8005DC75438 exitCount=949966
[iommuret] hit #413: HalpIommuInitSystem returned EAX=0x00000000 (success/other) rsp=0xFFFFF8005DC75438 exitCount=949967
[iommuret] hit #414: HalpIommuInitSystem returned EAX=0x00000000 (success/other) rsp=0xFFFFF8005DC75438 exitCount=949968
[iommuret] hit #415: HalpIommuInitSystem returned EAX=0x00000000 (success/other) rsp=0xFFFFF8005DC75438 exitCount=949969
[iommuret] hit #416: HalpIommuInitSystem returned EAX=0x00000000 (success/other) rsp=0xFFFFF8005DC75438 exitCount=949970
[iommuret] hit #417: HalpIommuInitSystem returned EAX=0x00000000 (success/other) rsp=0xFFFFF8005DC75438 exitCount=949971
[iommuret] hit #418: HalpIommuInitSystem returned EAX=0x00000000 (success/other) rsp=0xFFFFF8005DC75438 exitCount=949972
[iommuret] hit #419: HalpIommuInitSystem returned EAX=0x00000000 (success/other) rsp=0xFFFFF8005DC75438 exitCount=949973
[iommuret] hit #420: HalpIommuInitSystem returned EAX=0x00000000 (success/other) rsp=0xFFFFF8005DC75438 exitCount=949974
[iommuret] hit #421: HalpIommuInitSystem returned EAX=0x00000000 (success/other) rsp=0xFFFFF8005DC75438 exitCount=949975
[iommuret] hit #422: HalpIommuInitSystem returned EAX=0x00000000 (success/other) rsp=0xFFFFF8005DC75438 exitCount=949976
[iommuret] hit #423: HalpIommuInitSystem returned EAX=0x00000000 (success/other) rsp=0xFFFFF8005DC75438 exitCount=949977
[iommuret] hit #424: HalpIommuInitSystem returned EAX=0x00000000 (success/other) rsp=0xFFFFF8005DC75438 exitCount=949978
[iommuret] hit #425: HalpIommuInitSystem returned EAX=0x00000000 (success/other) rsp=0xFFFFF8005DC75438 exitCount=949979
[iommuret] hit #426: HalpIommuInitSystem returned EAX=0x00000000 (success/other) rsp=0xFFFFF8005DC75438 exitCount=949980
[iommuret] hit #427: HalpIommuInitSystem returned EAX=0x00000000 (success/other) rsp=0xFFFFF8005DC75438 exitCount=949981
[iommuret] hit #428: HalpIommuInitSystem returned EAX=0x00000000 (success/other) rsp=0xFFFFF8005DC75438 exitCount=949982
[iommuret] hit #429: HalpIommuInitSystem returned EAX=0x00000000 (success/other) rsp=0xFFFFF8005DC75438 exitCount=949983
[iommuret] hit #430: HalpIommuInitSystem returned EAX=0x00000000 (success/other) rsp=0xFFFFF8005DC75438 exitCount=949984
[iommuret] hit #431: HalpIommuInitSystem returned EAX=0x00000000 (success/other) rsp=0xFFFFF8005DC75438 exitCount=949985
[iommuret] hit #432: HalpIommuInitSystem returned EAX=0x00000000 (success/other) rsp=0xFFFFF8005DC75438 exitCount=949986
[iommuret] hit #433: HalpIommuInitSystem returned EAX=0x00000000 (success/other) rsp=0xFFFFF8005DC75438 exitCount=949987
[iommuret] hit #434: HalpIommuInitSystem returned EAX=0x00000000 (success/other) rsp=0xFFFFF8005DC75438 exitCount=949988
[iommuret] hit #435: HalpIommuInitSystem returned EAX=0x00000000 (success/other) rsp=0xFFFFF8005DC75438 exitCount=949989
[iommuret] hit #436: HalpIommuInitSystem returned EAX=0x00000000 (success/other) rsp=0xFFFFF8005DC75438 exitCount=949990
[iommuret] hit #437: HalpIommuInitSystem returned EAX=0x00000000 (success/other) rsp=0xFFFFF8005DC75438 exitCount=949991
[iommuret] hit #438: HalpIommuInitSystem returned EAX=0x00000000 (success/other) rsp=0xFFFFF8005DC75438 exitCount=949992
[iommuret] hit #439: HalpIommuInitSystem returned EAX=0x00000000 (success/other) rsp=0xFFFFF8005DC75438 exitCount=949993
[iommuret] hit #440: HalpIommuInitSystem returned EAX=0x00000000 (success/other) rsp=0xFFFFF8005DC75438 exitCount=949994
[iommuret] hit #441: HalpIommuInitSystem returned EAX=0x00000000 (success/other) rsp=0xFFFFF8005DC75438 exitCount=949995
[iommuret] hit #442: HalpIommuInitSystem returned EAX=0x00000000 (success/other) rsp=0xFFFFF8005DC75438 exitCount=949996
[iommuret] hit #443: HalpIommuInitSystem returned EAX=0x00000000 (success/other) rsp=0xFFFFF8005DC75438 exitCount=949997
[iommuret] hit #444: HalpIommuInitSystem returned EAX=0x00000000 (success/other) rsp=0xFFFFF8005DC75438 exitCount=949998
[iommuret] hit #445: HalpIommuInitSystem returned EAX=0x00000000 (success/other) rsp=0xFFFFF8005DC75438 exitCount=949999
[heartbeat: exitCount=950000 elapsedSec=28.4 lastPort=0xA1 write=1 val=0xFF]
[iommuret] hit #446: HalpIommuInitSystem returned EAX=0x00000000 (success/other) rsp=0xFFFFF8005DC75438 exitCount=950000
[iommuret] hit #447: HalpIommuInitSystem returned EAX=0x00000000 (success/other) rsp=0xFFFFF8005DC75438 exitCount=950001
[iommuret] hit #448: HalpIommuInitSystem returned EAX=0x00000000 (success/other) rsp=0xFFFFF8005DC75438 exitCount=950002
[iommuret] hit #449: HalpIommuInitSystem returned EAX=0x00000000 (success/other) rsp=0xFFFFF8005DC75438 exitCount=950003
[iommuret] hit #450: HalpIommuInitSystem returned EAX=0x00000000 (success/other) rsp=0xFFFFF8005DC75438 exitCount=950004
[iommuret] hit #451: HalpIommuInitSystem returned EAX=0x00000000 (success/other) rsp=0xFFFFF8005DC75438 exitCount=950005
[iommuret] hit #452: HalpIommuInitSystem returned EAX=0x00000000 (success/other) rsp=0xFFFFF8005DC75438 exitCount=950006
[iommuret] hit #453: HalpIommuInitSystem returned EAX=0x00000000 (success/other) rsp=0xFFFFF8005DC75438 exitCount=950007
[iommuret] hit #454: HalpIommuInitSystem returned EAX=0x00000000 (success/other) rsp=0xFFFFF8005DC75438 exitCount=950008
[iommuret] hit #455: HalpIommuInitSystem returned EAX=0x00000000 (success/other) rsp=0xFFFFF8005DC75438 exitCount=950009
[iommuret] hit #456: HalpIommuInitSystem returned EAX=0x00000000 (success/other) rsp=0xFFFFF8005DC75438 exitCount=950010
[iommuret] hit #457: HalpIommuInitSystem returned EAX=0x00000000 (success/other) rsp=0xFFFFF8005DC75438 exitCount=950011
[iommuret] hit #458: HalpIommuInitSystem returned EAX=0x00000000 (success/other) rsp=0xFFFFF8005DC75438 exitCount=950012
[iommuret] hit #459: HalpIommuInitSystem returned EAX=0x00000000 (success/other) rsp=0xFFFFF8005DC75438 exitCount=950013
[iommuret] hit #460: HalpIommuInitSystem returned EAX=0x00000000 (success/other) rsp=0xFFFFF8005DC75438 exitCount=950014
[iommuret] hit #461: HalpIommuInitSystem returned EAX=0x00000000 (success/other) rsp=0xFFFFF8005DC75438 exitCount=950015
[iommuret] hit #462: HalpIommuInitSystem returned EAX=0x00000000 (success/other) rsp=0xFFFFF8005DC75438 exitCount=950016
[iommuret] hit #463: HalpIommuInitSystem returned EAX=0x00000000 (success/other) rsp=0xFFFFF8005DC75438 exitCount=950017
[iommuret] hit #464: HalpIommuInitSystem returned EAX=0x00000000 (success/other) rsp=0xFFFFF8005DC75438 exitCount=950018
[iommuret] hit #465: HalpIommuInitSystem returned EAX=0x00000000 (success/other) rsp=0xFFFFF8005DC75438 exitCount=950019
[iommuret] hit #466: HalpIommuInitSystem returned EAX=0x00000000 (success/other) rsp=0xFFFFF8005DC75438 exitCount=950020
[iommuret] hit #467: HalpIommuInitSystem returned EAX=0x00000000 (success/other) rsp=0xFFFFF8005DC75438 exitCount=950021
[iommuret] hit #468: HalpIommuInitSystem returned EAX=0x00000000 (success/other) rsp=0xFFFFF8005DC75438 exitCount=950022
[iommuret] hit #469: HalpIommuInitSystem returned EAX=0x00000000 (success/other) rsp=0xFFFFF8005DC75438 exitCount=950023
[iommuret] hit #470: HalpIommuInitSystem returned EAX=0x00000000 (success/other) rsp=0xFFFFF8005DC75438 exitCount=950024
[iommuret] hit #471: HalpIommuInitSystem returned EAX=0x00000000 (success/other) rsp=0xFFFFF8005DC75438 exitCount=950025
[iommuret] hit #472: HalpIommuInitSystem returned EAX=0x00000000 (success/other) rsp=0xFFFFF8005DC75438 exitCount=950026
[iommuret] hit #473: HalpIommuInitSystem returned EAX=0x00000000 (success/other) rsp=0xFFFFF8005DC75438 exitCount=950027
[iommuret] hit #474: HalpIommuInitSystem returned EAX=0x00000000 (success/other) rsp=0xFFFFF8005DC75438 exitCount=950028
[iommuret] hit #475: HalpIommuInitSystem returned EAX=0x00000000 (success/other) rsp=0xFFFFF8005DC75438 exitCount=950029
[iommuret] hit #476: HalpIommuInitSystem returned EAX=0x00000000 (success/other) rsp=0xFFFFF8005DC75438 exitCount=950030
[iommuret] hit #477: HalpIommuInitSystem returned EAX=0x00000000 (success/other) rsp=0xFFFFF8005DC75438 exitCount=950031
[iommuret] hit #478: HalpIommuInitSystem returned EAX=0x00000000 (success/other) rsp=0xFFFFF8005DC75438 exitCount=950032
[iommuret] hit #479: HalpIommuInitSystem returned EAX=0x00000000 (success/other) rsp=0xFFFFF8005DC75438 exitCount=950033
[iommuret] hit #480: HalpIommuInitSystem returned EAX=0x00000000 (success/other) rsp=0xFFFFF8005DC75438 exitCount=950034
[iommuret] hit #481: HalpIommuInitSystem returned EAX=0x00000000 (success/other) rsp=0xFFFFF8005DC75438 exitCount=950035
[iommuret] hit #482: HalpIommuInitSystem returned EAX=0x00000000 (success/other) rsp=0xFFFFF8005DC75438 exitCount=950036
[iommuret] hit #483: HalpIommuInitSystem returned EAX=0x00000000 (success/other) rsp=0xFFFFF8005DC75438 exitCount=950037
[iommuret] hit #484: HalpIommuInitSystem returned EAX=0x00000000 (success/other) rsp=0xFFFFF8005DC75438 exitCount=950038
[iommuret] hit #485: HalpIommuInitSystem returned EAX=0x00000000 (success/other) rsp=0xFFFFF8005DC75438 exitCount=950039
[iommuret] hit #486: HalpIommuInitSystem returned EAX=0x00000000 (success/other) rsp=0xFFFFF8005DC75438 exitCount=950040
[iommuret] hit #487: HalpIommuInitSystem returned EAX=0x00000000 (success/other) rsp=0xFFFFF8005DC75438 exitCount=950041
[iommuret] hit #488: HalpIommuInitSystem returned EAX=0x00000000 (success/other) rsp=0xFFFFF8005DC75438 exitCount=950042
[iommuret] hit #489: HalpIommuInitSystem returned EAX=0x00000000 (success/other) rsp=0xFFFFF8005DC75438 exitCount=950043
[iommuret] hit #490: HalpIommuInitSystem returned EAX=0x00000000 (success/other) rsp=0xFFFFF8005DC75438 exitCount=950044
[iommuret] hit #491: HalpIommuInitSystem returned EAX=0x00000000 (success/other) rsp=0xFFFFF8005DC75438 exitCount=950045
[iommuret] hit #492: HalpIommuInitSystem returned EAX=0x00000000 (success/other) rsp=0xFFFFF8005DC75438 exitCount=950046
[iommuret] hit #493: HalpIommuInitSystem returned EAX=0x00000000 (success/other) rsp=0xFFFFF8005DC75438 exitCount=950047
[iommuret] hit #494: HalpIommuInitSystem returned EAX=0x00000000 (success/other) rsp=0xFFFFF8005DC75438 exitCount=950048
[iommuret] hit #495: HalpIommuInitSystem returned EAX=0x00000000 (success/other) rsp=0xFFFFF8005DC75438 exitCount=950049
[iommuret] hit #496: HalpIommuInitSystem returned EAX=0x00000000 (success/other) rsp=0xFFFFF8005DC75438 exitCount=950050
[iommuret] hit #497: HalpIommuInitSystem returned EAX=0x00000000 (success/other) rsp=0xFFFFF8005DC75438 exitCount=950051
[iommuret] hit #498: HalpIommuInitSystem returned EAX=0x00000000 (success/other) rsp=0xFFFFF8005DC75438 exitCount=950052
[iommuret] hit #499: HalpIommuInitSystem returned EAX=0x00000000 (success/other) rsp=0xFFFFF8005DC75438 exitCount=950053
[iommuret] hit #500: HalpIommuInitSystem returned EAX=0x00000000 (success/other) rsp=0xFFFFF8005DC75438 exitCount=950054
[iommuret] hit #501: HalpIommuInitSystem returned EAX=0x00000000 (success/other) rsp=0xFFFFF8005DC75438 exitCount=950055
[iommuret] hit #502: HalpIommuInitSystem returned EAX=0x00000000 (success/other) rsp=0xFFFFF8005DC75438 exitCount=950056
[iommuret] hit #503: HalpIommuInitSystem returned EAX=0x00000000 (success/other) rsp=0xFFFFF8005DC75438 exitCount=950057
[iommuret] hit #504: HalpIommuInitSystem returned EAX=0x00000000 (success/other) rsp=0xFFFFF8005DC75438 exitCount=950058
[iommuret] hit #505: HalpIommuInitSystem returned EAX=0x00000000 (success/other) rsp=0xFFFFF8005DC75438 exitCount=950059
[iommuret] hit #506: HalpIommuInitSystem returned EAX=0x00000000 (success/other) rsp=0xFFFFF8005DC75438 exitCount=950060
[iommuret] hit #507: HalpIommuInitSystem returned EAX=0x00000000 (success/other) rsp=0xFFFFF8005DC75438 exitCount=950061
[iommuret] hit #508: HalpIommuInitSystem returned EAX=0x00000000 (success/other) rsp=0xFFFFF8005DC75438 exitCount=950062
[iommuret] hit #509: HalpIommuInitSystem returned EAX=0x00000000 (success/other) rsp=0xFFFFF8005DC75438 exitCount=950063
[iommuret] hit #510: HalpIommuInitSystem returned EAX=0x00000000 (success/other) rsp=0xFFFFF8005DC75438 exitCount=950064
[iommuret] hit #511: HalpIommuInitSystem returned EAX=0x00000000 (success/other) rsp=0xFFFFF8005DC75438 exitCount=950065
[iommuret] hit #512: HalpIommuInitSystem returned EAX=0x00000000 (success/other) rsp=0xFFFFF8005DC75438 exitCount=950066
[iommuret] hit #513: HalpIommuInitSystem returned EAX=0x00000000 (success/other) rsp=0xFFFFF8005DC75438 exitCount=950067
[iommuret] hit #514: HalpIommuInitSystem returned EAX=0x00000000 (success/other) rsp=0xFFFFF8005DC75438 exitCount=950068
[iommuret] hit #515: HalpIommuInitSystem returned EAX=0x00000000 (success/other) rsp=0xFFFFF8005DC75438 exitCount=950069
[iommuret] hit #516: HalpIommuInitSystem returned EAX=0x00000000 (success/other) rsp=0xFFFFF8005DC75438 exitCount=950070
[iommuret] hit #517: HalpIommuInitSystem returned EAX=0x00000000 (success/other) rsp=0xFFFFF8005DC75438 exitCount=950071
[iommuret] hit #518: HalpIommuInitSystem returned EAX=0x00000000 (success/other) rsp=0xFFFFF8005DC75438 exitCount=950072
[iommuret] hit #519: HalpIommuInitSystem returned EAX=0x00000000 (success/other) rsp=0xFFFFF8005DC75438 exitCount=950073
[iommuret] hit #520: HalpIommuInitSystem returned EAX=0x00000000 (success/other) rsp=0xFFFFF8005DC75438 exitCount=950074
[iommuret] hit #521: HalpIommuInitSystem returned EAX=0x00000000 (success/other) rsp=0xFFFFF8005DC75438 exitCount=950075
[iommuret] hit #522: HalpIommuInitSystem returned EAX=0x00000000 (success/other) rsp=0xFFFFF8005DC75438 exitCount=950076
[iommuret] hit #523: HalpIommuInitSystem returned EAX=0x00000000 (success/other) rsp=0xFFFFF8005DC75438 exitCount=950077
[iommuret] hit #524: HalpIommuInitSystem returned EAX=0x00000000 (success/other) rsp=0xFFFFF8005DC75438 exitCount=950078
[iommuret] hit #525: HalpIommuInitSystem returned EAX=0x00000000 (success/other) rsp=0xFFFFF8005DC75438 exitCount=950079
[iommuret] hit #526: HalpIommuInitSystem returned EAX=0x00000000 (success/other) rsp=0xFFFFF8005DC75438 exitCount=950080
[iommuret] hit #527: HalpIommuInitSystem returned EAX=0x00000000 (success/other) rsp=0xFFFFF8005DC75438 exitCount=950081
[iommuret] hit #528: HalpIommuInitSystem returned EAX=0x00000000 (success/other) rsp=0xFFFFF8005DC75438 exitCount=950082
[iommuret] hit #529: HalpIommuInitSystem returned EAX=0x00000000 (success/other) rsp=0xFFFFF8005DC75438 exitCount=950083
[iommuret] hit #530: HalpIommuInitSystem returned EAX=0x00000000 (success/other) rsp=0xFFFFF8005DC75438 exitCount=950084
[iommuret] hit #531: HalpIommuInitSystem returned EAX=0x00000000 (success/other) rsp=0xFFFFF8005DC75438 exitCount=950085
[iommuret] hit #532: HalpIommuInitSystem returned EAX=0x00000000 (success/other) rsp=0xFFFFF8005DC75438 exitCount=950086
[iommuret] hit #533: HalpIommuInitSystem returned EAX=0x00000000 (success/other) rsp=0xFFFFF8005DC75438 exitCount=950087
[iommuret] hit #534: HalpIommuInitSystem returned EAX=0x00000000 (success/other) rsp=0xFFFFF8005DC75438 exitCount=950088
[iommuret] hit #535: HalpIommuInitSystem returned EAX=0x00000000 (success/other) rsp=0xFFFFF8005DC75438 exitCount=950089
[iommuret] hit #536: HalpIommuInitSystem returned EAX=0x00000000 (success/other) rsp=0xFFFFF8005DC75438 exitCount=950090
[iommuret] hit #537: HalpIommuInitSystem returned EAX=0x00000000 (success/other) rsp=0xFFFFF8005DC75438 exitCount=950091
[iommuret] hit #538: HalpIommuInitSystem returned EAX=0x00000000 (success/other) rsp=0xFFFFF8005DC75438 exitCount=950092
[iommuret] hit #539: HalpIommuInitSystem returned EAX=0x00000000 (success/other) rsp=0xFFFFF8005DC75438 exitCount=950093
[iommuret] hit #540: HalpIommuInitSystem returned EAX=0x00000000 (success/other) rsp=0xFFFFF8005DC75438 exitCount=950094
[iommuret] hit #541: HalpIommuInitSystem returned EAX=0x00000000 (success/other) rsp=0xFFFFF8005DC75438 exitCount=950095
[iommuret] hit #542: HalpIommuInitSystem returned EAX=0x00000000 (success/other) rsp=0xFFFFF8005DC75438 exitCount=950096
[iommuret] hit #543: HalpIommuInitSystem returned EAX=0x00000000 (success/other) rsp=0xFFFFF8005DC75438 exitCount=950097
[iommuret] hit #544: HalpIommuInitSystem returned EAX=0x00000000 (success/other) rsp=0xFFFFF8005DC75438 exitCount=950098
[iommuret] hit #545: HalpIommuInitSystem returned EAX=0x00000000 (success/other) rsp=0xFFFFF8005DC75438 exitCount=950099
[iommuret] hit #546: HalpIommuInitSystem returned EAX=0x00000000 (success/other) rsp=0xFFFFF8005DC75438 exitCount=950100
[iommuret] hit #547: HalpIommuInitSystem returned EAX=0x00000000 (success/other) rsp=0xFFFFF8005DC75438 exitCount=950101
[iommuret] hit #548: HalpIommuInitSystem returned EAX=0x00000000 (success/other) rsp=0xFFFFF8005DC75438 exitCount=950102
[iommuret] hit #549: HalpIommuInitSystem returned EAX=0x00000000 (success/other) rsp=0xFFFFF8005DC75438 exitCount=950103
[iommuret] hit #550: HalpIommuInitSystem returned EAX=0x00000000 (success/other) rsp=0xFFFFF8005DC75438 exitCount=950104
[iommuret] hit #551: HalpIommuInitSystem returned EAX=0x00000000 (success/other) rsp=0xFFFFF8005DC75438 exitCount=950105
[iommuret] hit #552: HalpIommuInitSystem returned EAX=0x00000000 (success/other) rsp=0xFFFFF8005DC75438 exitCount=950106
[iommuret] hit #553: HalpIommuInitSystem returned EAX=0x00000000 (success/other) rsp=0xFFFFF8005DC75438 exitCount=950107
[iommuret] hit #554: HalpIommuInitSystem returned EAX=0x00000000 (success/other) rsp=0xFFFFF8005DC75438 exitCount=950108
[iommuret] hit #555: HalpIommuInitSystem returned EAX=0x00000000 (success/other) rsp=0xFFFFF8005DC75438 exitCount=950109
[iommuret] hit #556: HalpIommuInitSystem returned EAX=0x00000000 (success/other) rsp=0xFFFFF8005DC75438 exitCount=950110
[iommuret] hit #557: HalpIommuInitSystem returned EAX=0x00000000 (success/other) rsp=0xFFFFF8005DC75438 exitCount=950111
[iommuret] hit #558: HalpIommuInitSystem returned EAX=0x00000000 (success/other) rsp=0xFFFFF8005DC75438 exitCount=950112
[iommuret] hit #559: HalpIommuInitSystem returned EAX=0x00000000 (success/other) rsp=0xFFFFF8005DC75438 exitCount=950113
[iommuret] hit #560: HalpIommuInitSystem returned EAX=0x00000000 (success/other) rsp=0xFFFFF8005DC75438 exitCount=950114
[iommuret] hit #561: HalpIommuInitSystem returned EAX=0x00000000 (success/other) rsp=0xFFFFF8005DC75438 exitCount=950115
[iommuret] hit #562: HalpIommuInitSystem returned EAX=0x00000000 (success/other) rsp=0xFFFFF8005DC75438 exitCount=950116
[iommuret] hit #563: HalpIommuInitSystem returned EAX=0x00000000 (success/other) rsp=0xFFFFF8005DC75438 exitCount=950117
[iommuret] hit #564: HalpIommuInitSystem returned EAX=0x00000000 (success/other) rsp=0xFFFFF8005DC75438 exitCount=950118
[iommuret] hit #565: HalpIommuInitSystem returned EAX=0x00000000 (success/other) rsp=0xFFFFF8005DC75438 exitCount=950119
[iommuret] hit #566: HalpIommuInitSystem returned EAX=0x00000000 (success/other) rsp=0xFFFFF8005DC75438 exitCount=950120
[iommuret] hit #567: HalpIommuInitSystem returned EAX=0x00000000 (success/other) rsp=0xFFFFF8005DC75438 exitCount=950121
[iommuret] hit #568: HalpIommuInitSystem returned EAX=0x00000000 (success/other) rsp=0xFFFFF8005DC75438 exitCount=950122
[iommuret] hit #569: HalpIommuInitSystem returned EAX=0x00000000 (success/other) rsp=0xFFFFF8005DC75438 exitCount=950123
[iommuret] hit #570: HalpIommuInitSystem returned EAX=0x00000000 (success/other) rsp=0xFFFFF8005DC75438 exitCount=950124
[iommuret] hit #571: HalpIommuInitSystem returned EAX=0x00000000 (success/other) rsp=0xFFFFF8005DC75438 exitCount=950125
[iommuret] hit #572: HalpIommuInitSystem returned EAX=0x00000000 (success/other) rsp=0xFFFFF8005DC75438 exitCount=950126
[iommuret] hit #573: HalpIommuInitSystem returned EAX=0x00000000 (success/other) rsp=0xFFFFF8005DC75438 exitCount=950127
[iommuret] hit #574: HalpIommuInitSystem returned EAX=0x00000000 (success/other) rsp=0xFFFFF8005DC75438 exitCount=950128
[iommuret] hit #575: HalpIommuInitSystem returned EAX=0x00000000 (success/other) rsp=0xFFFFF8005DC75438 exitCount=950129
[iommuret] hit #576: HalpIommuInitSystem returned EAX=0x00000000 (success/other) rsp=0xFFFFF8005DC75438 exitCount=950130
[iommuret] hit #577: HalpIommuInitSystem returned EAX=0x00000000 (success/other) rsp=0xFFFFF8005DC75438 exitCount=950131
[iommuret] hit #578: HalpIommuInitSystem returned EAX=0x00000000 (success/other) rsp=0xFFFFF8005DC75438 exitCount=950132
[iommuret] hit #579: HalpIommuInitSystem returned EAX=0x00000000 (success/other) rsp=0xFFFFF8005DC75438 exitCount=950133
[iommuret] hit #580: HalpIommuInitSystem returned EAX=0x00000000 (success/other) rsp=0xFFFFF8005DC75438 exitCount=950134
[iommuret] hit #581: HalpIommuInitSystem returned EAX=0x00000000 (success/other) rsp=0xFFFFF8005DC75438 exitCount=950135
[iommuret] hit #582: HalpIommuInitSystem returned EAX=0x00000000 (success/other) rsp=0xFFFFF8005DC75438 exitCount=950136
[iommuret] hit #583: HalpIommuInitSystem returned EAX=0x00000000 (success/other) rsp=0xFFFFF8005DC75438 exitCount=950137
[iommuret] hit #584: HalpIommuInitSystem returned EAX=0x00000000 (success/other) rsp=0xFFFFF8005DC75438 exitCount=950138
[iommuret] hit #585: HalpIommuInitSystem returned EAX=0x00000000 (success/other) rsp=0xFFFFF8005DC75438 exitCount=950139
[iommuret] hit #586: HalpIommuInitSystem returned EAX=0x00000000 (success/other) rsp=0xFFFFF8005DC75438 exitCount=950140
[iommuret] hit #587: HalpIommuInitSystem returned EAX=0x00000000 (success/other) rsp=0xFFFFF8005DC75438 exitCount=950141
[iommuret] hit #588: HalpIommuInitSystem returned EAX=0x00000000 (success/other) rsp=0xFFFFF8005DC75438 exitCount=950142
[iommuret] hit #589: HalpIommuInitSystem returned EAX=0x00000000 (success/other) rsp=0xFFFFF8005DC75438 exitCount=950143
[iommuret] hit #590: HalpIommuInitSystem returned EAX=0x00000000 (success/other) rsp=0xFFFFF8005DC75438 exitCount=950144
[iommuret] hit #591: HalpIommuInitSystem returned EAX=0x00000000 (success/other) rsp=0xFFFFF8005DC75438 exitCount=950145
[iommuret] hit #592: HalpIommuInitSystem returned EAX=0x00000000 (success/other) rsp=0xFFFFF8005DC75438 exitCount=950146
[iommuret] hit #593: HalpIommuInitSystem returned EAX=0x00000000 (success/other) rsp=0xFFFFF8005DC75438 exitCount=950147
[iommuret] hit #594: HalpIommuInitSystem returned EAX=0x00000000 (success/other) rsp=0xFFFFF8005DC75438 exitCount=950148
[iommuret] hit #595: HalpIommuInitSystem returned EAX=0x00000000 (success/other) rsp=0xFFFFF8005DC75438 exitCount=950149
[iommuret] hit #596: HalpIommuInitSystem returned EAX=0x00000000 (success/other) rsp=0xFFFFF8005DC75438 exitCount=950150
[iommuret] hit #597: HalpIommuInitSystem returned EAX=0x00000000 (success/other) rsp=0xFFFFF8005DC75438 exitCount=950151
[iommuret] hit #598: HalpIommuInitSystem returned EAX=0x00000000 (success/other) rsp=0xFFFFF8005DC75438 exitCount=950152
[iommuret] hit #599: HalpIommuInitSystem returned EAX=0x00000000 (success/other) rsp=0xFFFFF8005DC75438 exitCount=950153
[iommuret] hit #600: HalpIommuInitSystem returned EAX=0x00000000 (success/other) rsp=0xFFFFF8005DC75438 exitCount=950154
[iommuret] hit #601: HalpIommuInitSystem returned EAX=0x00000000 (success/other) rsp=0xFFFFF8005DC75438 exitCount=950155
[iommuret] hit #602: HalpIommuInitSystem returned EAX=0x00000000 (success/other) rsp=0xFFFFF8005DC75438 exitCount=950156
[iommuret] hit #603: HalpIommuInitSystem returned EAX=0x00000000 (success/other) rsp=0xFFFFF8005DC75438 exitCount=950157
[iommuret] hit #604: HalpIommuInitSystem returned EAX=0x00000000 (success/other) rsp=0xFFFFF8005DC75438 exitCount=950158
[iommuret] hit #605: HalpIommuInitSystem returned EAX=0x00000000 (success/other) rsp=0xFFFFF8005DC75438 exitCount=950159
[iommuret] hit #606: HalpIommuInitSystem returned EAX=0x00000000 (success/other) rsp=0xFFFFF8005DC75438 exitCount=950160
[iommuret] hit #607: HalpIommuInitSystem returned EAX=0x00000000 (success/other) rsp=0xFFFFF8005DC75438 exitCount=950161
[iommuret] hit #608: HalpIommuInitSystem returned EAX=0x00000000 (success/other) rsp=0xFFFFF8005DC75438 exitCount=950162
[iommuret] hit #609: HalpIommuInitSystem returned EAX=0x00000000 (success/other) rsp=0xFFFFF8005DC75438 exitCount=950163
[iommuret] hit #610: HalpIommuInitSystem returned EAX=0x00000000 (success/other) rsp=0xFFFFF8005DC75438 exitCount=950164
[iommuret] hit #611: HalpIommuInitSystem returned EAX=0x00000000 (success/other) rsp=0xFFFFF8005DC75438 exitCount=950165
[iommuret] hit #612: HalpIommuInitSystem returned EAX=0x00000000 (success/other) rsp=0xFFFFF8005DC75438 exitCount=950166
[iommuret] hit #613: HalpIommuInitSystem returned EAX=0x00000000 (success/other) rsp=0xFFFFF8005DC75438 exitCount=950167
[iommuret] hit #614: HalpIommuInitSystem returned EAX=0x00000000 (success/other) rsp=0xFFFFF8005DC75438 exitCount=950168
[iommuret] hit #615: HalpIommuInitSystem returned EAX=0x00000000 (success/other) rsp=0xFFFFF8005DC75438 exitCount=950169
[iommuret] hit #616: HalpIommuInitSystem returned EAX=0x00000000 (success/other) rsp=0xFFFFF8005DC75438 exitCount=950170
[iommuret] hit #617: HalpIommuInitSystem returned EAX=0x00000000 (success/other) rsp=0xFFFFF8005DC75438 exitCount=950171
[iommuret] hit #618: HalpIommuInitSystem returned EAX=0x00000000 (success/other) rsp=0xFFFFF8005DC75438 exitCount=950172
[iommuret] hit #619: HalpIommuInitSystem returned EAX=0x00000000 (success/other) rsp=0xFFFFF8005DC75438 exitCount=950173
[iommuret] hit #620: HalpIommuInitSystem returned EAX=0x00000000 (success/other) rsp=0xFFFFF8005DC75438 exitCount=950174
[iommuret] hit #621: HalpIommuInitSystem returned EAX=0x00000000 (success/other) rsp=0xFFFFF8005DC75438 exitCount=950175
[iommuret] hit #622: HalpIommuInitSystem returned EAX=0x00000000 (success/other) rsp=0xFFFFF8005DC75438 exitCount=950176
[iommuret] hit #623: HalpIommuInitSystem returned EAX=0x00000000 (success/other) rsp=0xFFFFF8005DC75438 exitCount=950177
[iommuret] hit #624: HalpIommuInitSystem returned EAX=0x00000000 (success/other) rsp=0xFFFFF8005DC75438 exitCount=950178
[iommuret] hit #625: HalpIommuInitSystem returned EAX=0x00000000 (success/other) rsp=0xFFFFF8005DC75438 exitCount=950179
[iommuret] hit #626: HalpIommuInitSystem returned EAX=0x00000000 (success/other) rsp=0xFFFFF8005DC75438 exitCount=950180
[iommuret] hit #627: HalpIommuInitSystem returned EAX=0x00000000 (success/other) rsp=0xFFFFF8005DC75438 exitCount=950181
[iommuret] hit #628: HalpIommuInitSystem returned EAX=0x00000000 (success/other) rsp=0xFFFFF8005DC75438 exitCount=950182
[iommuret] hit #629: HalpIommuInitSystem returned EAX=0x00000000 (success/other) rsp=0xFFFFF8005DC75438 exitCount=950183
[iommuret] hit #630: HalpIommuInitSystem returned EAX=0x00000000 (success/other) rsp=0xFFFFF8005DC75438 exitCount=950184
[iommuret] hit #631: HalpIommuInitSystem returned EAX=0x00000000 (success/other) rsp=0xFFFFF8005DC75438 exitCount=950185
[iommuret] hit #632: HalpIommuInitSystem returned EAX=0x00000000 (success/other) rsp=0xFFFFF8005DC75438 exitCount=950186
[iommuret] hit #633: HalpIommuInitSystem returned EAX=0x00000000 (success/other) rsp=0xFFFFF8005DC75438 exitCount=950187
[iommuret] hit #634: HalpIommuInitSystem returned EAX=0x00000000 (success/other) rsp=0xFFFFF8005DC75438 exitCount=950188
[iommuret] hit #635: HalpIommuInitSystem returned EAX=0x00000000 (success/other) rsp=0xFFFFF8005DC75438 exitCount=950189
[iommuret] hit #636: HalpIommuInitSystem returned EAX=0x00000000 (success/other) rsp=0xFFFFF8005DC75438 exitCount=950190
[iommuret] hit #637: HalpIommuInitSystem returned EAX=0x00000000 (success/other) rsp=0xFFFFF8005DC75438 exitCount=950191
[iommuret] hit #638: HalpIommuInitSystem returned EAX=0x00000000 (success/other) rsp=0xFFFFF8005DC75438 exitCount=950192
[iommuret] hit #639: HalpIommuInitSystem returned EAX=0x00000000 (success/other) rsp=0xFFFFF8005DC75438 exitCount=950193
[iommuret] hit #640: HalpIommuInitSystem returned EAX=0x00000000 (success/other) rsp=0xFFFFF8005DC75438 exitCount=950194
[iommuret] hit #641: HalpIommuInitSystem returned EAX=0x00000000 (success/other) rsp=0xFFFFF8005DC75438 exitCount=950195
[iommuret] hit #642: HalpIommuInitSystem returned EAX=0x00000000 (success/other) rsp=0xFFFFF8005DC75438 exitCount=950196
[iommuret] hit #643: HalpIommuInitSystem returned EAX=0x00000000 (success/other) rsp=0xFFFFF8005DC75438 exitCount=950197
[iommuret] hit #644: HalpIommuInitSystem returned EAX=0x00000000 (success/other) rsp=0xFFFFF8005DC75438 exitCount=950198
[iommuret] hit #645: HalpIommuInitSystem returned EAX=0x00000000 (success/other) rsp=0xFFFFF8005DC75438 exitCount=950199
[iommuret] hit #646: HalpIommuInitSystem returned EAX=0x00000000 (success/other) rsp=0xFFFFF8005DC75438 exitCount=950200
[iommuret] hit #647: HalpIommuInitSystem returned EAX=0x00000000 (success/other) rsp=0xFFFFF8005DC75438 exitCount=950201
[iommuret] hit #648: HalpIommuInitSystem returned EAX=0x00000000 (success/other) rsp=0xFFFFF8005DC75438 exitCount=950202
[iommuret] hit #649: HalpIommuInitSystem returned EAX=0x00000000 (success/other) rsp=0xFFFFF8005DC75438 exitCount=950203
[iommuret] hit #650: HalpIommuInitSystem returned EAX=0x00000000 (success/other) rsp=0xFFFFF8005DC75438 exitCount=950204
[iommuret] hit #651: HalpIommuInitSystem returned EAX=0x00000000 (success/other) rsp=0xFFFFF8005DC75438 exitCount=950205
[iommuret] hit #652: HalpIommuInitSystem returned EAX=0x00000000 (success/other) rsp=0xFFFFF8005DC75438 exitCount=950206
[iommuret] hit #653: HalpIommuInitSystem returned EAX=0x00000000 (success/other) rsp=0xFFFFF8005DC75438 exitCount=950207
[iommuret] hit #654: HalpIommuInitSystem returned EAX=0x00000000 (success/other) rsp=0xFFFFF8005DC75438 exitCount=950208
[iommuret] hit #655: HalpIommuInitSystem returned EAX=0x00000000 (success/other) rsp=0xFFFFF8005DC75438 exitCount=950209
[iommuret] hit #656: HalpIommuInitSystem returned EAX=0x00000000 (success/other) rsp=0xFFFFF8005DC75438 exitCount=950210
[iommuret] hit #657: HalpIommuInitSystem returned EAX=0x00000000 (success/other) rsp=0xFFFFF8005DC75438 exitCount=950211
[iommuret] hit #658: HalpIommuInitSystem returned EAX=0x00000000 (success/other) rsp=0xFFFFF8005DC75438 exitCount=950212
[iommuret] hit #659: HalpIommuInitSystem returned EAX=0x00000000 (success/other) rsp=0xFFFFF8005DC75438 exitCount=950213
[iommuret] hit #660: HalpIommuInitSystem returned EAX=0x00000000 (success/other) rsp=0xFFFFF8005DC75438 exitCount=950214
[iommuret] hit #661: HalpIommuInitSystem returned EAX=0x00000000 (success/other) rsp=0xFFFFF8005DC75438 exitCount=950215
[iommuret] hit #662: HalpIommuInitSystem returned EAX=0x00000000 (success/other) rsp=0xFFFFF8005DC75438 exitCount=950216
[iommuret] hit #663: HalpIommuInitSystem returned EAX=0x00000000 (success/other) rsp=0xFFFFF8005DC75438 exitCount=950217
[iommuret] hit #664: HalpIommuInitSystem returned EAX=0x00000000 (success/other) rsp=0xFFFFF8005DC75438 exitCount=950218
[iommuret] hit #665: HalpIommuInitSystem returned EAX=0x00000000 (success/other) rsp=0xFFFFF8005DC75438 exitCount=950219
[iommuret] hit #666: HalpIommuInitSystem returned EAX=0x00000000 (success/other) rsp=0xFFFFF8005DC75438 exitCount=950220
[iommuret] hit #667: HalpIommuInitSystem returned EAX=0x00000000 (success/other) rsp=0xFFFFF8005DC75438 exitCount=950221
[iommuret] hit #668: HalpIommuInitSystem returned EAX=0x00000000 (success/other) rsp=0xFFFFF8005DC75438 exitCount=950222
[iommuret] hit #669: HalpIommuInitSystem returned EAX=0x00000000 (success/other) rsp=0xFFFFF8005DC75438 exitCount=950223
[iommuret] hit #670: HalpIommuInitSystem returned EAX=0x00000000 (success/other) rsp=0xFFFFF8005DC75438 exitCount=950224
[iommuret] hit #671: HalpIommuInitSystem returned EAX=0x00000000 (success/other) rsp=0xFFFFF8005DC75438 exitCount=950225
[iommuret] hit #672: HalpIommuInitSystem returned EAX=0x00000000 (success/other) rsp=0xFFFFF8005DC75438 exitCount=950226
[iommuret] hit #673: HalpIommuInitSystem returned EAX=0x00000000 (success/other) rsp=0xFFFFF8005DC75438 exitCount=950227
[iommuret] hit #674: HalpIommuInitSystem returned EAX=0x00000000 (success/other) rsp=0xFFFFF8005DC75438 exitCount=950228
[iommuret] hit #675: HalpIommuInitSystem returned EAX=0x00000000 (success/other) rsp=0xFFFFF8005DC75438 exitCount=950229
[iommuret] hit #676: HalpIommuInitSystem returned EAX=0x00000000 (success/other) rsp=0xFFFFF8005DC75438 exitCount=950230
[iommuret] hit #677: HalpIommuInitSystem returned EAX=0x00000000 (success/other) rsp=0xFFFFF8005DC75438 exitCount=950231
[iommuret] hit #678: HalpIommuInitSystem returned EAX=0x00000000 (success/other) rsp=0xFFFFF8005DC75438 exitCount=950232
[iommuret] hit #679: HalpIommuInitSystem returned EAX=0x00000000 (success/other) rsp=0xFFFFF8005DC75438 exitCount=950233
[iommuret] hit #680: HalpIommuInitSystem returned EAX=0x00000000 (success/other) rsp=0xFFFFF8005DC75438 exitCount=950234
[iommuret] hit #681: HalpIommuInitSystem returned EAX=0x00000000 (success/other) rsp=0xFFFFF8005DC75438 exitCount=950235
[iommuret] hit #682: HalpIommuInitSystem returned EAX=0x00000000 (success/other) rsp=0xFFFFF8005DC75438 exitCount=950236
[iommuret] hit #683: HalpIommuInitSystem returned EAX=0x00000000 (success/other) rsp=0xFFFFF8005DC75438 exitCount=950237
[iommuret] hit #684: HalpIommuInitSystem returned EAX=0x00000000 (success/other) rsp=0xFFFFF8005DC75438 exitCount=950238
[iommuret] hit #685: HalpIommuInitSystem returned EAX=0x00000000 (success/other) rsp=0xFFFFF8005DC75438 exitCount=950239
[iommuret] hit #686: HalpIommuInitSystem returned EAX=0x00000000 (success/other) rsp=0xFFFFF8005DC75438 exitCount=950240
[iommuret] hit #687: HalpIommuInitSystem returned EAX=0x00000000 (success/other) rsp=0xFFFFF8005DC75438 exitCount=950241
[iommuret] hit #688: HalpIommuInitSystem returned EAX=0x00000000 (success/other) rsp=0xFFFFF8005DC75438 exitCount=950242
[iommuret] hit #689: HalpIommuInitSystem returned EAX=0x00000000 (success/other) rsp=0xFFFFF8005DC75438 exitCount=950243
[iommuret] hit #690: HalpIommuInitSystem returned EAX=0x00000000 (success/other) rsp=0xFFFFF8005DC75438 exitCount=950244
[iommuret] hit #691: HalpIommuInitSystem returned EAX=0x00000000 (success/other) rsp=0xFFFFF8005DC75438 exitCount=950245
[iommuret] hit #692: HalpIommuInitSystem returned EAX=0x00000000 (success/other) rsp=0xFFFFF8005DC75438 exitCount=950246
[iommuret] hit #693: HalpIommuInitSystem returned EAX=0x00000000 (success/other) rsp=0xFFFFF8005DC75438 exitCount=950247
[iommuret] hit #694: HalpIommuInitSystem returned EAX=0x00000000 (success/other) rsp=0xFFFFF8005DC75438 exitCount=950248
[iommuret] hit #695: HalpIommuInitSystem returned EAX=0x00000000 (success/other) rsp=0xFFFFF8005DC75438 exitCount=950249
[iommuret] hit #696: HalpIommuInitSystem returned EAX=0x00000000 (success/other) rsp=0xFFFFF8005DC75438 exitCount=950250
[iommuret] hit #697: HalpIommuInitSystem returned EAX=0x00000000 (success/other) rsp=0xFFFFF8005DC75438 exitCount=950251
[iommuret] hit #698: HalpIommuInitSystem returned EAX=0x00000000 (success/other) rsp=0xFFFFF8005DC75438 exitCount=950252
[iommuret] hit #699: HalpIommuInitSystem returned EAX=0x00000000 (success/other) rsp=0xFFFFF8005DC75438 exitCount=950253
[iommuret] hit #700: HalpIommuInitSystem returned EAX=0x00000000 (success/other) rsp=0xFFFFF8005DC75438 exitCount=950254
[iommuret] hit #701: HalpIommuInitSystem returned EAX=0x00000000 (success/other) rsp=0xFFFFF8005DC75438 exitCount=950255
[iommuret] hit #702: HalpIommuInitSystem returned EAX=0x00000000 (success/other) rsp=0xFFFFF8005DC75438 exitCount=950256
[iommuret] hit #703: HalpIommuInitSystem returned EAX=0x00000000 (success/other) rsp=0xFFFFF8005DC75438 exitCount=950257
[iommuret] hit #704: HalpIommuInitSystem returned EAX=0x00000000 (success/other) rsp=0xFFFFF8005DC75438 exitCount=950258
[iommuret] hit #705: HalpIommuInitSystem returned EAX=0x00000000 (success/other) rsp=0xFFFFF8005DC75438 exitCount=950259
[iommuret] hit #706: HalpIommuInitSystem returned EAX=0x00000000 (success/other) rsp=0xFFFFF8005DC75438 exitCount=950260
[iommuret] hit #707: HalpIommuInitSystem returned EAX=0x00000000 (success/other) rsp=0xFFFFF8005DC75438 exitCount=950261
[iommuret] hit #708: HalpIommuInitSystem returned EAX=0x00000000 (success/other) rsp=0xFFFFF8005DC75438 exitCount=950262
[iommuret] hit #709: HalpIommuInitSystem returned EAX=0x00000000 (success/other) rsp=0xFFFFF8005DC75438 exitCount=950263
[iommuret] hit #710: HalpIommuInitSystem returned EAX=0x00000000 (success/other) rsp=0xFFFFF8005DC75438 exitCount=950264
[iommuret] hit #711: HalpIommuInitSystem returned EAX=0x00000000 (success/other) rsp=0xFFFFF8005DC75438 exitCount=950265
[iommuret] hit #712: HalpIommuInitSystem returned EAX=0x00000000 (success/other) rsp=0xFFFFF8005DC75438 exitCount=950266
[iommuret] hit #713: HalpIommuInitSystem returned EAX=0x00000000 (success/other) rsp=0xFFFFF8005DC75438 exitCount=950267
[iommuret] hit #714: HalpIommuInitSystem returned EAX=0x00000000 (success/other) rsp=0xFFFFF8005DC75438 exitCount=950268
[iommuret] hit #715: HalpIommuInitSystem returned EAX=0x00000000 (success/other) rsp=0xFFFFF8005DC75438 exitCount=950269
[iommuret] hit #716: HalpIommuInitSystem returned EAX=0x00000000 (success/other) rsp=0xFFFFF8005DC75438 exitCount=950270
[iommuret] hit #717: HalpIommuInitSystem returned EAX=0x00000000 (success/other) rsp=0xFFFFF8005DC75438 exitCount=950271
[iommuret] hit #718: HalpIommuInitSystem returned EAX=0x00000000 (success/other) rsp=0xFFFFF8005DC75438 exitCount=950272
[iommuret] hit #719: HalpIommuInitSystem returned EAX=0x00000000 (success/other) rsp=0xFFFFF8005DC75438 exitCount=950273
[iommuret] hit #720: HalpIommuInitSystem returned EAX=0x00000000 (success/other) rsp=0xFFFFF8005DC75438 exitCount=950274
[iommuret] hit #721: HalpIommuInitSystem returned EAX=0x00000000 (success/other) rsp=0xFFFFF8005DC75438 exitCount=950275
[iommuret] hit #722: HalpIommuInitSystem returned EAX=0x00000000 (success/other) rsp=0xFFFFF8005DC75438 exitCount=950276
[iommuret] hit #723: HalpIommuInitSystem returned EAX=0x00000000 (success/other) rsp=0xFFFFF8005DC75438 exitCount=950277
[iommuret] hit #724: HalpIommuInitSystem returned EAX=0x00000000 (success/other) rsp=0xFFFFF8005DC75438 exitCount=950278
[iommuret] hit #725: HalpIommuInitSystem returned EAX=0x00000000 (success/other) rsp=0xFFFFF8005DC75438 exitCount=950279
[iommuret] hit #726: HalpIommuInitSystem returned EAX=0x00000000 (success/other) rsp=0xFFFFF8005DC75438 exitCount=950280
[iommuret] hit #727: HalpIommuInitSystem returned EAX=0x00000000 (success/other) rsp=0xFFFFF8005DC75438 exitCount=950281
[iommuret] hit #728: HalpIommuInitSystem returned EAX=0x00000000 (success/other) rsp=0xFFFFF8005DC75438 exitCount=950282
[iommuret] hit #729: HalpIommuInitSystem returned EAX=0x00000000 (success/other) rsp=0xFFFFF8005DC75438 exitCount=950283
[iommuret] hit #730: HalpIommuInitSystem returned EAX=0x00000000 (success/other) rsp=0xFFFFF8005DC75438 exitCount=950284
[iommuret] hit #731: HalpIommuInitSystem returned EAX=0x00000000 (success/other) rsp=0xFFFFF8005DC75438 exitCount=950285
[iommuret] hit #732: HalpIommuInitSystem returned EAX=0x00000000 (success/other) rsp=0xFFFFF8005DC75438 exitCount=950286
[iommuret] hit #733: HalpIommuInitSystem returned EAX=0x00000000 (success/other) rsp=0xFFFFF8005DC75438 exitCount=950287
[iommuret] hit #734: HalpIommuInitSystem returned EAX=0x00000000 (success/other) rsp=0xFFFFF8005DC75438 exitCount=950288
[iommuret] hit #735: HalpIommuInitSystem returned EAX=0x00000000 (success/other) rsp=0xFFFFF8005DC75438 exitCount=950289
[iommuret] hit #736: HalpIommuInitSystem returned EAX=0x00000000 (success/other) rsp=0xFFFFF8005DC75438 exitCount=950290
[iommuret] hit #737: HalpIommuInitSystem returned EAX=0x00000000 (success/other) rsp=0xFFFFF8005DC75438 exitCount=950291
[iommuret] hit #738: HalpIommuInitSystem returned EAX=0x00000000 (success/other) rsp=0xFFFFF8005DC75438 exitCount=950292
[iommuret] hit #739: HalpIommuInitSystem returned EAX=0x00000000 (success/other) rsp=0xFFFFF8005DC75438 exitCount=950293
[iommuret] hit #740: HalpIommuInitSystem returned EAX=0x00000000 (success/other) rsp=0xFFFFF8005DC75438 exitCount=950294
[iommuret] hit #741: HalpIommuInitSystem returned EAX=0x00000000 (success/other) rsp=0xFFFFF8005DC75438 exitCount=950295
[iommuret] hit #742: HalpIommuInitSystem returned EAX=0x00000000 (success/other) rsp=0xFFFFF8005DC75438 exitCount=950296
[iommuret] hit #743: HalpIommuInitSystem returned EAX=0x00000000 (success/other) rsp=0xFFFFF8005DC75438 exitCount=950297
[iommuret] hit #744: HalpIommuInitSystem returned EAX=0x00000000 (success/other) rsp=0xFFFFF8005DC75438 exitCount=950298
[iommuret] hit #745: HalpIommuInitSystem returned EAX=0x00000000 (success/other) rsp=0xFFFFF8005DC75438 exitCount=950299
[iommuret] hit #746: HalpIommuInitSystem returned EAX=0x00000000 (success/other) rsp=0xFFFFF8005DC75438 exitCount=950300
[iommuret] hit #747: HalpIommuInitSystem returned EAX=0x00000000 (success/other) rsp=0xFFFFF8005DC75438 exitCount=950301
[iommuret] hit #748: HalpIommuInitSystem returned EAX=0x00000000 (success/other) rsp=0xFFFFF8005DC75438 exitCount=950302
[iommuret] hit #749: HalpIommuInitSystem returned EAX=0x00000000 (success/other) rsp=0xFFFFF8005DC75438 exitCount=950303
[iommuret] hit #750: HalpIommuInitSystem returned EAX=0x00000000 (success/other) rsp=0xFFFFF8005DC75438 exitCount=950304
[iommuret] hit #751: HalpIommuInitSystem returned EAX=0x00000000 (success/other) rsp=0xFFFFF8005DC75438 exitCount=950305
[iommuret] hit #752: HalpIommuInitSystem returned EAX=0x00000000 (success/other) rsp=0xFFFFF8005DC75438 exitCount=950306
[iommuret] hit #753: HalpIommuInitSystem returned EAX=0x00000000 (success/other) rsp=0xFFFFF8005DC75438 exitCount=950307
[iommuret] hit #754: HalpIommuInitSystem returned EAX=0x00000000 (success/other) rsp=0xFFFFF8005DC75438 exitCount=950308
[iommuret] hit #755: HalpIommuInitSystem returned EAX=0x00000000 (success/other) rsp=0xFFFFF8005DC75438 exitCount=950309
[iommuret] hit #756: HalpIommuInitSystem returned EAX=0x00000000 (success/other) rsp=0xFFFFF8005DC75438 exitCount=950310
[iommuret] hit #757: HalpIommuInitSystem returned EAX=0x00000000 (success/other) rsp=0xFFFFF8005DC75438 exitCount=950311
[iommuret] hit #758: HalpIommuInitSystem returned EAX=0x00000000 (success/other) rsp=0xFFFFF8005DC75438 exitCount=950312
[iommuret] hit #759: HalpIommuInitSystem returned EAX=0x00000000 (success/other) rsp=0xFFFFF8005DC75438 exitCount=950313
[iommuret] hit #760: HalpIommuInitSystem returned EAX=0x00000000 (success/other) rsp=0xFFFFF8005DC75438 exitCount=950314
[iommuret] hit #761: HalpIommuInitSystem returned EAX=0x00000000 (success/other) rsp=0xFFFFF8005DC75438 exitCount=950315
[iommuret] hit #762: HalpIommuInitSystem returned EAX=0x00000000 (success/other) rsp=0xFFFFF8005DC75438 exitCount=950316
[iommuret] hit #763: HalpIommuInitSystem returned EAX=0x00000000 (success/other) rsp=0xFFFFF8005DC75438 exitCount=950317
[iommuret] hit #764: HalpIommuInitSystem returned EAX=0x00000000 (success/other) rsp=0xFFFFF8005DC75438 exitCount=950318
[iommuret] hit #765: HalpIommuInitSystem returned EAX=0x00000000 (success/other) rsp=0xFFFFF8005DC75438 exitCount=950319
[iommuret] hit #766: HalpIommuInitSystem returned EAX=0x00000000 (success/other) rsp=0xFFFFF8005DC75438 exitCount=950320
[iommuret] hit #767: HalpIommuInitSystem returned EAX=0x00000000 (success/other) rsp=0xFFFFF8005DC75438 exitCount=950321
[iommuret] hit #768: HalpIommuInitSystem returned EAX=0x00000000 (success/other) rsp=0xFFFFF8005DC75438 exitCount=950322
[iommuret] hit #769: HalpIommuInitSystem returned EAX=0x00000000 (success/other) rsp=0xFFFFF8005DC75438 exitCount=950323
[iommuret] hit #770: HalpIommuInitSystem returned EAX=0x00000000 (success/other) rsp=0xFFFFF8005DC75438 exitCount=950324
[iommuret] hit #771: HalpIommuInitSystem returned EAX=0x00000000 (success/other) rsp=0xFFFFF8005DC75438 exitCount=950325
[iommuret] hit #772: HalpIommuInitSystem returned EAX=0x00000000 (success/other) rsp=0xFFFFF8005DC75438 exitCount=950326
[iommuret] hit #773: HalpIommuInitSystem returned EAX=0x00000000 (success/other) rsp=0xFFFFF8005DC75438 exitCount=950327
[iommuret] hit #774: HalpIommuInitSystem returned EAX=0x00000000 (success/other) rsp=0xFFFFF8005DC75438 exitCount=950328
[iommuret] hit #775: HalpIommuInitSystem returned EAX=0x00000000 (success/other) rsp=0xFFFFF8005DC75438 exitCount=950329
[iommuret] hit #776: HalpIommuInitSystem returned EAX=0x00000000 (success/other) rsp=0xFFFFF8005DC75438 exitCount=950330
[iommuret] hit #777: HalpIommuInitSystem returned EAX=0x00000000 (success/other) rsp=0xFFFFF8005DC75438 exitCount=950331
[iommuret] hit #778: HalpIommuInitSystem returned EAX=0x00000000 (success/other) rsp=0xFFFFF8005DC75438 exitCount=950332
[iommuret] hit #779: HalpIommuInitSystem returned EAX=0x00000000 (success/other) rsp=0xFFFFF8005DC75438 exitCount=950333
[iommuret] hit #780: HalpIommuInitSystem returned EAX=0x00000000 (success/other) rsp=0xFFFFF8005DC75438 exitCount=950334
[iommuret] hit #781: HalpIommuInitSystem returned EAX=0x00000000 (success/other) rsp=0xFFFFF8005DC75438 exitCount=950335
[iommuret] hit #782: HalpIommuInitSystem returned EAX=0x00000000 (success/other) rsp=0xFFFFF8005DC75438 exitCount=950336
[iommuret] hit #783: HalpIommuInitSystem returned EAX=0x00000000 (success/other) rsp=0xFFFFF8005DC75438 exitCount=950337
[iommuret] hit #784: HalpIommuInitSystem returned EAX=0x00000000 (success/other) rsp=0xFFFFF8005DC75438 exitCount=950338
[iommuret] hit #785: HalpIommuInitSystem returned EAX=0x00000000 (success/other) rsp=0xFFFFF8005DC75438 exitCount=950339
[iommuret] hit #786: HalpIommuInitSystem returned EAX=0x00000000 (success/other) rsp=0xFFFFF8005DC75438 exitCount=950340
[iommuret] hit #787: HalpIommuInitSystem returned EAX=0x00000000 (success/other) rsp=0xFFFFF8005DC75438 exitCount=950341
[iommuret] hit #788: HalpIommuInitSystem returned EAX=0x00000000 (success/other) rsp=0xFFFFF8005DC75438 exitCount=950342
[iommuret] hit #789: HalpIommuInitSystem returned EAX=0x00000000 (success/other) rsp=0xFFFFF8005DC75438 exitCount=950343
[iommuret] hit #790: HalpIommuInitSystem returned EAX=0x00000000 (success/other) rsp=0xFFFFF8005DC75438 exitCount=950344
[iommuret] hit #791: HalpIommuInitSystem returned EAX=0x00000000 (success/other) rsp=0xFFFFF8005DC75438 exitCount=950345
[iommuret] hit #792: HalpIommuInitSystem returned EAX=0x00000000 (success/other) rsp=0xFFFFF8005DC75438 exitCount=950346
[iommuret] hit #793: HalpIommuInitSystem returned EAX=0x00000000 (success/other) rsp=0xFFFFF8005DC75438 exitCount=950347
[iommuret] hit #794: HalpIommuInitSystem returned EAX=0x00000000 (success/other) rsp=0xFFFFF8005DC75438 exitCount=950348
[iommuret] hit #795: HalpIommuInitSystem returned EAX=0x00000000 (success/other) rsp=0xFFFFF8005DC75438 exitCount=950349
[iommuret] hit #796: HalpIommuInitSystem returned EAX=0x00000000 (success/other) rsp=0xFFFFF8005DC75438 exitCount=950350
[iommuret] hit #797: HalpIommuInitSystem returned EAX=0x00000000 (success/other) rsp=0xFFFFF8005DC75438 exitCount=950351
[iommuret] hit #798: HalpIommuInitSystem returned EAX=0x00000000 (success/other) rsp=0xFFFFF8005DC75438 exitCount=950352
[iommuret] hit #799: HalpIommuInitSystem returned EAX=0x00000000 (success/other) rsp=0xFFFFF8005DC75438 exitCount=950353
[iommuret] hit #800: HalpIommuInitSystem returned EAX=0x00000000 (success/other) rsp=0xFFFFF8005DC75438 exitCount=950354
[iommuret] hit #801: HalpIommuInitSystem returned EAX=0x00000000 (success/other) rsp=0xFFFFF8005DC75438 exitCount=950355
[iommuret] hit #802: HalpIommuInitSystem returned EAX=0x00000000 (success/other) rsp=0xFFFFF8005DC75438 exitCount=950356
[iommuret] hit #803: HalpIommuInitSystem returned EAX=0x00000000 (success/other) rsp=0xFFFFF8005DC75438 exitCount=950357
[iommuret] hit #804: HalpIommuInitSystem returned EAX=0x00000000 (success/other) rsp=0xFFFFF8005DC75438 exitCount=950358
[iommuret] hit #805: HalpIommuInitSystem returned EAX=0x00000000 (success/other) rsp=0xFFFFF8005DC75438 exitCount=950359
[iommuret] hit #806: HalpIommuInitSystem returned EAX=0x00000000 (success/other) rsp=0xFFFFF8005DC75438 exitCount=950360
[iommuret] hit #807: HalpIommuInitSystem returned EAX=0x00000000 (success/other) rsp=0xFFFFF8005DC75438 exitCount=950361
[iommuret] hit #808: HalpIommuInitSystem returned EAX=0x00000000 (success/other) rsp=0xFFFFF8005DC75438 exitCount=950362
[iommuret] hit #809: HalpIommuInitSystem returned EAX=0x00000000 (success/other) rsp=0xFFFFF8005DC75438 exitCount=950363
[iommuret] hit #810: HalpIommuInitSystem returned EAX=0x00000000 (success/other) rsp=0xFFFFF8005DC75438 exitCount=950364
[iommuret] hit #811: HalpIommuInitSystem returned EAX=0x00000000 (success/other) rsp=0xFFFFF8005DC75438 exitCount=950365
[iommuret] hit #812: HalpIommuInitSystem returned EAX=0x00000000 (success/other) rsp=0xFFFFF8005DC75438 exitCount=950366
[iommuret] hit #813: HalpIommuInitSystem returned EAX=0x00000000 (success/other) rsp=0xFFFFF8005DC75438 exitCount=950367
[iommuret] hit #814: HalpIommuInitSystem returned EAX=0x00000000 (success/other) rsp=0xFFFFF8005DC75438 exitCount=950368
[iommuret] hit #815: HalpIommuInitSystem returned EAX=0x00000000 (success/other) rsp=0xFFFFF8005DC75438 exitCount=950369
[iommuret] hit #816: HalpIommuInitSystem returned EAX=0x00000000 (success/other) rsp=0xFFFFF8005DC75438 exitCount=950370
[iommuret] hit #817: HalpIommuInitSystem returned EAX=0x00000000 (success/other) rsp=0xFFFFF8005DC75438 exitCount=950371
[iommuret] hit #818: HalpIommuInitSystem returned EAX=0x00000000 (success/other) rsp=0xFFFFF8005DC75438 exitCount=950372
[iommuret] hit #819: HalpIommuInitSystem returned EAX=0x00000000 (success/other) rsp=0xFFFFF8005DC75438 exitCount=950373
[iommuret] hit #820: HalpIommuInitSystem returned EAX=0x00000000 (success/other) rsp=0xFFFFF8005DC75438 exitCount=950374
[iommuret] hit #821: HalpIommuInitSystem returned EAX=0x00000000 (success/other) rsp=0xFFFFF8005DC75438 exitCount=950375
[iommuret] hit #822: HalpIommuInitSystem returned EAX=0x00000000 (success/other) rsp=0xFFFFF8005DC75438 exitCount=950376
[iommuret] hit #823: HalpIommuInitSystem returned EAX=0x00000000 (success/other) rsp=0xFFFFF8005DC75438 exitCount=950377
[iommuret] hit #824: HalpIommuInitSystem returned EAX=0x00000000 (success/other) rsp=0xFFFFF8005DC75438 exitCount=950378
[iommuret] hit #825: HalpIommuInitSystem returned EAX=0x00000000 (success/other) rsp=0xFFFFF8005DC75438 exitCount=950379
[iommuret] hit #826: HalpIommuInitSystem returned EAX=0x00000000 (success/other) rsp=0xFFFFF8005DC75438 exitCount=950380
[iommuret] hit #827: HalpIommuInitSystem returned EAX=0x00000000 (success/other) rsp=0xFFFFF8005DC75438 exitCount=950381
[iommuret] hit #828: HalpIommuInitSystem returned EAX=0x00000000 (success/other) rsp=0xFFFFF8005DC75438 exitCount=950382
[iommuret] hit #829: HalpIommuInitSystem returned EAX=0x00000000 (success/other) rsp=0xFFFFF8005DC75438 exitCount=950383
[iommuret] hit #830: HalpIommuInitSystem returned EAX=0x00000000 (success/other) rsp=0xFFFFF8005DC75438 exitCount=950384
[iommuret] hit #831: HalpIommuInitSystem returned EAX=0x00000000 (success/other) rsp=0xFFFFF8005DC75438 exitCount=950385
[iommuret] hit #832: HalpIommuInitSystem returned EAX=0x00000000 (success/other) rsp=0xFFFFF8005DC75438 exitCount=950386
[iommuret] hit #833: HalpIommuInitSystem returned EAX=0x00000000 (success/other) rsp=0xFFFFF8005DC75438 exitCount=950387
[iommuret] hit #834: HalpIommuInitSystem returned EAX=0x00000000 (success/other) rsp=0xFFFFF8005DC75438 exitCount=950388
[iommuret] hit #835: HalpIommuInitSystem returned EAX=0x00000000 (success/other) rsp=0xFFFFF8005DC75438 exitCount=950389
[iommuret] hit #836: HalpIommuInitSystem returned EAX=0x00000000 (success/other) rsp=0xFFFFF8005DC75438 exitCount=950390
[iommuret] hit #837: HalpIommuInitSystem returned EAX=0x00000000 (success/other) rsp=0xFFFFF8005DC75438 exitCount=950391
[iommuret] hit #838: HalpIommuInitSystem returned EAX=0x00000000 (success/other) rsp=0xFFFFF8005DC75438 exitCount=950392
[iommuret] hit #839: HalpIommuInitSystem returned EAX=0x00000000 (success/other) rsp=0xFFFFF8005DC75438 exitCount=950393
[iommuret] hit #840: HalpIommuInitSystem returned EAX=0x00000000 (success/other) rsp=0xFFFFF8005DC75438 exitCount=950394
[iommuret] hit #841: HalpIommuInitSystem returned EAX=0x00000000 (success/other) rsp=0xFFFFF8005DC75438 exitCount=950395
[iommuret] hit #842: HalpIommuInitSystem returned EAX=0x00000000 (success/other) rsp=0xFFFFF8005DC75438 exitCount=950396
[iommuret] hit #843: HalpIommuInitSystem returned EAX=0x00000000 (success/other) rsp=0xFFFFF8005DC75438 exitCount=950397
[iommuret] hit #844: HalpIommuInitSystem returned EAX=0x00000000 (success/other) rsp=0xFFFFF8005DC75438 exitCount=950398
[iommuret] hit #845: HalpIommuInitSystem returned EAX=0x00000000 (success/other) rsp=0xFFFFF8005DC75438 exitCount=950399
[iommuret] hit #846: HalpIommuInitSystem returned EAX=0x00000000 (success/other) rsp=0xFFFFF8005DC75438 exitCount=950400
[iommuret] hit #847: HalpIommuInitSystem returned EAX=0x00000000 (success/other) rsp=0xFFFFF8005DC75438 exitCount=950401
[iommuret] hit #848: HalpIommuInitSystem returned EAX=0x00000000 (success/other) rsp=0xFFFFF8005DC75438 exitCount=950402
[iommuret] hit #849: HalpIommuInitSystem returned EAX=0x00000000 (success/other) rsp=0xFFFFF8005DC75438 exitCount=950403
[iommuret] hit #850: HalpIommuInitSystem returned EAX=0x00000000 (success/other) rsp=0xFFFFF8005DC75438 exitCount=950404
[iommuret] hit #851: HalpIommuInitSystem returned EAX=0x00000000 (success/other) rsp=0xFFFFF8005DC75438 exitCount=950405
[iommuret] hit #852: HalpIommuInitSystem returned EAX=0x00000000 (success/other) rsp=0xFFFFF8005DC75438 exitCount=950406
[iommuret] hit #853: HalpIommuInitSystem returned EAX=0x00000000 (success/other) rsp=0xFFFFF8005DC75438 exitCount=950407
[iommuret] hit #854: HalpIommuInitSystem returned EAX=0x00000000 (success/other) rsp=0xFFFFF8005DC75438 exitCount=950408
[iommuret] hit #855: HalpIommuInitSystem returned EAX=0x00000000 (success/other) rsp=0xFFFFF8005DC75438 exitCount=950409
[iommuret] hit #856: HalpIommuInitSystem returned EAX=0x00000000 (success/other) rsp=0xFFFFF8005DC75438 exitCount=950410
[iommuret] hit #857: HalpIommuInitSystem returned EAX=0x00000000 (success/other) rsp=0xFFFFF8005DC75438 exitCount=950411
[iommuret] hit #858: HalpIommuInitSystem returned EAX=0x00000000 (success/other) rsp=0xFFFFF8005DC75438 exitCount=950412
[iommuret] hit #859: HalpIommuInitSystem returned EAX=0x00000000 (success/other) rsp=0xFFFFF8005DC75438 exitCount=950413
[iommuret] hit #860: HalpIommuInitSystem returned EAX=0x00000000 (success/other) rsp=0xFFFFF8005DC75438 exitCount=950414
[iommuret] hit #861: HalpIommuInitSystem returned EAX=0x00000000 (success/other) rsp=0xFFFFF8005DC75438 exitCount=950415
[iommuret] hit #862: HalpIommuInitSystem returned EAX=0x00000000 (success/other) rsp=0xFFFFF8005DC75438 exitCount=950416
[iommuret] hit #863: HalpIommuInitSystem returned EAX=0x00000000 (success/other) rsp=0xFFFFF8005DC75438 exitCount=950417
[iommuret] hit #864: HalpIommuInitSystem returned EAX=0x00000000 (success/other) rsp=0xFFFFF8005DC75438 exitCount=950418
[iommuret] hit #865: HalpIommuInitSystem returned EAX=0x00000000 (success/other) rsp=0xFFFFF8005DC75438 exitCount=950419
[iommuret] hit #866: HalpIommuInitSystem returned EAX=0x00000000 (success/other) rsp=0xFFFFF8005DC75438 exitCount=950420
[iommuret] hit #867: HalpIommuInitSystem returned EAX=0x00000000 (success/other) rsp=0xFFFFF8005DC75438 exitCount=950421
[iommuret] hit #868: HalpIommuInitSystem returned EAX=0x00000000 (success/other) rsp=0xFFFFF8005DC75438 exitCount=950422
[iommuret] hit #869: HalpIommuInitSystem returned EAX=0x00000000 (success/other) rsp=0xFFFFF8005DC75438 exitCount=950423
[iommuret] hit #870: HalpIommuInitSystem returned EAX=0x00000000 (success/other) rsp=0xFFFFF8005DC75438 exitCount=950424
[iommuret] hit #871: HalpIommuInitSystem returned EAX=0x00000000 (success/other) rsp=0xFFFFF8005DC75438 exitCount=950425
[iommuret] hit #872: HalpIommuInitSystem returned EAX=0x00000000 (success/other) rsp=0xFFFFF8005DC75438 exitCount=950426
[iommuret] hit #873: HalpIommuInitSystem returned EAX=0x00000000 (success/other) rsp=0xFFFFF8005DC75438 exitCount=950427
[iommuret] hit #874: HalpIommuInitSystem returned EAX=0x00000000 (success/other) rsp=0xFFFFF8005DC75438 exitCount=950428
[iommuret] hit #875: HalpIommuInitSystem returned EAX=0x00000000 (success/other) rsp=0xFFFFF8005DC75438 exitCount=950429
[iommuret] hit #876: HalpIommuInitSystem returned EAX=0x00000000 (success/other) rsp=0xFFFFF8005DC75438 exitCount=950430
[iommuret] hit #877: HalpIommuInitSystem returned EAX=0x00000000 (success/other) rsp=0xFFFFF8005DC75438 exitCount=950431
[iommuret] hit #878: HalpIommuInitSystem returned EAX=0x00000000 (success/other) rsp=0xFFFFF8005DC75438 exitCount=950432
[iommuret] hit #879: HalpIommuInitSystem returned EAX=0x00000000 (success/other) rsp=0xFFFFF8005DC75438 exitCount=950433
[iommuret] hit #880: HalpIommuInitSystem returned EAX=0x00000000 (success/other) rsp=0xFFFFF8005DC75438 exitCount=950434
[iommuret] hit #881: HalpIommuInitSystem returned EAX=0x00000000 (success/other) rsp=0xFFFFF8005DC75438 exitCount=950435
[iommuret] hit #882: HalpIommuInitSystem returned EAX=0x00000000 (success/other) rsp=0xFFFFF8005DC75438 exitCount=950436
[iommuret] hit #883: HalpIommuInitSystem returned EAX=0x00000000 (success/other) rsp=0xFFFFF8005DC75438 exitCount=950437
[iommuret] hit #884: HalpIommuInitSystem returned EAX=0x00000000 (success/other) rsp=0xFFFFF8005DC75438 exitCount=950438
[iommuret] hit #885: HalpIommuInitSystem returned EAX=0x00000000 (success/other) rsp=0xFFFFF8005DC75438 exitCount=950439
[iommuret] hit #886: HalpIommuInitSystem returned EAX=0x00000000 (success/other) rsp=0xFFFFF8005DC75438 exitCount=950440
[iommuret] hit #887: HalpIommuInitSystem returned EAX=0x00000000 (success/other) rsp=0xFFFFF8005DC75438 exitCount=950441
[iommuret] hit #888: HalpIommuInitSystem returned EAX=0x00000000 (success/other) rsp=0xFFFFF8005DC75438 exitCount=950442
[iommuret] hit #889: HalpIommuInitSystem returned EAX=0x00000000 (success/other) rsp=0xFFFFF8005DC75438 exitCount=950443
[iommuret] hit #890: HalpIommuInitSystem returned EAX=0x00000000 (success/other) rsp=0xFFFFF8005DC75438 exitCount=950444
[iommuret] hit #891: HalpIommuInitSystem returned EAX=0x00000000 (success/other) rsp=0xFFFFF8005DC75438 exitCount=950445
[iommuret] hit #892: HalpIommuInitSystem returned EAX=0x00000000 (success/other) rsp=0xFFFFF8005DC75438 exitCount=950446
[iommuret] hit #893: HalpIommuInitSystem returned EAX=0x00000000 (success/other) rsp=0xFFFFF8005DC75438 exitCount=950447
[iommuret] hit #894: HalpIommuInitSystem returned EAX=0x00000000 (success/other) rsp=0xFFFFF8005DC75438 exitCount=950448
[iommuret] hit #895: HalpIommuInitSystem returned EAX=0x00000000 (success/other) rsp=0xFFFFF8005DC75438 exitCount=950449
[iommuret] hit #896: HalpIommuInitSystem returned EAX=0x00000000 (success/other) rsp=0xFFFFF8005DC75438 exitCount=950450
[iommuret] hit #897: HalpIommuInitSystem returned EAX=0x00000000 (success/other) rsp=0xFFFFF8005DC75438 exitCount=950451
[iommuret] hit #898: HalpIommuInitSystem returned EAX=0x00000000 (success/other) rsp=0xFFFFF8005DC75438 exitCount=950452
[iommuret] hit #899: HalpIommuInitSystem returned EAX=0x00000000 (success/other) rsp=0xFFFFF8005DC75438 exitCount=950453
[iommuret] hit #900: HalpIommuInitSystem returned EAX=0x00000000 (success/other) rsp=0xFFFFF8005DC75438 exitCount=950454
[iommuret] hit #901: HalpIommuInitSystem returned EAX=0x00000000 (success/other) rsp=0xFFFFF8005DC75438 exitCount=950455
[iommuret] hit #902: HalpIommuInitSystem returned EAX=0x00000000 (success/other) rsp=0xFFFFF8005DC75438 exitCount=950456
[iommuret] hit #903: HalpIommuInitSystem returned EAX=0x00000000 (success/other) rsp=0xFFFFF8005DC75438 exitCount=950457
[iommuret] hit #904: HalpIommuInitSystem returned EAX=0x00000000 (success/other) rsp=0xFFFFF8005DC75438 exitCount=950458
[iommuret] hit #905: HalpIommuInitSystem returned EAX=0x00000000 (success/other) rsp=0xFFFFF8005DC75438 exitCount=950459
[iommuret] hit #906: HalpIommuInitSystem returned EAX=0x00000000 (success/other) rsp=0xFFFFF8005DC75438 exitCount=950460
[iommuret] hit #907: HalpIommuInitSystem returned EAX=0x00000000 (success/other) rsp=0xFFFFF8005DC75438 exitCount=950461
[iommuret] hit #908: HalpIommuInitSystem returned EAX=0x00000000 (success/other) rsp=0xFFFFF8005DC75438 exitCount=950462
[iommuret] hit #909: HalpIommuInitSystem returned EAX=0x00000000 (success/other) rsp=0xFFFFF8005DC75438 exitCount=950463
[iommuret] hit #910: HalpIommuInitSystem returned EAX=0x00000000 (success/other) rsp=0xFFFFF8005DC75438 exitCount=950464
[iommuret] hit #911: HalpIommuInitSystem returned EAX=0x00000000 (success/other) rsp=0xFFFFF8005DC75438 exitCount=950465
[iommuret] hit #912: HalpIommuInitSystem returned EAX=0x00000000 (success/other) rsp=0xFFFFF8005DC75438 exitCount=950466
[iommuret] hit #913: HalpIommuInitSystem returned EAX=0x00000000 (success/other) rsp=0xFFFFF8005DC75438 exitCount=950467
[iommuret] hit #914: HalpIommuInitSystem returned EAX=0x00000000 (success/other) rsp=0xFFFFF8005DC75438 exitCount=950468
[iommuret] hit #915: HalpIommuInitSystem returned EAX=0x00000000 (success/other) rsp=0xFFFFF8005DC75438 exitCount=950469
[iommuret] hit #916: HalpIommuInitSystem returned EAX=0x00000000 (success/other) rsp=0xFFFFF8005DC75438 exitCount=950470
[iommuret] hit #917: HalpIommuInitSystem returned EAX=0x00000000 (success/other) rsp=0xFFFFF8005DC75438 exitCount=950471
[iommuret] hit #918: HalpIommuInitSystem returned EAX=0x00000000 (success/other) rsp=0xFFFFF8005DC75438 exitCount=950472
[iommuret] hit #919: HalpIommuInitSystem returned EAX=0x00000000 (success/other) rsp=0xFFFFF8005DC75438 exitCount=950473
[iommuret] hit #920: HalpIommuInitSystem returned EAX=0x00000000 (success/other) rsp=0xFFFFF8005DC75438 exitCount=950474
[iommuret] hit #921: HalpIommuInitSystem returned EAX=0x00000000 (success/other) rsp=0xFFFFF8005DC75438 exitCount=950475
[iommuret] hit #922: HalpIommuInitSystem returned EAX=0x00000000 (success/other) rsp=0xFFFFF8005DC75438 exitCount=950476
[iommuret] hit #923: HalpIommuInitSystem returned EAX=0x00000000 (success/other) rsp=0xFFFFF8005DC75438 exitCount=950477
[iommuret] hit #924: HalpIommuInitSystem returned EAX=0x00000000 (success/other) rsp=0xFFFFF8005DC75438 exitCount=950478
[iommuret] hit #925: HalpIommuInitSystem returned EAX=0x00000000 (success/other) rsp=0xFFFFF8005DC75438 exitCount=950479
[iommuret] hit #926: HalpIommuInitSystem returned EAX=0x00000000 (success/other) rsp=0xFFFFF8005DC75438 exitCount=950480
[iommuret] hit #927: HalpIommuInitSystem returned EAX=0x00000000 (success/other) rsp=0xFFFFF8005DC75438 exitCount=950481
[iommuret] hit #928: HalpIommuInitSystem returned EAX=0x00000000 (success/other) rsp=0xFFFFF8005DC75438 exitCount=950482
[iommuret] hit #929: HalpIommuInitSystem returned EAX=0x00000000 (success/other) rsp=0xFFFFF8005DC75438 exitCount=950483
[iommuret] hit #930: HalpIommuInitSystem returned EAX=0x00000000 (success/other) rsp=0xFFFFF8005DC75438 exitCount=950484
[iommuret] hit #931: HalpIommuInitSystem returned EAX=0x00000000 (success/other) rsp=0xFFFFF8005DC75438 exitCount=950485
[iommuret] hit #932: HalpIommuInitSystem returned EAX=0x00000000 (success/other) rsp=0xFFFFF8005DC75438 exitCount=950486
[iommuret] hit #933: HalpIommuInitSystem returned EAX=0x00000000 (success/other) rsp=0xFFFFF8005DC75438 exitCount=950487
[iommuret] hit #934: HalpIommuInitSystem returned EAX=0x00000000 (success/other) rsp=0xFFFFF8005DC75438 exitCount=950488
[iommuret] hit #935: HalpIommuInitSystem returned EAX=0x00000000 (success/other) rsp=0xFFFFF8005DC75438 exitCount=950489
[iommuret] hit #936: HalpIommuInitSystem returned EAX=0x00000000 (success/other) rsp=0xFFFFF8005DC75438 exitCount=950490
[iommuret] hit #937: HalpIommuInitSystem returned EAX=0x00000000 (success/other) rsp=0xFFFFF8005DC75438 exitCount=950491
[iommuret] hit #938: HalpIommuInitSystem returned EAX=0x00000000 (success/other) rsp=0xFFFFF8005DC75438 exitCount=950492
[iommuret] hit #939: HalpIommuInitSystem returned EAX=0x00000000 (success/other) rsp=0xFFFFF8005DC75438 exitCount=950493
[iommuret] hit #940: HalpIommuInitSystem returned EAX=0x00000000 (success/other) rsp=0xFFFFF8005DC75438 exitCount=950494
[iommuret] hit #941: HalpIommuInitSystem returned EAX=0x00000000 (success/other) rsp=0xFFFFF8005DC75438 exitCount=950495
[iommuret] hit #942: HalpIommuInitSystem returned EAX=0x00000000 (success/other) rsp=0xFFFFF8005DC75438 exitCount=950496
[iommuret] hit #943: HalpIommuInitSystem returned EAX=0x00000000 (success/other) rsp=0xFFFFF8005DC75438 exitCount=950497
[iommuret] hit #944: HalpIommuInitSystem returned EAX=0x00000000 (success/other) rsp=0xFFFFF8005DC75438 exitCount=950498
[iommuret] hit #945: HalpIommuInitSystem returned EAX=0x00000000 (success/other) rsp=0xFFFFF8005DC75438 exitCount=950499
[iommuret] hit #946: HalpIommuInitSystem returned EAX=0x00000000 (success/other) rsp=0xFFFFF8005DC75438 exitCount=950500
[iommuret] hit #947: HalpIommuInitSystem returned EAX=0x00000000 (success/other) rsp=0xFFFFF8005DC75438 exitCount=950501
[iommuret] hit #948: HalpIommuInitSystem returned EAX=0x00000000 (success/other) rsp=0xFFFFF8005DC75438 exitCount=950502
[iommuret] hit #949: HalpIommuInitSystem returned EAX=0x00000000 (success/other) rsp=0xFFFFF8005DC75438 exitCount=950503
[iommuret] hit #950: HalpIommuInitSystem returned EAX=0x00000000 (success/other) rsp=0xFFFFF8005DC75438 exitCount=950504
[iommuret] hit #951: HalpIommuInitSystem returned EAX=0x00000000 (success/other) rsp=0xFFFFF8005DC75438 exitCount=950505
[iommuret] hit #952: HalpIommuInitSystem returned EAX=0x00000000 (success/other) rsp=0xFFFFF8005DC75438 exitCount=950506
[iommuret] hit #953: HalpIommuInitSystem returned EAX=0x00000000 (success/other) rsp=0xFFFFF8005DC75438 exitCount=950507
[iommuret] hit #954: HalpIommuInitSystem returned EAX=0x00000000 (success/other) rsp=0xFFFFF8005DC75438 exitCount=950508
[iommuret] hit #955: HalpIommuInitSystem returned EAX=0x00000000 (success/other) rsp=0xFFFFF8005DC75438 exitCount=950509
[iommuret] hit #956: HalpIommuInitSystem returned EAX=0x00000000 (success/other) rsp=0xFFFFF8005DC75438 exitCount=950510
[iommuret] hit #957: HalpIommuInitSystem returned EAX=0x00000000 (success/other) rsp=0xFFFFF8005DC75438 exitCount=950511
[iommuret] hit #958: HalpIommuInitSystem returned EAX=0x00000000 (success/other) rsp=0xFFFFF8005DC75438 exitCount=950512
[iommuret] hit #959: HalpIommuInitSystem returned EAX=0x00000000 (success/other) rsp=0xFFFFF8005DC75438 exitCount=950513
[iommuret] hit #960: HalpIommuInitSystem returned EAX=0x00000000 (success/other) rsp=0xFFFFF8005DC75438 exitCount=950514
[iommuret] hit #961: HalpIommuInitSystem returned EAX=0x00000000 (success/other) rsp=0xFFFFF8005DC75438 exitCount=950515
[iommuret] hit #962: HalpIommuInitSystem returned EAX=0x00000000 (success/other) rsp=0xFFFFF8005DC75438 exitCount=950516
[iommuret] hit #963: HalpIommuInitSystem returned EAX=0x00000000 (success/other) rsp=0xFFFFF8005DC75438 exitCount=950517
[iommuret] hit #964: HalpIommuInitSystem returned EAX=0x00000000 (success/other) rsp=0xFFFFF8005DC75438 exitCount=950518
[iommuret] hit #965: HalpIommuInitSystem returned EAX=0x00000000 (success/other) rsp=0xFFFFF8005DC75438 exitCount=950519
[iommuret] hit #966: HalpIommuInitSystem returned EAX=0x00000000 (success/other) rsp=0xFFFFF8005DC75438 exitCount=950520
[iommuret] hit #967: HalpIommuInitSystem returned EAX=0x00000000 (success/other) rsp=0xFFFFF8005DC75438 exitCount=950521
[iommuret] hit #968: HalpIommuInitSystem returned EAX=0x00000000 (success/other) rsp=0xFFFFF8005DC75438 exitCount=950522
[iommuret] hit #969: HalpIommuInitSystem returned EAX=0x00000000 (success/other) rsp=0xFFFFF8005DC75438 exitCount=950523
[iommuret] hit #970: HalpIommuInitSystem returned EAX=0x00000000 (success/other) rsp=0xFFFFF8005DC75438 exitCount=950524
[iommuret] hit #971: HalpIommuInitSystem returned EAX=0x00000000 (success/other) rsp=0xFFFFF8005DC75438 exitCount=950525
[iommuret] hit #972: HalpIommuInitSystem returned EAX=0x00000000 (success/other) rsp=0xFFFFF8005DC75438 exitCount=950526
[iommuret] hit #973: HalpIommuInitSystem returned EAX=0x00000000 (success/other) rsp=0xFFFFF8005DC75438 exitCount=950527
[iommuret] hit #974: HalpIommuInitSystem returned EAX=0x00000000 (success/other) rsp=0xFFFFF8005DC75438 exitCount=950528
[iommuret] hit #975: HalpIommuInitSystem returned EAX=0x00000000 (success/other) rsp=0xFFFFF8005DC75438 exitCount=950529
[iommuret] hit #976: HalpIommuInitSystem returned EAX=0x00000000 (success/other) rsp=0xFFFFF8005DC75438 exitCount=950530
[iommuret] hit #977: HalpIommuInitSystem returned EAX=0x00000000 (success/other) rsp=0xFFFFF8005DC75438 exitCount=950531
[iommuret] hit #978: HalpIommuInitSystem returned EAX=0x00000000 (success/other) rsp=0xFFFFF8005DC75438 exitCount=950532
[iommuret] hit #979: HalpIommuInitSystem returned EAX=0x00000000 (success/other) rsp=0xFFFFF8005DC75438 exitCount=950533
[iommuret] hit #980: HalpIommuInitSystem returned EAX=0x00000000 (success/other) rsp=0xFFFFF8005DC75438 exitCount=950534
[iommuret] hit #981: HalpIommuInitSystem returned EAX=0x00000000 (success/other) rsp=0xFFFFF8005DC75438 exitCount=950535
[iommuret] hit #982: HalpIommuInitSystem returned EAX=0x00000000 (success/other) rsp=0xFFFFF8005DC75438 exitCount=950536
[iommuret] hit #983: HalpIommuInitSystem returned EAX=0x00000000 (success/other) rsp=0xFFFFF8005DC75438 exitCount=950537
[iommuret] hit #984: HalpIommuInitSystem returned EAX=0x00000000 (success/other) rsp=0xFFFFF8005DC75438 exitCount=950538
[iommuret] hit #985: HalpIommuInitSystem returned EAX=0x00000000 (success/other) rsp=0xFFFFF8005DC75438 exitCount=950539
[iommuret] hit #986: HalpIommuInitSystem returned EAX=0x00000000 (success/other) rsp=0xFFFFF8005DC75438 exitCount=950540
[iommuret] hit #987: HalpIommuInitSystem returned EAX=0x00000000 (success/other) rsp=0xFFFFF8005DC75438 exitCount=950541
[iommuret] hit #988: HalpIommuInitSystem returned EAX=0x00000000 (success/other) rsp=0xFFFFF8005DC75438 exitCount=950542
[iommuret] hit #989: HalpIommuInitSystem returned EAX=0x00000000 (success/other) rsp=0xFFFFF8005DC75438 exitCount=950543
[iommuret] hit #990: HalpIommuInitSystem returned EAX=0x00000000 (success/other) rsp=0xFFFFF8005DC75438 exitCount=950544
[iommuret] hit #991: HalpIommuInitSystem returned EAX=0x00000000 (success/other) rsp=0xFFFFF8005DC75438 exitCount=950545
[iommuret] hit #992: HalpIommuInitSystem returned EAX=0x00000000 (success/other) rsp=0xFFFFF8005DC75438 exitCount=950546
[iommuret] hit #993: HalpIommuInitSystem returned EAX=0x00000000 (success/other) rsp=0xFFFFF8005DC75438 exitCount=950547
[iommuret] hit #994: HalpIommuInitSystem returned EAX=0x00000000 (success/other) rsp=0xFFFFF8005DC75438 exitCount=950548
[iommuret] hit #995: HalpIommuInitSystem returned EAX=0x00000000 (success/other) rsp=0xFFFFF8005DC75438 exitCount=950549
[iommuret] hit #996: HalpIommuInitSystem returned EAX=0x00000000 (success/other) rsp=0xFFFFF8005DC75438 exitCount=950550
[iommuret] hit #997: HalpIommuInitSystem returned EAX=0x00000000 (success/other) rsp=0xFFFFF8005DC75438 exitCount=950551
[iommuret] hit #998: HalpIommuInitSystem returned EAX=0x00000000 (success/other) rsp=0xFFFFF8005DC75438 exitCount=950552
[iommuret] hit #999: HalpIommuInitSystem returned EAX=0x00000000 (success/other) rsp=0xFFFFF8005DC75438 exitCount=950553
[iommuret] hit #1000: HalpIommuInitSystem returned EAX=0x00000000 (success/other) rsp=0xFFFFF8005DC75438 exitCount=950554
[iommuret] hit #1001: HalpIommuInitSystem returned EAX=0x00000000 (success/other) rsp=0xFFFFF8005DC75438 exitCount=950555
[iommuret] hit #1002: HalpIommuInitSystem returned EAX=0x00000000 (success/other) rsp=0xFFFFF8005DC75438 exitCount=950556
[iommuret] hit #1003: HalpIommuInitSystem returned EAX=0x00000000 (success/other) rsp=0xFFFFF8005DC75438 exitCount=950557
[iommuret] hit #1004: HalpIommuInitSystem returned EAX=0x00000000 (success/other) rsp=0xFFFFF8005DC75438 exitCount=950558
[iommuret] hit #1005: HalpIommuInitSystem returned EAX=0x00000000 (success/other) rsp=0xFFFFF8005DC75438 exitCount=950559
[iommuret] hit #1006: HalpIommuInitSystem returned EAX=0x00000000 (success/other) rsp=0xFFFFF8005DC75438 exitCount=950560
[iommuret] hit #1007: HalpIommuInitSystem returned EAX=0x00000000 (success/other) rsp=0xFFFFF8005DC75438 exitCount=950561
[iommuret] hit #1008: HalpIommuInitSystem returned EAX=0x00000000 (success/other) rsp=0xFFFFF8005DC75438 exitCount=950562
[iommuret] hit #1009: HalpIommuInitSystem returned EAX=0x00000000 (success/other) rsp=0xFFFFF8005DC75438 exitCount=950563
[iommuret] hit #1010: HalpIommuInitSystem returned EAX=0x00000000 (success/other) rsp=0xFFFFF8005DC75438 exitCount=950564
[iommuret] hit #1011: HalpIommuInitSystem returned EAX=0x00000000 (success/other) rsp=0xFFFFF8005DC75438 exitCount=950565
[iommuret] hit #1012: HalpIommuInitSystem returned EAX=0x00000000 (success/other) rsp=0xFFFFF8005DC75438 exitCount=950566
[iommuret] hit #1013: HalpIommuInitSystem returned EAX=0x00000000 (success/other) rsp=0xFFFFF8005DC75438 exitCount=950567
[iommuret] hit #1014: HalpIommuInitSystem returned EAX=0x00000000 (success/other) rsp=0xFFFFF8005DC75438 exitCount=950568
[iommuret] hit #1015: HalpIommuInitSystem returned EAX=0x00000000 (success/other) rsp=0xFFFFF8005DC75438 exitCount=950569
[iommuret] hit #1016: HalpIommuInitSystem returned EAX=0x00000000 (success/other) rsp=0xFFFFF8005DC75438 exitCount=950570
[iommuret] hit #1017: HalpIommuInitSystem returned EAX=0x00000000 (success/other) rsp=0xFFFFF8005DC75438 exitCount=950571
[iommuret] hit #1018: HalpIommuInitSystem returned EAX=0x00000000 (success/other) rsp=0xFFFFF8005DC75438 exitCount=950572
[iommuret] hit #1019: HalpIommuInitSystem returned EAX=0x00000000 (success/other) rsp=0xFFFFF8005DC75438 exitCount=950573
[iommuret] hit #1020: HalpIommuInitSystem returned EAX=0x00000000 (success/other) rsp=0xFFFFF8005DC75438 exitCount=950574
[iommuret] hit #1021: HalpIommuInitSystem returned EAX=0x00000000 (success/other) rsp=0xFFFFF8005DC75438 exitCount=950575
[iommuret] hit #1022: HalpIommuInitSystem returned EAX=0x00000000 (success/other) rsp=0xFFFFF8005DC75438 exitCount=950576
[iommuret] hit #1023: HalpIommuInitSystem returned EAX=0x00000000 (success/other) rsp=0xFFFFF8005DC75438 exitCount=950577
[iommuret] hit #1024: HalpIommuInitSystem returned EAX=0x00000000 (success/other) rsp=0xFFFFF8005DC75438 exitCount=950578
[iommuret] hit #1025: HalpIommuInitSystem returned EAX=0x00000000 (success/other) rsp=0xFFFFF8005DC75438 exitCount=950579
[iommuret] hit #1026: HalpIommuInitSystem returned EAX=0x00000000 (success/other) rsp=0xFFFFF8005DC75438 exitCount=950580
[iommuret] hit #1027: HalpIommuInitSystem returned EAX=0x00000000 (success/other) rsp=0xFFFFF8005DC75438 exitCount=950581
[iommuret] hit #1028: HalpIommuInitSystem returned EAX=0x00000000 (success/other) rsp=0xFFFFF8005DC75438 exitCount=950582
[iommuret] hit #1029: HalpIommuInitSystem returned EAX=0x00000000 (success/other) rsp=0xFFFFF8005DC75438 exitCount=950583
[iommuret] hit #1030: HalpIommuInitSystem returned EAX=0x00000000 (success/other) rsp=0xFFFFF8005DC75438 exitCount=950584
[iommuret] hit #1031: HalpIommuInitSystem returned EAX=0x00000000 (success/other) rsp=0xFFFFF8005DC75438 exitCount=950585
[iommuret] hit #1032: HalpIommuInitSystem returned EAX=0x00000000 (success/other) rsp=0xFFFFF8005DC75438 exitCount=950586
[iommuret] hit #1033: HalpIommuInitSystem returned EAX=0x00000000 (success/other) rsp=0xFFFFF8005DC75438 exitCount=950587
[iommuret] hit #1034: HalpIommuInitSystem returned EAX=0x00000000 (success/other) rsp=0xFFFFF8005DC75438 exitCount=950588
[iommuret] hit #1035: HalpIommuInitSystem returned EAX=0x00000000 (success/other) rsp=0xFFFFF8005DC75438 exitCount=950589
[iommuret] hit #1036: HalpIommuInitSystem returned EAX=0x00000000 (success/other) rsp=0xFFFFF8005DC75438 exitCount=950590
[iommuret] hit #1037: HalpIommuInitSystem returned EAX=0x00000000 (success/other) rsp=0xFFFFF8005DC75438 exitCount=950591
[iommuret] hit #1038: HalpIommuInitSystem returned EAX=0x00000000 (success/other) rsp=0xFFFFF8005DC75438 exitCount=950592
[iommuret] hit #1039: HalpIommuInitSystem returned EAX=0x00000000 (success/other) rsp=0xFFFFF8005DC75438 exitCount=950593
[iommuret] hit #1040: HalpIommuInitSystem returned EAX=0x00000000 (success/other) rsp=0xFFFFF8005DC75438 exitCount=950594
[iommuret] hit #1041: HalpIommuInitSystem returned EAX=0x00000000 (success/other) rsp=0xFFFFF8005DC75438 exitCount=950595
[iommuret] hit #1042: HalpIommuInitSystem returned EAX=0x00000000 (success/other) rsp=0xFFFFF8005DC75438 exitCount=950596
[iommuret] hit #1043: HalpIommuInitSystem returned EAX=0x00000000 (success/other) rsp=0xFFFFF8005DC75438 exitCount=950597
[iommuret] hit #1044: HalpIommuInitSystem returned EAX=0x00000000 (success/other) rsp=0xFFFFF8005DC75438 exitCount=950598
[iommuret] hit #1045: HalpIommuInitSystem returned EAX=0x00000000 (success/other) rsp=0xFFFFF8005DC75438 exitCount=950599
[iommuret] hit #1046: HalpIommuInitSystem returned EAX=0x00000000 (success/other) rsp=0xFFFFF8005DC75438 exitCount=950600
[iommuret] hit #1047: HalpIommuInitSystem returned EAX=0x00000000 (success/other) rsp=0xFFFFF8005DC75438 exitCount=950601
[iommuret] hit #1048: HalpIommuInitSystem returned EAX=0x00000000 (success/other) rsp=0xFFFFF8005DC75438 exitCount=950602
[iommuret] hit #1049: HalpIommuInitSystem returned EAX=0x00000000 (success/other) rsp=0xFFFFF8005DC75438 exitCount=950603
[iommuret] hit #1050: HalpIommuInitSystem returned EAX=0x00000000 (success/other) rsp=0xFFFFF8005DC75438 exitCount=950604
[iommuret] hit #1051: HalpIommuInitSystem returned EAX=0x00000000 (success/other) rsp=0xFFFFF8005DC75438 exitCount=950605
[iommuret] hit #1052: HalpIommuInitSystem returned EAX=0x00000000 (success/other) rsp=0xFFFFF8005DC75438 exitCount=950606
[iommuret] hit #1053: HalpIommuInitSystem returned EAX=0x00000000 (success/other) rsp=0xFFFFF8005DC75438 exitCount=950607
[iommuret] hit #1054: HalpIommuInitSystem returned EAX=0x00000000 (success/other) rsp=0xFFFFF8005DC75438 exitCount=950608
[iommuret] hit #1055: HalpIommuInitSystem returned EAX=0x00000000 (success/other) rsp=0xFFFFF8005DC75438 exitCount=950609
[iommuret] hit #1056: HalpIommuInitSystem returned EAX=0x00000000 (success/other) rsp=0xFFFFF8005DC75438 exitCount=950610
[iommuret] hit #1057: HalpIommuInitSystem returned EAX=0x00000000 (success/other) rsp=0xFFFFF8005DC75438 exitCount=950611
[iommuret] hit #1058: HalpIommuInitSystem returned EAX=0x00000000 (success/other) rsp=0xFFFFF8005DC75438 exitCount=950612
[iommuret] hit #1059: HalpIommuInitSystem returned EAX=0x00000000 (success/other) rsp=0xFFFFF8005DC75438 exitCount=950613
[iommuret] hit #1060: HalpIommuInitSystem returned EAX=0x00000000 (success/other) rsp=0xFFFFF8005DC75438 exitCount=950614
[iommuret] hit #1061: HalpIommuInitSystem returned EAX=0x00000000 (success/other) rsp=0xFFFFF8005DC75438 exitCount=950615
[iommuret] hit #1062: HalpIommuInitSystem returned EAX=0x00000000 (success/other) rsp=0xFFFFF8005DC75438 exitCount=950616
[iommuret] hit #1063: HalpIommuInitSystem returned EAX=0x00000000 (success/other) rsp=0xFFFFF8005DC75438 exitCount=950617
[iommuret] hit #1064: HalpIommuInitSystem returned EAX=0x00000000 (success/other) rsp=0xFFFFF8005DC75438 exitCount=950618
[iommuret] hit #1065: HalpIommuInitSystem returned EAX=0x00000000 (success/other) rsp=0xFFFFF8005DC75438 exitCount=950619
[iommuret] hit #1066: HalpIommuInitSystem returned EAX=0x00000000 (success/other) rsp=0xFFFFF8005DC75438 exitCount=950620
[iommuret] hit #1067: HalpIommuInitSystem returned EAX=0x00000000 (success/other) rsp=0xFFFFF8005DC75438 exitCount=950621
[iommuret] hit #1068: HalpIommuInitSystem returned EAX=0x00000000 (success/other) rsp=0xFFFFF8005DC75438 exitCount=950622
[iommuret] hit #1069: HalpIommuInitSystem returned EAX=0x00000000 (success/other) rsp=0xFFFFF8005DC75438 exitCount=950623
[iommuret] hit #1070: HalpIommuInitSystem returned EAX=0x00000000 (success/other) rsp=0xFFFFF8005DC75438 exitCount=950624
[iommuret] hit #1071: HalpIommuInitSystem returned EAX=0x00000000 (success/other) rsp=0xFFFFF8005DC75438 exitCount=950625
[iommuret] hit #1072: HalpIommuInitSystem returned EAX=0x00000000 (success/other) rsp=0xFFFFF8005DC75438 exitCount=950626
[iommuret] hit #1073: HalpIommuInitSystem returned EAX=0x00000000 (success/other) rsp=0xFFFFF8005DC75438 exitCount=950627
[iommuret] hit #1074: HalpIommuInitSystem returned EAX=0x00000000 (success/other) rsp=0xFFFFF8005DC75438 exitCount=950628
[iommuret] hit #1075: HalpIommuInitSystem returned EAX=0x00000000 (success/other) rsp=0xFFFFF8005DC75438 exitCount=950629
[iommuret] hit #1076: HalpIommuInitSystem returned EAX=0x00000000 (success/other) rsp=0xFFFFF8005DC75438 exitCount=950630
[iommuret] hit #1077: HalpIommuInitSystem returned EAX=0x00000000 (success/other) rsp=0xFFFFF8005DC75438 exitCount=950631
[iommuret] hit #1078: HalpIommuInitSystem returned EAX=0x00000000 (success/other) rsp=0xFFFFF8005DC75438 exitCount=950632
[iommuret] hit #1079: HalpIommuInitSystem returned EAX=0x00000000 (success/other) rsp=0xFFFFF8005DC75438 exitCount=950633
[iommuret] hit #1080: HalpIommuInitSystem returned EAX=0x00000000 (success/other) rsp=0xFFFFF8005DC75438 exitCount=950634
[iommuret] hit #1081: HalpIommuInitSystem returned EAX=0x00000000 (success/other) rsp=0xFFFFF8005DC75438 exitCount=950635
[iommuret] hit #1082: HalpIommuInitSystem returned EAX=0x00000000 (success/other) rsp=0xFFFFF8005DC75438 exitCount=950636
[iommuret] hit #1083: HalpIommuInitSystem returned EAX=0x00000000 (success/other) rsp=0xFFFFF8005DC75438 exitCount=950637
[iommuret] hit #1084: HalpIommuInitSystem returned EAX=0x00000000 (success/other) rsp=0xFFFFF8005DC75438 exitCount=950638
[iommuret] hit #1085: HalpIommuInitSystem returned EAX=0x00000000 (success/other) rsp=0xFFFFF8005DC75438 exitCount=950639
[iommuret] hit #1086: HalpIommuInitSystem returned EAX=0x00000000 (success/other) rsp=0xFFFFF8005DC75438 exitCount=950640
[iommuret] hit #1087: HalpIommuInitSystem returned EAX=0x00000000 (success/other) rsp=0xFFFFF8005DC75438 exitCount=950641
[iommuret] hit #1088: HalpIommuInitSystem returned EAX=0x00000000 (success/other) rsp=0xFFFFF8005DC75438 exitCount=950642
[iommuret] hit #1089: HalpIommuInitSystem returned EAX=0x00000000 (success/other) rsp=0xFFFFF8005DC75438 exitCount=950643
[iommuret] hit #1090: HalpIommuInitSystem returned EAX=0x00000000 (success/other) rsp=0xFFFFF8005DC75438 exitCount=950644
[iommuret] hit #1091: HalpIommuInitSystem returned EAX=0x00000000 (success/other) rsp=0xFFFFF8005DC75438 exitCount=950645
[iommuret] hit #1092: HalpIommuInitSystem returned EAX=0x00000000 (success/other) rsp=0xFFFFF8005DC75438 exitCount=950646
[iommuret] hit #1093: HalpIommuInitSystem returned EAX=0x00000000 (success/other) rsp=0xFFFFF8005DC75438 exitCount=950647
[iommuret] hit #1094: HalpIommuInitSystem returned EAX=0x00000000 (success/other) rsp=0xFFFFF8005DC75438 exitCount=950648
[iommuret] hit #1095: HalpIommuInitSystem returned EAX=0x00000000 (success/other) rsp=0xFFFFF8005DC75438 exitCount=950649
[iommuret] hit #1096: HalpIommuInitSystem returned EAX=0x00000000 (success/other) rsp=0xFFFFF8005DC75438 exitCount=950650
[iommuret] hit #1097: HalpIommuInitSystem returned EAX=0x00000000 (success/other) rsp=0xFFFFF8005DC75438 exitCount=950651
[iommuret] hit #1098: HalpIommuInitSystem returned EAX=0x00000000 (success/other) rsp=0xFFFFF8005DC75438 exitCount=950652
[iommuret] hit #1099: HalpIommuInitSystem returned EAX=0x00000000 (success/other) rsp=0xFFFFF8005DC75438 exitCount=950653
[iommuret] hit #1100: HalpIommuInitSystem returned EAX=0x00000000 (success/other) rsp=0xFFFFF8005DC75438 exitCount=950654
[iommuret] hit #1101: HalpIommuInitSystem returned EAX=0x00000000 (success/other) rsp=0xFFFFF8005DC75438 exitCount=950655
[iommuret] hit #1102: HalpIommuInitSystem returned EAX=0x00000000 (success/other) rsp=0xFFFFF8005DC75438 exitCount=950656
[iommuret] hit #1103: HalpIommuInitSystem returned EAX=0x00000000 (success/other) rsp=0xFFFFF8005DC75438 exitCount=950657
[iommuret] hit #1104: HalpIommuInitSystem returned EAX=0x00000000 (success/other) rsp=0xFFFFF8005DC75438 exitCount=950658
[iommuret] hit #1105: HalpIommuInitSystem returned EAX=0x00000000 (success/other) rsp=0xFFFFF8005DC75438 exitCount=950659
[iommuret] hit #1106: HalpIommuInitSystem returned EAX=0x00000000 (success/other) rsp=0xFFFFF8005DC75438 exitCount=950660
[iommuret] hit #1107: HalpIommuInitSystem returned EAX=0x00000000 (success/other) rsp=0xFFFFF8005DC75438 exitCount=950661
[iommuret] hit #1108: HalpIommuInitSystem returned EAX=0x00000000 (success/other) rsp=0xFFFFF8005DC75438 exitCount=950662
[iommuret] hit #1109: HalpIommuInitSystem returned EAX=0x00000000 (success/other) rsp=0xFFFFF8005DC75438 exitCount=950663
[iommuret] hit #1110: HalpIommuInitSystem returned EAX=0x00000000 (success/other) rsp=0xFFFFF8005DC75438 exitCount=950664
[iommuret] hit #1111: HalpIommuInitSystem returned EAX=0x00000000 (success/other) rsp=0xFFFFF8005DC75438 exitCount=950665
[iommuret] hit #1112: HalpIommuInitSystem returned EAX=0x00000000 (success/other) rsp=0xFFFFF8005DC75438 exitCount=950666
[iommuret] hit #1113: HalpIommuInitSystem returned EAX=0x00000000 (success/other) rsp=0xFFFFF8005DC75438 exitCount=950667
[iommuret] hit #1114: HalpIommuInitSystem returned EAX=0x00000000 (success/other) rsp=0xFFFFF8005DC75438 exitCount=950668
[iommuret] hit #1115: HalpIommuInitSystem returned EAX=0x00000000 (success/other) rsp=0xFFFFF8005DC75438 exitCount=950669
[iommuret] hit #1116: HalpIommuInitSystem returned EAX=0x00000000 (success/other) rsp=0xFFFFF8005DC75438 exitCount=950670
[iommuret] hit #1117: HalpIommuInitSystem returned EAX=0x00000000 (success/other) rsp=0xFFFFF8005DC75438 exitCount=950671
[iommuret] hit #1118: HalpIommuInitSystem returned EAX=0x00000000 (success/other) rsp=0xFFFFF8005DC75438 exitCount=950672
[iommuret] hit #1119: HalpIommuInitSystem returned EAX=0x00000000 (success/other) rsp=0xFFFFF8005DC75438 exitCount=950673
[iommuret] hit #1120: HalpIommuInitSystem returned EAX=0x00000000 (success/other) rsp=0xFFFFF8005DC75438 exitCount=950674
[iommuret] hit #1121: HalpIommuInitSystem returned EAX=0x00000000 (success/other) rsp=0xFFFFF8005DC75438 exitCount=950675
[iommuret] hit #1122: HalpIommuInitSystem returned EAX=0x00000000 (success/other) rsp=0xFFFFF8005DC75438 exitCount=950676
[iommuret] hit #1123: HalpIommuInitSystem returned EAX=0x00000000 (success/other) rsp=0xFFFFF8005DC75438 exitCount=950677
[iommuret] hit #1124: HalpIommuInitSystem returned EAX=0x00000000 (success/other) rsp=0xFFFFF8005DC75438 exitCount=950678
[iommuret] hit #1125: HalpIommuInitSystem returned EAX=0x00000000 (success/other) rsp=0xFFFFF8005DC75438 exitCount=950679
[iommuret] hit #1126: HalpIommuInitSystem returned EAX=0x00000000 (success/other) rsp=0xFFFFF8005DC75438 exitCount=950680
[iommuret] hit #1127: HalpIommuInitSystem returned EAX=0x00000000 (success/other) rsp=0xFFFFF8005DC75438 exitCount=950681
[iommuret] hit #1128: HalpIommuInitSystem returned EAX=0x00000000 (success/other) rsp=0xFFFFF8005DC75438 exitCount=950682
[iommuret] hit #1129: HalpIommuInitSystem returned EAX=0x00000000 (success/other) rsp=0xFFFFF8005DC75438 exitCount=950683
[iommuret] hit #1130: HalpIommuInitSystem returned EAX=0x00000000 (success/other) rsp=0xFFFFF8005DC75438 exitCount=950684
[iommuret] hit #1131: HalpIommuInitSystem returned EAX=0x00000000 (success/other) rsp=0xFFFFF8005DC75438 exitCount=950685
[iommuret] hit #1132: HalpIommuInitSystem returned EAX=0x00000000 (success/other) rsp=0xFFFFF8005DC75438 exitCount=950686
[iommuret] hit #1133: HalpIommuInitSystem returned EAX=0x00000000 (success/other) rsp=0xFFFFF8005DC75438 exitCount=950687
[iommuret] hit #1134: HalpIommuInitSystem returned EAX=0x00000000 (success/other) rsp=0xFFFFF8005DC75438 exitCount=950688
[iommuret] hit #1135: HalpIommuInitSystem returned EAX=0x00000000 (success/other) rsp=0xFFFFF8005DC75438 exitCount=950689
[iommuret] hit #1136: HalpIommuInitSystem returned EAX=0x00000000 (success/other) rsp=0xFFFFF8005DC75438 exitCount=950690
[iommuret] hit #1137: HalpIommuInitSystem returned EAX=0x00000000 (success/other) rsp=0xFFFFF8005DC75438 exitCount=950691
[iommuret] hit #1138: HalpIommuInitSystem returned EAX=0x00000000 (success/other) rsp=0xFFFFF8005DC75438 exitCount=950692
[iommuret] hit #1139: HalpIommuInitSystem returned EAX=0x00000000 (success/other) rsp=0xFFFFF8005DC75438 exitCount=950693
[iommuret] hit #1140: HalpIommuInitSystem returned EAX=0x00000000 (success/other) rsp=0xFFFFF8005DC75438 exitCount=950694
[iommuret] hit #1141: HalpIommuInitSystem returned EAX=0x00000000 (success/other) rsp=0xFFFFF8005DC75438 exitCount=950695
[iommuret] hit #1142: HalpIommuInitSystem returned EAX=0x00000000 (success/other) rsp=0xFFFFF8005DC75438 exitCount=950696
[iommuret] hit #1143: HalpIommuInitSystem returned EAX=0x00000000 (success/other) rsp=0xFFFFF8005DC75438 exitCount=950697
[iommuret] hit #1144: HalpIommuInitSystem returned EAX=0x00000000 (success/other) rsp=0xFFFFF8005DC75438 exitCount=950698
[iommuret] hit #1145: HalpIommuInitSystem returned EAX=0x00000000 (success/other) rsp=0xFFFFF8005DC75438 exitCount=950699
[iommuret] hit #1146: HalpIommuInitSystem returned EAX=0x00000000 (success/other) rsp=0xFFFFF8005DC75438 exitCount=950700
[iommuret] hit #1147: HalpIommuInitSystem returned EAX=0x00000000 (success/other) rsp=0xFFFFF8005DC75438 exitCount=950701
[iommuret] hit #1148: HalpIommuInitSystem returned EAX=0x00000000 (success/other) rsp=0xFFFFF8005DC75438 exitCount=950702
[iommuret] hit #1149: HalpIommuInitSystem returned EAX=0x00000000 (success/other) rsp=0xFFFFF8005DC75438 exitCount=950703
[iommuret] hit #1150: HalpIommuInitSystem returned EAX=0x00000000 (success/other) rsp=0xFFFFF8005DC75438 exitCount=950704
[iommuret] hit #1151: HalpIommuInitSystem returned EAX=0x00000000 (success/other) rsp=0xFFFFF8005DC75438 exitCount=950705
[iommuret] hit #1152: HalpIommuInitSystem returned EAX=0x00000000 (success/other) rsp=0xFFFFF8005DC75438 exitCount=950706
[iommuret] hit #1153: HalpIommuInitSystem returned EAX=0x00000000 (success/other) rsp=0xFFFFF8005DC75438 exitCount=950707
[iommuret] hit #1154: HalpIommuInitSystem returned EAX=0x00000000 (success/other) rsp=0xFFFFF8005DC75438 exitCount=950708
[iommuret] hit #1155: HalpIommuInitSystem returned EAX=0x00000000 (success/other) rsp=0xFFFFF8005DC75438 exitCount=950709
[iommuret] hit #1156: HalpIommuInitSystem returned EAX=0x00000000 (success/other) rsp=0xFFFFF8005DC75438 exitCount=950710
[iommuret] hit #1157: HalpIommuInitSystem returned EAX=0x00000000 (success/other) rsp=0xFFFFF8005DC75438 exitCount=950711
[iommuret] hit #1158: HalpIommuInitSystem returned EAX=0x00000000 (success/other) rsp=0xFFFFF8005DC75438 exitCount=950712
[iommuret] hit #1159: HalpIommuInitSystem returned EAX=0x00000000 (success/other) rsp=0xFFFFF8005DC75438 exitCount=950713
[iommuret] hit #1160: HalpIommuInitSystem returned EAX=0x00000000 (success/other) rsp=0xFFFFF8005DC75438 exitCount=950714
[iommuret] hit #1161: HalpIommuInitSystem returned EAX=0x00000000 (success/other) rsp=0xFFFFF8005DC75438 exitCount=950715
[iommuret] hit #1162: HalpIommuInitSystem returned EAX=0x00000000 (success/other) rsp=0xFFFFF8005DC75438 exitCount=950716
[iommuret] hit #1163: HalpIommuInitSystem returned EAX=0x00000000 (success/other) rsp=0xFFFFF8005DC75438 exitCount=950717
[iommuret] hit #1164: HalpIommuInitSystem returned EAX=0x00000000 (success/other) rsp=0xFFFFF8005DC75438 exitCount=950718
[iommuret] hit #1165: HalpIommuInitSystem returned EAX=0x00000000 (success/other) rsp=0xFFFFF8005DC75438 exitCount=950719
[iommuret] hit #1166: HalpIommuInitSystem returned EAX=0x00000000 (success/other) rsp=0xFFFFF8005DC75438 exitCount=950720
[iommuret] hit #1167: HalpIommuInitSystem returned EAX=0x00000000 (success/other) rsp=0xFFFFF8005DC75438 exitCount=950721
[iommuret] hit #1168: HalpIommuInitSystem returned EAX=0x00000000 (success/other) rsp=0xFFFFF8005DC75438 exitCount=950722
[iommuret] hit #1169: HalpIommuInitSystem returned EAX=0x00000000 (success/other) rsp=0xFFFFF8005DC75438 exitCount=950723
[iommuret] hit #1170: HalpIommuInitSystem returned EAX=0x00000000 (success/other) rsp=0xFFFFF8005DC75438 exitCount=950724
[iommuret] hit #1171: HalpIommuInitSystem returned EAX=0x00000000 (success/other) rsp=0xFFFFF8005DC75438 exitCount=950725
[iommuret] hit #1172: HalpIommuInitSystem returned EAX=0x00000000 (success/other) rsp=0xFFFFF8005DC75438 exitCount=950726
[iommuret] hit #1173: HalpIommuInitSystem returned EAX=0x00000000 (success/other) rsp=0xFFFFF8005DC75438 exitCount=950727
[iommuret] hit #1174: HalpIommuInitSystem returned EAX=0x00000000 (success/other) rsp=0xFFFFF8005DC75438 exitCount=950728
[iommuret] hit #1175: HalpIommuInitSystem returned EAX=0x00000000 (success/other) rsp=0xFFFFF8005DC75438 exitCount=950729
[iommuret] hit #1176: HalpIommuInitSystem returned EAX=0x00000000 (success/other) rsp=0xFFFFF8005DC75438 exitCount=950730
[iommuret] hit #1177: HalpIommuInitSystem returned EAX=0x00000000 (success/other) rsp=0xFFFFF8005DC75438 exitCount=950731
[iommuret] hit #1178: HalpIommuInitSystem returned EAX=0x00000000 (success/other) rsp=0xFFFFF8005DC75438 exitCount=950732
[iommuret] hit #1179: HalpIommuInitSystem returned EAX=0x00000000 (success/other) rsp=0xFFFFF8005DC75438 exitCount=950733
[iommuret] hit #1180: HalpIommuInitSystem returned EAX=0x00000000 (success/other) rsp=0xFFFFF8005DC75438 exitCount=950734
[iommuret] hit #1181: HalpIommuInitSystem returned EAX=0x00000000 (success/other) rsp=0xFFFFF8005DC75438 exitCount=950735
[iommuret] hit #1182: HalpIommuInitSystem returned EAX=0x00000000 (success/other) rsp=0xFFFFF8005DC75438 exitCount=950736
[iommuret] hit #1183: HalpIommuInitSystem returned EAX=0x00000000 (success/other) rsp=0xFFFFF8005DC75438 exitCount=950737
[iommuret] hit #1184: HalpIommuInitSystem returned EAX=0x00000000 (success/other) rsp=0xFFFFF8005DC75438 exitCount=950738
[iommuret] hit #1185: HalpIommuInitSystem returned EAX=0x00000000 (success/other) rsp=0xFFFFF8005DC75438 exitCount=950739
[iommuret] hit #1186: HalpIommuInitSystem returned EAX=0x00000000 (success/other) rsp=0xFFFFF8005DC75438 exitCount=950740
[iommuret] hit #1187: HalpIommuInitSystem returned EAX=0x00000000 (success/other) rsp=0xFFFFF8005DC75438 exitCount=950741
[iommuret] hit #1188: HalpIommuInitSystem returned EAX=0x00000000 (success/other) rsp=0xFFFFF8005DC75438 exitCount=950742
[iommuret] hit #1189: HalpIommuInitSystem returned EAX=0x00000000 (success/other) rsp=0xFFFFF8005DC75438 exitCount=950743
[iommuret] hit #1190: HalpIommuInitSystem returned EAX=0x00000000 (success/other) rsp=0xFFFFF8005DC75438 exitCount=950744
[iommuret] hit #1191: HalpIommuInitSystem returned EAX=0x00000000 (success/other) rsp=0xFFFFF8005DC75438 exitCount=950745
[iommuret] hit #1192: HalpIommuInitSystem returned EAX=0x00000000 (success/other) rsp=0xFFFFF8005DC75438 exitCount=950746
[iommuret] hit #1193: HalpIommuInitSystem returned EAX=0x00000000 (success/other) rsp=0xFFFFF8005DC75438 exitCount=950747
[iommuret] hit #1194: HalpIommuInitSystem returned EAX=0x00000000 (success/other) rsp=0xFFFFF8005DC75438 exitCount=950748
[iommuret] hit #1195: HalpIommuInitSystem returned EAX=0x00000000 (success/other) rsp=0xFFFFF8005DC75438 exitCount=950749
[iommuret] hit #1196: HalpIommuInitSystem returned EAX=0x00000000 (success/other) rsp=0xFFFFF8005DC75438 exitCount=950750
[iommuret] hit #1197: HalpIommuInitSystem returned EAX=0x00000000 (success/other) rsp=0xFFFFF8005DC75438 exitCount=950751
[iommuret] hit #1198: HalpIommuInitSystem returned EAX=0x00000000 (success/other) rsp=0xFFFFF8005DC75438 exitCount=950752
[iommuret] hit #1199: HalpIommuInitSystem returned EAX=0x00000000 (success/other) rsp=0xFFFFF8005DC75438 exitCount=950753
[iommuret] hit #1200: HalpIommuInitSystem returned EAX=0x00000000 (success/other) rsp=0xFFFFF8005DC75438 exitCount=950754
[iommuret] hit #1201: HalpIommuInitSystem returned EAX=0x00000000 (success/other) rsp=0xFFFFF8005DC75438 exitCount=950755
[iommuret] hit #1202: HalpIommuInitSystem returned EAX=0x00000000 (success/other) rsp=0xFFFFF8005DC75438 exitCount=950756
[iommuret] hit #1203: HalpIommuInitSystem returned EAX=0x00000000 (success/other) rsp=0xFFFFF8005DC75438 exitCount=950757
[iommuret] hit #1204: HalpIommuInitSystem returned EAX=0x00000000 (success/other) rsp=0xFFFFF8005DC75438 exitCount=950758
[iommuret] hit #1205: HalpIommuInitSystem returned EAX=0x00000000 (success/other) rsp=0xFFFFF8005DC75438 exitCount=950759
[iommuret] hit #1206: HalpIommuInitSystem returned EAX=0x00000000 (success/other) rsp=0xFFFFF8005DC75438 exitCount=950760
[iommuret] hit #1207: HalpIommuInitSystem returned EAX=0x00000000 (success/other) rsp=0xFFFFF8005DC75438 exitCount=950761
[iommuret] hit #1208: HalpIommuInitSystem returned EAX=0x00000000 (success/other) rsp=0xFFFFF8005DC75438 exitCount=950762
[iommuret] hit #1209: HalpIommuInitSystem returned EAX=0x00000000 (success/other) rsp=0xFFFFF8005DC75438 exitCount=950763
[iommuret] hit #1210: HalpIommuInitSystem returned EAX=0x00000000 (success/other) rsp=0xFFFFF8005DC75438 exitCount=950764
[iommuret] hit #1211: HalpIommuInitSystem returned EAX=0x00000000 (success/other) rsp=0xFFFFF8005DC75438 exitCount=950765
[iommuret] hit #1212: HalpIommuInitSystem returned EAX=0x00000000 (success/other) rsp=0xFFFFF8005DC75438 exitCount=950766
[iommuret] hit #1213: HalpIommuInitSystem returned EAX=0x00000000 (success/other) rsp=0xFFFFF8005DC75438 exitCount=950767
[iommuret] hit #1214: HalpIommuInitSystem returned EAX=0x00000000 (success/other) rsp=0xFFFFF8005DC75438 exitCount=950768
[iommuret] hit #1215: HalpIommuInitSystem returned EAX=0x00000000 (success/other) rsp=0xFFFFF8005DC75438 exitCount=950769
[iommuret] hit #1216: HalpIommuInitSystem returned EAX=0x00000000 (success/other) rsp=0xFFFFF8005DC75438 exitCount=950770
[iommuret] hit #1217: HalpIommuInitSystem returned EAX=0x00000000 (success/other) rsp=0xFFFFF8005DC75438 exitCount=950771
[iommuret] hit #1218: HalpIommuInitSystem returned EAX=0x00000000 (success/other) rsp=0xFFFFF8005DC75438 exitCount=950772
[iommuret] hit #1219: HalpIommuInitSystem returned EAX=0x00000000 (success/other) rsp=0xFFFFF8005DC75438 exitCount=950773
[iommuret] hit #1220: HalpIommuInitSystem returned EAX=0x00000000 (success/other) rsp=0xFFFFF8005DC75438 exitCount=950774
[iommuret] hit #1221: HalpIommuInitSystem returned EAX=0x00000000 (success/other) rsp=0xFFFFF8005DC75438 exitCount=950775
[iommuret] hit #1222: HalpIommuInitSystem returned EAX=0x00000000 (success/other) rsp=0xFFFFF8005DC75438 exitCount=950776
[iommuret] hit #1223: HalpIommuInitSystem returned EAX=0x00000000 (success/other) rsp=0xFFFFF8005DC75438 exitCount=950777
[iommuret] hit #1224: HalpIommuInitSystem returned EAX=0x00000000 (success/other) rsp=0xFFFFF8005DC75438 exitCount=950778
[iommuret] hit #1225: HalpIommuInitSystem returned EAX=0x00000000 (success/other) rsp=0xFFFFF8005DC75438 exitCount=950779
[iommuret] hit #1226: HalpIommuInitSystem returned EAX=0x00000000 (success/other) rsp=0xFFFFF8005DC75438 exitCount=950780
[iommuret] hit #1227: HalpIommuInitSystem returned EAX=0x00000000 (success/other) rsp=0xFFFFF8005DC75438 exitCount=950781
[iommuret] hit #1228: HalpIommuInitSystem returned EAX=0x00000000 (success/other) rsp=0xFFFFF8005DC75438 exitCount=950782
[iommuret] hit #1229: HalpIommuInitSystem returned EAX=0x00000000 (success/other) rsp=0xFFFFF8005DC75438 exitCount=950783
[iommuret] hit #1230: HalpIommuInitSystem returned EAX=0x00000000 (success/other) rsp=0xFFFFF8005DC75438 exitCount=950784
[iommuret] hit #1231: HalpIommuInitSystem returned EAX=0x00000000 (success/other) rsp=0xFFFFF8005DC75438 exitCount=950785
[iommuret] hit #1232: HalpIommuInitSystem returned EAX=0x00000000 (success/other) rsp=0xFFFFF8005DC75438 exitCount=950786
[iommuret] hit #1233: HalpIommuInitSystem returned EAX=0x00000000 (success/other) rsp=0xFFFFF8005DC75438 exitCount=950787
[iommuret] hit #1234: HalpIommuInitSystem returned EAX=0x00000000 (success/other) rsp=0xFFFFF8005DC75438 exitCount=950788
[iommuret] hit #1235: HalpIommuInitSystem returned EAX=0x00000000 (success/other) rsp=0xFFFFF8005DC75438 exitCount=950789
[iommuret] hit #1236: HalpIommuInitSystem returned EAX=0x00000000 (success/other) rsp=0xFFFFF8005DC75438 exitCount=950790
[iommuret] hit #1237: HalpIommuInitSystem returned EAX=0x00000000 (success/other) rsp=0xFFFFF8005DC75438 exitCount=950791
[iommuret] hit #1238: HalpIommuInitSystem returned EAX=0x00000000 (success/other) rsp=0xFFFFF8005DC75438 exitCount=950792
[iommuret] hit #1239: HalpIommuInitSystem returned EAX=0x00000000 (success/other) rsp=0xFFFFF8005DC75438 exitCount=950793
[iommuret] hit #1240: HalpIommuInitSystem returned EAX=0x00000000 (success/other) rsp=0xFFFFF8005DC75438 exitCount=950794
[iommuret] hit #1241: HalpIommuInitSystem returned EAX=0x00000000 (success/other) rsp=0xFFFFF8005DC75438 exitCount=950795
[iommuret] hit #1242: HalpIommuInitSystem returned EAX=0x00000000 (success/other) rsp=0xFFFFF8005DC75438 exitCount=950796
[iommuret] hit #1243: HalpIommuInitSystem returned EAX=0x00000000 (success/other) rsp=0xFFFFF8005DC75438 exitCount=950797
[iommuret] hit #1244: HalpIommuInitSystem returned EAX=0x00000000 (success/other) rsp=0xFFFFF8005DC75438 exitCount=950798
[iommuret] hit #1245: HalpIommuInitSystem returned EAX=0x00000000 (success/other) rsp=0xFFFFF8005DC75438 exitCount=950799
[iommuret] hit #1246: HalpIommuInitSystem returned EAX=0x00000000 (success/other) rsp=0xFFFFF8005DC75438 exitCount=950800
[iommuret] hit #1247: HalpIommuInitSystem returned EAX=0x00000000 (success/other) rsp=0xFFFFF8005DC75438 exitCount=950801
[iommuret] hit #1248: HalpIommuInitSystem returned EAX=0x00000000 (success/other) rsp=0xFFFFF8005DC75438 exitCount=950802
[iommuret] hit #1249: HalpIommuInitSystem returned EAX=0x00000000 (success/other) rsp=0xFFFFF8005DC75438 exitCount=950803
[iommuret] hit #1250: HalpIommuInitSystem returned EAX=0x00000000 (success/other) rsp=0xFFFFF8005DC75438 exitCount=950804
[iommuret] hit #1251: HalpIommuInitSystem returned EAX=0x00000000 (success/other) rsp=0xFFFFF8005DC75438 exitCount=950805
[iommuret] hit #1252: HalpIommuInitSystem returned EAX=0x00000000 (success/other) rsp=0xFFFFF8005DC75438 exitCount=950806
[iommuret] hit #1253: HalpIommuInitSystem returned EAX=0x00000000 (success/other) rsp=0xFFFFF8005DC75438 exitCount=950807
[iommuret] hit #1254: HalpIommuInitSystem returned EAX=0x00000000 (success/other) rsp=0xFFFFF8005DC75438 exitCount=950808
[iommuret] hit #1255: HalpIommuInitSystem returned EAX=0x00000000 (success/other) rsp=0xFFFFF8005DC75438 exitCount=950809
[iommuret] hit #1256: HalpIommuInitSystem returned EAX=0x00000000 (success/other) rsp=0xFFFFF8005DC75438 exitCount=950810
[iommuret] hit #1257: HalpIommuInitSystem returned EAX=0x00000000 (success/other) rsp=0xFFFFF8005DC75438 exitCount=950811
[iommuret] hit #1258: HalpIommuInitSystem returned EAX=0x00000000 (success/other) rsp=0xFFFFF8005DC75438 exitCount=950812
[iommuret] hit #1259: HalpIommuInitSystem returned EAX=0x00000000 (success/other) rsp=0xFFFFF8005DC75438 exitCount=950813
[iommuret] hit #1260: HalpIommuInitSystem returned EAX=0x00000000 (success/other) rsp=0xFFFFF8005DC75438 exitCount=950814
[iommuret] hit #1261: HalpIommuInitSystem returned EAX=0x00000000 (success/other) rsp=0xFFFFF8005DC75438 exitCount=950815
[iommuret] hit #1262: HalpIommuInitSystem returned EAX=0x00000000 (success/other) rsp=0xFFFFF8005DC75438 exitCount=950816
[iommuret] hit #1263: HalpIommuInitSystem returned EAX=0x00000000 (success/other) rsp=0xFFFFF8005DC75438 exitCount=950817
[iommuret] hit #1264: HalpIommuInitSystem returned EAX=0x00000000 (success/other) rsp=0xFFFFF8005DC75438 exitCount=950818
[iommuret] hit #1265: HalpIommuInitSystem returned EAX=0x00000000 (success/other) rsp=0xFFFFF8005DC75438 exitCount=950819
[iommuret] hit #1266: HalpIommuInitSystem returned EAX=0x00000000 (success/other) rsp=0xFFFFF8005DC75438 exitCount=950820
[iommuret] hit #1267: HalpIommuInitSystem returned EAX=0x00000000 (success/other) rsp=0xFFFFF8005DC75438 exitCount=950821
[iommuret] hit #1268: HalpIommuInitSystem returned EAX=0x00000000 (success/other) rsp=0xFFFFF8005DC75438 exitCount=950822
[iommuret] hit #1269: HalpIommuInitSystem returned EAX=0x00000000 (success/other) rsp=0xFFFFF8005DC75438 exitCount=950823
[iommuret] hit #1270: HalpIommuInitSystem returned EAX=0x00000000 (success/other) rsp=0xFFFFF8005DC75438 exitCount=950824
[iommuret] hit #1271: HalpIommuInitSystem returned EAX=0x00000000 (success/other) rsp=0xFFFFF8005DC75438 exitCount=950825
[iommuret] hit #1272: HalpIommuInitSystem returned EAX=0x00000000 (success/other) rsp=0xFFFFF8005DC75438 exitCount=950826
[iommuret] hit #1273: HalpIommuInitSystem returned EAX=0x00000000 (success/other) rsp=0xFFFFF8005DC75438 exitCount=950827
[iommuret] hit #1274: HalpIommuInitSystem returned EAX=0x00000000 (success/other) rsp=0xFFFFF8005DC75438 exitCount=950828
[iommuret] hit #1275: HalpIommuInitSystem returned EAX=0x00000000 (success/other) rsp=0xFFFFF8005DC75438 exitCount=950829
[iommuret] hit #1276: HalpIommuInitSystem returned EAX=0x00000000 (success/other) rsp=0xFFFFF8005DC75438 exitCount=950830
[iommuret] hit #1277: HalpIommuInitSystem returned EAX=0x00000000 (success/other) rsp=0xFFFFF8005DC75438 exitCount=950831
[iommuret] hit #1278: HalpIommuInitSystem returned EAX=0x00000000 (success/other) rsp=0xFFFFF8005DC75438 exitCount=950832
[iommuret] hit #1279: HalpIommuInitSystem returned EAX=0x00000000 (success/other) rsp=0xFFFFF8005DC75438 exitCount=950833
[iommuret] hit #1280: HalpIommuInitSystem returned EAX=0x00000000 (success/other) rsp=0xFFFFF8005DC75438 exitCount=950834
[iommuret] hit #1281: HalpIommuInitSystem returned EAX=0x00000000 (success/other) rsp=0xFFFFF8005DC75438 exitCount=950835
[iommuret] hit #1282: HalpIommuInitSystem returned EAX=0x00000000 (success/other) rsp=0xFFFFF8005DC75438 exitCount=950836
[iommuret] hit #1283: HalpIommuInitSystem returned EAX=0x00000000 (success/other) rsp=0xFFFFF8005DC75438 exitCount=950837
[iommuret] hit #1284: HalpIommuInitSystem returned EAX=0x00000000 (success/other) rsp=0xFFFFF8005DC75438 exitCount=950838
[iommuret] hit #1285: HalpIommuInitSystem returned EAX=0x00000000 (success/other) rsp=0xFFFFF8005DC75438 exitCount=950839
[iommuret] hit #1286: HalpIommuInitSystem returned EAX=0x00000000 (success/other) rsp=0xFFFFF8005DC75438 exitCount=950840
[iommuret] hit #1287: HalpIommuInitSystem returned EAX=0x00000000 (success/other) rsp=0xFFFFF8005DC75438 exitCount=950841
[iommuret] hit #1288: HalpIommuInitSystem returned EAX=0x00000000 (success/other) rsp=0xFFFFF8005DC75438 exitCount=950842
[iommuret] hit #1289: HalpIommuInitSystem returned EAX=0x00000000 (success/other) rsp=0xFFFFF8005DC75438 exitCount=950843
[iommuret] hit #1290: HalpIommuInitSystem returned EAX=0x00000000 (success/other) rsp=0xFFFFF8005DC75438 exitCount=950844
[iommuret] hit #1291: HalpIommuInitSystem returned EAX=0x00000000 (success/other) rsp=0xFFFFF8005DC75438 exitCount=950845
[iommuret] hit #1292: HalpIommuInitSystem returned EAX=0x00000000 (success/other) rsp=0xFFFFF8005DC75438 exitCount=950846
[iommuret] hit #1293: HalpIommuInitSystem returned EAX=0x00000000 (success/other) rsp=0xFFFFF8005DC75438 exitCount=950847
[iommuret] hit #1294: HalpIommuInitSystem returned EAX=0x00000000 (success/other) rsp=0xFFFFF8005DC75438 exitCount=950848
[iommuret] hit #1295: HalpIommuInitSystem returned EAX=0x00000000 (success/other) rsp=0xFFFFF8005DC75438 exitCount=950849
[iommuret] hit #1296: HalpIommuInitSystem returned EAX=0x00000000 (success/other) rsp=0xFFFFF8005DC75438 exitCount=950850
[iommuret] hit #1297: HalpIommuInitSystem returned EAX=0x00000000 (success/other) rsp=0xFFFFF8005DC75438 exitCount=950851
[iommuret] hit #1298: HalpIommuInitSystem returned EAX=0x00000000 (success/other) rsp=0xFFFFF8005DC75438 exitCount=950852
[iommuret] hit #1299: HalpIommuInitSystem returned EAX=0x00000000 (success/other) rsp=0xFFFFF8005DC75438 exitCount=950853
[iommuret] hit #1300: HalpIommuInitSystem returned EAX=0x00000000 (success/other) rsp=0xFFFFF8005DC75438 exitCount=950854
[iommuret] hit #1301: HalpIommuInitSystem returned EAX=0x00000000 (success/other) rsp=0xFFFFF8005DC75438 exitCount=950855
[iommuret] hit #1302: HalpIommuInitSystem returned EAX=0x00000000 (success/other) rsp=0xFFFFF8005DC75438 exitCount=950856
[iommuret] hit #1303: HalpIommuInitSystem returned EAX=0x00000000 (success/other) rsp=0xFFFFF8005DC75438 exitCount=950857
[iommuret] hit #1304: HalpIommuInitSystem returned EAX=0x00000000 (success/other) rsp=0xFFFFF8005DC75438 exitCount=950858
[iommuret] hit #1305: HalpIommuInitSystem returned EAX=0x00000000 (success/other) rsp=0xFFFFF8005DC75438 exitCount=950859
[iommuret] hit #1306: HalpIommuInitSystem returned EAX=0x00000000 (success/other) rsp=0xFFFFF8005DC75438 exitCount=950860
[iommuret] hit #1307: HalpIommuInitSystem returned EAX=0x00000000 (success/other) rsp=0xFFFFF8005DC75438 exitCount=950861
[iommuret] hit #1308: HalpIommuInitSystem returned EAX=0x00000000 (success/other) rsp=0xFFFFF8005DC75438 exitCount=950862
[iommuret] hit #1309: HalpIommuInitSystem returned EAX=0x00000000 (success/other) rsp=0xFFFFF8005DC75438 exitCount=950863
[iommuret] hit #1310: HalpIommuInitSystem returned EAX=0x00000000 (success/other) rsp=0xFFFFF8005DC75438 exitCount=950864
[iommuret] hit #1311: HalpIommuInitSystem returned EAX=0x00000000 (success/other) rsp=0xFFFFF8005DC75438 exitCount=950865
[iommuret] hit #1312: HalpIommuInitSystem returned EAX=0x00000000 (success/other) rsp=0xFFFFF8005DC75438 exitCount=950866
[iommuret] hit #1313: HalpIommuInitSystem returned EAX=0x00000000 (success/other) rsp=0xFFFFF8005DC75438 exitCount=950867
[iommuret] hit #1314: HalpIommuInitSystem returned EAX=0x00000000 (success/other) rsp=0xFFFFF8005DC75438 exitCount=950868
[iommuret] hit #1315: HalpIommuInitSystem returned EAX=0x00000000 (success/other) rsp=0xFFFFF8005DC75438 exitCount=950869
[iommuret] hit #1316: HalpIommuInitSystem returned EAX=0x00000000 (success/other) rsp=0xFFFFF8005DC75438 exitCount=950870
[iommuret] hit #1317: HalpIommuInitSystem returned EAX=0x00000000 (success/other) rsp=0xFFFFF8005DC75438 exitCount=950871
[iommuret] hit #1318: HalpIommuInitSystem returned EAX=0x00000000 (success/other) rsp=0xFFFFF8005DC75438 exitCount=950872
[iommuret] hit #1319: HalpIommuInitSystem returned EAX=0x00000000 (success/other) rsp=0xFFFFF8005DC75438 exitCount=950873
[iommuret] hit #1320: HalpIommuInitSystem returned EAX=0x00000000 (success/other) rsp=0xFFFFF8005DC75438 exitCount=950874
[iommuret] hit #1321: HalpIommuInitSystem returned EAX=0x00000000 (success/other) rsp=0xFFFFF8005DC75438 exitCount=950875
[iommuret] hit #1322: HalpIommuInitSystem returned EAX=0x00000000 (success/other) rsp=0xFFFFF8005DC75438 exitCount=950876
[iommuret] hit #1323: HalpIommuInitSystem returned EAX=0x00000000 (success/other) rsp=0xFFFFF8005DC75438 exitCount=950877
[iommuret] hit #1324: HalpIommuInitSystem returned EAX=0x00000000 (success/other) rsp=0xFFFFF8005DC75438 exitCount=950878
[iommuret] hit #1325: HalpIommuInitSystem returned EAX=0x00000000 (success/other) rsp=0xFFFFF8005DC75438 exitCount=950879
[iommuret] hit #1326: HalpIommuInitSystem returned EAX=0x00000000 (success/other) rsp=0xFFFFF8005DC75438 exitCount=950880
[iommuret] hit #1327: HalpIommuInitSystem returned EAX=0x00000000 (success/other) rsp=0xFFFFF8005DC75438 exitCount=950881
[iommuret] hit #1328: HalpIommuInitSystem returned EAX=0x00000000 (success/other) rsp=0xFFFFF8005DC75438 exitCount=950882
[iommuret] hit #1329: HalpIommuInitSystem returned EAX=0x00000000 (success/other) rsp=0xFFFFF8005DC75438 exitCount=950883
[iommuret] hit #1330: HalpIommuInitSystem returned EAX=0x00000000 (success/other) rsp=0xFFFFF8005DC75438 exitCount=950884
[iommuret] hit #1331: HalpIommuInitSystem returned EAX=0x00000000 (success/other) rsp=0xFFFFF8005DC75438 exitCount=950885
[iommuret] hit #1332: HalpIommuInitSystem returned EAX=0x00000000 (success/other) rsp=0xFFFFF8005DC75438 exitCount=950886
[iommuret] hit #1333: HalpIommuInitSystem returned EAX=0x00000000 (success/other) rsp=0xFFFFF8005DC75438 exitCount=950887
[iommuret] hit #1334: HalpIommuInitSystem returned EAX=0x00000000 (success/other) rsp=0xFFFFF8005DC75438 exitCount=950888
[iommuret] hit #1335: HalpIommuInitSystem returned EAX=0x00000000 (success/other) rsp=0xFFFFF8005DC75438 exitCount=950889
[iommuret] hit #1336: HalpIommuInitSystem returned EAX=0x00000000 (success/other) rsp=0xFFFFF8005DC75438 exitCount=950890
[iommuret] hit #1337: HalpIommuInitSystem returned EAX=0x00000000 (success/other) rsp=0xFFFFF8005DC75438 exitCount=950891
[iommuret] hit #1338: HalpIommuInitSystem returned EAX=0x00000000 (success/other) rsp=0xFFFFF8005DC75438 exitCount=950892
[iommuret] hit #1339: HalpIommuInitSystem returned EAX=0x00000000 (success/other) rsp=0xFFFFF8005DC75438 exitCount=950893
[iommuret] hit #1340: HalpIommuInitSystem returned EAX=0x00000000 (success/other) rsp=0xFFFFF8005DC75438 exitCount=950894
[iommuret] hit #1341: HalpIommuInitSystem returned EAX=0x00000000 (success/other) rsp=0xFFFFF8005DC75438 exitCount=950895
[iommuret] hit #1342: HalpIommuInitSystem returned EAX=0x00000000 (success/other) rsp=0xFFFFF8005DC75438 exitCount=950896
[iommuret] hit #1343: HalpIommuInitSystem returned EAX=0x00000000 (success/other) rsp=0xFFFFF8005DC75438 exitCount=950897
[iommuret] hit #1344: HalpIommuInitSystem returned EAX=0x00000000 (success/other) rsp=0xFFFFF8005DC75438 exitCount=950898
[iommuret] hit #1345: HalpIommuInitSystem returned EAX=0x00000000 (success/other) rsp=0xFFFFF8005DC75438 exitCount=950899
[iommuret] hit #1346: HalpIommuInitSystem returned EAX=0x00000000 (success/other) rsp=0xFFFFF8005DC75438 exitCount=950900
[iommuret] hit #1347: HalpIommuInitSystem returned EAX=0x00000000 (success/other) rsp=0xFFFFF8005DC75438 exitCount=950901
[iommuret] hit #1348: HalpIommuInitSystem returned EAX=0x00000000 (success/other) rsp=0xFFFFF8005DC75438 exitCount=950902
[iommuret] hit #1349: HalpIommuInitSystem returned EAX=0x00000000 (success/other) rsp=0xFFFFF8005DC75438 exitCount=950903
[iommuret] hit #1350: HalpIommuInitSystem returned EAX=0x00000000 (success/other) rsp=0xFFFFF8005DC75438 exitCount=950904
[iommuret] hit #1351: HalpIommuInitSystem returned EAX=0x00000000 (success/other) rsp=0xFFFFF8005DC75438 exitCount=950905
[iommuret] hit #1352: HalpIommuInitSystem returned EAX=0x00000000 (success/other) rsp=0xFFFFF8005DC75438 exitCount=950906
[iommuret] hit #1353: HalpIommuInitSystem returned EAX=0x00000000 (success/other) rsp=0xFFFFF8005DC75438 exitCount=950907
[iommuret] hit #1354: HalpIommuInitSystem returned EAX=0x00000000 (success/other) rsp=0xFFFFF8005DC75438 exitCount=950908
[iommuret] hit #1355: HalpIommuInitSystem returned EAX=0x00000000 (success/other) rsp=0xFFFFF8005DC75438 exitCount=950909
[iommuret] hit #1356: HalpIommuInitSystem returned EAX=0x00000000 (success/other) rsp=0xFFFFF8005DC75438 exitCount=950910
[iommuret] hit #1357: HalpIommuInitSystem returned EAX=0x00000000 (success/other) rsp=0xFFFFF8005DC75438 exitCount=950911
[iommuret] hit #1358: HalpIommuInitSystem returned EAX=0x00000000 (success/other) rsp=0xFFFFF8005DC75438 exitCount=950912
[iommuret] hit #1359: HalpIommuInitSystem returned EAX=0x00000000 (success/other) rsp=0xFFFFF8005DC75438 exitCount=950913
[iommuret] hit #1360: HalpIommuInitSystem returned EAX=0x00000000 (success/other) rsp=0xFFFFF8005DC75438 exitCount=950914
[iommuret] hit #1361: HalpIommuInitSystem returned EAX=0x00000000 (success/other) rsp=0xFFFFF8005DC75438 exitCount=950915
[iommuret] hit #1362: HalpIommuInitSystem returned EAX=0x00000000 (success/other) rsp=0xFFFFF8005DC75438 exitCount=950916
[iommuret] hit #1363: HalpIommuInitSystem returned EAX=0x00000000 (success/other) rsp=0xFFFFF8005DC75438 exitCount=950917
[iommuret] hit #1364: HalpIommuInitSystem returned EAX=0x00000000 (success/other) rsp=0xFFFFF8005DC75438 exitCount=950918
[iommuret] hit #1365: HalpIommuInitSystem returned EAX=0x00000000 (success/other) rsp=0xFFFFF8005DC75438 exitCount=950919
[iommuret] hit #1366: HalpIommuInitSystem returned EAX=0x00000000 (success/other) rsp=0xFFFFF8005DC75438 exitCount=950920
[iommuret] hit #1367: HalpIommuInitSystem returned EAX=0x00000000 (success/other) rsp=0xFFFFF8005DC75438 exitCount=950921
[iommuret] hit #1368: HalpIommuInitSystem returned EAX=0x00000000 (success/other) rsp=0xFFFFF8005DC75438 exitCount=950922
[iommuret] hit #1369: HalpIommuInitSystem returned EAX=0x00000000 (success/other) rsp=0xFFFFF8005DC75438 exitCount=950923
[iommuret] hit #1370: HalpIommuInitSystem returned EAX=0x00000000 (success/other) rsp=0xFFFFF8005DC75438 exitCount=950924
[iommuret] hit #1371: HalpIommuInitSystem returned EAX=0x00000000 (success/other) rsp=0xFFFFF8005DC75438 exitCount=950925
[iommuret] hit #1372: HalpIommuInitSystem returned EAX=0x00000000 (success/other) rsp=0xFFFFF8005DC75438 exitCount=950926
[iommuret] hit #1373: HalpIommuInitSystem returned EAX=0x00000000 (success/other) rsp=0xFFFFF8005DC75438 exitCount=950927
[iommuret] hit #1374: HalpIommuInitSystem returned EAX=0x00000000 (success/other) rsp=0xFFFFF8005DC75438 exitCount=950928
[iommuret] hit #1375: HalpIommuInitSystem returned EAX=0x00000000 (success/other) rsp=0xFFFFF8005DC75438 exitCount=950929
[iommuret] hit #1376: HalpIommuInitSystem returned EAX=0x00000000 (success/other) rsp=0xFFFFF8005DC75438 exitCount=950930
[iommuret] hit #1377: HalpIommuInitSystem returned EAX=0x00000000 (success/other) rsp=0xFFFFF8005DC75438 exitCount=950931
[iommuret] hit #1378: HalpIommuInitSystem returned EAX=0x00000000 (success/other) rsp=0xFFFFF8005DC75438 exitCount=950932
[iommuret] hit #1379: HalpIommuInitSystem returned EAX=0x00000000 (success/other) rsp=0xFFFFF8005DC75438 exitCount=950933
[iommuret] hit #1380: HalpIommuInitSystem returned EAX=0x00000000 (success/other) rsp=0xFFFFF8005DC75438 exitCount=950934
[iommuret] hit #1381: HalpIommuInitSystem returned EAX=0x00000000 (success/other) rsp=0xFFFFF8005DC75438 exitCount=950935
[iommuret] hit #1382: HalpIommuInitSystem returned EAX=0x00000000 (success/other) rsp=0xFFFFF8005DC75438 exitCount=950936
[iommuret] hit #1383: HalpIommuInitSystem returned EAX=0x00000000 (success/other) rsp=0xFFFFF8005DC75438 exitCount=950937
[iommuret] hit #1384: HalpIommuInitSystem returned EAX=0x00000000 (success/other) rsp=0xFFFFF8005DC75438 exitCount=950938
[iommuret] hit #1385: HalpIommuInitSystem returned EAX=0x00000000 (success/other) rsp=0xFFFFF8005DC75438 exitCount=950939
[iommuret] hit #1386: HalpIommuInitSystem returned EAX=0x00000000 (success/other) rsp=0xFFFFF8005DC75438 exitCount=950940
[iommuret] hit #1387: HalpIommuInitSystem returned EAX=0x00000000 (success/other) rsp=0xFFFFF8005DC75438 exitCount=950941
[iommuret] hit #1388: HalpIommuInitSystem returned EAX=0x00000000 (success/other) rsp=0xFFFFF8005DC75438 exitCount=950942
[iommuret] hit #1389: HalpIommuInitSystem returned EAX=0x00000000 (success/other) rsp=0xFFFFF8005DC75438 exitCount=950943
[iommuret] hit #1390: HalpIommuInitSystem returned EAX=0x00000000 (success/other) rsp=0xFFFFF8005DC75438 exitCount=950944
[iommuret] hit #1391: HalpIommuInitSystem returned EAX=0x00000000 (success/other) rsp=0xFFFFF8005DC75438 exitCount=950945
[iommuret] hit #1392: HalpIommuInitSystem returned EAX=0x00000000 (success/other) rsp=0xFFFFF8005DC75438 exitCount=950946
[iommuret] hit #1393: HalpIommuInitSystem returned EAX=0x00000000 (success/other) rsp=0xFFFFF8005DC75438 exitCount=950947
[iommuret] hit #1394: HalpIommuInitSystem returned EAX=0x00000000 (success/other) rsp=0xFFFFF8005DC75438 exitCount=950948
[iommuret] hit #1395: HalpIommuInitSystem returned EAX=0x00000000 (success/other) rsp=0xFFFFF8005DC75438 exitCount=950949
[iommuret] hit #1396: HalpIommuInitSystem returned EAX=0x00000000 (success/other) rsp=0xFFFFF8005DC75438 exitCount=950950
[iommuret] hit #1397: HalpIommuInitSystem returned EAX=0x00000000 (success/other) rsp=0xFFFFF8005DC75438 exitCount=950951
[iommuret] hit #1398: HalpIommuInitSystem returned EAX=0x00000000 (success/other) rsp=0xFFFFF8005DC75438 exitCount=950952
[iommuret] hit #1399: HalpIommuInitSystem returned EAX=0x00000000 (success/other) rsp=0xFFFFF8005DC75438 exitCount=950953
[iommuret] hit #1400: HalpIommuInitSystem returned EAX=0x00000000 (success/other) rsp=0xFFFFF8005DC75438 exitCount=950954
[iommuret] hit #1401: HalpIommuInitSystem returned EAX=0x00000000 (success/other) rsp=0xFFFFF8005DC75438 exitCount=950955
[iommuret] hit #1402: HalpIommuInitSystem returned EAX=0x00000000 (success/other) rsp=0xFFFFF8005DC75438 exitCount=950956
[iommuret] hit #1403: HalpIommuInitSystem returned EAX=0x00000000 (success/other) rsp=0xFFFFF8005DC75438 exitCount=950957
[iommuret] hit #1404: HalpIommuInitSystem returned EAX=0x00000000 (success/other) rsp=0xFFFFF8005DC75438 exitCount=950958
[iommuret] hit #1405: HalpIommuInitSystem returned EAX=0x00000000 (success/other) rsp=0xFFFFF8005DC75438 exitCount=950959
[iommuret] hit #1406: HalpIommuInitSystem returned EAX=0x00000000 (success/other) rsp=0xFFFFF8005DC75438 exitCount=950960
[iommuret] hit #1407: HalpIommuInitSystem returned EAX=0x00000000 (success/other) rsp=0xFFFFF8005DC75438 exitCount=950961
[iommuret] hit #1408: HalpIommuInitSystem returned EAX=0x00000000 (success/other) rsp=0xFFFFF8005DC75438 exitCount=950962
[iommuret] hit #1409: HalpIommuInitSystem returned EAX=0x00000000 (success/other) rsp=0xFFFFF8005DC75438 exitCount=950963
[iommuret] hit #1410: HalpIommuInitSystem returned EAX=0x00000000 (success/other) rsp=0xFFFFF8005DC75438 exitCount=950964
[iommuret] hit #1411: HalpIommuInitSystem returned EAX=0x00000000 (success/other) rsp=0xFFFFF8005DC75438 exitCount=950965
[iommuret] hit #1412: HalpIommuInitSystem returned EAX=0x00000000 (success/other) rsp=0xFFFFF8005DC75438 exitCount=950966
[iommuret] hit #1413: HalpIommuInitSystem returned EAX=0x00000000 (success/other) rsp=0xFFFFF8005DC75438 exitCount=950967
[iommuret] hit #1414: HalpIommuInitSystem returned EAX=0x00000000 (success/other) rsp=0xFFFFF8005DC75438 exitCount=950968
[iommuret] hit #1415: HalpIommuInitSystem returned EAX=0x00000000 (success/other) rsp=0xFFFFF8005DC75438 exitCount=950969
[iommuret] hit #1416: HalpIommuInitSystem returned EAX=0x00000000 (success/other) rsp=0xFFFFF8005DC75438 exitCount=950970
[iommuret] hit #1417: HalpIommuInitSystem returned EAX=0x00000000 (success/other) rsp=0xFFFFF8005DC75438 exitCount=950971
[iommuret] hit #1418: HalpIommuInitSystem returned EAX=0x00000000 (success/other) rsp=0xFFFFF8005DC75438 exitCount=950972
[iommuret] hit #1419: HalpIommuInitSystem returned EAX=0x00000000 (success/other) rsp=0xFFFFF8005DC75438 exitCount=950973
[iommuret] hit #1420: HalpIommuInitSystem returned EAX=0x00000000 (success/other) rsp=0xFFFFF8005DC75438 exitCount=950974
[iommuret] hit #1421: HalpIommuInitSystem returned EAX=0x00000000 (success/other) rsp=0xFFFFF8005DC75438 exitCount=950975
[iommuret] hit #1422: HalpIommuInitSystem returned EAX=0x00000000 (success/other) rsp=0xFFFFF8005DC75438 exitCount=950976
[iommuret] hit #1423: HalpIommuInitSystem returned EAX=0x00000000 (success/other) rsp=0xFFFFF8005DC75438 exitCount=950977
[iommuret] hit #1424: HalpIommuInitSystem returned EAX=0x00000000 (success/other) rsp=0xFFFFF8005DC75438 exitCount=950978
[iommuret] hit #1425: HalpIommuInitSystem returned EAX=0x00000000 (success/other) rsp=0xFFFFF8005DC75438 exitCount=950979
[iommuret] hit #1426: HalpIommuInitSystem returned EAX=0x00000000 (success/other) rsp=0xFFFFF8005DC75438 exitCount=950980
[iommuret] hit #1427: HalpIommuInitSystem returned EAX=0x00000000 (success/other) rsp=0xFFFFF8005DC75438 exitCount=950981
[iommuret] hit #1428: HalpIommuInitSystem returned EAX=0x00000000 (success/other) rsp=0xFFFFF8005DC75438 exitCount=950982
[iommuret] hit #1429: HalpIommuInitSystem returned EAX=0x00000000 (success/other) rsp=0xFFFFF8005DC75438 exitCount=950983
[iommuret] hit #1430: HalpIommuInitSystem returned EAX=0x00000000 (success/other) rsp=0xFFFFF8005DC75438 exitCount=950984
[iommuret] hit #1431: HalpIommuInitSystem returned EAX=0x00000000 (success/other) rsp=0xFFFFF8005DC75438 exitCount=950985
[iommuret] hit #1432: HalpIommuInitSystem returned EAX=0x00000000 (success/other) rsp=0xFFFFF8005DC75438 exitCount=950986
[iommuret] hit #1433: HalpIommuInitSystem returned EAX=0x00000000 (success/other) rsp=0xFFFFF8005DC75438 exitCount=950987
[iommuret] hit #1434: HalpIommuInitSystem returned EAX=0x00000000 (success/other) rsp=0xFFFFF8005DC75438 exitCount=950988
[iommuret] hit #1435: HalpIommuInitSystem returned EAX=0x00000000 (success/other) rsp=0xFFFFF8005DC75438 exitCount=950989
[iommuret] hit #1436: HalpIommuInitSystem returned EAX=0x00000000 (success/other) rsp=0xFFFFF8005DC75438 exitCount=950990
[iommuret] hit #1437: HalpIommuInitSystem returned EAX=0x00000000 (success/other) rsp=0xFFFFF8005DC75438 exitCount=950991
[iommuret] hit #1438: HalpIommuInitSystem returned EAX=0x00000000 (success/other) rsp=0xFFFFF8005DC75438 exitCount=950992
[iommuret] hit #1439: HalpIommuInitSystem returned EAX=0x00000000 (success/other) rsp=0xFFFFF8005DC75438 exitCount=950993
[iommuret] hit #1440: HalpIommuInitSystem returned EAX=0x00000000 (success/other) rsp=0xFFFFF8005DC75438 exitCount=950994
[iommuret] hit #1441: HalpIommuInitSystem returned EAX=0x00000000 (success/other) rsp=0xFFFFF8005DC75438 exitCount=950995
[iommuret] hit #1442: HalpIommuInitSystem returned EAX=0x00000000 (success/other) rsp=0xFFFFF8005DC75438 exitCount=950996
[iommuret] hit #1443: HalpIommuInitSystem returned EAX=0x00000000 (success/other) rsp=0xFFFFF8005DC75438 exitCount=950997
[iommuret] hit #1444: HalpIommuInitSystem returned EAX=0x00000000 (success/other) rsp=0xFFFFF8005DC75438 exitCount=950998
[iommuret] hit #1445: HalpIommuInitSystem returned EAX=0x00000000 (success/other) rsp=0xFFFFF8005DC75438 exitCount=950999
[iommuret] hit #1446: HalpIommuInitSystem returned EAX=0x00000000 (success/other) rsp=0xFFFFF8005DC75438 exitCount=951000
[iommuret] hit #1447: HalpIommuInitSystem returned EAX=0x00000000 (success/other) rsp=0xFFFFF8005DC75438 exitCount=951001
[iommuret] hit #1448: HalpIommuInitSystem returned EAX=0x00000000 (success/other) rsp=0xFFFFF8005DC75438 exitCount=951002
[iommuret] hit #1449: HalpIommuInitSystem returned EAX=0x00000000 (success/other) rsp=0xFFFFF8005DC75438 exitCount=951003
[iommuret] hit #1450: HalpIommuInitSystem returned EAX=0x00000000 (success/other) rsp=0xFFFFF8005DC75438 exitCount=951004
[iommuret] hit #1451: HalpIommuInitSystem returned EAX=0x00000000 (success/other) rsp=0xFFFFF8005DC75438 exitCount=951005
[iommuret] hit #1452: HalpIommuInitSystem returned EAX=0x00000000 (success/other) rsp=0xFFFFF8005DC75438 exitCount=951006
[iommuret] hit #1453: HalpIommuInitSystem returned EAX=0x00000000 (success/other) rsp=0xFFFFF8005DC75438 exitCount=951007
[iommuret] hit #1454: HalpIommuInitSystem returned EAX=0x00000000 (success/other) rsp=0xFFFFF8005DC75438 exitCount=951008
[iommuret] hit #1455: HalpIommuInitSystem returned EAX=0x00000000 (success/other) rsp=0xFFFFF8005DC75438 exitCount=951009
[iommuret] hit #1456: HalpIommuInitSystem returned EAX=0x00000000 (success/other) rsp=0xFFFFF8005DC75438 exitCount=951010
[iommuret] hit #1457: HalpIommuInitSystem returned EAX=0x00000000 (success/other) rsp=0xFFFFF8005DC75438 exitCount=951011
[iommuret] hit #1458: HalpIommuInitSystem returned EAX=0x00000000 (success/other) rsp=0xFFFFF8005DC75438 exitCount=951012
[iommuret] hit #1459: HalpIommuInitSystem returned EAX=0x00000000 (success/other) rsp=0xFFFFF8005DC75438 exitCount=951013
[iommuret] hit #1460: HalpIommuInitSystem returned EAX=0x00000000 (success/other) rsp=0xFFFFF8005DC75438 exitCount=951014
[iommuret] hit #1461: HalpIommuInitSystem returned EAX=0x00000000 (success/other) rsp=0xFFFFF8005DC75438 exitCount=951015
[iommuret] hit #1462: HalpIommuInitSystem returned EAX=0x00000000 (success/other) rsp=0xFFFFF8005DC75438 exitCount=951016
[iommuret] hit #1463: HalpIommuInitSystem returned EAX=0x00000000 (success/other) rsp=0xFFFFF8005DC75438 exitCount=951017
[iommuret] hit #1464: HalpIommuInitSystem returned EAX=0x00000000 (success/other) rsp=0xFFFFF8005DC75438 exitCount=951018
[iommuret] hit #1465: HalpIommuInitSystem returned EAX=0x00000000 (success/other) rsp=0xFFFFF8005DC75438 exitCount=951019
[iommuret] hit #1466: HalpIommuInitSystem returned EAX=0x00000000 (success/other) rsp=0xFFFFF8005DC75438 exitCount=951020
[iommuret] hit #1467: HalpIommuInitSystem returned EAX=0x00000000 (success/other) rsp=0xFFFFF8005DC75438 exitCount=951021
[iommuret] hit #1468: HalpIommuInitSystem returned EAX=0x00000000 (success/other) rsp=0xFFFFF8005DC75438 exitCount=951022
[iommuret] hit #1469: HalpIommuInitSystem returned EAX=0x00000000 (success/other) rsp=0xFFFFF8005DC75438 exitCount=951023
[iommuret] hit #1470: HalpIommuInitSystem returned EAX=0x00000000 (success/other) rsp=0xFFFFF8005DC75438 exitCount=951024
[iommuret] hit #1471: HalpIommuInitSystem returned EAX=0x00000000 (success/other) rsp=0xFFFFF8005DC75438 exitCount=951025
[iommuret] hit #1472: HalpIommuInitSystem returned EAX=0x00000000 (success/other) rsp=0xFFFFF8005DC75438 exitCount=951026
[iommuret] hit #1473: HalpIommuInitSystem returned EAX=0x00000000 (success/other) rsp=0xFFFFF8005DC75438 exitCount=951027
[iommuret] hit #1474: HalpIommuInitSystem returned EAX=0x00000000 (success/other) rsp=0xFFFFF8005DC75438 exitCount=951028
[iommuret] hit #1475: HalpIommuInitSystem returned EAX=0x00000000 (success/other) rsp=0xFFFFF8005DC75438 exitCount=951029
[iommuret] hit #1476: HalpIommuInitSystem returned EAX=0x00000000 (success/other) rsp=0xFFFFF8005DC75438 exitCount=951030
[iommuret] hit #1477: HalpIommuInitSystem returned EAX=0x00000000 (success/other) rsp=0xFFFFF8005DC75438 exitCount=951031
[iommuret] hit #1478: HalpIommuInitSystem returned EAX=0x00000000 (success/other) rsp=0xFFFFF8005DC75438 exitCount=951032
[iommuret] hit #1479: HalpIommuInitSystem returned EAX=0x00000000 (success/other) rsp=0xFFFFF8005DC75438 exitCount=951033
[iommuret] hit #1480: HalpIommuInitSystem returned EAX=0x00000000 (success/other) rsp=0xFFFFF8005DC75438 exitCount=951034
[iommuret] hit #1481: HalpIommuInitSystem returned EAX=0x00000000 (success/other) rsp=0xFFFFF8005DC75438 exitCount=951035
[iommuret] hit #1482: HalpIommuInitSystem returned EAX=0x00000000 (success/other) rsp=0xFFFFF8005DC75438 exitCount=951036
[iommuret] hit #1483: HalpIommuInitSystem returned EAX=0x00000000 (success/other) rsp=0xFFFFF8005DC75438 exitCount=951037
[iommuret] hit #1484: HalpIommuInitSystem returned EAX=0x00000000 (success/other) rsp=0xFFFFF8005DC75438 exitCount=951038
[iommuret] hit #1485: HalpIommuInitSystem returned EAX=0x00000000 (success/other) rsp=0xFFFFF8005DC75438 exitCount=951039
[iommuret] hit #1486: HalpIommuInitSystem returned EAX=0x00000000 (success/other) rsp=0xFFFFF8005DC75438 exitCount=951040
[iommuret] hit #1487: HalpIommuInitSystem returned EAX=0x00000000 (success/other) rsp=0xFFFFF8005DC75438 exitCount=951041
[iommuret] hit #1488: HalpIommuInitSystem returned EAX=0x00000000 (success/other) rsp=0xFFFFF8005DC75438 exitCount=951042
[iommuret] hit #1489: HalpIommuInitSystem returned EAX=0x00000000 (success/other) rsp=0xFFFFF8005DC75438 exitCount=951043
[iommuret] hit #1490: HalpIommuInitSystem returned EAX=0x00000000 (success/other) rsp=0xFFFFF8005DC75438 exitCount=951044
[iommuret] hit #1491: HalpIommuInitSystem returned EAX=0x00000000 (success/other) rsp=0xFFFFF8005DC75438 exitCount=951045
[iommuret] hit #1492: HalpIommuInitSystem returned EAX=0x00000000 (success/other) rsp=0xFFFFF8005DC75438 exitCount=951046
[iommuret] hit #1493: HalpIommuInitSystem returned EAX=0x00000000 (success/other) rsp=0xFFFFF8005DC75438 exitCount=951047
[iommuret] hit #1494: HalpIommuInitSystem returned EAX=0x00000000 (success/other) rsp=0xFFFFF8005DC75438 exitCount=951048
[iommuret] hit #1495: HalpIommuInitSystem returned EAX=0x00000000 (success/other) rsp=0xFFFFF8005DC75438 exitCount=951049
[iommuret] hit #1496: HalpIommuInitSystem returned EAX=0x00000000 (success/other) rsp=0xFFFFF8005DC75438 exitCount=951050
[iommuret] hit #1497: HalpIommuInitSystem returned EAX=0x00000000 (success/other) rsp=0xFFFFF8005DC75438 exitCount=951051
[iommuret] hit #1498: HalpIommuInitSystem returned EAX=0x00000000 (success/other) rsp=0xFFFFF8005DC75438 exitCount=951052
[iommuret] hit #1499: HalpIommuInitSystem returned EAX=0x00000000 (success/other) rsp=0xFFFFF8005DC75438 exitCount=951053
[iommuret] hit #1500: HalpIommuInitSystem returned EAX=0x00000000 (success/other) rsp=0xFFFFF8005DC75438 exitCount=951054
[iommuret] hit #1501: HalpIommuInitSystem returned EAX=0x00000000 (success/other) rsp=0xFFFFF8005DC75438 exitCount=951055
[iommuret] hit #1502: HalpIommuInitSystem returned EAX=0x00000000 (success/other) rsp=0xFFFFF8005DC75438 exitCount=951056
[iommuret] hit #1503: HalpIommuInitSystem returned EAX=0x00000000 (success/other) rsp=0xFFFFF8005DC75438 exitCount=951057
[iommuret] hit #1504: HalpIommuInitSystem returned EAX=0x00000000 (success/other) rsp=0xFFFFF8005DC75438 exitCount=951058
[iommuret] hit #1505: HalpIommuInitSystem returned EAX=0x00000000 (success/other) rsp=0xFFFFF8005DC75438 exitCount=951059
[iommuret] hit #1506: HalpIommuInitSystem returned EAX=0x00000000 (success/other) rsp=0xFFFFF8005DC75438 exitCount=951060
[iommuret] hit #1507: HalpIommuInitSystem returned EAX=0x00000000 (success/other) rsp=0xFFFFF8005DC75438 exitCount=951061
[iommuret] hit #1508: HalpIommuInitSystem returned EAX=0x00000000 (success/other) rsp=0xFFFFF8005DC75438 exitCount=951062
[iommuret] hit #1509: HalpIommuInitSystem returned EAX=0x00000000 (success/other) rsp=0xFFFFF8005DC75438 exitCount=951063
[iommuret] hit #1510: HalpIommuInitSystem returned EAX=0x00000000 (success/other) rsp=0xFFFFF8005DC75438 exitCount=951064
[iommuret] hit #1511: HalpIommuInitSystem returned EAX=0x00000000 (success/other) rsp=0xFFFFF8005DC75438 exitCount=951065
[iommuret] hit #1512: HalpIommuInitSystem returned EAX=0x00000000 (success/other) rsp=0xFFFFF8005DC75438 exitCount=951066
[iommuret] hit #1513: HalpIommuInitSystem returned EAX=0x00000000 (success/other) rsp=0xFFFFF8005DC75438 exitCount=951067
[iommuret] hit #1514: HalpIommuInitSystem returned EAX=0x00000000 (success/other) rsp=0xFFFFF8005DC75438 exitCount=951068
[iommuret] hit #1515: HalpIommuInitSystem returned EAX=0x00000000 (success/other) rsp=0xFFFFF8005DC75438 exitCount=951069
[iommuret] hit #1516: HalpIommuInitSystem returned EAX=0x00000000 (success/other) rsp=0xFFFFF8005DC75438 exitCount=951070
[iommuret] hit #1517: HalpIommuInitSystem returned EAX=0x00000000 (success/other) rsp=0xFFFFF8005DC75438 exitCount=951071
[iommuret] hit #1518: HalpIommuInitSystem returned EAX=0x00000000 (success/other) rsp=0xFFFFF8005DC75438 exitCount=951072
[iommuret] hit #1519: HalpIommuInitSystem returned EAX=0x00000000 (success/other) rsp=0xFFFFF8005DC75438 exitCount=951073
[iommuret] hit #1520: HalpIommuInitSystem returned EAX=0x00000000 (success/other) rsp=0xFFFFF8005DC75438 exitCount=951074
[iommuret] hit #1521: HalpIommuInitSystem returned EAX=0x00000000 (success/other) rsp=0xFFFFF8005DC75438 exitCount=951075
[iommuret] hit #1522: HalpIommuInitSystem returned EAX=0x00000000 (success/other) rsp=0xFFFFF8005DC75438 exitCount=951076
[iommuret] hit #1523: HalpIommuInitSystem returned EAX=0x00000000 (success/other) rsp=0xFFFFF8005DC75438 exitCount=951077
[iommuret] hit #1524: HalpIommuInitSystem returned EAX=0x00000000 (success/other) rsp=0xFFFFF8005DC75438 exitCount=951078
[iommuret] hit #1525: HalpIommuInitSystem returned EAX=0x00000000 (success/other) rsp=0xFFFFF8005DC75438 exitCount=951079
[iommuret] hit #1526: HalpIommuInitSystem returned EAX=0x00000000 (success/other) rsp=0xFFFFF8005DC75438 exitCount=951080
[iommuret] hit #1527: HalpIommuInitSystem returned EAX=0x00000000 (success/other) rsp=0xFFFFF8005DC75438 exitCount=951081
[iommuret] hit #1528: HalpIommuInitSystem returned EAX=0x00000000 (success/other) rsp=0xFFFFF8005DC75438 exitCount=951082
[iommuret] hit #1529: HalpIommuInitSystem returned EAX=0x00000000 (success/other) rsp=0xFFFFF8005DC75438 exitCount=951083
[iommuret] hit #1530: HalpIommuInitSystem returned EAX=0x00000000 (success/other) rsp=0xFFFFF8005DC75438 exitCount=951084
[iommuret] hit #1531: HalpIommuInitSystem returned EAX=0x00000000 (success/other) rsp=0xFFFFF8005DC75438 exitCount=951085
[iommuret] hit #1532: HalpIommuInitSystem returned EAX=0x00000000 (success/other) rsp=0xFFFFF8005DC75438 exitCount=951086
[iommuret] hit #1533: HalpIommuInitSystem returned EAX=0x00000000 (success/other) rsp=0xFFFFF8005DC75438 exitCount=951087
[iommuret] hit #1534: HalpIommuInitSystem returned EAX=0x00000000 (success/other) rsp=0xFFFFF8005DC75438 exitCount=951088
[iommuret] hit #1535: HalpIommuInitSystem returned EAX=0x00000000 (success/other) rsp=0xFFFFF8005DC75438 exitCount=951089
[iommuret] hit #1536: HalpIommuInitSystem returned EAX=0x00000000 (success/other) rsp=0xFFFFF8005DC75438 exitCount=951090
[iommuret] hit #1537: HalpIommuInitSystem returned EAX=0x00000000 (success/other) rsp=0xFFFFF8005DC75438 exitCount=951091
[iommuret] hit #1538: HalpIommuInitSystem returned EAX=0x00000000 (success/other) rsp=0xFFFFF8005DC75438 exitCount=951092
[iommuret] hit #1539: HalpIommuInitSystem returned EAX=0x00000000 (success/other) rsp=0xFFFFF8005DC75438 exitCount=951093
[iommuret] hit #1540: HalpIommuInitSystem returned EAX=0x00000000 (success/other) rsp=0xFFFFF8005DC75438 exitCount=951094
[iommuret] hit #1541: HalpIommuInitSystem returned EAX=0x00000000 (success/other) rsp=0xFFFFF8005DC75438 exitCount=951095
[iommuret] hit #1542: HalpIommuInitSystem returned EAX=0x00000000 (success/other) rsp=0xFFFFF8005DC75438 exitCount=951096
[iommuret] hit #1543: HalpIommuInitSystem returned EAX=0x00000000 (success/other) rsp=0xFFFFF8005DC75438 exitCount=951097
[iommuret] hit #1544: HalpIommuInitSystem returned EAX=0x00000000 (success/other) rsp=0xFFFFF8005DC75438 exitCount=951098
[iommuret] hit #1545: HalpIommuInitSystem returned EAX=0x00000000 (success/other) rsp=0xFFFFF8005DC75438 exitCount=951099
[iommuret] hit #1546: HalpIommuInitSystem returned EAX=0x00000000 (success/other) rsp=0xFFFFF8005DC75438 exitCount=951100
[iommuret] hit #1547: HalpIommuInitSystem returned EAX=0x00000000 (success/other) rsp=0xFFFFF8005DC75438 exitCount=951101
[iommuret] hit #1548: HalpIommuInitSystem returned EAX=0x00000000 (success/other) rsp=0xFFFFF8005DC75438 exitCount=951102
[iommuret] hit #1549: HalpIommuInitSystem returned EAX=0x00000000 (success/other) rsp=0xFFFFF8005DC75438 exitCount=951103
[iommuret] hit #1550: HalpIommuInitSystem returned EAX=0x00000000 (success/other) rsp=0xFFFFF8005DC75438 exitCount=951104
[iommuret] hit #1551: HalpIommuInitSystem returned EAX=0x00000000 (success/other) rsp=0xFFFFF8005DC75438 exitCount=951105
[iommuret] hit #1552: HalpIommuInitSystem returned EAX=0x00000000 (success/other) rsp=0xFFFFF8005DC75438 exitCount=951106
[iommuret] hit #1553: HalpIommuInitSystem returned EAX=0x00000000 (success/other) rsp=0xFFFFF8005DC75438 exitCount=951107
[iommuret] hit #1554: HalpIommuInitSystem returned EAX=0x00000000 (success/other) rsp=0xFFFFF8005DC75438 exitCount=951108
[iommuret] hit #1555: HalpIommuInitSystem returned EAX=0x00000000 (success/other) rsp=0xFFFFF8005DC75438 exitCount=951109
[iommuret] hit #1556: HalpIommuInitSystem returned EAX=0x00000000 (success/other) rsp=0xFFFFF8005DC75438 exitCount=951110
[iommuret] hit #1557: HalpIommuInitSystem returned EAX=0x00000000 (success/other) rsp=0xFFFFF8005DC75438 exitCount=951111
[iommuret] hit #1558: HalpIommuInitSystem returned EAX=0x00000000 (success/other) rsp=0xFFFFF8005DC75438 exitCount=951112
[iommuret] hit #1559: HalpIommuInitSystem returned EAX=0x00000000 (success/other) rsp=0xFFFFF8005DC75438 exitCount=951113
[iommuret] hit #1560: HalpIommuInitSystem returned EAX=0x00000000 (success/other) rsp=0xFFFFF8005DC75438 exitCount=951114
[iommuret] hit #1561: HalpIommuInitSystem returned EAX=0x00000000 (success/other) rsp=0xFFFFF8005DC75438 exitCount=951115
[iommuret] hit #1562: HalpIommuInitSystem returned EAX=0x00000000 (success/other) rsp=0xFFFFF8005DC75438 exitCount=951116
[iommuret] hit #1563: HalpIommuInitSystem returned EAX=0x00000000 (success/other) rsp=0xFFFFF8005DC75438 exitCount=951117
[iommuret] hit #1564: HalpIommuInitSystem returned EAX=0x00000000 (success/other) rsp=0xFFFFF8005DC75438 exitCount=951118
[iommuret] hit #1565: HalpIommuInitSystem returned EAX=0x00000000 (success/other) rsp=0xFFFFF8005DC75438 exitCount=951119
[iommuret] hit #1566: HalpIommuInitSystem returned EAX=0x00000000 (success/other) rsp=0xFFFFF8005DC75438 exitCount=951120
[iommuret] hit #1567: HalpIommuInitSystem returned EAX=0x00000000 (success/other) rsp=0xFFFFF8005DC75438 exitCount=951121
[iommuret] hit #1568: HalpIommuInitSystem returned EAX=0x00000000 (success/other) rsp=0xFFFFF8005DC75438 exitCount=951122
[iommuret] hit #1569: HalpIommuInitSystem returned EAX=0x00000000 (success/other) rsp=0xFFFFF8005DC75438 exitCount=951123
[iommuret] hit #1570: HalpIommuInitSystem returned EAX=0x00000000 (success/other) rsp=0xFFFFF8005DC75438 exitCount=951124
[iommuret] hit #1571: HalpIommuInitSystem returned EAX=0x00000000 (success/other) rsp=0xFFFFF8005DC75438 exitCount=951125
[iommuret] hit #1572: HalpIommuInitSystem returned EAX=0x00000000 (success/other) rsp=0xFFFFF8005DC75438 exitCount=951126
[iommuret] hit #1573: HalpIommuInitSystem returned EAX=0x00000000 (success/other) rsp=0xFFFFF8005DC75438 exitCount=951127
[iommuret] hit #1574: HalpIommuInitSystem returned EAX=0x00000000 (success/other) rsp=0xFFFFF8005DC75438 exitCount=951128
[iommuret] hit #1575: HalpIommuInitSystem returned EAX=0x00000000 (success/other) rsp=0xFFFFF8005DC75438 exitCount=951129
[iommuret] hit #1576: HalpIommuInitSystem returned EAX=0x00000000 (success/other) rsp=0xFFFFF8005DC75438 exitCount=951130
[iommuret] hit #1577: HalpIommuInitSystem returned EAX=0x00000000 (success/other) rsp=0xFFFFF8005DC75438 exitCount=951131
[iommuret] hit #1578: HalpIommuInitSystem returned EAX=0x00000000 (success/other) rsp=0xFFFFF8005DC75438 exitCount=951132
[iommuret] hit #1579: HalpIommuInitSystem returned EAX=0x00000000 (success/other) rsp=0xFFFFF8005DC75438 exitCount=951133
[iommuret] hit #1580: HalpIommuInitSystem returned EAX=0x00000000 (success/other) rsp=0xFFFFF8005DC75438 exitCount=951134
[iommuret] hit #1581: HalpIommuInitSystem returned EAX=0x00000000 (success/other) rsp=0xFFFFF8005DC75438 exitCount=951135
[iommuret] hit #1582: HalpIommuInitSystem returned EAX=0x00000000 (success/other) rsp=0xFFFFF8005DC75438 exitCount=951136
[iommuret] hit #1583: HalpIommuInitSystem returned EAX=0x00000000 (success/other) rsp=0xFFFFF8005DC75438 exitCount=951137
[iommuret] hit #1584: HalpIommuInitSystem returned EAX=0x00000000 (success/other) rsp=0xFFFFF8005DC75438 exitCount=951138
[iommuret] hit #1585: HalpIommuInitSystem returned EAX=0x00000000 (success/other) rsp=0xFFFFF8005DC75438 exitCount=951139
[iommuret] hit #1586: HalpIommuInitSystem returned EAX=0x00000000 (success/other) rsp=0xFFFFF8005DC75438 exitCount=951140
[iommuret] hit #1587: HalpIommuInitSystem returned EAX=0x00000000 (success/other) rsp=0xFFFFF8005DC75438 exitCount=951141
[iommuret] hit #1588: HalpIommuInitSystem returned EAX=0x00000000 (success/other) rsp=0xFFFFF8005DC75438 exitCount=951142
[iommuret] hit #1589: HalpIommuInitSystem returned EAX=0x00000000 (success/other) rsp=0xFFFFF8005DC75438 exitCount=951143
[iommuret] hit #1590: HalpIommuInitSystem returned EAX=0x00000000 (success/other) rsp=0xFFFFF8005DC75438 exitCount=951144
[iommuret] hit #1591: HalpIommuInitSystem returned EAX=0x00000000 (success/other) rsp=0xFFFFF8005DC75438 exitCount=951145
[iommuret] hit #1592: HalpIommuInitSystem returned EAX=0x00000000 (success/other) rsp=0xFFFFF8005DC75438 exitCount=951146
[iommuret] hit #1593: HalpIommuInitSystem returned EAX=0x00000000 (success/other) rsp=0xFFFFF8005DC75438 exitCount=951147
[iommuret] hit #1594: HalpIommuInitSystem returned EAX=0x00000000 (success/other) rsp=0xFFFFF8005DC75438 exitCount=951148
[iommuret] hit #1595: HalpIommuInitSystem returned EAX=0x00000000 (success/other) rsp=0xFFFFF8005DC75438 exitCount=951149
[iommuret] hit #1596: HalpIommuInitSystem returned EAX=0x00000000 (success/other) rsp=0xFFFFF8005DC75438 exitCount=951150
[iommuret] hit #1597: HalpIommuInitSystem returned EAX=0x00000000 (success/other) rsp=0xFFFFF8005DC75438 exitCount=951151
[iommuret] hit #1598: HalpIommuInitSystem returned EAX=0x00000000 (success/other) rsp=0xFFFFF8005DC75438 exitCount=951152
[iommuret] hit #1599: HalpIommuInitSystem returned EAX=0x00000000 (success/other) rsp=0xFFFFF8005DC75438 exitCount=951153
[iommuret] hit #1600: HalpIommuInitSystem returned EAX=0x00000000 (success/other) rsp=0xFFFFF8005DC75438 exitCount=951154
[iommuret] hit #1601: HalpIommuInitSystem returned EAX=0x00000000 (success/other) rsp=0xFFFFF8005DC75438 exitCount=951155
[iommuret] hit #1602: HalpIommuInitSystem returned EAX=0x00000000 (success/other) rsp=0xFFFFF8005DC75438 exitCount=951156
[iommuret] hit #1603: HalpIommuInitSystem returned EAX=0x00000000 (success/other) rsp=0xFFFFF8005DC75438 exitCount=951157
[iommuret] hit #1604: HalpIommuInitSystem returned EAX=0x00000000 (success/other) rsp=0xFFFFF8005DC75438 exitCount=951158
[iommuret] hit #1605: HalpIommuInitSystem returned EAX=0x00000000 (success/other) rsp=0xFFFFF8005DC75438 exitCount=951159
[iommuret] hit #1606: HalpIommuInitSystem returned EAX=0x00000000 (success/other) rsp=0xFFFFF8005DC75438 exitCount=951160
[iommuret] hit #1607: HalpIommuInitSystem returned EAX=0x00000000 (success/other) rsp=0xFFFFF8005DC75438 exitCount=951161
[iommuret] hit #1608: HalpIommuInitSystem returned EAX=0x00000000 (success/other) rsp=0xFFFFF8005DC75438 exitCount=951162
[iommuret] hit #1609: HalpIommuInitSystem returned EAX=0x00000000 (success/other) rsp=0xFFFFF8005DC75438 exitCount=951163
[iommuret] hit #1610: HalpIommuInitSystem returned EAX=0x00000000 (success/other) rsp=0xFFFFF8005DC75438 exitCount=951164
[iommuret] hit #1611: HalpIommuInitSystem returned EAX=0x00000000 (success/other) rsp=0xFFFFF8005DC75438 exitCount=951165
[iommuret] hit #1612: HalpIommuInitSystem returned EAX=0x00000000 (success/other) rsp=0xFFFFF8005DC75438 exitCount=951166
[iommuret] hit #1613: HalpIommuInitSystem returned EAX=0x00000000 (success/other) rsp=0xFFFFF8005DC75438 exitCount=951167
[iommuret] hit #1614: HalpIommuInitSystem returned EAX=0x00000000 (success/other) rsp=0xFFFFF8005DC75438 exitCount=951168
[iommuret] hit #1615: HalpIommuInitSystem returned EAX=0x00000000 (success/other) rsp=0xFFFFF8005DC75438 exitCount=951169
[iommuret] hit #1616: HalpIommuInitSystem returned EAX=0x00000000 (success/other) rsp=0xFFFFF8005DC75438 exitCount=951170
[iommuret] hit #1617: HalpIommuInitSystem returned EAX=0x00000000 (success/other) rsp=0xFFFFF8005DC75438 exitCount=951171
[iommuret] hit #1618: HalpIommuInitSystem returned EAX=0x00000000 (success/other) rsp=0xFFFFF8005DC75438 exitCount=951172
[iommuret] hit #1619: HalpIommuInitSystem returned EAX=0x00000000 (success/other) rsp=0xFFFFF8005DC75438 exitCount=951173
[iommuret] hit #1620: HalpIommuInitSystem returned EAX=0x00000000 (success/other) rsp=0xFFFFF8005DC75438 exitCount=951174
[iommuret] hit #1621: HalpIommuInitSystem returned EAX=0x00000000 (success/other) rsp=0xFFFFF8005DC75438 exitCount=951175
[iommuret] hit #1622: HalpIommuInitSystem returned EAX=0x00000000 (success/other) rsp=0xFFFFF8005DC75438 exitCount=951176
[iommuret] hit #1623: HalpIommuInitSystem returned EAX=0x00000000 (success/other) rsp=0xFFFFF8005DC75438 exitCount=951177
[iommuret] hit #1624: HalpIommuInitSystem returned EAX=0x00000000 (success/other) rsp=0xFFFFF8005DC75438 exitCount=951178
[iommuret] hit #1625: HalpIommuInitSystem returned EAX=0x00000000 (success/other) rsp=0xFFFFF8005DC75438 exitCount=951179
[iommuret] hit #1626: HalpIommuInitSystem returned EAX=0x00000000 (success/other) rsp=0xFFFFF8005DC75438 exitCount=951180
[iommuret] hit #1627: HalpIommuInitSystem returned EAX=0x00000000 (success/other) rsp=0xFFFFF8005DC75438 exitCount=951181
[iommuret] hit #1628: HalpIommuInitSystem returned EAX=0x00000000 (success/other) rsp=0xFFFFF8005DC75438 exitCount=951182
[iommuret] hit #1629: HalpIommuInitSystem returned EAX=0x00000000 (success/other) rsp=0xFFFFF8005DC75438 exitCount=951183
[iommuret] hit #1630: HalpIommuInitSystem returned EAX=0x00000000 (success/other) rsp=0xFFFFF8005DC75438 exitCount=951184
[iommuret] hit #1631: HalpIommuInitSystem returned EAX=0x00000000 (success/other) rsp=0xFFFFF8005DC75438 exitCount=951185
[iommuret] hit #1632: HalpIommuInitSystem returned EAX=0x00000000 (success/other) rsp=0xFFFFF8005DC75438 exitCount=951186
[iommuret] hit #1633: HalpIommuInitSystem returned EAX=0x00000000 (success/other) rsp=0xFFFFF8005DC75438 exitCount=951187
[iommuret] hit #1634: HalpIommuInitSystem returned EAX=0x00000000 (success/other) rsp=0xFFFFF8005DC75438 exitCount=951188
[iommuret] hit #1635: HalpIommuInitSystem returned EAX=0x00000000 (success/other) rsp=0xFFFFF8005DC75438 exitCount=951189
[iommuret] hit #1636: HalpIommuInitSystem returned EAX=0x00000000 (success/other) rsp=0xFFFFF8005DC75438 exitCount=951190
[iommuret] hit #1637: HalpIommuInitSystem returned EAX=0x00000000 (success/other) rsp=0xFFFFF8005DC75438 exitCount=951191
[iommuret] hit #1638: HalpIommuInitSystem returned EAX=0x00000000 (success/other) rsp=0xFFFFF8005DC75438 exitCount=951192
[iommuret] hit #1639: HalpIommuInitSystem returned EAX=0x00000000 (success/other) rsp=0xFFFFF8005DC75438 exitCount=951193
[iommuret] hit #1640: HalpIommuInitSystem returned EAX=0x00000000 (success/other) rsp=0xFFFFF8005DC75438 exitCount=951194
[iommuret] hit #1641: HalpIommuInitSystem returned EAX=0x00000000 (success/other) rsp=0xFFFFF8005DC75438 exitCount=951195
[iommuret] hit #1642: HalpIommuInitSystem returned EAX=0x00000000 (success/other) rsp=0xFFFFF8005DC75438 exitCount=951196
[iommuret] hit #1643: HalpIommuInitSystem returned EAX=0x00000000 (success/other) rsp=0xFFFFF8005DC75438 exitCount=951197
[iommuret] hit #1644: HalpIommuInitSystem returned EAX=0x00000000 (success/other) rsp=0xFFFFF8005DC75438 exitCount=951198
[iommuret] hit #1645: HalpIommuInitSystem returned EAX=0x00000000 (success/other) rsp=0xFFFFF8005DC75438 exitCount=951199
[iommuret] hit #1646: HalpIommuInitSystem returned EAX=0x00000000 (success/other) rsp=0xFFFFF8005DC75438 exitCount=951200
[iommuret] hit #1647: HalpIommuInitSystem returned EAX=0x00000000 (success/other) rsp=0xFFFFF8005DC75438 exitCount=951201
[iommuret] hit #1648: HalpIommuInitSystem returned EAX=0x00000000 (success/other) rsp=0xFFFFF8005DC75438 exitCount=951202
[iommuret] hit #1649: HalpIommuInitSystem returned EAX=0x00000000 (success/other) rsp=0xFFFFF8005DC75438 exitCount=951203
[iommuret] hit #1650: HalpIommuInitSystem returned EAX=0x00000000 (success/other) rsp=0xFFFFF8005DC75438 exitCount=951204
[iommuret] hit #1651: HalpIommuInitSystem returned EAX=0x00000000 (success/other) rsp=0xFFFFF8005DC75438 exitCount=951205
[iommuret] hit #1652: HalpIommuInitSystem returned EAX=0x00000000 (success/other) rsp=0xFFFFF8005DC75438 exitCount=951206
[iommuret] hit #1653: HalpIommuInitSystem returned EAX=0x00000000 (success/other) rsp=0xFFFFF8005DC75438 exitCount=951207
[iommuret] hit #1654: HalpIommuInitSystem returned EAX=0x00000000 (success/other) rsp=0xFFFFF8005DC75438 exitCount=951208
[iommuret] hit #1655: HalpIommuInitSystem returned EAX=0x00000000 (success/other) rsp=0xFFFFF8005DC75438 exitCount=951209
[iommuret] hit #1656: HalpIommuInitSystem returned EAX=0x00000000 (success/other) rsp=0xFFFFF8005DC75438 exitCount=951210
[iommuret] hit #1657: HalpIommuInitSystem returned EAX=0x00000000 (success/other) rsp=0xFFFFF8005DC75438 exitCount=951211
[iommuret] hit #1658: HalpIommuInitSystem returned EAX=0x00000000 (success/other) rsp=0xFFFFF8005DC75438 exitCount=951212
[iommuret] hit #1659: HalpIommuInitSystem returned EAX=0x00000000 (success/other) rsp=0xFFFFF8005DC75438 exitCount=951213
[iommuret] hit #1660: HalpIommuInitSystem returned EAX=0x00000000 (success/other) rsp=0xFFFFF8005DC75438 exitCount=951214
[iommuret] hit #1661: HalpIommuInitSystem returned EAX=0x00000000 (success/other) rsp=0xFFFFF8005DC75438 exitCount=951215
[iommuret] hit #1662: HalpIommuInitSystem returned EAX=0x00000000 (success/other) rsp=0xFFFFF8005DC75438 exitCount=951216
[iommuret] hit #1663: HalpIommuInitSystem returned EAX=0x00000000 (success/other) rsp=0xFFFFF8005DC75438 exitCount=951217
[iommuret] hit #1664: HalpIommuInitSystem returned EAX=0x00000000 (success/other) rsp=0xFFFFF8005DC75438 exitCount=951218
[iommuret] hit #1665: HalpIommuInitSystem returned EAX=0x00000000 (success/other) rsp=0xFFFFF8005DC75438 exitCount=951219
[iommuret] hit #1666: HalpIommuInitSystem returned EAX=0x00000000 (success/other) rsp=0xFFFFF8005DC75438 exitCount=951220
[iommuret] hit #1667: HalpIommuInitSystem returned EAX=0x00000000 (success/other) rsp=0xFFFFF8005DC75438 exitCount=951221
[iommuret] hit #1668: HalpIommuInitSystem returned EAX=0x00000000 (success/other) rsp=0xFFFFF8005DC75438 exitCount=951222
[iommuret] hit #1669: HalpIommuInitSystem returned EAX=0x00000000 (success/other) rsp=0xFFFFF8005DC75438 exitCount=951223
[iommuret] hit #1670: HalpIommuInitSystem returned EAX=0x00000000 (success/other) rsp=0xFFFFF8005DC75438 exitCount=951224
[iommuret] hit #1671: HalpIommuInitSystem returned EAX=0x00000000 (success/other) rsp=0xFFFFF8005DC75438 exitCount=951225
[iommuret] hit #1672: HalpIommuInitSystem returned EAX=0x00000000 (success/other) rsp=0xFFFFF8005DC75438 exitCount=951226
[iommuret] hit #1673: HalpIommuInitSystem returned EAX=0x00000000 (success/other) rsp=0xFFFFF8005DC75438 exitCount=951227
[iommuret] hit #1674: HalpIommuInitSystem returned EAX=0x00000000 (success/other) rsp=0xFFFFF8005DC75438 exitCount=951228
[iommuret] hit #1675: HalpIommuInitSystem returned EAX=0x00000000 (success/other) rsp=0xFFFFF8005DC75438 exitCount=951229
[iommuret] hit #1676: HalpIommuInitSystem returned EAX=0x00000000 (success/other) rsp=0xFFFFF8005DC75438 exitCount=951230
[iommuret] hit #1677: HalpIommuInitSystem returned EAX=0x00000000 (success/other) rsp=0xFFFFF8005DC75438 exitCount=951231
[iommuret] hit #1678: HalpIommuInitSystem returned EAX=0x00000000 (success/other) rsp=0xFFFFF8005DC75438 exitCount=951232
[iommuret] hit #1679: HalpIommuInitSystem returned EAX=0x00000000 (success/other) rsp=0xFFFFF8005DC75438 exitCount=951233
[iommuret] hit #1680: HalpIommuInitSystem returned EAX=0x00000000 (success/other) rsp=0xFFFFF8005DC75438 exitCount=951234
[iommuret] hit #1681: HalpIommuInitSystem returned EAX=0x00000000 (success/other) rsp=0xFFFFF8005DC75438 exitCount=951235
[iommuret] hit #1682: HalpIommuInitSystem returned EAX=0x00000000 (success/other) rsp=0xFFFFF8005DC75438 exitCount=951236
[iommuret] hit #1683: HalpIommuInitSystem returned EAX=0x00000000 (success/other) rsp=0xFFFFF8005DC75438 exitCount=951237
[iommuret] hit #1684: HalpIommuInitSystem returned EAX=0x00000000 (success/other) rsp=0xFFFFF8005DC75438 exitCount=951238
[iommuret] hit #1685: HalpIommuInitSystem returned EAX=0x00000000 (success/other) rsp=0xFFFFF8005DC75438 exitCount=951239
[iommuret] hit #1686: HalpIommuInitSystem returned EAX=0x00000000 (success/other) rsp=0xFFFFF8005DC75438 exitCount=951240
[iommuret] hit #1687: HalpIommuInitSystem returned EAX=0x00000000 (success/other) rsp=0xFFFFF8005DC75438 exitCount=951241
[iommuret] hit #1688: HalpIommuInitSystem returned EAX=0x00000000 (success/other) rsp=0xFFFFF8005DC75438 exitCount=951242
[iommuret] hit #1689: HalpIommuInitSystem returned EAX=0x00000000 (success/other) rsp=0xFFFFF8005DC75438 exitCount=951243
[iommuret] hit #1690: HalpIommuInitSystem returned EAX=0x00000000 (success/other) rsp=0xFFFFF8005DC75438 exitCount=951244
[iommuret] hit #1691: HalpIommuInitSystem returned EAX=0x00000000 (success/other) rsp=0xFFFFF8005DC75438 exitCount=951245
[iommuret] hit #1692: HalpIommuInitSystem returned EAX=0x00000000 (success/other) rsp=0xFFFFF8005DC75438 exitCount=951246
[iommuret] hit #1693: HalpIommuInitSystem returned EAX=0x00000000 (success/other) rsp=0xFFFFF8005DC75438 exitCount=951247
[iommuret] hit #1694: HalpIommuInitSystem returned EAX=0x00000000 (success/other) rsp=0xFFFFF8005DC75438 exitCount=951248
[iommuret] hit #1695: HalpIommuInitSystem returned EAX=0x00000000 (success/other) rsp=0xFFFFF8005DC75438 exitCount=951249
[iommuret] hit #1696: HalpIommuInitSystem returned EAX=0x00000000 (success/other) rsp=0xFFFFF8005DC75438 exitCount=951250
[iommuret] hit #1697: HalpIommuInitSystem returned EAX=0x00000000 (success/other) rsp=0xFFFFF8005DC75438 exitCount=951251
[iommuret] hit #1698: HalpIommuInitSystem returned EAX=0x00000000 (success/other) rsp=0xFFFFF8005DC75438 exitCount=951252
[iommuret] hit #1699: HalpIommuInitSystem returned EAX=0x00000000 (success/other) rsp=0xFFFFF8005DC75438 exitCount=951253
[iommuret] hit #1700: HalpIommuInitSystem returned EAX=0x00000000 (success/other) rsp=0xFFFFF8005DC75438 exitCount=951254
[iommuret] hit #1701: HalpIommuInitSystem returned EAX=0x00000000 (success/other) rsp=0xFFFFF8005DC75438 exitCount=951255
[iommuret] hit #1702: HalpIommuInitSystem returned EAX=0x00000000 (success/other) rsp=0xFFFFF8005DC75438 exitCount=951256
[iommuret] hit #1703: HalpIommuInitSystem returned EAX=0x00000000 (success/other) rsp=0xFFFFF8005DC75438 exitCount=951257
[iommuret] hit #1704: HalpIommuInitSystem returned EAX=0x00000000 (success/other) rsp=0xFFFFF8005DC75438 exitCount=951258
[iommuret] hit #1705: HalpIommuInitSystem returned EAX=0x00000000 (success/other) rsp=0xFFFFF8005DC75438 exitCount=951259
[iommuret] hit #1706: HalpIommuInitSystem returned EAX=0x00000000 (success/other) rsp=0xFFFFF8005DC75438 exitCount=951260
[iommuret] hit #1707: HalpIommuInitSystem returned EAX=0x00000000 (success/other) rsp=0xFFFFF8005DC75438 exitCount=951261
[iommuret] hit #1708: HalpIommuInitSystem returned EAX=0x00000000 (success/other) rsp=0xFFFFF8005DC75438 exitCount=951262
[iommuret] hit #1709: HalpIommuInitSystem returned EAX=0x00000000 (success/other) rsp=0xFFFFF8005DC75438 exitCount=951263
[iommuret] hit #1710: HalpIommuInitSystem returned EAX=0x00000000 (success/other) rsp=0xFFFFF8005DC75438 exitCount=951264
[iommuret] hit #1711: HalpIommuInitSystem returned EAX=0x00000000 (success/other) rsp=0xFFFFF8005DC75438 exitCount=951265
[iommuret] hit #1712: HalpIommuInitSystem returned EAX=0x00000000 (success/other) rsp=0xFFFFF8005DC75438 exitCount=951266
[iommuret] hit #1713: HalpIommuInitSystem returned EAX=0x00000000 (success/other) rsp=0xFFFFF8005DC75438 exitCount=951267
[iommuret] hit #1714: HalpIommuInitSystem returned EAX=0x00000000 (success/other) rsp=0xFFFFF8005DC75438 exitCount=951268
[iommuret] hit #1715: HalpIommuInitSystem returned EAX=0x00000000 (success/other) rsp=0xFFFFF8005DC75438 exitCount=951269
[iommuret] hit #1716: HalpIommuInitSystem returned EAX=0x00000000 (success/other) rsp=0xFFFFF8005DC75438 exitCount=951270
[iommuret] hit #1717: HalpIommuInitSystem returned EAX=0x00000000 (success/other) rsp=0xFFFFF8005DC75438 exitCount=951271
[iommuret] hit #1718: HalpIommuInitSystem returned EAX=0x00000000 (success/other) rsp=0xFFFFF8005DC75438 exitCount=951272
[iommuret] hit #1719: HalpIommuInitSystem returned EAX=0x00000000 (success/other) rsp=0xFFFFF8005DC75438 exitCount=951273
[iommuret] hit #1720: HalpIommuInitSystem returned EAX=0x00000000 (success/other) rsp=0xFFFFF8005DC75438 exitCount=951274
[iommuret] hit #1721: HalpIommuInitSystem returned EAX=0x00000000 (success/other) rsp=0xFFFFF8005DC75438 exitCount=951275
[iommuret] hit #1722: HalpIommuInitSystem returned EAX=0x00000000 (success/other) rsp=0xFFFFF8005DC75438 exitCount=951276
[iommuret] hit #1723: HalpIommuInitSystem returned EAX=0x00000000 (success/other) rsp=0xFFFFF8005DC75438 exitCount=951277
[iommuret] hit #1724: HalpIommuInitSystem returned EAX=0x00000000 (success/other) rsp=0xFFFFF8005DC75438 exitCount=951278
[iommuret] hit #1725: HalpIommuInitSystem returned EAX=0x00000000 (success/other) rsp=0xFFFFF8005DC75438 exitCount=951279
[iommuret] hit #1726: HalpIommuInitSystem returned EAX=0x00000000 (success/other) rsp=0xFFFFF8005DC75438 exitCount=951280
[iommuret] hit #1727: HalpIommuInitSystem returned EAX=0x00000000 (success/other) rsp=0xFFFFF8005DC75438 exitCount=951281
[iommuret] hit #1728: HalpIommuInitSystem returned EAX=0x00000000 (success/other) rsp=0xFFFFF8005DC75438 exitCount=951282
[iommuret] hit #1729: HalpIommuInitSystem returned EAX=0x00000000 (success/other) rsp=0xFFFFF8005DC75438 exitCount=951283
[iommuret] hit #1730: HalpIommuInitSystem returned EAX=0x00000000 (success/other) rsp=0xFFFFF8005DC75438 exitCount=951284
[iommuret] hit #1731: HalpIommuInitSystem returned EAX=0x00000000 (success/other) rsp=0xFFFFF8005DC75438 exitCount=951285
[iommuret] hit #1732: HalpIommuInitSystem returned EAX=0x00000000 (success/other) rsp=0xFFFFF8005DC75438 exitCount=951286
[iommuret] hit #1733: HalpIommuInitSystem returned EAX=0x00000000 (success/other) rsp=0xFFFFF8005DC75438 exitCount=951287
[iommuret] hit #1734: HalpIommuInitSystem returned EAX=0x00000000 (success/other) rsp=0xFFFFF8005DC75438 exitCount=951288
[iommuret] hit #1735: HalpIommuInitSystem returned EAX=0x00000000 (success/other) rsp=0xFFFFF8005DC75438 exitCount=951289
[iommuret] hit #1736: HalpIommuInitSystem returned EAX=0x00000000 (success/other) rsp=0xFFFFF8005DC75438 exitCount=951290
[iommuret] hit #1737: HalpIommuInitSystem returned EAX=0x00000000 (success/other) rsp=0xFFFFF8005DC75438 exitCount=951291
[iommuret] hit #1738: HalpIommuInitSystem returned EAX=0x00000000 (success/other) rsp=0xFFFFF8005DC75438 exitCount=951292
[iommuret] hit #1739: HalpIommuInitSystem returned EAX=0x00000000 (success/other) rsp=0xFFFFF8005DC75438 exitCount=951293
[iommuret] hit #1740: HalpIommuInitSystem returned EAX=0x00000000 (success/other) rsp=0xFFFFF8005DC75438 exitCount=951294
[iommuret] hit #1741: HalpIommuInitSystem returned EAX=0x00000000 (success/other) rsp=0xFFFFF8005DC75438 exitCount=951295
[iommuret] hit #1742: HalpIommuInitSystem returned EAX=0x00000000 (success/other) rsp=0xFFFFF8005DC75438 exitCount=951296
[iommuret] hit #1743: HalpIommuInitSystem returned EAX=0x00000000 (success/other) rsp=0xFFFFF8005DC75438 exitCount=951297
[iommuret] hit #1744: HalpIommuInitSystem returned EAX=0x00000000 (success/other) rsp=0xFFFFF8005DC75438 exitCount=951298
[iommuret] hit #1745: HalpIommuInitSystem returned EAX=0x00000000 (success/other) rsp=0xFFFFF8005DC75438 exitCount=951299
[iommuret] hit #1746: HalpIommuInitSystem returned EAX=0x00000000 (success/other) rsp=0xFFFFF8005DC75438 exitCount=951300
[iommuret] hit #1747: HalpIommuInitSystem returned EAX=0x00000000 (success/other) rsp=0xFFFFF8005DC75438 exitCount=951301
[iommuret] hit #1748: HalpIommuInitSystem returned EAX=0x00000000 (success/other) rsp=0xFFFFF8005DC75438 exitCount=951302
[iommuret] hit #1749: HalpIommuInitSystem returned EAX=0x00000000 (success/other) rsp=0xFFFFF8005DC75438 exitCount=951303
[iommuret] hit #1750: HalpIommuInitSystem returned EAX=0x00000000 (success/other) rsp=0xFFFFF8005DC75438 exitCount=951304
[iommuret] hit #1751: HalpIommuInitSystem returned EAX=0x00000000 (success/other) rsp=0xFFFFF8005DC75438 exitCount=951305
[iommuret] hit #1752: HalpIommuInitSystem returned EAX=0x00000000 (success/other) rsp=0xFFFFF8005DC75438 exitCount=951306
[iommuret] hit #1753: HalpIommuInitSystem returned EAX=0x00000000 (success/other) rsp=0xFFFFF8005DC75438 exitCount=951307
[iommuret] hit #1754: HalpIommuInitSystem returned EAX=0x00000000 (success/other) rsp=0xFFFFF8005DC75438 exitCount=951308
[iommuret] hit #1755: HalpIommuInitSystem returned EAX=0x00000000 (success/other) rsp=0xFFFFF8005DC75438 exitCount=951309
[iommuret] hit #1756: HalpIommuInitSystem returned EAX=0x00000000 (success/other) rsp=0xFFFFF8005DC75438 exitCount=951310
[iommuret] hit #1757: HalpIommuInitSystem returned EAX=0x00000000 (success/other) rsp=0xFFFFF8005DC75438 exitCount=951311
[iommuret] hit #1758: HalpIommuInitSystem returned EAX=0x00000000 (success/other) rsp=0xFFFFF8005DC75438 exitCount=951312
[iommuret] hit #1759: HalpIommuInitSystem returned EAX=0x00000000 (success/other) rsp=0xFFFFF8005DC75438 exitCount=951313
[iommuret] hit #1760: HalpIommuInitSystem returned EAX=0x00000000 (success/other) rsp=0xFFFFF8005DC75438 exitCount=951314
[iommuret] hit #1761: HalpIommuInitSystem returned EAX=0x00000000 (success/other) rsp=0xFFFFF8005DC75438 exitCount=951315
[iommuret] hit #1762: HalpIommuInitSystem returned EAX=0x00000000 (success/other) rsp=0xFFFFF8005DC75438 exitCount=951316
[iommuret] hit #1763: HalpIommuInitSystem returned EAX=0x00000000 (success/other) rsp=0xFFFFF8005DC75438 exitCount=951317
[iommuret] hit #1764: HalpIommuInitSystem returned EAX=0x00000000 (success/other) rsp=0xFFFFF8005DC75438 exitCount=951318
[iommuret] hit #1765: HalpIommuInitSystem returned EAX=0x00000000 (success/other) rsp=0xFFFFF8005DC75438 exitCount=951319
[iommuret] hit #1766: HalpIommuInitSystem returned EAX=0x00000000 (success/other) rsp=0xFFFFF8005DC75438 exitCount=951320
[iommuret] hit #1767: HalpIommuInitSystem returned EAX=0x00000000 (success/other) rsp=0xFFFFF8005DC75438 exitCount=951321
[iommuret] hit #1768: HalpIommuInitSystem returned EAX=0x00000000 (success/other) rsp=0xFFFFF8005DC75438 exitCount=951322
[iommuret] hit #1769: HalpIommuInitSystem returned EAX=0x00000000 (success/other) rsp=0xFFFFF8005DC75438 exitCount=951323
[iommuret] hit #1770: HalpIommuInitSystem returned EAX=0x00000000 (success/other) rsp=0xFFFFF8005DC75438 exitCount=951324
[iommuret] hit #1771: HalpIommuInitSystem returned EAX=0x00000000 (success/other) rsp=0xFFFFF8005DC75438 exitCount=951325
[iommuret] hit #1772: HalpIommuInitSystem returned EAX=0x00000000 (success/other) rsp=0xFFFFF8005DC75438 exitCount=951326
[iommuret] hit #1773: HalpIommuInitSystem returned EAX=0x00000000 (success/other) rsp=0xFFFFF8005DC75438 exitCount=951327
[iommuret] hit #1774: HalpIommuInitSystem returned EAX=0x00000000 (success/other) rsp=0xFFFFF8005DC75438 exitCount=951328
[iommuret] hit #1775: HalpIommuInitSystem returned EAX=0x00000000 (success/other) rsp=0xFFFFF8005DC75438 exitCount=951329
[iommuret] hit #1776: HalpIommuInitSystem returned EAX=0x00000000 (success/other) rsp=0xFFFFF8005DC75438 exitCount=951330
[iommuret] hit #1777: HalpIommuInitSystem returned EAX=0x00000000 (success/other) rsp=0xFFFFF8005DC75438 exitCount=951331
[iommuret] hit #1778: HalpIommuInitSystem returned EAX=0x00000000 (success/other) rsp=0xFFFFF8005DC75438 exitCount=951332
[iommuret] hit #1779: HalpIommuInitSystem returned EAX=0x00000000 (success/other) rsp=0xFFFFF8005DC75438 exitCount=951333
[iommuret] hit #1780: HalpIommuInitSystem returned EAX=0x00000000 (success/other) rsp=0xFFFFF8005DC75438 exitCount=951334
[iommuret] hit #1781: HalpIommuInitSystem returned EAX=0x00000000 (success/other) rsp=0xFFFFF8005DC75438 exitCount=951335
[iommuret] hit #1782: HalpIommuInitSystem returned EAX=0x00000000 (success/other) rsp=0xFFFFF8005DC75438 exitCount=951336
[iommuret] hit #1783: HalpIommuInitSystem returned EAX=0x00000000 (success/other) rsp=0xFFFFF8005DC75438 exitCount=951337
[iommuret] hit #1784: HalpIommuInitSystem returned EAX=0x00000000 (success/other) rsp=0xFFFFF8005DC75438 exitCount=951338
[iommuret] hit #1785: HalpIommuInitSystem returned EAX=0x00000000 (success/other) rsp=0xFFFFF8005DC75438 exitCount=951339
[iommuret] hit #1786: HalpIommuInitSystem returned EAX=0x00000000 (success/other) rsp=0xFFFFF8005DC75438 exitCount=951340
[iommuret] hit #1787: HalpIommuInitSystem returned EAX=0x00000000 (success/other) rsp=0xFFFFF8005DC75438 exitCount=951341
[iommuret] hit #1788: HalpIommuInitSystem returned EAX=0x00000000 (success/other) rsp=0xFFFFF8005DC75438 exitCount=951342
[iommuret] hit #1789: HalpIommuInitSystem returned EAX=0x00000000 (success/other) rsp=0xFFFFF8005DC75438 exitCount=951343
[iommuret] hit #1790: HalpIommuInitSystem returned EAX=0x00000000 (success/other) rsp=0xFFFFF8005DC75438 exitCount=951344
[iommuret] hit #1791: HalpIommuInitSystem returned EAX=0x00000000 (success/other) rsp=0xFFFFF8005DC75438 exitCount=951345
[iommuret] hit #1792: HalpIommuInitSystem returned EAX=0x00000000 (success/other) rsp=0xFFFFF8005DC75438 exitCount=951346
[iommuret] hit #1793: HalpIommuInitSystem returned EAX=0x00000000 (success/other) rsp=0xFFFFF8005DC75438 exitCount=951347
[iommuret] hit #1794: HalpIommuInitSystem returned EAX=0x00000000 (success/other) rsp=0xFFFFF8005DC75438 exitCount=951348
[iommuret] hit #1795: HalpIommuInitSystem returned EAX=0x00000000 (success/other) rsp=0xFFFFF8005DC75438 exitCount=951349
[iommuret] hit #1796: HalpIommuInitSystem returned EAX=0x00000000 (success/other) rsp=0xFFFFF8005DC75438 exitCount=951350
[iommuret] hit #1797: HalpIommuInitSystem returned EAX=0x00000000 (success/other) rsp=0xFFFFF8005DC75438 exitCount=951351
[iommuret] hit #1798: HalpIommuInitSystem returned EAX=0x00000000 (success/other) rsp=0xFFFFF8005DC75438 exitCount=951352
[iommuret] hit #1799: HalpIommuInitSystem returned EAX=0x00000000 (success/other) rsp=0xFFFFF8005DC75438 exitCount=951353
[iommuret] hit #1800: HalpIommuInitSystem returned EAX=0x00000000 (success/other) rsp=0xFFFFF8005DC75438 exitCount=951354
[iommuret] hit #1801: HalpIommuInitSystem returned EAX=0x00000000 (success/other) rsp=0xFFFFF8005DC75438 exitCount=951355
[iommuret] hit #1802: HalpIommuInitSystem returned EAX=0x00000000 (success/other) rsp=0xFFFFF8005DC75438 exitCount=951356
[iommuret] hit #1803: HalpIommuInitSystem returned EAX=0x00000000 (success/other) rsp=0xFFFFF8005DC75438 exitCount=951357
[iommuret] hit #1804: HalpIommuInitSystem returned EAX=0x00000000 (success/other) rsp=0xFFFFF8005DC75438 exitCount=951358
[iommuret] hit #1805: HalpIommuInitSystem returned EAX=0x00000000 (success/other) rsp=0xFFFFF8005DC75438 exitCount=951359
[iommuret] hit #1806: HalpIommuInitSystem returned EAX=0x00000000 (success/other) rsp=0xFFFFF8005DC75438 exitCount=951360
[iommuret] hit #1807: HalpIommuInitSystem returned EAX=0x00000000 (success/other) rsp=0xFFFFF8005DC75438 exitCount=951361
[iommuret] hit #1808: HalpIommuInitSystem returned EAX=0x00000000 (success/other) rsp=0xFFFFF8005DC75438 exitCount=951362
[iommuret] hit #1809: HalpIommuInitSystem returned EAX=0x00000000 (success/other) rsp=0xFFFFF8005DC75438 exitCount=951363
[iommuret] hit #1810: HalpIommuInitSystem returned EAX=0x00000000 (success/other) rsp=0xFFFFF8005DC75438 exitCount=951364
[iommuret] hit #1811: HalpIommuInitSystem returned EAX=0x00000000 (success/other) rsp=0xFFFFF8005DC75438 exitCount=951365
[iommuret] hit #1812: HalpIommuInitSystem returned EAX=0x00000000 (success/other) rsp=0xFFFFF8005DC75438 exitCount=951366
[iommuret] hit #1813: HalpIommuInitSystem returned EAX=0x00000000 (success/other) rsp=0xFFFFF8005DC75438 exitCount=951367
[iommuret] hit #1814: HalpIommuInitSystem returned EAX=0x00000000 (success/other) rsp=0xFFFFF8005DC75438 exitCount=951368
[iommuret] hit #1815: HalpIommuInitSystem returned EAX=0x00000000 (success/other) rsp=0xFFFFF8005DC75438 exitCount=951369
[iommuret] hit #1816: HalpIommuInitSystem returned EAX=0x00000000 (success/other) rsp=0xFFFFF8005DC75438 exitCount=951370
[iommuret] hit #1817: HalpIommuInitSystem returned EAX=0x00000000 (success/other) rsp=0xFFFFF8005DC75438 exitCount=951371
[iommuret] hit #1818: HalpIommuInitSystem returned EAX=0x00000000 (success/other) rsp=0xFFFFF8005DC75438 exitCount=951372
[iommuret] hit #1819: HalpIommuInitSystem returned EAX=0x00000000 (success/other) rsp=0xFFFFF8005DC75438 exitCount=951373
[iommuret] hit #1820: HalpIommuInitSystem returned EAX=0x00000000 (success/other) rsp=0xFFFFF8005DC75438 exitCount=951374
[iommuret] hit #1821: HalpIommuInitSystem returned EAX=0x00000000 (success/other) rsp=0xFFFFF8005DC75438 exitCount=951375
[iommuret] hit #1822: HalpIommuInitSystem returned EAX=0x00000000 (success/other) rsp=0xFFFFF8005DC75438 exitCount=951376
[iommuret] hit #1823: HalpIommuInitSystem returned EAX=0x00000000 (success/other) rsp=0xFFFFF8005DC75438 exitCount=951377
[iommuret] hit #1824: HalpIommuInitSystem returned EAX=0x00000000 (success/other) rsp=0xFFFFF8005DC75438 exitCount=951378
[iommuret] hit #1825: HalpIommuInitSystem returned EAX=0x00000000 (success/other) rsp=0xFFFFF8005DC75438 exitCount=951379
[iommuret] hit #1826: HalpIommuInitSystem returned EAX=0x00000000 (success/other) rsp=0xFFFFF8005DC75438 exitCount=951380
[iommuret] hit #1827: HalpIommuInitSystem returned EAX=0x00000000 (success/other) rsp=0xFFFFF8005DC75438 exitCount=951381
[iommuret] hit #1828: HalpIommuInitSystem returned EAX=0x00000000 (success/other) rsp=0xFFFFF8005DC75438 exitCount=951382
[iommuret] hit #1829: HalpIommuInitSystem returned EAX=0x00000000 (success/other) rsp=0xFFFFF8005DC75438 exitCount=951383
[iommuret] hit #1830: HalpIommuInitSystem returned EAX=0x00000000 (success/other) rsp=0xFFFFF8005DC75438 exitCount=951384
[iommuret] hit #1831: HalpIommuInitSystem returned EAX=0x00000000 (success/other) rsp=0xFFFFF8005DC75438 exitCount=951385
[iommuret] hit #1832: HalpIommuInitSystem returned EAX=0x00000000 (success/other) rsp=0xFFFFF8005DC75438 exitCount=951386
[iommuret] hit #1833: HalpIommuInitSystem returned EAX=0x00000000 (success/other) rsp=0xFFFFF8005DC75438 exitCount=951387
[iommuret] hit #1834: HalpIommuInitSystem returned EAX=0x00000000 (success/other) rsp=0xFFFFF8005DC75438 exitCount=951388
[iommuret] hit #1835: HalpIommuInitSystem returned EAX=0x00000000 (success/other) rsp=0xFFFFF8005DC75438 exitCount=951389
[iommuret] hit #1836: HalpIommuInitSystem returned EAX=0x00000000 (success/other) rsp=0xFFFFF8005DC75438 exitCount=951390
[iommuret] hit #1837: HalpIommuInitSystem returned EAX=0x00000000 (success/other) rsp=0xFFFFF8005DC75438 exitCount=951391
[iommuret] hit #1838: HalpIommuInitSystem returned EAX=0x00000000 (success/other) rsp=0xFFFFF8005DC75438 exitCount=951392
[iommuret] hit #1839: HalpIommuInitSystem returned EAX=0x00000000 (success/other) rsp=0xFFFFF8005DC75438 exitCount=951393
[iommuret] hit #1840: HalpIommuInitSystem returned EAX=0x00000000 (success/other) rsp=0xFFFFF8005DC75438 exitCount=951394
[iommuret] hit #1841: HalpIommuInitSystem returned EAX=0x00000000 (success/other) rsp=0xFFFFF8005DC75438 exitCount=951395
[iommuret] hit #1842: HalpIommuInitSystem returned EAX=0x00000000 (success/other) rsp=0xFFFFF8005DC75438 exitCount=951396
[iommuret] hit #1843: HalpIommuInitSystem returned EAX=0x00000000 (success/other) rsp=0xFFFFF8005DC75438 exitCount=951397
[iommuret] hit #1844: HalpIommuInitSystem returned EAX=0x00000000 (success/other) rsp=0xFFFFF8005DC75438 exitCount=951398
[iommuret] hit #1845: HalpIommuInitSystem returned EAX=0x00000000 (success/other) rsp=0xFFFFF8005DC75438 exitCount=951399
[iommuret] hit #1846: HalpIommuInitSystem returned EAX=0x00000000 (success/other) rsp=0xFFFFF8005DC75438 exitCount=951400
[iommuret] hit #1847: HalpIommuInitSystem returned EAX=0x00000000 (success/other) rsp=0xFFFFF8005DC75438 exitCount=951401
[iommuret] hit #1848: HalpIommuInitSystem returned EAX=0x00000000 (success/other) rsp=0xFFFFF8005DC75438 exitCount=951402
[iommuret] hit #1849: HalpIommuInitSystem returned EAX=0x00000000 (success/other) rsp=0xFFFFF8005DC75438 exitCount=951403
[iommuret] hit #1850: HalpIommuInitSystem returned EAX=0x00000000 (success/other) rsp=0xFFFFF8005DC75438 exitCount=951404
[iommuret] hit #1851: HalpIommuInitSystem returned EAX=0x00000000 (success/other) rsp=0xFFFFF8005DC75438 exitCount=951405
[iommuret] hit #1852: HalpIommuInitSystem returned EAX=0x00000000 (success/other) rsp=0xFFFFF8005DC75438 exitCount=951406
[iommuret] hit #1853: HalpIommuInitSystem returned EAX=0x00000000 (success/other) rsp=0xFFFFF8005DC75438 exitCount=951407
[iommuret] hit #1854: HalpIommuInitSystem returned EAX=0x00000000 (success/other) rsp=0xFFFFF8005DC75438 exitCount=951408
[iommuret] hit #1855: HalpIommuInitSystem returned EAX=0x00000000 (success/other) rsp=0xFFFFF8005DC75438 exitCount=951409
[iommuret] hit #1856: HalpIommuInitSystem returned EAX=0x00000000 (success/other) rsp=0xFFFFF8005DC75438 exitCount=951410
[iommuret] hit #1857: HalpIommuInitSystem returned EAX=0x00000000 (success/other) rsp=0xFFFFF8005DC75438 exitCount=951411
[iommuret] hit #1858: HalpIommuInitSystem returned EAX=0x00000000 (success/other) rsp=0xFFFFF8005DC75438 exitCount=951412
[iommuret] hit #1859: HalpIommuInitSystem returned EAX=0x00000000 (success/other) rsp=0xFFFFF8005DC75438 exitCount=951413
[iommuret] hit #1860: HalpIommuInitSystem returned EAX=0x00000000 (success/other) rsp=0xFFFFF8005DC75438 exitCount=951414
[iommuret] hit #1861: HalpIommuInitSystem returned EAX=0x00000000 (success/other) rsp=0xFFFFF8005DC75438 exitCount=951415
[iommuret] hit #1862: HalpIommuInitSystem returned EAX=0x00000000 (success/other) rsp=0xFFFFF8005DC75438 exitCount=951416
[iommuret] hit #1863: HalpIommuInitSystem returned EAX=0x00000000 (success/other) rsp=0xFFFFF8005DC75438 exitCount=951417
[iommuret] hit #1864: HalpIommuInitSystem returned EAX=0x00000000 (success/other) rsp=0xFFFFF8005DC75438 exitCount=951418
[iommuret] hit #1865: HalpIommuInitSystem returned EAX=0x00000000 (success/other) rsp=0xFFFFF8005DC75438 exitCount=951419
[iommuret] hit #1866: HalpIommuInitSystem returned EAX=0x00000000 (success/other) rsp=0xFFFFF8005DC75438 exitCount=951420
[iommuret] hit #1867: HalpIommuInitSystem returned EAX=0x00000000 (success/other) rsp=0xFFFFF8005DC75438 exitCount=951421
[iommuret] hit #1868: HalpIommuInitSystem returned EAX=0x00000000 (success/other) rsp=0xFFFFF8005DC75438 exitCount=951422
[iommuret] hit #1869: HalpIommuInitSystem returned EAX=0x00000000 (success/other) rsp=0xFFFFF8005DC75438 exitCount=951423
[iommuret] hit #1870: HalpIommuInitSystem returned EAX=0x00000000 (success/other) rsp=0xFFFFF8005DC75438 exitCount=951424
[iommuret] hit #1871: HalpIommuInitSystem returned EAX=0x00000000 (success/other) rsp=0xFFFFF8005DC75438 exitCount=951425
[iommuret] hit #1872: HalpIommuInitSystem returned EAX=0x00000000 (success/other) rsp=0xFFFFF8005DC75438 exitCount=951426
[iommuret] hit #1873: HalpIommuInitSystem returned EAX=0x00000000 (success/other) rsp=0xFFFFF8005DC75438 exitCount=951427
[iommuret] hit #1874: HalpIommuInitSystem returned EAX=0x00000000 (success/other) rsp=0xFFFFF8005DC75438 exitCount=951428
[iommuret] hit #1875: HalpIommuInitSystem returned EAX=0x00000000 (success/other) rsp=0xFFFFF8005DC75438 exitCount=951429
[iommuret] hit #1876: HalpIommuInitSystem returned EAX=0x00000000 (success/other) rsp=0xFFFFF8005DC75438 exitCount=951430
[iommuret] hit #1877: HalpIommuInitSystem returned EAX=0x00000000 (success/other) rsp=0xFFFFF8005DC75438 exitCount=951431
[iommuret] hit #1878: HalpIommuInitSystem returned EAX=0x00000000 (success/other) rsp=0xFFFFF8005DC75438 exitCount=951432
[iommuret] hit #1879: HalpIommuInitSystem returned EAX=0x00000000 (success/other) rsp=0xFFFFF8005DC75438 exitCount=951433
[iommuret] hit #1880: HalpIommuInitSystem returned EAX=0x00000000 (success/other) rsp=0xFFFFF8005DC75438 exitCount=951434
[iommuret] hit #1881: HalpIommuInitSystem returned EAX=0x00000000 (success/other) rsp=0xFFFFF8005DC75438 exitCount=951435
[iommuret] hit #1882: HalpIommuInitSystem returned EAX=0x00000000 (success/other) rsp=0xFFFFF8005DC75438 exitCount=951436
[iommuret] hit #1883: HalpIommuInitSystem returned EAX=0x00000000 (success/other) rsp=0xFFFFF8005DC75438 exitCount=951437
[iommuret] hit #1884: HalpIommuInitSystem returned EAX=0x00000000 (success/other) rsp=0xFFFFF8005DC75438 exitCount=951438
[iommuret] hit #1885: HalpIommuInitSystem returned EAX=0x00000000 (success/other) rsp=0xFFFFF8005DC75438 exitCount=951439
[iommuret] hit #1886: HalpIommuInitSystem returned EAX=0x00000000 (success/other) rsp=0xFFFFF8005DC75438 exitCount=951440
[iommuret] hit #1887: HalpIommuInitSystem returned EAX=0x00000000 (success/other) rsp=0xFFFFF8005DC75438 exitCount=951441
[iommuret] hit #1888: HalpIommuInitSystem returned EAX=0x00000000 (success/other) rsp=0xFFFFF8005DC75438 exitCount=951442
[iommuret] hit #1889: HalpIommuInitSystem returned EAX=0x00000000 (success/other) rsp=0xFFFFF8005DC75438 exitCount=951443
[iommuret] hit #1890: HalpIommuInitSystem returned EAX=0x00000000 (success/other) rsp=0xFFFFF8005DC75438 exitCount=951444
[iommuret] hit #1891: HalpIommuInitSystem returned EAX=0x00000000 (success/other) rsp=0xFFFFF8005DC75438 exitCount=951445
[iommuret] hit #1892: HalpIommuInitSystem returned EAX=0x00000000 (success/other) rsp=0xFFFFF8005DC75438 exitCount=951446
[iommuret] hit #1893: HalpIommuInitSystem returned EAX=0x00000000 (success/other) rsp=0xFFFFF8005DC75438 exitCount=951447
[iommuret] hit #1894: HalpIommuInitSystem returned EAX=0x00000000 (success/other) rsp=0xFFFFF8005DC75438 exitCount=951448
[iommuret] hit #1895: HalpIommuInitSystem returned EAX=0x00000000 (success/other) rsp=0xFFFFF8005DC75438 exitCount=951449
[iommuret] hit #1896: HalpIommuInitSystem returned EAX=0x00000000 (success/other) rsp=0xFFFFF8005DC75438 exitCount=951450
[iommuret] hit #1897: HalpIommuInitSystem returned EAX=0x00000000 (success/other) rsp=0xFFFFF8005DC75438 exitCount=951451
[iommuret] hit #1898: HalpIommuInitSystem returned EAX=0x00000000 (success/other) rsp=0xFFFFF8005DC75438 exitCount=951452
[iommuret] hit #1899: HalpIommuInitSystem returned EAX=0x00000000 (success/other) rsp=0xFFFFF8005DC75438 exitCount=951453
[iommuret] hit #1900: HalpIommuInitSystem returned EAX=0x00000000 (success/other) rsp=0xFFFFF8005DC75438 exitCount=951454
[iommuret] hit #1901: HalpIommuInitSystem returned EAX=0x00000000 (success/other) rsp=0xFFFFF8005DC75438 exitCount=951455
[iommuret] hit #1902: HalpIommuInitSystem returned EAX=0x00000000 (success/other) rsp=0xFFFFF8005DC75438 exitCount=951456
[iommuret] hit #1903: HalpIommuInitSystem returned EAX=0x00000000 (success/other) rsp=0xFFFFF8005DC75438 exitCount=951457
[iommuret] hit #1904: HalpIommuInitSystem returned EAX=0x00000000 (success/other) rsp=0xFFFFF8005DC75438 exitCount=951458
[iommuret] hit #1905: HalpIommuInitSystem returned EAX=0x00000000 (success/other) rsp=0xFFFFF8005DC75438 exitCount=951459
[iommuret] hit #1906: HalpIommuInitSystem returned EAX=0x00000000 (success/other) rsp=0xFFFFF8005DC75438 exitCount=951460
[iommuret] hit #1907: HalpIommuInitSystem returned EAX=0x00000000 (success/other) rsp=0xFFFFF8005DC75438 exitCount=951461
[iommuret] hit #1908: HalpIommuInitSystem returned EAX=0x00000000 (success/other) rsp=0xFFFFF8005DC75438 exitCount=951462
[iommuret] hit #1909: HalpIommuInitSystem returned EAX=0x00000000 (success/other) rsp=0xFFFFF8005DC75438 exitCount=951463
[iommuret] hit #1910: HalpIommuInitSystem returned EAX=0x00000000 (success/other) rsp=0xFFFFF8005DC75438 exitCount=951464
[iommuret] hit #1911: HalpIommuInitSystem returned EAX=0x00000000 (success/other) rsp=0xFFFFF8005DC75438 exitCount=951465
[iommuret] hit #1912: HalpIommuInitSystem returned EAX=0x00000000 (success/other) rsp=0xFFFFF8005DC75438 exitCount=951466
[iommuret] hit #1913: HalpIommuInitSystem returned EAX=0x00000000 (success/other) rsp=0xFFFFF8005DC75438 exitCount=951467
[iommuret] hit #1914: HalpIommuInitSystem returned EAX=0x00000000 (success/other) rsp=0xFFFFF8005DC75438 exitCount=951468
[iommuret] hit #1915: HalpIommuInitSystem returned EAX=0x00000000 (success/other) rsp=0xFFFFF8005DC75438 exitCount=951469
[iommuret] hit #1916: HalpIommuInitSystem returned EAX=0x00000000 (success/other) rsp=0xFFFFF8005DC75438 exitCount=951470
[iommuret] hit #1917: HalpIommuInitSystem returned EAX=0x00000000 (success/other) rsp=0xFFFFF8005DC75438 exitCount=951471
[iommuret] hit #1918: HalpIommuInitSystem returned EAX=0x00000000 (success/other) rsp=0xFFFFF8005DC75438 exitCount=951472
[iommuret] hit #1919: HalpIommuInitSystem returned EAX=0x00000000 (success/other) rsp=0xFFFFF8005DC75438 exitCount=951473
[iommuret] hit #1920: HalpIommuInitSystem returned EAX=0x00000000 (success/other) rsp=0xFFFFF8005DC75438 exitCount=951474
[iommuret] hit #1921: HalpIommuInitSystem returned EAX=0x00000000 (success/other) rsp=0xFFFFF8005DC75438 exitCount=951475
[iommuret] hit #1922: HalpIommuInitSystem returned EAX=0x00000000 (success/other) rsp=0xFFFFF8005DC75438 exitCount=951476
[iommuret] hit #1923: HalpIommuInitSystem returned EAX=0x00000000 (success/other) rsp=0xFFFFF8005DC75438 exitCount=951477
[iommuret] hit #1924: HalpIommuInitSystem returned EAX=0x00000000 (success/other) rsp=0xFFFFF8005DC75438 exitCount=951478
[iommuret] hit #1925: HalpIommuInitSystem returned EAX=0x00000000 (success/other) rsp=0xFFFFF8005DC75438 exitCount=951479
[iommuret] hit #1926: HalpIommuInitSystem returned EAX=0x00000000 (success/other) rsp=0xFFFFF8005DC75438 exitCount=951480
[iommuret] hit #1927: HalpIommuInitSystem returned EAX=0x00000000 (success/other) rsp=0xFFFFF8005DC75438 exitCount=951481
[iommuret] hit #1928: HalpIommuInitSystem returned EAX=0x00000000 (success/other) rsp=0xFFFFF8005DC75438 exitCount=951482
[iommuret] hit #1929: HalpIommuInitSystem returned EAX=0x00000000 (success/other) rsp=0xFFFFF8005DC75438 exitCount=951483
[iommuret] hit #1930: HalpIommuInitSystem returned EAX=0x00000000 (success/other) rsp=0xFFFFF8005DC75438 exitCount=951484
[iommuret] hit #1931: HalpIommuInitSystem returned EAX=0x00000000 (success/other) rsp=0xFFFFF8005DC75438 exitCount=951485
[iommuret] hit #1932: HalpIommuInitSystem returned EAX=0x00000000 (success/other) rsp=0xFFFFF8005DC75438 exitCount=951486
[iommuret] hit #1933: HalpIommuInitSystem returned EAX=0x00000000 (success/other) rsp=0xFFFFF8005DC75438 exitCount=951487
[iommuret] hit #1934: HalpIommuInitSystem returned EAX=0x00000000 (success/other) rsp=0xFFFFF8005DC75438 exitCount=951488
[iommuret] hit #1935: HalpIommuInitSystem returned EAX=0x00000000 (success/other) rsp=0xFFFFF8005DC75438 exitCount=951489
[iommuret] hit #1936: HalpIommuInitSystem returned EAX=0x00000000 (success/other) rsp=0xFFFFF8005DC75438 exitCount=951490
[iommuret] hit #1937: HalpIommuInitSystem returned EAX=0x00000000 (success/other) rsp=0xFFFFF8005DC75438 exitCount=951491
[iommuret] hit #1938: HalpIommuInitSystem returned EAX=0x00000000 (success/other) rsp=0xFFFFF8005DC75438 exitCount=951492
[iommuret] hit #1939: HalpIommuInitSystem returned EAX=0x00000000 (success/other) rsp=0xFFFFF8005DC75438 exitCount=951493
[iommuret] hit #1940: HalpIommuInitSystem returned EAX=0x00000000 (success/other) rsp=0xFFFFF8005DC75438 exitCount=951494
[iommuret] hit #1941: HalpIommuInitSystem returned EAX=0x00000000 (success/other) rsp=0xFFFFF8005DC75438 exitCount=951495
[iommuret] hit #1942: HalpIommuInitSystem returned EAX=0x00000000 (success/other) rsp=0xFFFFF8005DC75438 exitCount=951496
[iommuret] hit #1943: HalpIommuInitSystem returned EAX=0x00000000 (success/other) rsp=0xFFFFF8005DC75438 exitCount=951497
[iommuret] hit #1944: HalpIommuInitSystem returned EAX=0x00000000 (success/other) rsp=0xFFFFF8005DC75438 exitCount=951498
[iommuret] hit #1945: HalpIommuInitSystem returned EAX=0x00000000 (success/other) rsp=0xFFFFF8005DC75438 exitCount=951499
[iommuret] hit #1946: HalpIommuInitSystem returned EAX=0x00000000 (success/other) rsp=0xFFFFF8005DC75438 exitCount=951500
[iommuret] hit #1947: HalpIommuInitSystem returned EAX=0x00000000 (success/other) rsp=0xFFFFF8005DC75438 exitCount=951501
[iommuret] hit #1948: HalpIommuInitSystem returned EAX=0x00000000 (success/other) rsp=0xFFFFF8005DC75438 exitCount=951502
[iommuret] hit #1949: HalpIommuInitSystem returned EAX=0x00000000 (success/other) rsp=0xFFFFF8005DC75438 exitCount=951503
[iommuret] hit #1950: HalpIommuInitSystem returned EAX=0x00000000 (success/other) rsp=0xFFFFF8005DC75438 exitCount=951504
[iommuret] hit #1951: HalpIommuInitSystem returned EAX=0x00000000 (success/other) rsp=0xFFFFF8005DC75438 exitCount=951505
[iommuret] hit #1952: HalpIommuInitSystem returned EAX=0x00000000 (success/other) rsp=0xFFFFF8005DC75438 exitCount=951506
[iommuret] hit #1953: HalpIommuInitSystem returned EAX=0x00000000 (success/other) rsp=0xFFFFF8005DC75438 exitCount=951507
[iommuret] hit #1954: HalpIommuInitSystem returned EAX=0x00000000 (success/other) rsp=0xFFFFF8005DC75438 exitCount=951508
[iommuret] hit #1955: HalpIommuInitSystem returned EAX=0x00000000 (success/other) rsp=0xFFFFF8005DC75438 exitCount=951509
[iommuret] hit #1956: HalpIommuInitSystem returned EAX=0x00000000 (success/other) rsp=0xFFFFF8005DC75438 exitCount=951510
[iommuret] hit #1957: HalpIommuInitSystem returned EAX=0x00000000 (success/other) rsp=0xFFFFF8005DC75438 exitCount=951511
[iommuret] hit #1958: HalpIommuInitSystem returned EAX=0x00000000 (success/other) rsp=0xFFFFF8005DC75438 exitCount=951512
[iommuret] hit #1959: HalpIommuInitSystem returned EAX=0x00000000 (success/other) rsp=0xFFFFF8005DC75438 exitCount=951513
[iommuret] hit #1960: HalpIommuInitSystem returned EAX=0x00000000 (success/other) rsp=0xFFFFF8005DC75438 exitCount=951514
[iommuret] hit #1961: HalpIommuInitSystem returned EAX=0x00000000 (success/other) rsp=0xFFFFF8005DC75438 exitCount=951515
[iommuret] hit #1962: HalpIommuInitSystem returned EAX=0x00000000 (success/other) rsp=0xFFFFF8005DC75438 exitCount=951516
[iommuret] hit #1963: HalpIommuInitSystem returned EAX=0x00000000 (success/other) rsp=0xFFFFF8005DC75438 exitCount=951517
[iommuret] hit #1964: HalpIommuInitSystem returned EAX=0x00000000 (success/other) rsp=0xFFFFF8005DC75438 exitCount=951518
[iommuret] hit #1965: HalpIommuInitSystem returned EAX=0x00000000 (success/other) rsp=0xFFFFF8005DC75438 exitCount=951519
[iommuret] hit #1966: HalpIommuInitSystem returned EAX=0x00000000 (success/other) rsp=0xFFFFF8005DC75438 exitCount=951520
[iommuret] hit #1967: HalpIommuInitSystem returned EAX=0x00000000 (success/other) rsp=0xFFFFF8005DC75438 exitCount=951521
[iommuret] hit #1968: HalpIommuInitSystem returned EAX=0x00000000 (success/other) rsp=0xFFFFF8005DC75438 exitCount=951522
[iommuret] hit #1969: HalpIommuInitSystem returned EAX=0x00000000 (success/other) rsp=0xFFFFF8005DC75438 exitCount=951523
[iommuret] hit #1970: HalpIommuInitSystem returned EAX=0x00000000 (success/other) rsp=0xFFFFF8005DC75438 exitCount=951524
[iommuret] hit #1971: HalpIommuInitSystem returned EAX=0x00000000 (success/other) rsp=0xFFFFF8005DC75438 exitCount=951525
[iommuret] hit #1972: HalpIommuInitSystem returned EAX=0x00000000 (success/other) rsp=0xFFFFF8005DC75438 exitCount=951526
[iommuret] hit #1973: HalpIommuInitSystem returned EAX=0x00000000 (success/other) rsp=0xFFFFF8005DC75438 exitCount=951527
[iommuret] hit #1974: HalpIommuInitSystem returned EAX=0x00000000 (success/other) rsp=0xFFFFF8005DC75438 exitCount=951528
[iommuret] hit #1975: HalpIommuInitSystem returned EAX=0x00000000 (success/other) rsp=0xFFFFF8005DC75438 exitCount=951529
[iommuret] hit #1976: HalpIommuInitSystem returned EAX=0x00000000 (success/other) rsp=0xFFFFF8005DC75438 exitCount=951530
[iommuret] hit #1977: HalpIommuInitSystem returned EAX=0x00000000 (success/other) rsp=0xFFFFF8005DC75438 exitCount=951531
[iommuret] hit #1978: HalpIommuInitSystem returned EAX=0x00000000 (success/other) rsp=0xFFFFF8005DC75438 exitCount=951532
[iommuret] hit #1979: HalpIommuInitSystem returned EAX=0x00000000 (success/other) rsp=0xFFFFF8005DC75438 exitCount=951533
[iommuret] hit #1980: HalpIommuInitSystem returned EAX=0x00000000 (success/other) rsp=0xFFFFF8005DC75438 exitCount=951534
[iommuret] hit #1981: HalpIommuInitSystem returned EAX=0x00000000 (success/other) rsp=0xFFFFF8005DC75438 exitCount=951535
[iommuret] hit #1982: HalpIommuInitSystem returned EAX=0x00000000 (success/other) rsp=0xFFFFF8005DC75438 exitCount=951536
[iommuret] hit #1983: HalpIommuInitSystem returned EAX=0x00000000 (success/other) rsp=0xFFFFF8005DC75438 exitCount=951537
[iommuret] hit #1984: HalpIommuInitSystem returned EAX=0x00000000 (success/other) rsp=0xFFFFF8005DC75438 exitCount=951538
[iommuret] hit #1985: HalpIommuInitSystem returned EAX=0x00000000 (success/other) rsp=0xFFFFF8005DC75438 exitCount=951539
[iommuret] hit #1986: HalpIommuInitSystem returned EAX=0x00000000 (success/other) rsp=0xFFFFF8005DC75438 exitCount=951540
[iommuret] hit #1987: HalpIommuInitSystem returned EAX=0x00000000 (success/other) rsp=0xFFFFF8005DC75438 exitCount=951541
[iommuret] hit #1988: HalpIommuInitSystem returned EAX=0x00000000 (success/other) rsp=0xFFFFF8005DC75438 exitCount=951542
[iommuret] hit #1989: HalpIommuInitSystem returned EAX=0x00000000 (success/other) rsp=0xFFFFF8005DC75438 exitCount=951543
[iommuret] hit #1990: HalpIommuInitSystem returned EAX=0x00000000 (success/other) rsp=0xFFFFF8005DC75438 exitCount=951544
[iommuret] hit #1991: HalpIommuInitSystem returned EAX=0x00000000 (success/other) rsp=0xFFFFF8005DC75438 exitCount=951545
[iommuret] hit #1992: HalpIommuInitSystem returned EAX=0x00000000 (success/other) rsp=0xFFFFF8005DC75438 exitCount=951546
[iommuret] hit #1993: HalpIommuInitSystem returned EAX=0x00000000 (success/other) rsp=0xFFFFF8005DC75438 exitCount=951547
[iommuret] hit #1994: HalpIommuInitSystem returned EAX=0x00000000 (success/other) rsp=0xFFFFF8005DC75438 exitCount=951548
[iommuret] hit #1995: HalpIommuInitSystem returned EAX=0x00000000 (success/other) rsp=0xFFFFF8005DC75438 exitCount=951549
[iommuret] hit #1996: HalpIommuInitSystem returned EAX=0x00000000 (success/other) rsp=0xFFFFF8005DC75438 exitCount=951550
[iommuret] hit #1997: HalpIommuInitSystem returned EAX=0x00000000 (success/other) rsp=0xFFFFF8005DC75438 exitCount=951551
[iommuret] hit #1998: HalpIommuInitSystem returned EAX=0x00000000 (success/other) rsp=0xFFFFF8005DC75438 exitCount=951552
[iommuret] hit #1999: HalpIommuInitSystem returned EAX=0x00000000 (success/other) rsp=0xFFFFF8005DC75438 exitCount=951553
[iommuret] hit #2000: HalpIommuInitSystem returned EAX=0x00000000 (success/other) rsp=0xFFFFF8005DC75438 exitCount=951554
[iommuret] hit #2001: HalpIommuInitSystem returned EAX=0x00000000 (success/other) rsp=0xFFFFF8005DC75438 exitCount=951555
[iommuret] hit #2002: HalpIommuInitSystem returned EAX=0x00000000 (success/other) rsp=0xFFFFF8005DC75438 exitCount=951556
[iommuret] hit #2003: HalpIommuInitSystem returned EAX=0x00000000 (success/other) rsp=0xFFFFF8005DC75438 exitCount=951557
[iommuret] hit #2004: HalpIommuInitSystem returned EAX=0x00000000 (success/other) rsp=0xFFFFF8005DC75438 exitCount=951558
[iommuret] hit #2005: HalpIommuInitSystem returned EAX=0x00000000 (success/other) rsp=0xFFFFF8005DC75438 exitCount=951559
[iommuret] hit #2006: HalpIommuInitSystem returned EAX=0x00000000 (success/other) rsp=0xFFFFF8005DC75438 exitCount=951560
[iommuret] hit #2007: HalpIommuInitSystem returned EAX=0x00000000 (success/other) rsp=0xFFFFF8005DC75438 exitCount=951561
[iommuret] hit #2008: HalpIommuInitSystem returned EAX=0x00000000 (success/other) rsp=0xFFFFF8005DC75438 exitCount=951562
[iommuret] hit #2009: HalpIommuInitSystem returned EAX=0x00000000 (success/other) rsp=0xFFFFF8005DC75438 exitCount=951563
[iommuret] hit #2010: HalpIommuInitSystem returned EAX=0x00000000 (success/other) rsp=0xFFFFF8005DC75438 exitCount=951564
[iommuret] hit #2011: HalpIommuInitSystem returned EAX=0x00000000 (success/other) rsp=0xFFFFF8005DC75438 exitCount=951565
[iommuret] hit #2012: HalpIommuInitSystem returned EAX=0x00000000 (success/other) rsp=0xFFFFF8005DC75438 exitCount=951566
[iommuret] hit #2013: HalpIommuInitSystem returned EAX=0x00000000 (success/other) rsp=0xFFFFF8005DC75438 exitCount=951567
[iommuret] hit #2014: HalpIommuInitSystem returned EAX=0x00000000 (success/other) rsp=0xFFFFF8005DC75438 exitCount=951568
[iommuret] hit #2015: HalpIommuInitSystem returned EAX=0x00000000 (success/other) rsp=0xFFFFF8005DC75438 exitCount=951569
[iommuret] hit #2016: HalpIommuInitSystem returned EAX=0x00000000 (success/other) rsp=0xFFFFF8005DC75438 exitCount=951570
[iommuret] hit #2017: HalpIommuInitSystem returned EAX=0x00000000 (success/other) rsp=0xFFFFF8005DC75438 exitCount=951571
[iommuret] hit #2018: HalpIommuInitSystem returned EAX=0x00000000 (success/other) rsp=0xFFFFF8005DC75438 exitCount=951572
[iommuret] hit #2019: HalpIommuInitSystem returned EAX=0x00000000 (success/other) rsp=0xFFFFF8005DC75438 exitCount=951573
[iommuret] hit #2020: HalpIommuInitSystem returned EAX=0x00000000 (success/other) rsp=0xFFFFF8005DC75438 exitCount=951574
[iommuret] hit #2021: HalpIommuInitSystem returned EAX=0x00000000 (success/other) rsp=0xFFFFF8005DC75438 exitCount=951575
[iommuret] hit #2022: HalpIommuInitSystem returned EAX=0x00000000 (success/other) rsp=0xFFFFF8005DC75438 exitCount=951576
[iommuret] hit #2023: HalpIommuInitSystem returned EAX=0x00000000 (success/other) rsp=0xFFFFF8005DC75438 exitCount=951577
[iommuret] hit #2024: HalpIommuInitSystem returned EAX=0x00000000 (success/other) rsp=0xFFFFF8005DC75438 exitCount=951578
[iommuret] hit #2025: HalpIommuInitSystem returned EAX=0x00000000 (success/other) rsp=0xFFFFF8005DC75438 exitCount=951579
[iommuret] hit #2026: HalpIommuInitSystem returned EAX=0x00000000 (success/other) rsp=0xFFFFF8005DC75438 exitCount=951580
[iommuret] hit #2027: HalpIommuInitSystem returned EAX=0x00000000 (success/other) rsp=0xFFFFF8005DC75438 exitCount=951581
[iommuret] hit #2028: HalpIommuInitSystem returned EAX=0x00000000 (success/other) rsp=0xFFFFF8005DC75438 exitCount=951582
[iommuret] hit #2029: HalpIommuInitSystem returned EAX=0x00000000 (success/other) rsp=0xFFFFF8005DC75438 exitCount=951583
[iommuret] hit #2030: HalpIommuInitSystem returned EAX=0x00000000 (success/other) rsp=0xFFFFF8005DC75438 exitCount=951584
[iommuret] hit #2031: HalpIommuInitSystem returned EAX=0x00000000 (success/other) rsp=0xFFFFF8005DC75438 exitCount=951585
[iommuret] hit #2032: HalpIommuInitSystem returned EAX=0x00000000 (success/other) rsp=0xFFFFF8005DC75438 exitCount=951586
[iommuret] hit #2033: HalpIommuInitSystem returned EAX=0x00000000 (success/other) rsp=0xFFFFF8005DC75438 exitCount=951587
[iommuret] hit #2034: HalpIommuInitSystem returned EAX=0x00000000 (success/other) rsp=0xFFFFF8005DC75438 exitCount=951588
[iommuret] hit #2035: HalpIommuInitSystem returned EAX=0x00000000 (success/other) rsp=0xFFFFF8005DC75438 exitCount=951589
[iommuret] hit #2036: HalpIommuInitSystem returned EAX=0x00000000 (success/other) rsp=0xFFFFF8005DC75438 exitCount=951590
[iommuret] hit #2037: HalpIommuInitSystem returned EAX=0x00000000 (success/other) rsp=0xFFFFF8005DC75438 exitCount=951591
[iommuret] hit #2038: HalpIommuInitSystem returned EAX=0x00000000 (success/other) rsp=0xFFFFF8005DC75438 exitCount=951592
[iommuret] hit #2039: HalpIommuInitSystem returned EAX=0x00000000 (success/other) rsp=0xFFFFF8005DC75438 exitCount=951593
[iommuret] hit #2040: HalpIommuInitSystem returned EAX=0x00000000 (success/other) rsp=0xFFFFF8005DC75438 exitCount=951594
[iommuret] hit #2041: HalpIommuInitSystem returned EAX=0x00000000 (success/other) rsp=0xFFFFF8005DC75438 exitCount=951595
[iommuret] hit #2042: HalpIommuInitSystem returned EAX=0x00000000 (success/other) rsp=0xFFFFF8005DC75438 exitCount=951596
[iommuret] hit #2043: HalpIommuInitSystem returned EAX=0x00000000 (success/other) rsp=0xFFFFF8005DC75438 exitCount=951597
[iommuret] hit #2044: HalpIommuInitSystem returned EAX=0x00000000 (success/other) rsp=0xFFFFF8005DC75438 exitCount=951598
[iommuret] hit #2045: HalpIommuInitSystem returned EAX=0x00000000 (success/other) rsp=0xFFFFF8005DC75438 exitCount=951599
[iommuret] hit #2046: HalpIommuInitSystem returned EAX=0x00000000 (success/other) rsp=0xFFFFF8005DC75438 exitCount=951600
[iommuret] hit #2047: HalpIommuInitSystem returned EAX=0x00000000 (success/other) rsp=0xFFFFF8005DC75438 exitCount=951601
[iommuret] hit #2048: HalpIommuInitSystem returned EAX=0x00000000 (success/other) rsp=0xFFFFF8005DC75438 exitCount=951602
[iommuret] hit #2049: HalpIommuInitSystem returned EAX=0x00000000 (success/other) rsp=0xFFFFF8005DC75438 exitCount=951603
[iommuret] hit #2050: HalpIommuInitSystem returned EAX=0x00000000 (success/other) rsp=0xFFFFF8005DC75438 exitCount=951604
[iommuret] hit #2051: HalpIommuInitSystem returned EAX=0x00000000 (success/other) rsp=0xFFFFF8005DC75438 exitCount=951605
[iommuret] hit #2052: HalpIommuInitSystem returned EAX=0x00000000 (success/other) rsp=0xFFFFF8005DC75438 exitCount=951606
[iommuret] hit #2053: HalpIommuInitSystem returned EAX=0x00000000 (success/other) rsp=0xFFFFF8005DC75438 exitCount=951607
[iommuret] hit #2054: HalpIommuInitSystem returned EAX=0x00000000 (success/other) rsp=0xFFFFF8005DC75438 exitCount=951608
[iommuret] hit #2055: HalpIommuInitSystem returned EAX=0x00000000 (success/other) rsp=0xFFFFF8005DC75438 exitCount=951609
[iommuret] hit #2056: HalpIommuInitSystem returned EAX=0x00000000 (success/other) rsp=0xFFFFF8005DC75438 exitCount=951610
[iommuret] hit #2057: HalpIommuInitSystem returned EAX=0x00000000 (success/other) rsp=0xFFFFF8005DC75438 exitCount=951611
[iommuret] hit #2058: HalpIommuInitSystem returned EAX=0x00000000 (success/other) rsp=0xFFFFF8005DC75438 exitCount=951612
[iommuret] hit #2059: HalpIommuInitSystem returned EAX=0x00000000 (success/other) rsp=0xFFFFF8005DC75438 exitCount=951613
[iommuret] hit #2060: HalpIommuInitSystem returned EAX=0x00000000 (success/other) rsp=0xFFFFF8005DC75438 exitCount=951614
[iommuret] hit #2061: HalpIommuInitSystem returned EAX=0x00000000 (success/other) rsp=0xFFFFF8005DC75438 exitCount=951615
[iommuret] hit #2062: HalpIommuInitSystem returned EAX=0x00000000 (success/other) rsp=0xFFFFF8005DC75438 exitCount=951616
[iommuret] hit #2063: HalpIommuInitSystem returned EAX=0x00000000 (success/other) rsp=0xFFFFF8005DC75438 exitCount=951617
[iommuret] hit #2064: HalpIommuInitSystem returned EAX=0x00000000 (success/other) rsp=0xFFFFF8005DC75438 exitCount=951618
[iommuret] hit #2065: HalpIommuInitSystem returned EAX=0x00000000 (success/other) rsp=0xFFFFF8005DC75438 exitCount=951619
[iommuret] hit #2066: HalpIommuInitSystem returned EAX=0x00000000 (success/other) rsp=0xFFFFF8005DC75438 exitCount=951620
[iommuret] hit #2067: HalpIommuInitSystem returned EAX=0x00000000 (success/other) rsp=0xFFFFF8005DC75438 exitCount=951621
[iommuret] hit #2068: HalpIommuInitSystem returned EAX=0x00000000 (success/other) rsp=0xFFFFF8005DC75438 exitCount=951622
[iommuret] hit #2069: HalpIommuInitSystem returned EAX=0x00000000 (success/other) rsp=0xFFFFF8005DC75438 exitCount=951623
[iommuret] hit #2070: HalpIommuInitSystem returned EAX=0x00000000 (success/other) rsp=0xFFFFF8005DC75438 exitCount=951624
[iommuret] hit #2071: HalpIommuInitSystem returned EAX=0x00000000 (success/other) rsp=0xFFFFF8005DC75438 exitCount=951625
[iommuret] hit #2072: HalpIommuInitSystem returned EAX=0x00000000 (success/other) rsp=0xFFFFF8005DC75438 exitCount=951626
[iommuret] hit #2073: HalpIommuInitSystem returned EAX=0x00000000 (success/other) rsp=0xFFFFF8005DC75438 exitCount=951627
[iommuret] hit #2074: HalpIommuInitSystem returned EAX=0x00000000 (success/other) rsp=0xFFFFF8005DC75438 exitCount=951628
[iommuret] hit #2075: HalpIommuInitSystem returned EAX=0x00000000 (success/other) rsp=0xFFFFF8005DC75438 exitCount=951629
[iommuret] hit #2076: HalpIommuInitSystem returned EAX=0x00000000 (success/other) rsp=0xFFFFF8005DC75438 exitCount=951630
[iommuret] hit #2077: HalpIommuInitSystem returned EAX=0x00000000 (success/other) rsp=0xFFFFF8005DC75438 exitCount=951631
[iommuret] hit #2078: HalpIommuInitSystem returned EAX=0x00000000 (success/other) rsp=0xFFFFF8005DC75438 exitCount=951632
[iommuret] hit #2079: HalpIommuInitSystem returned EAX=0x00000000 (success/other) rsp=0xFFFFF8005DC75438 exitCount=951633
[iommuret] hit #2080: HalpIommuInitSystem returned EAX=0x00000000 (success/other) rsp=0xFFFFF8005DC75438 exitCount=951634
[iommuret] hit #2081: HalpIommuInitSystem returned EAX=0x00000000 (success/other) rsp=0xFFFFF8005DC75438 exitCount=951635
[iommuret] hit #2082: HalpIommuInitSystem returned EAX=0x00000000 (success/other) rsp=0xFFFFF8005DC75438 exitCount=951636
[iommuret] hit #2083: HalpIommuInitSystem returned EAX=0x00000000 (success/other) rsp=0xFFFFF8005DC75438 exitCount=951637
[iommuret] hit #2084: HalpIommuInitSystem returned EAX=0x00000000 (success/other) rsp=0xFFFFF8005DC75438 exitCount=951638
[iommuret] hit #2085: HalpIommuInitSystem returned EAX=0x00000000 (success/other) rsp=0xFFFFF8005DC75438 exitCount=951639
[iommuret] hit #2086: HalpIommuInitSystem returned EAX=0x00000000 (success/other) rsp=0xFFFFF8005DC75438 exitCount=951640
[iommuret] hit #2087: HalpIommuInitSystem returned EAX=0x00000000 (success/other) rsp=0xFFFFF8005DC75438 exitCount=951641
[iommuret] hit #2088: HalpIommuInitSystem returned EAX=0x00000000 (success/other) rsp=0xFFFFF8005DC75438 exitCount=951642
[iommuret] hit #2089: HalpIommuInitSystem returned EAX=0x00000000 (success/other) rsp=0xFFFFF8005DC75438 exitCount=951643
[iommuret] hit #2090: HalpIommuInitSystem returned EAX=0x00000000 (success/other) rsp=0xFFFFF8005DC75438 exitCount=951644
[iommuret] hit #2091: HalpIommuInitSystem returned EAX=0x00000000 (success/other) rsp=0xFFFFF8005DC75438 exitCount=951645
[iommuret] hit #2092: HalpIommuInitSystem returned EAX=0x00000000 (success/other) rsp=0xFFFFF8005DC75438 exitCount=951646
[iommuret] hit #2093: HalpIommuInitSystem returned EAX=0x00000000 (success/other) rsp=0xFFFFF8005DC75438 exitCount=951647
[iommuret] hit #2094: HalpIommuInitSystem returned EAX=0x00000000 (success/other) rsp=0xFFFFF8005DC75438 exitCount=951648
[iommuret] hit #2095: HalpIommuInitSystem returned EAX=0x00000000 (success/other) rsp=0xFFFFF8005DC75438 exitCount=951649
[iommuret] hit #2096: HalpIommuInitSystem returned EAX=0x00000000 (success/other) rsp=0xFFFFF8005DC75438 exitCount=951650
[iommuret] hit #2097: HalpIommuInitSystem returned EAX=0x00000000 (success/other) rsp=0xFFFFF8005DC75438 exitCount=951651
[iommuret] hit #2098: HalpIommuInitSystem returned EAX=0x00000000 (success/other) rsp=0xFFFFF8005DC75438 exitCount=951652
[iommuret] hit #2099: HalpIommuInitSystem returned EAX=0x00000000 (success/other) rsp=0xFFFFF8005DC75438 exitCount=951653
[iommuret] hit #2100: HalpIommuInitSystem returned EAX=0x00000000 (success/other) rsp=0xFFFFF8005DC75438 exitCount=951654
[iommuret] hit #2101: HalpIommuInitSystem returned EAX=0x00000000 (success/other) rsp=0xFFFFF8005DC75438 exitCount=951655
[iommuret] hit #2102: HalpIommuInitSystem returned EAX=0x00000000 (success/other) rsp=0xFFFFF8005DC75438 exitCount=951656
[iommuret] hit #2103: HalpIommuInitSystem returned EAX=0x00000000 (success/other) rsp=0xFFFFF8005DC75438 exitCount=951657
[iommuret] hit #2104: HalpIommuInitSystem returned EAX=0x00000000 (success/other) rsp=0xFFFFF8005DC75438 exitCount=951658
[iommuret] hit #2105: HalpIommuInitSystem returned EAX=0x00000000 (success/other) rsp=0xFFFFF8005DC75438 exitCount=951659
[iommuret] hit #2106: HalpIommuInitSystem returned EAX=0x00000000 (success/other) rsp=0xFFFFF8005DC75438 exitCount=951660
[iommuret] hit #2107: HalpIommuInitSystem returned EAX=0x00000000 (success/other) rsp=0xFFFFF8005DC75438 exitCount=951661
[iommuret] hit #2108: HalpIommuInitSystem returned EAX=0x00000000 (success/other) rsp=0xFFFFF8005DC75438 exitCount=951662
[iommuret] hit #2109: HalpIommuInitSystem returned EAX=0x00000000 (success/other) rsp=0xFFFFF8005DC75438 exitCount=951663
[iommuret] hit #2110: HalpIommuInitSystem returned EAX=0x00000000 (success/other) rsp=0xFFFFF8005DC75438 exitCount=951664
[iommuret] hit #2111: HalpIommuInitSystem returned EAX=0x00000000 (success/other) rsp=0xFFFFF8005DC75438 exitCount=951665
[iommuret] hit #2112: HalpIommuInitSystem returned EAX=0x00000000 (success/other) rsp=0xFFFFF8005DC75438 exitCount=951666
[iommuret] hit #2113: HalpIommuInitSystem returned EAX=0x00000000 (success/other) rsp=0xFFFFF8005DC75438 exitCount=951667
[iommuret] hit #2114: HalpIommuInitSystem returned EAX=0x00000000 (success/other) rsp=0xFFFFF8005DC75438 exitCount=951668
[iommuret] hit #2115: HalpIommuInitSystem returned EAX=0x00000000 (success/other) rsp=0xFFFFF8005DC75438 exitCount=951669
[iommuret] hit #2116: HalpIommuInitSystem returned EAX=0x00000000 (success/other) rsp=0xFFFFF8005DC75438 exitCount=951670
[iommuret] hit #2117: HalpIommuInitSystem returned EAX=0x00000000 (success/other) rsp=0xFFFFF8005DC75438 exitCount=951671
[iommuret] hit #2118: HalpIommuInitSystem returned EAX=0x00000000 (success/other) rsp=0xFFFFF8005DC75438 exitCount=951672
[iommuret] hit #2119: HalpIommuInitSystem returned EAX=0x00000000 (success/other) rsp=0xFFFFF8005DC75438 exitCount=951673
[iommuret] hit #2120: HalpIommuInitSystem returned EAX=0x00000000 (success/other) rsp=0xFFFFF8005DC75438 exitCount=951674
[iommuret] hit #2121: HalpIommuInitSystem returned EAX=0x00000000 (success/other) rsp=0xFFFFF8005DC75438 exitCount=951675
[iommuret] hit #2122: HalpIommuInitSystem returned EAX=0x00000000 (success/other) rsp=0xFFFFF8005DC75438 exitCount=951676
[iommuret] hit #2123: HalpIommuInitSystem returned EAX=0x00000000 (success/other) rsp=0xFFFFF8005DC75438 exitCount=951677
[iommuret] hit #2124: HalpIommuInitSystem returned EAX=0x00000000 (success/other) rsp=0xFFFFF8005DC75438 exitCount=951678
[iommuret] hit #2125: HalpIommuInitSystem returned EAX=0x00000000 (success/other) rsp=0xFFFFF8005DC75438 exitCount=951679
[iommuret] hit #2126: HalpIommuInitSystem returned EAX=0x00000000 (success/other) rsp=0xFFFFF8005DC75438 exitCount=951680
[iommuret] hit #2127: HalpIommuInitSystem returned EAX=0x00000000 (success/other) rsp=0xFFFFF8005DC75438 exitCount=951681
[iommuret] hit #2128: HalpIommuInitSystem returned EAX=0x00000000 (success/other) rsp=0xFFFFF8005DC75438 exitCount=951682
[iommuret] hit #2129: HalpIommuInitSystem returned EAX=0x00000000 (success/other) rsp=0xFFFFF8005DC75438 exitCount=951683
[iommuret] hit #2130: HalpIommuInitSystem returned EAX=0x00000000 (success/other) rsp=0xFFFFF8005DC75438 exitCount=951684
[iommuret] hit #2131: HalpIommuInitSystem returned EAX=0x00000000 (success/other) rsp=0xFFFFF8005DC75438 exitCount=951685
[iommuret] hit #2132: HalpIommuInitSystem returned EAX=0x00000000 (success/other) rsp=0xFFFFF8005DC75438 exitCount=951686
[iommuret] hit #2133: HalpIommuInitSystem returned EAX=0x00000000 (success/other) rsp=0xFFFFF8005DC75438 exitCount=951687
[iommuret] hit #2134: HalpIommuInitSystem returned EAX=0x00000000 (success/other) rsp=0xFFFFF8005DC75438 exitCount=951688
[iommuret] hit #2135: HalpIommuInitSystem returned EAX=0x00000000 (success/other) rsp=0xFFFFF8005DC75438 exitCount=951689
[iommuret] hit #2136: HalpIommuInitSystem returned EAX=0x00000000 (success/other) rsp=0xFFFFF8005DC75438 exitCount=951690
[iommuret] hit #2137: HalpIommuInitSystem returned EAX=0x00000000 (success/other) rsp=0xFFFFF8005DC75438 exitCount=951691
[iommuret] hit #2138: HalpIommuInitSystem returned EAX=0x00000000 (success/other) rsp=0xFFFFF8005DC75438 exitCount=951692
[iommuret] hit #2139: HalpIommuInitSystem returned EAX=0x00000000 (success/other) rsp=0xFFFFF8005DC75438 exitCount=951693
[iommuret] hit #2140: HalpIommuInitSystem returned EAX=0x00000000 (success/other) rsp=0xFFFFF8005DC75438 exitCount=951694
[iommuret] hit #2141: HalpIommuInitSystem returned EAX=0x00000000 (success/other) rsp=0xFFFFF8005DC75438 exitCount=951695
[iommuret] hit #2142: HalpIommuInitSystem returned EAX=0x00000000 (success/other) rsp=0xFFFFF8005DC75438 exitCount=951696
[iommuret] hit #2143: HalpIommuInitSystem returned EAX=0x00000000 (success/other) rsp=0xFFFFF8005DC75438 exitCount=951697
[iommuret] hit #2144: HalpIommuInitSystem returned EAX=0x00000000 (success/other) rsp=0xFFFFF8005DC75438 exitCount=951698
[iommuret] hit #2145: HalpIommuInitSystem returned EAX=0x00000000 (success/other) rsp=0xFFFFF8005DC75438 exitCount=951699
[iommuret] hit #2146: HalpIommuInitSystem returned EAX=0x00000000 (success/other) rsp=0xFFFFF8005DC75438 exitCount=951700
[iommuret] hit #2147: HalpIommuInitSystem returned EAX=0x00000000 (success/other) rsp=0xFFFFF8005DC75438 exitCount=951701
[iommuret] hit #2148: HalpIommuInitSystem returned EAX=0x00000000 (success/other) rsp=0xFFFFF8005DC75438 exitCount=951702
[iommuret] hit #2149: HalpIommuInitSystem returned EAX=0x00000000 (success/other) rsp=0xFFFFF8005DC75438 exitCount=951703
[iommuret] hit #2150: HalpIommuInitSystem returned EAX=0x00000000 (success/other) rsp=0xFFFFF8005DC75438 exitCount=951704
[iommuret] hit #2151: HalpIommuInitSystem returned EAX=0x00000000 (success/other) rsp=0xFFFFF8005DC75438 exitCount=951705
[iommuret] hit #2152: HalpIommuInitSystem returned EAX=0x00000000 (success/other) rsp=0xFFFFF8005DC75438 exitCount=951706
[iommuret] hit #2153: HalpIommuInitSystem returned EAX=0x00000000 (success/other) rsp=0xFFFFF8005DC75438 exitCount=951707
[iommuret] hit #2154: HalpIommuInitSystem returned EAX=0x00000000 (success/other) rsp=0xFFFFF8005DC75438 exitCount=951708
[iommuret] hit #2155: HalpIommuInitSystem returned EAX=0x00000000 (success/other) rsp=0xFFFFF8005DC75438 exitCount=951709
[iommuret] hit #2156: HalpIommuInitSystem returned EAX=0x00000000 (success/other) rsp=0xFFFFF8005DC75438 exitCount=951710
[iommuret] hit #2157: HalpIommuInitSystem returned EAX=0x00000000 (success/other) rsp=0xFFFFF8005DC75438 exitCount=951711
[iommuret] hit #2158: HalpIommuInitSystem returned EAX=0x00000000 (success/other) rsp=0xFFFFF8005DC75438 exitCount=951712
[iommuret] hit #2159: HalpIommuInitSystem returned EAX=0x00000000 (success/other) rsp=0xFFFFF8005DC75438 exitCount=951713
[iommuret] hit #2160: HalpIommuInitSystem returned EAX=0x00000000 (success/other) rsp=0xFFFFF8005DC75438 exitCount=951714
[iommuret] hit #2161: HalpIommuInitSystem returned EAX=0x00000000 (success/other) rsp=0xFFFFF8005DC75438 exitCount=951715
[iommuret] hit #2162: HalpIommuInitSystem returned EAX=0x00000000 (success/other) rsp=0xFFFFF8005DC75438 exitCount=951716
[iommuret] hit #2163: HalpIommuInitSystem returned EAX=0x00000000 (success/other) rsp=0xFFFFF8005DC75438 exitCount=951717
[iommuret] hit #2164: HalpIommuInitSystem returned EAX=0x00000000 (success/other) rsp=0xFFFFF8005DC75438 exitCount=951718
[iommuret] hit #2165: HalpIommuInitSystem returned EAX=0x00000000 (success/other) rsp=0xFFFFF8005DC75438 exitCount=951719
[iommuret] hit #2166: HalpIommuInitSystem returned EAX=0x00000000 (success/other) rsp=0xFFFFF8005DC75438 exitCount=951720
[iommuret] hit #2167: HalpIommuInitSystem returned EAX=0x00000000 (success/other) rsp=0xFFFFF8005DC75438 exitCount=951721
[iommuret] hit #2168: HalpIommuInitSystem returned EAX=0x00000000 (success/other) rsp=0xFFFFF8005DC75438 exitCount=951722
[iommuret] hit #2169: HalpIommuInitSystem returned EAX=0x00000000 (success/other) rsp=0xFFFFF8005DC75438 exitCount=951723
[iommuret] hit #2170: HalpIommuInitSystem returned EAX=0x00000000 (success/other) rsp=0xFFFFF8005DC75438 exitCount=951724
[iommuret] hit #2171: HalpIommuInitSystem returned EAX=0x00000000 (success/other) rsp=0xFFFFF8005DC75438 exitCount=951725
[iommuret] hit #2172: HalpIommuInitSystem returned EAX=0x00000000 (success/other) rsp=0xFFFFF8005DC75438 exitCount=951726
[iommuret] hit #2173: HalpIommuInitSystem returned EAX=0x00000000 (success/other) rsp=0xFFFFF8005DC75438 exitCount=951727
[iommuret] hit #2174: HalpIommuInitSystem returned EAX=0x00000000 (success/other) rsp=0xFFFFF8005DC75438 exitCount=951728
[iommuret] hit #2175: HalpIommuInitSystem returned EAX=0x00000000 (success/other) rsp=0xFFFFF8005DC75438 exitCount=951729
[iommuret] hit #2176: HalpIommuInitSystem returned EAX=0x00000000 (success/other) rsp=0xFFFFF8005DC75438 exitCount=951730
[iommuret] hit #2177: HalpIommuInitSystem returned EAX=0x00000000 (success/other) rsp=0xFFFFF8005DC75438 exitCount=951731
[iommuret] hit #2178: HalpIommuInitSystem returned EAX=0x00000000 (success/other) rsp=0xFFFFF8005DC75438 exitCount=951732
[iommuret] hit #2179: HalpIommuInitSystem returned EAX=0x00000000 (success/other) rsp=0xFFFFF8005DC75438 exitCount=951733
[iommuret] hit #2180: HalpIommuInitSystem returned EAX=0x00000000 (success/other) rsp=0xFFFFF8005DC75438 exitCount=951734
[iommuret] hit #2181: HalpIommuInitSystem returned EAX=0x00000000 (success/other) rsp=0xFFFFF8005DC75438 exitCount=951735
[iommuret] hit #2182: HalpIommuInitSystem returned EAX=0x00000000 (success/other) rsp=0xFFFFF8005DC75438 exitCount=951736
[iommuret] hit #2183: HalpIommuInitSystem returned EAX=0x00000000 (success/other) rsp=0xFFFFF8005DC75438 exitCount=951737
[iommuret] hit #2184: HalpIommuInitSystem returned EAX=0x00000000 (success/other) rsp=0xFFFFF8005DC75438 exitCount=951738
[iommuret] hit #2185: HalpIommuInitSystem returned EAX=0x00000000 (success/other) rsp=0xFFFFF8005DC75438 exitCount=951739
[iommuret] hit #2186: HalpIommuInitSystem returned EAX=0x00000000 (success/other) rsp=0xFFFFF8005DC75438 exitCount=951740
[iommuret] hit #2187: HalpIommuInitSystem returned EAX=0x00000000 (success/other) rsp=0xFFFFF8005DC75438 exitCount=951741
[iommuret] hit #2188: HalpIommuInitSystem returned EAX=0x00000000 (success/other) rsp=0xFFFFF8005DC75438 exitCount=951742
[iommuret] hit #2189: HalpIommuInitSystem returned EAX=0x00000000 (success/other) rsp=0xFFFFF8005DC75438 exitCount=951743
[iommuret] hit #2190: HalpIommuInitSystem returned EAX=0x00000000 (success/other) rsp=0xFFFFF8005DC75438 exitCount=951744
[iommuret] hit #2191: HalpIommuInitSystem returned EAX=0x00000000 (success/other) rsp=0xFFFFF8005DC75438 exitCount=951745
[iommuret] hit #2192: HalpIommuInitSystem returned EAX=0x00000000 (success/other) rsp=0xFFFFF8005DC75438 exitCount=951746
[iommuret] hit #2193: HalpIommuInitSystem returned EAX=0x00000000 (success/other) rsp=0xFFFFF8005DC75438 exitCount=951747
[iommuret] hit #2194: HalpIommuInitSystem returned EAX=0x00000000 (success/other) rsp=0xFFFFF8005DC75438 exitCount=951748
[iommuret] hit #2195: HalpIommuInitSystem returned EAX=0x00000000 (success/other) rsp=0xFFFFF8005DC75438 exitCount=951749
[iommuret] hit #2196: HalpIommuInitSystem returned EAX=0x00000000 (success/other) rsp=0xFFFFF8005DC75438 exitCount=951750
[iommuret] hit #2197: HalpIommuInitSystem returned EAX=0x00000000 (success/other) rsp=0xFFFFF8005DC75438 exitCount=951751
[iommuret] hit #2198: HalpIommuInitSystem returned EAX=0x00000000 (success/other) rsp=0xFFFFF8005DC75438 exitCount=951752
[iommuret] hit #2199: HalpIommuInitSystem returned EAX=0x00000000 (success/other) rsp=0xFFFFF8005DC75438 exitCount=951753
[iommuret] hit #2200: HalpIommuInitSystem returned EAX=0x00000000 (success/other) rsp=0xFFFFF8005DC75438 exitCount=951754
[iommuret] hit #2201: HalpIommuInitSystem returned EAX=0x00000000 (success/other) rsp=0xFFFFF8005DC75438 exitCount=951755
[iommuret] hit #2202: HalpIommuInitSystem returned EAX=0x00000000 (success/other) rsp=0xFFFFF8005DC75438 exitCount=951756
[iommuret] hit #2203: HalpIommuInitSystem returned EAX=0x00000000 (success/other) rsp=0xFFFFF8005DC75438 exitCount=951757
[iommuret] hit #2204: HalpIommuInitSystem returned EAX=0x00000000 (success/other) rsp=0xFFFFF8005DC75438 exitCount=951758
[iommuret] hit #2205: HalpIommuInitSystem returned EAX=0x00000000 (success/other) rsp=0xFFFFF8005DC75438 exitCount=951759
[iommuret] hit #2206: HalpIommuInitSystem returned EAX=0x00000000 (success/other) rsp=0xFFFFF8005DC75438 exitCount=951760
[iommuret] hit #2207: HalpIommuInitSystem returned EAX=0x00000000 (success/other) rsp=0xFFFFF8005DC75438 exitCount=951761
[iommuret] hit #2208: HalpIommuInitSystem returned EAX=0x00000000 (success/other) rsp=0xFFFFF8005DC75438 exitCount=951762
[iommuret] hit #2209: HalpIommuInitSystem returned EAX=0x00000000 (success/other) rsp=0xFFFFF8005DC75438 exitCount=951763
[iommuret] hit #2210: HalpIommuInitSystem returned EAX=0x00000000 (success/other) rsp=0xFFFFF8005DC75438 exitCount=951764
[iommuret] hit #2211: HalpIommuInitSystem returned EAX=0x00000000 (success/other) rsp=0xFFFFF8005DC75438 exitCount=951765
[iommuret] hit #2212: HalpIommuInitSystem returned EAX=0x00000000 (success/other) rsp=0xFFFFF8005DC75438 exitCount=951766
[iommuret] hit #2213: HalpIommuInitSystem returned EAX=0x00000000 (success/other) rsp=0xFFFFF8005DC75438 exitCount=951767
[iommuret] hit #2214: HalpIommuInitSystem returned EAX=0x00000000 (success/other) rsp=0xFFFFF8005DC75438 exitCount=951768
[iommuret] hit #2215: HalpIommuInitSystem returned EAX=0x00000000 (success/other) rsp=0xFFFFF8005DC75438 exitCount=951769
[iommuret] hit #2216: HalpIommuInitSystem returned EAX=0x00000000 (success/other) rsp=0xFFFFF8005DC75438 exitCount=951770
[iommuret] hit #2217: HalpIommuInitSystem returned EAX=0x00000000 (success/other) rsp=0xFFFFF8005DC75438 exitCount=951771
[iommuret] hit #2218: HalpIommuInitSystem returned EAX=0x00000000 (success/other) rsp=0xFFFFF8005DC75438 exitCount=951772
[iommuret] hit #2219: HalpIommuInitSystem returned EAX=0x00000000 (success/other) rsp=0xFFFFF8005DC75438 exitCount=951773
[iommuret] hit #2220: HalpIommuInitSystem returned EAX=0x00000000 (success/other) rsp=0xFFFFF8005DC75438 exitCount=951774
[iommuret] hit #2221: HalpIommuInitSystem returned EAX=0x00000000 (success/other) rsp=0xFFFFF8005DC75438 exitCount=951775
[iommuret] hit #2222: HalpIommuInitSystem returned EAX=0x00000000 (success/other) rsp=0xFFFFF8005DC75438 exitCount=951776
[iommuret] hit #2223: HalpIommuInitSystem returned EAX=0x00000000 (success/other) rsp=0xFFFFF8005DC75438 exitCount=951777
[iommuret] hit #2224: HalpIommuInitSystem returned EAX=0x00000000 (success/other) rsp=0xFFFFF8005DC75438 exitCount=951778
[iommuret] hit #2225: HalpIommuInitSystem returned EAX=0x00000000 (success/other) rsp=0xFFFFF8005DC75438 exitCount=951779
[iommuret] hit #2226: HalpIommuInitSystem returned EAX=0x00000000 (success/other) rsp=0xFFFFF8005DC75438 exitCount=951780
[iommuret] hit #2227: HalpIommuInitSystem returned EAX=0x00000000 (success/other) rsp=0xFFFFF8005DC75438 exitCount=951781
[iommuret] hit #2228: HalpIommuInitSystem returned EAX=0x00000000 (success/other) rsp=0xFFFFF8005DC75438 exitCount=951782
[iommuret] hit #2229: HalpIommuInitSystem returned EAX=0x00000000 (success/other) rsp=0xFFFFF8005DC75438 exitCount=951783
[iommuret] hit #2230: HalpIommuInitSystem returned EAX=0x00000000 (success/other) rsp=0xFFFFF8005DC75438 exitCount=951784
[iommuret] hit #2231: HalpIommuInitSystem returned EAX=0x00000000 (success/other) rsp=0xFFFFF8005DC75438 exitCount=951785
[iommuret] hit #2232: HalpIommuInitSystem returned EAX=0x00000000 (success/other) rsp=0xFFFFF8005DC75438 exitCount=951786
[iommuret] hit #2233: HalpIommuInitSystem returned EAX=0x00000000 (success/other) rsp=0xFFFFF8005DC75438 exitCount=951787
[iommuret] hit #2234: HalpIommuInitSystem returned EAX=0x00000000 (success/other) rsp=0xFFFFF8005DC75438 exitCount=951788
[iommuret] hit #2235: HalpIommuInitSystem returned EAX=0x00000000 (success/other) rsp=0xFFFFF8005DC75438 exitCount=951789
[iommuret] hit #2236: HalpIommuInitSystem returned EAX=0x00000000 (success/other) rsp=0xFFFFF8005DC75438 exitCount=951790
[iommuret] hit #2237: HalpIommuInitSystem returned EAX=0x00000000 (success/other) rsp=0xFFFFF8005DC75438 exitCount=951791
[iommuret] hit #2238: HalpIommuInitSystem returned EAX=0x00000000 (success/other) rsp=0xFFFFF8005DC75438 exitCount=951792
[iommuret] hit #2239: HalpIommuInitSystem returned EAX=0x00000000 (success/other) rsp=0xFFFFF8005DC75438 exitCount=951793
[iommuret] hit #2240: HalpIommuInitSystem returned EAX=0x00000000 (success/other) rsp=0xFFFFF8005DC75438 exitCount=951794
[iommuret] hit #2241: HalpIommuInitSystem returned EAX=0x00000000 (success/other) rsp=0xFFFFF8005DC75438 exitCount=951795
[iommuret] hit #2242: HalpIommuInitSystem returned EAX=0x00000000 (success/other) rsp=0xFFFFF8005DC75438 exitCount=951796
[iommuret] hit #2243: HalpIommuInitSystem returned EAX=0x00000000 (success/other) rsp=0xFFFFF8005DC75438 exitCount=951797
[iommuret] hit #2244: HalpIommuInitSystem returned EAX=0x00000000 (success/other) rsp=0xFFFFF8005DC75438 exitCount=951798
[iommuret] hit #2245: HalpIommuInitSystem returned EAX=0x00000000 (success/other) rsp=0xFFFFF8005DC75438 exitCount=951799
[iommuret] hit #2246: HalpIommuInitSystem returned EAX=0x00000000 (success/other) rsp=0xFFFFF8005DC75438 exitCount=951800
[iommuret] hit #2247: HalpIommuInitSystem returned EAX=0x00000000 (success/other) rsp=0xFFFFF8005DC75438 exitCount=951801
[iommuret] hit #2248: HalpIommuInitSystem returned EAX=0x00000000 (success/other) rsp=0xFFFFF8005DC75438 exitCount=951802
[iommuret] hit #2249: HalpIommuInitSystem returned EAX=0x00000000 (success/other) rsp=0xFFFFF8005DC75438 exitCount=951803
[iommuret] hit #2250: HalpIommuInitSystem returned EAX=0x00000000 (success/other) rsp=0xFFFFF8005DC75438 exitCount=951804
[iommuret] hit #2251: HalpIommuInitSystem returned EAX=0x00000000 (success/other) rsp=0xFFFFF8005DC75438 exitCount=951805
[iommuret] hit #2252: HalpIommuInitSystem returned EAX=0x00000000 (success/other) rsp=0xFFFFF8005DC75438 exitCount=951806
[iommuret] hit #2253: HalpIommuInitSystem returned EAX=0x00000000 (success/other) rsp=0xFFFFF8005DC75438 exitCount=951807
[iommuret] hit #2254: HalpIommuInitSystem returned EAX=0x00000000 (success/other) rsp=0xFFFFF8005DC75438 exitCount=951808
[iommuret] hit #2255: HalpIommuInitSystem returned EAX=0x00000000 (success/other) rsp=0xFFFFF8005DC75438 exitCount=951809
[iommuret] hit #2256: HalpIommuInitSystem returned EAX=0x00000000 (success/other) rsp=0xFFFFF8005DC75438 exitCount=951810
[iommuret] hit #2257: HalpIommuInitSystem returned EAX=0x00000000 (success/other) rsp=0xFFFFF8005DC75438 exitCount=951811
[iommuret] hit #2258: HalpIommuInitSystem returned EAX=0x00000000 (success/other) rsp=0xFFFFF8005DC75438 exitCount=951812
[iommuret] hit #2259: HalpIommuInitSystem returned EAX=0x00000000 (success/other) rsp=0xFFFFF8005DC75438 exitCount=951813
[iommuret] hit #2260: HalpIommuInitSystem returned EAX=0x00000000 (success/other) rsp=0xFFFFF8005DC75438 exitCount=951814
[iommuret] hit #2261: HalpIommuInitSystem returned EAX=0x00000000 (success/other) rsp=0xFFFFF8005DC75438 exitCount=951815
[iommuret] hit #2262: HalpIommuInitSystem returned EAX=0x00000000 (success/other) rsp=0xFFFFF8005DC75438 exitCount=951816
[iommuret] hit #2263: HalpIommuInitSystem returned EAX=0x00000000 (success/other) rsp=0xFFFFF8005DC75438 exitCount=951817
[iommuret] hit #2264: HalpIommuInitSystem returned EAX=0x00000000 (success/other) rsp=0xFFFFF8005DC75438 exitCount=951818
[iommuret] hit #2265: HalpIommuInitSystem returned EAX=0x00000000 (success/other) rsp=0xFFFFF8005DC75438 exitCount=951819
[iommuret] hit #2266: HalpIommuInitSystem returned EAX=0x00000000 (success/other) rsp=0xFFFFF8005DC75438 exitCount=951820
[iommuret] hit #2267: HalpIommuInitSystem returned EAX=0x00000000 (success/other) rsp=0xFFFFF8005DC75438 exitCount=951821
[iommuret] hit #2268: HalpIommuInitSystem returned EAX=0x00000000 (success/other) rsp=0xFFFFF8005DC75438 exitCount=951822
[iommuret] hit #2269: HalpIommuInitSystem returned EAX=0x00000000 (success/other) rsp=0xFFFFF8005DC75438 exitCount=951823
[iommuret] hit #2270: HalpIommuInitSystem returned EAX=0x00000000 (success/other) rsp=0xFFFFF8005DC75438 exitCount=951824
[iommuret] hit #2271: HalpIommuInitSystem returned EAX=0x00000000 (success/other) rsp=0xFFFFF8005DC75438 exitCount=951825
[iommuret] hit #2272: HalpIommuInitSystem returned EAX=0x00000000 (success/other) rsp=0xFFFFF8005DC75438 exitCount=951826
[iommuret] hit #2273: HalpIommuInitSystem returned EAX=0x00000000 (success/other) rsp=0xFFFFF8005DC75438 exitCount=951827
[iommuret] hit #2274: HalpIommuInitSystem returned EAX=0x00000000 (success/other) rsp=0xFFFFF8005DC75438 exitCount=951828
[iommuret] hit #2275: HalpIommuInitSystem returned EAX=0x00000000 (success/other) rsp=0xFFFFF8005DC75438 exitCount=951829
[iommuret] hit #2276: HalpIommuInitSystem returned EAX=0x00000000 (success/other) rsp=0xFFFFF8005DC75438 exitCount=951830
[iommuret] hit #2277: HalpIommuInitSystem returned EAX=0x00000000 (success/other) rsp=0xFFFFF8005DC75438 exitCount=951831
[iommuret] hit #2278: HalpIommuInitSystem returned EAX=0x00000000 (success/other) rsp=0xFFFFF8005DC75438 exitCount=951832
[iommuret] hit #2279: HalpIommuInitSystem returned EAX=0x00000000 (success/other) rsp=0xFFFFF8005DC75438 exitCount=951833
[iommuret] hit #2280: HalpIommuInitSystem returned EAX=0x00000000 (success/other) rsp=0xFFFFF8005DC75438 exitCount=951834
[iommuret] hit #2281: HalpIommuInitSystem returned EAX=0x00000000 (success/other) rsp=0xFFFFF8005DC75438 exitCount=951835
[iommuret] hit #2282: HalpIommuInitSystem returned EAX=0x00000000 (success/other) rsp=0xFFFFF8005DC75438 exitCount=951836
[iommuret] hit #2283: HalpIommuInitSystem returned EAX=0x00000000 (success/other) rsp=0xFFFFF8005DC75438 exitCount=951837
[iommuret] hit #2284: HalpIommuInitSystem returned EAX=0x00000000 (success/other) rsp=0xFFFFF8005DC75438 exitCount=951838
[iommuret] hit #2285: HalpIommuInitSystem returned EAX=0x00000000 (success/other) rsp=0xFFFFF8005DC75438 exitCount=951839
[iommuret] hit #2286: HalpIommuInitSystem returned EAX=0x00000000 (success/other) rsp=0xFFFFF8005DC75438 exitCount=951840
[iommuret] hit #2287: HalpIommuInitSystem returned EAX=0x00000000 (success/other) rsp=0xFFFFF8005DC75438 exitCount=951841
[iommuret] hit #2288: HalpIommuInitSystem returned EAX=0x00000000 (success/other) rsp=0xFFFFF8005DC75438 exitCount=951842
[iommuret] hit #2289: HalpIommuInitSystem returned EAX=0x00000000 (success/other) rsp=0xFFFFF8005DC75438 exitCount=951843
[iommuret] hit #2290: HalpIommuInitSystem returned EAX=0x00000000 (success/other) rsp=0xFFFFF8005DC75438 exitCount=951844
[iommuret] hit #2291: HalpIommuInitSystem returned EAX=0x00000000 (success/other) rsp=0xFFFFF8005DC75438 exitCount=951845
[iommuret] hit #2292: HalpIommuInitSystem returned EAX=0x00000000 (success/other) rsp=0xFFFFF8005DC75438 exitCount=951846
[iommuret] hit #2293: HalpIommuInitSystem returned EAX=0x00000000 (success/other) rsp=0xFFFFF8005DC75438 exitCount=951847
[iommuret] hit #2294: HalpIommuInitSystem returned EAX=0x00000000 (success/other) rsp=0xFFFFF8005DC75438 exitCount=951848
[iommuret] hit #2295: HalpIommuInitSystem returned EAX=0x00000000 (success/other) rsp=0xFFFFF8005DC75438 exitCount=951849
[iommuret] hit #2296: HalpIommuInitSystem returned EAX=0x00000000 (success/other) rsp=0xFFFFF8005DC75438 exitCount=951850
[iommuret] hit #2297: HalpIommuInitSystem returned EAX=0x00000000 (success/other) rsp=0xFFFFF8005DC75438 exitCount=951851
[iommuret] hit #2298: HalpIommuInitSystem returned EAX=0x00000000 (success/other) rsp=0xFFFFF8005DC75438 exitCount=951852
[iommuret] hit #2299: HalpIommuInitSystem returned EAX=0x00000000 (success/other) rsp=0xFFFFF8005DC75438 exitCount=951853
[iommuret] hit #2300: HalpIommuInitSystem returned EAX=0x00000000 (success/other) rsp=0xFFFFF8005DC75438 exitCount=951854
[iommuret] hit #2301: HalpIommuInitSystem returned EAX=0x00000000 (success/other) rsp=0xFFFFF8005DC75438 exitCount=951855
[iommuret] hit #2302: HalpIommuInitSystem returned EAX=0x00000000 (success/other) rsp=0xFFFFF8005DC75438 exitCount=951856
[iommuret] hit #2303: HalpIommuInitSystem returned EAX=0x00000000 (success/other) rsp=0xFFFFF8005DC75438 exitCount=951857
[iommuret] hit #2304: HalpIommuInitSystem returned EAX=0x00000000 (success/other) rsp=0xFFFFF8005DC75438 exitCount=951858
[iommuret] hit #2305: HalpIommuInitSystem returned EAX=0x00000000 (success/other) rsp=0xFFFFF8005DC75438 exitCount=951859
[iommuret] hit #2306: HalpIommuInitSystem returned EAX=0x00000000 (success/other) rsp=0xFFFFF8005DC75438 exitCount=951860
[iommuret] hit #2307: HalpIommuInitSystem returned EAX=0x00000000 (success/other) rsp=0xFFFFF8005DC75438 exitCount=951861
[iommuret] hit #2308: HalpIommuInitSystem returned EAX=0x00000000 (success/other) rsp=0xFFFFF8005DC75438 exitCount=951862
[iommuret] hit #2309: HalpIommuInitSystem returned EAX=0x00000000 (success/other) rsp=0xFFFFF8005DC75438 exitCount=951863
[iommuret] hit #2310: HalpIommuInitSystem returned EAX=0x00000000 (success/other) rsp=0xFFFFF8005DC75438 exitCount=951864
[iommuret] hit #2311: HalpIommuInitSystem returned EAX=0x00000000 (success/other) rsp=0xFFFFF8005DC75438 exitCount=951865
[iommuret] hit #2312: HalpIommuInitSystem returned EAX=0x00000000 (success/other) rsp=0xFFFFF8005DC75438 exitCount=951866
[iommuret] hit #2313: HalpIommuInitSystem returned EAX=0x00000000 (success/other) rsp=0xFFFFF8005DC75438 exitCount=951867
[iommuret] hit #2314: HalpIommuInitSystem returned EAX=0x00000000 (success/other) rsp=0xFFFFF8005DC75438 exitCount=951868
[iommuret] hit #2315: HalpIommuInitSystem returned EAX=0x00000000 (success/other) rsp=0xFFFFF8005DC75438 exitCount=951869
[iommuret] hit #2316: HalpIommuInitSystem returned EAX=0x00000000 (success/other) rsp=0xFFFFF8005DC75438 exitCount=951870
[iommuret] hit #2317: HalpIommuInitSystem returned EAX=0x00000000 (success/other) rsp=0xFFFFF8005DC75438 exitCount=951871
[iommuret] hit #2318: HalpIommuInitSystem returned EAX=0x00000000 (success/other) rsp=0xFFFFF8005DC75438 exitCount=951872
[iommuret] hit #2319: HalpIommuInitSystem returned EAX=0x00000000 (success/other) rsp=0xFFFFF8005DC75438 exitCount=951873
[iommuret] hit #2320: HalpIommuInitSystem returned EAX=0x00000000 (success/other) rsp=0xFFFFF8005DC75438 exitCount=951874
[iommuret] hit #2321: HalpIommuInitSystem returned EAX=0x00000000 (success/other) rsp=0xFFFFF8005DC75438 exitCount=951875
[iommuret] hit #2322: HalpIommuInitSystem returned EAX=0x00000000 (success/other) rsp=0xFFFFF8005DC75438 exitCount=951876
[iommuret] hit #2323: HalpIommuInitSystem returned EAX=0x00000000 (success/other) rsp=0xFFFFF8005DC75438 exitCount=951877
[iommuret] hit #2324: HalpIommuInitSystem returned EAX=0x00000000 (success/other) rsp=0xFFFFF8005DC75438 exitCount=951878
[iommuret] hit #2325: HalpIommuInitSystem returned EAX=0x00000000 (success/other) rsp=0xFFFFF8005DC75438 exitCount=951879
[iommuret] hit #2326: HalpIommuInitSystem returned EAX=0x00000000 (success/other) rsp=0xFFFFF8005DC75438 exitCount=951880
[iommuret] hit #2327: HalpIommuInitSystem returned EAX=0x00000000 (success/other) rsp=0xFFFFF8005DC75438 exitCount=951881
[iommuret] hit #2328: HalpIommuInitSystem returned EAX=0x00000000 (success/other) rsp=0xFFFFF8005DC75438 exitCount=951882
[iommuret] hit #2329: HalpIommuInitSystem returned EAX=0x00000000 (success/other) rsp=0xFFFFF8005DC75438 exitCount=951883
[iommuret] hit #2330: HalpIommuInitSystem returned EAX=0x00000000 (success/other) rsp=0xFFFFF8005DC75438 exitCount=951884
[iommuret] hit #2331: HalpIommuInitSystem returned EAX=0x00000000 (success/other) rsp=0xFFFFF8005DC75438 exitCount=951885
[iommuret] hit #2332: HalpIommuInitSystem returned EAX=0x00000000 (success/other) rsp=0xFFFFF8005DC75438 exitCount=951886
[iommuret] hit #2333: HalpIommuInitSystem returned EAX=0x00000000 (success/other) rsp=0xFFFFF8005DC75438 exitCount=951887
[iommuret] hit #2334: HalpIommuInitSystem returned EAX=0x00000000 (success/other) rsp=0xFFFFF8005DC75438 exitCount=951888
[iommuret] hit #2335: HalpIommuInitSystem returned EAX=0x00000000 (success/other) rsp=0xFFFFF8005DC75438 exitCount=951889
[iommuret] hit #2336: HalpIommuInitSystem returned EAX=0x00000000 (success/other) rsp=0xFFFFF8005DC75438 exitCount=951890
[iommuret] hit #2337: HalpIommuInitSystem returned EAX=0x00000000 (success/other) rsp=0xFFFFF8005DC75438 exitCount=951891
[iommuret] hit #2338: HalpIommuInitSystem returned EAX=0x00000000 (success/other) rsp=0xFFFFF8005DC75438 exitCount=951892
[iommuret] hit #2339: HalpIommuInitSystem returned EAX=0x00000000 (success/other) rsp=0xFFFFF8005DC75438 exitCount=951893
[iommuret] hit #2340: HalpIommuInitSystem returned EAX=0x00000000 (success/other) rsp=0xFFFFF8005DC75438 exitCount=951894
[iommuret] hit #2341: HalpIommuInitSystem returned EAX=0x00000000 (success/other) rsp=0xFFFFF8005DC75438 exitCount=951895
[iommuret] hit #2342: HalpIommuInitSystem returned EAX=0x00000000 (success/other) rsp=0xFFFFF8005DC75438 exitCount=951896
[iommuret] hit #2343: HalpIommuInitSystem returned EAX=0x00000000 (success/other) rsp=0xFFFFF8005DC75438 exitCount=951897
[iommuret] hit #2344: HalpIommuInitSystem returned EAX=0x00000000 (success/other) rsp=0xFFFFF8005DC75438 exitCount=951898
[iommuret] hit #2345: HalpIommuInitSystem returned EAX=0x00000000 (success/other) rsp=0xFFFFF8005DC75438 exitCount=951899
[iommuret] hit #2346: HalpIommuInitSystem returned EAX=0x00000000 (success/other) rsp=0xFFFFF8005DC75438 exitCount=951900
[iommuret] hit #2347: HalpIommuInitSystem returned EAX=0x00000000 (success/other) rsp=0xFFFFF8005DC75438 exitCount=951901
[iommuret] hit #2348: HalpIommuInitSystem returned EAX=0x00000000 (success/other) rsp=0xFFFFF8005DC75438 exitCount=951902
[iommuret] hit #2349: HalpIommuInitSystem returned EAX=0x00000000 (success/other) rsp=0xFFFFF8005DC75438 exitCount=951903
[iommuret] hit #2350: HalpIommuInitSystem returned EAX=0x00000000 (success/other) rsp=0xFFFFF8005DC75438 exitCount=951904
[iommuret] hit #2351: HalpIommuInitSystem returned EAX=0x00000000 (success/other) rsp=0xFFFFF8005DC75438 exitCount=951905
[iommuret] hit #2352: HalpIommuInitSystem returned EAX=0x00000000 (success/other) rsp=0xFFFFF8005DC75438 exitCount=951906
[iommuret] hit #2353: HalpIommuInitSystem returned EAX=0x00000000 (success/other) rsp=0xFFFFF8005DC75438 exitCount=951907
[iommuret] hit #2354: HalpIommuInitSystem returned EAX=0x00000000 (success/other) rsp=0xFFFFF8005DC75438 exitCount=951908
[iommuret] hit #2355: HalpIommuInitSystem returned EAX=0x00000000 (success/other) rsp=0xFFFFF8005DC75438 exitCount=951909
[iommuret] hit #2356: HalpIommuInitSystem returned EAX=0x00000000 (success/other) rsp=0xFFFFF8005DC75438 exitCount=951910
[iommuret] hit #2357: HalpIommuInitSystem returned EAX=0x00000000 (success/other) rsp=0xFFFFF8005DC75438 exitCount=951911
[iommuret] hit #2358: HalpIommuInitSystem returned EAX=0x00000000 (success/other) rsp=0xFFFFF8005DC75438 exitCount=951912
[iommuret] hit #2359: HalpIommuInitSystem returned EAX=0x00000000 (success/other) rsp=0xFFFFF8005DC75438 exitCount=951913
[iommuret] hit #2360: HalpIommuInitSystem returned EAX=0x00000000 (success/other) rsp=0xFFFFF8005DC75438 exitCount=951914
[iommuret] hit #2361: HalpIommuInitSystem returned EAX=0x00000000 (success/other) rsp=0xFFFFF8005DC75438 exitCount=951915
[iommuret] hit #2362: HalpIommuInitSystem returned EAX=0x00000000 (success/other) rsp=0xFFFFF8005DC75438 exitCount=951916
[iommuret] hit #2363: HalpIommuInitSystem returned EAX=0x00000000 (success/other) rsp=0xFFFFF8005DC75438 exitCount=951917
[iommuret] hit #2364: HalpIommuInitSystem returned EAX=0x00000000 (success/other) rsp=0xFFFFF8005DC75438 exitCount=951918
[iommuret] hit #2365: HalpIommuInitSystem returned EAX=0x00000000 (success/other) rsp=0xFFFFF8005DC75438 exitCount=951919
[iommuret] hit #2366: HalpIommuInitSystem returned EAX=0x00000000 (success/other) rsp=0xFFFFF8005DC75438 exitCount=951920
[iommuret] hit #2367: HalpIommuInitSystem returned EAX=0x00000000 (success/other) rsp=0xFFFFF8005DC75438 exitCount=951921
[iommuret] hit #2368: HalpIommuInitSystem returned EAX=0x00000000 (success/other) rsp=0xFFFFF8005DC75438 exitCount=951922
[iommuret] hit #2369: HalpIommuInitSystem returned EAX=0x00000000 (success/other) rsp=0xFFFFF8005DC75438 exitCount=951923
[iommuret] hit #2370: HalpIommuInitSystem returned EAX=0x00000000 (success/other) rsp=0xFFFFF8005DC75438 exitCount=951924
[iommuret] hit #2371: HalpIommuInitSystem returned EAX=0x00000000 (success/other) rsp=0xFFFFF8005DC75438 exitCount=951925
[iommuret] hit #2372: HalpIommuInitSystem returned EAX=0x00000000 (success/other) rsp=0xFFFFF8005DC75438 exitCount=951926
[iommuret] hit #2373: HalpIommuInitSystem returned EAX=0x00000000 (success/other) rsp=0xFFFFF8005DC75438 exitCount=951927
[iommuret] hit #2374: HalpIommuInitSystem returned EAX=0x00000000 (success/other) rsp=0xFFFFF8005DC75438 exitCount=951928
[iommuret] hit #2375: HalpIommuInitSystem returned EAX=0x00000000 (success/other) rsp=0xFFFFF8005DC75438 exitCount=951929
[iommuret] hit #2376: HalpIommuInitSystem returned EAX=0x00000000 (success/other) rsp=0xFFFFF8005DC75438 exitCount=951930
[iommuret] hit #2377: HalpIommuInitSystem returned EAX=0x00000000 (success/other) rsp=0xFFFFF8005DC75438 exitCount=951931
[iommuret] hit #2378: HalpIommuInitSystem returned EAX=0x00000000 (success/other) rsp=0xFFFFF8005DC75438 exitCount=951932
[iommuret] hit #2379: HalpIommuInitSystem returned EAX=0x00000000 (success/other) rsp=0xFFFFF8005DC75438 exitCount=951933
[iommuret] hit #2380: HalpIommuInitSystem returned EAX=0x00000000 (success/other) rsp=0xFFFFF8005DC75438 exitCount=951934
[iommuret] hit #2381: HalpIommuInitSystem returned EAX=0x00000000 (success/other) rsp=0xFFFFF8005DC75438 exitCount=951935
[iommuret] hit #2382: HalpIommuInitSystem returned EAX=0x00000000 (success/other) rsp=0xFFFFF8005DC75438 exitCount=951936
[iommuret] hit #2383: HalpIommuInitSystem returned EAX=0x00000000 (success/other) rsp=0xFFFFF8005DC75438 exitCount=951937
[iommuret] hit #2384: HalpIommuInitSystem returned EAX=0x00000000 (success/other) rsp=0xFFFFF8005DC75438 exitCount=951938
[iommuret] hit #2385: HalpIommuInitSystem returned EAX=0x00000000 (success/other) rsp=0xFFFFF8005DC75438 exitCount=951939
[iommuret] hit #2386: HalpIommuInitSystem returned EAX=0x00000000 (success/other) rsp=0xFFFFF8005DC75438 exitCount=951940
[iommuret] hit #2387: HalpIommuInitSystem returned EAX=0x00000000 (success/other) rsp=0xFFFFF8005DC75438 exitCount=951941
[iommuret] hit #2388: HalpIommuInitSystem returned EAX=0x00000000 (success/other) rsp=0xFFFFF8005DC75438 exitCount=951942
[iommuret] hit #2389: HalpIommuInitSystem returned EAX=0x00000000 (success/other) rsp=0xFFFFF8005DC75438 exitCount=951943
[iommuret] hit #2390: HalpIommuInitSystem returned EAX=0x00000000 (success/other) rsp=0xFFFFF8005DC75438 exitCount=951944
[iommuret] hit #2391: HalpIommuInitSystem returned EAX=0x00000000 (success/other) rsp=0xFFFFF8005DC75438 exitCount=951945
[iommuret] hit #2392: HalpIommuInitSystem returned EAX=0x00000000 (success/other) rsp=0xFFFFF8005DC75438 exitCount=951946
[iommuret] hit #2393: HalpIommuInitSystem returned EAX=0x00000000 (success/other) rsp=0xFFFFF8005DC75438 exitCount=951947
[iommuret] hit #2394: HalpIommuInitSystem returned EAX=0x00000000 (success/other) rsp=0xFFFFF8005DC75438 exitCount=951948
[iommuret] hit #2395: HalpIommuInitSystem returned EAX=0x00000000 (success/other) rsp=0xFFFFF8005DC75438 exitCount=951949
[iommuret] hit #2396: HalpIommuInitSystem returned EAX=0x00000000 (success/other) rsp=0xFFFFF8005DC75438 exitCount=951950
[iommuret] hit #2397: HalpIommuInitSystem returned EAX=0x00000000 (success/other) rsp=0xFFFFF8005DC75438 exitCount=951951
[iommuret] hit #2398: HalpIommuInitSystem returned EAX=0x00000000 (success/other) rsp=0xFFFFF8005DC75438 exitCount=951952
[iommuret] hit #2399: HalpIommuInitSystem returned EAX=0x00000000 (success/other) rsp=0xFFFFF8005DC75438 exitCount=951953
[iommuret] hit #2400: HalpIommuInitSystem returned EAX=0x00000000 (success/other) rsp=0xFFFFF8005DC75438 exitCount=951954
[iommuret] hit #2401: HalpIommuInitSystem returned EAX=0x00000000 (success/other) rsp=0xFFFFF8005DC75438 exitCount=951955
[iommuret] hit #2402: HalpIommuInitSystem returned EAX=0x00000000 (success/other) rsp=0xFFFFF8005DC75438 exitCount=951956
[iommuret] hit #2403: HalpIommuInitSystem returned EAX=0x00000000 (success/other) rsp=0xFFFFF8005DC75438 exitCount=951957
[iommuret] hit #2404: HalpIommuInitSystem returned EAX=0x00000000 (success/other) rsp=0xFFFFF8005DC75438 exitCount=951958
[iommuret] hit #2405: HalpIommuInitSystem returned EAX=0x00000000 (success/other) rsp=0xFFFFF8005DC75438 exitCount=951959
[iommuret] hit #2406: HalpIommuInitSystem returned EAX=0x00000000 (success/other) rsp=0xFFFFF8005DC75438 exitCount=951960
[iommuret] hit #2407: HalpIommuInitSystem returned EAX=0x00000000 (success/other) rsp=0xFFFFF8005DC75438 exitCount=951961
[iommuret] hit #2408: HalpIommuInitSystem returned EAX=0x00000000 (success/other) rsp=0xFFFFF8005DC75438 exitCount=951962
[iommuret] hit #2409: HalpIommuInitSystem returned EAX=0x00000000 (success/other) rsp=0xFFFFF8005DC75438 exitCount=951963
[iommuret] hit #2410: HalpIommuInitSystem returned EAX=0x00000000 (success/other) rsp=0xFFFFF8005DC75438 exitCount=951964
[iommuret] hit #2411: HalpIommuInitSystem returned EAX=0x00000000 (success/other) rsp=0xFFFFF8005DC75438 exitCount=951965
[iommuret] hit #2412: HalpIommuInitSystem returned EAX=0x00000000 (success/other) rsp=0xFFFFF8005DC75438 exitCount=951966
[iommuret] hit #2413: HalpIommuInitSystem returned EAX=0x00000000 (success/other) rsp=0xFFFFF8005DC75438 exitCount=951967
[iommuret] hit #2414: HalpIommuInitSystem returned EAX=0x00000000 (success/other) rsp=0xFFFFF8005DC75438 exitCount=951968
[iommuret] hit #2415: HalpIommuInitSystem returned EAX=0x00000000 (success/other) rsp=0xFFFFF8005DC75438 exitCount=951969
[iommuret] hit #2416: HalpIommuInitSystem returned EAX=0x00000000 (success/other) rsp=0xFFFFF8005DC75438 exitCount=951970
[iommuret] hit #2417: HalpIommuInitSystem returned EAX=0x00000000 (success/other) rsp=0xFFFFF8005DC75438 exitCount=951971
[iommuret] hit #2418: HalpIommuInitSystem returned EAX=0x00000000 (success/other) rsp=0xFFFFF8005DC75438 exitCount=951972
[iommuret] hit #2419: HalpIommuInitSystem returned EAX=0x00000000 (success/other) rsp=0xFFFFF8005DC75438 exitCount=951973
[iommuret] hit #2420: HalpIommuInitSystem returned EAX=0x00000000 (success/other) rsp=0xFFFFF8005DC75438 exitCount=951974
[iommuret] hit #2421: HalpIommuInitSystem returned EAX=0x00000000 (success/other) rsp=0xFFFFF8005DC75438 exitCount=951975
[iommuret] hit #2422: HalpIommuInitSystem returned EAX=0x00000000 (success/other) rsp=0xFFFFF8005DC75438 exitCount=951976
[iommuret] hit #2423: HalpIommuInitSystem returned EAX=0x00000000 (success/other) rsp=0xFFFFF8005DC75438 exitCount=951977
[iommuret] hit #2424: HalpIommuInitSystem returned EAX=0x00000000 (success/other) rsp=0xFFFFF8005DC75438 exitCount=951978
[iommuret] hit #2425: HalpIommuInitSystem returned EAX=0x00000000 (success/other) rsp=0xFFFFF8005DC75438 exitCount=951979
[iommuret] hit #2426: HalpIommuInitSystem returned EAX=0x00000000 (success/other) rsp=0xFFFFF8005DC75438 exitCount=951980
[iommuret] hit #2427: HalpIommuInitSystem returned EAX=0x00000000 (success/other) rsp=0xFFFFF8005DC75438 exitCount=951981
[iommuret] hit #2428: HalpIommuInitSystem returned EAX=0x00000000 (success/other) rsp=0xFFFFF8005DC75438 exitCount=951982
[iommuret] hit #2429: HalpIommuInitSystem returned EAX=0x00000000 (success/other) rsp=0xFFFFF8005DC75438 exitCount=951983
[iommuret] hit #2430: HalpIommuInitSystem returned EAX=0x00000000 (success/other) rsp=0xFFFFF8005DC75438 exitCount=951984
[iommuret] hit #2431: HalpIommuInitSystem returned EAX=0x00000000 (success/other) rsp=0xFFFFF8005DC75438 exitCount=951985
[iommuret] hit #2432: HalpIommuInitSystem returned EAX=0x00000000 (success/other) rsp=0xFFFFF8005DC75438 exitCount=951986
[iommuret] hit #2433: HalpIommuInitSystem returned EAX=0x00000000 (success/other) rsp=0xFFFFF8005DC75438 exitCount=951987
[iommuret] hit #2434: HalpIommuInitSystem returned EAX=0x00000000 (success/other) rsp=0xFFFFF8005DC75438 exitCount=951988
[iommuret] hit #2435: HalpIommuInitSystem returned EAX=0x00000000 (success/other) rsp=0xFFFFF8005DC75438 exitCount=951989
[iommuret] hit #2436: HalpIommuInitSystem returned EAX=0x00000000 (success/other) rsp=0xFFFFF8005DC75438 exitCount=951990
[iommuret] hit #2437: HalpIommuInitSystem returned EAX=0x00000000 (success/other) rsp=0xFFFFF8005DC75438 exitCount=951991
[iommuret] hit #2438: HalpIommuInitSystem returned EAX=0x00000000 (success/other) rsp=0xFFFFF8005DC75438 exitCount=951992
[iommuret] hit #2439: HalpIommuInitSystem returned EAX=0x00000000 (success/other) rsp=0xFFFFF8005DC75438 exitCount=951993
[iommuret] hit #2440: HalpIommuInitSystem returned EAX=0x00000000 (success/other) rsp=0xFFFFF8005DC75438 exitCount=951994
[iommuret] hit #2441: HalpIommuInitSystem returned EAX=0x00000000 (success/other) rsp=0xFFFFF8005DC75438 exitCount=951995
[iommuret] hit #2442: HalpIommuInitSystem returned EAX=0x00000000 (success/other) rsp=0xFFFFF8005DC75438 exitCount=951996
[iommuret] hit #2443: HalpIommuInitSystem returned EAX=0x00000000 (success/other) rsp=0xFFFFF8005DC75438 exitCount=951997
[iommuret] hit #2444: HalpIommuInitSystem returned EAX=0x00000000 (success/other) rsp=0xFFFFF8005DC75438 exitCount=951998
[iommuret] hit #2445: HalpIommuInitSystem returned EAX=0x00000000 (success/other) rsp=0xFFFFF8005DC75438 exitCount=951999
[iommuret] hit #2446: HalpIommuInitSystem returned EAX=0x00000000 (success/other) rsp=0xFFFFF8005DC75438 exitCount=952000
[iommuret] hit #2447: HalpIommuInitSystem returned EAX=0x00000000 (success/other) rsp=0xFFFFF8005DC75438 exitCount=952001
[iommuret] hit #2448: HalpIommuInitSystem returned EAX=0x00000000 (success/other) rsp=0xFFFFF8005DC75438 exitCount=952002
[iommuret] hit #2449: HalpIommuInitSystem returned EAX=0x00000000 (success/other) rsp=0xFFFFF8005DC75438 exitCount=952003
[iommuret] hit #2450: HalpIommuInitSystem returned EAX=0x00000000 (success/other) rsp=0xFFFFF8005DC75438 exitCount=952004
[iommuret] hit #2451: HalpIommuInitSystem returned EAX=0x00000000 (success/other) rsp=0xFFFFF8005DC75438 exitCount=952005
[iommuret] hit #2452: HalpIommuInitSystem returned EAX=0x00000000 (success/other) rsp=0xFFFFF8005DC75438 exitCount=952006
[iommuret] hit #2453: HalpIommuInitSystem returned EAX=0x00000000 (success/other) rsp=0xFFFFF8005DC75438 exitCount=952007
[iommuret] hit #2454: HalpIommuInitSystem returned EAX=0x00000000 (success/other) rsp=0xFFFFF8005DC75438 exitCount=952008
[iommuret] hit #2455: HalpIommuInitSystem returned EAX=0x00000000 (success/other) rsp=0xFFFFF8005DC75438 exitCount=952009
[iommuret] hit #2456: HalpIommuInitSystem returned EAX=0x00000000 (success/other) rsp=0xFFFFF8005DC75438 exitCount=952010
[iommuret] hit #2457: HalpIommuInitSystem returned EAX=0x00000000 (success/other) rsp=0xFFFFF8005DC75438 exitCount=952011
[iommuret] hit #2458: HalpIommuInitSystem returned EAX=0x00000000 (success/other) rsp=0xFFFFF8005DC75438 exitCount=952012
[iommuret] hit #2459: HalpIommuInitSystem returned EAX=0x00000000 (success/other) rsp=0xFFFFF8005DC75438 exitCount=952013
[iommuret] hit #2460: HalpIommuInitSystem returned EAX=0x00000000 (success/other) rsp=0xFFFFF8005DC75438 exitCount=952014
[iommuret] hit #2461: HalpIommuInitSystem returned EAX=0x00000000 (success/other) rsp=0xFFFFF8005DC75438 exitCount=952015
[iommuret] hit #2462: HalpIommuInitSystem returned EAX=0x00000000 (success/other) rsp=0xFFFFF8005DC75438 exitCount=952016
[iommuret] hit #2463: HalpIommuInitSystem returned EAX=0x00000000 (success/other) rsp=0xFFFFF8005DC75438 exitCount=952017
[iommuret] hit #2464: HalpIommuInitSystem returned EAX=0x00000000 (success/other) rsp=0xFFFFF8005DC75438 exitCount=952018
[iommuret] hit #2465: HalpIommuInitSystem returned EAX=0x00000000 (success/other) rsp=0xFFFFF8005DC75438 exitCount=952019
[iommuret] hit #2466: HalpIommuInitSystem returned EAX=0x00000000 (success/other) rsp=0xFFFFF8005DC75438 exitCount=952020
[iommuret] hit #2467: HalpIommuInitSystem returned EAX=0x00000000 (success/other) rsp=0xFFFFF8005DC75438 exitCount=952021
[iommuret] hit #2468: HalpIommuInitSystem returned EAX=0x00000000 (success/other) rsp=0xFFFFF8005DC75438 exitCount=952022
[iommuret] hit #2469: HalpIommuInitSystem returned EAX=0x00000000 (success/other) rsp=0xFFFFF8005DC75438 exitCount=952023
[iommuret] hit #2470: HalpIommuInitSystem returned EAX=0x00000000 (success/other) rsp=0xFFFFF8005DC75438 exitCount=952024
[iommuret] hit #2471: HalpIommuInitSystem returned EAX=0x00000000 (success/other) rsp=0xFFFFF8005DC75438 exitCount=952025
[iommuret] hit #2472: HalpIommuInitSystem returned EAX=0x00000000 (success/other) rsp=0xFFFFF8005DC75438 exitCount=952026
[iommuret] hit #2473: HalpIommuInitSystem returned EAX=0x00000000 (success/other) rsp=0xFFFFF8005DC75438 exitCount=952027
[iommuret] hit #2474: HalpIommuInitSystem returned EAX=0x00000000 (success/other) rsp=0xFFFFF8005DC75438 exitCount=952028
[iommuret] hit #2475: HalpIommuInitSystem returned EAX=0x00000000 (success/other) rsp=0xFFFFF8005DC75438 exitCount=952029
[iommuret] hit #2476: HalpIommuInitSystem returned EAX=0x00000000 (success/other) rsp=0xFFFFF8005DC75438 exitCount=952030
[iommuret] hit #2477: HalpIommuInitSystem returned EAX=0x00000000 (success/other) rsp=0xFFFFF8005DC75438 exitCount=952031
[iommuret] hit #2478: HalpIommuInitSystem returned EAX=0x00000000 (success/other) rsp=0xFFFFF8005DC75438 exitCount=952032
[iommuret] hit #2479: HalpIommuInitSystem returned EAX=0x00000000 (success/other) rsp=0xFFFFF8005DC75438 exitCount=952033
[iommuret] hit #2480: HalpIommuInitSystem returned EAX=0x00000000 (success/other) rsp=0xFFFFF8005DC75438 exitCount=952034
[iommuret] hit #2481: HalpIommuInitSystem returned EAX=0x00000000 (success/other) rsp=0xFFFFF8005DC75438 exitCount=952035
[iommuret] hit #2482: HalpIommuInitSystem returned EAX=0x00000000 (success/other) rsp=0xFFFFF8005DC75438 exitCount=952036
[iommuret] hit #2483: HalpIommuInitSystem returned EAX=0x00000000 (success/other) rsp=0xFFFFF8005DC75438 exitCount=952037
[iommuret] hit #2484: HalpIommuInitSystem returned EAX=0x00000000 (success/other) rsp=0xFFFFF8005DC75438 exitCount=952038
[iommuret] hit #2485: HalpIommuInitSystem returned EAX=0x00000000 (success/other) rsp=0xFFFFF8005DC75438 exitCount=952039
[iommuret] hit #2486: HalpIommuInitSystem returned EAX=0x00000000 (success/other) rsp=0xFFFFF8005DC75438 exitCount=952040
[iommuret] hit #2487: HalpIommuInitSystem returned EAX=0x00000000 (success/other) rsp=0xFFFFF8005DC75438 exitCount=952041
[iommuret] hit #2488: HalpIommuInitSystem returned EAX=0x00000000 (success/other) rsp=0xFFFFF8005DC75438 exitCount=952042
[iommuret] hit #2489: HalpIommuInitSystem returned EAX=0x00000000 (success/other) rsp=0xFFFFF8005DC75438 exitCount=952043
[iommuret] hit #2490: HalpIommuInitSystem returned EAX=0x00000000 (success/other) rsp=0xFFFFF8005DC75438 exitCount=952044
[iommuret] hit #2491: HalpIommuInitSystem returned EAX=0x00000000 (success/other) rsp=0xFFFFF8005DC75438 exitCount=952045
[iommuret] hit #2492: HalpIommuInitSystem returned EAX=0x00000000 (success/other) rsp=0xFFFFF8005DC75438 exitCount=952046
[iommuret] hit #2493: HalpIommuInitSystem returned EAX=0x00000000 (success/other) rsp=0xFFFFF8005DC75438 exitCount=952047
[iommuret] hit #2494: HalpIommuInitSystem returned EAX=0x00000000 (success/other) rsp=0xFFFFF8005DC75438 exitCount=952048
[iommuret] hit #2495: HalpIommuInitSystem returned EAX=0x00000000 (success/other) rsp=0xFFFFF8005DC75438 exitCount=952049
[iommuret] hit #2496: HalpIommuInitSystem returned EAX=0x00000000 (success/other) rsp=0xFFFFF8005DC75438 exitCount=952050
[iommuret] hit #2497: HalpIommuInitSystem returned EAX=0x00000000 (success/other) rsp=0xFFFFF8005DC75438 exitCount=952051
[iommuret] hit #2498: HalpIommuInitSystem returned EAX=0x00000000 (success/other) rsp=0xFFFFF8005DC75438 exitCount=952052
[iommuret] hit #2499: HalpIommuInitSystem returned EAX=0x00000000 (success/other) rsp=0xFFFFF8005DC75438 exitCount=952053
[iommuret] hit #2500: HalpIommuInitSystem returned EAX=0x00000000 (success/other) rsp=0xFFFFF8005DC75438 exitCount=952054
[iommuret] hit #2501: HalpIommuInitSystem returned EAX=0x00000000 (success/other) rsp=0xFFFFF8005DC75438 exitCount=952055
[iommuret] hit #2502: HalpIommuInitSystem returned EAX=0x00000000 (success/other) rsp=0xFFFFF8005DC75438 exitCount=952056
[iommuret] hit #2503: HalpIommuInitSystem returned EAX=0x00000000 (success/other) rsp=0xFFFFF8005DC75438 exitCount=952057
[iommuret] hit #2504: HalpIommuInitSystem returned EAX=0x00000000 (success/other) rsp=0xFFFFF8005DC75438 exitCount=952058
[iommuret] hit #2505: HalpIommuInitSystem returned EAX=0x00000000 (success/other) rsp=0xFFFFF8005DC75438 exitCount=952059
[iommuret] hit #2506: HalpIommuInitSystem returned EAX=0x00000000 (success/other) rsp=0xFFFFF8005DC75438 exitCount=952060
[iommuret] hit #2507: HalpIommuInitSystem returned EAX=0x00000000 (success/other) rsp=0xFFFFF8005DC75438 exitCount=952061
[iommuret] hit #2508: HalpIommuInitSystem returned EAX=0x00000000 (success/other) rsp=0xFFFFF8005DC75438 exitCount=952062
[iommuret] hit #2509: HalpIommuInitSystem returned EAX=0x00000000 (success/other) rsp=0xFFFFF8005DC75438 exitCount=952063
[iommuret] hit #2510: HalpIommuInitSystem returned EAX=0x00000000 (success/other) rsp=0xFFFFF8005DC75438 exitCount=952064
[iommuret] hit #2511: HalpIommuInitSystem returned EAX=0x00000000 (success/other) rsp=0xFFFFF8005DC75438 exitCount=952065
[iommuret] hit #2512: HalpIommuInitSystem returned EAX=0x00000000 (success/other) rsp=0xFFFFF8005DC75438 exitCount=952066
[iommuret] hit #2513: HalpIommuInitSystem returned EAX=0x00000000 (success/other) rsp=0xFFFFF8005DC75438 exitCount=952067
[iommuret] hit #2514: HalpIommuInitSystem returned EAX=0x00000000 (success/other) rsp=0xFFFFF8005DC75438 exitCount=952068
[iommuret] hit #2515: HalpIommuInitSystem returned EAX=0x00000000 (success/other) rsp=0xFFFFF8005DC75438 exitCount=952069
[iommuret] hit #2516: HalpIommuInitSystem returned EAX=0x00000000 (success/other) rsp=0xFFFFF8005DC75438 exitCount=952070
[iommuret] hit #2517: HalpIommuInitSystem returned EAX=0x00000000 (success/other) rsp=0xFFFFF8005DC75438 exitCount=952071
[iommuret] hit #2518: HalpIommuInitSystem returned EAX=0x00000000 (success/other) rsp=0xFFFFF8005DC75438 exitCount=952072
[iommuret] hit #2519: HalpIommuInitSystem returned EAX=0x00000000 (success/other) rsp=0xFFFFF8005DC75438 exitCount=952073
[iommuret] hit #2520: HalpIommuInitSystem returned EAX=0x00000000 (success/other) rsp=0xFFFFF8005DC75438 exitCount=952074
[iommuret] hit #2521: HalpIommuInitSystem returned EAX=0x00000000 (success/other) rsp=0xFFFFF8005DC75438 exitCount=952075
[iommuret] hit #2522: HalpIommuInitSystem returned EAX=0x00000000 (success/other) rsp=0xFFFFF8005DC75438 exitCount=952076
[iommuret] hit #2523: HalpIommuInitSystem returned EAX=0x00000000 (success/other) rsp=0xFFFFF8005DC75438 exitCount=952077
[iommuret] hit #2524: HalpIommuInitSystem returned EAX=0x00000000 (success/other) rsp=0xFFFFF8005DC75438 exitCount=952078
[iommuret] hit #2525: HalpIommuInitSystem returned EAX=0x00000000 (success/other) rsp=0xFFFFF8005DC75438 exitCount=952079
[iommuret] hit #2526: HalpIommuInitSystem returned EAX=0x00000000 (success/other) rsp=0xFFFFF8005DC75438 exitCount=952080
[iommuret] hit #2527: HalpIommuInitSystem returned EAX=0x00000000 (success/other) rsp=0xFFFFF8005DC75438 exitCount=952081
[iommuret] hit #2528: HalpIommuInitSystem returned EAX=0x00000000 (success/other) rsp=0xFFFFF8005DC75438 exitCount=952082
[iommuret] hit #2529: HalpIommuInitSystem returned EAX=0x00000000 (success/other) rsp=0xFFFFF8005DC75438 exitCount=952083
[iommuret] hit #2530: HalpIommuInitSystem returned EAX=0x00000000 (success/other) rsp=0xFFFFF8005DC75438 exitCount=952084
[iommuret] hit #2531: HalpIommuInitSystem returned EAX=0x00000000 (success/other) rsp=0xFFFFF8005DC75438 exitCount=952085
[iommuret] hit #2532: HalpIommuInitSystem returned EAX=0x00000000 (success/other) rsp=0xFFFFF8005DC75438 exitCount=952086
[iommuret] hit #2533: HalpIommuInitSystem returned EAX=0x00000000 (success/other) rsp=0xFFFFF8005DC75438 exitCount=952087
[iommuret] hit #2534: HalpIommuInitSystem returned EAX=0x00000000 (success/other) rsp=0xFFFFF8005DC75438 exitCount=952088
[iommuret] hit #2535: HalpIommuInitSystem returned EAX=0x00000000 (success/other) rsp=0xFFFFF8005DC75438 exitCount=952089
[iommuret] hit #2536: HalpIommuInitSystem returned EAX=0x00000000 (success/other) rsp=0xFFFFF8005DC75438 exitCount=952090
[iommuret] hit #2537: HalpIommuInitSystem returned EAX=0x00000000 (success/other) rsp=0xFFFFF8005DC75438 exitCount=952091
[iommuret] hit #2538: HalpIommuInitSystem returned EAX=0x00000000 (success/other) rsp=0xFFFFF8005DC75438 exitCount=952092
[iommuret] hit #2539: HalpIommuInitSystem returned EAX=0x00000000 (success/other) rsp=0xFFFFF8005DC75438 exitCount=952093
[iommuret] hit #2540: HalpIommuInitSystem returned EAX=0x00000000 (success/other) rsp=0xFFFFF8005DC75438 exitCount=952094
[iommuret] hit #2541: HalpIommuInitSystem returned EAX=0x00000000 (success/other) rsp=0xFFFFF8005DC75438 exitCount=952095
[iommuret] hit #2542: HalpIommuInitSystem returned EAX=0x00000000 (success/other) rsp=0xFFFFF8005DC75438 exitCount=952096
[iommuret] hit #2543: HalpIommuInitSystem returned EAX=0x00000000 (success/other) rsp=0xFFFFF8005DC75438 exitCount=952097
[iommuret] hit #2544: HalpIommuInitSystem returned EAX=0x00000000 (success/other) rsp=0xFFFFF8005DC75438 exitCount=952098
[iommuret] hit #2545: HalpIommuInitSystem returned EAX=0x00000000 (success/other) rsp=0xFFFFF8005DC75438 exitCount=952099
[iommuret] hit #2546: HalpIommuInitSystem returned EAX=0x00000000 (success/other) rsp=0xFFFFF8005DC75438 exitCount=952100
[iommuret] hit #2547: HalpIommuInitSystem returned EAX=0x00000000 (success/other) rsp=0xFFFFF8005DC75438 exitCount=952101
[iommuret] hit #2548: HalpIommuInitSystem returned EAX=0x00000000 (success/other) rsp=0xFFFFF8005DC75438 exitCount=952102
[iommuret] hit #2549: HalpIommuInitSystem returned EAX=0x00000000 (success/other) rsp=0xFFFFF8005DC75438 exitCount=952103
[iommuret] hit #2550: HalpIommuInitSystem returned EAX=0x00000000 (success/other) rsp=0xFFFFF8005DC75438 exitCount=952104
[iommuret] hit #2551: HalpIommuInitSystem returned EAX=0x00000000 (success/other) rsp=0xFFFFF8005DC75438 exitCount=952105
[iommuret] hit #2552: HalpIommuInitSystem returned EAX=0x00000000 (success/other) rsp=0xFFFFF8005DC75438 exitCount=952106
[iommuret] hit #2553: HalpIommuInitSystem returned EAX=0x00000000 (success/other) rsp=0xFFFFF8005DC75438 exitCount=952107
[iommuret] hit #2554: HalpIommuInitSystem returned EAX=0x00000000 (success/other) rsp=0xFFFFF8005DC75438 exitCount=952108
[iommuret] hit #2555: HalpIommuInitSystem returned EAX=0x00000000 (success/other) rsp=0xFFFFF8005DC75438 exitCount=952109
[iommuret] hit #2556: HalpIommuInitSystem returned EAX=0x00000000 (success/other) rsp=0xFFFFF8005DC75438 exitCount=952110
[iommuret] hit #2557: HalpIommuInitSystem returned EAX=0x00000000 (success/other) rsp=0xFFFFF8005DC75438 exitCount=952111
[iommuret] hit #2558: HalpIommuInitSystem returned EAX=0x00000000 (success/other) rsp=0xFFFFF8005DC75438 exitCount=952112
[iommuret] hit #2559: HalpIommuInitSystem returned EAX=0x00000000 (success/other) rsp=0xFFFFF8005DC75438 exitCount=952113
[iommuret] hit #2560: HalpIommuInitSystem returned EAX=0x00000000 (success/other) rsp=0xFFFFF8005DC75438 exitCount=952114
[iommuret] hit #2561: HalpIommuInitSystem returned EAX=0x00000000 (success/other) rsp=0xFFFFF8005DC75438 exitCount=952115
[iommuret] hit #2562: HalpIommuInitSystem returned EAX=0x00000000 (success/other) rsp=0xFFFFF8005DC75438 exitCount=952116
[iommuret] hit #2563: HalpIommuInitSystem returned EAX=0x00000000 (success/other) rsp=0xFFFFF8005DC75438 exitCount=952117
[iommuret] hit #2564: HalpIommuInitSystem returned EAX=0x00000000 (success/other) rsp=0xFFFFF8005DC75438 exitCount=952118
[iommuret] hit #2565: HalpIommuInitSystem returned EAX=0x00000000 (success/other) rsp=0xFFFFF8005DC75438 exitCount=952119
[iommuret] hit #2566: HalpIommuInitSystem returned EAX=0x00000000 (success/other) rsp=0xFFFFF8005DC75438 exitCount=952120
[iommuret] hit #2567: HalpIommuInitSystem returned EAX=0x00000000 (success/other) rsp=0xFFFFF8005DC75438 exitCount=952121
[iommuret] hit #2568: HalpIommuInitSystem returned EAX=0x00000000 (success/other) rsp=0xFFFFF8005DC75438 exitCount=952122
[iommuret] hit #2569: HalpIommuInitSystem returned EAX=0x00000000 (success/other) rsp=0xFFFFF8005DC75438 exitCount=952123
[iommuret] hit #2570: HalpIommuInitSystem returned EAX=0x00000000 (success/other) rsp=0xFFFFF8005DC75438 exitCount=952124
[iommuret] hit #2571: HalpIommuInitSystem returned EAX=0x00000000 (success/other) rsp=0xFFFFF8005DC75438 exitCount=952125
[iommuret] hit #2572: HalpIommuInitSystem returned EAX=0x00000000 (success/other) rsp=0xFFFFF8005DC75438 exitCount=952126
[iommuret] hit #2573: HalpIommuInitSystem returned EAX=0x00000000 (success/other) rsp=0xFFFFF8005DC75438 exitCount=952127
[iommuret] hit #2574: HalpIommuInitSystem returned EAX=0x00000000 (success/other) rsp=0xFFFFF8005DC75438 exitCount=952128
[iommuret] hit #2575: HalpIommuInitSystem returned EAX=0x00000000 (success/other) rsp=0xFFFFF8005DC75438 exitCount=952129
[iommuret] hit #2576: HalpIommuInitSystem returned EAX=0x00000000 (success/other) rsp=0xFFFFF8005DC75438 exitCount=952130
[iommuret] hit #2577: HalpIommuInitSystem returned EAX=0x00000000 (success/other) rsp=0xFFFFF8005DC75438 exitCount=952131
[iommuret] hit #2578: HalpIommuInitSystem returned EAX=0x00000000 (success/other) rsp=0xFFFFF8005DC75438 exitCount=952132
[iommuret] hit #2579: HalpIommuInitSystem returned EAX=0x00000000 (success/other) rsp=0xFFFFF8005DC75438 exitCount=952133
[iommuret] hit #2580: HalpIommuInitSystem returned EAX=0x00000000 (success/other) rsp=0xFFFFF8005DC75438 exitCount=952134
[iommuret] hit #2581: HalpIommuInitSystem returned EAX=0x00000000 (success/other) rsp=0xFFFFF8005DC75438 exitCount=952135
[iommuret] hit #2582: HalpIommuInitSystem returned EAX=0x00000000 (success/other) rsp=0xFFFFF8005DC75438 exitCount=952136
[iommuret] hit #2583: HalpIommuInitSystem returned EAX=0x00000000 (success/other) rsp=0xFFFFF8005DC75438 exitCount=952137
[iommuret] hit #2584: HalpIommuInitSystem returned EAX=0x00000000 (success/other) rsp=0xFFFFF8005DC75438 exitCount=952138
[iommuret] hit #2585: HalpIommuInitSystem returned EAX=0x00000000 (success/other) rsp=0xFFFFF8005DC75438 exitCount=952139
[iommuret] hit #2586: HalpIommuInitSystem returned EAX=0x00000000 (success/other) rsp=0xFFFFF8005DC75438 exitCount=952140
[iommuret] hit #2587: HalpIommuInitSystem returned EAX=0x00000000 (success/other) rsp=0xFFFFF8005DC75438 exitCount=952141
[iommuret] hit #2588: HalpIommuInitSystem returned EAX=0x00000000 (success/other) rsp=0xFFFFF8005DC75438 exitCount=952142
[iommuret] hit #2589: HalpIommuInitSystem returned EAX=0x00000000 (success/other) rsp=0xFFFFF8005DC75438 exitCount=952143
[iommuret] hit #2590: HalpIommuInitSystem returned EAX=0x00000000 (success/other) rsp=0xFFFFF8005DC75438 exitCount=952144
[iommuret] hit #2591: HalpIommuInitSystem returned EAX=0x00000000 (success/other) rsp=0xFFFFF8005DC75438 exitCount=952145
[iommuret] hit #2592: HalpIommuInitSystem returned EAX=0x00000000 (success/other) rsp=0xFFFFF8005DC75438 exitCount=952146
[iommuret] hit #2593: HalpIommuInitSystem returned EAX=0x00000000 (success/other) rsp=0xFFFFF8005DC75438 exitCount=952147
[iommuret] hit #2594: HalpIommuInitSystem returned EAX=0x00000000 (success/other) rsp=0xFFFFF8005DC75438 exitCount=952148
[iommuret] hit #2595: HalpIommuInitSystem returned EAX=0x00000000 (success/other) rsp=0xFFFFF8005DC75438 exitCount=952149
[iommuret] hit #2596: HalpIommuInitSystem returned EAX=0x00000000 (success/other) rsp=0xFFFFF8005DC75438 exitCount=952150
[iommuret] hit #2597: HalpIommuInitSystem returned EAX=0x00000000 (success/other) rsp=0xFFFFF8005DC75438 exitCount=952151
[iommuret] hit #2598: HalpIommuInitSystem returned EAX=0x00000000 (success/other) rsp=0xFFFFF8005DC75438 exitCount=952152
[iommuret] hit #2599: HalpIommuInitSystem returned EAX=0x00000000 (success/other) rsp=0xFFFFF8005DC75438 exitCount=952153
[iommuret] hit #2600: HalpIommuInitSystem returned EAX=0x00000000 (success/other) rsp=0xFFFFF8005DC75438 exitCount=952154
[iommuret] hit #2601: HalpIommuInitSystem returned EAX=0x00000000 (success/other) rsp=0xFFFFF8005DC75438 exitCount=952155
[iommuret] hit #2602: HalpIommuInitSystem returned EAX=0x00000000 (success/other) rsp=0xFFFFF8005DC75438 exitCount=952156
[iommuret] hit #2603: HalpIommuInitSystem returned EAX=0x00000000 (success/other) rsp=0xFFFFF8005DC75438 exitCount=952157
[iommuret] hit #2604: HalpIommuInitSystem returned EAX=0x00000000 (success/other) rsp=0xFFFFF8005DC75438 exitCount=952158
[iommuret] hit #2605: HalpIommuInitSystem returned EAX=0x00000000 (success/other) rsp=0xFFFFF8005DC75438 exitCount=952159
[iommuret] hit #2606: HalpIommuInitSystem returned EAX=0x00000000 (success/other) rsp=0xFFFFF8005DC75438 exitCount=952160
[iommuret] hit #2607: HalpIommuInitSystem returned EAX=0x00000000 (success/other) rsp=0xFFFFF8005DC75438 exitCount=952161
[iommuret] hit #2608: HalpIommuInitSystem returned EAX=0x00000000 (success/other) rsp=0xFFFFF8005DC75438 exitCount=952162
[iommuret] hit #2609: HalpIommuInitSystem returned EAX=0x00000000 (success/other) rsp=0xFFFFF8005DC75438 exitCount=952163
[iommuret] hit #2610: HalpIommuInitSystem returned EAX=0x00000000 (success/other) rsp=0xFFFFF8005DC75438 exitCount=952164
[iommuret] hit #2611: HalpIommuInitSystem returned EAX=0x00000000 (success/other) rsp=0xFFFFF8005DC75438 exitCount=952165
[iommuret] hit #2612: HalpIommuInitSystem returned EAX=0x00000000 (success/other) rsp=0xFFFFF8005DC75438 exitCount=952166
[iommuret] hit #2613: HalpIommuInitSystem returned EAX=0x00000000 (success/other) rsp=0xFFFFF8005DC75438 exitCount=952167
[iommuret] hit #2614: HalpIommuInitSystem returned EAX=0x00000000 (success/other) rsp=0xFFFFF8005DC75438 exitCount=952168
[iommuret] hit #2615: HalpIommuInitSystem returned EAX=0x00000000 (success/other) rsp=0xFFFFF8005DC75438 exitCount=952169
[iommuret] hit #2616: HalpIommuInitSystem returned EAX=0x00000000 (success/other) rsp=0xFFFFF8005DC75438 exitCount=952170
[iommuret] hit #2617: HalpIommuInitSystem returned EAX=0x00000000 (success/other) rsp=0xFFFFF8005DC75438 exitCount=952171
[iommuret] hit #2618: HalpIommuInitSystem returned EAX=0x00000000 (success/other) rsp=0xFFFFF8005DC75438 exitCount=952172
[iommuret] hit #2619: HalpIommuInitSystem returned EAX=0x00000000 (success/other) rsp=0xFFFFF8005DC75438 exitCount=952173
[iommuret] hit #2620: HalpIommuInitSystem returned EAX=0x00000000 (success/other) rsp=0xFFFFF8005DC75438 exitCount=952174
[iommuret] hit #2621: HalpIommuInitSystem returned EAX=0x00000000 (success/other) rsp=0xFFFFF8005DC75438 exitCount=952175
[iommuret] hit #2622: HalpIommuInitSystem returned EAX=0x00000000 (success/other) rsp=0xFFFFF8005DC75438 exitCount=952176
[iommuret] hit #2623: HalpIommuInitSystem returned EAX=0x00000000 (success/other) rsp=0xFFFFF8005DC75438 exitCount=952177
[iommuret] hit #2624: HalpIommuInitSystem returned EAX=0x00000000 (success/other) rsp=0xFFFFF8005DC75438 exitCount=952178
[iommuret] hit #2625: HalpIommuInitSystem returned EAX=0x00000000 (success/other) rsp=0xFFFFF8005DC75438 exitCount=952179
[iommuret] hit #2626: HalpIommuInitSystem returned EAX=0x00000000 (success/other) rsp=0xFFFFF8005DC75438 exitCount=952180
[iommuret] hit #2627: HalpIommuInitSystem returned EAX=0x00000000 (success/other) rsp=0xFFFFF8005DC75438 exitCount=952181
[iommuret] hit #2628: HalpIommuInitSystem returned EAX=0x00000000 (success/other) rsp=0xFFFFF8005DC75438 exitCount=952182
[iommuret] hit #2629: HalpIommuInitSystem returned EAX=0x00000000 (success/other) rsp=0xFFFFF8005DC75438 exitCount=952183
[iommuret] hit #2630: HalpIommuInitSystem returned EAX=0x00000000 (success/other) rsp=0xFFFFF8005DC75438 exitCount=952184
[iommuret] hit #2631: HalpIommuInitSystem returned EAX=0x00000000 (success/other) rsp=0xFFFFF8005DC75438 exitCount=952185
[iommuret] hit #2632: HalpIommuInitSystem returned EAX=0x00000000 (success/other) rsp=0xFFFFF8005DC75438 exitCount=952186
[iommuret] hit #2633: HalpIommuInitSystem returned EAX=0x00000000 (success/other) rsp=0xFFFFF8005DC75438 exitCount=952187
[iommuret] hit #2634: HalpIommuInitSystem returned EAX=0x00000000 (success/other) rsp=0xFFFFF8005DC75438 exitCount=952188
[iommuret] hit #2635: HalpIommuInitSystem returned EAX=0x00000000 (success/other) rsp=0xFFFFF8005DC75438 exitCount=952189
[iommuret] hit #2636: HalpIommuInitSystem returned EAX=0x00000000 (success/other) rsp=0xFFFFF8005DC75438 exitCount=952190
[iommuret] hit #2637: HalpIommuInitSystem returned EAX=0x00000000 (success/other) rsp=0xFFFFF8005DC75438 exitCount=952191
[iommuret] hit #2638: HalpIommuInitSystem returned EAX=0x00000000 (success/other) rsp=0xFFFFF8005DC75438 exitCount=952192
[iommuret] hit #2639: HalpIommuInitSystem returned EAX=0x00000000 (success/other) rsp=0xFFFFF8005DC75438 exitCount=952193
[iommuret] hit #2640: HalpIommuInitSystem returned EAX=0x00000000 (success/other) rsp=0xFFFFF8005DC75438 exitCount=952194
[iommuret] hit #2641: HalpIommuInitSystem returned EAX=0x00000000 (success/other) rsp=0xFFFFF8005DC75438 exitCount=952195
[iommuret] hit #2642: HalpIommuInitSystem returned EAX=0x00000000 (success/other) rsp=0xFFFFF8005DC75438 exitCount=952196
[iommuret] hit #2643: HalpIommuInitSystem returned EAX=0x00000000 (success/other) rsp=0xFFFFF8005DC75438 exitCount=952197
[iommuret] hit #2644: HalpIommuInitSystem returned EAX=0x00000000 (success/other) rsp=0xFFFFF8005DC75438 exitCount=952198
[iommuret] hit #2645: HalpIommuInitSystem returned EAX=0x00000000 (success/other) rsp=0xFFFFF8005DC75438 exitCount=952199
[iommuret] hit #2646: HalpIommuInitSystem returned EAX=0x00000000 (success/other) rsp=0xFFFFF8005DC75438 exitCount=952200
[iommuret] hit #2647: HalpIommuInitSystem returned EAX=0x00000000 (success/other) rsp=0xFFFFF8005DC75438 exitCount=952201
[iommuret] hit #2648: HalpIommuInitSystem returned EAX=0x00000000 (success/other) rsp=0xFFFFF8005DC75438 exitCount=952202
[iommuret] hit #2649: HalpIommuInitSystem returned EAX=0x00000000 (success/other) rsp=0xFFFFF8005DC75438 exitCount=952203
[iommuret] hit #2650: HalpIommuInitSystem returned EAX=0x00000000 (success/other) rsp=0xFFFFF8005DC75438 exitCount=952204
[iommuret] hit #2651: HalpIommuInitSystem returned EAX=0x00000000 (success/other) rsp=0xFFFFF8005DC75438 exitCount=952205
[iommuret] hit #2652: HalpIommuInitSystem returned EAX=0x00000000 (success/other) rsp=0xFFFFF8005DC75438 exitCount=952206
[iommuret] hit #2653: HalpIommuInitSystem returned EAX=0x00000000 (success/other) rsp=0xFFFFF8005DC75438 exitCount=952207
[iommuret] hit #2654: HalpIommuInitSystem returned EAX=0x00000000 (success/other) rsp=0xFFFFF8005DC75438 exitCount=952208
[iommuret] hit #2655: HalpIommuInitSystem returned EAX=0x00000000 (success/other) rsp=0xFFFFF8005DC75438 exitCount=952209
[iommuret] hit #2656: HalpIommuInitSystem returned EAX=0x00000000 (success/other) rsp=0xFFFFF8005DC75438 exitCount=952210
[iommuret] hit #2657: HalpIommuInitSystem returned EAX=0x00000000 (success/other) rsp=0xFFFFF8005DC75438 exitCount=952211
[iommuret] hit #2658: HalpIommuInitSystem returned EAX=0x00000000 (success/other) rsp=0xFFFFF8005DC75438 exitCount=952212
[iommuret] hit #2659: HalpIommuInitSystem returned EAX=0x00000000 (success/other) rsp=0xFFFFF8005DC75438 exitCount=952213
[iommuret] hit #2660: HalpIommuInitSystem returned EAX=0x00000000 (success/other) rsp=0xFFFFF8005DC75438 exitCount=952214
[iommuret] hit #2661: HalpIommuInitSystem returned EAX=0x00000000 (success/other) rsp=0xFFFFF8005DC75438 exitCount=952215
[iommuret] hit #2662: HalpIommuInitSystem returned EAX=0x00000000 (success/other) rsp=0xFFFFF8005DC75438 exitCount=952216
[iommuret] hit #2663: HalpIommuInitSystem returned EAX=0x00000000 (success/other) rsp=0xFFFFF8005DC75438 exitCount=952217
[iommuret] hit #2664: HalpIommuInitSystem returned EAX=0x00000000 (success/other) rsp=0xFFFFF8005DC75438 exitCount=952218
[iommuret] hit #2665: HalpIommuInitSystem returned EAX=0x00000000 (success/other) rsp=0xFFFFF8005DC75438 exitCount=952219
[iommuret] hit #2666: HalpIommuInitSystem returned EAX=0x00000000 (success/other) rsp=0xFFFFF8005DC75438 exitCount=952220
[iommuret] hit #2667: HalpIommuInitSystem returned EAX=0x00000000 (success/other) rsp=0xFFFFF8005DC75438 exitCount=952221
[iommuret] hit #2668: HalpIommuInitSystem returned EAX=0x00000000 (success/other) rsp=0xFFFFF8005DC75438 exitCount=952222
[iommuret] hit #2669: HalpIommuInitSystem returned EAX=0x00000000 (success/other) rsp=0xFFFFF8005DC75438 exitCount=952223
[iommuret] hit #2670: HalpIommuInitSystem returned EAX=0x00000000 (success/other) rsp=0xFFFFF8005DC75438 exitCount=952224
[iommuret] hit #2671: HalpIommuInitSystem returned EAX=0x00000000 (success/other) rsp=0xFFFFF8005DC75438 exitCount=952225
[iommuret] hit #2672: HalpIommuInitSystem returned EAX=0x00000000 (success/other) rsp=0xFFFFF8005DC75438 exitCount=952226
[iommuret] hit #2673: HalpIommuInitSystem returned EAX=0x00000000 (success/other) rsp=0xFFFFF8005DC75438 exitCount=952227
[iommuret] hit #2674: HalpIommuInitSystem returned EAX=0x00000000 (success/other) rsp=0xFFFFF8005DC75438 exitCount=952228
[iommuret] hit #2675: HalpIommuInitSystem returned EAX=0x00000000 (success/other) rsp=0xFFFFF8005DC75438 exitCount=952229
[iommuret] hit #2676: HalpIommuInitSystem returned EAX=0x00000000 (success/other) rsp=0xFFFFF8005DC75438 exitCount=952230
[iommuret] hit #2677: HalpIommuInitSystem returned EAX=0x00000000 (success/other) rsp=0xFFFFF8005DC75438 exitCount=952231
[iommuret] hit #2678: HalpIommuInitSystem returned EAX=0x00000000 (success/other) rsp=0xFFFFF8005DC75438 exitCount=952232
[iommuret] hit #2679: HalpIommuInitSystem returned EAX=0x00000000 (success/other) rsp=0xFFFFF8005DC75438 exitCount=952233
[iommuret] hit #2680: HalpIommuInitSystem returned EAX=0x00000000 (success/other) rsp=0xFFFFF8005DC75438 exitCount=952234
[iommuret] hit #2681: HalpIommuInitSystem returned EAX=0x00000000 (success/other) rsp=0xFFFFF8005DC75438 exitCount=952235
[iommuret] hit #2682: HalpIommuInitSystem returned EAX=0x00000000 (success/other) rsp=0xFFFFF8005DC75438 exitCount=952236
[iommuret] hit #2683: HalpIommuInitSystem returned EAX=0x00000000 (success/other) rsp=0xFFFFF8005DC75438 exitCount=952237
[iommuret] hit #2684: HalpIommuInitSystem returned EAX=0x00000000 (success/other) rsp=0xFFFFF8005DC75438 exitCount=952238
[iommuret] hit #2685: HalpIommuInitSystem returned EAX=0x00000000 (success/other) rsp=0xFFFFF8005DC75438 exitCount=952239
[iommuret] hit #2686: HalpIommuInitSystem returned EAX=0x00000000 (success/other) rsp=0xFFFFF8005DC75438 exitCount=952240
[iommuret] hit #2687: HalpIommuInitSystem returned EAX=0x00000000 (success/other) rsp=0xFFFFF8005DC75438 exitCount=952241
[iommuret] hit #2688: HalpIommuInitSystem returned EAX=0x00000000 (success/other) rsp=0xFFFFF8005DC75438 exitCount=952242
[iommuret] hit #2689: HalpIommuInitSystem returned EAX=0x00000000 (success/other) rsp=0xFFFFF8005DC75438 exitCount=952243
[iommuret] hit #2690: HalpIommuInitSystem returned EAX=0x00000000 (success/other) rsp=0xFFFFF8005DC75438 exitCount=952244
[iommuret] hit #2691: HalpIommuInitSystem returned EAX=0x00000000 (success/other) rsp=0xFFFFF8005DC75438 exitCount=952245
[iommuret] hit #2692: HalpIommuInitSystem returned EAX=0x00000000 (success/other) rsp=0xFFFFF8005DC75438 exitCount=952246
[iommuret] hit #2693: HalpIommuInitSystem returned EAX=0x00000000 (success/other) rsp=0xFFFFF8005DC75438 exitCount=952247
[iommuret] hit #2694: HalpIommuInitSystem returned EAX=0x00000000 (success/other) rsp=0xFFFFF8005DC75438 exitCount=952248
[iommuret] hit #2695: HalpIommuInitSystem returned EAX=0x00000000 (success/other) rsp=0xFFFFF8005DC75438 exitCount=952249
[iommuret] hit #2696: HalpIommuInitSystem returned EAX=0x00000000 (success/other) rsp=0xFFFFF8005DC75438 exitCount=952250
[iommuret] hit #2697: HalpIommuInitSystem returned EAX=0x00000000 (success/other) rsp=0xFFFFF8005DC75438 exitCount=952251
[iommuret] hit #2698: HalpIommuInitSystem returned EAX=0x00000000 (success/other) rsp=0xFFFFF8005DC75438 exitCount=952252
[iommuret] hit #2699: HalpIommuInitSystem returned EAX=0x00000000 (success/other) rsp=0xFFFFF8005DC75438 exitCount=952253
[iommuret] hit #2700: HalpIommuInitSystem returned EAX=0x00000000 (success/other) rsp=0xFFFFF8005DC75438 exitCount=952254
[iommuret] hit #2701: HalpIommuInitSystem returned EAX=0x00000000 (success/other) rsp=0xFFFFF8005DC75438 exitCount=952255
[iommuret] hit #2702: HalpIommuInitSystem returned EAX=0x00000000 (success/other) rsp=0xFFFFF8005DC75438 exitCount=952256
[iommuret] hit #2703: HalpIommuInitSystem returned EAX=0x00000000 (success/other) rsp=0xFFFFF8005DC75438 exitCount=952257
[iommuret] hit #2704: HalpIommuInitSystem returned EAX=0x00000000 (success/other) rsp=0xFFFFF8005DC75438 exitCount=952258
[iommuret] hit #2705: HalpIommuInitSystem returned EAX=0x00000000 (success/other) rsp=0xFFFFF8005DC75438 exitCount=952259
[iommuret] hit #2706: HalpIommuInitSystem returned EAX=0x00000000 (success/other) rsp=0xFFFFF8005DC75438 exitCount=952260
[iommuret] hit #2707: HalpIommuInitSystem returned EAX=0x00000000 (success/other) rsp=0xFFFFF8005DC75438 exitCount=952261
[iommuret] hit #2708: HalpIommuInitSystem returned EAX=0x00000000 (success/other) rsp=0xFFFFF8005DC75438 exitCount=952262
[iommuret] hit #2709: HalpIommuInitSystem returned EAX=0x00000000 (success/other) rsp=0xFFFFF8005DC75438 exitCount=952263
[iommuret] hit #2710: HalpIommuInitSystem returned EAX=0x00000000 (success/other) rsp=0xFFFFF8005DC75438 exitCount=952264
[iommuret] hit #2711: HalpIommuInitSystem returned EAX=0x00000000 (success/other) rsp=0xFFFFF8005DC75438 exitCount=952265
[iommuret] hit #2712: HalpIommuInitSystem returned EAX=0x00000000 (success/other) rsp=0xFFFFF8005DC75438 exitCount=952266
[iommuret] hit #2713: HalpIommuInitSystem returned EAX=0x00000000 (success/other) rsp=0xFFFFF8005DC75438 exitCount=952267
[iommuret] hit #2714: HalpIommuInitSystem returned EAX=0x00000000 (success/other) rsp=0xFFFFF8005DC75438 exitCount=952268
[iommuret] hit #2715: HalpIommuInitSystem returned EAX=0x00000000 (success/other) rsp=0xFFFFF8005DC75438 exitCount=952269
[iommuret] hit #2716: HalpIommuInitSystem returned EAX=0x00000000 (success/other) rsp=0xFFFFF8005DC75438 exitCount=952270
[iommuret] hit #2717: HalpIommuInitSystem returned EAX=0x00000000 (success/other) rsp=0xFFFFF8005DC75438 exitCount=952271
[iommuret] hit #2718: HalpIommuInitSystem returned EAX=0x00000000 (success/other) rsp=0xFFFFF8005DC75438 exitCount=952272
[iommuret] hit #2719: HalpIommuInitSystem returned EAX=0x00000000 (success/other) rsp=0xFFFFF8005DC75438 exitCount=952273
[iommuret] hit #2720: HalpIommuInitSystem returned EAX=0x00000000 (success/other) rsp=0xFFFFF8005DC75438 exitCount=952274
[iommuret] hit #2721: HalpIommuInitSystem returned EAX=0x00000000 (success/other) rsp=0xFFFFF8005DC75438 exitCount=952275
[iommuret] hit #2722: HalpIommuInitSystem returned EAX=0x00000000 (success/other) rsp=0xFFFFF8005DC75438 exitCount=952276
[iommuret] hit #2723: HalpIommuInitSystem returned EAX=0x00000000 (success/other) rsp=0xFFFFF8005DC75438 exitCount=952277
[iommuret] hit #2724: HalpIommuInitSystem returned EAX=0x00000000 (success/other) rsp=0xFFFFF8005DC75438 exitCount=952278
[iommuret] hit #2725: HalpIommuInitSystem returned EAX=0x00000000 (success/other) rsp=0xFFFFF8005DC75438 exitCount=952279
[iommuret] hit #2726: HalpIommuInitSystem returned EAX=0x00000000 (success/other) rsp=0xFFFFF8005DC75438 exitCount=952280
[iommuret] hit #2727: HalpIommuInitSystem returned EAX=0x00000000 (success/other) rsp=0xFFFFF8005DC75438 exitCount=952281
[iommuret] hit #2728: HalpIommuInitSystem returned EAX=0x00000000 (success/other) rsp=0xFFFFF8005DC75438 exitCount=952282
[iommuret] hit #2729: HalpIommuInitSystem returned EAX=0x00000000 (success/other) rsp=0xFFFFF8005DC75438 exitCount=952283
[iommuret] hit #2730: HalpIommuInitSystem returned EAX=0x00000000 (success/other) rsp=0xFFFFF8005DC75438 exitCount=952284
[iommuret] hit #2731: HalpIommuInitSystem returned EAX=0x00000000 (success/other) rsp=0xFFFFF8005DC75438 exitCount=952285
[iommuret] hit #2732: HalpIommuInitSystem returned EAX=0x00000000 (success/other) rsp=0xFFFFF8005DC75438 exitCount=952286
[iommuret] hit #2733: HalpIommuInitSystem returned EAX=0x00000000 (success/other) rsp=0xFFFFF8005DC75438 exitCount=952287
[iommuret] hit #2734: HalpIommuInitSystem returned EAX=0x00000000 (success/other) rsp=0xFFFFF8005DC75438 exitCount=952288
[iommuret] hit #2735: HalpIommuInitSystem returned EAX=0x00000000 (success/other) rsp=0xFFFFF8005DC75438 exitCount=952289
[iommuret] hit #2736: HalpIommuInitSystem returned EAX=0x00000000 (success/other) rsp=0xFFFFF8005DC75438 exitCount=952290
[iommuret] hit #2737: HalpIommuInitSystem returned EAX=0x00000000 (success/other) rsp=0xFFFFF8005DC75438 exitCount=952291
[iommuret] hit #2738: HalpIommuInitSystem returned EAX=0x00000000 (success/other) rsp=0xFFFFF8005DC75438 exitCount=952292
[iommuret] hit #2739: HalpIommuInitSystem returned EAX=0x00000000 (success/other) rsp=0xFFFFF8005DC75438 exitCount=952293
[iommuret] hit #2740: HalpIommuInitSystem returned EAX=0x00000000 (success/other) rsp=0xFFFFF8005DC75438 exitCount=952294
[iommuret] hit #2741: HalpIommuInitSystem returned EAX=0x00000000 (success/other) rsp=0xFFFFF8005DC75438 exitCount=952295
[iommuret] hit #2742: HalpIommuInitSystem returned EAX=0x00000000 (success/other) rsp=0xFFFFF8005DC75438 exitCount=952296
[iommuret] hit #2743: HalpIommuInitSystem returned EAX=0x00000000 (success/other) rsp=0xFFFFF8005DC75438 exitCount=952297
[iommuret] hit #2744: HalpIommuInitSystem returned EAX=0x00000000 (success/other) rsp=0xFFFFF8005DC75438 exitCount=952298
[iommuret] hit #2745: HalpIommuInitSystem returned EAX=0x00000000 (success/other) rsp=0xFFFFF8005DC75438 exitCount=952299
[iommuret] hit #2746: HalpIommuInitSystem returned EAX=0x00000000 (success/other) rsp=0xFFFFF8005DC75438 exitCount=952300
[iommuret] hit #2747: HalpIommuInitSystem returned EAX=0x00000000 (success/other) rsp=0xFFFFF8005DC75438 exitCount=952301
[iommuret] hit #2748: HalpIommuInitSystem returned EAX=0x00000000 (success/other) rsp=0xFFFFF8005DC75438 exitCount=952302
[iommuret] hit #2749: HalpIommuInitSystem returned EAX=0x00000000 (success/other) rsp=0xFFFFF8005DC75438 exitCount=952303
[iommuret] hit #2750: HalpIommuInitSystem returned EAX=0x00000000 (success/other) rsp=0xFFFFF8005DC75438 exitCount=952304
[iommuret] hit #2751: HalpIommuInitSystem returned EAX=0x00000000 (success/other) rsp=0xFFFFF8005DC75438 exitCount=952305
[iommuret] hit #2752: HalpIommuInitSystem returned EAX=0x00000000 (success/other) rsp=0xFFFFF8005DC75438 exitCount=952306
[iommuret] hit #2753: HalpIommuInitSystem returned EAX=0x00000000 (success/other) rsp=0xFFFFF8005DC75438 exitCount=952307
[iommuret] hit #2754: HalpIommuInitSystem returned EAX=0x00000000 (success/other) rsp=0xFFFFF8005DC75438 exitCount=952308
[iommuret] hit #2755: HalpIommuInitSystem returned EAX=0x00000000 (success/other) rsp=0xFFFFF8005DC75438 exitCount=952309
[iommuret] hit #2756: HalpIommuInitSystem returned EAX=0x00000000 (success/other) rsp=0xFFFFF8005DC75438 exitCount=952310
[iommuret] hit #2757: HalpIommuInitSystem returned EAX=0x00000000 (success/other) rsp=0xFFFFF8005DC75438 exitCount=952311
[iommuret] hit #2758: HalpIommuInitSystem returned EAX=0x00000000 (success/other) rsp=0xFFFFF8005DC75438 exitCount=952312
[iommuret] hit #2759: HalpIommuInitSystem returned EAX=0x00000000 (success/other) rsp=0xFFFFF8005DC75438 exitCount=952313
[iommuret] hit #2760: HalpIommuInitSystem returned EAX=0x00000000 (success/other) rsp=0xFFFFF8005DC75438 exitCount=952314
[iommuret] hit #2761: HalpIommuInitSystem returned EAX=0x00000000 (success/other) rsp=0xFFFFF8005DC75438 exitCount=952315
[iommuret] hit #2762: HalpIommuInitSystem returned EAX=0x00000000 (success/other) rsp=0xFFFFF8005DC75438 exitCount=952316
[iommuret] hit #2763: HalpIommuInitSystem returned EAX=0x00000000 (success/other) rsp=0xFFFFF8005DC75438 exitCount=952317
[iommuret] hit #2764: HalpIommuInitSystem returned EAX=0x00000000 (success/other) rsp=0xFFFFF8005DC75438 exitCount=952318
[iommuret] hit #2765: HalpIommuInitSystem returned EAX=0x00000000 (success/other) rsp=0xFFFFF8005DC75438 exitCount=952319
[iommuret] hit #2766: HalpIommuInitSystem returned EAX=0x00000000 (success/other) rsp=0xFFFFF8005DC75438 exitCount=952320
[iommuret] hit #2767: HalpIommuInitSystem returned EAX=0x00000000 (success/other) rsp=0xFFFFF8005DC75438 exitCount=952321
[iommuret] hit #2768: HalpIommuInitSystem returned EAX=0x00000000 (success/other) rsp=0xFFFFF8005DC75438 exitCount=952322
[iommuret] hit #2769: HalpIommuInitSystem returned EAX=0x00000000 (success/other) rsp=0xFFFFF8005DC75438 exitCount=952323
[iommuret] hit #2770: HalpIommuInitSystem returned EAX=0x00000000 (success/other) rsp=0xFFFFF8005DC75438 exitCount=952324
[iommuret] hit #2771: HalpIommuInitSystem returned EAX=0x00000000 (success/other) rsp=0xFFFFF8005DC75438 exitCount=952325
[iommuret] hit #2772: HalpIommuInitSystem returned EAX=0x00000000 (success/other) rsp=0xFFFFF8005DC75438 exitCount=952326
[iommuret] hit #2773: HalpIommuInitSystem returned EAX=0x00000000 (success/other) rsp=0xFFFFF8005DC75438 exitCount=952327
[iommuret] hit #2774: HalpIommuInitSystem returned EAX=0x00000000 (success/other) rsp=0xFFFFF8005DC75438 exitCount=952328
[iommuret] hit #2775: HalpIommuInitSystem returned EAX=0x00000000 (success/other) rsp=0xFFFFF8005DC75438 exitCount=952329
[iommuret] hit #2776: HalpIommuInitSystem returned EAX=0x00000000 (success/other) rsp=0xFFFFF8005DC75438 exitCount=952330
[iommuret] hit #2777: HalpIommuInitSystem returned EAX=0x00000000 (success/other) rsp=0xFFFFF8005DC75438 exitCount=952331
[iommuret] hit #2778: HalpIommuInitSystem returned EAX=0x00000000 (success/other) rsp=0xFFFFF8005DC75438 exitCount=952332
[iommuret] hit #2779: HalpIommuInitSystem returned EAX=0x00000000 (success/other) rsp=0xFFFFF8005DC75438 exitCount=952333
[iommuret] hit #2780: HalpIommuInitSystem returned EAX=0x00000000 (success/other) rsp=0xFFFFF8005DC75438 exitCount=952334
[iommuret] hit #2781: HalpIommuInitSystem returned EAX=0x00000000 (success/other) rsp=0xFFFFF8005DC75438 exitCount=952335
[iommuret] hit #2782: HalpIommuInitSystem returned EAX=0x00000000 (success/other) rsp=0xFFFFF8005DC75438 exitCount=952336
[iommuret] hit #2783: HalpIommuInitSystem returned EAX=0x00000000 (success/other) rsp=0xFFFFF8005DC75438 exitCount=952337
[iommuret] hit #2784: HalpIommuInitSystem returned EAX=0x00000000 (success/other) rsp=0xFFFFF8005DC75438 exitCount=952338
[iommuret] hit #2785: HalpIommuInitSystem returned EAX=0x00000000 (success/other) rsp=0xFFFFF8005DC75438 exitCount=952339
[iommuret] hit #2786: HalpIommuInitSystem returned EAX=0x00000000 (success/other) rsp=0xFFFFF8005DC75438 exitCount=952340
[iommuret] hit #2787: HalpIommuInitSystem returned EAX=0x00000000 (success/other) rsp=0xFFFFF8005DC75438 exitCount=952341
[iommuret] hit #2788: HalpIommuInitSystem returned EAX=0x00000000 (success/other) rsp=0xFFFFF8005DC75438 exitCount=952342
[iommuret] hit #2789: HalpIommuInitSystem returned EAX=0x00000000 (success/other) rsp=0xFFFFF8005DC75438 exitCount=952343
[iommuret] hit #2790: HalpIommuInitSystem returned EAX=0x00000000 (success/other) rsp=0xFFFFF8005DC75438 exitCount=952344
[iommuret] hit #2791: HalpIommuInitSystem returned EAX=0x00000000 (success/other) rsp=0xFFFFF8005DC75438 exitCount=952345
[iommuret] hit #2792: HalpIommuInitSystem returned EAX=0x00000000 (success/other) rsp=0xFFFFF8005DC75438 exitCount=952346
[iommuret] hit #2793: HalpIommuInitSystem returned EAX=0x00000000 (success/other) rsp=0xFFFFF8005DC75438 exitCount=952347
[iommuret] hit #2794: HalpIommuInitSystem returned EAX=0x00000000 (success/other) rsp=0xFFFFF8005DC75438 exitCount=952348
[iommuret] hit #2795: HalpIommuInitSystem returned EAX=0x00000000 (success/other) rsp=0xFFFFF8005DC75438 exitCount=952349
[iommuret] hit #2796: HalpIommuInitSystem returned EAX=0x00000000 (success/other) rsp=0xFFFFF8005DC75438 exitCount=952350
[iommuret] hit #2797: HalpIommuInitSystem returned EAX=0x00000000 (success/other) rsp=0xFFFFF8005DC75438 exitCount=952351
[iommuret] hit #2798: HalpIommuInitSystem returned EAX=0x00000000 (success/other) rsp=0xFFFFF8005DC75438 exitCount=952352
[iommuret] hit #2799: HalpIommuInitSystem returned EAX=0x00000000 (success/other) rsp=0xFFFFF8005DC75438 exitCount=952353
[iommuret] hit #2800: HalpIommuInitSystem returned EAX=0x00000000 (success/other) rsp=0xFFFFF8005DC75438 exitCount=952354
[iommuret] hit #2801: HalpIommuInitSystem returned EAX=0x00000000 (success/other) rsp=0xFFFFF8005DC75438 exitCount=952355
[iommuret] hit #2802: HalpIommuInitSystem returned EAX=0x00000000 (success/other) rsp=0xFFFFF8005DC75438 exitCount=952356
[iommuret] hit #2803: HalpIommuInitSystem returned EAX=0x00000000 (success/other) rsp=0xFFFFF8005DC75438 exitCount=952357
[iommuret] hit #2804: HalpIommuInitSystem returned EAX=0x00000000 (success/other) rsp=0xFFFFF8005DC75438 exitCount=952358
[iommuret] hit #2805: HalpIommuInitSystem returned EAX=0x00000000 (success/other) rsp=0xFFFFF8005DC75438 exitCount=952359
[iommuret] hit #2806: HalpIommuInitSystem returned EAX=0x00000000 (success/other) rsp=0xFFFFF8005DC75438 exitCount=952360
[iommuret] hit #2807: HalpIommuInitSystem returned EAX=0x00000000 (success/other) rsp=0xFFFFF8005DC75438 exitCount=952361
[iommuret] hit #2808: HalpIommuInitSystem returned EAX=0x00000000 (success/other) rsp=0xFFFFF8005DC75438 exitCount=952362
[iommuret] hit #2809: HalpIommuInitSystem returned EAX=0x00000000 (success/other) rsp=0xFFFFF8005DC75438 exitCount=952363
[iommuret] hit #2810: HalpIommuInitSystem returned EAX=0x00000000 (success/other) rsp=0xFFFFF8005DC75438 exitCount=952364
[iommuret] hit #2811: HalpIommuInitSystem returned EAX=0x00000000 (success/other) rsp=0xFFFFF8005DC75438 exitCount=952365
[iommuret] hit #2812: HalpIommuInitSystem returned EAX=0x00000000 (success/other) rsp=0xFFFFF8005DC75438 exitCount=952366
[iommuret] hit #2813: HalpIommuInitSystem returned EAX=0x00000000 (success/other) rsp=0xFFFFF8005DC75438 exitCount=952367
[iommuret] hit #2814: HalpIommuInitSystem returned EAX=0x00000000 (success/other) rsp=0xFFFFF8005DC75438 exitCount=952368
[iommuret] hit #2815: HalpIommuInitSystem returned EAX=0x00000000 (success/other) rsp=0xFFFFF8005DC75438 exitCount=952369
[iommuret] hit #2816: HalpIommuInitSystem returned EAX=0x00000000 (success/other) rsp=0xFFFFF8005DC75438 exitCount=952370
[iommuret] hit #2817: HalpIommuInitSystem returned EAX=0x00000000 (success/other) rsp=0xFFFFF8005DC75438 exitCount=952371
[iommuret] hit #2818: HalpIommuInitSystem returned EAX=0x00000000 (success/other) rsp=0xFFFFF8005DC75438 exitCount=952372
[iommuret] hit #2819: HalpIommuInitSystem returned EAX=0x00000000 (success/other) rsp=0xFFFFF8005DC75438 exitCount=952373
[iommuret] hit #2820: HalpIommuInitSystem returned EAX=0x00000000 (success/other) rsp=0xFFFFF8005DC75438 exitCount=952374
[iommuret] hit #2821: HalpIommuInitSystem returned EAX=0x00000000 (success/other) rsp=0xFFFFF8005DC75438 exitCount=952375
[iommuret] hit #2822: HalpIommuInitSystem returned EAX=0x00000000 (success/other) rsp=0xFFFFF8005DC75438 exitCount=952376
[iommuret] hit #2823: HalpIommuInitSystem returned EAX=0x00000000 (success/other) rsp=0xFFFFF8005DC75438 exitCount=952377
[iommuret] hit #2824: HalpIommuInitSystem returned EAX=0x00000000 (success/other) rsp=0xFFFFF8005DC75438 exitCount=952378
[iommuret] hit #2825: HalpIommuInitSystem returned EAX=0x00000000 (success/other) rsp=0xFFFFF8005DC75438 exitCount=952379
[iommuret] hit #2826: HalpIommuInitSystem returned EAX=0x00000000 (success/other) rsp=0xFFFFF8005DC75438 exitCount=952380
[iommuret] hit #2827: HalpIommuInitSystem returned EAX=0x00000000 (success/other) rsp=0xFFFFF8005DC75438 exitCount=952381
[iommuret] hit #2828: HalpIommuInitSystem returned EAX=0x00000000 (success/other) rsp=0xFFFFF8005DC75438 exitCount=952382
[iommuret] hit #2829: HalpIommuInitSystem returned EAX=0x00000000 (success/other) rsp=0xFFFFF8005DC75438 exitCount=952383
[iommuret] hit #2830: HalpIommuInitSystem returned EAX=0x00000000 (success/other) rsp=0xFFFFF8005DC75438 exitCount=952384
[iommuret] hit #2831: HalpIommuInitSystem returned EAX=0x00000000 (success/other) rsp=0xFFFFF8005DC75438 exitCount=952385
[iommuret] hit #2832: HalpIommuInitSystem returned EAX=0x00000000 (success/other) rsp=0xFFFFF8005DC75438 exitCount=952386
[iommuret] hit #2833: HalpIommuInitSystem returned EAX=0x00000000 (success/other) rsp=0xFFFFF8005DC75438 exitCount=952387
[iommuret] hit #2834: HalpIommuInitSystem returned EAX=0x00000000 (success/other) rsp=0xFFFFF8005DC75438 exitCount=952388
[iommuret] hit #2835: HalpIommuInitSystem returned EAX=0x00000000 (success/other) rsp=0xFFFFF8005DC75438 exitCount=952389
[iommuret] hit #2836: HalpIommuInitSystem returned EAX=0x00000000 (success/other) rsp=0xFFFFF8005DC75438 exitCount=952390
[iommuret] hit #2837: HalpIommuInitSystem returned EAX=0x00000000 (success/other) rsp=0xFFFFF8005DC75438 exitCount=952391
[iommuret] hit #2838: HalpIommuInitSystem returned EAX=0x00000000 (success/other) rsp=0xFFFFF8005DC75438 exitCount=952392
[iommuret] hit #2839: HalpIommuInitSystem returned EAX=0x00000000 (success/other) rsp=0xFFFFF8005DC75438 exitCount=952393
[iommuret] hit #2840: HalpIommuInitSystem returned EAX=0x00000000 (success/other) rsp=0xFFFFF8005DC75438 exitCount=952394
[iommuret] hit #2841: HalpIommuInitSystem returned EAX=0x00000000 (success/other) rsp=0xFFFFF8005DC75438 exitCount=952395
[iommuret] hit #2842: HalpIommuInitSystem returned EAX=0x00000000 (success/other) rsp=0xFFFFF8005DC75438 exitCount=952396
[iommuret] hit #2843: HalpIommuInitSystem returned EAX=0x00000000 (success/other) rsp=0xFFFFF8005DC75438 exitCount=952397
[iommuret] hit #2844: HalpIommuInitSystem returned EAX=0x00000000 (success/other) rsp=0xFFFFF8005DC75438 exitCount=952398
[iommuret] hit #2845: HalpIommuInitSystem returned EAX=0x00000000 (success/other) rsp=0xFFFFF8005DC75438 exitCount=952399
[iommuret] hit #2846: HalpIommuInitSystem returned EAX=0x00000000 (success/other) rsp=0xFFFFF8005DC75438 exitCount=952400
[iommuret] hit #2847: HalpIommuInitSystem returned EAX=0x00000000 (success/other) rsp=0xFFFFF8005DC75438 exitCount=952401
[iommuret] hit #2848: HalpIommuInitSystem returned EAX=0x00000000 (success/other) rsp=0xFFFFF8005DC75438 exitCount=952402
[iommuret] hit #2849: HalpIommuInitSystem returned EAX=0x00000000 (success/other) rsp=0xFFFFF8005DC75438 exitCount=952403
[iommuret] hit #2850: HalpIommuInitSystem returned EAX=0x00000000 (success/other) rsp=0xFFFFF8005DC75438 exitCount=952404
[iommuret] hit #2851: HalpIommuInitSystem returned EAX=0x00000000 (success/other) rsp=0xFFFFF8005DC75438 exitCount=952405
[iommuret] hit #2852: HalpIommuInitSystem returned EAX=0x00000000 (success/other) rsp=0xFFFFF8005DC75438 exitCount=952406
[iommuret] hit #2853: HalpIommuInitSystem returned EAX=0x00000000 (success/other) rsp=0xFFFFF8005DC75438 exitCount=952407
[iommuret] hit #2854: HalpIommuInitSystem returned EAX=0x00000000 (success/other) rsp=0xFFFFF8005DC75438 exitCount=952408
[iommuret] hit #2855: HalpIommuInitSystem returned EAX=0x00000000 (success/other) rsp=0xFFFFF8005DC75438 exitCount=952409
[iommuret] hit #2856: HalpIommuInitSystem returned EAX=0x00000000 (success/other) rsp=0xFFFFF8005DC75438 exitCount=952410
[iommuret] hit #2857: HalpIommuInitSystem returned EAX=0x00000000 (success/other) rsp=0xFFFFF8005DC75438 exitCount=952411
[iommuret] hit #2858: HalpIommuInitSystem returned EAX=0x00000000 (success/other) rsp=0xFFFFF8005DC75438 exitCount=952412
[iommuret] hit #2859: HalpIommuInitSystem returned EAX=0x00000000 (success/other) rsp=0xFFFFF8005DC75438 exitCount=952413
[iommuret] hit #2860: HalpIommuInitSystem returned EAX=0x00000000 (success/other) rsp=0xFFFFF8005DC75438 exitCount=952414
[iommuret] hit #2861: HalpIommuInitSystem returned EAX=0x00000000 (success/other) rsp=0xFFFFF8005DC75438 exitCount=952415
[iommuret] hit #2862: HalpIommuInitSystem returned EAX=0x00000000 (success/other) rsp=0xFFFFF8005DC75438 exitCount=952416
[iommuret] hit #2863: HalpIommuInitSystem returned EAX=0x00000000 (success/other) rsp=0xFFFFF8005DC75438 exitCount=952417
[iommuret] hit #2864: HalpIommuInitSystem returned EAX=0x00000000 (success/other) rsp=0xFFFFF8005DC75438 exitCount=952418
[iommuret] hit #2865: HalpIommuInitSystem returned EAX=0x00000000 (success/other) rsp=0xFFFFF8005DC75438 exitCount=952419
[iommuret] hit #2866: HalpIommuInitSystem returned EAX=0x00000000 (success/other) rsp=0xFFFFF8005DC75438 exitCount=952420
[iommuret] hit #2867: HalpIommuInitSystem returned EAX=0x00000000 (success/other) rsp=0xFFFFF8005DC75438 exitCount=952421
[iommuret] hit #2868: HalpIommuInitSystem returned EAX=0x00000000 (success/other) rsp=0xFFFFF8005DC75438 exitCount=952422
[iommuret] hit #2869: HalpIommuInitSystem returned EAX=0x00000000 (success/other) rsp=0xFFFFF8005DC75438 exitCount=952423
[iommuret] hit #2870: HalpIommuInitSystem returned EAX=0x00000000 (success/other) rsp=0xFFFFF8005DC75438 exitCount=952424
[iommuret] hit #2871: HalpIommuInitSystem returned EAX=0x00000000 (success/other) rsp=0xFFFFF8005DC75438 exitCount=952425
[iommuret] hit #2872: HalpIommuInitSystem returned EAX=0x00000000 (success/other) rsp=0xFFFFF8005DC75438 exitCount=952426
[iommuret] hit #2873: HalpIommuInitSystem returned EAX=0x00000000 (success/other) rsp=0xFFFFF8005DC75438 exitCount=952427
[iommuret] hit #2874: HalpIommuInitSystem returned EAX=0x00000000 (success/other) rsp=0xFFFFF8005DC75438 exitCount=952428
[iommuret] hit #2875: HalpIommuInitSystem returned EAX=0x00000000 (success/other) rsp=0xFFFFF8005DC75438 exitCount=952429
[iommuret] hit #2876: HalpIommuInitSystem returned EAX=0x00000000 (success/other) rsp=0xFFFFF8005DC75438 exitCount=952430
[iommuret] hit #2877: HalpIommuInitSystem returned EAX=0x00000000 (success/other) rsp=0xFFFFF8005DC75438 exitCount=952431
[iommuret] hit #2878: HalpIommuInitSystem returned EAX=0x00000000 (success/other) rsp=0xFFFFF8005DC75438 exitCount=952432
[iommuret] hit #2879: HalpIommuInitSystem returned EAX=0x00000000 (success/other) rsp=0xFFFFF8005DC75438 exitCount=952433
[iommuret] hit #2880: HalpIommuInitSystem returned EAX=0x00000000 (success/other) rsp=0xFFFFF8005DC75438 exitCount=952434
[iommuret] hit #2881: HalpIommuInitSystem returned EAX=0x00000000 (success/other) rsp=0xFFFFF8005DC75438 exitCount=952435
[iommuret] hit #2882: HalpIommuInitSystem returned EAX=0x00000000 (success/other) rsp=0xFFFFF8005DC75438 exitCount=952436
[iommuret] hit #2883: HalpIommuInitSystem returned EAX=0x00000000 (success/other) rsp=0xFFFFF8005DC75438 exitCount=952437
[iommuret] hit #2884: HalpIommuInitSystem returned EAX=0x00000000 (success/other) rsp=0xFFFFF8005DC75438 exitCount=952438
[iommuret] hit #2885: HalpIommuInitSystem returned EAX=0x00000000 (success/other) rsp=0xFFFFF8005DC75438 exitCount=952439
[iommuret] hit #2886: HalpIommuInitSystem returned EAX=0x00000000 (success/other) rsp=0xFFFFF8005DC75438 exitCount=952440
[iommuret] hit #2887: HalpIommuInitSystem returned EAX=0x00000000 (success/other) rsp=0xFFFFF8005DC75438 exitCount=952441
[iommuret] hit #2888: HalpIommuInitSystem returned EAX=0x00000000 (success/other) rsp=0xFFFFF8005DC75438 exitCount=952442
[iommuret] hit #2889: HalpIommuInitSystem returned EAX=0x00000000 (success/other) rsp=0xFFFFF8005DC75438 exitCount=952443
[iommuret] hit #2890: HalpIommuInitSystem returned EAX=0x00000000 (success/other) rsp=0xFFFFF8005DC75438 exitCount=952444
[iommuret] hit #2891: HalpIommuInitSystem returned EAX=0x00000000 (success/other) rsp=0xFFFFF8005DC75438 exitCount=952445
[iommuret] hit #2892: HalpIommuInitSystem returned EAX=0x00000000 (success/other) rsp=0xFFFFF8005DC75438 exitCount=952446
[iommuret] hit #2893: HalpIommuInitSystem returned EAX=0x00000000 (success/other) rsp=0xFFFFF8005DC75438 exitCount=952447
[iommuret] hit #2894: HalpIommuInitSystem returned EAX=0x00000000 (success/other) rsp=0xFFFFF8005DC75438 exitCount=952448
[iommuret] hit #2895: HalpIommuInitSystem returned EAX=0x00000000 (success/other) rsp=0xFFFFF8005DC75438 exitCount=952449
[iommuret] hit #2896: HalpIommuInitSystem returned EAX=0x00000000 (success/other) rsp=0xFFFFF8005DC75438 exitCount=952450
[iommuret] hit #2897: HalpIommuInitSystem returned EAX=0x00000000 (success/other) rsp=0xFFFFF8005DC75438 exitCount=952451
[iommuret] hit #2898: HalpIommuInitSystem returned EAX=0x00000000 (success/other) rsp=0xFFFFF8005DC75438 exitCount=952452
[iommuret] hit #2899: HalpIommuInitSystem returned EAX=0x00000000 (success/other) rsp=0xFFFFF8005DC75438 exitCount=952453
[iommuret] hit #2900: HalpIommuInitSystem returned EAX=0x00000000 (success/other) rsp=0xFFFFF8005DC75438 exitCount=952454
[iommuret] hit #2901: HalpIommuInitSystem returned EAX=0x00000000 (success/other) rsp=0xFFFFF8005DC75438 exitCount=952455
[iommuret] hit #2902: HalpIommuInitSystem returned EAX=0x00000000 (success/other) rsp=0xFFFFF8005DC75438 exitCount=952456
[iommuret] hit #2903: HalpIommuInitSystem returned EAX=0x00000000 (success/other) rsp=0xFFFFF8005DC75438 exitCount=952457
[iommuret] hit #2904: HalpIommuInitSystem returned EAX=0x00000000 (success/other) rsp=0xFFFFF8005DC75438 exitCount=952458
[iommuret] hit #2905: HalpIommuInitSystem returned EAX=0x00000000 (success/other) rsp=0xFFFFF8005DC75438 exitCount=952459
[iommuret] hit #2906: HalpIommuInitSystem returned EAX=0x00000000 (success/other) rsp=0xFFFFF8005DC75438 exitCount=952460
[iommuret] hit #2907: HalpIommuInitSystem returned EAX=0x00000000 (success/other) rsp=0xFFFFF8005DC75438 exitCount=952461
[iommuret] hit #2908: HalpIommuInitSystem returned EAX=0x00000000 (success/other) rsp=0xFFFFF8005DC75438 exitCount=952462
[iommuret] hit #2909: HalpIommuInitSystem returned EAX=0x00000000 (success/other) rsp=0xFFFFF8005DC75438 exitCount=952463
[iommuret] hit #2910: HalpIommuInitSystem returned EAX=0x00000000 (success/other) rsp=0xFFFFF8005DC75438 exitCount=952464
[iommuret] hit #2911: HalpIommuInitSystem returned EAX=0x00000000 (success/other) rsp=0xFFFFF8005DC75438 exitCount=952465
[iommuret] hit #2912: HalpIommuInitSystem returned EAX=0x00000000 (success/other) rsp=0xFFFFF8005DC75438 exitCount=952466
[iommuret] hit #2913: HalpIommuInitSystem returned EAX=0x00000000 (success/other) rsp=0xFFFFF8005DC75438 exitCount=952467
[iommuret] hit #2914: HalpIommuInitSystem returned EAX=0x00000000 (success/other) rsp=0xFFFFF8005DC75438 exitCount=952468
[iommuret] hit #2915: HalpIommuInitSystem returned EAX=0x00000000 (success/other) rsp=0xFFFFF8005DC75438 exitCount=952469
[iommuret] hit #2916: HalpIommuInitSystem returned EAX=0x00000000 (success/other) rsp=0xFFFFF8005DC75438 exitCount=952470
[iommuret] hit #2917: HalpIommuInitSystem returned EAX=0x00000000 (success/other) rsp=0xFFFFF8005DC75438 exitCount=952471
[iommuret] hit #2918: HalpIommuInitSystem returned EAX=0x00000000 (success/other) rsp=0xFFFFF8005DC75438 exitCount=952472
[iommuret] hit #2919: HalpIommuInitSystem returned EAX=0x00000000 (success/other) rsp=0xFFFFF8005DC75438 exitCount=952473
[iommuret] hit #2920: HalpIommuInitSystem returned EAX=0x00000000 (success/other) rsp=0xFFFFF8005DC75438 exitCount=952474
[iommuret] hit #2921: HalpIommuInitSystem returned EAX=0x00000000 (success/other) rsp=0xFFFFF8005DC75438 exitCount=952475
[iommuret] hit #2922: HalpIommuInitSystem returned EAX=0x00000000 (success/other) rsp=0xFFFFF8005DC75438 exitCount=952476
[iommuret] hit #2923: HalpIommuInitSystem returned EAX=0x00000000 (success/other) rsp=0xFFFFF8005DC75438 exitCount=952477
[iommuret] hit #2924: HalpIommuInitSystem returned EAX=0x00000000 (success/other) rsp=0xFFFFF8005DC75438 exitCount=952478
[iommuret] hit #2925: HalpIommuInitSystem returned EAX=0x00000000 (success/other) rsp=0xFFFFF8005DC75438 exitCount=952479
[iommuret] hit #2926: HalpIommuInitSystem returned EAX=0x00000000 (success/other) rsp=0xFFFFF8005DC75438 exitCount=952480
[iommuret] hit #2927: HalpIommuInitSystem returned EAX=0x00000000 (success/other) rsp=0xFFFFF8005DC75438 exitCount=952481
[iommuret] hit #2928: HalpIommuInitSystem returned EAX=0x00000000 (success/other) rsp=0xFFFFF8005DC75438 exitCount=952482
[iommuret] hit #2929: HalpIommuInitSystem returned EAX=0x00000000 (success/other) rsp=0xFFFFF8005DC75438 exitCount=952483
[iommuret] hit #2930: HalpIommuInitSystem returned EAX=0x00000000 (success/other) rsp=0xFFFFF8005DC75438 exitCount=952484
[iommuret] hit #2931: HalpIommuInitSystem returned EAX=0x00000000 (success/other) rsp=0xFFFFF8005DC75438 exitCount=952485
[iommuret] hit #2932: HalpIommuInitSystem returned EAX=0x00000000 (success/other) rsp=0xFFFFF8005DC75438 exitCount=952486
[iommuret] hit #2933: HalpIommuInitSystem returned EAX=0x00000000 (success/other) rsp=0xFFFFF8005DC75438 exitCount=952487
[iommuret] hit #2934: HalpIommuInitSystem returned EAX=0x00000000 (success/other) rsp=0xFFFFF8005DC75438 exitCount=952488
[iommuret] hit #2935: HalpIommuInitSystem returned EAX=0x00000000 (success/other) rsp=0xFFFFF8005DC75438 exitCount=952489
[iommuret] hit #2936: HalpIommuInitSystem returned EAX=0x00000000 (success/other) rsp=0xFFFFF8005DC75438 exitCount=952490
[iommuret] hit #2937: HalpIommuInitSystem returned EAX=0x00000000 (success/other) rsp=0xFFFFF8005DC75438 exitCount=952491
[iommuret] hit #2938: HalpIommuInitSystem returned EAX=0x00000000 (success/other) rsp=0xFFFFF8005DC75438 exitCount=952492
[iommuret] hit #2939: HalpIommuInitSystem returned EAX=0x00000000 (success/other) rsp=0xFFFFF8005DC75438 exitCount=952493
[iommuret] hit #2940: HalpIommuInitSystem returned EAX=0x00000000 (success/other) rsp=0xFFFFF8005DC75438 exitCount=952494
[iommuret] hit #2941: HalpIommuInitSystem returned EAX=0x00000000 (success/other) rsp=0xFFFFF8005DC75438 exitCount=952495
[iommuret] hit #2942: HalpIommuInitSystem returned EAX=0x00000000 (success/other) rsp=0xFFFFF8005DC75438 exitCount=952496
[iommuret] hit #2943: HalpIommuInitSystem returned EAX=0x00000000 (success/other) rsp=0xFFFFF8005DC75438 exitCount=952497
[iommuret] hit #2944: HalpIommuInitSystem returned EAX=0x00000000 (success/other) rsp=0xFFFFF8005DC75438 exitCount=952498
[iommuret] hit #2945: HalpIommuInitSystem returned EAX=0x00000000 (success/other) rsp=0xFFFFF8005DC75438 exitCount=952499
[iommuret] hit #2946: HalpIommuInitSystem returned EAX=0x00000000 (success/other) rsp=0xFFFFF8005DC75438 exitCount=952500
[iommuret] hit #2947: HalpIommuInitSystem returned EAX=0x00000000 (success/other) rsp=0xFFFFF8005DC75438 exitCount=952501
[iommuret] hit #2948: HalpIommuInitSystem returned EAX=0x00000000 (success/other) rsp=0xFFFFF8005DC75438 exitCount=952502
[iommuret] hit #2949: HalpIommuInitSystem returned EAX=0x00000000 (success/other) rsp=0xFFFFF8005DC75438 exitCount=952503
[iommuret] hit #2950: HalpIommuInitSystem returned EAX=0x00000000 (success/other) rsp=0xFFFFF8005DC75438 exitCount=952504
[iommuret] hit #2951: HalpIommuInitSystem returned EAX=0x00000000 (success/other) rsp=0xFFFFF8005DC75438 exitCount=952505
[iommuret] hit #2952: HalpIommuInitSystem returned EAX=0x00000000 (success/other) rsp=0xFFFFF8005DC75438 exitCount=952506
[iommuret] hit #2953: HalpIommuInitSystem returned EAX=0x00000000 (success/other) rsp=0xFFFFF8005DC75438 exitCount=952507
[iommuret] hit #2954: HalpIommuInitSystem returned EAX=0x00000000 (success/other) rsp=0xFFFFF8005DC75438 exitCount=952508
[iommuret] hit #2955: HalpIommuInitSystem returned EAX=0x00000000 (success/other) rsp=0xFFFFF8005DC75438 exitCount=952509
[iommuret] hit #2956: HalpIommuInitSystem returned EAX=0x00000000 (success/other) rsp=0xFFFFF8005DC75438 exitCount=952510
[iommuret] hit #2957: HalpIommuInitSystem returned EAX=0x00000000 (success/other) rsp=0xFFFFF8005DC75438 exitCount=952511
[iommuret] hit #2958: HalpIommuInitSystem returned EAX=0x00000000 (success/other) rsp=0xFFFFF8005DC75438 exitCount=952512
[iommuret] hit #2959: HalpIommuInitSystem returned EAX=0x00000000 (success/other) rsp=0xFFFFF8005DC75438 exitCount=952513
[iommuret] hit #2960: HalpIommuInitSystem returned EAX=0x00000000 (success/other) rsp=0xFFFFF8005DC75438 exitCount=952514
[iommuret] hit #2961: HalpIommuInitSystem returned EAX=0x00000000 (success/other) rsp=0xFFFFF8005DC75438 exitCount=952515
[iommuret] hit #2962: HalpIommuInitSystem returned EAX=0x00000000 (success/other) rsp=0xFFFFF8005DC75438 exitCount=952516
[iommuret] hit #2963: HalpIommuInitSystem returned EAX=0x00000000 (success/other) rsp=0xFFFFF8005DC75438 exitCount=952517
[iommuret] hit #2964: HalpIommuInitSystem returned EAX=0x00000000 (success/other) rsp=0xFFFFF8005DC75438 exitCount=952518
[iommuret] hit #2965: HalpIommuInitSystem returned EAX=0x00000000 (success/other) rsp=0xFFFFF8005DC75438 exitCount=952519
[iommuret] hit #2966: HalpIommuInitSystem returned EAX=0x00000000 (success/other) rsp=0xFFFFF8005DC75438 exitCount=952520
[iommuret] hit #2967: HalpIommuInitSystem returned EAX=0x00000000 (success/other) rsp=0xFFFFF8005DC75438 exitCount=952521
[iommuret] hit #2968: HalpIommuInitSystem returned EAX=0x00000000 (success/other) rsp=0xFFFFF8005DC75438 exitCount=952522
[iommuret] hit #2969: HalpIommuInitSystem returned EAX=0x00000000 (success/other) rsp=0xFFFFF8005DC75438 exitCount=952523
[iommuret] hit #2970: HalpIommuInitSystem returned EAX=0x00000000 (success/other) rsp=0xFFFFF8005DC75438 exitCount=952524
[iommuret] hit #2971: HalpIommuInitSystem returned EAX=0x00000000 (success/other) rsp=0xFFFFF8005DC75438 exitCount=952525
[iommuret] hit #2972: HalpIommuInitSystem returned EAX=0x00000000 (success/other) rsp=0xFFFFF8005DC75438 exitCount=952526
[iommuret] hit #2973: HalpIommuInitSystem returned EAX=0x00000000 (success/other) rsp=0xFFFFF8005DC75438 exitCount=952527
[iommuret] hit #2974: HalpIommuInitSystem returned EAX=0x00000000 (success/other) rsp=0xFFFFF8005DC75438 exitCount=952528
[iommuret] hit #2975: HalpIommuInitSystem returned EAX=0x00000000 (success/other) rsp=0xFFFFF8005DC75438 exitCount=952529
[iommuret] hit #2976: HalpIommuInitSystem returned EAX=0x00000000 (success/other) rsp=0xFFFFF8005DC75438 exitCount=952530
[iommuret] hit #2977: HalpIommuInitSystem returned EAX=0x00000000 (success/other) rsp=0xFFFFF8005DC75438 exitCount=952531
[iommuret] hit #2978: HalpIommuInitSystem returned EAX=0x00000000 (success/other) rsp=0xFFFFF8005DC75438 exitCount=952532
[iommuret] hit #2979: HalpIommuInitSystem returned EAX=0x00000000 (success/other) rsp=0xFFFFF8005DC75438 exitCount=952533
[iommuret] hit #2980: HalpIommuInitSystem returned EAX=0x00000000 (success/other) rsp=0xFFFFF8005DC75438 exitCount=952534
[iommuret] hit #2981: HalpIommuInitSystem returned EAX=0x00000000 (success/other) rsp=0xFFFFF8005DC75438 exitCount=952535
[iommuret] hit #2982: HalpIommuInitSystem returned EAX=0x00000000 (success/other) rsp=0xFFFFF8005DC75438 exitCount=952536
[iommuret] hit #2983: HalpIommuInitSystem returned EAX=0x00000000 (success/other) rsp=0xFFFFF8005DC75438 exitCount=952537
[iommuret] hit #2984: HalpIommuInitSystem returned EAX=0x00000000 (success/other) rsp=0xFFFFF8005DC75438 exitCount=952538
[iommuret] hit #2985: HalpIommuInitSystem returned EAX=0x00000000 (success/other) rsp=0xFFFFF8005DC75438 exitCount=952539
[iommuret] hit #2986: HalpIommuInitSystem returned EAX=0x00000000 (success/other) rsp=0xFFFFF8005DC75438 exitCount=952540
[iommuret] hit #2987: HalpIommuInitSystem returned EAX=0x00000000 (success/other) rsp=0xFFFFF8005DC75438 exitCount=952541
[iommuret] hit #2988: HalpIommuInitSystem returned EAX=0x00000000 (success/other) rsp=0xFFFFF8005DC75438 exitCount=952542
[iommuret] hit #2989: HalpIommuInitSystem returned EAX=0x00000000 (success/other) rsp=0xFFFFF8005DC75438 exitCount=952543
[iommuret] hit #2990: HalpIommuInitSystem returned EAX=0x00000000 (success/other) rsp=0xFFFFF8005DC75438 exitCount=952544
[iommuret] hit #2991: HalpIommuInitSystem returned EAX=0x00000000 (success/other) rsp=0xFFFFF8005DC75438 exitCount=952545
[iommuret] hit #2992: HalpIommuInitSystem returned EAX=0x00000000 (success/other) rsp=0xFFFFF8005DC75438 exitCount=952546
[iommuret] hit #2993: HalpIommuInitSystem returned EAX=0x00000000 (success/other) rsp=0xFFFFF8005DC75438 exitCount=952547
[iommuret] hit #2994: HalpIommuInitSystem returned EAX=0x00000000 (success/other) rsp=0xFFFFF8005DC75438 exitCount=952548
[iommuret] hit #2995: HalpIommuInitSystem returned EAX=0x00000000 (success/other) rsp=0xFFFFF8005DC75438 exitCount=952549
[iommuret] hit #2996: HalpIommuInitSystem returned EAX=0x00000000 (success/other) rsp=0xFFFFF8005DC75438 exitCount=952550
[iommuret] hit #2997: HalpIommuInitSystem returned EAX=0x00000000 (success/other) rsp=0xFFFFF8005DC75438 exitCount=952551
[iommuret] hit #2998: HalpIommuInitSystem returned EAX=0x00000000 (success/other) rsp=0xFFFFF8005DC75438 exitCount=952552
[iommuret] hit #2999: HalpIommuInitSystem returned EAX=0x00000000 (success/other) rsp=0xFFFFF8005DC75438 exitCount=952553
[iommuret] hit #3000: HalpIommuInitSystem returned EAX=0x00000000 (success/other) rsp=0xFFFFF8005DC75438 exitCount=952554
[iommuret] cap reached (3000 hits) -- disabling DR3 for this pass

[BUGCHECK] hit #1: KeBugCheckEx code=0x139 p1=0x3 p2=0xFFFFF8005DC74CB0 p3=0xFFFFF8005DC74C08 exitCount=952555
[BUGCHECK]   p4=0x0  caller(return)=0xFFFFF80056811AA9[kerneldiag] candidate address 0xFFFFF80056811AA9 resolves to module base 0xFFFFF80056400000 (+0x411AA9 into it)
[kerneldiag] debug directory: type=2 codeViewRva=0x40970
[kerneldiag] module PDB name: ntkrnlmp.pdb guid=D9424FC4-861E-47C1-0FAD1B35DEC6DCC8 age=1
  (base 0xFFFFF80056400000 RVA 0x411AA9)
[BUGCHECK]   stack (canonical kernel qwords):
[BUGCHECK]     [rsp+0x00]=0xFFFFF80056811AA9[kerneldiag] candidate address 0xFFFFF80056811AA9 resolves to module base 0xFFFFF80056400000 (+0x411AA9 into it)
[kerneldiag] debug directory: type=2 codeViewRva=0x40970
[kerneldiag] module PDB name: ntkrnlmp.pdb guid=D9424FC4-861E-47C1-0FAD1B35DEC6DCC8 age=1
  (RVA 0x411AA9)
[BUGCHECK]     [rsp+0x08]=0xFFFFF8005DC74FF8[kerneldiag] candidate address 0xFFFFF8005DC74FF8 resolves to module base 0xFFFFF8005D9F0000 (+0x284FF8 into it)
[kerneldiag] debug directory: type=2 codeViewRva=0x2174
[kerneldiag] module PDB name: volume.pdb guid=AAF65608-ADE9-794A-A208A2E6534FF85E age=1
  (RVA 0x284FF8)
[BUGCHECK]     [rsp+0x18]=0xFFFFF8005DC74A30[kerneldiag] candidate address 0xFFFFF8005DC74A30 resolves to module base 0xFFFFF8005D9F0000 (+0x284A30 into it)
[kerneldiag] debug directory: type=2 codeViewRva=0x2174
[kerneldiag] module PDB name: volume.pdb guid=AAF65608-ADE9-794A-A208A2E6534FF85E age=1
  (RVA 0x284A30)
[BUGCHECK]     [rsp+0x30]=0xFFFFF800567D25F9[kerneldiag] candidate address 0xFFFFF800567D25F9 resolves to module base 0xFFFFF80056400000 (+0x3D25F9 into it)
[kerneldiag] debug directory: type=2 codeViewRva=0x40970
[kerneldiag] module PDB name: ntkrnlmp.pdb guid=D9424FC4-861E-47C1-0FAD1B35DEC6DCC8 age=1
  (RVA 0x3D25F9)
[BUGCHECK]   0x139 EXCEPTION_RECORD.ExceptionAddress=0xFFFFF80056744214[kerneldiag] candidate address 0xFFFFF80056744214 resolves to module base 0xFFFFF80056400000 (+0x344214 into it)
[kerneldiag] debug directory: type=2 codeViewRva=0x40970
[kerneldiag] module PDB name: ntkrnlmp.pdb guid=D9424FC4-861E-47C1-0FAD1B35DEC6DCC8 age=1
  (RVA 0x344214)  <== DETECTOR
[BUGCHECK]   0x139 TRAP_FRAME.Rip=0xFFFFF80056744214[kerneldiag] candidate address 0xFFFFF80056744214 resolves to module base 0xFFFFF80056400000 (+0x344214 into it)
[kerneldiag] debug directory: type=2 codeViewRva=0x40970
[kerneldiag] module PDB name: ntkrnlmp.pdb guid=D9424FC4-861E-47C1-0FAD1B35DEC6DCC8 age=1
  (RVA 0x344214)  Rsp=0xFFFFF8005DC74E48
[BUGCHECK]   0x139 raw trap-frame qwords 0x00-0xF8:
[BUGCHECK]     tf+0x00=0x0000000000000000
[BUGCHECK]     tf+0x08=0x0000000000000000
[BUGCHECK]     tf+0x10=0x0000000000000000
[BUGCHECK]     tf+0x18=0x0000000000000000
[BUGCHECK]     tf+0x20=0x0000000000000000
[BUGCHECK]     tf+0x28=0x00001F8001000000
[BUGCHECK]     tf+0x30=0x0000000000000000
[BUGCHECK]     tf+0x38=0x0000000000000003  <== (==3, likely rcx/fastfail code)
[BUGCHECK]     tf+0x40=0x0000000000000000
[BUGCHECK]     tf+0x48=0x0000000000000000
[BUGCHECK]     tf+0x50=0x0000000000000008
[BUGCHECK]     tf+0x58=0x0000000000000000
[BUGCHECK]     tf+0x60=0x0000000000000000
[BUGCHECK]     tf+0x68=0x0000000000000000
[BUGCHECK]     tf+0x70=0x0000000000000000
[BUGCHECK]     tf+0x78=0x0000000000000000
[BUGCHECK]     tf+0x80=0x0000000000000000
[BUGCHECK]     tf+0x88=0x0000000000000000
[BUGCHECK]     tf+0x90=0x0056004500440042
[BUGCHECK]     tf+0x98=0x003000300030005F
[BUGCHECK]     tf+0xA0=0x0045005200260031
[BUGCHECK]     tf+0xA8=0x00300030005F0056
[BUGCHECK]     tf+0xB0=0x0055002600310030
[BUGCHECK]     tf+0xB8=0x0030005F00440049
[BUGCHECK]     tf+0xC0=0x0000000000000001
[BUGCHECK]     tf+0xC8=0x0000000000000000
[BUGCHECK]     tf+0xD0=0x0000000000000000
[BUGCHECK]     tf+0xD8=0x0000000000000000
[BUGCHECK]     tf+0xE0=0x0000000000000000
[BUGCHECK]     tf+0xE8=0x0000000000000000
[BUGCHECK]     tf+0xF0=0x0000000000000000
[BUGCHECK]     tf+0xF8=0x0000000000000000
[BUGCHECK]   0x139 full trap-frame scan (off: value -> [Flink,Blink] consistency):
[BUGCHECK]     tf+0x120=0xFFFFF80057128050[kerneldiag] candidate address 0xFFFFF80057128050 resolves to module base 0xFFFFF80056400000 (+0xD28050 into it)
[kerneldiag] debug directory: type=2 codeViewRva=0x40970
[kerneldiag] module PDB name: ntkrnlmp.pdb guid=D9424FC4-861E-47C1-0FAD1B35DEC6DCC8 age=1
 (RVA 0xD28050)
[BUGCHECK]     tf+0x128=0xFFFFF8005664545E[kerneldiag] candidate address 0xFFFFF8005664545E resolves to module base 0xFFFFF80056400000 (+0x24545E into it)
[kerneldiag] debug directory: type=2 codeViewRva=0x40970
[kerneldiag] module PDB name: ntkrnlmp.pdb guid=D9424FC4-861E-47C1-0FAD1B35DEC6DCC8 age=1
 (RVA 0x24545E)
[BUGCHECK]     tf+0x130=0xFFFFF80057127A00[kerneldiag] candidate address 0xFFFFF80057127A00 resolves to module base 0xFFFFF80056400000 (+0xD27A00 into it)
[kerneldiag] debug directory: type=2 codeViewRva=0x40970
[kerneldiag] module PDB name: ntkrnlmp.pdb guid=D9424FC4-861E-47C1-0FAD1B35DEC6DCC8 age=1
 (RVA 0xD27A00)
[BUGCHECK]     tf+0x168=0xFFFFF80056744214[kerneldiag] candidate address 0xFFFFF80056744214 resolves to module base 0xFFFFF80056400000 (+0x344214 into it)
[kerneldiag] debug directory: type=2 codeViewRva=0x40970
[kerneldiag] module PDB name: ntkrnlmp.pdb guid=D9424FC4-861E-47C1-0FAD1B35DEC6DCC8 age=1
 (RVA 0x344214)
[BUGCHECK]     tf+0x180=0xFFFFF8005DC74E48[kerneldiag] candidate address 0xFFFFF8005DC74E48 resolves to module base 0xFFFFF8005D9F0000 (+0x284E48 into it)
[kerneldiag] debug directory: type=2 codeViewRva=0x2174
[kerneldiag] module PDB name: volume.pdb guid=AAF65608-ADE9-794A-A208A2E6534FF85E age=1
 (RVA 0x284E48)
[BUGCHECK]   0x139 crashing-thread stack scan (0x400, broadened LIST_ENTRY test):
[kerneldiag] candidate address 0xFFFFF80056743B64 resolves to module base 0xFFFFF80056400000 (+0x343B64 into it)
[kerneldiag] debug directory: type=2 codeViewRva=0x40970
[kerneldiag] module PDB name: ntkrnlmp.pdb guid=D9424FC4-861E-47C1-0FAD1B35DEC6DCC8 age=1
[kerneldiag] no PE header found scanning VA back from 0xFFFFFFFFFFFFFFFF
[kerneldiag] candidate address 0xFFFFF8005669F612 resolves to module base 0xFFFFF80056400000 (+0x29F612 into it)
[kerneldiag] debug directory: type=2 codeViewRva=0x40970
[kerneldiag] module PDB name: ntkrnlmp.pdb guid=D9424FC4-861E-47C1-0FAD1B35DEC6DCC8 age=1
[kerneldiag] candidate address 0xFFFFF8005DC74FB0 resolves to module base 0xFFFFF8005D9F0000 (+0x284FB0 into it)
[kerneldiag] debug directory: type=2 codeViewRva=0x2174
[kerneldiag] module PDB name: volume.pdb guid=AAF65608-ADE9-794A-A208A2E6534FF85E age=1
[kerneldiag] candidate address 0xFFFFF800566382C6 resolves to module base 0xFFFFF80056400000 (+0x2382C6 into it)
[kerneldiag] debug directory: type=2 codeViewRva=0x40970
[kerneldiag] module PDB name: ntkrnlmp.pdb guid=D9424FC4-861E-47C1-0FAD1B35DEC6DCC8 age=1
[kerneldiag] no PE header found scanning VA back from 0xFFFFFD2F00000000
[kerneldiag] no PE header found scanning VA back from 0xFFFFFFFFFFFFFFFF
[kerneldiag] candidate address 0xFFFFF800567A75D0 resolves to module base 0xFFFFF80056400000 (+0x3A75D0 into it)
[kerneldiag] debug directory: type=2 codeViewRva=0x40970
[kerneldiag] module PDB name: ntkrnlmp.pdb guid=D9424FC4-861E-47C1-0FAD1B35DEC6DCC8 age=1
[kerneldiag] candidate address 0xFFFFF80056408160 resolves to module base 0xFFFFF80056400000 (+0x8160 into it)
[kerneldiag] debug directory: type=2 codeViewRva=0x40970
[kerneldiag] module PDB name: ntkrnlmp.pdb guid=D9424FC4-861E-47C1-0FAD1B35DEC6DCC8 age=1
[kerneldiag] candidate address 0xFFFFF8005DC75130 resolves to module base 0xFFFFF8005D9F0000 (+0x285130 into it)
[kerneldiag] debug directory: type=2 codeViewRva=0x2174
[kerneldiag] module PDB name: volume.pdb guid=AAF65608-ADE9-794A-A208A2E6534FF85E age=1
[kerneldiag] candidate address 0xFFFFF8005DC74FFF resolves to module base 0xFFFFF8005D9F0000 (+0x284FFF into it)
[kerneldiag] debug directory: type=2 codeViewRva=0x2174
[kerneldiag] module PDB name: volume.pdb guid=AAF65608-ADE9-794A-A208A2E6534FF85E age=1
[kerneldiag] candidate address 0xFFFFF8005DC750F0 resolves to module base 0xFFFFF8005D9F0000 (+0x2850F0 into it)
[kerneldiag] debug directory: type=2 codeViewRva=0x2174
[kerneldiag] module PDB name: volume.pdb guid=AAF65608-ADE9-794A-A208A2E6534FF85E age=1
[kerneldiag] candidate address 0xFFFFF8005DC75030 resolves to module base 0xFFFFF8005D9F0000 (+0x285030 into it)
[kerneldiag] debug directory: type=2 codeViewRva=0x2174
[kerneldiag] module PDB name: volume.pdb guid=AAF65608-ADE9-794A-A208A2E6534FF85E age=1
[kerneldiag] candidate address 0xFFFFF8005DC75197 resolves to module base 0xFFFFF8005D9F0000 (+0x285197 into it)
[kerneldiag] debug directory: type=2 codeViewRva=0x2174
[kerneldiag] module PDB name: volume.pdb guid=AAF65608-ADE9-794A-A208A2E6534FF85E age=1
[kerneldiag] candidate address 0xFFFFF8005DC75130 resolves to module base 0xFFFFF8005D9F0000 (+0x285130 into it)
[kerneldiag] debug directory: type=2 codeViewRva=0x2174
[kerneldiag] module PDB name: volume.pdb guid=AAF65608-ADE9-794A-A208A2E6534FF85E age=1
[kerneldiag] candidate address 0xFFFFF8005DC75070 resolves to module base 0xFFFFF8005D9F0000 (+0x285070 into it)
[kerneldiag] debug directory: type=2 codeViewRva=0x2174
[kerneldiag] module PDB name: volume.pdb guid=AAF65608-ADE9-794A-A208A2E6534FF85E age=1
[kerneldiag] candidate address 0xFFFFF800567D65B3 resolves to module base 0xFFFFF80056400000 (+0x3D65B3 into it)
[kerneldiag] debug directory: type=2 codeViewRva=0x40970
[kerneldiag] module PDB name: ntkrnlmp.pdb guid=D9424FC4-861E-47C1-0FAD1B35DEC6DCC8 age=1
[kerneldiag] candidate address 0xFFFFF8005DC75130 resolves to module base 0xFFFFF8005D9F0000 (+0x285130 into it)
[kerneldiag] debug directory: type=2 codeViewRva=0x2174
[kerneldiag] module PDB name: volume.pdb guid=AAF65608-ADE9-794A-A208A2E6534FF85E age=1
[kerneldiag] candidate address 0xFFFFF800567D6578 resolves to module base 0xFFFFF80056400000 (+0x3D6578 into it)
[kerneldiag] debug directory: type=2 codeViewRva=0x40970
[kerneldiag] module PDB name: ntkrnlmp.pdb guid=D9424FC4-861E-47C1-0FAD1B35DEC6DCC8 age=1
[kerneldiag] candidate address 0xFFFFF8005DC75130 resolves to module base 0xFFFFF8005D9F0000 (+0x285130 into it)
[kerneldiag] debug directory: type=2 codeViewRva=0x2174
[kerneldiag] module PDB name: volume.pdb guid=AAF65608-ADE9-794A-A208A2E6534FF85E age=1
[kerneldiag] candidate address 0xFFFFF8005DC750E1 resolves to module base 0xFFFFF8005D9F0000 (+0x2850E1 into it)
[kerneldiag] debug directory: type=2 codeViewRva=0x2174
[kerneldiag] module PDB name: volume.pdb guid=AAF65608-ADE9-794A-A208A2E6534FF85E age=1
[kerneldiag] candidate address 0xFFFFF80056636CA1 resolves to module base 0xFFFFF80056400000 (+0x236CA1 into it)
[kerneldiag] debug directory: type=2 codeViewRva=0x40970
[kerneldiag] module PDB name: ntkrnlmp.pdb guid=D9424FC4-861E-47C1-0FAD1B35DEC6DCC8 age=1
[kerneldiag] candidate address 0xFFFFF8005DC75050 resolves to module base 0xFFFFF8005D9F0000 (+0x285050 into it)
[kerneldiag] debug directory: type=2 codeViewRva=0x2174
[kerneldiag] module PDB name: volume.pdb guid=AAF65608-ADE9-794A-A208A2E6534FF85E age=1
[kerneldiag] candidate address 0xFFFFF8005DC751E0 resolves to module base 0xFFFFF8005D9F0000 (+0x2851E0 into it)
[kerneldiag] debug directory: type=2 codeViewRva=0x2174
[kerneldiag] module PDB name: volume.pdb guid=AAF65608-ADE9-794A-A208A2E6534FF85E age=1
[kerneldiag] no PE header found scanning VA back from 0xFFFFFD2FE565E4AD
[kerneldiag] candidate address 0xFFFFF8005DC75300 resolves to module base 0xFFFFF8005D9F0000 (+0x285300 into it)
[kerneldiag] debug directory: type=2 codeViewRva=0x2174
[kerneldiag] module PDB name: volume.pdb guid=AAF65608-ADE9-794A-A208A2E6534FF85E age=1
[kerneldiag] candidate address 0xFFFFF800567B3393 resolves to module base 0xFFFFF80056400000 (+0x3B3393 into it)
[kerneldiag] debug directory: type=2 codeViewRva=0x40970
[kerneldiag] module PDB name: ntkrnlmp.pdb guid=D9424FC4-861E-47C1-0FAD1B35DEC6DCC8 age=1
[kerneldiag] candidate address 0xFFFFF8005DC750F0 resolves to module base 0xFFFFF8005D9F0000 (+0x2850F0 into it)
[kerneldiag] debug directory: type=2 codeViewRva=0x2174
[kerneldiag] module PDB name: volume.pdb guid=AAF65608-ADE9-794A-A208A2E6534FF85E age=1
[kerneldiag] candidate address 0xFFFFF8005DC751E0 resolves to module base 0xFFFFF8005D9F0000 (+0x2851E0 into it)
[kerneldiag] debug directory: type=2 codeViewRva=0x2174
[kerneldiag] module PDB name: volume.pdb guid=AAF65608-ADE9-794A-A208A2E6534FF85E age=1
[kerneldiag] candidate address 0xFFFFF800567B32EE resolves to module base 0xFFFFF80056400000 (+0x3B32EE into it)
[kerneldiag] debug directory: type=2 codeViewRva=0x40970
[kerneldiag] module PDB name: ntkrnlmp.pdb guid=D9424FC4-861E-47C1-0FAD1B35DEC6DCC8 age=1
[kerneldiag] candidate address 0xFFFFF800567A1FFA resolves to module base 0xFFFFF80056400000 (+0x3A1FFA into it)
[kerneldiag] debug directory: type=2 codeViewRva=0x40970
[kerneldiag] module PDB name: ntkrnlmp.pdb guid=D9424FC4-861E-47C1-0FAD1B35DEC6DCC8 age=1
[kerneldiag] no PE header found scanning VA back from 0xFFFFF8000000004B
[kerneldiag] candidate address 0xFFFFF8005DC75130 resolves to module base 0xFFFFF8005D9F0000 (+0x285130 into it)
[kerneldiag] debug directory: type=2 codeViewRva=0x2174
[kerneldiag] module PDB name: volume.pdb guid=AAF65608-ADE9-794A-A208A2E6534FF85E age=1
[kerneldiag] candidate address 0xFFFFF800567BBB6E resolves to module base 0xFFFFF80056400000 (+0x3BBB6E into it)
[kerneldiag] debug directory: type=2 codeViewRva=0x40970
[kerneldiag] module PDB name: ntkrnlmp.pdb guid=D9424FC4-861E-47C1-0FAD1B35DEC6DCC8 age=1
[kerneldiag] candidate address 0xFFFFF80056408160 resolves to module base 0xFFFFF80056400000 (+0x8160 into it)
[kerneldiag] debug directory: type=2 codeViewRva=0x40970
[kerneldiag] module PDB name: ntkrnlmp.pdb guid=D9424FC4-861E-47C1-0FAD1B35DEC6DCC8 age=1
[kerneldiag] candidate address 0xFFFFF80056DB7074 resolves to module base 0xFFFFF80056400000 (+0x9B7074 into it)
[kerneldiag] debug directory: type=2 codeViewRva=0x40970
[kerneldiag] module PDB name: ntkrnlmp.pdb guid=D9424FC4-861E-47C1-0FAD1B35DEC6DCC8 age=1
[kerneldiag] candidate address 0xFFFFF8005DC75270 resolves to module base 0xFFFFF8005D9F0000 (+0x285270 into it)
[kerneldiag] debug directory: type=2 codeViewRva=0x2174
[kerneldiag] module PDB name: volume.pdb guid=AAF65608-ADE9-794A-A208A2E6534FF85E age=1
[kerneldiag] no PE header found scanning VA back from 0xFFFFA4FB30646142
[kerneldiag] no PE header found scanning VA back from 0xFFFFF80000000000
[kerneldiag] no PE header found scanning VA back from 0xFFFFF8005457D5F0
[kerneldiag] candidate address 0xFFFFF800567DC921 resolves to module base 0xFFFFF80056400000 (+0x3DC921 into it)
[kerneldiag] debug directory: type=2 codeViewRva=0x40970
[kerneldiag] module PDB name: ntkrnlmp.pdb guid=D9424FC4-861E-47C1-0FAD1B35DEC6DCC8 age=1
[kerneldiag] candidate address 0xFFFFF8005DC75209 resolves to module base 0xFFFFF8005D9F0000 (+0x285209 into it)
[kerneldiag] debug directory: type=2 codeViewRva=0x2174
[kerneldiag] module PDB name: volume.pdb guid=AAF65608-ADE9-794A-A208A2E6534FF85E age=1
[kerneldiag] no PE header found scanning VA back from 0xFFFFF80000000000
[kerneldiag] candidate address 0xFFFFF800567B2A7B resolves to module base 0xFFFFF80056400000 (+0x3B2A7B into it)
[kerneldiag] debug directory: type=2 codeViewRva=0x40970
[kerneldiag] module PDB name: ntkrnlmp.pdb guid=D9424FC4-861E-47C1-0FAD1B35DEC6DCC8 age=1
[kerneldiag] no PE header found scanning VA back from 0xFFFFF7EEC0001568
[kerneldiag] no PE header found scanning VA back from 0xFFFFFD2FE565FAFD
[kerneldiag] candidate address 0xFFFFF800567B2A7B resolves to module base 0xFFFFF80056400000 (+0x3B2A7B into it)
[kerneldiag] debug directory: type=2 codeViewRva=0x40970
[kerneldiag] module PDB name: ntkrnlmp.pdb guid=D9424FC4-861E-47C1-0FAD1B35DEC6DCC8 age=1
[kerneldiag] no PE header found scanning VA back from 0xFFFFF7EEC0001568
[kerneldiag] no PE header found scanning VA back from 0xFFFFF8005457D5F0
[kerneldiag] candidate address 0xFFFFF80056408160 resolves to module base 0xFFFFF80056400000 (+0x8160 into it)
[kerneldiag] debug directory: type=2 codeViewRva=0x40970
[kerneldiag] module PDB name: ntkrnlmp.pdb guid=D9424FC4-861E-47C1-0FAD1B35DEC6DCC8 age=1
[BUGCHECK]   0x139 recovered rbx(bucket listhead)=0x18
[watchdog] STALL #1 (exitCount=952556 unchanged for 2s): rip=0xFFFFF800568BE7FB rsp=0xFFFFF8005DC88D80 rax=0xFFFFF800568BE7D0 rcx=0xF rdx=0xF rbx=0x0 cr3=0x1AD002 cr8(irql)=0xF(HIGH_LEVEL)
[watchdog] STALL #2 (exitCount=952556 unchanged for 4s): rip=0xFFFFF800568BE7E2 rsp=0xFFFFF8005DC88D80 rax=0xFFFFF800568BE7D0 rcx=0xF rdx=0xF rbx=0x0 cr3=0x1AD002 cr8(irql)=0xF(HIGH_LEVEL)
[kerneldiag] found PE header for owning module at guest VA 0xFFFFF80056400000 (rip=0xFFFFF800568BE7E2, +0x4BE7E2 into it)
[kerneldiag] debug directory: type=2 codeViewRva=0x40970
[kerneldiag] module PDB name: ntkrnlmp.pdb guid=D9424FC4-861E-47C1-0FAD1B35DEC6DCC8 age=1
[kerneldiag] last 512 PCI config accesses before this stall:
  bus=240 dev=0 func=0 off=0x00 write=0 val=0xFFFFFFFF
  bus=240 dev=1 func=0 off=0x00 write=0 val=0xFFFFFFFF
  bus=240 dev=2 func=0 off=0x00 write=0 val=0xFFFFFFFF
  bus=240 dev=3 func=0 off=0x00 write=0 val=0xFFFFFFFF
  bus=240 dev=4 func=0 off=0x00 write=0 val=0xFFFFFFFF
  bus=240 dev=5 func=0 off=0x00 write=0 val=0xFFFFFFFF
  bus=240 dev=6 func=0 off=0x00 write=0 val=0xFFFFFFFF
  bus=240 dev=7 func=0 off=0x00 write=0 val=0xFFFFFFFF
  bus=240 dev=8 func=0 off=0x00 write=0 val=0xFFFFFFFF
  bus=240 dev=9 func=0 off=0x00 write=0 val=0xFFFFFFFF
  bus=240 dev=10 func=0 off=0x00 write=0 val=0xFFFFFFFF
  bus=240 dev=11 func=0 off=0x00 write=0 val=0xFFFFFFFF
  bus=240 dev=12 func=0 off=0x00 write=0 val=0xFFFFFFFF
  bus=240 dev=13 func=0 off=0x00 write=0 val=0xFFFFFFFF
  bus=240 dev=14 func=0 off=0x00 write=0 val=0xFFFFFFFF
  bus=240 dev=15 func=0 off=0x00 write=0 val=0xFFFFFFFF
  bus=240 dev=16 func=0 off=0x00 write=0 val=0xFFFFFFFF
  bus=240 dev=17 func=0 off=0x00 write=0 val=0xFFFFFFFF
  bus=240 dev=18 func=0 off=0x00 write=0 val=0xFFFFFFFF
  bus=240 dev=19 func=0 off=0x00 write=0 val=0xFFFFFFFF
  bus=240 dev=20 func=0 off=0x00 write=0 val=0xFFFFFFFF
  bus=240 dev=21 func=0 off=0x00 write=0 val=0xFFFFFFFF
  bus=240 dev=22 func=0 off=0x00 write=0 val=0xFFFFFFFF
  bus=240 dev=23 func=0 off=0x00 write=0 val=0xFFFFFFFF
  bus=240 dev=24 func=0 off=0x00 write=0 val=0xFFFFFFFF
  bus=240 dev=25 func=0 off=0x00 write=0 val=0xFFFFFFFF
  bus=240 dev=26 func=0 off=0x00 write=0 val=0xFFFFFFFF
  bus=240 dev=27 func=0 off=0x00 write=0 val=0xFFFFFFFF
  bus=240 dev=28 func=0 off=0x00 write=0 val=0xFFFFFFFF
  bus=240 dev=29 func=0 off=0x00 write=0 val=0xFFFFFFFF
  bus=240 dev=30 func=0 off=0x00 write=0 val=0xFFFFFFFF
  bus=240 dev=31 func=0 off=0x00 write=0 val=0xFFFFFFFF
  bus=241 dev=0 func=0 off=0x00 write=0 val=0xFFFFFFFF
  bus=241 dev=1 func=0 off=0x00 write=0 val=0xFFFFFFFF
  bus=241 dev=2 func=0 off=0x00 write=0 val=0xFFFFFFFF
  bus=241 dev=3 func=0 off=0x00 write=0 val=0xFFFFFFFF
  bus=241 dev=4 func=0 off=0x00 write=0 val=0xFFFFFFFF
  bus=241 dev=5 func=0 off=0x00 write=0 val=0xFFFFFFFF
  bus=241 dev=6 func=0 off=0x00 write=0 val=0xFFFFFFFF
  bus=241 dev=7 func=0 off=0x00 write=0 val=0xFFFFFFFF
  bus=241 dev=8 func=0 off=0x00 write=0 val=0xFFFFFFFF
  bus=241 dev=9 func=0 off=0x00 write=0 val=0xFFFFFFFF
  bus=241 dev=10 func=0 off=0x00 write=0 val=0xFFFFFFFF
  bus=241 dev=11 func=0 off=0x00 write=0 val=0xFFFFFFFF
  bus=241 dev=12 func=0 off=0x00 write=0 val=0xFFFFFFFF
  bus=241 dev=13 func=0 off=0x00 write=0 val=0xFFFFFFFF
  bus=241 dev=14 func=0 off=0x00 write=0 val=0xFFFFFFFF
  bus=241 dev=15 func=0 off=0x00 write=0 val=0xFFFFFFFF
  bus=241 dev=16 func=0 off=0x00 write=0 val=0xFFFFFFFF
  bus=241 dev=17 func=0 off=0x00 write=0 val=0xFFFFFFFF
  bus=241 dev=18 func=0 off=0x00 write=0 val=0xFFFFFFFF
  bus=241 dev=19 func=0 off=0x00 write=0 val=0xFFFFFFFF
  bus=241 dev=20 func=0 off=0x00 write=0 val=0xFFFFFFFF
  bus=241 dev=21 func=0 off=0x00 write=0 val=0xFFFFFFFF
  bus=241 dev=22 func=0 off=0x00 write=0 val=0xFFFFFFFF
  bus=241 dev=23 func=0 off=0x00 write=0 val=0xFFFFFFFF
  bus=241 dev=24 func=0 off=0x00 write=0 val=0xFFFFFFFF
  bus=241 dev=25 func=0 off=0x00 write=0 val=0xFFFFFFFF
  bus=241 dev=26 func=0 off=0x00 write=0 val=0xFFFFFFFF
  bus=241 dev=27 func=0 off=0x00 write=0 val=0xFFFFFFFF
  bus=241 dev=28 func=0 off=0x00 write=0 val=0xFFFFFFFF
  bus=241 dev=29 func=0 off=0x00 write=0 val=0xFFFFFFFF
  bus=241 dev=30 func=0 off=0x00 write=0 val=0xFFFFFFFF
  bus=241 dev=31 func=0 off=0x00 write=0 val=0xFFFFFFFF
  bus=242 dev=0 func=0 off=0x00 write=0 val=0xFFFFFFFF
  bus=242 dev=1 func=0 off=0x00 write=0 val=0xFFFFFFFF
  bus=242 dev=2 func=0 off=0x00 write=0 val=0xFFFFFFFF
  bus=242 dev=3 func=0 off=0x00 write=0 val=0xFFFFFFFF
  bus=242 dev=4 func=0 off=0x00 write=0 val=0xFFFFFFFF
  bus=242 dev=5 func=0 off=0x00 write=0 val=0xFFFFFFFF
  bus=242 dev=6 func=0 off=0x00 write=0 val=0xFFFFFFFF
  bus=242 dev=7 func=0 off=0x00 write=0 val=0xFFFFFFFF
  bus=242 dev=8 func=0 off=0x00 write=0 val=0xFFFFFFFF
  bus=242 dev=9 func=0 off=0x00 write=0 val=0xFFFFFFFF
  bus=242 dev=10 func=0 off=0x00 write=0 val=0xFFFFFFFF
  bus=242 dev=11 func=0 off=0x00 write=0 val=0xFFFFFFFF
  bus=242 dev=12 func=0 off=0x00 write=0 val=0xFFFFFFFF
  bus=242 dev=13 func=0 off=0x00 write=0 val=0xFFFFFFFF
  bus=242 dev=14 func=0 off=0x00 write=0 val=0xFFFFFFFF
  bus=242 dev=15 func=0 off=0x00 write=0 val=0xFFFFFFFF
  bus=242 dev=16 func=0 off=0x00 write=0 val=0xFFFFFFFF
  bus=242 dev=17 func=0 off=0x00 write=0 val=0xFFFFFFFF
  bus=242 dev=18 func=0 off=0x00 write=0 val=0xFFFFFFFF
  bus=242 dev=19 func=0 off=0x00 write=0 val=0xFFFFFFFF
  bus=242 dev=20 func=0 off=0x00 write=0 val=0xFFFFFFFF
  bus=242 dev=21 func=0 off=0x00 write=0 val=0xFFFFFFFF
  bus=242 dev=22 func=0 off=0x00 write=0 val=0xFFFFFFFF
  bus=242 dev=23 func=0 off=0x00 write=0 val=0xFFFFFFFF
  bus=242 dev=24 func=0 off=0x00 write=0 val=0xFFFFFFFF
  bus=242 dev=25 func=0 off=0x00 write=0 val=0xFFFFFFFF
  bus=242 dev=26 func=0 off=0x00 write=0 val=0xFFFFFFFF
  bus=242 dev=27 func=0 off=0x00 write=0 val=0xFFFFFFFF
  bus=242 dev=28 func=0 off=0x00 write=0 val=0xFFFFFFFF
  bus=242 dev=29 func=0 off=0x00 write=0 val=0xFFFFFFFF
  bus=242 dev=30 func=0 off=0x00 write=0 val=0xFFFFFFFF
  bus=242 dev=31 func=0 off=0x00 write=0 val=0xFFFFFFFF
  bus=243 dev=0 func=0 off=0x00 write=0 val=0xFFFFFFFF
  bus=243 dev=1 func=0 off=0x00 write=0 val=0xFFFFFFFF
  bus=243 dev=2 func=0 off=0x00 write=0 val=0xFFFFFFFF
  bus=243 dev=3 func=0 off=0x00 write=0 val=0xFFFFFFFF
  bus=243 dev=4 func=0 off=0x00 write=0 val=0xFFFFFFFF
  bus=243 dev=5 func=0 off=0x00 write=0 val=0xFFFFFFFF
  bus=243 dev=6 func=0 off=0x00 write=0 val=0xFFFFFFFF
  bus=243 dev=7 func=0 off=0x00 write=0 val=0xFFFFFFFF
  bus=243 dev=8 func=0 off=0x00 write=0 val=0xFFFFFFFF
  bus=243 dev=9 func=0 off=0x00 write=0 val=0xFFFFFFFF
  bus=243 dev=10 func=0 off=0x00 write=0 val=0xFFFFFFFF
  bus=243 dev=11 func=0 off=0x00 write=0 val=0xFFFFFFFF
  bus=243 dev=12 func=0 off=0x00 write=0 val=0xFFFFFFFF
  bus=243 dev=13 func=0 off=0x00 write=0 val=0xFFFFFFFF
  bus=243 dev=14 func=0 off=0x00 write=0 val=0xFFFFFFFF
  bus=243 dev=15 func=0 off=0x00 write=0 val=0xFFFFFFFF
  bus=243 dev=16 func=0 off=0x00 write=0 val=0xFFFFFFFF
  bus=243 dev=17 func=0 off=0x00 write=0 val=0xFFFFFFFF
  bus=243 dev=18 func=0 off=0x00 write=0 val=0xFFFFFFFF
  bus=243 dev=19 func=0 off=0x00 write=0 val=0xFFFFFFFF
  bus=243 dev=20 func=0 off=0x00 write=0 val=0xFFFFFFFF
  bus=243 dev=21 func=0 off=0x00 write=0 val=0xFFFFFFFF
  bus=243 dev=22 func=0 off=0x00 write=0 val=0xFFFFFFFF
  bus=243 dev=23 func=0 off=0x00 write=0 val=0xFFFFFFFF
  bus=243 dev=24 func=0 off=0x00 write=0 val=0xFFFFFFFF
  bus=243 dev=25 func=0 off=0x00 write=0 val=0xFFFFFFFF
  bus=243 dev=26 func=0 off=0x00 write=0 val=0xFFFFFFFF
  bus=243 dev=27 func=0 off=0x00 write=0 val=0xFFFFFFFF
  bus=243 dev=28 func=0 off=0x00 write=0 val=0xFFFFFFFF
  bus=243 dev=29 func=0 off=0x00 write=0 val=0xFFFFFFFF
  bus=243 dev=30 func=0 off=0x00 write=0 val=0xFFFFFFFF
  bus=243 dev=31 func=0 off=0x00 write=0 val=0xFFFFFFFF
  bus=244 dev=0 func=0 off=0x00 write=0 val=0xFFFFFFFF
  bus=244 dev=1 func=0 off=0x00 write=0 val=0xFFFFFFFF
  bus=244 dev=2 func=0 off=0x00 write=0 val=0xFFFFFFFF
  bus=244 dev=3 func=0 off=0x00 write=0 val=0xFFFFFFFF
  bus=244 dev=4 func=0 off=0x00 write=0 val=0xFFFFFFFF
  bus=244 dev=5 func=0 off=0x00 write=0 val=0xFFFFFFFF
  bus=244 dev=6 func=0 off=0x00 write=0 val=0xFFFFFFFF
  bus=244 dev=7 func=0 off=0x00 write=0 val=0xFFFFFFFF
  bus=244 dev=8 func=0 off=0x00 write=0 val=0xFFFFFFFF
  bus=244 dev=9 func=0 off=0x00 write=0 val=0xFFFFFFFF
  bus=244 dev=10 func=0 off=0x00 write=0 val=0xFFFFFFFF
  bus=244 dev=11 func=0 off=0x00 write=0 val=0xFFFFFFFF
  bus=244 dev=12 func=0 off=0x00 write=0 val=0xFFFFFFFF
  bus=244 dev=13 func=0 off=0x00 write=0 val=0xFFFFFFFF
  bus=244 dev=14 func=0 off=0x00 write=0 val=0xFFFFFFFF
  bus=244 dev=15 func=0 off=0x00 write=0 val=0xFFFFFFFF
  bus=244 dev=16 func=0 off=0x00 write=0 val=0xFFFFFFFF
  bus=244 dev=17 func=0 off=0x00 write=0 val=0xFFFFFFFF
  bus=244 dev=18 func=0 off=0x00 write=0 val=0xFFFFFFFF
  bus=244 dev=19 func=0 off=0x00 write=0 val=0xFFFFFFFF
  bus=244 dev=20 func=0 off=0x00 write=0 val=0xFFFFFFFF
  bus=244 dev=21 func=0 off=0x00 write=0 val=0xFFFFFFFF
  bus=244 dev=22 func=0 off=0x00 write=0 val=0xFFFFFFFF
  bus=244 dev=23 func=0 off=0x00 write=0 val=0xFFFFFFFF
  bus=244 dev=24 func=0 off=0x00 write=0 val=0xFFFFFFFF
  bus=244 dev=25 func=0 off=0x00 write=0 val=0xFFFFFFFF
  bus=244 dev=26 func=0 off=0x00 write=0 val=0xFFFFFFFF
  bus=244 dev=27 func=0 off=0x00 write=0 val=0xFFFFFFFF
  bus=244 dev=28 func=0 off=0x00 write=0 val=0xFFFFFFFF
  bus=244 dev=29 func=0 off=0x00 write=0 val=0xFFFFFFFF
  bus=244 dev=30 func=0 off=0x00 write=0 val=0xFFFFFFFF
  bus=244 dev=31 func=0 off=0x00 write=0 val=0xFFFFFFFF
  bus=245 dev=0 func=0 off=0x00 write=0 val=0xFFFFFFFF
  bus=245 dev=1 func=0 off=0x00 write=0 val=0xFFFFFFFF
  bus=245 dev=2 func=0 off=0x00 write=0 val=0xFFFFFFFF
  bus=245 dev=3 func=0 off=0x00 write=0 val=0xFFFFFFFF
  bus=245 dev=4 func=0 off=0x00 write=0 val=0xFFFFFFFF
  bus=245 dev=5 func=0 off=0x00 write=0 val=0xFFFFFFFF
  bus=245 dev=6 func=0 off=0x00 write=0 val=0xFFFFFFFF
  bus=245 dev=7 func=0 off=0x00 write=0 val=0xFFFFFFFF
  bus=245 dev=8 func=0 off=0x00 write=0 val=0xFFFFFFFF
  bus=245 dev=9 func=0 off=0x00 write=0 val=0xFFFFFFFF
  bus=245 dev=10 func=0 off=0x00 write=0 val=0xFFFFFFFF
  bus=245 dev=11 func=0 off=0x00 write=0 val=0xFFFFFFFF
  bus=245 dev=12 func=0 off=0x00 write=0 val=0xFFFFFFFF
  bus=245 dev=13 func=0 off=0x00 write=0 val=0xFFFFFFFF
  bus=245 dev=14 func=0 off=0x00 write=0 val=0xFFFFFFFF
  bus=245 dev=15 func=0 off=0x00 write=0 val=0xFFFFFFFF
  bus=245 dev=16 func=0 off=0x00 write=0 val=0xFFFFFFFF
  bus=245 dev=17 func=0 off=0x00 write=0 val=0xFFFFFFFF
  bus=245 dev=18 func=0 off=0x00 write=0 val=0xFFFFFFFF
  bus=245 dev=19 func=0 off=0x00 write=0 val=0xFFFFFFFF
  bus=245 dev=20 func=0 off=0x00 write=0 val=0xFFFFFFFF
  bus=245 dev=21 func=0 off=0x00 write=0 val=0xFFFFFFFF
  bus=245 dev=22 func=0 off=0x00 write=0 val=0xFFFFFFFF
  bus=245 dev=23 func=0 off=0x00 write=0 val=0xFFFFFFFF
  bus=245 dev=24 func=0 off=0x00 write=0 val=0xFFFFFFFF
  bus=245 dev=25 func=0 off=0x00 write=0 val=0xFFFFFFFF
  bus=245 dev=26 func=0 off=0x00 write=0 val=0xFFFFFFFF
  bus=245 dev=27 func=0 off=0x00 write=0 val=0xFFFFFFFF
  bus=245 dev=28 func=0 off=0x00 write=0 val=0xFFFFFFFF
  bus=245 dev=29 func=0 off=0x00 write=0 val=0xFFFFFFFF
  bus=245 dev=30 func=0 off=0x00 write=0 val=0xFFFFFFFF
  bus=245 dev=31 func=0 off=0x00 write=0 val=0xFFFFFFFF
  bus=246 dev=0 func=0 off=0x00 write=0 val=0xFFFFFFFF
  bus=246 dev=1 func=0 off=0x00 write=0 val=0xFFFFFFFF
  bus=246 dev=2 func=0 off=0x00 write=0 val=0xFFFFFFFF
  bus=246 dev=3 func=0 off=0x00 write=0 val=0xFFFFFFFF
  bus=246 dev=4 func=0 off=0x00 write=0 val=0xFFFFFFFF
  bus=246 dev=5 func=0 off=0x00 write=0 val=0xFFFFFFFF
  bus=246 dev=6 func=0 off=0x00 write=0 val=0xFFFFFFFF
  bus=246 dev=7 func=0 off=0x00 write=0 val=0xFFFFFFFF
  bus=246 dev=8 func=0 off=0x00 write=0 val=0xFFFFFFFF
  bus=246 dev=9 func=0 off=0x00 write=0 val=0xFFFFFFFF
  bus=246 dev=10 func=0 off=0x00 write=0 val=0xFFFFFFFF
  bus=246 dev=11 func=0 off=0x00 write=0 val=0xFFFFFFFF
  bus=246 dev=12 func=0 off=0x00 write=0 val=0xFFFFFFFF
  bus=246 dev=13 func=0 off=0x00 write=0 val=0xFFFFFFFF
  bus=246 dev=14 func=0 off=0x00 write=0 val=0xFFFFFFFF
  bus=246 dev=15 func=0 off=0x00 write=0 val=0xFFFFFFFF
  bus=246 dev=16 func=0 off=0x00 write=0 val=0xFFFFFFFF
  bus=246 dev=17 func=0 off=0x00 write=0 val=0xFFFFFFFF
  bus=246 dev=18 func=0 off=0x00 write=0 val=0xFFFFFFFF
  bus=246 dev=19 func=0 off=0x00 write=0 val=0xFFFFFFFF
  bus=246 dev=20 func=0 off=0x00 write=0 val=0xFFFFFFFF
  bus=246 dev=21 func=0 off=0x00 write=0 val=0xFFFFFFFF
  bus=246 dev=22 func=0 off=0x00 write=0 val=0xFFFFFFFF
  bus=246 dev=23 func=0 off=0x00 write=0 val=0xFFFFFFFF
  bus=246 dev=24 func=0 off=0x00 write=0 val=0xFFFFFFFF
  bus=246 dev=25 func=0 off=0x00 write=0 val=0xFFFFFFFF
  bus=246 dev=26 func=0 off=0x00 write=0 val=0xFFFFFFFF
  bus=246 dev=27 func=0 off=0x00 write=0 val=0xFFFFFFFF
  bus=246 dev=28 func=0 off=0x00 write=0 val=0xFFFFFFFF
  bus=246 dev=29 func=0 off=0x00 write=0 val=0xFFFFFFFF
  bus=246 dev=30 func=0 off=0x00 write=0 val=0xFFFFFFFF
  bus=246 dev=31 func=0 off=0x00 write=0 val=0xFFFFFFFF
  bus=247 dev=0 func=0 off=0x00 write=0 val=0xFFFFFFFF
  bus=247 dev=1 func=0 off=0x00 write=0 val=0xFFFFFFFF
  bus=247 dev=2 func=0 off=0x00 write=0 val=0xFFFFFFFF
  bus=247 dev=3 func=0 off=0x00 write=0 val=0xFFFFFFFF
  bus=247 dev=4 func=0 off=0x00 write=0 val=0xFFFFFFFF
  bus=247 dev=5 func=0 off=0x00 write=0 val=0xFFFFFFFF
  bus=247 dev=6 func=0 off=0x00 write=0 val=0xFFFFFFFF
  bus=247 dev=7 func=0 off=0x00 write=0 val=0xFFFFFFFF
  bus=247 dev=8 func=0 off=0x00 write=0 val=0xFFFFFFFF
  bus=247 dev=9 func=0 off=0x00 write=0 val=0xFFFFFFFF
  bus=247 dev=10 func=0 off=0x00 write=0 val=0xFFFFFFFF
  bus=247 dev=11 func=0 off=0x00 write=0 val=0xFFFFFFFF
  bus=247 dev=12 func=0 off=0x00 write=0 val=0xFFFFFFFF
  bus=247 dev=13 func=0 off=0x00 write=0 val=0xFFFFFFFF
  bus=247 dev=14 func=0 off=0x00 write=0 val=0xFFFFFFFF
  bus=247 dev=15 func=0 off=0x00 write=0 val=0xFFFFFFFF
  bus=247 dev=16 func=0 off=0x00 write=0 val=0xFFFFFFFF
  bus=247 dev=17 func=0 off=0x00 write=0 val=0xFFFFFFFF
  bus=247 dev=18 func=0 off=0x00 write=0 val=0xFFFFFFFF
  bus=247 dev=19 func=0 off=0x00 write=0 val=0xFFFFFFFF
  bus=247 dev=20 func=0 off=0x00 write=0 val=0xFFFFFFFF
  bus=247 dev=21 func=0 off=0x00 write=0 val=0xFFFFFFFF
  bus=247 dev=22 func=0 off=0x00 write=0 val=0xFFFFFFFF
  bus=247 dev=23 func=0 off=0x00 write=0 val=0xFFFFFFFF
  bus=247 dev=24 func=0 off=0x00 write=0 val=0xFFFFFFFF
  bus=247 dev=25 func=0 off=0x00 write=0 val=0xFFFFFFFF
  bus=247 dev=26 func=0 off=0x00 write=0 val=0xFFFFFFFF
  bus=247 dev=27 func=0 off=0x00 write=0 val=0xFFFFFFFF
  bus=247 dev=28 func=0 off=0x00 write=0 val=0xFFFFFFFF
  bus=247 dev=29 func=0 off=0x00 write=0 val=0xFFFFFFFF
  bus=247 dev=30 func=0 off=0x00 write=0 val=0xFFFFFFFF
  bus=247 dev=31 func=0 off=0x00 write=0 val=0xFFFFFFFF
  bus=248 dev=0 func=0 off=0x00 write=0 val=0xFFFFFFFF
  bus=248 dev=1 func=0 off=0x00 write=0 val=0xFFFFFFFF
  bus=248 dev=2 func=0 off=0x00 write=0 val=0xFFFFFFFF
  bus=248 dev=3 func=0 off=0x00 write=0 val=0xFFFFFFFF
  bus=248 dev=4 func=0 off=0x00 write=0 val=0xFFFFFFFF
  bus=248 dev=5 func=0 off=0x00 write=0 val=0xFFFFFFFF
  bus=248 dev=6 func=0 off=0x00 write=0 val=0xFFFFFFFF
  bus=248 dev=7 func=0 off=0x00 write=0 val=0xFFFFFFFF
  bus=248 dev=8 func=0 off=0x00 write=0 val=0xFFFFFFFF
  bus=248 dev=9 func=0 off=0x00 write=0 val=0xFFFFFFFF
  bus=248 dev=10 func=0 off=0x00 write=0 val=0xFFFFFFFF
  bus=248 dev=11 func=0 off=0x00 write=0 val=0xFFFFFFFF
  bus=248 dev=12 func=0 off=0x00 write=0 val=0xFFFFFFFF
  bus=248 dev=13 func=0 off=0x00 write=0 val=0xFFFFFFFF
  bus=248 dev=14 func=0 off=0x00 write=0 val=0xFFFFFFFF
  bus=248 dev=15 func=0 off=0x00 write=0 val=0xFFFFFFFF
  bus=248 dev=16 func=0 off=0x00 write=0 val=0xFFFFFFFF
  bus=248 dev=17 func=0 off=0x00 write=0 val=0xFFFFFFFF
  bus=248 dev=18 func=0 off=0x00 write=0 val=0xFFFFFFFF
  bus=248 dev=19 func=0 off=0x00 write=0 val=0xFFFFFFFF
  bus=248 dev=20 func=0 off=0x00 write=0 val=0xFFFFFFFF
  bus=248 dev=21 func=0 off=0x00 write=0 val=0xFFFFFFFF
  bus=248 dev=22 func=0 off=0x00 write=0 val=0xFFFFFFFF
  bus=248 dev=23 func=0 off=0x00 write=0 val=0xFFFFFFFF
  bus=248 dev=24 func=0 off=0x00 write=0 val=0xFFFFFFFF
  bus=248 dev=25 func=0 off=0x00 write=0 val=0xFFFFFFFF
  bus=248 dev=26 func=0 off=0x00 write=0 val=0xFFFFFFFF
  bus=248 dev=27 func=0 off=0x00 write=0 val=0xFFFFFFFF
  bus=248 dev=28 func=0 off=0x00 write=0 val=0xFFFFFFFF
  bus=248 dev=29 func=0 off=0x00 write=0 val=0xFFFFFFFF
  bus=248 dev=30 func=0 off=0x00 write=0 val=0xFFFFFFFF
  bus=248 dev=31 func=0 off=0x00 write=0 val=0xFFFFFFFF
  bus=249 dev=0 func=0 off=0x00 write=0 val=0xFFFFFFFF
  bus=249 dev=1 func=0 off=0x00 write=0 val=0xFFFFFFFF
  bus=249 dev=2 func=0 off=0x00 write=0 val=0xFFFFFFFF
  bus=249 dev=3 func=0 off=0x00 write=0 val=0xFFFFFFFF
  bus=249 dev=4 func=0 off=0x00 write=0 val=0xFFFFFFFF
  bus=249 dev=5 func=0 off=0x00 write=0 val=0xFFFFFFFF
  bus=249 dev=6 func=0 off=0x00 write=0 val=0xFFFFFFFF
  bus=249 dev=7 func=0 off=0x00 write=0 val=0xFFFFFFFF
  bus=249 dev=8 func=0 off=0x00 write=0 val=0xFFFFFFFF
  bus=249 dev=9 func=0 off=0x00 write=0 val=0xFFFFFFFF
  bus=249 dev=10 func=0 off=0x00 write=0 val=0xFFFFFFFF
  bus=249 dev=11 func=0 off=0x00 write=0 val=0xFFFFFFFF
  bus=249 dev=12 func=0 off=0x00 write=0 val=0xFFFFFFFF
  bus=249 dev=13 func=0 off=0x00 write=0 val=0xFFFFFFFF
  bus=249 dev=14 func=0 off=0x00 write=0 val=0xFFFFFFFF
  bus=249 dev=15 func=0 off=0x00 write=0 val=0xFFFFFFFF
  bus=249 dev=16 func=0 off=0x00 write=0 val=0xFFFFFFFF
  bus=249 dev=17 func=0 off=0x00 write=0 val=0xFFFFFFFF
  bus=249 dev=18 func=0 off=0x00 write=0 val=0xFFFFFFFF
  bus=249 dev=19 func=0 off=0x00 write=0 val=0xFFFFFFFF
  bus=249 dev=20 func=0 off=0x00 write=0 val=0xFFFFFFFF
  bus=249 dev=21 func=0 off=0x00 write=0 val=0xFFFFFFFF
  bus=249 dev=22 func=0 off=0x00 write=0 val=0xFFFFFFFF
  bus=249 dev=23 func=0 off=0x00 write=0 val=0xFFFFFFFF
  bus=249 dev=24 func=0 off=0x00 write=0 val=0xFFFFFFFF
  bus=249 dev=25 func=0 off=0x00 write=0 val=0xFFFFFFFF
  bus=249 dev=26 func=0 off=0x00 write=0 val=0xFFFFFFFF
  bus=249 dev=27 func=0 off=0x00 write=0 val=0xFFFFFFFF
  bus=249 dev=28 func=0 off=0x00 write=0 val=0xFFFFFFFF
  bus=249 dev=29 func=0 off=0x00 write=0 val=0xFFFFFFFF
  bus=249 dev=30 func=0 off=0x00 write=0 val=0xFFFFFFFF
  bus=249 dev=31 func=0 off=0x00 write=0 val=0xFFFFFFFF
  bus=250 dev=0 func=0 off=0x00 write=0 val=0xFFFFFFFF
  bus=250 dev=1 func=0 off=0x00 write=0 val=0xFFFFFFFF
  bus=250 dev=2 func=0 off=0x00 write=0 val=0xFFFFFFFF
  bus=250 dev=3 func=0 off=0x00 write=0 val=0xFFFFFFFF
  bus=250 dev=4 func=0 off=0x00 write=0 val=0xFFFFFFFF
  bus=250 dev=5 func=0 off=0x00 write=0 val=0xFFFFFFFF
  bus=250 dev=6 func=0 off=0x00 write=0 val=0xFFFFFFFF
  bus=250 dev=7 func=0 off=0x00 write=0 val=0xFFFFFFFF
  bus=250 dev=8 func=0 off=0x00 write=0 val=0xFFFFFFFF
  bus=250 dev=9 func=0 off=0x00 write=0 val=0xFFFFFFFF
  bus=250 dev=10 func=0 off=0x00 write=0 val=0xFFFFFFFF
  bus=250 dev=11 func=0 off=0x00 write=0 val=0xFFFFFFFF
  bus=250 dev=12 func=0 off=0x00 write=0 val=0xFFFFFFFF
  bus=250 dev=13 func=0 off=0x00 write=0 val=0xFFFFFFFF
  bus=250 dev=14 func=0 off=0x00 write=0 val=0xFFFFFFFF
  bus=250 dev=15 func=0 off=0x00 write=0 val=0xFFFFFFFF
  bus=250 dev=16 func=0 off=0x00 write=0 val=0xFFFFFFFF
  bus=250 dev=17 func=0 off=0x00 write=0 val=0xFFFFFFFF
  bus=250 dev=18 func=0 off=0x00 write=0 val=0xFFFFFFFF
  bus=250 dev=19 func=0 off=0x00 write=0 val=0xFFFFFFFF
  bus=250 dev=20 func=0 off=0x00 write=0 val=0xFFFFFFFF
  bus=250 dev=21 func=0 off=0x00 write=0 val=0xFFFFFFFF
  bus=250 dev=22 func=0 off=0x00 write=0 val=0xFFFFFFFF
  bus=250 dev=23 func=0 off=0x00 write=0 val=0xFFFFFFFF
  bus=250 dev=24 func=0 off=0x00 write=0 val=0xFFFFFFFF
  bus=250 dev=25 func=0 off=0x00 write=0 val=0xFFFFFFFF
  bus=250 dev=26 func=0 off=0x00 write=0 val=0xFFFFFFFF
  bus=250 dev=27 func=0 off=0x00 write=0 val=0xFFFFFFFF
  bus=250 dev=28 func=0 off=0x00 write=0 val=0xFFFFFFFF
  bus=250 dev=29 func=0 off=0x00 write=0 val=0xFFFFFFFF
  bus=250 dev=30 func=0 off=0x00 write=0 val=0xFFFFFFFF
  bus=250 dev=31 func=0 off=0x00 write=0 val=0xFFFFFFFF
  bus=251 dev=0 func=0 off=0x00 write=0 val=0xFFFFFFFF
  bus=251 dev=1 func=0 off=0x00 write=0 val=0xFFFFFFFF
  bus=251 dev=2 func=0 off=0x00 write=0 val=0xFFFFFFFF
  bus=251 dev=3 func=0 off=0x00 write=0 val=0xFFFFFFFF
  bus=251 dev=4 func=0 off=0x00 write=0 val=0xFFFFFFFF
  bus=251 dev=5 func=0 off=0x00 write=0 val=0xFFFFFFFF
  bus=251 dev=6 func=0 off=0x00 write=0 val=0xFFFFFFFF
  bus=251 dev=7 func=0 off=0x00 write=0 val=0xFFFFFFFF
  bus=251 dev=8 func=0 off=0x00 write=0 val=0xFFFFFFFF
  bus=251 dev=9 func=0 off=0x00 write=0 val=0xFFFFFFFF
  bus=251 dev=10 func=0 off=0x00 write=0 val=0xFFFFFFFF
  bus=251 dev=11 func=0 off=0x00 write=0 val=0xFFFFFFFF
  bus=251 dev=12 func=0 off=0x00 write=0 val=0xFFFFFFFF
  bus=251 dev=13 func=0 off=0x00 write=0 val=0xFFFFFFFF
  bus=251 dev=14 func=0 off=0x00 write=0 val=0xFFFFFFFF
  bus=251 dev=15 func=0 off=0x00 write=0 val=0xFFFFFFFF
  bus=251 dev=16 func=0 off=0x00 write=0 val=0xFFFFFFFF
  bus=251 dev=17 func=0 off=0x00 write=0 val=0xFFFFFFFF
  bus=251 dev=18 func=0 off=0x00 write=0 val=0xFFFFFFFF
  bus=251 dev=19 func=0 off=0x00 write=0 val=0xFFFFFFFF
  bus=251 dev=20 func=0 off=0x00 write=0 val=0xFFFFFFFF
  bus=251 dev=21 func=0 off=0x00 write=0 val=0xFFFFFFFF
  bus=251 dev=22 func=0 off=0x00 write=0 val=0xFFFFFFFF
  bus=251 dev=23 func=0 off=0x00 write=0 val=0xFFFFFFFF
  bus=251 dev=24 func=0 off=0x00 write=0 val=0xFFFFFFFF
  bus=251 dev=25 func=0 off=0x00 write=0 val=0xFFFFFFFF
  bus=251 dev=26 func=0 off=0x00 write=0 val=0xFFFFFFFF
  bus=251 dev=27 func=0 off=0x00 write=0 val=0xFFFFFFFF
  bus=251 dev=28 func=0 off=0x00 write=0 val=0xFFFFFFFF
  bus=251 dev=29 func=0 off=0x00 write=0 val=0xFFFFFFFF
  bus=251 dev=30 func=0 off=0x00 write=0 val=0xFFFFFFFF
  bus=251 dev=31 func=0 off=0x00 write=0 val=0xFFFFFFFF
  bus=252 dev=0 func=0 off=0x00 write=0 val=0xFFFFFFFF
  bus=252 dev=1 func=0 off=0x00 write=0 val=0xFFFFFFFF
  bus=252 dev=2 func=0 off=0x00 write=0 val=0xFFFFFFFF
  bus=252 dev=3 func=0 off=0x00 write=0 val=0xFFFFFFFF
  bus=252 dev=4 func=0 off=0x00 write=0 val=0xFFFFFFFF
  bus=252 dev=5 func=0 off=0x00 write=0 val=0xFFFFFFFF
  bus=252 dev=6 func=0 off=0x00 write=0 val=0xFFFFFFFF
  bus=252 dev=7 func=0 off=0x00 write=0 val=0xFFFFFFFF
  bus=252 dev=8 func=0 off=0x00 write=0 val=0xFFFFFFFF
  bus=252 dev=9 func=0 off=0x00 write=0 val=0xFFFFFFFF
  bus=252 dev=10 func=0 off=0x00 write=0 val=0xFFFFFFFF
  bus=252 dev=11 func=0 off=0x00 write=0 val=0xFFFFFFFF
  bus=252 dev=12 func=0 off=0x00 write=0 val=0xFFFFFFFF
  bus=252 dev=13 func=0 off=0x00 write=0 val=0xFFFFFFFF
  bus=252 dev=14 func=0 off=0x00 write=0 val=0xFFFFFFFF
  bus=252 dev=15 func=0 off=0x00 write=0 val=0xFFFFFFFF
  bus=252 dev=16 func=0 off=0x00 write=0 val=0xFFFFFFFF
  bus=252 dev=17 func=0 off=0x00 write=0 val=0xFFFFFFFF
  bus=252 dev=18 func=0 off=0x00 write=0 val=0xFFFFFFFF
  bus=252 dev=19 func=0 off=0x00 write=0 val=0xFFFFFFFF
  bus=252 dev=20 func=0 off=0x00 write=0 val=0xFFFFFFFF
  bus=252 dev=21 func=0 off=0x00 write=0 val=0xFFFFFFFF
  bus=252 dev=22 func=0 off=0x00 write=0 val=0xFFFFFFFF
  bus=252 dev=23 func=0 off=0x00 write=0 val=0xFFFFFFFF
  bus=252 dev=24 func=0 off=0x00 write=0 val=0xFFFFFFFF
  bus=252 dev=25 func=0 off=0x00 write=0 val=0xFFFFFFFF
  bus=252 dev=26 func=0 off=0x00 write=0 val=0xFFFFFFFF
  bus=252 dev=27 func=0 off=0x00 write=0 val=0xFFFFFFFF
  bus=252 dev=28 func=0 off=0x00 write=0 val=0xFFFFFFFF
  bus=252 dev=29 func=0 off=0x00 write=0 val=0xFFFFFFFF
  bus=252 dev=30 func=0 off=0x00 write=0 val=0xFFFFFFFF
  bus=252 dev=31 func=0 off=0x00 write=0 val=0xFFFFFFFF
  bus=253 dev=0 func=0 off=0x00 write=0 val=0xFFFFFFFF
  bus=253 dev=1 func=0 off=0x00 write=0 val=0xFFFFFFFF
  bus=253 dev=2 func=0 off=0x00 write=0 val=0xFFFFFFFF
  bus=253 dev=3 func=0 off=0x00 write=0 val=0xFFFFFFFF
  bus=253 dev=4 func=0 off=0x00 write=0 val=0xFFFFFFFF
  bus=253 dev=5 func=0 off=0x00 write=0 val=0xFFFFFFFF
  bus=253 dev=6 func=0 off=0x00 write=0 val=0xFFFFFFFF
  bus=253 dev=7 func=0 off=0x00 write=0 val=0xFFFFFFFF
  bus=253 dev=8 func=0 off=0x00 write=0 val=0xFFFFFFFF
  bus=253 dev=9 func=0 off=0x00 write=0 val=0xFFFFFFFF
  bus=253 dev=10 func=0 off=0x00 write=0 val=0xFFFFFFFF
  bus=253 dev=11 func=0 off=0x00 write=0 val=0xFFFFFFFF
  bus=253 dev=12 func=0 off=0x00 write=0 val=0xFFFFFFFF
  bus=253 dev=13 func=0 off=0x00 write=0 val=0xFFFFFFFF
  bus=253 dev=14 func=0 off=0x00 write=0 val=0xFFFFFFFF
  bus=253 dev=15 func=0 off=0x00 write=0 val=0xFFFFFFFF
  bus=253 dev=16 func=0 off=0x00 write=0 val=0xFFFFFFFF
  bus=253 dev=17 func=0 off=0x00 write=0 val=0xFFFFFFFF
  bus=253 dev=18 func=0 off=0x00 write=0 val=0xFFFFFFFF
  bus=253 dev=19 func=0 off=0x00 write=0 val=0xFFFFFFFF
  bus=253 dev=20 func=0 off=0x00 write=0 val=0xFFFFFFFF
  bus=253 dev=21 func=0 off=0x00 write=0 val=0xFFFFFFFF
  bus=253 dev=22 func=0 off=0x00 write=0 val=0xFFFFFFFF
  bus=253 dev=23 func=0 off=0x00 write=0 val=0xFFFFFFFF
  bus=253 dev=24 func=0 off=0x00 write=0 val=0xFFFFFFFF
  bus=253 dev=25 func=0 off=0x00 write=0 val=0xFFFFFFFF
  bus=253 dev=26 func=0 off=0x00 write=0 val=0xFFFFFFFF
  bus=253 dev=27 func=0 off=0x00 write=0 val=0xFFFFFFFF
  bus=253 dev=28 func=0 off=0x00 write=0 val=0xFFFFFFFF
  bus=253 dev=29 func=0 off=0x00 write=0 val=0xFFFFFFFF
  bus=253 dev=30 func=0 off=0x00 write=0 val=0xFFFFFFFF
  bus=253 dev=31 func=0 off=0x00 write=0 val=0xFFFFFFFF
  bus=254 dev=0 func=0 off=0x00 write=0 val=0xFFFFFFFF
  bus=254 dev=1 func=0 off=0x00 write=0 val=0xFFFFFFFF
  bus=254 dev=2 func=0 off=0x00 write=0 val=0xFFFFFFFF
  bus=254 dev=3 func=0 off=0x00 write=0 val=0xFFFFFFFF
  bus=254 dev=4 func=0 off=0x00 write=0 val=0xFFFFFFFF
  bus=254 dev=5 func=0 off=0x00 write=0 val=0xFFFFFFFF
  bus=254 dev=6 func=0 off=0x00 write=0 val=0xFFFFFFFF
  bus=254 dev=7 func=0 off=0x00 write=0 val=0xFFFFFFFF
  bus=254 dev=8 func=0 off=0x00 write=0 val=0xFFFFFFFF
  bus=254 dev=9 func=0 off=0x00 write=0 val=0xFFFFFFFF
  bus=254 dev=10 func=0 off=0x00 write=0 val=0xFFFFFFFF
  bus=254 dev=11 func=0 off=0x00 write=0 val=0xFFFFFFFF
  bus=254 dev=12 func=0 off=0x00 write=0 val=0xFFFFFFFF
  bus=254 dev=13 func=0 off=0x00 write=0 val=0xFFFFFFFF
  bus=254 dev=14 func=0 off=0x00 write=0 val=0xFFFFFFFF
  bus=254 dev=15 func=0 off=0x00 write=0 val=0xFFFFFFFF
  bus=254 dev=16 func=0 off=0x00 write=0 val=0xFFFFFFFF
  bus=254 dev=17 func=0 off=0x00 write=0 val=0xFFFFFFFF
  bus=254 dev=18 func=0 off=0x00 write=0 val=0xFFFFFFFF
  bus=254 dev=19 func=0 off=0x00 write=0 val=0xFFFFFFFF
  bus=254 dev=20 func=0 off=0x00 write=0 val=0xFFFFFFFF
  bus=254 dev=21 func=0 off=0x00 write=0 val=0xFFFFFFFF
  bus=254 dev=22 func=0 off=0x00 write=0 val=0xFFFFFFFF
  bus=254 dev=23 func=0 off=0x00 write=0 val=0xFFFFFFFF
  bus=254 dev=24 func=0 off=0x00 write=0 val=0xFFFFFFFF
  bus=254 dev=25 func=0 off=0x00 write=0 val=0xFFFFFFFF
  bus=254 dev=26 func=0 off=0x00 write=0 val=0xFFFFFFFF
  bus=254 dev=27 func=0 off=0x00 write=0 val=0xFFFFFFFF
  bus=254 dev=28 func=0 off=0x00 write=0 val=0xFFFFFFFF
  bus=254 dev=29 func=0 off=0x00 write=0 val=0xFFFFFFFF
  bus=254 dev=30 func=0 off=0x00 write=0 val=0xFFFFFFFF
  bus=254 dev=31 func=0 off=0x00 write=0 val=0xFFFFFFFF
  bus=255 dev=0 func=0 off=0x00 write=0 val=0xFFFFFFFF
  bus=255 dev=1 func=0 off=0x00 write=0 val=0xFFFFFFFF
  bus=255 dev=2 func=0 off=0x00 write=0 val=0xFFFFFFFF
  bus=255 dev=3 func=0 off=0x00 write=0 val=0xFFFFFFFF
  bus=255 dev=4 func=0 off=0x00 write=0 val=0xFFFFFFFF
  bus=255 dev=5 func=0 off=0x00 write=0 val=0xFFFFFFFF
  bus=255 dev=6 func=0 off=0x00 write=0 val=0xFFFFFFFF
  bus=255 dev=7 func=0 off=0x00 write=0 val=0xFFFFFFFF
  bus=255 dev=8 func=0 off=0x00 write=0 val=0xFFFFFFFF
  bus=255 dev=9 func=0 off=0x00 write=0 val=0xFFFFFFFF
  bus=255 dev=10 func=0 off=0x00 write=0 val=0xFFFFFFFF
  bus=255 dev=11 func=0 off=0x00 write=0 val=0xFFFFFFFF
  bus=255 dev=12 func=0 off=0x00 write=0 val=0xFFFFFFFF
  bus=255 dev=13 func=0 off=0x00 write=0 val=0xFFFFFFFF
  bus=255 dev=14 func=0 off=0x00 write=0 val=0xFFFFFFFF
  bus=255 dev=15 func=0 off=0x00 write=0 val=0xFFFFFFFF
  bus=255 dev=16 func=0 off=0x00 write=0 val=0xFFFFFFFF
  bus=255 dev=17 func=0 off=0x00 write=0 val=0xFFFFFFFF
  bus=255 dev=18 func=0 off=0x00 write=0 val=0xFFFFFFFF
  bus=255 dev=19 func=0 off=0x00 write=0 val=0xFFFFFFFF
  bus=255 dev=20 func=0 off=0x00 write=0 val=0xFFFFFFFF
  bus=255 dev=21 func=0 off=0x00 write=0 val=0xFFFFFFFF
  bus=255 dev=22 func=0 off=0x00 write=0 val=0xFFFFFFFF
  bus=255 dev=23 func=0 off=0x00 write=0 val=0xFFFFFFFF
  bus=255 dev=24 func=0 off=0x00 write=0 val=0xFFFFFFFF
  bus=255 dev=25 func=0 off=0x00 write=0 val=0xFFFFFFFF
  bus=255 dev=26 func=0 off=0x00 write=0 val=0xFFFFFFFF
  bus=255 dev=27 func=0 off=0x00 write=0 val=0xFFFFFFFF
  bus=255 dev=28 func=0 off=0x00 write=0 val=0xFFFFFFFF
  bus=255 dev=29 func=0 off=0x00 write=0 val=0xFFFFFFFF
  bus=255 dev=30 func=0 off=0x00 write=0 val=0xFFFFFFFF
  bus=255 dev=31 func=0 off=0x00 write=0 val=0xFFFFFFFF
[kerneldiag] dumped 768 bytes around live RIP (starting 0xFFFFF800568BE7A2, RIP itself at offset 0x40) to C:\Users\DELL\AppData\Local\Temp\claude\c--Users-DELL-OneDrive-Desktop-LocalHost-py\5bed7398-339c-497a-9383-821cf9d2769e\scratchpad\NewStallRip.bin
[kerneldiag] spin-wait target VA=0xFFFFF800568BF842 initial value=0xCCCCC35F20C48348 -- will re-poll on later stall ticks
[kerneldiag] module PE: 33 sections, watched target RVA=0x4BF842
[kerneldiag] section[0] name=.rdata VA=0x1000 VSize=0xC7420 RawPtr=0x800 RawSize=0xC7600 chars=0x48000040
[kerneldiag] section[1] name=.pdata VA=0xC9000 VSize=0x67914 RawPtr=0xC7E00 RawSize=0x67A00 chars=0x48000040
[kerneldiag] section[2] name=.idata VA=0x131000 VSize=0x20C2 RawPtr=0x12F800 RawSize=0x2200 chars=0x48000040
[kerneldiag] section[3] name=.edata VA=0x134000 VSize=0x18D7E RawPtr=0x131A00 RawSize=0x18E00 chars=0x40000040
[kerneldiag] section[4] name=PROTDATA VA=0x14D000 VSize=0x1 RawPtr=0x14A800 RawSize=0x200 chars=0x48000040
[kerneldiag] section[5] name=GFIDS VA=0x14E000 VSize=0x8C38 RawPtr=0x14AA00 RawSize=0x8E00 chars=0x42000040
[kerneldiag] section[6] name=Pad1 VA=0x157000 VSize=0xA9000 RawPtr=0x0 RawSize=0x0 chars=0x42000080
[kerneldiag] section[7] name=.text VA=0x200000 VSize=0x3CC289 RawPtr=0x153800 RawSize=0x3CC400 chars=0x68000020  <-- CONTAINS WATCHED TARGET
[kerneldiag] section[8] name=PAGE VA=0x5CD000 VSize=0x3C46A6 RawPtr=0x51FC00 RawSize=0x3C4800 chars=0x60000020
[kerneldiag] section[9] name=PAGELK VA=0x992000 VSize=0x24EC4 RawPtr=0x8E4400 RawSize=0x25000 chars=0x60000020
[kerneldiag] section[10] name=POOLCODE VA=0x9B7000 VSize=0x48B RawPtr=0x909400 RawSize=0x600 chars=0x68000020
[kerneldiag] section[11] name=PAGEKD VA=0x9B8000 VSize=0x5B92 RawPtr=0x909A00 RawSize=0x5C00 chars=0x60000020
[kerneldiag] section[12] name=PAGEVRFY VA=0x9BE000 VSize=0x3210C RawPtr=0x90F600 RawSize=0x32200 chars=0x60000020
[kerneldiag] section[13] name=PAGEHDLS VA=0x9F1000 VSize=0x25D6 RawPtr=0x941800 RawSize=0x2600 chars=0x60000020
[kerneldiag] section[14] name=PAGEBGFX VA=0x9F4000 VSize=0x69DA RawPtr=0x943E00 RawSize=0x6A00 chars=0x60000020
[kerneldiag] section[15] name=INITKDBG VA=0x9FB000 VSize=0x195BA RawPtr=0x94A800 RawSize=0x19600 chars=0x68000020
[kerneldiag] section[16] name=TRACESUP VA=0xA15000 VSize=0x175B RawPtr=0x963E00 RawSize=0x1800 chars=0x68000020
[kerneldiag] section[17] name=KVASCODE VA=0xA17000 VSize=0x23D8 RawPtr=0x965600 RawSize=0x2400 chars=0x68000020
[kerneldiag] section[18] name=RETPOL VA=0xA1A000 VSize=0x880 RawPtr=0x967A00 RawSize=0xA00 chars=0x68000020
[kerneldiag] section[19] name=MINIEX VA=0xA1B000 VSize=0x25AE RawPtr=0x968400 RawSize=0x2600 chars=0x62000020
[kerneldiag] dumped 0x4000 bytes of unidentified module (base=0xFFFFF80056400000) to C:\Users\DELL\AppData\Local\Temp\claude\c--Users-DELL-OneDrive-Desktop-LocalHost-py\5bed7398-339c-497a-9383-821cf9d2769e\scratchpad\NewStallModule.bin
[kerneldiag] IRQL 0xF (HIGH_LEVEL) does not permit DPCs -- deferring memory inspection, this alone may explain the stall
[kerneldiag] candidate return address (caller) at [rsp+0x18] = 0xFFFFF800566AE633
[kerneldiag] candidate address 0xFFFFF800566AE633 resolves to module base 0xFFFFF80056400000 (+0x2AE633 into it)
[kerneldiag] debug directory: type=2 codeViewRva=0x40970
[kerneldiag] module PDB name: ntkrnlmp.pdb guid=D9424FC4-861E-47C1-0FAD1B35DEC6DCC8 age=1
[kerneldiag] dumped 0x300 bytes around return address (starting 0xFFFFF800566AE533, retaddr at offset 0x100, module base 0xFFFFF80056400000, RVA of retaddr 0x2AE633) to C:\Users\DELL\AppData\Local\Temp\claude\c--Users-DELL-OneDrive-Desktop-LocalHost-py\5bed7398-339c-497a-9383-821cf9d2769e\scratchpad\CallerContext.bin
[kerneldiag] registration object pointer at caller+0xCA9008 (VA=0xFFFFF800570A9008) = 0x0
[kerneldiag] dumped 0x2000 bytes of caller dispatcher code (starting caller+0x36D000, VA=0xFFFFF8005676D000) to C:\Users\DELL\AppData\Local\Temp\claude\c--Users-DELL-OneDrive-Desktop-LocalHost-py\5bed7398-339c-497a-9383-821cf9d2769e\scratchpad\CallerWideDump.bin
[kerneldiag] scanning stack from rsp=0xFFFFF8005DC88D80 for candidate return addresses:
  [rsp+0x000] = 0xFFFFF8005DC88E58[kerneldiag] candidate address 0xFFFFF8005DC88E58 resolves to module base 0xFFFFF8005D9F0000 (+0x298E58 into it)
[kerneldiag] debug directory: type=2 codeViewRva=0x2174
[kerneldiag] module PDB name: volume.pdb guid=AAF65608-ADE9-794A-A208A2E6534FF85E age=1
    ^ [rsp+0x000] module base 0xFFFFF8005D9F0000 RVA 0x298E58
    ^ dumped 0x180 bytes (starting 0xFFFFF8005DC88D58, candidate at offset 0x100) to C:\Users\DELL\AppData\Local\Temp\claude\c--Users-DELL-OneDrive-Desktop-LocalHost-py\5bed7398-339c-497a-9383-821cf9d2769e\scratchpad\StackCand_0x0.bin
  [rsp+0x008] = 0xFFFFF800566AA11E[kerneldiag] candidate address 0xFFFFF800566AA11E resolves to module base 0xFFFFF80056400000 (+0x2AA11E into it)
[kerneldiag] debug directory: type=2 codeViewRva=0x40970
[kerneldiag] module PDB name: ntkrnlmp.pdb guid=D9424FC4-861E-47C1-0FAD1B35DEC6DCC8 age=1
    ^ [rsp+0x008] module base 0xFFFFF80056400000 RVA 0x2AA11E
    ^ dumped 0x180 bytes (starting 0xFFFFF800566AA01E, candidate at offset 0x100) to C:\Users\DELL\AppData\Local\Temp\claude\c--Users-DELL-OneDrive-Desktop-LocalHost-py\5bed7398-339c-497a-9383-821cf9d2769e\scratchpad\StackCand_0x8.bin
  [rsp+0x010] = 0xFFFFF8005DC89330[kerneldiag] candidate address 0xFFFFF8005DC89330 resolves to module base 0xFFFFF8005D9F0000 (+0x299330 into it)
[kerneldiag] debug directory: type=2 codeViewRva=0x2174
[kerneldiag] module PDB name: volume.pdb guid=AAF65608-ADE9-794A-A208A2E6534FF85E age=1
    ^ [rsp+0x010] module base 0xFFFFF8005D9F0000 RVA 0x299330
    ^ dumped 0x180 bytes (starting 0xFFFFF8005DC89230, candidate at offset 0x100) to C:\Users\DELL\AppData\Local\Temp\claude\c--Users-DELL-OneDrive-Desktop-LocalHost-py\5bed7398-339c-497a-9383-821cf9d2769e\scratchpad\StackCand_0x10.bin
  [rsp+0x018] = 0xFFFFF800566AE633[kerneldiag] candidate address 0xFFFFF800566AE633 resolves to module base 0xFFFFF80056400000 (+0x2AE633 into it)
[kerneldiag] debug directory: type=2 codeViewRva=0x40970
[kerneldiag] module PDB name: ntkrnlmp.pdb guid=D9424FC4-861E-47C1-0FAD1B35DEC6DCC8 age=1
    ^ [rsp+0x018] module base 0xFFFFF80056400000 RVA 0x2AE633
    ^ dumped 0x180 bytes (starting 0xFFFFF800566AE533, candidate at offset 0x100) to C:\Users\DELL\AppData\Local\Temp\claude\c--Users-DELL-OneDrive-Desktop-LocalHost-py\5bed7398-339c-497a-9383-821cf9d2769e\scratchpad\StackCand_0x18.bin
  [rsp+0x020] = 0xFFFFF8005DC88EC0[kerneldiag] candidate address 0xFFFFF8005DC88EC0 resolves to module base 0xFFFFF8005D9F0000 (+0x298EC0 into it)
[kerneldiag] debug directory: type=2 codeViewRva=0x2174
[kerneldiag] module PDB name: volume.pdb guid=AAF65608-ADE9-794A-A208A2E6534FF85E age=1
    ^ [rsp+0x020] module base 0xFFFFF8005D9F0000 RVA 0x298EC0
    ^ dumped 0x180 bytes (starting 0xFFFFF8005DC88DC0, candidate at offset 0x100) to C:\Users\DELL\AppData\Local\Temp\claude\c--Users-DELL-OneDrive-Desktop-LocalHost-py\5bed7398-339c-497a-9383-821cf9d2769e\scratchpad\StackCand_0x20.bin
  [rsp+0x030] = 0xFFFFF800554E9180[kerneldiag] candidate address 0xFFFFF800554E9180 resolves to module base 0xFFFFF8005546D000 (+0x7C180 into it)
[kerneldiag] no debug directory RVA in this module's PE header
    ^ [rsp+0x030] module base 0xFFFFF8005546D000 RVA 0x7C180
    ^ dumped 0x180 bytes (starting 0xFFFFF800554E9080, candidate at offset 0x100) to C:\Users\DELL\AppData\Local\Temp\claude\c--Users-DELL-OneDrive-Desktop-LocalHost-py\5bed7398-339c-497a-9383-821cf9d2769e\scratchpad\StackCand_0x30.bin
  [rsp+0x038] = 0xFFFFF80056917D8A[kerneldiag] candidate address 0xFFFFF80056917D8A resolves to module base 0xFFFFF80056400000 (+0x517D8A into it)
[kerneldiag] debug directory: type=2 codeViewRva=0x40970
[kerneldiag] module PDB name: ntkrnlmp.pdb guid=D9424FC4-861E-47C1-0FAD1B35DEC6DCC8 age=1
    ^ [rsp+0x038] module base 0xFFFFF80056400000 RVA 0x517D8A
    ^ dumped 0x180 bytes (starting 0xFFFFF80056917C8A, candidate at offset 0x100) to C:\Users\DELL\AppData\Local\Temp\claude\c--Users-DELL-OneDrive-Desktop-LocalHost-py\5bed7398-339c-497a-9383-821cf9d2769e\scratchpad\StackCand_0x38.bin
  [rsp+0x058] = 0xFFFFF8005DC89D08[kerneldiag] candidate address 0xFFFFF8005DC89D08 resolves to module base 0xFFFFF8005D9F0000 (+0x299D08 into it)
[kerneldiag] debug directory: type=2 codeViewRva=0x2174
[kerneldiag] module PDB name: volume.pdb guid=AAF65608-ADE9-794A-A208A2E6534FF85E age=1
    ^ [rsp+0x058] module base 0xFFFFF8005D9F0000 RVA 0x299D08
    ^ dumped 0x180 bytes (starting 0xFFFFF8005DC89C08, candidate at offset 0x100) to C:\Users\DELL\AppData\Local\Temp\claude\c--Users-DELL-OneDrive-Desktop-LocalHost-py\5bed7398-339c-497a-9383-821cf9d2769e\scratchpad\StackCand_0x58.bin
  [rsp+0x060] = 0xFFFFF8005DC88E30[kerneldiag] candidate address 0xFFFFF8005DC88E30 resolves to module base 0xFFFFF8005D9F0000 (+0x298E30 into it)
[kerneldiag] debug directory: type=2 codeViewRva=0x2174
[kerneldiag] module PDB name: volume.pdb guid=AAF65608-ADE9-794A-A208A2E6534FF85E age=1
    ^ [rsp+0x060] module base 0xFFFFF8005D9F0000 RVA 0x298E30
    ^ dumped 0x180 bytes (starting 0xFFFFF8005DC88D30, candidate at offset 0x100) to C:\Users\DELL\AppData\Local\Temp\claude\c--Users-DELL-OneDrive-Desktop-LocalHost-py\5bed7398-339c-497a-9383-821cf9d2769e\scratchpad\StackCand_0x60.bin
  [rsp+0x068] = 0xFFFFF8005684D05A[kerneldiag] candidate address 0xFFFFF8005684D05A resolves to module base 0xFFFFF80056400000 (+0x44D05A into it)
[kerneldiag] debug directory: type=2 codeViewRva=0x40970
[kerneldiag] module PDB name: ntkrnlmp.pdb guid=D9424FC4-861E-47C1-0FAD1B35DEC6DCC8 age=1
    ^ [rsp+0x068] module base 0xFFFFF80056400000 RVA 0x44D05A
    ^ dumped 0x180 bytes (starting 0xFFFFF8005684CF5A, candidate at offset 0x100) to C:\Users\DELL\AppData\Local\Temp\claude\c--Users-DELL-OneDrive-Desktop-LocalHost-py\5bed7398-339c-497a-9383-821cf9d2769e\scratchpad\StackCand_0x68.bin
  [rsp+0x070] = 0xFFFFF8005DC89330[kerneldiag] candidate address 0xFFFFF8005DC89330 resolves to module base 0xFFFFF8005D9F0000 (+0x299330 into it)
[kerneldiag] debug directory: type=2 codeViewRva=0x2174
[kerneldiag] module PDB name: volume.pdb guid=AAF65608-ADE9-794A-A208A2E6534FF85E age=1
    ^ [rsp+0x070] module base 0xFFFFF8005D9F0000 RVA 0x299330
    ^ dumped 0x180 bytes (starting 0xFFFFF8005DC89230, candidate at offset 0x100) to C:\Users\DELL\AppData\Local\Temp\claude\c--Users-DELL-OneDrive-Desktop-LocalHost-py\5bed7398-339c-497a-9383-821cf9d2769e\scratchpad\StackCand_0x70.bin
  [rsp+0x080] = 0xFFFFF8005DC8A020[kerneldiag] candidate address 0xFFFFF8005DC8A020 resolves to module base 0xFFFFF8005D9F0000 (+0x29A020 into it)
[kerneldiag] debug directory: type=2 codeViewRva=0x2174
[kerneldiag] module PDB name: volume.pdb guid=AAF65608-ADE9-794A-A208A2E6534FF85E age=1
    ^ [rsp+0x080] module base 0xFFFFF8005D9F0000 RVA 0x29A020
    ^ dumped 0x180 bytes (starting 0xFFFFF8005DC89F20, candidate at offset 0x100) to C:\Users\DELL\AppData\Local\Temp\claude\c--Users-DELL-OneDrive-Desktop-LocalHost-py\5bed7398-339c-497a-9383-821cf9d2769e\scratchpad\StackCand_0x80.bin
  [rsp+0x098] = 0xFFFFF80057127A00[kerneldiag] candidate address 0xFFFFF80057127A00 resolves to module base 0xFFFFF80056400000 (+0xD27A00 into it)
[kerneldiag] debug directory: type=2 codeViewRva=0x40970
[kerneldiag] module PDB name: ntkrnlmp.pdb guid=D9424FC4-861E-47C1-0FAD1B35DEC6DCC8 age=1
    ^ [rsp+0x098] module base 0xFFFFF80056400000 RVA 0xD27A00
    ^ dumped 0x180 bytes (starting 0xFFFFF80057127900, candidate at offset 0x100) to C:\Users\DELL\AppData\Local\Temp\claude\c--Users-DELL-OneDrive-Desktop-LocalHost-py\5bed7398-339c-497a-9383-821cf9d2769e\scratchpad\StackCand_0x98.bin
  [rsp+0x0D0] = 0xFFFFF800554E9180[kerneldiag] candidate address 0xFFFFF800554E9180 resolves to module base 0xFFFFF8005546D000 (+0x7C180 into it)
[kerneldiag] no debug directory RVA in this module's PE header
    ^ [rsp+0x0D0] module base 0xFFFFF8005546D000 RVA 0x7C180
    ^ dumped 0x180 bytes (starting 0xFFFFF800554E9080, candidate at offset 0x100) to C:\Users\DELL\AppData\Local\Temp\claude\c--Users-DELL-OneDrive-Desktop-LocalHost-py\5bed7398-339c-497a-9383-821cf9d2769e\scratchpad\StackCand_0xD0.bin
  [rsp+0x0F0] = 0xFFFFFFFFFFFFFFFF[kerneldiag] no PE header found scanning VA back from 0xFFFFFFFFFFFFFFFF

  [rsp+0x0F8] = 0xFFFF800000000000[kerneldiag] no PE header found scanning VA back from 0xFFFF800000000000

  [rsp+0x100] = 0xFFFFF800569183B0[kerneldiag] candidate address 0xFFFFF800569183B0 resolves to module base 0xFFFFF80056400000 (+0x5183B0 into it)
[kerneldiag] debug directory: type=2 codeViewRva=0x40970
[kerneldiag] module PDB name: ntkrnlmp.pdb guid=D9424FC4-861E-47C1-0FAD1B35DEC6DCC8 age=1
    ^ [rsp+0x100] module base 0xFFFFF80056400000 RVA 0x5183B0
    ^ dumped 0x180 bytes (starting 0xFFFFF800569182B0, candidate at offset 0x100) to C:\Users\DELL\AppData\Local\Temp\claude\c--Users-DELL-OneDrive-Desktop-LocalHost-py\5bed7398-339c-497a-9383-821cf9d2769e\scratchpad\StackCand_0x100.bin
  [rsp+0x238] = 0xFFFFF800554E9300[kerneldiag] candidate address 0xFFFFF800554E9300 resolves to module base 0xFFFFF8005546D000 (+0x7C300 into it)
[kerneldiag] no debug directory RVA in this module's PE header
    ^ [rsp+0x238] module base 0xFFFFF8005546D000 RVA 0x7C300
    ^ dumped 0x180 bytes (starting 0xFFFFF800554E9200, candidate at offset 0x100) to C:\Users\DELL\AppData\Local\Temp\claude\c--Users-DELL-OneDrive-Desktop-LocalHost-py\5bed7398-339c-497a-9383-821cf9d2769e\scratchpad\StackCand_0x238.bin
  [rsp+0x248] = 0xFFFFFFFF80000003[kerneldiag] no PE header found scanning VA back from 0xFFFFFFFF80000003

  [rsp+0x250] = 0xFFFFF8005DC89D08[kerneldiag] candidate address 0xFFFFF8005DC89D08 resolves to module base 0xFFFFF8005D9F0000 (+0x299D08 into it)
[kerneldiag] debug directory: type=2 codeViewRva=0x2174
[kerneldiag] module PDB name: volume.pdb guid=AAF65608-ADE9-794A-A208A2E6534FF85E age=1
    ^ [rsp+0x250] module base 0xFFFFF8005D9F0000 RVA 0x299D08
    ^ dumped 0x180 bytes (starting 0xFFFFF8005DC89C08, candidate at offset 0x100) to C:\Users\DELL\AppData\Local\Temp\claude\c--Users-DELL-OneDrive-Desktop-LocalHost-py\5bed7398-339c-497a-9383-821cf9d2769e\scratchpad\StackCand_0x250.bin
  [rsp+0x258] = 0xFFFFF8005DC89508[kerneldiag] candidate address 0xFFFFF8005DC89508 resolves to module base 0xFFFFF8005D9F0000 (+0x299508 into it)
[kerneldiag] debug directory: type=2 codeViewRva=0x2174
[kerneldiag] module PDB name: volume.pdb guid=AAF65608-ADE9-794A-A208A2E6534FF85E age=1
    ^ [rsp+0x258] module base 0xFFFFF8005D9F0000 RVA 0x299508
    ^ dumped 0x180 bytes (starting 0xFFFFF8005DC89408, candidate at offset 0x100) to C:\Users\DELL\AppData\Local\Temp\claude\c--Users-DELL-OneDrive-Desktop-LocalHost-py\5bed7398-339c-497a-9383-821cf9d2769e\scratchpad\StackCand_0x258.bin
  [rsp+0x260] = 0xFFFFF8005DC89A40[kerneldiag] candidate address 0xFFFFF8005DC89A40 resolves to module base 0xFFFFF8005D9F0000 (+0x299A40 into it)
[kerneldiag] debug directory: type=2 codeViewRva=0x2174
[kerneldiag] module PDB name: volume.pdb guid=AAF65608-ADE9-794A-A208A2E6534FF85E age=1
    ^ [rsp+0x260] module base 0xFFFFF8005D9F0000 RVA 0x299A40
    ^ dumped 0x180 bytes (starting 0xFFFFF8005DC89940, candidate at offset 0x100) to C:\Users\DELL\AppData\Local\Temp\claude\c--Users-DELL-OneDrive-Desktop-LocalHost-py\5bed7398-339c-497a-9383-821cf9d2769e\scratchpad\StackCand_0x260.bin
  [rsp+0x268] = 0xFFFFF8005DC89540[kerneldiag] candidate address 0xFFFFF8005DC89540 resolves to module base 0xFFFFF8005D9F0000 (+0x299540 into it)
[kerneldiag] debug directory: type=2 codeViewRva=0x2174
[kerneldiag] module PDB name: volume.pdb guid=AAF65608-ADE9-794A-A208A2E6534FF85E age=1
    ^ [rsp+0x268] module base 0xFFFFF8005D9F0000 RVA 0x299540
    ^ dumped 0x180 bytes (starting 0xFFFFF8005DC89440, candidate at offset 0x100) to C:\Users\DELL\AppData\Local\Temp\claude\c--Users-DELL-OneDrive-Desktop-LocalHost-py\5bed7398-339c-497a-9383-821cf9d2769e\scratchpad\StackCand_0x268.bin
  [rsp+0x270] = 0xFFFFF800554E9180[kerneldiag] candidate address 0xFFFFF800554E9180 resolves to module base 0xFFFFF8005546D000 (+0x7C180 into it)
[kerneldiag] no debug directory RVA in this module's PE header
    ^ [rsp+0x270] module base 0xFFFFF8005546D000 RVA 0x7C180
    ^ dumped 0x180 bytes (starting 0xFFFFF800554E9080, candidate at offset 0x100) to C:\Users\DELL\AppData\Local\Temp\claude\c--Users-DELL-OneDrive-Desktop-LocalHost-py\5bed7398-339c-497a-9383-821cf9d2769e\scratchpad\StackCand_0x270.bin
  [rsp+0x278] = 0xFFFFF80056806E40[kerneldiag] candidate address 0xFFFFF80056806E40 resolves to module base 0xFFFFF80056400000 (+0x406E40 into it)
[kerneldiag] debug directory: type=2 codeViewRva=0x40970
[kerneldiag] module PDB name: ntkrnlmp.pdb guid=D9424FC4-861E-47C1-0FAD1B35DEC6DCC8 age=1
    ^ [rsp+0x278] module base 0xFFFFF80056400000 RVA 0x406E40
    ^ dumped 0x180 bytes (starting 0xFFFFF80056806D40, candidate at offset 0x100) to C:\Users\DELL\AppData\Local\Temp\claude\c--Users-DELL-OneDrive-Desktop-LocalHost-py\5bed7398-339c-497a-9383-821cf9d2769e\scratchpad\StackCand_0x278.bin
  [rsp+0x288] = 0xFFFFFFFFFFFFFFFD[kerneldiag] no PE header found scanning VA back from 0xFFFFFFFFFFFFFFFD

  [rsp+0x290] = 0xFFFFF80057201940[kerneldiag] candidate address 0xFFFFF80057201940 resolves to module base 0xFFFFF80056400000 (+0xE01940 into it)
[kerneldiag] debug directory: type=2 codeViewRva=0x40970
[kerneldiag] module PDB name: ntkrnlmp.pdb guid=D9424FC4-861E-47C1-0FAD1B35DEC6DCC8 age=1
    ^ [rsp+0x290] module base 0xFFFFF80056400000 RVA 0xE01940
    ^ dumped 0x180 bytes (starting 0xFFFFF80057201840, candidate at offset 0x100) to C:\Users\DELL\AppData\Local\Temp\claude\c--Users-DELL-OneDrive-Desktop-LocalHost-py\5bed7398-339c-497a-9383-821cf9d2769e\scratchpad\StackCand_0x290.bin
  [rsp+0x2A8] = 0xFFFFF8005DC89DB0[kerneldiag] candidate address 0xFFFFF8005DC89DB0 resolves to module base 0xFFFFF8005D9F0000 (+0x299DB0 into it)
[kerneldiag] debug directory: type=2 codeViewRva=0x2174
[kerneldiag] module PDB name: volume.pdb guid=AAF65608-ADE9-794A-A208A2E6534FF85E age=1
    ^ [rsp+0x2A8] module base 0xFFFFF8005D9F0000 RVA 0x299DB0
    ^ dumped 0x180 bytes (starting 0xFFFFF8005DC89CB0, candidate at offset 0x100) to C:\Users\DELL\AppData\Local\Temp\claude\c--Users-DELL-OneDrive-Desktop-LocalHost-py\5bed7398-339c-497a-9383-821cf9d2769e\scratchpad\StackCand_0x2A8.bin
  [rsp+0x2B8] = 0xFFFFF800567FD6F0[kerneldiag] candidate address 0xFFFFF800567FD6F0 resolves to module base 0xFFFFF80056400000 (+0x3FD6F0 into it)
[kerneldiag] debug directory: type=2 codeViewRva=0x40970
[kerneldiag] module PDB name: ntkrnlmp.pdb guid=D9424FC4-861E-47C1-0FAD1B35DEC6DCC8 age=1
    ^ [rsp+0x2B8] module base 0xFFFFF80056400000 RVA 0x3FD6F0
    ^ dumped 0x180 bytes (starting 0xFFFFF800567FD5F0, candidate at offset 0x100) to C:\Users\DELL\AppData\Local\Temp\claude\c--Users-DELL-OneDrive-Desktop-LocalHost-py\5bed7398-339c-497a-9383-821cf9d2769e\scratchpad\StackCand_0x2B8.bin
[watchdog] STALL #3 (exitCount=952556 unchanged for 6s): rip=0xFFFFF800568BE7FB rsp=0xFFFFF8005DC88D80 rax=0xFFFFF800568BE7D0 rcx=0xF rdx=0xF rbx=0x0 cr3=0x1AD002 cr8(irql)=0xF(HIGH_LEVEL)
[kerneldiag] spin-wait target value at tick 3 = 0xCCCCC35F20C48348
[kerneldiag] stack dump from rsp=0xFFFFF8005DC88D80 (cr3=0x1AD002):
  [rsp+0x00] = 0xFFFFF8005DC88E58
  [rsp+0x08] = 0xFFFFF800566AA11E
  [rsp+0x10] = 0xFFFFF8005DC89330
  [rsp+0x18] = 0xFFFFF800566AE633
  [rsp+0x20] = 0xFFFFF8005DC88EC0
  [rsp+0x30] = 0xFFFFF800554E9180
  [rsp+0x38] = 0xFFFFF80056917D8A
  [rsp+0x58] = 0xFFFFF8005DC89D08
  [rsp+0x60] = 0xFFFFF8005DC88E30
  [rsp+0x68] = 0xFFFFF8005684D05A
  [rsp+0x70] = 0xFFFFF8005DC89330
  [rsp+0x80] = 0xFFFFF8005DC8A020
  [rsp+0x98] = 0xFFFFF80057127A00
  [rsp+0xD0] = 0xFFFFF800554E9180
  [rsp+0xF0] = 0xFFFFFFFFFFFFFFFF
  [rsp+0xF8] = 0xFFFF800000000000
  [rsp+0x100] = 0xFFFFF800569183B0
[kerneldiag] KiBugCheckData: code=0x139 params=[0x3, 0xFFFFF8005DC74CB0, 0xFFFFF8005DC74C08, 0x0]
[kerneldiag] EXCEPTION_RECORD @0xFFFFF8005DC74C08: code=0xC0000409 address=0xFFFFF80056744214 numParams=1 info[0]=0x3 info[1]=0x0
[kerneldiag] candidate address 0xFFFFF80056744214 resolves to module base 0xFFFFF80056400000 (+0x344214 into it)
[kerneldiag] debug directory: type=2 codeViewRva=0x40970
[kerneldiag] module PDB name: ntkrnlmp.pdb guid=D9424FC4-861E-47C1-0FAD1B35DEC6DCC8 age=1
[kerneldiag] fast-fail site: module base 0xFFFFF80056400000, RVA 0x344214  <-- inside ntoskrnl.exe (real symbol resolvable offline)
[kerneldiag] dumped 0x200 bytes around fail site (starting RVA 0x344114, module base 0xFFFFF80056400000) to C:\Users\DELL\AppData\Local\Temp\claude\c--Users-DELL-OneDrive-Desktop-LocalHost-py\5bed7398-339c-497a-9383-821cf9d2769e\scratchpad\FailSite.bin
[kerneldiag] trap frame @0xFFFFF8005DC74CB0, ALL qwords:
  +0x000 = 0x0000000000000000
  +0x008 = 0x0000000000000000
  +0x010 = 0x0000000000000000
  +0x018 = 0x0000000000000000
  +0x020 = 0x0000000000000000
  +0x028 = 0x00001F8001000000
  +0x030 = 0x0000000000000000
  +0x038 = 0x0000000000000003
  +0x040 = 0x0000000000000000
  +0x048 = 0x0000000000000000
  +0x050 = 0x0000000000000008
  +0x058 = 0x0000000000000000
  +0x060 = 0x0000000000000000
  +0x068 = 0x0000000000000000
  +0x070 = 0x0000000000000000
  +0x078 = 0x0000000000000000
  +0x080 = 0x0000000000000000
  +0x088 = 0x0000000000000000
  +0x090 = 0x0056004500440042
  +0x098 = 0x003000300030005F
  +0x0A0 = 0x0045005200260031
  +0x0A8 = 0x00300030005F0056
  +0x0B0 = 0x0055002600310030
  +0x0B8 = 0x0030005F00440049
  +0x0C0 = 0x0000000000000001
  +0x0C8 = 0x0000000000000000
  +0x0D0 = 0x0000000000000000
  +0x0D8 = 0x0000000000000000
  +0x0E0 = 0x0000000000000000
  +0x0E8 = 0x0000000000000000
  +0x0F0 = 0x0000000000000000
  +0x0F8 = 0x0000000000000000
  +0x100 = 0x0000000000000000
  +0x108 = 0x0000000000000000
  +0x110 = 0x0000000000000000
  +0x118 = 0x0000000000000000
  +0x120 = 0xFFFFF80057128050  <-- canonical kernel pointer
      -> memory there: +0x00=0x0000000000000000 +0x08=0x0000000000000000
  +0x128 = 0xFFFFF8005664545E  <-- canonical kernel pointer
      -> memory there: +0x00=0x01000001E6838366 +0x08=0x000098C381481075
  +0x130 = 0xFFFFF80057127A00  <-- canonical kernel pointer
      -> memory there: +0x00=0x0000000000200006 +0x08=0xFFFFF80057127A08
  +0x138 = 0x0000000000000010
  +0x140 = 0x0000000000000000
  +0x148 = 0x0000000000000000
  +0x150 = 0x0000000000000000
  +0x158 = 0x0000000000000000
  +0x160 = 0x0000000000000000
  +0x168 = 0xFFFFF80056744214  <-- canonical kernel pointer
      -> memory there: +0x00=0xCCCCCCCCCCCC29CD +0x08=0x6C894808245C8948
  +0x170 = 0x0000000000000010
  +0x178 = 0x0000000000000286
  +0x180 = 0xFFFFF8005DC74E48  <-- canonical kernel pointer
      -> memory there: +0x00=0xFFFFF80056743B64 +0x08=0x0000000000000018
  +0x188 = 0x0000000000000000
  +0x190 = 0x0000000000000000
  +0x198 = 0xFFFFF80056743B64  <-- canonical kernel pointer
      -> memory there: +0x00=0x481874ED85F88B4C +0x08=0x8BFFEEFA0DE8CE8B
  +0x1A0 = 0x0000000000000018
  +0x1A8 = 0x0000000000000000
  +0x1B0 = 0xFFFFFFFFFFFFFFFF  <-- canonical kernel pointer
  +0x1B8 = 0x0000000000000001
  +0x1C0 = 0x0000000000000000
  +0x1C8 = 0xFFFFF8005669F612  <-- canonical kernel pointer
      -> memory there: +0x00=0xCCCCCCCCDFEBFFB0 +0x08=0x8944CCCCCCCCCCCC
  +0x1D0 = 0x0000000000000000
  +0x1D8 = 0x0000000000000010
  +0x1E0 = 0x0000000000000001
  +0x1E8 = 0x0000000000000000
  +0x1F0 = 0xFFFFF8005DC74FB0  <-- canonical kernel pointer
      -> memory there: +0x00=0xFFFFF8005DC75130 +0x08=0x0000000000000B80
  +0x1F8 = 0xFFFFF800566382C6  <-- canonical kernel pointer
      -> memory there: +0x00=0x1C75C08548F88B48 +0x08=0x48CD8B4970458B44
[kerneldiag] memory at param2 (0xFFFFF8005DC74CB0):
  +0x00: 00 00 00 00 00 00 00 00 00 00 00 00 00 00 00 00  ................
  +0x10: 00 00 00 00 00 00 00 00 00 00 00 00 00 00 00 00  ................
  +0x20: 00 00 00 00 00 00 00 00 00 00 00 01 80 1F 00 00  ................
  +0x30: 00 00 00 00 00 00 00 00 03 00 00 00 00 00 00 00  ................
  +0x40: 00 00 00 00 00 00 00 00 00 00 00 00 00 00 00 00  ................
  +0x50: 08 00 00 00 00 00 00 00 00 00 00 00 00 00 00 00  ................
  +0x60: 00 00 00 00 00 00 00 00 00 00 00 00 00 00 00 00  ................
  +0x70: 00 00 00 00 00 00 00 00 00 00 00 00 00 00 00 00  ................
  +0x80: 00 00 00 00 00 00 00 00 00 00 00 00 00 00 00 00  ................
  +0x90: 42 00 44 00 45 00 56 00 5F 00 30 00 30 00 30 00  B.D.E.V._.0.0.0.
  +0xA0: 31 00 26 00 52 00 45 00 56 00 5F 00 30 00 30 00  1.&.R.E.V._.0.0.
  +0xB0: 30 00 31 00 26 00 55 00 49 00 44 00 5F 00 30 00  0.1.&.U.I.D._.0.
  +0xC0: 01 00 00 00 00 00 00 00 00 00 00 00 00 00 00 00  ................
  +0xD0: 00 00 00 00 00 00 00 00 00 00 00 00 00 00 00 00  ................
  +0xE0: 00 00 00 00 00 00 00 00 00 00 00 00 00 00 00 00  ................
  +0xF0: 00 00 00 00 00 00 00 00 00 00 00 00 00 00 00 00  ................
  +0x100: 00 00 00 00 00 00 00 00 00 00 00 00 00 00 00 00  ................
  +0x110: 00 00 00 00 00 00 00 00 00 00 00 00 00 00 00 00  ................
[kerneldiag] descriptor+0xB8 = 0x49 -- bit2 (HalpTimerInitialize succeeded) is clear
[kerneldiag] descriptor+0x120 (remap-info pointer) = 0x1D2B85000004D
[kerneldiag] failed to read remap-info at 0x1D2B85000004D
[kerneldiag] HalpWatchdogTimer = 0x0
[kerneldiag] HalpTimerLastProblem=0x19 setter scan complete: 0 hit(s)
[kerneldiag] dumped HalpInterruptSetLineState_ColdPath (1280 bytes) to C:\Users\DELL\AppData\Local\Temp\claude\c--Users-DELL-OneDrive-Desktop-LocalHost-py\5bed7398-339c-497a-9383-821cf9d2769e\scratchpad\HalpInterruptSetLineState_ColdPath.bin
[kerneldiag] dumped HalpInterruptSetLineStateInternal (1024 bytes) to C:\Users\DELL\AppData\Local\Temp\claude\c--Users-DELL-OneDrive-Desktop-LocalHost-py\5bed7398-339c-497a-9383-821cf9d2769e\scratchpad\HalpInterruptSetLineStateInternal.bin
[kerneldiag] dumped HalpInterruptLookupController (768 bytes) to C:\Users\DELL\AppData\Local\Temp\claude\c--Users-DELL-OneDrive-Desktop-LocalHost-py\5bed7398-339c-497a-9383-821cf9d2769e\scratchpad\HalpInterruptLookupController.bin
[kerneldiag] dumped HalpApicSetLineState_ColdPath (1024 bytes) to C:\Users\DELL\AppData\Local\Temp\claude\c--Users-DELL-OneDrive-Desktop-LocalHost-py\5bed7398-339c-497a-9383-821cf9d2769e\scratchpad\HalpApicSetLineState_ColdPath.bin
[kerneldiag] dumped HalpInterruptSetLineStateInternal_ColdPath (256 bytes) to C:\Users\DELL\AppData\Local\Temp\claude\c--Users-DELL-OneDrive-Desktop-LocalHost-py\5bed7398-339c-497a-9383-821cf9d2769e\scratchpad\HalpInterruptSetLineStateInternal_ColdPath.bin
[kerneldiag] dumped HalpTimerInitializeClock_HotPath (1024 bytes) to C:\Users\DELL\AppData\Local\Temp\claude\c--Users-DELL-OneDrive-Desktop-LocalHost-py\5bed7398-339c-497a-9383-821cf9d2769e\scratchpad\HalpTimerInitializeClock_HotPath.bin
[kerneldiag] HalpInterruptControllerList head @0xFFFFF8005704B910: Flink=0xFFFFF7EEC0001340 Blink=0xFFFFF7EEC0001930 -- MORE THAN ONE controller registered, walking all entries
[kerneldiag] controller[0] @0xFFFFF7EEC0001340: +0xE8(id)=0x1 +0xDC(flags)=0xFF +0x10(self)=0xFFFFF7EEC00014A0 +0x70(callback)=0xFFFFF8005677D580
[kerneldiag] controller[0] +0x100 (routing-candidate list) @0xFFFFF7EEC0001440: Flink=0xFFFFF7EEC0007540 Blink=0xFFFFF7EEC0007540 -- has entries
[kerneldiag] controller[0] candidate[0] @0xFFFFF7EEC0007540: +0x10(dest)=0xFFFFFFFF +0x14(prioLo)=0x1 +0x18(prioHi)=0x7
[kerneldiag] controller[0] callback RVA = 0x37D580 (in-module)
[kerneldiag] dumped controller[0] callback (1024 bytes from live pointer 0xFFFFF8005677D580) to C:\Users\DELL\AppData\Local\Temp\claude\c--Users-DELL-OneDrive-Desktop-LocalHost-py\5bed7398-339c-497a-9383-821cf9d2769e\scratchpad\InterruptControllerCallback_0.bin
[kerneldiag] controller[1] @0xFFFFF7EEC0001568: +0xE8(id)=0x2 +0xDC(flags)=0xFF +0x10(self)=0xFFFFF7EEC00016C8 +0x70(callback)=0xFFFFF8005677D580
[kerneldiag] controller[1] +0x100 (routing-candidate list) @0xFFFFF7EEC0001668: Flink=0xFFFFF7EEC000A2A8 Blink=0xFFFFF7EEC000A2A8 -- has entries
[kerneldiag] controller[1] candidate[0] @0xFFFFF7EEC000A2A8: +0x10(dest)=0xFFFFFFFF +0x14(prioLo)=0x1 +0x18(prioHi)=0x7
[kerneldiag] controller[1] callback RVA = 0x37D580 (in-module)
[kerneldiag] controller[1] callback matches an already-dumped one, skipping
[kerneldiag] controller[2] @0xFFFFF7EEC0001760: +0xE8(id)=0xB000 +0xDC(flags)=0x0 +0x10(self)=0xFFFFF7EEC00018C0 +0x70(callback)=0xFFFFF800568DD370
[kerneldiag] controller[2] +0x100 (routing-candidate list) @0xFFFFF7EEC0001860: Flink=0xFFFFF7EEC0001B00 Blink=0xFFFFF7EEC0001B00 -- has entries
[kerneldiag] controller[2] candidate[0] @0xFFFFF7EEC0001B00: +0x10(dest)=0xFFFFFFFF +0x14(prioLo)=0x1 +0x18(prioHi)=0x2
[kerneldiag] controller[2] callback RVA = 0x4DD370 (in-module)
[kerneldiag] dumped controller[2] callback (1024 bytes from live pointer 0xFFFFF800568DD370) to C:\Users\DELL\AppData\Local\Temp\claude\c--Users-DELL-OneDrive-Desktop-LocalHost-py\5bed7398-339c-497a-9383-821cf9d2769e\scratchpad\InterruptControllerCallback_2.bin
[kerneldiag] controller[3] @0xFFFFF7EEC0001930: +0xE8(id)=0xB001 +0xDC(flags)=0x0 +0x10(self)=0xFFFFF7EEC0001A90 +0x70(callback)=0xFFFFF800568DD370
[kerneldiag] controller[3] +0x100 (routing-candidate list) @0xFFFFF7EEC0001A30: Flink=0xFFFFF7EEC0001E38 Blink=0xFFFFF7EEC0001E38 -- has entries
[kerneldiag] controller[3] candidate[0] @0xFFFFF7EEC0001E38: +0x10(dest)=0xB000 +0x14(prioLo)=0x2 +0x18(prioHi)=0x3
[kerneldiag] controller[3] callback RVA = 0x4DD370 (in-module)
[kerneldiag] controller[3] callback matches an already-dumped one, skipping
