[net] backend initialized
Detected Fixed VHD footer -- excluding it from disk geometry
Attached disk C:\VHDs\win10_installer.vhd (16777216 sectors of 512 bytes)
[cpuid] measured host TSC frequency: 1896006705 Hz
[cpuid] leaf 1 override: host EBX=0x05100800 EDX=0xBFEBFBFF -> guest EBX=0x00010800 EDX=0xAFEBFBFF
Loaded 4194304 bytes of UEFI firmware C:\Users\DELL\Downloads\RELEASEX64_OVMF.fd
Mapped UEFI firmware at 0xFFC00000-0xFFFFFFFF, entering run loop
[kd] named pipe \\.\pipe\LocalHostKD ready -- attach WinDbg with -k com:pipe,port=\\.\pipe\LocalHostKD,resets=0,reconnect (COM2, ports 0x2F8-0x2FF)
[kd-reader] outer loop #1: calling ConnectNamedPipe
[pcicfg #1] bus=0 dev=0 func=0 off=0x02 size=2 write=0 val=0x1237 cfg=present
[pcicfg #2] bus=0 dev=1 func=3 off=0x80 size=1 write=0 val=0x0 cfg=present
[pcicfg #3] bus=0 dev=1 func=3 off=0x40 size=4 write=0 val=0x0 cfg=present
[pcicfg #4] bus=0 dev=1 func=3 off=0x40 size=4 write=1 val=0xB000 cfg=present
[pcicfg #5] bus=0 dev=1 func=3 off=0x80 size=1 write=0 val=0x0 cfg=present
[pcicfg #6] bus=0 dev=1 func=3 off=0x80 size=1 write=1 val=0x1 cfg=present
[pcicfg #7] bus=0 dev=0 func=0 off=0x02 size=2 write=0 val=0x1237 cfg=present
[pcicfg #8] bus=0 dev=1 func=3 off=0x80 size=1 write=0 val=0x1 cfg=present
[pcicfg #9] bus=0 dev=1 func=3 off=0x40 size=4 write=0 val=0xB000 cfg=present
[pcicfg #10] bus=0 dev=0 func=0 off=0x02 size=2 write=0 val=0x1237 cfg=present
[pcicfg #11] bus=0 dev=1 func=3 off=0x80 size=1 write=0 val=0x1 cfg=present
[pcicfg #12] bus=0 dev=1 func=3 off=0x40 size=4 write=0 val=0xB000 cfg=present
[pcicfg #13] bus=0 dev=0 func=0 off=0x02 size=2 write=0 val=0x1237 cfg=present
[pcicfg #14] bus=0 dev=1 func=3 off=0x80 size=1 write=0 val=0x1 cfg=present
[pcicfg #15] bus=0 dev=1 func=3 off=0x40 size=4 write=0 val=0xB000 cfg=present
[pcicfg #16] bus=0 dev=0 func=0 off=0x02 size=2 write=0 val=0x1237 cfg=present
[pcicfg #17] bus=0 dev=1 func=3 off=0x80 size=1 write=0 val=0x1 cfg=present
[pcicfg #18] bus=0 dev=1 func=3 off=0x40 size=4 write=0 val=0xB000 cfg=present
[fwcfg] select #1: selector=0x0
[fwcfg] read #1: selector=0x0 offset=0 dataLen=4 stringOp=1 rep=1
[fwcfg] select #2: selector=0x1
[fwcfg] read #2: selector=0x1 offset=0 dataLen=4 stringOp=1 rep=1
[fwcfg] select #3: selector=0x19
[fwcfg] read #3: selector=0x19 offset=0 dataLen=260 stringOp=1 rep=1
[fwcfg] select #4: selector=0x19
[fwcfg] read #4: selector=0x19 offset=0 dataLen=260 stringOp=1 rep=1
[fwcfg] read #5: selector=0x19 offset=4 dataLen=260 stringOp=1 rep=1
[fwcfg] read #6: selector=0x19 offset=8 dataLen=260 stringOp=1 rep=1
[fwcfg] read #7: selector=0x19 offset=10 dataLen=260 stringOp=1 rep=1
[fwcfg] read #8: selector=0x19 offset=12 dataLen=260 stringOp=1 rep=1
[fwcfg] read #9: selector=0x19 offset=68 dataLen=260 stringOp=1 rep=1
[fwcfg] read #10: selector=0x19 offset=72 dataLen=260 stringOp=1 rep=1
[fwcfg] read #11: selector=0x19 offset=74 dataLen=260 stringOp=1 rep=1
[fwcfg] read #12: selector=0x19 offset=76 dataLen=260 stringOp=1 rep=1
[fwcfg] read #13: selector=0x19 offset=132 dataLen=260 stringOp=1 rep=1
[fwcfg] read #14: selector=0x19 offset=136 dataLen=260 stringOp=1 rep=1
[fwcfg] read #15: selector=0x19 offset=138 dataLen=260 stringOp=1 rep=1
[fwcfg] read #16: selector=0x19 offset=140 dataLen=260 stringOp=1 rep=1
[fwcfg] read #17: selector=0x19 offset=196 dataLen=260 stringOp=1 rep=1
[fwcfg] read #18: selector=0x19 offset=200 dataLen=260 stringOp=1 rep=1
[fwcfg] read #19: selector=0x19 offset=202 dataLen=260 stringOp=1 rep=1
[fwcfg] read #20: selector=0x19 offset=204 dataLen=260 stringOp=1 rep=1
[fwcfg] select #5: selector=0x19
[fwcfg] read #21: selector=0x19 offset=0 dataLen=260 stringOp=1 rep=1
[fwcfg] read #22: selector=0x19 offset=4 dataLen=260 stringOp=1 rep=1
[fwcfg] read #23: selector=0x19 offset=8 dataLen=260 stringOp=1 rep=1
[fwcfg] read #24: selector=0x19 offset=10 dataLen=260 stringOp=1 rep=1
[fwcfg] read #25: selector=0x19 offset=12 dataLen=260 stringOp=1 rep=1
[fwcfg] read #26: selector=0x19 offset=68 dataLen=260 stringOp=1 rep=1
[fwcfg] read #27: selector=0x19 offset=72 dataLen=260 stringOp=1 rep=1
[fwcfg] read #28: selector=0x19 offset=74 dataLen=260 stringOp=1 rep=1
[fwcfg] read #29: selector=0x19 offset=76 dataLen=260 stringOp=1 rep=1
[fwcfg] read #30: selector=0x19 offset=132 dataLen=260 stringOp=1 rep=1
[fwcfg] read #31: selector=0x19 offset=136 dataLen=260 stringOp=1 rep=1
[fwcfg] read #32: selector=0x19 offset=138 dataLen=260 stringOp=1 rep=1
[fwcfg] read #33: selector=0x19 offset=140 dataLen=260 stringOp=1 rep=1
[fwcfg] read #34: selector=0x19 offset=196 dataLen=260 stringOp=1 rep=1
[fwcfg] read #35: selector=0x19 offset=200 dataLen=260 stringOp=1 rep=1
[fwcfg] read #36: selector=0x19 offset=202 dataLen=260 stringOp=1 rep=1
[fwcfg] read #37: selector=0x19 offset=204 dataLen=260 stringOp=1 rep=1
[fwcfg] select #6: selector=0x19
[fwcfg] read #38: selector=0x19 offset=0 dataLen=260 stringOp=1 rep=1
[fwcfg] read #39: selector=0x19 offset=4 dataLen=260 stringOp=1 rep=1
[fwcfg] read #40: selector=0x19 offset=8 dataLen=260 stringOp=1 rep=1
[fwcfg] read #41: selector=0x19 offset=10 dataLen=260 stringOp=1 rep=1
[fwcfg] read #42: selector=0x19 offset=12 dataLen=260 stringOp=1 rep=1
[fwcfg] read #43: selector=0x19 offset=68 dataLen=260 stringOp=1 rep=1
[fwcfg] read #44: selector=0x19 offset=72 dataLen=260 stringOp=1 rep=1
[fwcfg] read #45: selector=0x19 offset=74 dataLen=260 stringOp=1 rep=1
[fwcfg] read #46: selector=0x19 offset=76 dataLen=260 stringOp=1 rep=1
[fwcfg] read #47: selector=0x19 offset=132 dataLen=260 stringOp=1 rep=1
[fwcfg] read #48: selector=0x19 offset=136 dataLen=260 stringOp=1 rep=1
[fwcfg] read #49: selector=0x19 offset=138 dataLen=260 stringOp=1 rep=1
[fwcfg] read #50: selector=0x19 offset=140 dataLen=260 stringOp=1 rep=1
[fwcfg] read #51: selector=0x19 offset=196 dataLen=260 stringOp=1 rep=1
[fwcfg] read #52: selector=0x19 offset=200 dataLen=260 stringOp=1 rep=1
[fwcfg] read #53: selector=0x19 offset=202 dataLen=260 stringOp=1 rep=1
[fwcfg] read #54: selector=0x19 offset=204 dataLen=260 stringOp=1 rep=1
[fwcfg] select #7: selector=0x19
[fwcfg] read #55: selector=0x19 offset=0 dataLen=260 stringOp=1 rep=1
[fwcfg] read #56: selector=0x19 offset=4 dataLen=260 stringOp=1 rep=1
[fwcfg] read #57: selector=0x19 offset=8 dataLen=260 stringOp=1 rep=1
[fwcfg] read #58: selector=0x19 offset=10 dataLen=260 stringOp=1 rep=1
[fwcfg] read #59: selector=0x19 offset=12 dataLen=260 stringOp=1 rep=1
[fwcfg] read #60: selector=0x19 offset=68 dataLen=260 stringOp=1 rep=1
[fwcfg] select #8: selector=0x19
[fwcfg] select #9: selector=0x19
[fwcfg] select #10: selector=0x19
[fwcfg] select #11: selector=0x0
[fwcfg] select #12: selector=0x1
[fwcfg] select #13: selector=0x19
[fwcfg] select #14: selector=0xE
[pcicfg #19] bus=0 dev=0 func=0 off=0x02 size=2 write=0 val=0x1237 cfg=present
[fwcfg] select #15: selector=0x5
[pcicfg #20] bus=0 dev=1 func=3 off=0x80 size=1 write=0 val=0x1 cfg=present
[pcicfg #21] bus=0 dev=0 func=0 off=0x02 size=2 write=0 val=0x1237 cfg=present
[pcicfg #22] bus=0 dev=1 func=3 off=0x80 size=1 write=0 val=0x1 cfg=present
[pcicfg #23] bus=0 dev=1 func=3 off=0x40 size=4 write=0 val=0xB000 cfg=present
[pcicfg #24] bus=0 dev=0 func=0 off=0x02 size=2 write=0 val=0x1237 cfg=present
[pcicfg #25] bus=0 dev=1 func=3 off=0x80 size=1 write=0 val=0x1 cfg=present
[pcicfg #26] bus=0 dev=1 func=3 off=0x40 size=4 write=0 val=0xB000 cfg=present
[pcicfg #27] bus=0 dev=0 func=0 off=0x02 size=2 write=0 val=0x1237 cfg=present
[pcicfg #28] bus=0 dev=1 func=3 off=0x80 size=1 write=0 val=0x1 cfg=present
[pcicfg #29] bus=0 dev=1 func=3 off=0x40 size=4 write=0 val=0xB000 cfg=present
[pcicfg #30] bus=0 dev=0 func=0 off=0x02 size=2 write=0 val=0x1237 cfg=present
[pcicfg #31] bus=0 dev=1 func=3 off=0x80 size=1 write=0 val=0x1 cfg=present
[pcicfg #32] bus=0 dev=1 func=3 off=0x40 size=4 write=0 val=0xB000 cfg=present
[pcicfg #33] bus=0 dev=0 func=0 off=0x02 size=2 write=0 val=0x1237 cfg=present
[pcicfg #34] bus=0 dev=1 func=3 off=0x80 size=1 write=0 val=0x1 cfg=present
[pcicfg #35] bus=0 dev=1 func=3 off=0x40 size=4 write=0 val=0xB000 cfg=present
[pcicfg #36] bus=0 dev=1 func=3 off=0x40 size=4 write=0 val=0xB000 cfg=present
[pcicfg #37] bus=0 dev=1 func=3 off=0x40 size=4 write=0 val=0xB000 cfg=present
[pcicfg #38] bus=0 dev=1 func=3 off=0x40 size=4 write=0 val=0xB000 cfg=present
[pcicfg #39] bus=0 dev=1 func=3 off=0x40 size=4 write=0 val=0xB000 cfg=present
[pcicfg #40] bus=0 dev=1 func=3 off=0x40 size=4 write=0 val=0xB000 cfg=present
[pcicfg #41] bus=0 dev=1 func=3 off=0x40 size=4 write=0 val=0xB000 cfg=present
[pcicfg #42] bus=0 dev=1 func=3 off=0x40 size=4 write=0 val=0xB000 cfg=present
[pcicfg #43] bus=0 dev=1 func=3 off=0x40 size=4 write=0 val=0xB000 cfg=present
[pcicfg #44] bus=0 dev=1 func=3 off=0x40 size=4 write=0 val=0xB000 cfg=present
[pcicfg #45] bus=0 dev=1 func=3 off=0x40 size=4 write=0 val=0xB000 cfg=present
[pcicfg #46] bus=0 dev=1 func=3 off=0x40 size=4 write=0 val=0xB000 cfg=present
[pcicfg #47] bus=0 dev=1 func=3 off=0x40 size=4 write=0 val=0xB000 cfg=present
[pcicfg #48] bus=0 dev=1 func=3 off=0x40 size=4 write=0 val=0xB000 cfg=present
[pcicfg #49] bus=0 dev=1 func=3 off=0x40 size=4 write=0 val=0xB000 cfg=present
[fwcfg] select #16: selector=0x23
[ramfb] configured: address=0xBE500000 800x600 stride=3200
[pcicfg #50] bus=0 dev=1 func=3 off=0x40 size=4 write=0 val=0xB000 cfg=present
[pcicfg #51] bus=0 dev=1 func=3 off=0x40 size=4 write=0 val=0xB000 cfg=present
[cmos-ab] write reg=0x0A value=0x26 (RegA=0x26 RegB=0x06, PIE=0)
[cmos-ab] write reg=0x0B value=0x02 (RegA=0x26 RegB=0x02, PIE=0)
[cmos-ab] write reg=0x0B value=0x82 (RegA=0x26 RegB=0x82, PIE=0)
[cmos-ab] write reg=0x0A value=0x76 (RegA=0x76 RegB=0x82, PIE=0)
[cmos-ab] write reg=0x0B value=0x02 (RegA=0x76 RegB=0x02, PIE=0)
[cmos-ab] write reg=0x0A value=0x26 (RegA=0x26 RegB=0x02, PIE=0)
[pcicfg #52] bus=0 dev=1 func=3 off=0x40 size=4 write=0 val=0xB000 cfg=present
[fwcfg] select #17: selector=0x17
[fwcfg] select #18: selector=0x8
[fwcfg] select #19: selector=0xB
[fwcfg] select #20: selector=0x14
[pcicfg #53] bus=0 dev=1 func=3 off=0x40 size=4 write=0 val=0xB000 cfg=present
[pcicfg #54] bus=0 dev=1 func=3 off=0x40 size=4 write=0 val=0xB000 cfg=present
[pcicfg #55] bus=0 dev=1 func=3 off=0x40 size=4 write=0 val=0xB000 cfg=present
[pcicfg #56] bus=0 dev=1 func=3 off=0x40 size=4 write=0 val=0xB000 cfg=present
[pcicfg #57] bus=0 dev=1 func=3 off=0x40 size=4 write=0 val=0xB000 cfg=present
[pcicfg #58] bus=0 dev=1 func=3 off=0x40 size=4 write=0 val=0xB000 cfg=present
[pcicfg #59] bus=0 dev=1 func=3 off=0x40 size=4 write=0 val=0xB000 cfg=present
[pcicfg #60] bus=0 dev=0 func=0 off=0x00 size=4 write=0 val=0x12378086 cfg=present
[pcicfg #61] bus=0 dev=0 func=0 off=0x00 size=4 write=0 val=0x12378086 cfg=present
[pcicfg #62] bus=0 dev=0 func=0 off=0x04 size=4 write=0 val=0x0 cfg=present
[pcicfg #63] bus=0 dev=0 func=0 off=0x08 size=4 write=0 val=0x6000002 cfg=present
[pcicfg #64] bus=0 dev=0 func=0 off=0x0C size=4 write=0 val=0x0 cfg=present
[pcicfg #65] bus=0 dev=0 func=0 off=0x10 size=4 write=0 val=0x0 cfg=present
[pcicfg #66] bus=0 dev=0 func=0 off=0x14 size=4 write=0 val=0x0 cfg=present
[pcicfg #67] bus=0 dev=0 func=0 off=0x18 size=4 write=0 val=0x0 cfg=present
[pcicfg #68] bus=0 dev=0 func=0 off=0x1C size=4 write=0 val=0x0 cfg=present
[pcicfg #69] bus=0 dev=0 func=0 off=0x20 size=4 write=0 val=0x0 cfg=present
[pcicfg #70] bus=0 dev=0 func=0 off=0x24 size=4 write=0 val=0x0 cfg=present
[pcicfg #71] bus=0 dev=0 func=0 off=0x28 size=4 write=0 val=0x0 cfg=present
[pcicfg #72] bus=0 dev=0 func=0 off=0x2C size=4 write=0 val=0x0 cfg=present
[pcicfg #73] bus=0 dev=0 func=0 off=0x30 size=4 write=0 val=0x0 cfg=present
[pcicfg #74] bus=0 dev=0 func=0 off=0x34 size=4 write=0 val=0x0 cfg=present
[pcicfg #75] bus=0 dev=0 func=0 off=0x38 size=4 write=0 val=0x0 cfg=present
[pcicfg #76] bus=0 dev=0 func=0 off=0x3C size=4 write=0 val=0x0 cfg=present
[pcicfg #77] bus=0 dev=1 func=0 off=0x00 size=4 write=0 val=0x70008086 cfg=present
[pcicfg #78] bus=0 dev=1 func=0 off=0x00 size=4 write=0 val=0x70008086 cfg=present
[pcicfg #79] bus=0 dev=1 func=0 off=0x04 size=4 write=0 val=0x0 cfg=present
[pcicfg #80] bus=0 dev=1 func=0 off=0x08 size=4 write=0 val=0x6010000 cfg=present
[pcicfg #81] bus=0 dev=1 func=0 off=0x0C size=4 write=0 val=0x800000 cfg=present
[pcicfg #82] bus=0 dev=1 func=0 off=0x10 size=4 write=0 val=0x0 cfg=present
[pcicfg #83] bus=0 dev=1 func=0 off=0x14 size=4 write=0 val=0x0 cfg=present
[pcicfg #84] bus=0 dev=1 func=0 off=0x18 size=4 write=0 val=0x0 cfg=present
[pcicfg #85] bus=0 dev=1 func=0 off=0x1C size=4 write=0 val=0x0 cfg=present
[pcicfg #86] bus=0 dev=1 func=0 off=0x20 size=4 write=0 val=0x0 cfg=present
[pcicfg #87] bus=0 dev=1 func=0 off=0x24 size=4 write=0 val=0x0 cfg=present
[pcicfg #88] bus=0 dev=1 func=0 off=0x28 size=4 write=0 val=0x0 cfg=present
[pcicfg #89] bus=0 dev=1 func=0 off=0x2C size=4 write=0 val=0x0 cfg=present
[pcicfg #90] bus=0 dev=1 func=0 off=0x30 size=4 write=0 val=0x0 cfg=present
[pcicfg #91] bus=0 dev=1 func=0 off=0x34 size=4 write=0 val=0x0 cfg=present
[pcicfg #92] bus=0 dev=1 func=0 off=0x38 size=4 write=0 val=0x0 cfg=present
[pcicfg #93] bus=0 dev=1 func=0 off=0x3C size=4 write=0 val=0x0 cfg=present
[pcicfg #94] bus=0 dev=1 func=1 off=0x00 size=4 write=0 val=0xFFFFFFFF cfg=absent
[pcicfg #95] bus=0 dev=1 func=2 off=0x00 size=4 write=0 val=0xFFFFFFFF cfg=absent
[pcicfg #96] bus=0 dev=1 func=3 off=0x00 size=4 write=0 val=0x71138086 cfg=present
[pcicfg #97] bus=0 dev=1 func=3 off=0x00 size=4 write=0 val=0x71138086 cfg=present
[pcicfg #98] bus=0 dev=1 func=3 off=0x04 size=4 write=0 val=0x0 cfg=present
[pcicfg #99] bus=0 dev=1 func=3 off=0x08 size=4 write=0 val=0x6800000 cfg=present
[pcicfg #100] bus=0 dev=1 func=3 off=0x0C size=4 write=0 val=0x0 cfg=present
[pcicfg #101] bus=0 dev=1 func=3 off=0x10 size=4 write=0 val=0x0 cfg=present
[pcicfg #102] bus=0 dev=1 func=3 off=0x14 size=4 write=0 val=0x0 cfg=present
[pcicfg #103] bus=0 dev=1 func=3 off=0x18 size=4 write=0 val=0x0 cfg=present
[pcicfg #104] bus=0 dev=1 func=3 off=0x1C size=4 write=0 val=0x0 cfg=present
[pcicfg #105] bus=0 dev=1 func=3 off=0x20 size=4 write=0 val=0x0 cfg=present
[pcicfg #106] bus=0 dev=1 func=3 off=0x24 size=4 write=0 val=0x0 cfg=present
[pcicfg #107] bus=0 dev=1 func=3 off=0x28 size=4 write=0 val=0x0 cfg=present
[pcicfg #108] bus=0 dev=1 func=3 off=0x2C size=4 write=0 val=0x0 cfg=present
[pcicfg #109] bus=0 dev=1 func=3 off=0x30 size=4 write=0 val=0x0 cfg=present
[pcicfg #110] bus=0 dev=1 func=3 off=0x34 size=4 write=0 val=0x0 cfg=present
[pcicfg #111] bus=0 dev=1 func=3 off=0x38 size=4 write=0 val=0x0 cfg=present
[pcicfg #112] bus=0 dev=1 func=3 off=0x3C size=4 write=0 val=0x0 cfg=present
[pcicfg #113] bus=0 dev=1 func=4 off=0x00 size=4 write=0 val=0xFFFFFFFF cfg=absent
[pcicfg #114] bus=0 dev=1 func=5 off=0x00 size=4 write=0 val=0xFFFFFFFF cfg=absent
[pcicfg #115] bus=0 dev=1 func=6 off=0x00 size=4 write=0 val=0xFFFFFFFF cfg=absent
[pcicfg #116] bus=0 dev=1 func=7 off=0x00 size=4 write=0 val=0xFFFFFFFF cfg=absent
[pcicfg #117] bus=0 dev=2 func=0 off=0x00 size=4 write=0 val=0x29228086 cfg=present
[pcicfg #118] bus=0 dev=2 func=0 off=0x00 size=4 write=0 val=0x29228086 cfg=present
[pcicfg #119] bus=0 dev=2 func=0 off=0x04 size=4 write=0 val=0x0 cfg=present
[pcicfg #120] bus=0 dev=2 func=0 off=0x08 size=4 write=0 val=0x1060102 cfg=present
[pcicfg #121] bus=0 dev=2 func=0 off=0x0C size=4 write=0 val=0x0 cfg=present
[pcicfg #122] bus=0 dev=2 func=0 off=0x10 size=4 write=0 val=0x0 cfg=present
[pcicfg #123] bus=0 dev=2 func=0 off=0x14 size=4 write=0 val=0x0 cfg=present
[pcicfg #124] bus=0 dev=2 func=0 off=0x18 size=4 write=0 val=0x0 cfg=present
[pcicfg #125] bus=0 dev=2 func=0 off=0x1C size=4 write=0 val=0x0 cfg=present
[pcicfg #126] bus=0 dev=2 func=0 off=0x20 size=4 write=0 val=0x0 cfg=present
[pcicfg #127] bus=0 dev=2 func=0 off=0x24 size=4 write=0 val=0x0 cfg=present
[pcicfg #128] bus=0 dev=2 func=0 off=0x28 size=4 write=0 val=0x0 cfg=present
[pcicfg #129] bus=0 dev=2 func=0 off=0x2C size=4 write=0 val=0x0 cfg=present
[pcicfg #130] bus=0 dev=2 func=0 off=0x30 size=4 write=0 val=0x0 cfg=present
[pcicfg #131] bus=0 dev=2 func=0 off=0x34 size=4 write=0 val=0x0 cfg=present
[pcicfg #132] bus=0 dev=2 func=0 off=0x38 size=4 write=0 val=0x0 cfg=present
[pcicfg #133] bus=0 dev=2 func=0 off=0x3C size=4 write=0 val=0x0 cfg=present
[pcicfg #134] bus=0 dev=3 func=0 off=0x00 size=4 write=0 val=0x813910EC cfg=present
[pcicfg #135] bus=0 dev=3 func=0 off=0x00 size=4 write=0 val=0x813910EC cfg=present
[pcicfg #136] bus=0 dev=3 func=0 off=0x04 size=4 write=0 val=0x0 cfg=present
[pcicfg #137] bus=0 dev=3 func=0 off=0x08 size=4 write=0 val=0x2000010 cfg=present
[pcicfg #138] bus=0 dev=3 func=0 off=0x0C size=4 write=0 val=0x0 cfg=present
[pcicfg #139] bus=0 dev=3 func=0 off=0x10 size=4 write=0 val=0x0 cfg=present
[pcicfg #140] bus=0 dev=3 func=0 off=0x14 size=4 write=0 val=0x0 cfg=present
[pcicfg #141] bus=0 dev=3 func=0 off=0x18 size=4 write=0 val=0x0 cfg=present
[pcicfg #142] bus=0 dev=3 func=0 off=0x1C size=4 write=0 val=0x0 cfg=present
[pcicfg #143] bus=0 dev=3 func=0 off=0x20 size=4 write=0 val=0x0 cfg=present
[pcicfg #144] bus=0 dev=3 func=0 off=0x24 size=4 write=0 val=0x0 cfg=present
[pcicfg #145] bus=0 dev=3 func=0 off=0x28 size=4 write=0 val=0x0 cfg=present
[pcicfg #146] bus=0 dev=3 func=0 off=0x2C size=4 write=0 val=0x0 cfg=present
[pcicfg #147] bus=0 dev=3 func=0 off=0x30 size=4 write=0 val=0x0 cfg=present
[pcicfg #148] bus=0 dev=3 func=0 off=0x34 size=4 write=0 val=0x0 cfg=present
[pcicfg #149] bus=0 dev=3 func=0 off=0x38 size=4 write=0 val=0x0 cfg=present
[pcicfg #150] bus=0 dev=3 func=0 off=0x3C size=4 write=0 val=0x100 cfg=present
[pcicfg #151] bus=0 dev=4 func=0 off=0x00 size=4 write=0 val=0xFFFFFFFF cfg=absent
[pcicfg #152] bus=0 dev=5 func=0 off=0x00 size=4 write=0 val=0xFFFFFFFF cfg=absent
[pcicfg #153] bus=0 dev=6 func=0 off=0x00 size=4 write=0 val=0xFFFFFFFF cfg=absent
[pcicfg #154] bus=0 dev=7 func=0 off=0x00 size=4 write=0 val=0xFFFFFFFF cfg=absent
[pcicfg #155] bus=0 dev=8 func=0 off=0x00 size=4 write=0 val=0xFFFFFFFF cfg=absent
[pcicfg #156] bus=0 dev=9 func=0 off=0x00 size=4 write=0 val=0xFFFFFFFF cfg=absent
[pcicfg #157] bus=0 dev=10 func=0 off=0x00 size=4 write=0 val=0xFFFFFFFF cfg=absent
[pcicfg #158] bus=0 dev=11 func=0 off=0x00 size=4 write=0 val=0xFFFFFFFF cfg=absent
[pcicfg #159] bus=0 dev=12 func=0 off=0x00 size=4 write=0 val=0xFFFFFFFF cfg=absent
[pcicfg #160] bus=0 dev=13 func=0 off=0x00 size=4 write=0 val=0xFFFFFFFF cfg=absent
[pcicfg #161] bus=0 dev=14 func=0 off=0x00 size=4 write=0 val=0xFFFFFFFF cfg=absent
[pcicfg #162] bus=0 dev=15 func=0 off=0x00 size=4 write=0 val=0xFFFFFFFF cfg=absent
[pcicfg #163] bus=0 dev=16 func=0 off=0x00 size=4 write=0 val=0xFFFFFFFF cfg=absent
[pcicfg #164] bus=0 dev=17 func=0 off=0x00 size=4 write=0 val=0xFFFFFFFF cfg=absent
[pcicfg #165] bus=0 dev=18 func=0 off=0x00 size=4 write=0 val=0xFFFFFFFF cfg=absent
[pcicfg #166] bus=0 dev=19 func=0 off=0x00 size=4 write=0 val=0xFFFFFFFF cfg=absent
[pcicfg #167] bus=0 dev=20 func=0 off=0x00 size=4 write=0 val=0xFFFFFFFF cfg=absent
[pcicfg #168] bus=0 dev=21 func=0 off=0x00 size=4 write=0 val=0xFFFFFFFF cfg=absent
[pcicfg #169] bus=0 dev=22 func=0 off=0x00 size=4 write=0 val=0xFFFFFFFF cfg=absent
[pcicfg #170] bus=0 dev=23 func=0 off=0x00 size=4 write=0 val=0xFFFFFFFF cfg=absent
[pcicfg #171] bus=0 dev=24 func=0 off=0x00 size=4 write=0 val=0xFFFFFFFF cfg=absent
[pcicfg #172] bus=0 dev=25 func=0 off=0x00 size=4 write=0 val=0xFFFFFFFF cfg=absent
[pcicfg #173] bus=0 dev=26 func=0 off=0x00 size=4 write=0 val=0xFFFFFFFF cfg=absent
[pcicfg #174] bus=0 dev=27 func=0 off=0x00 size=4 write=0 val=0xFFFFFFFF cfg=absent
[pcicfg #175] bus=0 dev=28 func=0 off=0x00 size=4 write=0 val=0xFFFFFFFF cfg=absent
[pcicfg #176] bus=0 dev=29 func=0 off=0x00 size=4 write=0 val=0xFFFFFFFF cfg=absent
[pcicfg #177] bus=0 dev=30 func=0 off=0x00 size=4 write=0 val=0xFFFFFFFF cfg=absent
[pcicfg #178] bus=0 dev=31 func=0 off=0x00 size=4 write=0 val=0xFFFFFFFF cfg=absent
[pcicfg #179] bus=0 dev=0 func=0 off=0x00 size=4 write=0 val=0x12378086 cfg=present
[pcicfg #180] bus=0 dev=0 func=0 off=0x00 size=4 write=0 val=0x12378086 cfg=present
[pcicfg #181] bus=0 dev=0 func=0 off=0x04 size=4 write=0 val=0x0 cfg=present
[pcicfg #182] bus=0 dev=0 func=0 off=0x08 size=4 write=0 val=0x6000002 cfg=present
[pcicfg #183] bus=0 dev=0 func=0 off=0x0C size=4 write=0 val=0x0 cfg=present
[pcicfg #184] bus=0 dev=0 func=0 off=0x10 size=4 write=0 val=0x0 cfg=present
[pcicfg #185] bus=0 dev=0 func=0 off=0x14 size=4 write=0 val=0x0 cfg=present
[pcicfg #186] bus=0 dev=0 func=0 off=0x18 size=4 write=0 val=0x0 cfg=present
[pcicfg #187] bus=0 dev=0 func=0 off=0x1C size=4 write=0 val=0x0 cfg=present
[pcicfg #188] bus=0 dev=0 func=0 off=0x20 size=4 write=0 val=0x0 cfg=present
[pcicfg #189] bus=0 dev=0 func=0 off=0x24 size=4 write=0 val=0x0 cfg=present
[pcicfg #190] bus=0 dev=0 func=0 off=0x28 size=4 write=0 val=0x0 cfg=present
[pcicfg #191] bus=0 dev=0 func=0 off=0x2C size=4 write=0 val=0x0 cfg=present
[pcicfg #192] bus=0 dev=0 func=0 off=0x30 size=4 write=0 val=0x0 cfg=present
[pcicfg #193] bus=0 dev=0 func=0 off=0x34 size=4 write=0 val=0x0 cfg=present
[pcicfg #194] bus=0 dev=0 func=0 off=0x38 size=4 write=0 val=0x0 cfg=present
[pcicfg #195] bus=0 dev=0 func=0 off=0x3C size=4 write=0 val=0x0 cfg=present
[pcicfg #196] bus=0 dev=0 func=0 off=0x04 size=2 write=0 val=0x0 cfg=present
[pcicfg #197] bus=0 dev=0 func=0 off=0x04 size=2 write=1 val=0x0 cfg=present
[pcicfg #198] bus=0 dev=0 func=0 off=0x10 size=4 write=0 val=0x0 cfg=present
[pcicfg #199] bus=0 dev=0 func=0 off=0x10 size=4 write=1 val=0xFFFFFFFF cfg=present
[pcicfg #200] bus=0 dev=0 func=0 off=0x10 size=4 write=0 val=0x0 cfg=present
[pcicfg #201] bus=0 dev=0 func=0 off=0x10 size=4 write=1 val=0x0 cfg=present
[pcicfg #202] bus=0 dev=0 func=0 off=0x14 size=4 write=0 val=0x0 cfg=present
[pcicfg #203] bus=0 dev=0 func=0 off=0x14 size=4 write=1 val=0xFFFFFFFF cfg=present
[pcicfg #204] bus=0 dev=0 func=0 off=0x14 size=4 write=0 val=0x0 cfg=present
[pcicfg #205] bus=0 dev=0 func=0 off=0x14 size=4 write=1 val=0x0 cfg=present
[pcicfg #206] bus=0 dev=0 func=0 off=0x18 size=4 write=0 val=0x0 cfg=present
[pcicfg #207] bus=0 dev=0 func=0 off=0x18 size=4 write=1 val=0xFFFFFFFF cfg=present
[pcicfg #208] bus=0 dev=0 func=0 off=0x18 size=4 write=0 val=0x0 cfg=present
[pcicfg #209] bus=0 dev=0 func=0 off=0x18 size=4 write=1 val=0x0 cfg=present
[pcicfg #210] bus=0 dev=0 func=0 off=0x1C size=4 write=0 val=0x0 cfg=present
[pcicfg #211] bus=0 dev=0 func=0 off=0x1C size=4 write=1 val=0xFFFFFFFF cfg=present
[pcicfg #212] bus=0 dev=0 func=0 off=0x1C size=4 write=0 val=0x0 cfg=present
[pcicfg #213] bus=0 dev=0 func=0 off=0x1C size=4 write=1 val=0x0 cfg=present
[pcicfg #214] bus=0 dev=0 func=0 off=0x20 size=4 write=0 val=0x0 cfg=present
[pcicfg #215] bus=0 dev=0 func=0 off=0x20 size=4 write=1 val=0xFFFFFFFF cfg=present
[pcicfg #216] bus=0 dev=0 func=0 off=0x20 size=4 write=0 val=0x0 cfg=present
[pcicfg #217] bus=0 dev=0 func=0 off=0x20 size=4 write=1 val=0x0 cfg=present
[pcicfg #218] bus=0 dev=0 func=0 off=0x24 size=4 write=0 val=0x0 cfg=present
[pcicfg #219] bus=0 dev=0 func=0 off=0x24 size=4 write=1 val=0xFFFFFFFF cfg=present
[pcicfg #220] bus=0 dev=0 func=0 off=0x24 size=4 write=0 val=0x0 cfg=present
[pcicfg #221] bus=0 dev=0 func=0 off=0x24 size=4 write=1 val=0x0 cfg=present
[pcicfg #222] bus=0 dev=0 func=0 off=0x30 size=4 write=1 val=0xFFFFFFFE cfg=present
[pcicfg #223] bus=0 dev=0 func=0 off=0x30 size=4 write=0 val=0x0 cfg=present
[pcicfg #224] bus=0 dev=1 func=0 off=0x00 size=4 write=0 val=0x70008086 cfg=present
[pcicfg #225] bus=0 dev=1 func=0 off=0x00 size=4 write=0 val=0x70008086 cfg=present
[pcicfg #226] bus=0 dev=1 func=0 off=0x04 size=4 write=0 val=0x0 cfg=present
[pcicfg #227] bus=0 dev=1 func=0 off=0x08 size=4 write=0 val=0x6010000 cfg=present
[pcicfg #228] bus=0 dev=1 func=0 off=0x0C size=4 write=0 val=0x800000 cfg=present
[pcicfg #229] bus=0 dev=1 func=0 off=0x10 size=4 write=0 val=0x0 cfg=present
[pcicfg #230] bus=0 dev=1 func=0 off=0x14 size=4 write=0 val=0x0 cfg=present
[pcicfg #231] bus=0 dev=1 func=0 off=0x18 size=4 write=0 val=0x0 cfg=present
[pcicfg #232] bus=0 dev=1 func=0 off=0x1C size=4 write=0 val=0x0 cfg=present
[pcicfg #233] bus=0 dev=1 func=0 off=0x20 size=4 write=0 val=0x0 cfg=present
[pcicfg #234] bus=0 dev=1 func=0 off=0x24 size=4 write=0 val=0x0 cfg=present
[pcicfg #235] bus=0 dev=1 func=0 off=0x28 size=4 write=0 val=0x0 cfg=present
[pcicfg #236] bus=0 dev=1 func=0 off=0x2C size=4 write=0 val=0x0 cfg=present
[pcicfg #237] bus=0 dev=1 func=0 off=0x30 size=4 write=0 val=0x0 cfg=present
[pcicfg #238] bus=0 dev=1 func=0 off=0x34 size=4 write=0 val=0x0 cfg=present
[pcicfg #239] bus=0 dev=1 func=0 off=0x38 size=4 write=0 val=0x0 cfg=present
[pcicfg #240] bus=0 dev=1 func=0 off=0x3C size=4 write=0 val=0x0 cfg=present
[pcicfg #241] bus=0 dev=1 func=0 off=0x04 size=2 write=0 val=0x0 cfg=present
[pcicfg #242] bus=0 dev=1 func=0 off=0x04 size=2 write=1 val=0x0 cfg=present
[pcicfg #243] bus=0 dev=1 func=0 off=0x10 size=4 write=0 val=0x0 cfg=present
[heartbeat: exitCount=5000 elapsedSec=0.0 lastPort=0xCF8 write=1 val=0x89]
[pcicfg #244] bus=0 dev=1 func=0 off=0x10 size=4 write=1 val=0xFFFFFFFF cfg=present
[pcicfg #245] bus=0 dev=1 func=0 off=0x10 size=4 write=0 val=0x0 cfg=present
[pcicfg #246] bus=0 dev=1 func=0 off=0x10 size=4 write=1 val=0x0 cfg=present
[pcicfg #247] bus=0 dev=1 func=0 off=0x14 size=4 write=0 val=0x0 cfg=present
[pcicfg #248] bus=0 dev=1 func=0 off=0x14 size=4 write=1 val=0xFFFFFFFF cfg=present
[pcicfg #249] bus=0 dev=1 func=0 off=0x14 size=4 write=0 val=0x0 cfg=present
[pcicfg #250] bus=0 dev=1 func=0 off=0x14 size=4 write=1 val=0x0 cfg=present
[pcicfg #251] bus=0 dev=1 func=0 off=0x18 size=4 write=0 val=0x0 cfg=present
[pcicfg #252] bus=0 dev=1 func=0 off=0x18 size=4 write=1 val=0xFFFFFFFF cfg=present
[pcicfg #253] bus=0 dev=1 func=0 off=0x18 size=4 write=0 val=0x0 cfg=present
[pcicfg #254] bus=0 dev=1 func=0 off=0x18 size=4 write=1 val=0x0 cfg=present
[pcicfg #255] bus=0 dev=1 func=0 off=0x1C size=4 write=0 val=0x0 cfg=present
[pcicfg #256] bus=0 dev=1 func=0 off=0x1C size=4 write=1 val=0xFFFFFFFF cfg=present
[pcicfg #257] bus=0 dev=1 func=0 off=0x1C size=4 write=0 val=0x0 cfg=present
[pcicfg #258] bus=0 dev=1 func=0 off=0x1C size=4 write=1 val=0x0 cfg=present
[pcicfg #259] bus=0 dev=1 func=0 off=0x20 size=4 write=0 val=0x0 cfg=present
[pcicfg #260] bus=0 dev=1 func=0 off=0x20 size=4 write=1 val=0xFFFFFFFF cfg=present
[pcicfg #261] bus=0 dev=1 func=0 off=0x20 size=4 write=0 val=0x0 cfg=present
[pcicfg #262] bus=0 dev=1 func=0 off=0x20 size=4 write=1 val=0x0 cfg=present
[pcicfg #263] bus=0 dev=1 func=0 off=0x24 size=4 write=0 val=0x0 cfg=present
[pcicfg #264] bus=0 dev=1 func=0 off=0x24 size=4 write=1 val=0xFFFFFFFF cfg=present
[pcicfg #265] bus=0 dev=1 func=0 off=0x24 size=4 write=0 val=0x0 cfg=present
[pcicfg #266] bus=0 dev=1 func=0 off=0x24 size=4 write=1 val=0x0 cfg=present
[pcicfg #267] bus=0 dev=1 func=0 off=0x30 size=4 write=1 val=0xFFFFFFFE cfg=present
[pcicfg #268] bus=0 dev=1 func=0 off=0x30 size=4 write=0 val=0x0 cfg=present
[pcicfg #269] bus=0 dev=1 func=1 off=0x00 size=4 write=0 val=0xFFFFFFFF cfg=absent
[pcicfg #270] bus=0 dev=1 func=2 off=0x00 size=4 write=0 val=0xFFFFFFFF cfg=absent
[pcicfg #271] bus=0 dev=1 func=3 off=0x00 size=4 write=0 val=0x71138086 cfg=present
[pcicfg #272] bus=0 dev=1 func=3 off=0x00 size=4 write=0 val=0x71138086 cfg=present
[pcicfg #273] bus=0 dev=1 func=3 off=0x04 size=4 write=0 val=0x0 cfg=present
[pcicfg #274] bus=0 dev=1 func=3 off=0x08 size=4 write=0 val=0x6800000 cfg=present
[pcicfg #275] bus=0 dev=1 func=3 off=0x0C size=4 write=0 val=0x0 cfg=present
[pcicfg #276] bus=0 dev=1 func=3 off=0x10 size=4 write=0 val=0x0 cfg=present
[pcicfg #277] bus=0 dev=1 func=3 off=0x14 size=4 write=0 val=0x0 cfg=present
[pcicfg #278] bus=0 dev=1 func=3 off=0x18 size=4 write=0 val=0x0 cfg=present
[pcicfg #279] bus=0 dev=1 func=3 off=0x1C size=4 write=0 val=0x0 cfg=present
[pcicfg #280] bus=0 dev=1 func=3 off=0x20 size=4 write=0 val=0x0 cfg=present
[pcicfg #281] bus=0 dev=1 func=3 off=0x24 size=4 write=0 val=0x0 cfg=present
[pcicfg #282] bus=0 dev=1 func=3 off=0x28 size=4 write=0 val=0x0 cfg=present
[pcicfg #283] bus=0 dev=1 func=3 off=0x2C size=4 write=0 val=0x0 cfg=present
[pcicfg #284] bus=0 dev=1 func=3 off=0x30 size=4 write=0 val=0x0 cfg=present
[pcicfg #285] bus=0 dev=1 func=3 off=0x34 size=4 write=0 val=0x0 cfg=present
[pcicfg #286] bus=0 dev=1 func=3 off=0x38 size=4 write=0 val=0x0 cfg=present
[pcicfg #287] bus=0 dev=1 func=3 off=0x3C size=4 write=0 val=0x0 cfg=present
[pcicfg #288] bus=0 dev=1 func=3 off=0x04 size=2 write=0 val=0x0 cfg=present
[pcicfg #289] bus=0 dev=1 func=3 off=0x04 size=2 write=1 val=0x0 cfg=present
[pcicfg #290] bus=0 dev=1 func=3 off=0x10 size=4 write=0 val=0x0 cfg=present
[pcicfg #291] bus=0 dev=1 func=3 off=0x10 size=4 write=1 val=0xFFFFFFFF cfg=present
[pcicfg #292] bus=0 dev=1 func=3 off=0x10 size=4 write=0 val=0x0 cfg=present
[pcicfg #293] bus=0 dev=1 func=3 off=0x10 size=4 write=1 val=0x0 cfg=present
[pcicfg #294] bus=0 dev=1 func=3 off=0x14 size=4 write=0 val=0x0 cfg=present
[pcicfg #295] bus=0 dev=1 func=3 off=0x14 size=4 write=1 val=0xFFFFFFFF cfg=present
[pcicfg #296] bus=0 dev=1 func=3 off=0x14 size=4 write=0 val=0x0 cfg=present
[pcicfg #297] bus=0 dev=1 func=3 off=0x14 size=4 write=1 val=0x0 cfg=present
[pcicfg #298] bus=0 dev=1 func=3 off=0x18 size=4 write=0 val=0x0 cfg=present
[pcicfg #299] bus=0 dev=1 func=3 off=0x18 size=4 write=1 val=0xFFFFFFFF cfg=present
[pcicfg #300] bus=0 dev=1 func=3 off=0x18 size=4 write=0 val=0x0 cfg=present
[rtl8139] I/O BAR mapped at 0xC000
[ahci] ABAR mapped at 0xC0000000 (WHvMapGpaRange hr=0x0 OK)
[fwcfg] select #21: selector=0x22
[acpi] acpiBuildTables() firing -- pmBase=0xB000
[fwcfg] select #22: selector=0x20
[fwcfg] select #23: selector=0x21
[heartbeat: exitCount=10000 elapsedSec=0.2 lastPort=0x3F8 write=1 val=0x89]
[2J[001;001H[=3h[2J[001;001H[2J[001;001H[8;056;240t[2J[001;001H[uart2] #1 port=0x2FF write=0 val=0x0
[uart2] #2 port=0x2FF write=1 val=0xAA
[uart2] #3 port=0x2FF write=0 val=0x0
[uart2] #4 port=0x2FF write=1 val=0x55
[uart2] #5 port=0x2FF write=0 val=0x0
[uart2] #6 port=0x2FF write=1 val=0x0
[uart2] #7 port=0x2FD write=0 val=0x0
[uart2] #8 port=0x2FB write=0 val=0x0
[uart2] #9 port=0x2FB write=1 val=0x0
[uart2] #10 port=0x2F9 write=0 val=0x0
[uart2] #11 port=0x2F9 write=1 val=0x0
[uart2] #12 port=0x2FA write=1 val=0x0
[uart2] #13 port=0x2FC write=0 val=0x0
[uart2] #14 port=0x2FC write=1 val=0x0
[uart2] #15 port=0x2FF write=1 val=0x0
[uart2] #16 port=0x2FA write=1 val=0x7
[uart2] #17 port=0x2FD write=0 val=0x0
[uart2] #18 port=0x2FB write=0 val=0x0
[uart2] #19 port=0x2FB write=1 val=0x80
[uart2] #20 port=0x2F8 write=1 val=0x1
[uart2] #21 port=0x2F9 write=1 val=0x0
[uart2] #22 port=0x2FB write=1 val=0x3
[uart2] #23 port=0x2FD write=0 val=0x0
[uart2] #24 port=0x2FC write=0 val=0x0
[uart2] #25 port=0x2FC write=1 val=0x0
[uart2] #26 port=0x2FD write=0 val=0x0
[uart2] #27 port=0x2FB write=0 val=0x0
[uart2] #28 port=0x2FB write=1 val=0x83
[uart2] #29 port=0x2F8 write=1 val=0x1
[uart2] #30 port=0x2F9 write=1 val=0x0
[uart2] #31 port=0x2FB write=1 val=0x3
[uart2] #32 port=0x2FD write=0 val=0x0
[uart2] #33 port=0x2F8 write=1 val=0x1B
[uart2] #34 port=0x2FD write=0 val=0x0
[uart2] #35 port=0x2F8 write=1 val=0x5B
[uart2] #36 port=0x2FD write=0 val=0x0
[uart2] #37 port=0x2F8 write=1 val=0x32
[uart2] #38 port=0x2FD write=0 val=0x0
[uart2] #39 port=0x2F8 write=1 val=0x4A
[uart2] #40 port=0x2FD write=0 val=0x0
[2J[001;001H[=3h[2J[001;001H[2J[001;001H[8;031;100t[2J[001;001H[heartbeat: exitCount=15000 elapsedSec=0.6 lastPort=0xB008 write=0 val=0x89]
[aux] controller: disable AUX port
[heartbeat: exitCount=20000 elapsedSec=0.7 lastPort=0xCF8 write=1 val=0x0]
[ahci] GHC.AE set -- controller enabled
[ahci] PxCMD.ST set -- port 0 started
[ahci] cmd #1: ataCmd=0xEC lba=0 count=1 prdtl=1
[ahci] cmd #2: ataCmd=0xEF lba=0 count=1 prdtl=0
[ahci] cmd #3: ataCmd=0xEC lba=0 count=256 prdtl=1
[ahci] cmd #4: ataCmd=0x20 lba=0 count=1 prdtl=1
[ahci] cmd #5: ataCmd=0x20 lba=1 count=1 prdtl=1
[ahci] cmd #6: ataCmd=0x20 lba=2 count=32 prdtl=1
[ahci] cmd #7: ataCmd=0x20 lba=16777215 count=1 prdtl=1
[ahci] cmd #8: ataCmd=0x20 lba=16777183 count=32 prdtl=1
[ahci] cmd #9: ataCmd=0x20 lba=2 count=32 prdtl=1
[ahci] cmd #10: ataCmd=0x20 lba=34 count=1 prdtl=1
[ahci] cmd #11: ataCmd=0x20 lba=98 count=4 prdtl=1
[ahci] cmd #12: ataCmd=0x20 lba=98 count=1 prdtl=1
[ahci] cmd #13: ataCmd=0x20 lba=34 count=1 prdtl=1
[ahci] cmd #14: ataCmd=0x20 lba=34 count=1 prdtl=1
[ahci] cmd #15: ataCmd=0x20 lba=32768 count=1 prdtl=1
[ahci] cmd #16: ataCmd=0x20 lba=32832 count=4 prdtl=1
[ahci] cmd #17: ataCmd=0x20 lba=32832 count=1 prdtl=1
[ahci] cmd #18: ataCmd=0x20 lba=32768 count=1 prdtl=1
[ahci] cmd #19: ataCmd=0x20 lba=32768 count=1 prdtl=1
[ahci] cmd #20: ataCmd=0x20 lba=33598 count=1 prdtl=1
[ahci] cmd #21: ataCmd=0x20 lba=32769 count=1 prdtl=1
[ahci] cmd #22: ataCmd=0x20 lba=0 count=1 prdtl=1
[ahci] cmd #23: ataCmd=0x20 lba=1 count=1 prdtl=1
[ahci] cmd #24: ataCmd=0x20 lba=2 count=32 prdtl=1
[ahci] cmd #25: ataCmd=0x20 lba=16777215 count=1 prdtl=1
[ahci] cmd #26: ataCmd=0x20 lba=16777183 count=32 prdtl=1
[ahci] cmd #27: ataCmd=0x20 lba=2 count=32 prdtl=1
[ahci] cmd #28: ataCmd=0x20 lba=34 count=1 prdtl=1
[ahci] cmd #29: ataCmd=0x20 lba=98 count=4 prdtl=1
[ahci] cmd #30: ataCmd=0x20 lba=98 count=1 prdtl=1
[ahci] cmd #31: ataCmd=0x20 lba=34 count=1 prdtl=1
[ahci] cmd #32: ataCmd=0x20 lba=34 count=1 prdtl=1
[heartbeat: exitCount=25000 elapsedSec=1.0 lastPort=0xCFC write=0 val=0x0]
[ahci] cmd #33: ataCmd=0x20 lba=0 count=1 prdtl=1
[ahci] cmd #34: ataCmd=0x20 lba=1 count=1 prdtl=1
[ahci] cmd #35: ataCmd=0x20 lba=2 count=32 prdtl=1
[ahci] cmd #36: ataCmd=0x20 lba=16777215 count=1 prdtl=1
[ahci] cmd #37: ataCmd=0x20 lba=16777183 count=32 prdtl=1
[ahci] cmd #38: ataCmd=0x20 lba=2 count=32 prdtl=1
[ahci] cmd #39: ataCmd=0x20 lba=34 count=1 prdtl=1
[ahci] cmd #40: ataCmd=0x20 lba=98 count=4 prdtl=1
[ahci] cmd #41: ataCmd=0x20 lba=98 count=1 prdtl=1
[ahci] cmd #42: ataCmd=0x20 lba=34 count=1 prdtl=1
[ahci] cmd #43: ataCmd=0x20 lba=34 count=1 prdtl=1
[ahci] cmd #44: ataCmd=0x20 lba=0 count=1 prdtl=1
[ahci] cmd #45: ataCmd=0x20 lba=1 count=1 prdtl=1
[ahci] cmd #46: ataCmd=0x20 lba=2 count=32 prdtl=1
[ahci] cmd #47: ataCmd=0x20 lba=16777215 count=1 prdtl=1
[ahci] cmd #48: ataCmd=0x20 lba=16777183 count=32 prdtl=1
[ahci] cmd #49: ataCmd=0x20 lba=2 count=32 prdtl=1
[ahci] cmd #50: ataCmd=0x20 lba=34 count=1 prdtl=1
[ahci] cmd #51: ataCmd=0x20 lba=98 count=4 prdtl=1
[ahci] cmd #52: ataCmd=0x20 lba=98 count=1 prdtl=1
[ahci] cmd #53: ataCmd=0x20 lba=34 count=1 prdtl=1
[ahci] cmd #54: ataCmd=0x20 lba=34 count=1 prdtl=1
[ahci] cmd #55: ataCmd=0x20 lba=34 count=1 prdtl=1
[ahci] cmd #56: ataCmd=0x20 lba=98 count=4 prdtl=1
[ahci] cmd #57: ataCmd=0x20 lba=98 count=1 prdtl=1
[ahci] cmd #58: ataCmd=0x20 lba=34 count=1 prdtl=1
[ahci] cmd #59: ataCmd=0x20 lba=34 count=1 prdtl=1
[ahci] cmd #60: ataCmd=0x20 lba=0 count=1 prdtl=1
[ahci] cmd #61: ataCmd=0x20 lba=1 count=1 prdtl=1
[ahci] cmd #62: ataCmd=0x20 lba=2 count=32 prdtl=1
[ahci] cmd #63: ataCmd=0x20 lba=16777215 count=1 prdtl=1
[ahci] cmd #64: ataCmd=0x20 lba=16777183 count=32 prdtl=1
[ahci] cmd #65: ataCmd=0x20 lba=2 count=32 prdtl=1
[ahci] cmd #66: ataCmd=0x20 lba=34 count=1 prdtl=1
[ahci] cmd #67: ataCmd=0x20 lba=98 count=4 prdtl=1
[ahci] cmd #68: ataCmd=0x20 lba=98 count=1 prdtl=1
[ahci] cmd #69: ataCmd=0x20 lba=34 count=1 prdtl=1
[ahci] cmd #70: ataCmd=0x20 lba=34 count=1 prdtl=1
[ahci] cmd #71: ataCmd=0x20 lba=0 count=1 prdtl=1
[ahci] cmd #72: ataCmd=0x20 lba=33598 count=64 prdtl=1
[ahci] cmd #73: ataCmd=0x20 lba=65536 count=128 prdtl=1
[ahci] cmd #74: ataCmd=0x20 lba=69504 count=128 prdtl=1
[ahci] cmd #75: ataCmd=0x20 lba=69632 count=128 prdtl=1
[ahci] cmd #76: ataCmd=0x20 lba=42814 count=64 prdtl=1
[ahci] cmd #77: ataCmd=0x20 lba=9560960 count=128 prdtl=1
[ahci] cmd #78: ataCmd=0x20 lba=9561088 count=256 prdtl=1
[ahci] cmd #79: ataCmd=0x20 lba=9561344 count=256 prdtl=1
[ahci] cmd #80: ataCmd=0x20 lba=9561600 count=256 prdtl=1
[ahci] cmd #81: ataCmd=0x20 lba=9561856 count=256 prdtl=1
[ahci] cmd #82: ataCmd=0x20 lba=9562112 count=256 prdtl=1
[ahci] cmd #83: ataCmd=0x20 lba=9562368 count=256 prdtl=1
[ahci] cmd #84: ataCmd=0x20 lba=9562624 count=256 prdtl=1
[ahci] cmd #85: ataCmd=0x20 lba=9562880 count=256 prdtl=1
[ahci] cmd #86: ataCmd=0x20 lba=9563136 count=256 prdtl=1
[ahci] cmd #87: ataCmd=0x20 lba=9563392 count=256 prdtl=1
[ahci] cmd #88: ataCmd=0x20 lba=9563648 count=256 prdtl=1
[ahci] cmd #89: ataCmd=0x20 lba=9563904 count=128 prdtl=1
[ahci] cmd #90: ataCmd=0x20 lba=9564032 count=128 prdtl=1
BdsDxe: loading Boot0002 "UEFI LocalHost Virtual Disk LH0001 " from PciRoot(0x0)/Pci(0x2,0x0)/Sata(0x0,0xFFFF,0x0)
BdsDxe: starting Boot0002 "UEFI LocalHost Virtual Disk LH0001 " from PciRoot(0x0)/Pci(0x2,0x0)/Sata(0x0,0xFFFF,0x0)
[ahci] cmd #91: ataCmd=0x20 lba=0 count=1 prdtl=1
[ahci] cmd #92: ataCmd=0x20 lba=1 count=1 prdtl=1
[ahci] cmd #93: ataCmd=0x20 lba=1 count=1 prdtl=1
[ahci] cmd #94: ataCmd=0x20 lba=2 count=32 prdtl=1
[ahci] cmd #95: ataCmd=0x20 lba=0 count=1 prdtl=1
[ahci] cmd #96: ataCmd=0x20 lba=1 count=1 prdtl=1
[ahci] cmd #97: ataCmd=0x20 lba=1 count=1 prdtl=1
[ahci] cmd #98: ataCmd=0x20 lba=2 count=32 prdtl=1
[ahci] cmd #99: ataCmd=0x20 lba=32768 count=16 prdtl=1
[ahci] cmd #100: ataCmd=0x20 lba=0 count=1 prdtl=1
[ahci] cmd #101: ataCmd=0x20 lba=1 count=1 prdtl=1
[ahci] cmd #102: ataCmd=0x20 lba=2 count=32 prdtl=1
[ahci] cmd #103: ataCmd=0x20 lba=32768 count=64 prdtl=1
[ahci] cmd #104: ataCmd=0x20 lba=33536 count=64 prdtl=1
[ahci] cmd #105: ataCmd=0x20 lba=33600 count=64 prdtl=1
[ahci] cmd #106: ataCmd=0x20 lba=65536 count=64 prdtl=1
[ahci] cmd #107: ataCmd=0x20 lba=33601 count=4 prdtl=1
[ahci] cmd #108: ataCmd=0x20 lba=69568 count=64 prdtl=1
[ahci] cmd #109: ataCmd=0x20 lba=69632 count=64 prdtl=1
[ahci] cmd #110: ataCmd=0x20 lba=42874 count=4 prdtl=1
[ahci] cmd #111: ataCmd=0x20 lba=9564096 count=64 prdtl=1
[ahci] cmd #112: ataCmd=0x20 lba=33601 count=4 prdtl=1
[ahci] cmd #113: ataCmd=0x20 lba=42874 count=4 prdtl=1
[ahci] cmd #114: ataCmd=0x20 lba=43326 count=4 prdtl=1
[ahci] cmd #115: ataCmd=0x20 lba=10027016 count=40 prdtl=1
[ahci] cmd #116: ataCmd=0x20 lba=42874 count=4 prdtl=1
[ahci] cmd #117: ataCmd=0x20 lba=43056 count=4 prdtl=1
[ahci] cmd #118: ataCmd=0x20 lba=9750952 count=20 prdtl=1
[ahci] cmd #119: ataCmd=0x20 lba=42874 count=4 prdtl=1
[ahci] cmd #120: ataCmd=0x20 lba=33602 count=4 prdtl=1
[ahci] cmd #121: ataCmd=0x20 lba=42870 count=4 prdtl=1
[ahci] cmd #122: ataCmd=0x20 lba=42873 count=4 prdtl=1
[ahci] cmd #123: ataCmd=0x20 lba=9561000 count=256 prdtl=1
[ahci] cmd #124: ataCmd=0x20 lba=9561256 count=256 prdtl=1
[ahci] cmd #125: ataCmd=0x20 lba=9561512 count=256 prdtl=1
[ahci] cmd #126: ataCmd=0x20 lba=9561768 count=256 prdtl=1
[ahci] cmd #127: ataCmd=0x20 lba=9562024 count=256 prdtl=1
[ahci] cmd #128: ataCmd=0x20 lba=9562280 count=256 prdtl=1
[ahci] cmd #129: ataCmd=0x20 lba=9562536 count=256 prdtl=1
[ahci] cmd #130: ataCmd=0x20 lba=9562792 count=256 prdtl=1
[ahci] cmd #131: ataCmd=0x20 lba=9563048 count=256 prdtl=1
[ahci] cmd #132: ataCmd=0x20 lba=9563304 count=256 prdtl=1
[ahci] cmd #133: ataCmd=0x20 lba=9563560 count=256 prdtl=1
[ahci] cmd #134: ataCmd=0x20 lba=9563816 count=256 prdtl=1
[ahci] cmd #135: ataCmd=0x20 lba=9564072 count=35 prdtl=1
[ahci] cmd #136: ataCmd=0x20 lba=33598 count=4 prdtl=1
[ahci] cmd #137: ataCmd=0x20 lba=33602 count=4 prdtl=1
[ahci] cmd #138: ataCmd=0x20 lba=34622 count=4 prdtl=1
[ahci] cmd #139: ataCmd=0x20 lba=1114112 count=64 prdtl=1
[ahci] cmd #140: ataCmd=0x20 lba=42814 count=4 prdtl=1
[ahci] cmd #141: ataCmd=0x20 lba=9502720 count=64 prdtl=1
[ahci] cmd #142: ataCmd=0x20 lba=33602 count=4 prdtl=1
[ahci] cmd #143: ataCmd=0x20 lba=34622 count=4 prdtl=1
[ahci] cmd #144: ataCmd=0x20 lba=42814 count=4 prdtl=1
[ahci] cmd #145: ataCmd=0x20 lba=33602 count=4 prdtl=1
[ahci] cmd #146: ataCmd=0x20 lba=33598 count=4 prdtl=1
[ahci] cmd #147: ataCmd=0x20 lba=33601 count=4 prdtl=1
[ahci] cmd #148: ataCmd=0x20 lba=42874 count=4 prdtl=1
[ahci] cmd #149: ataCmd=0x20 lba=43059 count=4 prdtl=1
[ahci] cmd #150: ataCmd=0x20 lba=9754240 count=64 prdtl=1
[ahci] cmd #151: ataCmd=0x20 lba=43091 count=4 prdtl=1
[ahci] cmd #152: ataCmd=0x20 lba=9786872 count=1 prdtl=1
[ahci] cmd #153: ataCmd=0x20 lba=9786872 count=1 prdtl=1
[ahci] cmd #154: ataCmd=0x20 lba=9786872 count=1 prdtl=1
[ahci] cmd #155: ataCmd=0x20 lba=9786872 count=1 prdtl=1
[ahci] cmd #156: ataCmd=0x20 lba=9786872 count=1 prdtl=1
[ahci] cmd #157: ataCmd=0x20 lba=9786872 count=1 prdtl=1
[ahci] cmd #158: ataCmd=0x20 lba=9786872 count=7 prdtl=1
[ahci] cmd #159: ataCmd=0x20 lba=9786878 count=4 prdtl=1
[ahci] cmd #160: ataCmd=0x20 lba=9786881 count=1 prdtl=1
[ahci] cmd #161: ataCmd=0x20 lba=9786881 count=4 prdtl=1
[heartbeat: exitCount=30000 elapsedSec=1.5 lastPort=0xB008 write=0 val=0x89]
[ahci] cmd #162: ataCmd=0x20 lba=9786884 count=137 prdtl=1
[ahci] cmd #163: ataCmd=0x20 lba=9787020 count=4 prdtl=1
[ahci] cmd #164: ataCmd=0x20 lba=9787023 count=1 prdtl=1
[ahci] cmd #165: ataCmd=0x20 lba=9787023 count=1 prdtl=1
[ahci] cmd #166: ataCmd=0x20 lba=9787023 count=16 prdtl=1
[ahci] cmd #167: ataCmd=0x20 lba=43059 count=4 prdtl=1
[ahci] cmd #168: ataCmd=0x20 lba=43090 count=4 prdtl=1
[ahci] cmd #169: ataCmd=0x20 lba=9786304 count=1 prdtl=1
[ahci] cmd #170: ataCmd=0x20 lba=9786304 count=1 prdtl=1
[ahci] cmd #171: ataCmd=0x20 lba=9786304 count=1 prdtl=1
[ahci] cmd #172: ataCmd=0x20 lba=9786304 count=1 prdtl=1
[ahci] cmd #173: ataCmd=0x20 lba=9786304 count=1 prdtl=1
[ahci] cmd #174: ataCmd=0x20 lba=9786304 count=1 prdtl=1
[ahci] cmd #175: ataCmd=0x20 lba=9786304 count=4 prdtl=1
[ahci] cmd #176: ataCmd=0x20 lba=9786307 count=2 prdtl=1
[ahci] cmd #177: ataCmd=0x20 lba=9786308 count=3 prdtl=1
[ahci] cmd #178: ataCmd=0x20 lba=9786310 count=63 prdtl=1
[ahci] cmd #179: ataCmd=0x20 lba=9786372 count=3 prdtl=1
[ahci] cmd #180: ataCmd=0x20 lba=9786374 count=1 prdtl=1
[ahci] cmd #181: ataCmd=0x20 lba=9786374 count=16 prdtl=1
[ahci] cmd #182: ataCmd=0x20 lba=43059 count=4 prdtl=1
[ahci] cmd #183: ataCmd=0x20 lba=43091 count=4 prdtl=1
[ahci] cmd #184: ataCmd=0x20 lba=9787040 count=1 prdtl=1
[ahci] cmd #185: ataCmd=0x20 lba=9787040 count=1 prdtl=1
[ahci] cmd #186: ataCmd=0x20 lba=9787040 count=1 prdtl=1
[ahci] cmd #187: ataCmd=0x20 lba=9787040 count=1 prdtl=1
[ahci] cmd #188: ataCmd=0x20 lba=9787040 count=1 prdtl=1
[ahci] cmd #189: ataCmd=0x20 lba=9787040 count=1 prdtl=1
[ahci] cmd #190: ataCmd=0x20 lba=9787040 count=7 prdtl=1
[ahci] cmd #191: ataCmd=0x20 lba=9787046 count=4 prdtl=1
[ahci] cmd #192: ataCmd=0x20 lba=9787049 count=3 prdtl=1
[ahci] cmd #193: ataCmd=0x20 lba=9787051 count=1 prdtl=1
[ahci] cmd #194: ataCmd=0x20 lba=9787051 count=3 prdtl=1
[ahci] cmd #195: ataCmd=0x20 lba=9787053 count=14 prdtl=1
[ahci] cmd #196: ataCmd=0x20 lba=9787066 count=48 prdtl=1
[ahci] cmd #197: ataCmd=0x20 lba=9787113 count=6 prdtl=1
[ahci] cmd #198: ataCmd=0x20 lba=9787118 count=15 prdtl=1
[ahci] cmd #199: ataCmd=0x20 lba=9787040 count=1 prdtl=1
[2J[001;001H[=3h[2J[001;001H[heartbeat: exitCount=35000 elapsedSec=1.9 lastPort=0xB008 write=0 val=0x89]
[heartbeat: exitCount=40000 elapsedSec=2.2 lastPort=0xB008 write=0 val=0x89]
[heartbeat: exitCount=45000 elapsedSec=2.8 lastPort=0xB008 write=0 val=0x89]
[heartbeat: exitCount=50000 elapsedSec=3.5 lastPort=0xB008 write=0 val=0x89]
[heartbeat: exitCount=55000 elapsedSec=3.9 lastPort=0xB008 write=0 val=0x89]
[heartbeat: exitCount=60000 elapsedSec=4.4 lastPort=0xB008 write=0 val=0x89]
[heartbeat: exitCount=65000 elapsedSec=5.0 lastPort=0xB008 write=0 val=0x89]
[heartbeat: exitCount=70000 elapsedSec=5.3 lastPort=0xB008 write=0 val=0x89]
[heartbeat: exitCount=75000 elapsedSec=5.6 lastPort=0xB008 write=0 val=0x89]
[heartbeat: exitCount=80000 elapsedSec=5.9 lastPort=0xB008 write=0 val=0x89]
[heartbeat: exitCount=85000 elapsedSec=6.3 lastPort=0xB008 write=0 val=0x89]
[heartbeat: exitCount=90000 elapsedSec=10.9 lastPort=0x70 write=1 val=0x80]
[aux] controller: disable AUX port
[heartbeat: exitCount=95000 elapsedSec=11.6 lastPort=0xCFC write=0 val=0x0]
[heartbeat: exitCount=100000 elapsedSec=11.7 lastPort=0xCFC write=0 val=0x0]
[heartbeat: exitCount=105000 elapsedSec=11.9 lastPort=0xCFC write=0 val=0x0]
[kerneldiag] candidate address 0xFFFFF80735BA57DD resolves to module base 0xFFFFF80735800000 (+0x3A57DD into it)
[kerneldiag] debug directory: type=2 codeViewRva=0x40970
[kerneldiag] module PDB name: ntkrnlmp.pdb guid=D9424FC4-861E-47C1-0FAD1B35DEC6DCC8 age=1
[wp] DISCOVERY at exitCount=107576 (pass 1)
[wp] armed breakpoints at module base 0xFFFFF80735800000 (DR2 LFH-check armed=0): DR0=+0x9B7010 (U34 ExInitializePoolHeapManagement entry, VA=0xFFFFF807361B7010), DR1=+0x3FD6F0 (KeBugCheckEx, VA=0xFFFFF80735BFD6F0), DR2=+0x343B49 (RtlpHpLfhOwnerMoveSubsegment entry, VA=0xFFFFF80735B43B49), DR3=+0x9A188F (HalpIommuInitSystem ret, VA=0xFFFFF807361A188F)
[u32] ExPoolState pool-descriptor fields (pass 1):
[u32]   pool[0] desc@RVA0xC57EC0: +0x08=0x0 +0x10=0x0  <== +0x10 NULL
[u32]   pool[1] desc@RVA0xC59F80: +0x08=0x0 +0x10=0x0  <== +0x10 NULL
[u32]   pool[2] desc@RVA0xC5C040: +0x08=0x0 +0x10=0x0  <== +0x10 NULL
[u32]   pool[3] desc@RVA0xC5E100: +0x08=0x0 +0x10=0x0  <== +0x10 NULL
[u32]   pool[4] desc@RVA0xC601C0: +0x08=0x0 +0x10=0x0  <== +0x10 NULL
[u32]   pool[5] desc@RVA0xC62280: +0x08=0x0 +0x10=0x0  <== +0x10 NULL
[u32]   pool[6] desc@RVA0xC64340: +0x08=0x0 +0x10=0x0  <== +0x10 NULL
[u32]   pool[7] desc@RVA0xC66400: +0x08=0x0 +0x10=0x0  <== +0x10 NULL
[u27] dumped kernel image to ntoskrnl_dump.bin (4096/4096 pages readable)
[u33] baseline pass=1 exitCount=107576 pool[0] +0x08=0x0 +0x10=0x0
[u33] baseline pass=1 exitCount=107576 pool[1] +0x08=0x0 +0x10=0x0
[u33] baseline pass=1 exitCount=107576 pool[2] +0x08=0x0 +0x10=0x0
[u33] baseline pass=1 exitCount=107576 pool[3] +0x08=0x0 +0x10=0x0
[ioapic #1] gpa=0xFEC00000 pageOff=0x0 rip=0xFFFFF80735BA57DD write=1 insnLen=0 bytes=16
[u42] pass1 ioapic1 SELECT reg=0x01
[ioapic #2] gpa=0xFEC00010 pageOff=0x10 rip=0xFFFFF80735BA57E3 write=1 insnLen=0 bytes=16
[u42] pass1 ioapic1 WRITE reg=0x01 value=0x00000000
[ioapic #3] gpa=0xFEC00000 pageOff=0x0 rip=0xFFFFF80735BA57EA write=1 insnLen=0 bytes=16
[u42] pass1 ioapic1 SELECT reg=0x01
[ioapic #4] gpa=0xFEC00010 pageOff=0x10 rip=0xFFFFF80735BA57F0 write=0 insnLen=0 bytes=16
[u42] pass1 ioapic1 READ  reg=0x01 -> 0x00170011
[ioapic #5] gpa=0xFEC00000 pageOff=0x0 rip=0xFFFFF80735BA57F3 write=1 insnLen=0 bytes=16
[u42] pass1 ioapic1 SELECT reg=0x01
[ioapic #6] gpa=0xFEC00010 pageOff=0x10 rip=0xFFFFF80735BA57F9 write=1 insnLen=0 bytes=16
[u42] pass1 ioapic1 WRITE reg=0x01 value=0x00000000
[ioapic #7] gpa=0xFEC00000 pageOff=0x0 rip=0xFFFFF80735BA5800 write=1 insnLen=0 bytes=16
[u42] pass1 ioapic1 SELECT reg=0x01
[ioapic #8] gpa=0xFEC00010 pageOff=0x10 rip=0xFFFFF80735BA5806 write=0 insnLen=0 bytes=16
[u42] pass1 ioapic1 READ  reg=0x01 -> 0x00170011
[ioapic #9] gpa=0xFEC00000 pageOff=0x0 rip=0xFFFFF80735BA5835 write=1 insnLen=0 bytes=16
[u42] pass1 ioapic1 SELECT reg=0x00
[ioapic #10] gpa=0xFEC00010 pageOff=0x10 rip=0xFFFFF80735BA583B write=0 insnLen=0 bytes=16
[u42] pass1 ioapic1 READ  reg=0x00 -> 0x01000000
[ioapic #11] gpa=0xFEC00010 pageOff=0x10 rip=0xFFFFF80735BA5846 write=1 insnLen=0 bytes=16
[u42] pass1 ioapic1 WRITE reg=0x00 value=0x01000000
[ioapic #12] gpa=0xFEC00000 pageOff=0x0 rip=0xFFFFF80735BA585D write=1 insnLen=0 bytes=16
[u42] pass1 ioapic1 SELECT reg=0x10
[ioapic #13] gpa=0xFEC00010 pageOff=0x10 rip=0xFFFFF80735BA585F write=0 insnLen=0 bytes=16
[u42] pass1 ioapic1 READ  reg=0x10 -> 0x00010000
[ioapic #14] gpa=0xFEC00010 pageOff=0x10 rip=0xFFFFF80735BA587A write=1 insnLen=0 bytes=16
[u42] pass1 ioapic1 WRITE reg=0x10 value=0x000100FF
[ioapic #15] gpa=0xFEC00000 pageOff=0x0 rip=0xFFFFF80735BA5881 write=1 insnLen=0 bytes=16
[u42] pass1 ioapic1 SELECT reg=0x11
[ioapic #16] gpa=0xFEC00010 pageOff=0x10 rip=0xFFFFF80735BA5883 write=1 insnLen=0 bytes=16
[u42] pass1 ioapic1 WRITE reg=0x11 value=0x00000000
[ioapic #17] gpa=0xFEC00000 pageOff=0x0 rip=0xFFFFF80735BA585D write=1 insnLen=0 bytes=16
[u42] pass1 ioapic1 SELECT reg=0x12
[ioapic #18] gpa=0xFEC00010 pageOff=0x10 rip=0xFFFFF80735BA585F write=0 insnLen=0 bytes=16
[u42] pass1 ioapic1 READ  reg=0x12 -> 0x00010000
[ioapic #19] gpa=0xFEC00010 pageOff=0x10 rip=0xFFFFF80735BA587A write=1 insnLen=0 bytes=16
[u42] pass1 ioapic1 WRITE reg=0x12 value=0x000100FF
[ioapic #20] gpa=0xFEC00000 pageOff=0x0 rip=0xFFFFF80735BA5881 write=1 insnLen=0 bytes=16
[u42] pass1 ioapic1 SELECT reg=0x13
[ioapic #21] gpa=0xFEC00010 pageOff=0x10 rip=0xFFFFF80735BA5883 write=1 insnLen=0 bytes=16
[u42] pass1 ioapic1 WRITE reg=0x13 value=0x00000000
[ioapic #22] gpa=0xFEC00000 pageOff=0x0 rip=0xFFFFF80735BA585D write=1 insnLen=0 bytes=16
[u42] pass1 ioapic1 SELECT reg=0x14
[ioapic #23] gpa=0xFEC00010 pageOff=0x10 rip=0xFFFFF80735BA585F write=0 insnLen=0 bytes=16
[u42] pass1 ioapic1 READ  reg=0x14 -> 0x00010000
[ioapic #24] gpa=0xFEC00010 pageOff=0x10 rip=0xFFFFF80735BA587A write=1 insnLen=0 bytes=16
[u42] pass1 ioapic1 WRITE reg=0x14 value=0x000100FF
[ioapic #25] gpa=0xFEC00000 pageOff=0x0 rip=0xFFFFF80735BA5881 write=1 insnLen=0 bytes=16
[u42] pass1 ioapic1 SELECT reg=0x15
[ioapic #26] gpa=0xFEC00010 pageOff=0x10 rip=0xFFFFF80735BA5883 write=1 insnLen=0 bytes=16
[u42] pass1 ioapic1 WRITE reg=0x15 value=0x00000000
[ioapic #27] gpa=0xFEC00000 pageOff=0x0 rip=0xFFFFF80735BA585D write=1 insnLen=0 bytes=16
[u42] pass1 ioapic1 SELECT reg=0x16
[ioapic #28] gpa=0xFEC00010 pageOff=0x10 rip=0xFFFFF80735BA585F write=0 insnLen=0 bytes=16
[u42] pass1 ioapic1 READ  reg=0x16 -> 0x00010000
[ioapic #29] gpa=0xFEC00010 pageOff=0x10 rip=0xFFFFF80735BA587A write=1 insnLen=0 bytes=16
[u42] pass1 ioapic1 WRITE reg=0x16 value=0x000100FF
[ioapic #30] gpa=0xFEC00000 pageOff=0x0 rip=0xFFFFF80735BA5881 write=1 insnLen=0 bytes=16
[u42] pass1 ioapic1 SELECT reg=0x17
[ioapic #31] gpa=0xFEC00010 pageOff=0x10 rip=0xFFFFF80735BA5883 write=1 insnLen=0 bytes=16
[u42] pass1 ioapic1 WRITE reg=0x17 value=0x00000000
[ioapic #32] gpa=0xFEC00000 pageOff=0x0 rip=0xFFFFF80735BA585D write=1 insnLen=0 bytes=16
[u42] pass1 ioapic1 SELECT reg=0x18
[ioapic #33] gpa=0xFEC00010 pageOff=0x10 rip=0xFFFFF80735BA585F write=0 insnLen=0 bytes=16
[u42] pass1 ioapic1 READ  reg=0x18 -> 0x00010000
[ioapic #34] gpa=0xFEC00010 pageOff=0x10 rip=0xFFFFF80735BA587A write=1 insnLen=0 bytes=16
[u42] pass1 ioapic1 WRITE reg=0x18 value=0x000100FF
[ioapic #35] gpa=0xFEC00000 pageOff=0x0 rip=0xFFFFF80735BA5881 write=1 insnLen=0 bytes=16
[u42] pass1 ioapic1 SELECT reg=0x19
[ioapic #36] gpa=0xFEC00010 pageOff=0x10 rip=0xFFFFF80735BA5883 write=1 insnLen=0 bytes=16
[u42] pass1 ioapic1 WRITE reg=0x19 value=0x00000000
[ioapic #37] gpa=0xFEC00000 pageOff=0x0 rip=0xFFFFF80735BA585D write=1 insnLen=0 bytes=16
[u42] pass1 ioapic1 SELECT reg=0x1A
[ioapic #38] gpa=0xFEC00010 pageOff=0x10 rip=0xFFFFF80735BA585F write=0 insnLen=0 bytes=16
[u42] pass1 ioapic1 READ  reg=0x1A -> 0x00010000
[ioapic #39] gpa=0xFEC00010 pageOff=0x10 rip=0xFFFFF80735BA587A write=1 insnLen=0 bytes=16
[u42] pass1 ioapic1 WRITE reg=0x1A value=0x000100FF
[ioapic #40] gpa=0xFEC00000 pageOff=0x0 rip=0xFFFFF80735BA5881 write=1 insnLen=0 bytes=16
[u42] pass1 ioapic1 SELECT reg=0x1B
[ioapic #41] gpa=0xFEC00010 pageOff=0x10 rip=0xFFFFF80735BA5883 write=1 insnLen=0 bytes=16
[u42] pass1 ioapic1 WRITE reg=0x1B value=0x00000000
[ioapic #42] gpa=0xFEC00000 pageOff=0x0 rip=0xFFFFF80735BA585D write=1 insnLen=0 bytes=16
[u42] pass1 ioapic1 SELECT reg=0x1C
[ioapic #43] gpa=0xFEC00010 pageOff=0x10 rip=0xFFFFF80735BA585F write=0 insnLen=0 bytes=16
[u42] pass1 ioapic1 READ  reg=0x1C -> 0x00010000
[ioapic #44] gpa=0xFEC00010 pageOff=0x10 rip=0xFFFFF80735BA587A write=1 insnLen=0 bytes=16
[u42] pass1 ioapic1 WRITE reg=0x1C value=0x000100FF
[ioapic #45] gpa=0xFEC00000 pageOff=0x0 rip=0xFFFFF80735BA5881 write=1 insnLen=0 bytes=16
[u42] pass1 ioapic1 SELECT reg=0x1D
[ioapic #46] gpa=0xFEC00010 pageOff=0x10 rip=0xFFFFF80735BA5883 write=1 insnLen=0 bytes=16
[u42] pass1 ioapic1 WRITE reg=0x1D value=0x00000000
[ioapic #47] gpa=0xFEC00000 pageOff=0x0 rip=0xFFFFF80735BA585D write=1 insnLen=0 bytes=16
[u42] pass1 ioapic1 SELECT reg=0x1E
[ioapic #48] gpa=0xFEC00010 pageOff=0x10 rip=0xFFFFF80735BA585F write=0 insnLen=0 bytes=16
[u42] pass1 ioapic1 READ  reg=0x1E -> 0x00010000
[ioapic #49] gpa=0xFEC00010 pageOff=0x10 rip=0xFFFFF80735BA587A write=1 insnLen=0 bytes=16
[u42] pass1 ioapic1 WRITE reg=0x1E value=0x000100FF
[ioapic #50] gpa=0xFEC00000 pageOff=0x0 rip=0xFFFFF80735BA5881 write=1 insnLen=0 bytes=16
[u42] pass1 ioapic1 SELECT reg=0x1F
[ioapic #51] gpa=0xFEC00010 pageOff=0x10 rip=0xFFFFF80735BA5883 write=1 insnLen=0 bytes=16
[u42] pass1 ioapic1 WRITE reg=0x1F value=0x00000000
[ioapic #52] gpa=0xFEC00000 pageOff=0x0 rip=0xFFFFF80735BA585D write=1 insnLen=0 bytes=16
[u42] pass1 ioapic1 SELECT reg=0x20
[ioapic #53] gpa=0xFEC00010 pageOff=0x10 rip=0xFFFFF80735BA585F write=0 insnLen=0 bytes=16
[u42] pass1 ioapic1 READ  reg=0x20 -> 0x00010000
[ioapic #54] gpa=0xFEC00010 pageOff=0x10 rip=0xFFFFF80735BA587A write=1 insnLen=0 bytes=16
[u42] pass1 ioapic1 WRITE reg=0x20 value=0x000100FF
[ioapic #55] gpa=0xFEC00000 pageOff=0x0 rip=0xFFFFF80735BA5881 write=1 insnLen=0 bytes=16
[u42] pass1 ioapic1 SELECT reg=0x21
[ioapic #56] gpa=0xFEC00010 pageOff=0x10 rip=0xFFFFF80735BA5883 write=1 insnLen=0 bytes=16
[u42] pass1 ioapic1 WRITE reg=0x21 value=0x00000000
[ioapic #57] gpa=0xFEC00000 pageOff=0x0 rip=0xFFFFF80735BA585D write=1 insnLen=0 bytes=16
[u42] pass1 ioapic1 SELECT reg=0x22
[ioapic #58] gpa=0xFEC00010 pageOff=0x10 rip=0xFFFFF80735BA585F write=0 insnLen=0 bytes=16
[u42] pass1 ioapic1 READ  reg=0x22 -> 0x00010000
[ioapic #59] gpa=0xFEC00010 pageOff=0x10 rip=0xFFFFF80735BA587A write=1 insnLen=0 bytes=16
[u42] pass1 ioapic1 WRITE reg=0x22 value=0x000100FF
[ioapic #60] gpa=0xFEC00000 pageOff=0x0 rip=0xFFFFF80735BA5881 write=1 insnLen=0 bytes=16
[u42] pass1 ioapic1 SELECT reg=0x23
[ioapic #61] gpa=0xFEC00010 pageOff=0x10 rip=0xFFFFF80735BA5883 write=1 insnLen=0 bytes=16
[u42] pass1 ioapic1 WRITE reg=0x23 value=0x00000000
[ioapic #62] gpa=0xFEC00000 pageOff=0x0 rip=0xFFFFF80735BA585D write=1 insnLen=0 bytes=16
[u42] pass1 ioapic1 SELECT reg=0x24
[ioapic #63] gpa=0xFEC00010 pageOff=0x10 rip=0xFFFFF80735BA585F write=0 insnLen=0 bytes=16
[u42] pass1 ioapic1 READ  reg=0x24 -> 0x00010000
[ioapic #64] gpa=0xFEC00010 pageOff=0x10 rip=0xFFFFF80735BA587A write=1 insnLen=0 bytes=16
[u42] pass1 ioapic1 WRITE reg=0x24 value=0x000100FF
[ioapic #65] gpa=0xFEC00000 pageOff=0x0 rip=0xFFFFF80735BA5881 write=1 insnLen=0 bytes=16
[u42] pass1 ioapic1 SELECT reg=0x25
[ioapic #66] gpa=0xFEC00010 pageOff=0x10 rip=0xFFFFF80735BA5883 write=1 insnLen=0 bytes=16
[u42] pass1 ioapic1 WRITE reg=0x25 value=0x00000000
[ioapic #67] gpa=0xFEC00000 pageOff=0x0 rip=0xFFFFF80735BA585D write=1 insnLen=0 bytes=16
[u42] pass1 ioapic1 SELECT reg=0x26
[ioapic #68] gpa=0xFEC00010 pageOff=0x10 rip=0xFFFFF80735BA585F write=0 insnLen=0 bytes=16
[u42] pass1 ioapic1 READ  reg=0x26 -> 0x00010000
[ioapic #69] gpa=0xFEC00010 pageOff=0x10 rip=0xFFFFF80735BA587A write=1 insnLen=0 bytes=16
[u42] pass1 ioapic1 WRITE reg=0x26 value=0x000100FF
[ioapic #70] gpa=0xFEC00000 pageOff=0x0 rip=0xFFFFF80735BA5881 write=1 insnLen=0 bytes=16
[u42] pass1 ioapic1 SELECT reg=0x27
[ioapic #71] gpa=0xFEC00010 pageOff=0x10 rip=0xFFFFF80735BA5883 write=1 insnLen=0 bytes=16
[u42] pass1 ioapic1 WRITE reg=0x27 value=0x00000000
[ioapic #72] gpa=0xFEC00000 pageOff=0x0 rip=0xFFFFF80735BA585D write=1 insnLen=0 bytes=16
[u42] pass1 ioapic1 SELECT reg=0x28
[ioapic #73] gpa=0xFEC00010 pageOff=0x10 rip=0xFFFFF80735BA585F write=0 insnLen=0 bytes=16
[u42] pass1 ioapic1 READ  reg=0x28 -> 0x00010000
[ioapic #74] gpa=0xFEC00010 pageOff=0x10 rip=0xFFFFF80735BA587A write=1 insnLen=0 bytes=16
[u42] pass1 ioapic1 WRITE reg=0x28 value=0x000100FF
[ioapic #75] gpa=0xFEC00000 pageOff=0x0 rip=0xFFFFF80735BA5881 write=1 insnLen=0 bytes=16
[u42] pass1 ioapic1 SELECT reg=0x29
[ioapic #76] gpa=0xFEC00010 pageOff=0x10 rip=0xFFFFF80735BA5883 write=1 insnLen=0 bytes=16
[u42] pass1 ioapic1 WRITE reg=0x29 value=0x00000000
[ioapic #77] gpa=0xFEC00000 pageOff=0x0 rip=0xFFFFF80735BA585D write=1 insnLen=0 bytes=16
[u42] pass1 ioapic1 SELECT reg=0x2A
[ioapic #78] gpa=0xFEC00010 pageOff=0x10 rip=0xFFFFF80735BA585F write=0 insnLen=0 bytes=16
[u42] pass1 ioapic1 READ  reg=0x2A -> 0x00010000
[ioapic #79] gpa=0xFEC00010 pageOff=0x10 rip=0xFFFFF80735BA587A write=1 insnLen=0 bytes=16
[u42] pass1 ioapic1 WRITE reg=0x2A value=0x000100FF
[ioapic #80] gpa=0xFEC00000 pageOff=0x0 rip=0xFFFFF80735BA5881 write=1 insnLen=0 bytes=16
[u42] pass1 ioapic1 SELECT reg=0x2B
[ioapic #81] gpa=0xFEC00010 pageOff=0x10 rip=0xFFFFF80735BA5883 write=1 insnLen=0 bytes=16
[u42] pass1 ioapic1 WRITE reg=0x2B value=0x00000000
[ioapic #82] gpa=0xFEC00000 pageOff=0x0 rip=0xFFFFF80735BA585D write=1 insnLen=0 bytes=16
[u42] pass1 ioapic1 SELECT reg=0x2C
[ioapic #83] gpa=0xFEC00010 pageOff=0x10 rip=0xFFFFF80735BA585F write=0 insnLen=0 bytes=16
[u42] pass1 ioapic1 READ  reg=0x2C -> 0x00010000
[ioapic #84] gpa=0xFEC00010 pageOff=0x10 rip=0xFFFFF80735BA587A write=1 insnLen=0 bytes=16
[u42] pass1 ioapic1 WRITE reg=0x2C value=0x000100FF
[ioapic #85] gpa=0xFEC00000 pageOff=0x0 rip=0xFFFFF80735BA5881 write=1 insnLen=0 bytes=16
[u42] pass1 ioapic1 SELECT reg=0x2D
[ioapic #86] gpa=0xFEC00010 pageOff=0x10 rip=0xFFFFF80735BA5883 write=1 insnLen=0 bytes=16
[u42] pass1 ioapic1 WRITE reg=0x2D value=0x00000000
[ioapic #87] gpa=0xFEC00000 pageOff=0x0 rip=0xFFFFF80735BA585D write=1 insnLen=0 bytes=16
[u42] pass1 ioapic1 SELECT reg=0x2E
[ioapic #88] gpa=0xFEC00010 pageOff=0x10 rip=0xFFFFF80735BA585F write=0 insnLen=0 bytes=16
[u42] pass1 ioapic1 READ  reg=0x2E -> 0x00010000
[ioapic #89] gpa=0xFEC00010 pageOff=0x10 rip=0xFFFFF80735BA587A write=1 insnLen=0 bytes=16
[u42] pass1 ioapic1 WRITE reg=0x2E value=0x000100FF
[ioapic #90] gpa=0xFEC00000 pageOff=0x0 rip=0xFFFFF80735BA5881 write=1 insnLen=0 bytes=16
[u42] pass1 ioapic1 SELECT reg=0x2F
[ioapic #91] gpa=0xFEC00010 pageOff=0x10 rip=0xFFFFF80735BA5883 write=1 insnLen=0 bytes=16
[u42] pass1 ioapic1 WRITE reg=0x2F value=0x00000000
[ioapic #92] gpa=0xFEC00000 pageOff=0x0 rip=0xFFFFF80735BA585D write=1 insnLen=0 bytes=16
[u42] pass1 ioapic1 SELECT reg=0x30
[ioapic #93] gpa=0xFEC00010 pageOff=0x10 rip=0xFFFFF80735BA585F write=0 insnLen=0 bytes=16
[u42] pass1 ioapic1 READ  reg=0x30 -> 0x00010000
[ioapic #94] gpa=0xFEC00010 pageOff=0x10 rip=0xFFFFF80735BA587A write=1 insnLen=0 bytes=16
[u42] pass1 ioapic1 WRITE reg=0x30 value=0x000100FF
[ioapic #95] gpa=0xFEC00000 pageOff=0x0 rip=0xFFFFF80735BA5881 write=1 insnLen=0 bytes=16
[u42] pass1 ioapic1 SELECT reg=0x31
[ioapic #96] gpa=0xFEC00010 pageOff=0x10 rip=0xFFFFF80735BA5883 write=1 insnLen=0 bytes=16
[u42] pass1 ioapic1 WRITE reg=0x31 value=0x00000000
[ioapic #97] gpa=0xFEC00000 pageOff=0x0 rip=0xFFFFF80735BA585D write=1 insnLen=0 bytes=16
[u42] pass1 ioapic1 SELECT reg=0x32
[ioapic #98] gpa=0xFEC00010 pageOff=0x10 rip=0xFFFFF80735BA585F write=0 insnLen=0 bytes=16
[u42] pass1 ioapic1 READ  reg=0x32 -> 0x00010000
[ioapic #99] gpa=0xFEC00010 pageOff=0x10 rip=0xFFFFF80735BA587A write=1 insnLen=0 bytes=16
[u42] pass1 ioapic1 WRITE reg=0x32 value=0x000100FF
[ioapic #100] gpa=0xFEC00000 pageOff=0x0 rip=0xFFFFF80735BA5881 write=1 insnLen=0 bytes=16
[u42] pass1 ioapic1 SELECT reg=0x33
[u42] pass1 ioapic1 WRITE reg=0x33 value=0x00000000
[u42] pass1 ioapic1 SELECT reg=0x34
[u42] pass1 ioapic1 READ  reg=0x34 -> 0x00010000
[u42] pass1 ioapic1 WRITE reg=0x34 value=0x000100FF
[u42] pass1 ioapic1 SELECT reg=0x35
[u42] pass1 ioapic1 WRITE reg=0x35 value=0x00000000
[u42] pass1 ioapic1 SELECT reg=0x36
[u42] pass1 ioapic1 READ  reg=0x36 -> 0x00010000
[u42] pass1 ioapic1 WRITE reg=0x36 value=0x000100FF
[u42] pass1 ioapic1 SELECT reg=0x37
[u42] pass1 ioapic1 WRITE reg=0x37 value=0x00000000
[u42] pass1 ioapic1 SELECT reg=0x38
[u42] pass1 ioapic1 READ  reg=0x38 -> 0x00010000
[u42] pass1 ioapic1 WRITE reg=0x38 value=0x000100FF
[u42] pass1 ioapic1 SELECT reg=0x39
[u42] pass1 ioapic1 WRITE reg=0x39 value=0x00000000
[u42] pass1 ioapic1 SELECT reg=0x3A
[u42] pass1 ioapic1 READ  reg=0x3A -> 0x00010000
[u42] pass1 ioapic1 WRITE reg=0x3A value=0x000100FF
[u42] pass1 ioapic1 SELECT reg=0x3B
[u42] pass1 ioapic1 WRITE reg=0x3B value=0x00000000
[u42] pass1 ioapic1 SELECT reg=0x3C
[u42] pass1 ioapic1 READ  reg=0x3C -> 0x00010000
[u42] pass1 ioapic1 WRITE reg=0x3C value=0x000100FF
[u42] pass1 ioapic1 SELECT reg=0x3D
[u42] pass1 ioapic1 WRITE reg=0x3D value=0x00000000
[u42] pass1 ioapic1 SELECT reg=0x3E
[u42] pass1 ioapic1 READ  reg=0x3E -> 0x00010000
[u42] pass1 ioapic1 WRITE reg=0x3E value=0x000100FF
[u42] pass1 ioapic1 SELECT reg=0x3F
[u42] pass1 ioapic1 WRITE reg=0x3F value=0x00000000
[u42] pass1 ioapic2 SELECT reg=0x01
[u42] pass1 ioapic2 WRITE reg=0x01 value=0x00000000
[u42] pass1 ioapic2 SELECT reg=0x01
[u42] pass1 ioapic2 READ  reg=0x01 -> 0x00170011
[u42] pass1 ioapic2 SELECT reg=0x01
[u42] pass1 ioapic2 WRITE reg=0x01 value=0x00000000
[u42] pass1 ioapic2 SELECT reg=0x01
[u42] pass1 ioapic2 READ  reg=0x01 -> 0x00170011
[u42] pass1 ioapic2 SELECT reg=0x00
[u42] pass1 ioapic2 READ  reg=0x00 -> 0x02000000
[u42] pass1 ioapic2 WRITE reg=0x00 value=0x02000000
[u42] pass1 ioapic2 SELECT reg=0x10
[u42] pass1 ioapic2 READ  reg=0x10 -> 0x00010000
[u42] pass1 ioapic2 WRITE reg=0x10 value=0x000100FF
[u42] pass1 ioapic2 SELECT reg=0x11
[u42] pass1 ioapic2 WRITE reg=0x11 value=0x00000000
[u42] pass1 ioapic2 SELECT reg=0x12
[u42] pass1 ioapic2 READ  reg=0x12 -> 0x00010000
[u42] pass1 ioapic2 WRITE reg=0x12 value=0x000100FF
[u42] pass1 ioapic2 SELECT reg=0x13
[u42] pass1 ioapic2 WRITE reg=0x13 value=0x00000000
[u42] pass1 ioapic2 SELECT reg=0x14
[u42] pass1 ioapic2 READ  reg=0x14 -> 0x00010000
[u42] pass1 ioapic2 WRITE reg=0x14 value=0x000100FF
[u42] pass1 ioapic2 SELECT reg=0x15
[u42] pass1 ioapic2 WRITE reg=0x15 value=0x00000000
[u42] pass1 ioapic2 SELECT reg=0x16
[u42] pass1 ioapic2 READ  reg=0x16 -> 0x00010000
[u42] pass1 ioapic2 WRITE reg=0x16 value=0x000100FF
[u42] pass1 ioapic2 SELECT reg=0x17
[u42] pass1 ioapic2 WRITE reg=0x17 value=0x00000000
[u42] pass1 ioapic2 SELECT reg=0x18
[u42] pass1 ioapic2 READ  reg=0x18 -> 0x00010000
[u42] pass1 ioapic2 WRITE reg=0x18 value=0x000100FF
[u42] pass1 ioapic2 SELECT reg=0x19
[u42] pass1 ioapic2 WRITE reg=0x19 value=0x00000000
[u42] pass1 ioapic2 SELECT reg=0x1A
[u42] pass1 ioapic2 READ  reg=0x1A -> 0x00010000
[u42] pass1 ioapic2 WRITE reg=0x1A value=0x000100FF
[u42] pass1 ioapic2 SELECT reg=0x1B
[u42] pass1 ioapic2 WRITE reg=0x1B value=0x00000000
[u42] pass1 ioapic2 SELECT reg=0x1C
[u42] pass1 ioapic2 READ  reg=0x1C -> 0x00010000
[u42] pass1 ioapic2 WRITE reg=0x1C value=0x000100FF
[u42] pass1 ioapic2 SELECT reg=0x1D
[u42] pass1 ioapic2 WRITE reg=0x1D value=0x00000000
[u42] pass1 ioapic2 SELECT reg=0x1E
[u42] pass1 ioapic2 READ  reg=0x1E -> 0x00010000
[u42] pass1 ioapic2 WRITE reg=0x1E value=0x000100FF
[u42] pass1 ioapic2 SELECT reg=0x1F
[u42] pass1 ioapic2 WRITE reg=0x1F value=0x00000000
[u42] pass1 ioapic2 SELECT reg=0x20
[u42] pass1 ioapic2 READ  reg=0x20 -> 0x00010000
[u42] pass1 ioapic2 WRITE reg=0x20 value=0x000100FF
[u42] pass1 ioapic2 SELECT reg=0x21
[u42] pass1 ioapic2 WRITE reg=0x21 value=0x00000000
[u42] pass1 ioapic2 SELECT reg=0x22
[u42] pass1 ioapic2 READ  reg=0x22 -> 0x00010000
[u42] pass1 ioapic2 WRITE reg=0x22 value=0x000100FF
[u42] pass1 ioapic2 SELECT reg=0x23
[u42] pass1 ioapic2 WRITE reg=0x23 value=0x00000000
[u42] pass1 ioapic2 SELECT reg=0x24
[u42] pass1 ioapic2 READ  reg=0x24 -> 0x00010000
[u42] pass1 ioapic2 WRITE reg=0x24 value=0x000100FF
[u42] pass1 ioapic2 SELECT reg=0x25
[u42] pass1 ioapic2 WRITE reg=0x25 value=0x00000000
[u42] pass1 ioapic2 SELECT reg=0x26
[u42] pass1 ioapic2 READ  reg=0x26 -> 0x00010000
[u42] pass1 ioapic2 WRITE reg=0x26 value=0x000100FF
[u42] pass1 ioapic2 SELECT reg=0x27
[u42] pass1 ioapic2 WRITE reg=0x27 value=0x00000000
[u42] pass1 ioapic2 SELECT reg=0x28
[u42] pass1 ioapic2 READ  reg=0x28 -> 0x00010000
[u42] pass1 ioapic2 WRITE reg=0x28 value=0x000100FF
[u42] pass1 ioapic2 SELECT reg=0x29
[u42] pass1 ioapic2 WRITE reg=0x29 value=0x00000000
[u42] pass1 ioapic2 SELECT reg=0x2A
[u42] pass1 ioapic2 READ  reg=0x2A -> 0x00010000
[u42] pass1 ioapic2 WRITE reg=0x2A value=0x000100FF
[u42] pass1 ioapic2 SELECT reg=0x2B
[u42] pass1 ioapic2 WRITE reg=0x2B value=0x00000000
[u42] pass1 ioapic2 SELECT reg=0x2C
[u42] pass1 ioapic2 READ  reg=0x2C -> 0x00010000
[u42] pass1 ioapic2 WRITE reg=0x2C value=0x000100FF
[u42] pass1 ioapic2 SELECT reg=0x2D
[u42] pass1 ioapic2 WRITE reg=0x2D value=0x00000000
[u42] pass1 ioapic2 SELECT reg=0x2E
[u42] pass1 ioapic2 READ  reg=0x2E -> 0x00010000
[u42] pass1 ioapic2 WRITE reg=0x2E value=0x000100FF
[u42] pass1 ioapic2 SELECT reg=0x2F
[u42] pass1 ioapic2 WRITE reg=0x2F value=0x00000000
[u42] pass1 ioapic2 SELECT reg=0x30
[u42] pass1 ioapic2 READ  reg=0x30 -> 0x00010000
[u42] pass1 ioapic2 WRITE reg=0x30 value=0x000100FF
[u42] pass1 ioapic2 SELECT reg=0x31
[u42] pass1 ioapic2 WRITE reg=0x31 value=0x00000000
[u42] pass1 ioapic2 SELECT reg=0x32
[u42] pass1 ioapic2 READ  reg=0x32 -> 0x00010000
[u42] pass1 ioapic2 WRITE reg=0x32 value=0x000100FF
[u42] pass1 ioapic2 SELECT reg=0x33
[u42] pass1 ioapic2 WRITE reg=0x33 value=0x00000000
[u42] pass1 ioapic2 SELECT reg=0x34
[u42] pass1 ioapic2 READ  reg=0x34 -> 0x00010000
[u42] pass1 ioapic2 WRITE reg=0x34 value=0x000100FF
[u42] pass1 ioapic2 SELECT reg=0x35
[u42] pass1 ioapic2 WRITE reg=0x35 value=0x00000000
[u42] pass1 ioapic2 SELECT reg=0x36
[u42] pass1 ioapic2 READ  reg=0x36 -> 0x00010000
[u42] pass1 ioapic2 WRITE reg=0x36 value=0x000100FF
[u42] pass1 ioapic2 SELECT reg=0x37
[u42] pass1 ioapic2 WRITE reg=0x37 value=0x00000000
[u42] pass1 ioapic2 SELECT reg=0x38
[u42] pass1 ioapic2 READ  reg=0x38 -> 0x00010000
[u42] pass1 ioapic2 WRITE reg=0x38 value=0x000100FF
[u42] pass1 ioapic2 SELECT reg=0x39
[u42] pass1 ioapic2 WRITE reg=0x39 value=0x00000000
[u42] pass1 ioapic2 SELECT reg=0x3A
[u42] pass1 ioapic2 READ  reg=0x3A -> 0x00010000
[u42] pass1 ioapic2 WRITE reg=0x3A value=0x000100FF
[u42] pass1 ioapic2 SELECT reg=0x3B
[u42] pass1 ioapic2 WRITE reg=0x3B value=0x00000000
[u42] pass1 ioapic2 SELECT reg=0x3C
[u42] pass1 ioapic2 READ  reg=0x3C -> 0x00010000
[u42] pass1 ioapic2 WRITE reg=0x3C value=0x000100FF
[u42] pass1 ioapic2 SELECT reg=0x3D
[u42] pass1 ioapic2 WRITE reg=0x3D value=0x00000000
[u42] pass1 ioapic2 SELECT reg=0x3E
[u42] pass1 ioapic2 READ  reg=0x3E -> 0x00010000
[u42] pass1 ioapic2 WRITE reg=0x3E value=0x000100FF
[heartbeat: exitCount=110000 elapsedSec=12.3 lastPort=0xB008 write=0 val=0xFF]
[cmos-ab] write reg=0x0A value=0x25 (RegA=0x25 RegB=0x02, PIE=0)
[ioapic-rte] controller id=1 entry=8 reg=0x20 value=0x000008D1 -> full RTE now 0x01000000000008D1 (vector=0xD1 masked=0)
[cmos-ab] write reg=0x0B value=0x02 (RegA=0x25 RegB=0x02, PIE=0)
[ioapic-rte] controller id=1 entry=8 reg=0x21 value=0x01000000 -> full RTE now 0x01000000000008D1 (vector=0xD1 masked=0)
[ioapic-rte] controller id=1 entry=8 reg=0x20 value=0x000008D1 -> full RTE now 0x01000000000008D1 (vector=0xD1 masked=0)
[cmos-ab] write reg=0x0B value=0x42 (RegA=0x25 RegB=0x42, PIE=1)
[u43] pass1 gsi=8 PROGRAMMED vector=0xD1 (legacy would be 0x70) rte=0x01000000000008D1 kernelFound=1
[rtc-diag] tick #1 FIRED vector=0xD1, skippedTotal=0 firedTotal=1
[u43] pass1 gsi=8 PROGRAMMED vector=0xD1 (legacy would be 0x70) rte=0x01000000000008D1 kernelFound=1
[rtc-diag] tick #2 FIRED vector=0xD1, skippedTotal=0 firedTotal=2
[u43] pass1 gsi=8 PROGRAMMED vector=0xD1 (legacy would be 0x70) rte=0x01000000000008D1 kernelFound=1
[rtc-diag] tick #3 FIRED vector=0xD1, skippedTotal=0 firedTotal=3
[u43] pass1 gsi=8 PROGRAMMED vector=0xD1 (legacy would be 0x70) rte=0x01000000000008D1 kernelFound=1
[rtc-diag] tick #4 FIRED vector=0xD1, skippedTotal=0 firedTotal=4
[u43] pass1 gsi=8 PROGRAMMED vector=0xD1 (legacy would be 0x70) rte=0x01000000000008D1 kernelFound=1
[rtc-diag] tick #5 FIRED vector=0xD1, skippedTotal=0 firedTotal=5
[u43] pass1 gsi=8 PROGRAMMED vector=0xD1 (legacy would be 0x70) rte=0x01000000000008D1 kernelFound=1
[rtc-diag] tick #6 FIRED vector=0xD1, skippedTotal=0 firedTotal=6
[u43] pass1 gsi=8 PROGRAMMED vector=0xD1 (legacy would be 0x70) rte=0x01000000000008D1 kernelFound=1
[rtc-diag] tick #7 FIRED vector=0xD1, skippedTotal=0 firedTotal=7
[u43] pass1 gsi=8 PROGRAMMED vector=0xD1 (legacy would be 0x70) rte=0x01000000000008D1 kernelFound=1
[rtc-diag] tick #8 FIRED vector=0xD1, skippedTotal=0 firedTotal=8
[u43] pass1 gsi=8 PROGRAMMED vector=0xD1 (legacy would be 0x70) rte=0x01000000000008D1 kernelFound=1
[rtc-diag] tick #9 FIRED vector=0xD1, skippedTotal=0 firedTotal=9
[u43] pass1 gsi=8 PROGRAMMED vector=0xD1 (legacy would be 0x70) rte=0x01000000000008D1 kernelFound=1
[rtc-diag] tick #10 FIRED vector=0xD1, skippedTotal=0 firedTotal=10
[u43] pass1 gsi=8 PROGRAMMED vector=0xD1 (legacy would be 0x70) rte=0x01000000000008D1 kernelFound=1
[rtc-diag] tick #11 FIRED vector=0xD1, skippedTotal=0 firedTotal=11
[u43] pass1 gsi=8 PROGRAMMED vector=0xD1 (legacy would be 0x70) rte=0x01000000000008D1 kernelFound=1
[rtc-diag] tick #12 FIRED vector=0xD1, skippedTotal=0 firedTotal=12
[u43] pass1 gsi=8 PROGRAMMED vector=0xD1 (legacy would be 0x70) rte=0x01000000000008D1 kernelFound=1
[rtc-diag] tick #13 FIRED vector=0xD1, skippedTotal=0 firedTotal=13
[u43] pass1 gsi=8 PROGRAMMED vector=0xD1 (legacy would be 0x70) rte=0x01000000000008D1 kernelFound=1
[rtc-diag] tick #14 FIRED vector=0xD1, skippedTotal=0 firedTotal=14
[u43] pass1 gsi=8 PROGRAMMED vector=0xD1 (legacy would be 0x70) rte=0x01000000000008D1 kernelFound=1
[rtc-diag] tick #15 FIRED vector=0xD1, skippedTotal=0 firedTotal=15
[u43] pass1 gsi=8 PROGRAMMED vector=0xD1 (legacy would be 0x70) rte=0x01000000000008D1 kernelFound=1
[rtc-diag] tick #16 FIRED vector=0xD1, skippedTotal=0 firedTotal=16
[u43] pass1 gsi=8 PROGRAMMED vector=0xD1 (legacy would be 0x70) rte=0x01000000000008D1 kernelFound=1
[rtc-diag] tick #17 FIRED vector=0xD1, skippedTotal=0 firedTotal=17
[u43] pass1 gsi=8 PROGRAMMED vector=0xD1 (legacy would be 0x70) rte=0x01000000000008D1 kernelFound=1
[rtc-diag] tick #18 FIRED vector=0xD1, skippedTotal=0 firedTotal=18
[u43] pass1 gsi=8 PROGRAMMED vector=0xD1 (legacy would be 0x70) rte=0x01000000000008D1 kernelFound=1
[rtc-diag] tick #19 FIRED vector=0xD1, skippedTotal=0 firedTotal=19
[u43] pass1 gsi=8 PROGRAMMED vector=0xD1 (legacy would be 0x70) rte=0x01000000000008D1 kernelFound=1
[rtc-diag] tick #20 FIRED vector=0xD1, skippedTotal=0 firedTotal=20
[u43] pass1 gsi=8 PROGRAMMED vector=0xD1 (legacy would be 0x70) rte=0x01000000000008D1 kernelFound=1
[rtc-diag] tick #21 FIRED vector=0xD1, skippedTotal=0 firedTotal=21
[u43] pass1 gsi=8 PROGRAMMED vector=0xD1 (legacy would be 0x70) rte=0x01000000000008D1 kernelFound=1
[rtc-diag] tick #22 FIRED vector=0xD1, skippedTotal=0 firedTotal=22
[u43] pass1 gsi=8 PROGRAMMED vector=0xD1 (legacy would be 0x70) rte=0x01000000000008D1 kernelFound=1
[rtc-diag] tick #23 FIRED vector=0xD1, skippedTotal=0 firedTotal=23
[u43] pass1 gsi=8 PROGRAMMED vector=0xD1 (legacy would be 0x70) rte=0x01000000000008D1 kernelFound=1
[rtc-diag] tick #24 FIRED vector=0xD1, skippedTotal=0 firedTotal=24
[u43] pass1 gsi=8 PROGRAMMED vector=0xD1 (legacy would be 0x70) rte=0x01000000000008D1 kernelFound=1
[rtc-diag] tick #25 FIRED vector=0xD1, skippedTotal=0 firedTotal=25
[rtc-diag] tick #26 FIRED vector=0xD1, skippedTotal=0 firedTotal=26
[rtc-diag] tick #27 FIRED vector=0xD1, skippedTotal=0 firedTotal=27
[rtc-diag] tick #28 FIRED vector=0xD1, skippedTotal=0 firedTotal=28
[rtc-diag] tick #29 FIRED vector=0xD1, skippedTotal=0 firedTotal=29
[rtc-diag] tick #30 FIRED vector=0xD1, skippedTotal=0 firedTotal=30
[cmos-ab] write reg=0x0B value=0x02 (RegA=0x25 RegB=0x02, PIE=0)
[u34] *** ExAllocatePoolWithTag ENTERED *** pass=1 exitCount=112393
[u34]   args PoolType=0x1 Size=0x300 Tag=0x74517350 r9=0x1 rsp=0xFFFFF8073A075418
[u34]   GUARANTEED caller [rsp+0x00]=0xFFFFF8073626F3AB[kerneldiag] candidate address 0xFFFFF8073626F3AB resolves to module base 0xFFFFF80735800000 (+0xA6F3AB into it)
[kerneldiag] debug directory: type=2 codeViewRva=0x40970
[kerneldiag] module PDB name: ntkrnlmp.pdb guid=D9424FC4-861E-47C1-0FAD1B35DEC6DCC8 age=1
  (base 0xFFFFF80735800000 RVA 0xA6F3AB)
[u34]   HEURISTIC deeper scan (context only -- stale frames possible, see U44/U45):
[u34]     [rsp+0x00]=0xFFFFF8073626F3AB[kerneldiag] candidate address 0xFFFFF8073626F3AB resolves to module base 0xFFFFF80735800000 (+0xA6F3AB into it)
[kerneldiag] debug directory: type=2 codeViewRva=0x40970
[kerneldiag] module PDB name: ntkrnlmp.pdb guid=D9424FC4-861E-47C1-0FAD1B35DEC6DCC8 age=1
  (base 0xFFFFF80735800000 RVA 0xA6F3AB)
[u34]     [rsp+0x08]=0xFFFFF80736450B80[kerneldiag] candidate address 0xFFFFF80736450B80 resolves to module base 0xFFFFF80735800000 (+0xC50B80 into it)
[kerneldiag] debug directory: type=2 codeViewRva=0x40970
[kerneldiag] module PDB name: ntkrnlmp.pdb guid=D9424FC4-861E-47C1-0FAD1B35DEC6DCC8 age=1
  (base 0xFFFFF80735800000 RVA 0xC50B80)
[u34]     [rsp+0x18]=0xFFFFF80736524970[kerneldiag] candidate address 0xFFFFF80736524970 resolves to module base 0xFFFFF80735800000 (+0xD24970 into it)
[kerneldiag] debug directory: type=2 codeViewRva=0x40970
[kerneldiag] module PDB name: ntkrnlmp.pdb guid=D9424FC4-861E-47C1-0FAD1B35DEC6DCC8 age=1
  (base 0xFFFFF80735800000 RVA 0xD24970)
[u34]     [rsp+0x20]=0xFFFFF8073190B21C[kerneldiag] no PE header found scanning VA back from 0xFFFFF8073190B21C

[u34]     [rsp+0x28]=0xFFFFF8073099F5F0[kerneldiag] no PE header found scanning VA back from 0xFFFFF8073099F5F0

[u34]     [rsp+0x30]=0xFFFFF80736257112[kerneldiag] candidate address 0xFFFFF80736257112 resolves to module base 0xFFFFF80735800000 (+0xA57112 into it)
[kerneldiag] debug directory: type=2 codeViewRva=0x40970
[kerneldiag] module PDB name: ntkrnlmp.pdb guid=D9424FC4-861E-47C1-0FAD1B35DEC6DCC8 age=1
  (base 0xFFFFF80735800000 RVA 0xA57112)
[u34]     [rsp+0x38]=0xFFFFF80736450B80[kerneldiag] candidate address 0xFFFFF80736450B80 resolves to module base 0xFFFFF80735800000 (+0xC50B80 into it)
[kerneldiag] debug directory: type=2 codeViewRva=0x40970
[kerneldiag] module PDB name: ntkrnlmp.pdb guid=D9424FC4-861E-47C1-0FAD1B35DEC6DCC8 age=1
  (base 0xFFFFF80735800000 RVA 0xC50B80)
[u34]     [rsp+0x40]=0xFFFFF8073A075600[kerneldiag] candidate address 0xFFFFF8073A075600 resolves to module base 0xFFFFF80739DF0000 (+0x285600 into it)
[kerneldiag] debug directory: type=2 codeViewRva=0x2174
[kerneldiag] module PDB name: volume.pdb guid=AAF65608-ADE9-794A-A208A2E6534FF85E age=1
  (base 0xFFFFF80739DF0000 RVA 0x285600)
[u34]     [rsp+0x48]=0xFFFFF8073099F5F0[kerneldiag] no PE header found scanning VA back from 0xFFFFF8073099F5F0

[u34]     [rsp+0x50]=0xFFFFF8073099F5F0[kerneldiag] no PE header found scanning VA back from 0xFFFFF8073099F5F0

[u34]     [rsp+0x80]=0xFFFFF80735BB9090[kerneldiag] candidate address 0xFFFFF80735BB9090 resolves to module base 0xFFFFF80735800000 (+0x3B9090 into it)
[kerneldiag] debug directory: type=2 codeViewRva=0x40970
[kerneldiag] module PDB name: ntkrnlmp.pdb guid=D9424FC4-861E-47C1-0FAD1B35DEC6DCC8 age=1
  (base 0xFFFFF80735800000 RVA 0x3B9090)
[u34]     [rsp+0x88]=0xFFFFF80735BB4040[kerneldiag] candidate address 0xFFFFF80735BB4040 resolves to module base 0xFFFFF80735800000 (+0x3B4040 into it)
[kerneldiag] debug directory: type=2 codeViewRva=0x40970
[kerneldiag] module PDB name: ntkrnlmp.pdb guid=D9424FC4-861E-47C1-0FAD1B35DEC6DCC8 age=1
  (base 0xFFFFF80735800000 RVA 0x3B4040)
[u34]     [rsp+0x90]=0xFFFFF80735BC0670[kerneldiag] candidate address 0xFFFFF80735BC0670 resolves to module base 0xFFFFF80735800000 (+0x3C0670 into it)
[kerneldiag] debug directory: type=2 codeViewRva=0x40970
[kerneldiag] module PDB name: ntkrnlmp.pdb guid=D9424FC4-861E-47C1-0FAD1B35DEC6DCC8 age=1
  (base 0xFFFFF80735800000 RVA 0x3C0670)
[u34]     [rsp+0x98]=0xFFFFF80735BCA850[kerneldiag] candidate address 0xFFFFF80735BCA850 resolves to module base 0xFFFFF80735800000 (+0x3CA850 into it)
[kerneldiag] debug directory: type=2 codeViewRva=0x40970
[kerneldiag] module PDB name: ntkrnlmp.pdb guid=D9424FC4-861E-47C1-0FAD1B35DEC6DCC8 age=1
  (base 0xFFFFF80735800000 RVA 0x3CA850)
[u34]     [rsp+0xB0]=0xFFFFF80736256FEE[kerneldiag] candidate address 0xFFFFF80736256FEE resolves to module base 0xFFFFF80735800000 (+0xA56FEE into it)
[kerneldiag] debug directory: type=2 codeViewRva=0x40970
[kerneldiag] module PDB name: ntkrnlmp.pdb guid=D9424FC4-861E-47C1-0FAD1B35DEC6DCC8 age=1
  (base 0xFFFFF80735800000 RVA 0xA56FEE)
[u34]     [rsp+0xB8]=0xFFFFF8073099F5F0[kerneldiag] no PE header found scanning VA back from 0xFFFFF8073099F5F0

[u34]     [rsp+0xC0]=0xFFFFF8073099F5F0[kerneldiag] no PE header found scanning VA back from 0xFFFFF8073099F5F0

[u34]     [rsp+0xC8]=0xFFFFF8073A075600[kerneldiag] candidate address 0xFFFFF8073A075600 resolves to module base 0xFFFFF80739DF0000 (+0x285600 into it)
[kerneldiag] debug directory: type=2 codeViewRva=0x2174
[kerneldiag] module PDB name: volume.pdb guid=AAF65608-ADE9-794A-A208A2E6534FF85E age=1
  (base 0xFFFFF80739DF0000 RVA 0x285600)
[u34]     [rsp+0xE0]=0xFFFFF8073623D5CE[kerneldiag] candidate address 0xFFFFF8073623D5CE resolves to module base 0xFFFFF80735800000 (+0xA3D5CE into it)
[kerneldiag] debug directory: type=2 codeViewRva=0x40970
[kerneldiag] module PDB name: ntkrnlmp.pdb guid=D9424FC4-861E-47C1-0FAD1B35DEC6DCC8 age=1
  (base 0xFFFFF80735800000 RVA 0xA3D5CE)
[u34]     [rsp+0xE8]=0xFFFFF8073099F5F0[kerneldiag] no PE header found scanning VA back from 0xFFFFF8073099F5F0

[u34] one-shot fired (1 hit) -- disarming DR0 for this pass
[u33] EDGE pass=1 exitCount=113576 pool[0]: +0x08 0x0->0xFFFF8F85DF802000 +0x10 0x0->0xFFFFE68951800000 +0x08 INIT(null->set) +0x10 INIT(null->set)
[heartbeat: exitCount=115000 elapsedSec=13.4 lastPort=0xCF8 write=1 val=0xC]
[heartbeat: exitCount=120000 elapsedSec=13.5 lastPort=0xCFC write=0 val=0xC]
[heartbeat: exitCount=125000 elapsedSec=13.6 lastPort=0xCF8 write=1 val=0xC]
[heartbeat: exitCount=130000 elapsedSec=13.7 lastPort=0xCF8 write=1 val=0xC]
[heartbeat: exitCount=135000 elapsedSec=13.9 lastPort=0xCFC write=0 val=0xC]
[cmos-ab] write reg=0x0B value=0x02 (RegA=0x25 RegB=0x02, PIE=0)
[ioapic-rte] controller id=1 entry=8 reg=0x21 value=0x01000000 -> full RTE now 0x01000000000008D1 (vector=0xD1 masked=0)
[ioapic-rte] controller id=1 entry=8 reg=0x20 value=0x000008D1 -> full RTE now 0x01000000000008D1 (vector=0xD1 masked=0)
[cmos-ab] write reg=0x0B value=0x42 (RegA=0x25 RegB=0x42, PIE=1)
[heartbeat: exitCount=140000 elapsedSec=14.0 lastPort=0xB008 write=0 val=0x9]
[cmos-ab] write reg=0x0B value=0x02 (RegA=0x25 RegB=0x02, PIE=0)
[cmos-ab] write reg=0x0B value=0x42 (RegA=0x25 RegB=0x42, PIE=1)
[cmos-ab] write reg=0x0B value=0x02 (RegA=0x25 RegB=0x02, PIE=0)
[cmos-ab] write reg=0x0B value=0x42 (RegA=0x25 RegB=0x42, PIE=1)
[cmos-ab] write reg=0x0B value=0x02 (RegA=0x25 RegB=0x02, PIE=0)
[cmos-ab] write reg=0x0B value=0x42 (RegA=0x25 RegB=0x42, PIE=1)
[cmos-ab] write reg=0x0B value=0x02 (RegA=0x25 RegB=0x02, PIE=0)
[cmos-ab] write reg=0x0B value=0x42 (RegA=0x25 RegB=0x42, PIE=1)
[cmos-ab] write reg=0x0B value=0x02 (RegA=0x25 RegB=0x02, PIE=0)
[cmos-ab] write reg=0x0B value=0x42 (RegA=0x25 RegB=0x42, PIE=1)
[heartbeat: exitCount=145000 elapsedSec=15.7 lastPort=0xCF8 write=1 val=0xC]

[BUGCHECK] hit #1: KeBugCheckEx code=0xA5 p1=0x11 p2=0x3 p3=0x0 exitCount=145926
[BUGCHECK]   p4=0x0  caller(return)=0xFFFFF807377C0454[kerneldiag] candidate address 0xFFFFF807377C0454 resolves to module base 0xFFFFF80737700000 (+0xC0454 into it)
[kerneldiag] debug directory: type=2 codeViewRva=0x73F3C
[kerneldiag] module PDB name: acpi.pdb guid=662B8231-E47D-1FF9-F7E8C8FD1B44A572 age=1
  (base 0xFFFFF80737700000 RVA 0xC0454)
[BUGCHECK]   stack (canonical kernel qwords):
[BUGCHECK]     [rsp+0x00]=0xFFFFF807377C0454[kerneldiag] candidate address 0xFFFFF807377C0454 resolves to module base 0xFFFFF80737700000 (+0xC0454 into it)
[kerneldiag] debug directory: type=2 codeViewRva=0x73F3C
[kerneldiag] module PDB name: acpi.pdb guid=662B8231-E47D-1FF9-F7E8C8FD1B44A572 age=1
  (RVA 0xC0454)
[BUGCHECK]     [rsp+0x10]=0xFFFFF807377701CA[kerneldiag] candidate address 0xFFFFF807377701CA resolves to module base 0xFFFFF80737700000 (+0x701CA into it)
[kerneldiag] debug directory: type=2 codeViewRva=0x73F3C
[kerneldiag] module PDB name: acpi.pdb guid=662B8231-E47D-1FF9-F7E8C8FD1B44A572 age=1
  (RVA 0x701CA)
[BUGCHECK]     [rsp+0x18]=0xFFFF8F85E1076A60[kerneldiag] no PE header found scanning VA back from 0xFFFF8F85E1076A60

[BUGCHECK]     [rsp+0x20]=0xFFFF8F85DFE81BA0[kerneldiag] no PE header found scanning VA back from 0xFFFF8F85DFE81BA0

[BUGCHECK]     [rsp+0x30]=0xFFFFF807C0140019[kerneldiag] no PE header found scanning VA back from 0xFFFFF807C0140019

[heartbeat: exitCount=150000 elapsedSec=16.0 lastPort=0xB008 write=0 val=0xC]
[heartbeat: exitCount=155000 elapsedSec=16.3 lastPort=0xB008 write=0 val=0xC]
[heartbeat: exitCount=160000 elapsedSec=16.4 lastPort=0xB008 write=0 val=0xC]
[heartbeat: exitCount=165000 elapsedSec=16.6 lastPort=0xB008 write=0 val=0xC]
[heartbeat: exitCount=170000 elapsedSec=16.7 lastPort=0xB008 write=0 val=0xC]
[heartbeat: exitCount=175000 elapsedSec=16.7 lastPort=0xB008 write=0 val=0xC]
[heartbeat: exitCount=180000 elapsedSec=16.8 lastPort=0xB008 write=0 val=0xC]
[heartbeat: exitCount=185000 elapsedSec=16.9 lastPort=0xB008 write=0 val=0xC]
[heartbeat: exitCount=190000 elapsedSec=17.0 lastPort=0xB008 write=0 val=0xC]
[heartbeat: exitCount=195000 elapsedSec=17.1 lastPort=0xB008 write=0 val=0xC]
[heartbeat: exitCount=200000 elapsedSec=17.2 lastPort=0xB008 write=0 val=0xC]
[heartbeat: exitCount=205000 elapsedSec=17.2 lastPort=0xB008 write=0 val=0xC]
[heartbeat: exitCount=210000 elapsedSec=17.3 lastPort=0xB008 write=0 val=0xC]
[heartbeat: exitCount=215000 elapsedSec=17.4 lastPort=0xB008 write=0 val=0xC]
[heartbeat: exitCount=220000 elapsedSec=17.5 lastPort=0xB008 write=0 val=0xC]
[heartbeat: exitCount=225000 elapsedSec=17.5 lastPort=0xB008 write=0 val=0xC]
[heartbeat: exitCount=230000 elapsedSec=17.6 lastPort=0xB008 write=0 val=0xC]
[heartbeat: exitCount=235000 elapsedSec=17.7 lastPort=0xB008 write=0 val=0xC]
[heartbeat: exitCount=240000 elapsedSec=17.8 lastPort=0xB008 write=0 val=0xC]
[heartbeat: exitCount=245000 elapsedSec=17.9 lastPort=0xB008 write=0 val=0xC]
[heartbeat: exitCount=250000 elapsedSec=17.9 lastPort=0xB008 write=0 val=0xC]
[u40] === RIP histogram pass 1 (periodic): 2500 samples, base=0xFFFFF80735800000 ===
[u40]     1156  page 0xFFFFF80735B65000  = base+0x365000
[u40]      588  page 0xBEA03000
[u40]      165  page 0x1DD9000
[u40]      164  page 0xFFFFF80735BBD000  = base+0x3BD000
[u40]      110  page 0xBF14E000
[u40]       86  page 0xBE41C000
[u40]       82  page 0xFFFFF80735BBC000  = base+0x3BC000
[u40]       39  page 0xBFD68000
[u40]       28  page 0xBFC50000
[u40]       25  page 0xBE422000
[u40]       16  page 0xFFFFF80735CCC000  = base+0x4CC000
[u40]       12  page 0xBF14F000
[u40]       10  page 0xBF174000
[u40]        9  page 0xBF16B000
[u40]        3  page 0xFFFFF80735BA5000  = base+0x3A5000
[u40]        2  page 0x848000
[u40]        1  page 0xFFFFF80735B46000  = base+0x346000
[u40]        1  page 0xFFFFF80735B7D000  = base+0x37D000
[u40]   most recent 256 samples (newest last):
[u40]     FFFFF80735B65444@224401 FFFFF80735B65444@224501 FFFFF80735B65444@224601 FFFFF80735B65444@224701 FFFFF80735B65444@224801 FFFFF80735B65444@224901 FFFFF80735B65444@225001 FFFFF80735B65444@225101 FFFFF80735B65444@225201 FFFFF80735B65444@225301 FFFFF80735B65444@225401 FFFFF80735B65444@225501 FFFFF80735B65444@225601 FFFFF80735B65444@225701 FFFFF80735B65444@225801 FFFFF80735B65444@225901 FFFFF80735B65444@226001 FFFFF80735B65444@226101 FFFFF80735B65444@226201 FFFFF80735B65444@226301 FFFFF80735B65444@226401 FFFFF80735B65444@226501 FFFFF80735B65444@226601 FFFFF80735B65444@226701 FFFFF80735B65444@226801 FFFFF80735B65444@226901 FFFFF80735B65444@227001 FFFFF80735B65444@227101 FFFFF80735B65444@227201 FFFFF80735B65444@227301 FFFFF80735B65444@227401 FFFFF80735B65444@227501 FFFFF80735B65444@227601 FFFFF80735B65444@227701 FFFFF80735B65444@227801 FFFFF80735B65444@227901 FFFFF80735B65444@228001 FFFFF80735B65444@228101 FFFFF80735B65444@228201 FFFFF80735B65444@228301 FFFFF80735B65444@228401 FFFFF80735B65444@228501 FFFFF80735B65444@228601 FFFFF80735B65444@228701 FFFFF80735B65444@228801 FFFFF80735B65444@228901 FFFFF80735B65444@229001 FFFFF80735B65444@229101 FFFFF80735B65444@229201 FFFFF80735B65444@229301 FFFFF80735B65444@229401 FFFFF80735B65444@229501 FFFFF80735B65444@229601 FFFFF80735B65444@229701 FFFFF80735B65444@229801 FFFFF80735B65444@229901 FFFFF80735B65444@230001 FFFFF80735B65444@230101 FFFFF80735B65444@230201 FFFFF80735B65444@230301 FFFFF80735B65444@230401 FFFFF80735B65444@230501 FFFFF80735B65444@230601 FFFFF80735B65444@230701 FFFFF80735B65444@230801 FFFFF80735B65444@230901 FFFFF80735B65444@231001 FFFFF80735B65444@231101 FFFFF80735B65444@231201 FFFFF80735B65444@231301 FFFFF80735B65444@231401 FFFFF80735B65444@231501 FFFFF80735B65444@231601 FFFFF80735B65444@231701 FFFFF80735B65444@231801 FFFFF80735B65444@231901 FFFFF80735B65444@232001 FFFFF80735B65444@232101 FFFFF80735B65444@232201 FFFFF80735B65444@232301 FFFFF80735B65444@232401 FFFFF80735B65444@232501 FFFFF80735B65444@232601 FFFFF80735B65444@232701 FFFFF80735B65444@232801 FFFFF80735B65444@232901 FFFFF80735B65444@233001 FFFFF80735B65444@233101 FFFFF80735B65444@233201 FFFFF80735B65444@233301 FFFFF80735B65444@233401 FFFFF80735B65444@233501 FFFFF80735B65444@233601 FFFFF80735B65444@233701 FFFFF80735B65444@233801 FFFFF80735B65444@233901 FFFFF80735B65444@234001 FFFFF80735B65444@234101 FFFFF80735B65444@234201 FFFFF80735B65444@234301 FFFFF80735B65444@234401 FFFFF80735B65444@234501 FFFFF80735B65444@234601 FFFFF80735B65444@234701 FFFFF80735B65444@234801 FFFFF80735B65444@234901 FFFFF80735B65444@235001 FFFFF80735B65444@235101 FFFFF80735B65444@235201 FFFFF80735B65444@235301 FFFFF80735B65444@235401 FFFFF80735B65444@235501 FFFFF80735B65444@235601 FFFFF80735B65444@235701 FFFFF80735B65444@235801 FFFFF80735B65444@235901 FFFFF80735B65444@236001 FFFFF80735B65444@236101 FFFFF80735B65444@236201 FFFFF80735B65444@236301 FFFFF80735B65444@236401 FFFFF80735B65444@236501 FFFFF80735B65444@236601 FFFFF80735B65444@236701 FFFFF80735B65444@236801 FFFFF80735B65444@236901 FFFFF80735B65444@237001 FFFFF80735B65444@237101 FFFFF80735B65444@237201 FFFFF80735B65444@237301 FFFFF80735B65444@237401 FFFFF80735B65444@237501 FFFFF80735B65444@237601 FFFFF80735B65444@237701 FFFFF80735B65444@237801 FFFFF80735B65444@237901 FFFFF80735B65444@238001 FFFFF80735B65444@238101 FFFFF80735B65444@238201 FFFFF80735B65444@238301 FFFFF80735B65444@238401 FFFFF80735B65444@238501 FFFFF80735B65444@238601 FFFFF80735B65444@238701 FFFFF80735B65444@238801 FFFFF80735B65444@238901 FFFFF80735B65444@239001 FFFFF80735B65444@239101 FFFFF80735B65444@239201 FFFFF80735B65444@239301 FFFFF80735B65444@239401 FFFFF80735B65444@239501 FFFFF80735B65444@239601 FFFFF80735B65444@239701 FFFFF80735B65444@239801 FFFFF80735B65444@239901 FFFFF80735B65444@240001 FFFFF80735B65444@240101 FFFFF80735B65444@240201 FFFFF80735B65444@240301 FFFFF80735B65444@240401 FFFFF80735B65444@240501 FFFFF80735B65444@240601 FFFFF80735B65444@240701 FFFFF80735B65444@240801 FFFFF80735B65444@240901 FFFFF80735B65444@241001 FFFFF80735B65444@241101 FFFFF80735B65444@241201 FFFFF80735B65444@241301 FFFFF80735B65444@241401 FFFFF80735B65444@241501 FFFFF80735B65444@241601 FFFFF80735B65444@241701 FFFFF80735B65444@241801 FFFFF80735B65444@241901 FFFFF80735B65444@242001 FFFFF80735B65444@242101 FFFFF80735B65444@242201 FFFFF80735B65444@242301 FFFFF80735B65444@242401 FFFFF80735B65444@242501 FFFFF80735B65444@242601 FFFFF80735B65444@242701 FFFFF80735B65444@242801 FFFFF80735B65444@242901 FFFFF80735B65444@243001 FFFFF80735B65444@243101 FFFFF80735B65444@243201 FFFFF80735B65444@243301 FFFFF80735B65444@243401 FFFFF80735B65444@243501 FFFFF80735B65444@243601 FFFFF80735B65444@243701 FFFFF80735B65444@243801 FFFFF80735B65444@243901 FFFFF80735B65444@244001 FFFFF80735B65444@244101 FFFFF80735B65444@244201 FFFFF80735B65444@244301 FFFFF80735B65444@244401 FFFFF80735B65444@244501 FFFFF80735B65444@244601 FFFFF80735B65444@244701 FFFFF80735B65444@244801 FFFFF80735B65444@244901 FFFFF80735B65444@245001 FFFFF80735B65444@245101 FFFFF80735B65444@245201 FFFFF80735B65444@245301 FFFFF80735B65444@245401 FFFFF80735B65444@245501 FFFFF80735B65444@245601 FFFFF80735B65444@245701 FFFFF80735B65444@245801 FFFFF80735B65444@245901 FFFFF80735B65444@246001 FFFFF80735B65444@246101 FFFFF80735B65444@246201 FFFFF80735B65444@246301 FFFFF80735B65444@246401 FFFFF80735B65444@246501 FFFFF80735B65444@246601 FFFFF80735B65444@246701 FFFFF80735B65444@246801 FFFFF80735B65444@246901 FFFFF80735B65444@247001 FFFFF80735B65444@247101 FFFFF80735B65444@247201 FFFFF80735B65444@247301 FFFFF80735B65444@247401 FFFFF80735B65444@247501 FFFFF80735B65444@247601 FFFFF80735B65444@247701 FFFFF80735B65444@247801 FFFFF80735B65444@247901 FFFFF80735B65444@248001 FFFFF80735B65444@248101 FFFFF80735B65444@248201 FFFFF80735B65444@248301 FFFFF80735B65444@248401 FFFFF80735B65444@248501 FFFFF80735B65444@248601 FFFFF80735B65444@248701 FFFFF80735B65444@248801 FFFFF80735B65444@248901 FFFFF80735B65444@249001 FFFFF80735B65444@249101 FFFFF80735B65444@249201 FFFFF80735B65444@249301 FFFFF80735B65444@249401 FFFFF80735B65444@249501 FFFFF80735B65444@249601 FFFFF80735B65444@249701 FFFFF80735B65444@249801 FFFFF80735B65444@249901
[heartbeat: exitCount=255000 elapsedSec=18.0 lastPort=0xB008 write=0 val=0xC]
[heartbeat: exitCount=260000 elapsedSec=18.1 lastPort=0xB008 write=0 val=0xC]
[heartbeat: exitCount=265000 elapsedSec=18.2 lastPort=0xB008 write=0 val=0xC]
[heartbeat: exitCount=270000 elapsedSec=18.2 lastPort=0xB008 write=0 val=0xC]
[heartbeat: exitCount=275000 elapsedSec=18.3 lastPort=0xB008 write=0 val=0xC]
[heartbeat: exitCount=280000 elapsedSec=18.4 lastPort=0xB008 write=0 val=0xC]
[heartbeat: exitCount=285000 elapsedSec=18.5 lastPort=0xB008 write=0 val=0xC]
[heartbeat: exitCount=290000 elapsedSec=18.5 lastPort=0xB008 write=0 val=0xC]
[heartbeat: exitCount=295000 elapsedSec=18.7 lastPort=0xB008 write=0 val=0xC]
[heartbeat: exitCount=300000 elapsedSec=18.7 lastPort=0xB008 write=0 val=0xC]
[heartbeat: exitCount=305000 elapsedSec=18.8 lastPort=0xB008 write=0 val=0xC]
[heartbeat: exitCount=310000 elapsedSec=18.9 lastPort=0xB008 write=0 val=0xC]
[heartbeat: exitCount=315000 elapsedSec=19.0 lastPort=0xB008 write=0 val=0xC]
[heartbeat: exitCount=320000 elapsedSec=19.0 lastPort=0xB008 write=0 val=0xC]
[heartbeat: exitCount=325000 elapsedSec=19.1 lastPort=0xB008 write=0 val=0xC]
[heartbeat: exitCount=330000 elapsedSec=19.2 lastPort=0xB008 write=0 val=0xC]
[heartbeat: exitCount=335000 elapsedSec=19.3 lastPort=0xB008 write=0 val=0xC]
[heartbeat: exitCount=340000 elapsedSec=19.3 lastPort=0xB008 write=0 val=0xC]
[heartbeat: exitCount=345000 elapsedSec=19.4 lastPort=0xB008 write=0 val=0xC]
[heartbeat: exitCount=350000 elapsedSec=19.5 lastPort=0xB008 write=0 val=0xC]
[heartbeat: exitCount=355000 elapsedSec=19.6 lastPort=0xB008 write=0 val=0xC]
[heartbeat: exitCount=360000 elapsedSec=19.7 lastPort=0xB008 write=0 val=0xC]
[heartbeat: exitCount=365000 elapsedSec=19.7 lastPort=0xB008 write=0 val=0xC]
[heartbeat: exitCount=370000 elapsedSec=19.8 lastPort=0xB008 write=0 val=0xC]
[heartbeat: exitCount=375000 elapsedSec=19.9 lastPort=0xB008 write=0 val=0xC]
[heartbeat: exitCount=380000 elapsedSec=20.0 lastPort=0xB008 write=0 val=0xC]
[heartbeat: exitCount=385000 elapsedSec=20.0 lastPort=0xB008 write=0 val=0xC]
[heartbeat: exitCount=390000 elapsedSec=20.1 lastPort=0xB008 write=0 val=0xC]
[heartbeat: exitCount=395000 elapsedSec=20.2 lastPort=0xB008 write=0 val=0xC]
[heartbeat: exitCount=400000 elapsedSec=20.3 lastPort=0xB008 write=0 val=0xC]
[heartbeat: exitCount=405000 elapsedSec=20.4 lastPort=0xB008 write=0 val=0xC]
[heartbeat: exitCount=410000 elapsedSec=20.5 lastPort=0xB008 write=0 val=0xC]
[heartbeat: exitCount=415000 elapsedSec=20.6 lastPort=0xB008 write=0 val=0xC]
[heartbeat: exitCount=420000 elapsedSec=20.7 lastPort=0xB008 write=0 val=0xC]
[heartbeat: exitCount=425000 elapsedSec=20.7 lastPort=0xB008 write=0 val=0xC]
[heartbeat: exitCount=430000 elapsedSec=20.8 lastPort=0xB008 write=0 val=0xC]
[heartbeat: exitCount=435000 elapsedSec=20.9 lastPort=0xB008 write=0 val=0xC]
[heartbeat: exitCount=440000 elapsedSec=21.0 lastPort=0xB008 write=0 val=0xC]
[heartbeat: exitCount=445000 elapsedSec=21.0 lastPort=0xB008 write=0 val=0xC]
[heartbeat: exitCount=450000 elapsedSec=21.1 lastPort=0xB008 write=0 val=0xC]
[heartbeat: exitCount=455000 elapsedSec=21.2 lastPort=0xB008 write=0 val=0xC]
[heartbeat: exitCount=460000 elapsedSec=21.3 lastPort=0xB008 write=0 val=0xC]
[heartbeat: exitCount=465000 elapsedSec=21.3 lastPort=0xB008 write=0 val=0xC]
[heartbeat: exitCount=470000 elapsedSec=21.4 lastPort=0xB008 write=0 val=0xC]
[rtc-diag] tick #500 SKIPPED (interrupts disabled), skippedTotal=371 firedTotal=129
[heartbeat: exitCount=475000 elapsedSec=21.5 lastPort=0xB008 write=0 val=0xC]
[heartbeat: exitCount=480000 elapsedSec=21.6 lastPort=0xB008 write=0 val=0xC]
[heartbeat: exitCount=485000 elapsedSec=21.7 lastPort=0xB008 write=0 val=0xC]
[heartbeat: exitCount=490000 elapsedSec=21.8 lastPort=0xB008 write=0 val=0xC]
[heartbeat: exitCount=495000 elapsedSec=21.9 lastPort=0xB008 write=0 val=0xC]
[heartbeat: exitCount=500000 elapsedSec=22.0 lastPort=0xB008 write=0 val=0xC]
[u40] === RIP histogram pass 1 (periodic): 5000 samples, base=0xFFFFF80735800000 ===
[u40]     3656  page 0xFFFFF80735B65000  = base+0x365000
[u40]      588  page 0xBEA03000
[u40]      165  page 0x1DD9000
[u40]      164  page 0xFFFFF80735BBD000  = base+0x3BD000
[u40]      110  page 0xBF14E000
[u40]       86  page 0xBE41C000
[u40]       82  page 0xFFFFF80735BBC000  = base+0x3BC000
[u40]       39  page 0xBFD68000
[u40]       28  page 0xBFC50000
[u40]       25  page 0xBE422000
[u40]       16  page 0xFFFFF80735CCC000  = base+0x4CC000
[u40]       12  page 0xBF14F000
[u40]       10  page 0xBF174000
[u40]        9  page 0xBF16B000
[u40]        3  page 0xFFFFF80735BA5000  = base+0x3A5000
[u40]        2  page 0x848000
[u40]        1  page 0xFFFFF80735B46000  = base+0x346000
[u40]        1  page 0xFFFFF80735B7D000  = base+0x37D000
[u40]   most recent 256 samples (newest last):
[u40]     FFFFF80735B65444@474401 FFFFF80735B65444@474501 FFFFF80735B65444@474601 FFFFF80735B65444@474701 FFFFF80735B65444@474801 FFFFF80735B65444@474901 FFFFF80735B65444@475001 FFFFF80735B65444@475101 FFFFF80735B65444@475201 FFFFF80735B65444@475301 FFFFF80735B65444@475401 FFFFF80735B65444@475501 FFFFF80735B65444@475601 FFFFF80735B65444@475701 FFFFF80735B65444@475801 FFFFF80735B65444@475901 FFFFF80735B65444@476001 FFFFF80735B65444@476101 FFFFF80735B65444@476201 FFFFF80735B65444@476301 FFFFF80735B65444@476401 FFFFF80735B65444@476501 FFFFF80735B65444@476601 FFFFF80735B65444@476701 FFFFF80735B65444@476801 FFFFF80735B65444@476901 FFFFF80735B65444@477001 FFFFF80735B65444@477101 FFFFF80735B65444@477201 FFFFF80735B65444@477301 FFFFF80735B65444@477401 FFFFF80735B65444@477501 FFFFF80735B65444@477601 FFFFF80735B65444@477701 FFFFF80735B65444@477801 FFFFF80735B65444@477901 FFFFF80735B65444@478001 FFFFF80735B65444@478101 FFFFF80735B65444@478201 FFFFF80735B65444@478301 FFFFF80735B65444@478401 FFFFF80735B65444@478501 FFFFF80735B65444@478601 FFFFF80735B65444@478701 FFFFF80735B65444@478801 FFFFF80735B65444@478901 FFFFF80735B65444@479001 FFFFF80735B65444@479101 FFFFF80735B65444@479201 FFFFF80735B65444@479301 FFFFF80735B65444@479401 FFFFF80735B65444@479501 FFFFF80735B65444@479601 FFFFF80735B65444@479701 FFFFF80735B65444@479801 FFFFF80735B65444@479901 FFFFF80735B65444@480001 FFFFF80735B65444@480101 FFFFF80735B65444@480201 FFFFF80735B65444@480301 FFFFF80735B65444@480401 FFFFF80735B65444@480501 FFFFF80735B65444@480601 FFFFF80735B65444@480701 FFFFF80735B65444@480801 FFFFF80735B65444@480901 FFFFF80735B65444@481001 FFFFF80735B65444@481101 FFFFF80735B65444@481201 FFFFF80735B65444@481301 FFFFF80735B65444@481401 FFFFF80735B65444@481501 FFFFF80735B65444@481601 FFFFF80735B65444@481701 FFFFF80735B65444@481801 FFFFF80735B65444@481901 FFFFF80735B65444@482001 FFFFF80735B65444@482101 FFFFF80735B65444@482201 FFFFF80735B65444@482301 FFFFF80735B65444@482401 FFFFF80735B65444@482501 FFFFF80735B65444@482601 FFFFF80735B65444@482701 FFFFF80735B65444@482801 FFFFF80735B65444@482901 FFFFF80735B65444@483001 FFFFF80735B65444@483101 FFFFF80735B65444@483201 FFFFF80735B65444@483301 FFFFF80735B65444@483401 FFFFF80735B65444@483501 FFFFF80735B65444@483601 FFFFF80735B65444@483701 FFFFF80735B65444@483801 FFFFF80735B65444@483901 FFFFF80735B65444@484001 FFFFF80735B65444@484101 FFFFF80735B65444@484201 FFFFF80735B65444@484301 FFFFF80735B65444@484401 FFFFF80735B65444@484501 FFFFF80735B65444@484601 FFFFF80735B65444@484701 FFFFF80735B65444@484801 FFFFF80735B65444@484901 FFFFF80735B65444@485001 FFFFF80735B65444@485101 FFFFF80735B65444@485201 FFFFF80735B65444@485301 FFFFF80735B65444@485401 FFFFF80735B65444@485501 FFFFF80735B65444@485601 FFFFF80735B65444@485701 FFFFF80735B65444@485801 FFFFF80735B65444@485901 FFFFF80735B65444@486001 FFFFF80735B65444@486101 FFFFF80735B65444@486201 FFFFF80735B65444@486301 FFFFF80735B65444@486401 FFFFF80735B65444@486501 FFFFF80735B65444@486601 FFFFF80735B65444@486701 FFFFF80735B65444@486801 FFFFF80735B65444@486901 FFFFF80735B65444@487001 FFFFF80735B65444@487101 FFFFF80735B65444@487201 FFFFF80735B65444@487301 FFFFF80735B65444@487401 FFFFF80735B65444@487501 FFFFF80735B65444@487601 FFFFF80735B65444@487701 FFFFF80735B65444@487801 FFFFF80735B65444@487901 FFFFF80735B65444@488001 FFFFF80735B65444@488101 FFFFF80735B65444@488201 FFFFF80735B65444@488301 FFFFF80735B65444@488401 FFFFF80735B65444@488501 FFFFF80735B65444@488601 FFFFF80735B65444@488701 FFFFF80735B65444@488801 FFFFF80735B65444@488901 FFFFF80735B65444@489001 FFFFF80735B65444@489101 FFFFF80735B65444@489201 FFFFF80735B65444@489301 FFFFF80735B65444@489401 FFFFF80735B65444@489501 FFFFF80735B65444@489601 FFFFF80735B65444@489701 FFFFF80735B65444@489801 FFFFF80735B65444@489901 FFFFF80735B65444@490001 FFFFF80735B65444@490101 FFFFF80735B65444@490201 FFFFF80735B65444@490301 FFFFF80735B65444@490401 FFFFF80735B65444@490501 FFFFF80735B65444@490601 FFFFF80735B65444@490701 FFFFF80735B65444@490801 FFFFF80735B65444@490901 FFFFF80735B65444@491001 FFFFF80735B65444@491101 FFFFF80735B65444@491201 FFFFF80735B65444@491301 FFFFF80735B65444@491401 FFFFF80735B65444@491501 FFFFF80735B65444@491601 FFFFF80735B65444@491701 FFFFF80735B65444@491801 FFFFF80735B65444@491901 FFFFF80735B65444@492001 FFFFF80735B65444@492101 FFFFF80735B65444@492201 FFFFF80735B65444@492301 FFFFF80735B65444@492401 FFFFF80735B65444@492501 FFFFF80735B65444@492601 FFFFF80735B65444@492701 FFFFF80735B65444@492801 FFFFF80735B65444@492901 FFFFF80735B65444@493001 FFFFF80735B65444@493101 FFFFF80735B65444@493201 FFFFF80735B65444@493301 FFFFF80735B65444@493401 FFFFF80735B65444@493501 FFFFF80735B65444@493601 FFFFF80735B65444@493701 FFFFF80735B65444@493801 FFFFF80735B65444@493901 FFFFF80735B65444@494001 FFFFF80735B65444@494101 FFFFF80735B65444@494201 FFFFF80735B65444@494301 FFFFF80735B65444@494401 FFFFF80735B65444@494501 FFFFF80735B65444@494601 FFFFF80735B65444@494701 FFFFF80735B65444@494801 FFFFF80735B65444@494901 FFFFF80735B65444@495001 FFFFF80735B65444@495101 FFFFF80735B65444@495201 FFFFF80735B65444@495301 FFFFF80735B65444@495401 FFFFF80735B65444@495501 FFFFF80735B65444@495601 FFFFF80735B65444@495701 FFFFF80735B65444@495801 FFFFF80735B65444@495901 FFFFF80735B65444@496001 FFFFF80735B65444@496101 FFFFF80735B65444@496201 FFFFF80735B65444@496301 FFFFF80735B65444@496401 FFFFF80735B65444@496501 FFFFF80735B65444@496601 FFFFF80735B65444@496701 FFFFF80735B65444@496801 FFFFF80735B65444@496901 FFFFF80735B65444@497001 FFFFF80735B65444@497101 FFFFF80735B65444@497201 FFFFF80735B65444@497301 FFFFF80735B65444@497401 FFFFF80735B65444@497501 FFFFF80735B65444@497601 FFFFF80735B65444@497701 FFFFF80735B65444@497801 FFFFF80735B65444@497901 FFFFF80735B65444@498001 FFFFF80735B65444@498101 FFFFF80735B65444@498201 FFFFF80735B65444@498301 FFFFF80735B65444@498401 FFFFF80735B65444@498501 FFFFF80735B65444@498601 FFFFF80735B65444@498701 FFFFF80735B65444@498801 FFFFF80735B65444@498901 FFFFF80735B65444@499001 FFFFF80735B65444@499101 FFFFF80735B65444@499201 FFFFF80735B65444@499301 FFFFF80735B65444@499401 FFFFF80735B65444@499501 FFFFF80735B65444@499601 FFFFF80735B65444@499701 FFFFF80735B65444@499801 FFFFF80735B65444@499901
[heartbeat: exitCount=505000 elapsedSec=22.1 lastPort=0xB008 write=0 val=0xC]
[heartbeat: exitCount=510000 elapsedSec=22.1 lastPort=0xB008 write=0 val=0xC]
[heartbeat: exitCount=515000 elapsedSec=22.2 lastPort=0xB008 write=0 val=0xC]
[heartbeat: exitCount=520000 elapsedSec=22.3 lastPort=0xB008 write=0 val=0xC]
[heartbeat: exitCount=525000 elapsedSec=22.4 lastPort=0xB008 write=0 val=0xC]
[heartbeat: exitCount=530000 elapsedSec=22.5 lastPort=0xB008 write=0 val=0xC]
[heartbeat: exitCount=535000 elapsedSec=22.5 lastPort=0xB008 write=0 val=0xC]
[heartbeat: exitCount=540000 elapsedSec=22.6 lastPort=0xB008 write=0 val=0xC]
[heartbeat: exitCount=545000 elapsedSec=22.7 lastPort=0xB008 write=0 val=0xC]
[heartbeat: exitCount=550000 elapsedSec=22.8 lastPort=0xB008 write=0 val=0xC]
[heartbeat: exitCount=555000 elapsedSec=22.9 lastPort=0xB008 write=0 val=0xC]
[heartbeat: exitCount=560000 elapsedSec=22.9 lastPort=0xB008 write=0 val=0xC]
[heartbeat: exitCount=565000 elapsedSec=23.1 lastPort=0xB008 write=0 val=0xC]
[heartbeat: exitCount=570000 elapsedSec=23.1 lastPort=0xB008 write=0 val=0xC]
[heartbeat: exitCount=575000 elapsedSec=23.2 lastPort=0xB008 write=0 val=0xC]
[heartbeat: exitCount=580000 elapsedSec=23.3 lastPort=0xB008 write=0 val=0xC]
[heartbeat: exitCount=585000 elapsedSec=23.4 lastPort=0xB008 write=0 val=0xC]
[heartbeat: exitCount=590000 elapsedSec=23.5 lastPort=0xB008 write=0 val=0xC]
[heartbeat: exitCount=595000 elapsedSec=23.6 lastPort=0xB008 write=0 val=0xC]
[heartbeat: exitCount=600000 elapsedSec=23.6 lastPort=0xB008 write=0 val=0xC]
[heartbeat: exitCount=605000 elapsedSec=23.7 lastPort=0xB008 write=0 val=0xC]
[heartbeat: exitCount=610000 elapsedSec=23.8 lastPort=0xB008 write=0 val=0xC]
[heartbeat: exitCount=615000 elapsedSec=23.9 lastPort=0xB008 write=0 val=0xC]
[heartbeat: exitCount=620000 elapsedSec=24.0 lastPort=0xB008 write=0 val=0xC]
[heartbeat: exitCount=625000 elapsedSec=24.1 lastPort=0xB008 write=0 val=0xC]
[heartbeat: exitCount=630000 elapsedSec=24.2 lastPort=0xB008 write=0 val=0xC]
[heartbeat: exitCount=635000 elapsedSec=24.3 lastPort=0xB008 write=0 val=0xC]
[heartbeat: exitCount=640000 elapsedSec=24.4 lastPort=0xB008 write=0 val=0xC]
[heartbeat: exitCount=645000 elapsedSec=24.5 lastPort=0xB008 write=0 val=0xC]
[heartbeat: exitCount=650000 elapsedSec=24.6 lastPort=0xB008 write=0 val=0xC]
[heartbeat: exitCount=655000 elapsedSec=24.7 lastPort=0xB008 write=0 val=0xC]
[heartbeat: exitCount=660000 elapsedSec=24.7 lastPort=0xB008 write=0 val=0xC]
[heartbeat: exitCount=665000 elapsedSec=24.8 lastPort=0xB008 write=0 val=0xC]
[heartbeat: exitCount=670000 elapsedSec=24.9 lastPort=0xB008 write=0 val=0xC]
[heartbeat: exitCount=675000 elapsedSec=25.0 lastPort=0xB008 write=0 val=0xC]
[heartbeat: exitCount=680000 elapsedSec=25.1 lastPort=0xB008 write=0 val=0xC]
[heartbeat: exitCount=685000 elapsedSec=25.2 lastPort=0xB008 write=0 val=0xC]
[heartbeat: exitCount=690000 elapsedSec=25.3 lastPort=0xB008 write=0 val=0xC]
[heartbeat: exitCount=695000 elapsedSec=25.4 lastPort=0xB008 write=0 val=0xC]
[heartbeat: exitCount=700000 elapsedSec=25.4 lastPort=0xB008 write=0 val=0xC]
[heartbeat: exitCount=705000 elapsedSec=25.5 lastPort=0xB008 write=0 val=0xC]
[heartbeat: exitCount=710000 elapsedSec=25.6 lastPort=0xB008 write=0 val=0xC]
[heartbeat: exitCount=715000 elapsedSec=25.7 lastPort=0xB008 write=0 val=0xC]
[heartbeat: exitCount=720000 elapsedSec=25.8 lastPort=0xB008 write=0 val=0xC]
[heartbeat: exitCount=725000 elapsedSec=25.9 lastPort=0xB008 write=0 val=0xC]
[cmos-ab] write reg=0x0B value=0x02 (RegA=0x25 RegB=0x02, PIE=0)
[cmos-ab] write reg=0x0B value=0x02 (RegA=0x25 RegB=0x02, PIE=0)
[reset] port 0x64/0xFE keyboard-controller reset pulse honored -- vCPU restarted at reset vector (exitCount=726012)
[u40] === RIP histogram pass 1 (end of pass 1, at reset): 7261 samples, base=0xFFFFF80735800000 ===
[u40]     5917  page 0xFFFFF80735B65000  = base+0x365000
[u40]      588  page 0xBEA03000
[u40]      165  page 0x1DD9000
[u40]      164  page 0xFFFFF80735BBD000  = base+0x3BD000
[u40]      110  page 0xBF14E000
[u40]       86  page 0xBE41C000
[u40]       82  page 0xFFFFF80735BBC000  = base+0x3BC000
[u40]       39  page 0xBFD68000
[u40]       28  page 0xBFC50000
[u40]       25  page 0xBE422000
[u40]       16  page 0xFFFFF80735CCC000  = base+0x4CC000
[u40]       12  page 0xBF14F000
[u40]       10  page 0xBF174000
[u40]        9  page 0xBF16B000
[u40]        3  page 0xFFFFF80735BA5000  = base+0x3A5000
[u40]        2  page 0x848000
[u40]        1  page 0xFFFFF80735B46000  = base+0x346000
[u40]        1  page 0xFFFFF80735B7D000  = base+0x37D000
[u40]   most recent 256 samples (newest last):
[u40]     FFFFF80735B65444@700501 FFFFF80735B65444@700601 FFFFF80735B65444@700701 FFFFF80735B65444@700801 FFFFF80735B65444@700901 FFFFF80735B65444@701001 FFFFF80735B65444@701101 FFFFF80735B65444@701201 FFFFF80735B65444@701301 FFFFF80735B65444@701401 FFFFF80735B65444@701501 FFFFF80735B65444@701601 FFFFF80735B65444@701701 FFFFF80735B65444@701801 FFFFF80735B65444@701901 FFFFF80735B65444@702001 FFFFF80735B65444@702101 FFFFF80735B65444@702201 FFFFF80735B65444@702301 FFFFF80735B65444@702401 FFFFF80735B65444@702501 FFFFF80735B65444@702601 FFFFF80735B65444@702701 FFFFF80735B65444@702801 FFFFF80735B65444@702901 FFFFF80735B65444@703001 FFFFF80735B65444@703101 FFFFF80735B65444@703201 FFFFF80735B65444@703301 FFFFF80735B65444@703401 FFFFF80735B65444@703501 FFFFF80735B65444@703601 FFFFF80735B65444@703701 FFFFF80735B65444@703801 FFFFF80735B65444@703901 FFFFF80735B65444@704001 FFFFF80735B65444@704101 FFFFF80735B65444@704201 FFFFF80735B65444@704301 FFFFF80735B65444@704401 FFFFF80735B65444@704501 FFFFF80735B65444@704601 FFFFF80735B65444@704701 FFFFF80735B65444@704801 FFFFF80735B65444@704901 FFFFF80735B65444@705001 FFFFF80735B65444@705101 FFFFF80735B65444@705201 FFFFF80735B65444@705301 FFFFF80735B65444@705401 FFFFF80735B65444@705501 FFFFF80735B65444@705601 FFFFF80735B65444@705701 FFFFF80735B65444@705801 FFFFF80735B65444@705901 FFFFF80735B65444@706001 FFFFF80735B65444@706101 FFFFF80735B65444@706201 FFFFF80735B65444@706301 FFFFF80735B65444@706401 FFFFF80735B65444@706501 FFFFF80735B65444@706601 FFFFF80735B65444@706701 FFFFF80735B65444@706801 FFFFF80735B65444@706901 FFFFF80735B65444@707001 FFFFF80735B65444@707101 FFFFF80735B65444@707201 FFFFF80735B65444@707301 FFFFF80735B65444@707401 FFFFF80735B65444@707501 FFFFF80735B65444@707601 FFFFF80735B65444@707701 FFFFF80735B65444@707801 FFFFF80735B65444@707901 FFFFF80735B65444@708001 FFFFF80735B65444@708101 FFFFF80735B65444@708201 FFFFF80735B65444@708301 FFFFF80735B65444@708401 FFFFF80735B65444@708501 FFFFF80735B65444@708601 FFFFF80735B65444@708701 FFFFF80735B65444@708801 FFFFF80735B65444@708901 FFFFF80735B65444@709001 FFFFF80735B65444@709101 FFFFF80735B65444@709201 FFFFF80735B65444@709301 FFFFF80735B65444@709401 FFFFF80735B65444@709501 FFFFF80735B65444@709601 FFFFF80735B65444@709701 FFFFF80735B65444@709801 FFFFF80735B65444@709901 FFFFF80735B65444@710001 FFFFF80735B65444@710101 FFFFF80735B65444@710201 FFFFF80735B65444@710301 FFFFF80735B65444@710401 FFFFF80735B65444@710501 FFFFF80735B65444@710601 FFFFF80735B65444@710701 FFFFF80735B65444@710801 FFFFF80735B65444@710901 FFFFF80735B65444@711001 FFFFF80735B65444@711101 FFFFF80735B65444@711201 FFFFF80735B65444@711301 FFFFF80735B65444@711401 FFFFF80735B65444@711501 FFFFF80735B65444@711601 FFFFF80735B65444@711701 FFFFF80735B65444@711801 FFFFF80735B65444@711901 FFFFF80735B65444@712001 FFFFF80735B65444@712101 FFFFF80735B65444@712201 FFFFF80735B65444@712301 FFFFF80735B65444@712401 FFFFF80735B65444@712501 FFFFF80735B65444@712601 FFFFF80735B65444@712701 FFFFF80735B65444@712801 FFFFF80735B65444@712901 FFFFF80735B65444@713001 FFFFF80735B65444@713101 FFFFF80735B65444@713201 FFFFF80735B65444@713301 FFFFF80735B65444@713401 FFFFF80735B65444@713501 FFFFF80735B65444@713601 FFFFF80735B65444@713701 FFFFF80735B65444@713801 FFFFF80735B65444@713901 FFFFF80735B65444@714001 FFFFF80735B65444@714101 FFFFF80735B65444@714201 FFFFF80735B65444@714301 FFFFF80735B65444@714401 FFFFF80735B65444@714501 FFFFF80735B65444@714601 FFFFF80735B65444@714701 FFFFF80735B65444@714801 FFFFF80735B65444@714901 FFFFF80735B65444@715001 FFFFF80735B65444@715101 FFFFF80735B65444@715201 FFFFF80735B65444@715301 FFFFF80735B65444@715401 FFFFF80735B65444@715501 FFFFF80735B65444@715601 FFFFF80735B65444@715701 FFFFF80735B65444@715801 FFFFF80735B65444@715901 FFFFF80735B65444@716001 FFFFF80735B65444@716101 FFFFF80735B65444@716201 FFFFF80735B65444@716301 FFFFF80735B65444@716401 FFFFF80735B65444@716501 FFFFF80735B65444@716601 FFFFF80735B65444@716701 FFFFF80735B65444@716801 FFFFF80735B65444@716901 FFFFF80735B65444@717001 FFFFF80735B65444@717101 FFFFF80735B65444@717201 FFFFF80735B65444@717301 FFFFF80735B65444@717401 FFFFF80735B65444@717501 FFFFF80735B65444@717601 FFFFF80735B65444@717701 FFFFF80735B65444@717801 FFFFF80735B65444@717901 FFFFF80735B65444@718001 FFFFF80735B65444@718101 FFFFF80735B65444@718201 FFFFF80735B65444@718301 FFFFF80735B65444@718401 FFFFF80735B65444@718501 FFFFF80735B65444@718601 FFFFF80735B65444@718701 FFFFF80735B65444@718801 FFFFF80735B65444@718901 FFFFF80735B65444@719001 FFFFF80735B65444@719101 FFFFF80735B65444@719201 FFFFF80735B65444@719301 FFFFF80735B65444@719401 FFFFF80735B65444@719501 FFFFF80735B65444@719601 FFFFF80735B65444@719701 FFFFF80735B65444@719801 FFFFF80735B65444@719901 FFFFF80735B65444@720001 FFFFF80735B65444@720101 FFFFF80735B65444@720201 FFFFF80735B65444@720301 FFFFF80735B65444@720401 FFFFF80735B65444@720501 FFFFF80735B65444@720601 FFFFF80735B65444@720701 FFFFF80735B65444@720801 FFFFF80735B65444@720901 FFFFF80735B65444@721001 FFFFF80735B65444@721101 FFFFF80735B65444@721201 FFFFF80735B65444@721301 FFFFF80735B65444@721401 FFFFF80735B65444@721501 FFFFF80735B65444@721601 FFFFF80735B65444@721701 FFFFF80735B65444@721801 FFFFF80735B65444@721901 FFFFF80735B65444@722001 FFFFF80735B65444@722101 FFFFF80735B65444@722201 FFFFF80735B65444@722301 FFFFF80735B65444@722401 FFFFF80735B65444@722501 FFFFF80735B65444@722601 FFFFF80735B65444@722701 FFFFF80735B65444@722801 FFFFF80735B65444@722901 FFFFF80735B65444@723001 FFFFF80735B65444@723101 FFFFF80735B65444@723201 FFFFF80735B65444@723301 FFFFF80735B65444@723401 FFFFF80735B65444@723501 FFFFF80735B65444@723601 FFFFF80735B65444@723701 FFFFF80735B65444@723801 FFFFF80735B65444@723901 FFFFF80735B65444@724001 FFFFF80735B65444@724101 FFFFF80735B65444@724201 FFFFF80735B65444@724301 FFFFF80735B65444@724401 FFFFF80735B65444@724501 FFFFF80735B65444@724601 FFFFF80735B65444@724701 FFFFF80735B65444@724801 FFFFF80735B65444@724901 FFFFF80735B65444@725001 FFFFF80735B65444@725101 FFFFF80735B65444@725201 FFFFF80735B65444@725301 FFFFF80735B65444@725401 FFFFF80735B65444@725501 FFFFF80735B65444@725601 FFFFF80735B65444@725701 FFFFF80735B65444@725801 FFFFF80735B65444@725901 FFFFF80735B652E7@726001
[u42] pass1 IOAPIC accesses total=274 (logged 260)
[u42] state INHERITED by pass 2: ioapic1.id=1 selectedReg=0x20 | ioapic2.id=2 selectedReg=0x3F
[u42]   ioapic1.redir[0]=0x00000000000100FF (vec=0xFF masked=1) -- NOT at power-on default
[u42]   ioapic1.redir[1]=0x00000000000100FF (vec=0xFF masked=1) -- NOT at power-on default
[u42]   ioapic1.redir[2]=0x00000000000100FF (vec=0xFF masked=1) -- NOT at power-on default
[u42]   ioapic1.redir[3]=0x00000000000100FF (vec=0xFF masked=1) -- NOT at power-on default
[u42]   ioapic1.redir[4]=0x00000000000100FF (vec=0xFF masked=1) -- NOT at power-on default
[u42]   ioapic1.redir[5]=0x00000000000100FF (vec=0xFF masked=1) -- NOT at power-on default
[u42]   ioapic1.redir[6]=0x00000000000100FF (vec=0xFF masked=1) -- NOT at power-on default
[u42]   ioapic1.redir[7]=0x00000000000100FF (vec=0xFF masked=1) -- NOT at power-on default
[u42]   ioapic1.redir[8]=0x01000000000008D1 (vec=0xD1 masked=0) -- NOT at power-on default
[u42]   ioapic1.redir[9]=0x00000000000100FF (vec=0xFF masked=1) -- NOT at power-on default
[u42]   ioapic1.redir[10]=0x00000000000100FF (vec=0xFF masked=1) -- NOT at power-on default
[u42]   ioapic1.redir[11]=0x00000000000100FF (vec=0xFF masked=1) -- NOT at power-on default
[u42]   ioapic1.redir[12]=0x00000000000100FF (vec=0xFF masked=1) -- NOT at power-on default
[u42]   ioapic1.redir[13]=0x00000000000100FF (vec=0xFF masked=1) -- NOT at power-on default
[u42]   ioapic1.redir[14]=0x00000000000100FF (vec=0xFF masked=1) -- NOT at power-on default
[u42]   ioapic1.redir[15]=0x00000000000100FF (vec=0xFF masked=1) -- NOT at power-on default
[u42]   ioapic1.redir[16]=0x00000000000100FF (vec=0xFF masked=1) -- NOT at power-on default
[u42]   ioapic1.redir[17]=0x00000000000100FF (vec=0xFF masked=1) -- NOT at power-on default
[u42]   ioapic1.redir[18]=0x00000000000100FF (vec=0xFF masked=1) -- NOT at power-on default
[u42]   ioapic1.redir[19]=0x00000000000100FF (vec=0xFF masked=1) -- NOT at power-on default
[u42]   ioapic1.redir[20]=0x00000000000100FF (vec=0xFF masked=1) -- NOT at power-on default
[u42]   ioapic1.redir[21]=0x00000000000100FF (vec=0xFF masked=1) -- NOT at power-on default
[u42]   ioapic1.redir[22]=0x00000000000100FF (vec=0xFF masked=1) -- NOT at power-on default
[u42]   ioapic1.redir[23]=0x00000000000100FF (vec=0xFF masked=1) -- NOT at power-on default
[u42]   ioapic2.redir[0]=0x00000000000100FF (vec=0xFF masked=1) -- NOT at power-on default
[u42]   ioapic2.redir[1]=0x00000000000100FF (vec=0xFF masked=1) -- NOT at power-on default
[u42]   ioapic2.redir[2]=0x00000000000100FF (vec=0xFF masked=1) -- NOT at power-on default
[u42]   ioapic2.redir[3]=0x00000000000100FF (vec=0xFF masked=1) -- NOT at power-on default
[u42]   ioapic2.redir[4]=0x00000000000100FF (vec=0xFF masked=1) -- NOT at power-on default
[u42]   ioapic2.redir[5]=0x00000000000100FF (vec=0xFF masked=1) -- NOT at power-on default
[u42]   ioapic2.redir[6]=0x00000000000100FF (vec=0xFF masked=1) -- NOT at power-on default
[u42]   ioapic2.redir[7]=0x00000000000100FF (vec=0xFF masked=1) -- NOT at power-on default
[u42]   ioapic2.redir[8]=0x00000000000100FF (vec=0xFF masked=1) -- NOT at power-on default
[u42]   ioapic2.redir[9]=0x00000000000100FF (vec=0xFF masked=1) -- NOT at power-on default
[u42]   ioapic2.redir[10]=0x00000000000100FF (vec=0xFF masked=1) -- NOT at power-on default
[u42]   ioapic2.redir[11]=0x00000000000100FF (vec=0xFF masked=1) -- NOT at power-on default
[u42]   ioapic2.redir[12]=0x00000000000100FF (vec=0xFF masked=1) -- NOT at power-on default
[u42]   ioapic2.redir[13]=0x00000000000100FF (vec=0xFF masked=1) -- NOT at power-on default
[u42]   ioapic2.redir[14]=0x00000000000100FF (vec=0xFF masked=1) -- NOT at power-on default
[u42]   ioapic2.redir[15]=0x00000000000100FF (vec=0xFF masked=1) -- NOT at power-on default
[u42]   ioapic2.redir[16]=0x00000000000100FF (vec=0xFF masked=1) -- NOT at power-on default
[u42]   ioapic2.redir[17]=0x00000000000100FF (vec=0xFF masked=1) -- NOT at power-on default
[u42]   ioapic2.redir[18]=0x00000000000100FF (vec=0xFF masked=1) -- NOT at power-on default
[u42]   ioapic2.redir[19]=0x00000000000100FF (vec=0xFF masked=1) -- NOT at power-on default
[u42]   ioapic2.redir[20]=0x00000000000100FF (vec=0xFF masked=1) -- NOT at power-on default
[u42]   ioapic2.redir[21]=0x00000000000100FF (vec=0xFF masked=1) -- NOT at power-on default
[u42]   ioapic2.redir[22]=0x00000000000100FF (vec=0xFF masked=1) -- NOT at power-on default
[u42]   ioapic2.redir[23]=0x00000000000100FF (vec=0xFF masked=1) -- NOT at power-on default
[fwcfg] select #24: selector=0x0
[fwcfg] select #25: selector=0x1
[fwcfg] select #26: selector=0x19
[fwcfg] select #27: selector=0x19
[fwcfg] select #28: selector=0x19
[fwcfg] select #29: selector=0x19
[fwcfg] select #30: selector=0x19
[fwcfg] select #31: selector=0x19
[fwcfg] select #32: selector=0x19
[fwcfg] select #33: selector=0x19
[fwcfg] select #34: selector=0x0
[fwcfg] select #35: selector=0x1
[fwcfg] select #36: selector=0x19
[fwcfg] select #37: selector=0xE
[fwcfg] select #38: selector=0x5
[heartbeat: exitCount=730000 elapsedSec=26.2 lastPort=0xB008 write=0 val=0x2]
[fwcfg] select #39: selector=0x23
[ramfb] configured: address=0xBE500000 800x600 stride=3200
[cmos-ab] write reg=0x0A value=0x26 (RegA=0x26 RegB=0x02, PIE=0)
[fwcfg] select #40: selector=0x17
[heartbeat: exitCount=735000 elapsedSec=26.3 lastPort=0xCF8 write=0 val=0x89]
[2J[001;001H[=3h[2J[001;001H[2J[001;001H[8;056;240t[2J[001;001H[heartbeat: exitCount=740000 elapsedSec=26.4 lastPort=0x2FD write=0 val=0x89]
[2J[001;001H[=3h[2J[001;001H[2J[001;001H[8;031;100t[2J[001;001H[aux] controller: disable AUX port
[heartbeat: exitCount=745000 elapsedSec=26.5 lastPort=0xCF8 write=0 val=0x0]
BdsDxe: loading Boot0002 "UEFI LocalHost Virtual Disk LH0001 " from PciRoot(0x0)/Pci(0x2,0x0)/Sata(0x0,0xFFFF,0x0)
[heartbeat: exitCount=750000 elapsedSec=26.6 lastPort=0x2FD write=0 val=0x0]
[u40] === RIP histogram pass 2 (periodic): 2390 samples, base=0x0 ===
[u40]     1016  page 0xBF14E000
[u40]      568  page 0xBFC50000
[u40]      240  page 0xBEA03000
[u40]      229  page 0xBF14F000
[u40]      173  page 0xBF174000
[u40]      109  page 0xBE422000
[u40]       11  page 0xBFD68000
[u40]        9  page 0x848000
[u40]        7  page 0x83D000
[u40]        7  page 0xBE41C000
[u40]        2  page 0xBFA20000
[u40]        2  page 0xBFF78000
[u40]        2  page 0xBEAA9000
[u40]        2  page 0x834000
[u40]        1  page 0xBE35B000
[u40]        1  page 0xBFE5E000
[u40]        1  page 0xBF0E6000
[u40]        1  page 0xBFE57000
[u40]   most recent 256 samples (newest last):
[u40]     BEA03B01@747441 BEA03B01@747451 BEA03B01@747461 BEA03B01@747471 BEA03B01@747481 BEA03B01@747491 BF14F31A@747501 BF14E7F8@747511 BF14F31A@747521 BF14E7F8@747531 BF14F31A@747541 BF14E7F8@747551 BF14E7F8@747561 BF14E7F8@747571 BF14E7F8@747581 BF14E7F8@747591 BF14E7F8@747601 BF14E7F8@747611 BF14E7F8@747621 BF14E7F8@747631 BF14E7F8@747641 BF14E7F8@747651 BF14E7F8@747661 BF14E7F8@747671 BF14F31A@747681 BF14E7F8@747691 BF14E7F8@747701 BF14E7F8@747711 BF14E7F8@747721 BF14E7F8@747731 BF14E7F8@747741 BF14E7F8@747751 BF14E7F8@747761 BF14E7F8@747771 BF14E7F8@747781 BF14E7F8@747791 BF14E7F8@747801 BF14E7F8@747811 BF14F31A@747821 BF14E7F8@747831 BF14F31A@747841 BF14E7F8@747851 BF14F31A@747861 BF14E7F8@747871 BF14F31A@747881 BF14E7F8@747891 BF14F31A@747901 BF14E7F8@747911 BF14F31A@747921 BF14E7F8@747931 BF14F31A@747941 BF14E7F8@747951 BF14F31A@747961 BF14E7F8@747971 BF14F31A@747981 BF14E7F8@747991 BF14F31A@748001 BF14E7F8@748011 BF14F31A@748021 BF14E7F8@748031 BF14F31A@748041 BF14E7F8@748051 BF14F31A@748061 BF14E7F8@748071 BF14F31A@748081 BF14E7F8@748091 BF14F31A@748101 BF14E7F8@748111 BF14F31A@748121 BF14E7F8@748131 BF14F31A@748141 BF14E7F8@748151 BF14F31A@748161 BF14E7F8@748171 BF14F31A@748181 BF14E7F8@748191 BF14F31A@748201 BF14E7F8@748211 BF14F31A@748221 BF14E7F8@748231 BF14F31A@748241 BF14E7F8@748251 BF14F31A@748261 BF14E7F8@748271 BF14F31A@748281 BF14E7F8@748291 BF14F31A@748301 BF14E7F8@748311 BF14F31A@748321 BF14E7F8@748331 BEA03B01@748341 BEA03B01@748351 BEA03B01@748361 BEA03B01@748371 BEA03B01@748381 BEA03B01@748391 BEA03B01@748401 BEA03B01@748411 BEA03B01@748421 BEA03B01@748431 BEA03B01@748441 BEA03B01@748451 BEA03B01@748461 BEA03B01@748471 BEA03B01@748481 BEA03B01@748491 BEA03B01@748501 BEA03B01@748511 BEA03B01@748521 BEA03B01@748531 BEA03B01@748541 BEA03B01@748551 BEA03B01@748561 BEA03B01@748571 BEA03B01@748581 BEA03B01@748591 BEA03B01@748601 BEA03B01@748611 BEA03B01@748621 BEA03B01@748631 BEA03B01@748641 BEA03B01@748651 BEA03B01@748661 BEA03B01@748671 BEA03B01@748681 BEA03B01@748691 BEA03B01@748701 BEA03B01@748711 BEA03B01@748721 BEA03B01@748731 BEA03B01@748741 BEA03B01@748751 BEA03B01@748761 BEA03B01@748771 BEA03B01@748781 BF14E7F8@748791 BF14F31A@748801 BF14E7F8@748811 BF14F31A@748821 BF14E7F8@748831 BF14F31A@748841 BEA03B01@748851 BEA03B01@748861 BEA03B01@748871 BEA03B01@748881 BEA03B01@748891 BEA03B01@748901 BEA03B01@748911 BEA03B01@748921 BEA03B01@748931 BEA03B01@748941 BEA03B01@748951 BEA03B01@748961 BEA03B01@748971 BEA03B01@748981 BEA03B01@748991 BEA03B01@749001 BEA03B01@749011 BEA03B01@749021 BEA03B01@749031 BEA03B01@749041 BEA03B01@749051 BEA03B01@749061 BEA03B01@749071 BEA03B01@749081 BEA03B01@749091 BEA03B01@749101 BEA03B01@749111 BEA03B01@749121 BEA03B01@749131 BEA03B01@749141 BEA03B01@749151 BEA03B01@749161 BEA03B01@749171 BEA03B01@749181 BEA03B01@749191 BEA03B01@749201 BEA03B01@749211 BEA03B01@749221 BEA03B01@749231 BEA03B01@749241 BEA03B01@749251 BEA03B01@749261 BEA03B01@749271 BEA03B01@749281 BEA03B01@749291 BEA03B01@749301 BEA03B01@749311 BEA03B01@749321 BEA03B01@749331 BEA03B01@749341 BEA03B01@749351 BEA03B01@749361 BEA03B01@749371 BEA03B01@749381 BEA03B01@749391 BEA03B01@749401 BEA03B01@749411 BEA03B01@749421 BEA03B01@749431 BEA03B01@749441 BEA03B01@749451 BEA03B01@749461 BEA03B01@749471 BEA03B01@749481 BEA03B01@749491 BEA03B01@749501 BEA03B01@749511 BEA03B01@749521 BEA03B01@749531 BEA03B01@749541 BEA03B01@749551 BEA03B01@749561 BEA03B01@749571 BEA03B01@749581 BEA03B01@749591 BE4227D6@749601 BE4227D6@749611 BE4227D6@749621 BE4227D6@749631 BE4227D6@749641 BE4227D6@749651 BE4227D6@749661 BE4227D6@749671 BE4227D6@749681 BE4227D6@749691 BE4227D6@749701 BE4227D6@749711 BE4227D6@749721 BE4227D6@749731 BE4227D6@749741 BE4227D6@749751 BE4227D6@749761 BE4227D6@749771 BE4227D6@749781 BE4227D6@749791 BE4227D6@749801 BE4227D6@749811 BE4227D6@749821 BE4227D6@749831 BE4227D6@749841 BE4227D6@749851 BE4227D6@749861 BE4227D6@749871 BE4227D6@749881 BE4227D6@749891 BE4227D6@749901 BE4227D6@749911 BE4227D6@749921 BE4227D6@749931 BE4227D6@749941 BE4227D6@749951 BE4227D6@749961 BE4227D6@749971 BE4227D6@749981 BE4227D6@749991
BdsDxe: starting Boot0002 "UEFI LocalHost Virtual Disk LH0001 " from PciRoot(0x0)/Pci(0x2,0x0)/Sata(0x0,0xFFFF,0x0)
[2J[001;001H[=3h[2J[001;001H[heartbeat: exitCount=755000 elapsedSec=26.8 lastPort=0xB008 write=0 val=0x89]
[heartbeat: exitCount=760000 elapsedSec=26.9 lastPort=0xB008 write=0 val=0x89]
[heartbeat: exitCount=765000 elapsedSec=27.1 lastPort=0xB008 write=0 val=0x89]
[heartbeat: exitCount=770000 elapsedSec=27.2 lastPort=0xB008 write=0 val=0x89]
[heartbeat: exitCount=775000 elapsedSec=27.4 lastPort=0xB008 write=0 val=0x89]
[heartbeat: exitCount=780000 elapsedSec=27.5 lastPort=0xB008 write=0 val=0x89]
[heartbeat: exitCount=785000 elapsedSec=27.7 lastPort=0xB008 write=0 val=0x89]
[heartbeat: exitCount=790000 elapsedSec=27.8 lastPort=0xB008 write=0 val=0x89]
[heartbeat: exitCount=795000 elapsedSec=27.9 lastPort=0xB008 write=0 val=0x89]
[heartbeat: exitCount=800000 elapsedSec=28.0 lastPort=0xB008 write=0 val=0x89]
[heartbeat: exitCount=805000 elapsedSec=28.1 lastPort=0xB008 write=0 val=0x89]
[heartbeat: exitCount=810000 elapsedSec=28.2 lastPort=0xB008 write=0 val=0x89]
[heartbeat: exitCount=815000 elapsedSec=28.3 lastPort=0xB008 write=0 val=0x89]
[heartbeat: exitCount=820000 elapsedSec=28.5 lastPort=0xB008 write=0 val=0x89]
[heartbeat: exitCount=825000 elapsedSec=28.6 lastPort=0xB008 write=0 val=0x89]
[heartbeat: exitCount=830000 elapsedSec=28.7 lastPort=0xB008 write=0 val=0x89]
[heartbeat: exitCount=835000 elapsedSec=28.9 lastPort=0xB008 write=0 val=0x2]
[aux] controller: disable AUX port
[heartbeat: exitCount=840000 elapsedSec=31.0 lastPort=0xCF8 write=1 val=0x0]
[heartbeat: exitCount=845000 elapsedSec=31.1 lastPort=0xCF8 write=1 val=0x0]
[heartbeat: exitCount=850000 elapsedSec=31.2 lastPort=0xCF8 write=1 val=0x0]
[heartbeat: exitCount=855000 elapsedSec=31.3 lastPort=0xCF8 write=1 val=0x0]
[kerneldiag] candidate address 0xFFFFF803153A57DD resolves to module base 0xFFFFF80315000000 (+0x3A57DD into it)
[kerneldiag] debug directory: type=2 codeViewRva=0x40970
[kerneldiag] module PDB name: ntkrnlmp.pdb guid=D9424FC4-861E-47C1-0FAD1B35DEC6DCC8 age=1
[wp] DISCOVERY at exitCount=855875 (pass 2)
[wp] armed breakpoints at module base 0xFFFFF80315000000 (DR2 LFH-check armed=1): DR0=+0x9B7010 (U34 ExInitializePoolHeapManagement entry, VA=0xFFFFF803159B7010), DR1=+0x3FD6F0 (KeBugCheckEx, VA=0xFFFFF803153FD6F0), DR2=+0x343B49 (RtlpHpLfhOwnerMoveSubsegment entry, VA=0xFFFFF80315343B49), DR3=+0x9A188F (HalpIommuInitSystem ret, VA=0xFFFFF803159A188F)
[u32] ExPoolState pool-descriptor fields (pass 2):
[u32]   pool[0] desc@RVA0xC57EC0: +0x08=0x0 +0x10=0x0  <== +0x10 NULL
[u32]   pool[1] desc@RVA0xC59F80: +0x08=0x0 +0x10=0x0  <== +0x10 NULL
[u32]   pool[2] desc@RVA0xC5C040: +0x08=0x0 +0x10=0x0  <== +0x10 NULL
[u32]   pool[3] desc@RVA0xC5E100: +0x08=0x0 +0x10=0x0  <== +0x10 NULL
[u32]   pool[4] desc@RVA0xC601C0: +0x08=0x0 +0x10=0x0  <== +0x10 NULL
[u32]   pool[5] desc@RVA0xC62280: +0x08=0x0 +0x10=0x0  <== +0x10 NULL
[u32]   pool[6] desc@RVA0xC64340: +0x08=0x0 +0x10=0x0  <== +0x10 NULL
[u32]   pool[7] desc@RVA0xC66400: +0x08=0x0 +0x10=0x0  <== +0x10 NULL
[u33] pass boundary -- re-baselining pool-descriptor tracker for pass 2
[u33] baseline pass=2 exitCount=855875 pool[0] +0x08=0x0 +0x10=0x0
[u33] baseline pass=2 exitCount=855875 pool[1] +0x08=0x0 +0x10=0x0
[u33] baseline pass=2 exitCount=855875 pool[2] +0x08=0x0 +0x10=0x0
[u33] baseline pass=2 exitCount=855875 pool[3] +0x08=0x0 +0x10=0x0
[u42] pass2 ioapic1 SELECT reg=0x01
[u42] pass2 ioapic1 WRITE reg=0x01 value=0x00000000
[u42] pass2 ioapic1 SELECT reg=0x01
[u42] pass2 ioapic1 READ  reg=0x01 -> 0x00170011
[u42] pass2 ioapic1 SELECT reg=0x01
[u42] pass2 ioapic1 WRITE reg=0x01 value=0x00000000
[u42] pass2 ioapic1 SELECT reg=0x01
[u42] pass2 ioapic1 READ  reg=0x01 -> 0x00170011
[u42] pass2 ioapic1 SELECT reg=0x00
[u42] pass2 ioapic1 READ  reg=0x00 -> 0x01000000
[u42] pass2 ioapic1 WRITE reg=0x00 value=0x01000000
[u42] pass2 ioapic1 SELECT reg=0x10
[u42] pass2 ioapic1 READ  reg=0x10 -> 0x000100FF
[u42] pass2 ioapic1 WRITE reg=0x10 value=0x000100FF
[u42] pass2 ioapic1 SELECT reg=0x11
[u42] pass2 ioapic1 WRITE reg=0x11 value=0x00000000
[u42] pass2 ioapic1 SELECT reg=0x12
[u42] pass2 ioapic1 READ  reg=0x12 -> 0x000100FF
[u42] pass2 ioapic1 WRITE reg=0x12 value=0x000100FF
[u42] pass2 ioapic1 SELECT reg=0x13
[u42] pass2 ioapic1 WRITE reg=0x13 value=0x00000000
[u42] pass2 ioapic1 SELECT reg=0x14
[u42] pass2 ioapic1 READ  reg=0x14 -> 0x000100FF
[u42] pass2 ioapic1 WRITE reg=0x14 value=0x000100FF
[u42] pass2 ioapic1 SELECT reg=0x15
[u42] pass2 ioapic1 WRITE reg=0x15 value=0x00000000
[u42] pass2 ioapic1 SELECT reg=0x16
[u42] pass2 ioapic1 READ  reg=0x16 -> 0x000100FF
[u42] pass2 ioapic1 WRITE reg=0x16 value=0x000100FF
[u42] pass2 ioapic1 SELECT reg=0x17
[u42] pass2 ioapic1 WRITE reg=0x17 value=0x00000000
[u42] pass2 ioapic1 SELECT reg=0x18
[u42] pass2 ioapic1 READ  reg=0x18 -> 0x000100FF
[u42] pass2 ioapic1 WRITE reg=0x18 value=0x000100FF
[u42] pass2 ioapic1 SELECT reg=0x19
[u42] pass2 ioapic1 WRITE reg=0x19 value=0x00000000
[u42] pass2 ioapic1 SELECT reg=0x1A
[u42] pass2 ioapic1 READ  reg=0x1A -> 0x000100FF
[u42] pass2 ioapic1 WRITE reg=0x1A value=0x000100FF
[u42] pass2 ioapic1 SELECT reg=0x1B
[u42] pass2 ioapic1 WRITE reg=0x1B value=0x00000000
[u42] pass2 ioapic1 SELECT reg=0x1C
[u42] pass2 ioapic1 READ  reg=0x1C -> 0x000100FF
[u42] pass2 ioapic1 WRITE reg=0x1C value=0x000100FF
[u42] pass2 ioapic1 SELECT reg=0x1D
[u42] pass2 ioapic1 WRITE reg=0x1D value=0x00000000
[u42] pass2 ioapic1 SELECT reg=0x1E
[u42] pass2 ioapic1 READ  reg=0x1E -> 0x000100FF
[u42] pass2 ioapic1 WRITE reg=0x1E value=0x000100FF
[u42] pass2 ioapic1 SELECT reg=0x1F
[u42] pass2 ioapic1 WRITE reg=0x1F value=0x00000000
[u42] pass2 ioapic1 SELECT reg=0x20
[u42] pass2 ioapic1 READ  reg=0x20 -> 0x000008D1
[u42] pass2 ioapic1 WRITE reg=0x20 value=0x000100FF
[u42] pass2 ioapic1 SELECT reg=0x21
[u42] pass2 ioapic1 WRITE reg=0x21 value=0x00000000
[u42] pass2 ioapic1 SELECT reg=0x22
[u42] pass2 ioapic1 READ  reg=0x22 -> 0x000100FF
[u42] pass2 ioapic1 WRITE reg=0x22 value=0x000100FF
[u42] pass2 ioapic1 SELECT reg=0x23
[u42] pass2 ioapic1 WRITE reg=0x23 value=0x00000000
[u42] pass2 ioapic1 SELECT reg=0x24
[u42] pass2 ioapic1 READ  reg=0x24 -> 0x000100FF
[u42] pass2 ioapic1 WRITE reg=0x24 value=0x000100FF
[u42] pass2 ioapic1 SELECT reg=0x25
[u42] pass2 ioapic1 WRITE reg=0x25 value=0x00000000
[u42] pass2 ioapic1 SELECT reg=0x26
[u42] pass2 ioapic1 READ  reg=0x26 -> 0x000100FF
[u42] pass2 ioapic1 WRITE reg=0x26 value=0x000100FF
[u42] pass2 ioapic1 SELECT reg=0x27
[u42] pass2 ioapic1 WRITE reg=0x27 value=0x00000000
[u42] pass2 ioapic1 SELECT reg=0x28
[u42] pass2 ioapic1 READ  reg=0x28 -> 0x000100FF
[u42] pass2 ioapic1 WRITE reg=0x28 value=0x000100FF
[u42] pass2 ioapic1 SELECT reg=0x29
[u42] pass2 ioapic1 WRITE reg=0x29 value=0x00000000
[u42] pass2 ioapic1 SELECT reg=0x2A
[u42] pass2 ioapic1 READ  reg=0x2A -> 0x000100FF
[u42] pass2 ioapic1 WRITE reg=0x2A value=0x000100FF
[u42] pass2 ioapic1 SELECT reg=0x2B
[u42] pass2 ioapic1 WRITE reg=0x2B value=0x00000000
[u42] pass2 ioapic1 SELECT reg=0x2C
[u42] pass2 ioapic1 READ  reg=0x2C -> 0x000100FF
[u42] pass2 ioapic1 WRITE reg=0x2C value=0x000100FF
[u42] pass2 ioapic1 SELECT reg=0x2D
[u42] pass2 ioapic1 WRITE reg=0x2D value=0x00000000
[u42] pass2 ioapic1 SELECT reg=0x2E
[u42] pass2 ioapic1 READ  reg=0x2E -> 0x000100FF
[u42] pass2 ioapic1 WRITE reg=0x2E value=0x000100FF
[u42] pass2 ioapic1 SELECT reg=0x2F
[u42] pass2 ioapic1 WRITE reg=0x2F value=0x00000000
[u42] pass2 ioapic1 SELECT reg=0x30
[u42] pass2 ioapic1 READ  reg=0x30 -> 0x000100FF
[u42] pass2 ioapic1 WRITE reg=0x30 value=0x000100FF
[u42] pass2 ioapic1 SELECT reg=0x31
[u42] pass2 ioapic1 WRITE reg=0x31 value=0x00000000
[u42] pass2 ioapic1 SELECT reg=0x32
[u42] pass2 ioapic1 READ  reg=0x32 -> 0x000100FF
[u42] pass2 ioapic1 WRITE reg=0x32 value=0x000100FF
[u42] pass2 ioapic1 SELECT reg=0x33
[u42] pass2 ioapic1 WRITE reg=0x33 value=0x00000000
[u42] pass2 ioapic1 SELECT reg=0x34
[u42] pass2 ioapic1 READ  reg=0x34 -> 0x000100FF
[u42] pass2 ioapic1 WRITE reg=0x34 value=0x000100FF
[u42] pass2 ioapic1 SELECT reg=0x35
[u42] pass2 ioapic1 WRITE reg=0x35 value=0x00000000
[u42] pass2 ioapic1 SELECT reg=0x36
[u42] pass2 ioapic1 READ  reg=0x36 -> 0x000100FF
[u42] pass2 ioapic1 WRITE reg=0x36 value=0x000100FF
[u42] pass2 ioapic1 SELECT reg=0x37
[u42] pass2 ioapic1 WRITE reg=0x37 value=0x00000000
[u42] pass2 ioapic1 SELECT reg=0x38
[u42] pass2 ioapic1 READ  reg=0x38 -> 0x000100FF
[u42] pass2 ioapic1 WRITE reg=0x38 value=0x000100FF
[u42] pass2 ioapic1 SELECT reg=0x39
[u42] pass2 ioapic1 WRITE reg=0x39 value=0x00000000
[u42] pass2 ioapic1 SELECT reg=0x3A
[u42] pass2 ioapic1 READ  reg=0x3A -> 0x000100FF
[u42] pass2 ioapic1 WRITE reg=0x3A value=0x000100FF
[u42] pass2 ioapic1 SELECT reg=0x3B
[u42] pass2 ioapic1 WRITE reg=0x3B value=0x00000000
[u42] pass2 ioapic1 SELECT reg=0x3C
[u42] pass2 ioapic1 READ  reg=0x3C -> 0x000100FF
[u42] pass2 ioapic1 WRITE reg=0x3C value=0x000100FF
[u42] pass2 ioapic1 SELECT reg=0x3D
[u42] pass2 ioapic1 WRITE reg=0x3D value=0x00000000
[u42] pass2 ioapic1 SELECT reg=0x3E
[u42] pass2 ioapic1 READ  reg=0x3E -> 0x000100FF
[u42] pass2 ioapic1 WRITE reg=0x3E value=0x000100FF
[u42] pass2 ioapic1 SELECT reg=0x3F
[u42] pass2 ioapic1 WRITE reg=0x3F value=0x00000000
[u42] pass2 ioapic2 SELECT reg=0x01
[u42] pass2 ioapic2 WRITE reg=0x01 value=0x00000000
[u42] pass2 ioapic2 SELECT reg=0x01
[u42] pass2 ioapic2 READ  reg=0x01 -> 0x00170011
[u42] pass2 ioapic2 SELECT reg=0x01
[u42] pass2 ioapic2 WRITE reg=0x01 value=0x00000000
[u42] pass2 ioapic2 SELECT reg=0x01
[u42] pass2 ioapic2 READ  reg=0x01 -> 0x00170011
[u42] pass2 ioapic2 SELECT reg=0x00
[u42] pass2 ioapic2 READ  reg=0x00 -> 0x02000000
[u42] pass2 ioapic2 WRITE reg=0x00 value=0x02000000
[u42] pass2 ioapic2 SELECT reg=0x10
[u42] pass2 ioapic2 READ  reg=0x10 -> 0x000100FF
[u42] pass2 ioapic2 WRITE reg=0x10 value=0x000100FF
[u42] pass2 ioapic2 SELECT reg=0x11
[u42] pass2 ioapic2 WRITE reg=0x11 value=0x00000000
[u42] pass2 ioapic2 SELECT reg=0x12
[u42] pass2 ioapic2 READ  reg=0x12 -> 0x000100FF
[u42] pass2 ioapic2 WRITE reg=0x12 value=0x000100FF
[u42] pass2 ioapic2 SELECT reg=0x13
[u42] pass2 ioapic2 WRITE reg=0x13 value=0x00000000
[u42] pass2 ioapic2 SELECT reg=0x14
[u42] pass2 ioapic2 READ  reg=0x14 -> 0x000100FF
[u42] pass2 ioapic2 WRITE reg=0x14 value=0x000100FF
[u42] pass2 ioapic2 SELECT reg=0x15
[u42] pass2 ioapic2 WRITE reg=0x15 value=0x00000000
[u42] pass2 ioapic2 SELECT reg=0x16
[u42] pass2 ioapic2 READ  reg=0x16 -> 0x000100FF
[u42] pass2 ioapic2 WRITE reg=0x16 value=0x000100FF
[u42] pass2 ioapic2 SELECT reg=0x17
[u42] pass2 ioapic2 WRITE reg=0x17 value=0x00000000
[u42] pass2 ioapic2 SELECT reg=0x18
[u42] pass2 ioapic2 READ  reg=0x18 -> 0x000100FF
[u42] pass2 ioapic2 WRITE reg=0x18 value=0x000100FF
[u42] pass2 ioapic2 SELECT reg=0x19
[u42] pass2 ioapic2 WRITE reg=0x19 value=0x00000000
[u42] pass2 ioapic2 SELECT reg=0x1A
[u42] pass2 ioapic2 READ  reg=0x1A -> 0x000100FF
[u42] pass2 ioapic2 WRITE reg=0x1A value=0x000100FF
[u42] pass2 ioapic2 SELECT reg=0x1B
[u42] pass2 ioapic2 WRITE reg=0x1B value=0x00000000
[u42] pass2 ioapic2 SELECT reg=0x1C
[u42] pass2 ioapic2 READ  reg=0x1C -> 0x000100FF
[u42] pass2 ioapic2 WRITE reg=0x1C value=0x000100FF
[u42] pass2 ioapic2 SELECT reg=0x1D
[u42] pass2 ioapic2 WRITE reg=0x1D value=0x00000000
[u42] pass2 ioapic2 SELECT reg=0x1E
[u42] pass2 ioapic2 READ  reg=0x1E -> 0x000100FF
[u42] pass2 ioapic2 WRITE reg=0x1E value=0x000100FF
[u42] pass2 ioapic2 SELECT reg=0x1F
[u42] pass2 ioapic2 WRITE reg=0x1F value=0x00000000
[u42] pass2 ioapic2 SELECT reg=0x20
[u42] pass2 ioapic2 READ  reg=0x20 -> 0x000100FF
[u42] pass2 ioapic2 WRITE reg=0x20 value=0x000100FF
[u42] pass2 ioapic2 SELECT reg=0x21
[u42] pass2 ioapic2 WRITE reg=0x21 value=0x00000000
[u42] pass2 ioapic2 SELECT reg=0x22
[u42] pass2 ioapic2 READ  reg=0x22 -> 0x000100FF
[u42] pass2 ioapic2 WRITE reg=0x22 value=0x000100FF
[u42] pass2 ioapic2 SELECT reg=0x23
[u42] pass2 ioapic2 WRITE reg=0x23 value=0x00000000
[u42] pass2 ioapic2 SELECT reg=0x24
[u42] pass2 ioapic2 READ  reg=0x24 -> 0x000100FF
[u42] pass2 ioapic2 WRITE reg=0x24 value=0x000100FF
[u42] pass2 ioapic2 SELECT reg=0x25
[u42] pass2 ioapic2 WRITE reg=0x25 value=0x00000000
[u42] pass2 ioapic2 SELECT reg=0x26
[u42] pass2 ioapic2 READ  reg=0x26 -> 0x000100FF
[u42] pass2 ioapic2 WRITE reg=0x26 value=0x000100FF
[u42] pass2 ioapic2 SELECT reg=0x27
[u42] pass2 ioapic2 WRITE reg=0x27 value=0x00000000
[u42] pass2 ioapic2 SELECT reg=0x28
[u42] pass2 ioapic2 READ  reg=0x28 -> 0x000100FF
[u42] pass2 ioapic2 WRITE reg=0x28 value=0x000100FF
[u42] pass2 ioapic2 SELECT reg=0x29
[u42] pass2 ioapic2 WRITE reg=0x29 value=0x00000000
[u42] pass2 ioapic2 SELECT reg=0x2A
[u42] pass2 ioapic2 READ  reg=0x2A -> 0x000100FF
[u42] pass2 ioapic2 WRITE reg=0x2A value=0x000100FF
[u42] pass2 ioapic2 SELECT reg=0x2B
[u42] pass2 ioapic2 WRITE reg=0x2B value=0x00000000
[u42] pass2 ioapic2 SELECT reg=0x2C
[u42] pass2 ioapic2 READ  reg=0x2C -> 0x000100FF
[u42] pass2 ioapic2 WRITE reg=0x2C value=0x000100FF
[u42] pass2 ioapic2 SELECT reg=0x2D
[u42] pass2 ioapic2 WRITE reg=0x2D value=0x00000000
[u42] pass2 ioapic2 SELECT reg=0x2E
[u42] pass2 ioapic2 READ  reg=0x2E -> 0x000100FF
[u42] pass2 ioapic2 WRITE reg=0x2E value=0x000100FF
[u42] pass2 ioapic2 SELECT reg=0x2F
[u42] pass2 ioapic2 WRITE reg=0x2F value=0x00000000
[u42] pass2 ioapic2 SELECT reg=0x30
[u42] pass2 ioapic2 READ  reg=0x30 -> 0x000100FF
[u42] pass2 ioapic2 WRITE reg=0x30 value=0x000100FF
[u42] pass2 ioapic2 SELECT reg=0x31
[u42] pass2 ioapic2 WRITE reg=0x31 value=0x00000000
[u42] pass2 ioapic2 SELECT reg=0x32
[u42] pass2 ioapic2 READ  reg=0x32 -> 0x000100FF
[u42] pass2 ioapic2 WRITE reg=0x32 value=0x000100FF
[u42] pass2 ioapic2 SELECT reg=0x33
[u42] pass2 ioapic2 WRITE reg=0x33 value=0x00000000
[u42] pass2 ioapic2 SELECT reg=0x34
[u42] pass2 ioapic2 READ  reg=0x34 -> 0x000100FF
[u42] pass2 ioapic2 WRITE reg=0x34 value=0x000100FF
[u42] pass2 ioapic2 SELECT reg=0x35
[u42] pass2 ioapic2 WRITE reg=0x35 value=0x00000000
[u42] pass2 ioapic2 SELECT reg=0x36
[u42] pass2 ioapic2 READ  reg=0x36 -> 0x000100FF
[u42] pass2 ioapic2 WRITE reg=0x36 value=0x000100FF
[u42] pass2 ioapic2 SELECT reg=0x37
[u42] pass2 ioapic2 WRITE reg=0x37 value=0x00000000
[u42] pass2 ioapic2 SELECT reg=0x38
[u42] pass2 ioapic2 READ  reg=0x38 -> 0x000100FF
[u42] pass2 ioapic2 WRITE reg=0x38 value=0x000100FF
[u42] pass2 ioapic2 SELECT reg=0x39
[u42] pass2 ioapic2 WRITE reg=0x39 value=0x00000000
[u42] pass2 ioapic2 SELECT reg=0x3A
[u42] pass2 ioapic2 READ  reg=0x3A -> 0x000100FF
[u42] pass2 ioapic2 WRITE reg=0x3A value=0x000100FF
[u42] pass2 ioapic2 SELECT reg=0x3B
[u42] pass2 ioapic2 WRITE reg=0x3B value=0x00000000
[u42] pass2 ioapic2 SELECT reg=0x3C
[u42] pass2 ioapic2 READ  reg=0x3C -> 0x000100FF
[u42] pass2 ioapic2 WRITE reg=0x3C value=0x000100FF
[u42] pass2 ioapic2 SELECT reg=0x3D
[u42] pass2 ioapic2 WRITE reg=0x3D value=0x00000000
[u42] pass2 ioapic2 SELECT reg=0x3E
[u42] pass2 ioapic2 READ  reg=0x3E -> 0x000100FF
[u42] pass2 ioapic2 WRITE reg=0x3E value=0x000100FF
[u34] *** ExAllocatePoolWithTag ENTERED *** pass=2 exitCount=856147 (reset+130135)
[u34]   args PoolType=0x200 Size=0xAF7 Tag=0x0 r9=0x0 rsp=0xFFFFF8031B075188
[u34]   GUARANTEED caller [rsp+0x00]=0xFFFFF803153DC921[kerneldiag] candidate address 0xFFFFF803153DC921 resolves to module base 0xFFFFF80315000000 (+0x3DC921 into it)
[kerneldiag] debug directory: type=2 codeViewRva=0x40970
[kerneldiag] module PDB name: ntkrnlmp.pdb guid=D9424FC4-861E-47C1-0FAD1B35DEC6DCC8 age=1
  (base 0xFFFFF80315000000 RVA 0x3DC921)
[u34]   HEURISTIC deeper scan (context only -- stale frames possible, see U44/U45):
[u34]     [rsp+0x00]=0xFFFFF803153DC921[kerneldiag] candidate address 0xFFFFF803153DC921 resolves to module base 0xFFFFF80315000000 (+0x3DC921 into it)
[kerneldiag] debug directory: type=2 codeViewRva=0x40970
[kerneldiag] module PDB name: ntkrnlmp.pdb guid=D9424FC4-861E-47C1-0FAD1B35DEC6DCC8 age=1
  (base 0xFFFFF80315000000 RVA 0x3DC921)
[u34]     [rsp+0x20]=0xFFFFF803153A2262[kerneldiag] candidate address 0xFFFFF803153A2262 resolves to module base 0xFFFFF80315000000 (+0x3A2262 into it)
[kerneldiag] debug directory: type=2 codeViewRva=0x40970
[kerneldiag] module PDB name: ntkrnlmp.pdb guid=D9424FC4-861E-47C1-0FAD1B35DEC6DCC8 age=1
  (base 0xFFFFF80315000000 RVA 0x3A2262)
[u34]     [rsp+0x30]=0xFFFFF803153B2A7B[kerneldiag] candidate address 0xFFFFF803153B2A7B resolves to module base 0xFFFFF80315000000 (+0x3B2A7B into it)
[kerneldiag] debug directory: type=2 codeViewRva=0x40970
[kerneldiag] module PDB name: ntkrnlmp.pdb guid=D9424FC4-861E-47C1-0FAD1B35DEC6DCC8 age=1
  (base 0xFFFFF80315000000 RVA 0x3B2A7B)
[u34]     [rsp+0x40]=0xFFFFF78880001568[kerneldiag] no PE header found scanning VA back from 0xFFFFF78880001568

[u34]     [rsp+0x80]=0xFFFFF803153B2A7B[kerneldiag] candidate address 0xFFFFF803153B2A7B resolves to module base 0xFFFFF80315000000 (+0x3B2A7B into it)
[kerneldiag] debug directory: type=2 codeViewRva=0x40970
[kerneldiag] module PDB name: ntkrnlmp.pdb guid=D9424FC4-861E-47C1-0FAD1B35DEC6DCC8 age=1
  (base 0xFFFFF80315000000 RVA 0x3B2A7B)
[u34]     [rsp+0x90]=0xFFFFF78880001568[kerneldiag] no PE header found scanning VA back from 0xFFFFF78880001568

[u34]     [rsp+0xA8]=0xFFFFF803118AD5F0[kerneldiag] no PE header found scanning VA back from 0xFFFFF803118AD5F0

[u34]     [rsp+0xB8]=0xFFFFF80315008160[kerneldiag] candidate address 0xFFFFF80315008160 resolves to module base 0xFFFFF80315000000 (+0x8160 into it)
[kerneldiag] debug directory: type=2 codeViewRva=0x40970
[kerneldiag] module PDB name: ntkrnlmp.pdb guid=D9424FC4-861E-47C1-0FAD1B35DEC6DCC8 age=1
  (base 0xFFFFF80315000000 RVA 0x8160)
[u34]     [rsp+0xD8]=0xFFFFF8031B0752F0[kerneldiag] candidate address 0xFFFFF8031B0752F0 resolves to module base 0xFFFFF8031ADF0000 (+0x2852F0 into it)
[kerneldiag] debug directory: type=2 codeViewRva=0x2174
[kerneldiag] module PDB name: volume.pdb guid=AAF65608-ADE9-794A-A208A2E6534FF85E age=1
  (base 0xFFFFF8031ADF0000 RVA 0x2852F0)
[u34]     [rsp+0xE0]=0xFFFFF80315404912[kerneldiag] candidate address 0xFFFFF80315404912 resolves to module base 0xFFFFF80315000000 (+0x404912 into it)
[kerneldiag] debug directory: type=2 codeViewRva=0x40970
[kerneldiag] module PDB name: ntkrnlmp.pdb guid=D9424FC4-861E-47C1-0FAD1B35DEC6DCC8 age=1
  (base 0xFFFFF80315000000 RVA 0x404912)
[u34]     [rsp+0xE8]=0xFFFFF8031B075270[kerneldiag] candidate address 0xFFFFF8031B075270 resolves to module base 0xFFFFF8031ADF0000 (+0x285270 into it)
[kerneldiag] debug directory: type=2 codeViewRva=0x2174
[kerneldiag] module PDB name: volume.pdb guid=AAF65608-ADE9-794A-A208A2E6534FF85E age=1
  (base 0xFFFFF8031ADF0000 RVA 0x285270)
[u34]     [rsp+0xF0]=0xFFFFF803153B3AA0[kerneldiag] candidate address 0xFFFFF803153B3AA0 resolves to module base 0xFFFFF80315000000 (+0x3B3AA0 into it)
[kerneldiag] debug directory: type=2 codeViewRva=0x40970
[kerneldiag] module PDB name: ntkrnlmp.pdb guid=D9424FC4-861E-47C1-0FAD1B35DEC6DCC8 age=1
  (base 0xFFFFF80315000000 RVA 0x3B3AA0)
[u34] one-shot fired (1 hit) -- disarming DR0 for this pass

[BUGCHECK] hit #1: KeBugCheckEx code=0x139 p1=0x3 p2=0xFFFFF8031B074CB0 p3=0xFFFFF8031B074C08 exitCount=856148
[BUGCHECK]   p4=0x0  caller(return)=0xFFFFF80315411AA9[kerneldiag] candidate address 0xFFFFF80315411AA9 resolves to module base 0xFFFFF80315000000 (+0x411AA9 into it)
[kerneldiag] debug directory: type=2 codeViewRva=0x40970
[kerneldiag] module PDB name: ntkrnlmp.pdb guid=D9424FC4-861E-47C1-0FAD1B35DEC6DCC8 age=1
  (base 0xFFFFF80315000000 RVA 0x411AA9)
[BUGCHECK]   stack (canonical kernel qwords):
[BUGCHECK]     [rsp+0x00]=0xFFFFF80315411AA9[kerneldiag] candidate address 0xFFFFF80315411AA9 resolves to module base 0xFFFFF80315000000 (+0x411AA9 into it)
[kerneldiag] debug directory: type=2 codeViewRva=0x40970
[kerneldiag] module PDB name: ntkrnlmp.pdb guid=D9424FC4-861E-47C1-0FAD1B35DEC6DCC8 age=1
  (RVA 0x411AA9)
[BUGCHECK]     [rsp+0x08]=0xFFFFF8031B074FF8[kerneldiag] candidate address 0xFFFFF8031B074FF8 resolves to module base 0xFFFFF8031ADF0000 (+0x284FF8 into it)
[kerneldiag] debug directory: type=2 codeViewRva=0x2174
[kerneldiag] module PDB name: volume.pdb guid=AAF65608-ADE9-794A-A208A2E6534FF85E age=1
  (RVA 0x284FF8)
[BUGCHECK]     [rsp+0x18]=0xFFFFF8031B074A30[kerneldiag] candidate address 0xFFFFF8031B074A30 resolves to module base 0xFFFFF8031ADF0000 (+0x284A30 into it)
[kerneldiag] debug directory: type=2 codeViewRva=0x2174
[kerneldiag] module PDB name: volume.pdb guid=AAF65608-ADE9-794A-A208A2E6534FF85E age=1
  (RVA 0x284A30)
[BUGCHECK]     [rsp+0x30]=0xFFFFF803153D25F9[kerneldiag] candidate address 0xFFFFF803153D25F9 resolves to module base 0xFFFFF80315000000 (+0x3D25F9 into it)
[kerneldiag] debug directory: type=2 codeViewRva=0x40970
[kerneldiag] module PDB name: ntkrnlmp.pdb guid=D9424FC4-861E-47C1-0FAD1B35DEC6DCC8 age=1
  (RVA 0x3D25F9)
[BUGCHECK]   0x139 EXCEPTION_RECORD.ExceptionAddress=0xFFFFF80315344214[kerneldiag] candidate address 0xFFFFF80315344214 resolves to module base 0xFFFFF80315000000 (+0x344214 into it)
[kerneldiag] debug directory: type=2 codeViewRva=0x40970
[kerneldiag] module PDB name: ntkrnlmp.pdb guid=D9424FC4-861E-47C1-0FAD1B35DEC6DCC8 age=1
  (RVA 0x344214)  <== DETECTOR
[BUGCHECK]   0x139 TRAP_FRAME.Rip=0xFFFFF80315344214[kerneldiag] candidate address 0xFFFFF80315344214 resolves to module base 0xFFFFF80315000000 (+0x344214 into it)
[kerneldiag] debug directory: type=2 codeViewRva=0x40970
[kerneldiag] module PDB name: ntkrnlmp.pdb guid=D9424FC4-861E-47C1-0FAD1B35DEC6DCC8 age=1
  (RVA 0x344214)  Rsp=0xFFFFF8031B074E48
[BUGCHECK]   0x139 raw trap-frame qwords 0x00-0xF8:
[BUGCHECK]     tf+0x00=0x0000000000000000
[BUGCHECK]     tf+0x08=0x0000000000000000
[BUGCHECK]     tf+0x10=0x0000000000000000
[BUGCHECK]     tf+0x18=0x0000000000000000
[BUGCHECK]     tf+0x20=0x0000000000000000
[BUGCHECK]     tf+0x28=0x00001F8001000000
[BUGCHECK]     tf+0x30=0x0000000000000000
[BUGCHECK]     tf+0x38=0x0000000000000003  <== (==3, likely rcx/fastfail code)
[BUGCHECK]     tf+0x40=0x0000000000000000
[BUGCHECK]     tf+0x48=0x0000000000000000
[BUGCHECK]     tf+0x50=0x0000000000000008
[BUGCHECK]     tf+0x58=0x0000000000000000
[BUGCHECK]     tf+0x60=0x0000000000000000
[BUGCHECK]     tf+0x68=0x0000000000000000
[BUGCHECK]     tf+0x70=0x0000000000000000
[BUGCHECK]     tf+0x78=0x0000000000000000
[BUGCHECK]     tf+0x80=0x0000000000000000
[BUGCHECK]     tf+0x88=0x0000000000000000
[BUGCHECK]     tf+0x90=0x0056004500440042
[BUGCHECK]     tf+0x98=0x003000300030005F
[BUGCHECK]     tf+0xA0=0x0045005200260031
[BUGCHECK]     tf+0xA8=0x00300030005F0056
[BUGCHECK]     tf+0xB0=0x0055002600310030
[BUGCHECK]     tf+0xB8=0x0030005F00440049
[BUGCHECK]     tf+0xC0=0x0000000000000001
[BUGCHECK]     tf+0xC8=0x0000000000000000
[BUGCHECK]     tf+0xD0=0x0000000000000000
[BUGCHECK]     tf+0xD8=0x0000000000000000
[BUGCHECK]     tf+0xE0=0x0000000000000000
[BUGCHECK]     tf+0xE8=0x0000000000000000
[BUGCHECK]     tf+0xF0=0x0000000000000000
[BUGCHECK]     tf+0xF8=0x0000000000000000
[BUGCHECK]   0x139 full trap-frame scan (off: value -> [Flink,Blink] consistency):
[BUGCHECK]     tf+0x120=0xFFFFF80315D28050[kerneldiag] candidate address 0xFFFFF80315D28050 resolves to module base 0xFFFFF80315000000 (+0xD28050 into it)
[kerneldiag] debug directory: type=2 codeViewRva=0x40970
[kerneldiag] module PDB name: ntkrnlmp.pdb guid=D9424FC4-861E-47C1-0FAD1B35DEC6DCC8 age=1
 (RVA 0xD28050)
[BUGCHECK]     tf+0x128=0xFFFFF8031524545E[kerneldiag] candidate address 0xFFFFF8031524545E resolves to module base 0xFFFFF80315000000 (+0x24545E into it)
[kerneldiag] debug directory: type=2 codeViewRva=0x40970
[kerneldiag] module PDB name: ntkrnlmp.pdb guid=D9424FC4-861E-47C1-0FAD1B35DEC6DCC8 age=1
 (RVA 0x24545E)
[BUGCHECK]     tf+0x130=0xFFFFF80315D27A00[kerneldiag] candidate address 0xFFFFF80315D27A00 resolves to module base 0xFFFFF80315000000 (+0xD27A00 into it)
[kerneldiag] debug directory: type=2 codeViewRva=0x40970
[kerneldiag] module PDB name: ntkrnlmp.pdb guid=D9424FC4-861E-47C1-0FAD1B35DEC6DCC8 age=1
 (RVA 0xD27A00)
[BUGCHECK]     tf+0x168=0xFFFFF80315344214[kerneldiag] candidate address 0xFFFFF80315344214 resolves to module base 0xFFFFF80315000000 (+0x344214 into it)
[kerneldiag] debug directory: type=2 codeViewRva=0x40970
[kerneldiag] module PDB name: ntkrnlmp.pdb guid=D9424FC4-861E-47C1-0FAD1B35DEC6DCC8 age=1
 (RVA 0x344214)
[BUGCHECK]     tf+0x180=0xFFFFF8031B074E48[kerneldiag] candidate address 0xFFFFF8031B074E48 resolves to module base 0xFFFFF8031ADF0000 (+0x284E48 into it)
[kerneldiag] debug directory: type=2 codeViewRva=0x2174
[kerneldiag] module PDB name: volume.pdb guid=AAF65608-ADE9-794A-A208A2E6534FF85E age=1
 (RVA 0x284E48)
[BUGCHECK]   0x139 crashing-thread stack scan (0x400, broadened LIST_ENTRY test):
[kerneldiag] candidate address 0xFFFFF80315343B64 resolves to module base 0xFFFFF80315000000 (+0x343B64 into it)
[kerneldiag] debug directory: type=2 codeViewRva=0x40970
[kerneldiag] module PDB name: ntkrnlmp.pdb guid=D9424FC4-861E-47C1-0FAD1B35DEC6DCC8 age=1
[kerneldiag] no PE header found scanning VA back from 0xFFFFFFFFFFFFFFFF
[kerneldiag] candidate address 0xFFFFF8031529F612 resolves to module base 0xFFFFF80315000000 (+0x29F612 into it)
[kerneldiag] debug directory: type=2 codeViewRva=0x40970
[kerneldiag] module PDB name: ntkrnlmp.pdb guid=D9424FC4-861E-47C1-0FAD1B35DEC6DCC8 age=1
[kerneldiag] candidate address 0xFFFFF8031B074FB0 resolves to module base 0xFFFFF8031ADF0000 (+0x284FB0 into it)
[kerneldiag] debug directory: type=2 codeViewRva=0x2174
[kerneldiag] module PDB name: volume.pdb guid=AAF65608-ADE9-794A-A208A2E6534FF85E age=1
[kerneldiag] candidate address 0xFFFFF803152382C6 resolves to module base 0xFFFFF80315000000 (+0x2382C6 into it)
[kerneldiag] debug directory: type=2 codeViewRva=0x40970
[kerneldiag] module PDB name: ntkrnlmp.pdb guid=D9424FC4-861E-47C1-0FAD1B35DEC6DCC8 age=1
[kerneldiag] no PE header found scanning VA back from 0xFFFFFFFFFFFFFFFF
[kerneldiag] candidate address 0xFFFFF803153A75D0 resolves to module base 0xFFFFF80315000000 (+0x3A75D0 into it)
[kerneldiag] debug directory: type=2 codeViewRva=0x40970
[kerneldiag] module PDB name: ntkrnlmp.pdb guid=D9424FC4-861E-47C1-0FAD1B35DEC6DCC8 age=1
[kerneldiag] candidate address 0xFFFFF80315008160 resolves to module base 0xFFFFF80315000000 (+0x8160 into it)
[kerneldiag] debug directory: type=2 codeViewRva=0x40970
[kerneldiag] module PDB name: ntkrnlmp.pdb guid=D9424FC4-861E-47C1-0FAD1B35DEC6DCC8 age=1
[kerneldiag] candidate address 0xFFFFF8031B075130 resolves to module base 0xFFFFF8031ADF0000 (+0x285130 into it)
[kerneldiag] debug directory: type=2 codeViewRva=0x2174
[kerneldiag] module PDB name: volume.pdb guid=AAF65608-ADE9-794A-A208A2E6534FF85E age=1
[kerneldiag] candidate address 0xFFFFF8031B074FFF resolves to module base 0xFFFFF8031ADF0000 (+0x284FFF into it)
[kerneldiag] debug directory: type=2 codeViewRva=0x2174
[kerneldiag] module PDB name: volume.pdb guid=AAF65608-ADE9-794A-A208A2E6534FF85E age=1
[kerneldiag] candidate address 0xFFFFF8031B0750F0 resolves to module base 0xFFFFF8031ADF0000 (+0x2850F0 into it)
[kerneldiag] debug directory: type=2 codeViewRva=0x2174
[kerneldiag] module PDB name: volume.pdb guid=AAF65608-ADE9-794A-A208A2E6534FF85E age=1
[kerneldiag] candidate address 0xFFFFF8031B075030 resolves to module base 0xFFFFF8031ADF0000 (+0x285030 into it)
[kerneldiag] debug directory: type=2 codeViewRva=0x2174
[kerneldiag] module PDB name: volume.pdb guid=AAF65608-ADE9-794A-A208A2E6534FF85E age=1
[kerneldiag] candidate address 0xFFFFF8031B075197 resolves to module base 0xFFFFF8031ADF0000 (+0x285197 into it)
[kerneldiag] debug directory: type=2 codeViewRva=0x2174
[kerneldiag] module PDB name: volume.pdb guid=AAF65608-ADE9-794A-A208A2E6534FF85E age=1
[kerneldiag] candidate address 0xFFFFF8031B075130 resolves to module base 0xFFFFF8031ADF0000 (+0x285130 into it)
[kerneldiag] debug directory: type=2 codeViewRva=0x2174
[kerneldiag] module PDB name: volume.pdb guid=AAF65608-ADE9-794A-A208A2E6534FF85E age=1
[kerneldiag] candidate address 0xFFFFF8031B075070 resolves to module base 0xFFFFF8031ADF0000 (+0x285070 into it)
[kerneldiag] debug directory: type=2 codeViewRva=0x2174
[kerneldiag] module PDB name: volume.pdb guid=AAF65608-ADE9-794A-A208A2E6534FF85E age=1
[kerneldiag] candidate address 0xFFFFF803153D65B3 resolves to module base 0xFFFFF80315000000 (+0x3D65B3 into it)
[kerneldiag] debug directory: type=2 codeViewRva=0x40970
[kerneldiag] module PDB name: ntkrnlmp.pdb guid=D9424FC4-861E-47C1-0FAD1B35DEC6DCC8 age=1
[kerneldiag] candidate address 0xFFFFF8031B075130 resolves to module base 0xFFFFF8031ADF0000 (+0x285130 into it)
[kerneldiag] debug directory: type=2 codeViewRva=0x2174
[kerneldiag] module PDB name: volume.pdb guid=AAF65608-ADE9-794A-A208A2E6534FF85E age=1
[kerneldiag] candidate address 0xFFFFF803153D6578 resolves to module base 0xFFFFF80315000000 (+0x3D6578 into it)
[kerneldiag] debug directory: type=2 codeViewRva=0x40970
[kerneldiag] module PDB name: ntkrnlmp.pdb guid=D9424FC4-861E-47C1-0FAD1B35DEC6DCC8 age=1
[kerneldiag] candidate address 0xFFFFF8031B075130 resolves to module base 0xFFFFF8031ADF0000 (+0x285130 into it)
[kerneldiag] debug directory: type=2 codeViewRva=0x2174
[kerneldiag] module PDB name: volume.pdb guid=AAF65608-ADE9-794A-A208A2E6534FF85E age=1
[kerneldiag] candidate address 0xFFFFF8031B0750E1 resolves to module base 0xFFFFF8031ADF0000 (+0x2850E1 into it)
[kerneldiag] debug directory: type=2 codeViewRva=0x2174
[kerneldiag] module PDB name: volume.pdb guid=AAF65608-ADE9-794A-A208A2E6534FF85E age=1
[kerneldiag] candidate address 0xFFFFF80315236CA1 resolves to module base 0xFFFFF80315000000 (+0x236CA1 into it)
[kerneldiag] debug directory: type=2 codeViewRva=0x40970
[kerneldiag] module PDB name: ntkrnlmp.pdb guid=D9424FC4-861E-47C1-0FAD1B35DEC6DCC8 age=1
[kerneldiag] candidate address 0xFFFFF8031B075050 resolves to module base 0xFFFFF8031ADF0000 (+0x285050 into it)
[kerneldiag] debug directory: type=2 codeViewRva=0x2174
[kerneldiag] module PDB name: volume.pdb guid=AAF65608-ADE9-794A-A208A2E6534FF85E age=1
[kerneldiag] candidate address 0xFFFFF8031B0751E0 resolves to module base 0xFFFFF8031ADF0000 (+0x2851E0 into it)
[kerneldiag] debug directory: type=2 codeViewRva=0x2174
[kerneldiag] module PDB name: volume.pdb guid=AAF65608-ADE9-794A-A208A2E6534FF85E age=1
[kerneldiag] candidate address 0xFFFFF8031B075300 resolves to module base 0xFFFFF8031ADF0000 (+0x285300 into it)
[kerneldiag] debug directory: type=2 codeViewRva=0x2174
[kerneldiag] module PDB name: volume.pdb guid=AAF65608-ADE9-794A-A208A2E6534FF85E age=1
[kerneldiag] candidate address 0xFFFFF803153B3393 resolves to module base 0xFFFFF80315000000 (+0x3B3393 into it)
[kerneldiag] debug directory: type=2 codeViewRva=0x40970
[kerneldiag] module PDB name: ntkrnlmp.pdb guid=D9424FC4-861E-47C1-0FAD1B35DEC6DCC8 age=1
[kerneldiag] candidate address 0xFFFFF8031B0750F0 resolves to module base 0xFFFFF8031ADF0000 (+0x2850F0 into it)
[kerneldiag] debug directory: type=2 codeViewRva=0x2174
[kerneldiag] module PDB name: volume.pdb guid=AAF65608-ADE9-794A-A208A2E6534FF85E age=1
[kerneldiag] candidate address 0xFFFFF8031B0751E0 resolves to module base 0xFFFFF8031ADF0000 (+0x2851E0 into it)
[kerneldiag] debug directory: type=2 codeViewRva=0x2174
[kerneldiag] module PDB name: volume.pdb guid=AAF65608-ADE9-794A-A208A2E6534FF85E age=1
[kerneldiag] candidate address 0xFFFFF803153B32EE resolves to module base 0xFFFFF80315000000 (+0x3B32EE into it)
[kerneldiag] debug directory: type=2 codeViewRva=0x40970
[kerneldiag] module PDB name: ntkrnlmp.pdb guid=D9424FC4-861E-47C1-0FAD1B35DEC6DCC8 age=1
[kerneldiag] candidate address 0xFFFFF803153A1FFA resolves to module base 0xFFFFF80315000000 (+0x3A1FFA into it)
[kerneldiag] debug directory: type=2 codeViewRva=0x40970
[kerneldiag] module PDB name: ntkrnlmp.pdb guid=D9424FC4-861E-47C1-0FAD1B35DEC6DCC8 age=1
[kerneldiag] no PE header found scanning VA back from 0xFFFFF8030000004B
[kerneldiag] candidate address 0xFFFFF8031B075130 resolves to module base 0xFFFFF8031ADF0000 (+0x285130 into it)
[kerneldiag] debug directory: type=2 codeViewRva=0x2174
[kerneldiag] module PDB name: volume.pdb guid=AAF65608-ADE9-794A-A208A2E6534FF85E age=1
[kerneldiag] candidate address 0xFFFFF803153BBB6E resolves to module base 0xFFFFF80315000000 (+0x3BBB6E into it)
[kerneldiag] debug directory: type=2 codeViewRva=0x40970
[kerneldiag] module PDB name: ntkrnlmp.pdb guid=D9424FC4-861E-47C1-0FAD1B35DEC6DCC8 age=1
[kerneldiag] candidate address 0xFFFFF80315008160 resolves to module base 0xFFFFF80315000000 (+0x8160 into it)
[kerneldiag] debug directory: type=2 codeViewRva=0x40970
[kerneldiag] module PDB name: ntkrnlmp.pdb guid=D9424FC4-861E-47C1-0FAD1B35DEC6DCC8 age=1
[kerneldiag] candidate address 0xFFFFF803159B7074 resolves to module base 0xFFFFF80315000000 (+0x9B7074 into it)
[kerneldiag] debug directory: type=2 codeViewRva=0x40970
[kerneldiag] module PDB name: ntkrnlmp.pdb guid=D9424FC4-861E-47C1-0FAD1B35DEC6DCC8 age=1
[kerneldiag] candidate address 0xFFFFF8031B075270 resolves to module base 0xFFFFF8031ADF0000 (+0x285270 into it)
[kerneldiag] debug directory: type=2 codeViewRva=0x2174
[kerneldiag] module PDB name: volume.pdb guid=AAF65608-ADE9-794A-A208A2E6534FF85E age=1
[kerneldiag] no PE header found scanning VA back from 0xFFFF847B30646142
[kerneldiag] no PE header found scanning VA back from 0xFFFFF80300000000
[kerneldiag] no PE header found scanning VA back from 0xFFFFF803118AD5F0
[kerneldiag] candidate address 0xFFFFF803153DC921 resolves to module base 0xFFFFF80315000000 (+0x3DC921 into it)
[kerneldiag] debug directory: type=2 codeViewRva=0x40970
[kerneldiag] module PDB name: ntkrnlmp.pdb guid=D9424FC4-861E-47C1-0FAD1B35DEC6DCC8 age=1
[kerneldiag] candidate address 0xFFFFF8031B075209 resolves to module base 0xFFFFF8031ADF0000 (+0x285209 into it)
[kerneldiag] debug directory: type=2 codeViewRva=0x2174
[kerneldiag] module PDB name: volume.pdb guid=AAF65608-ADE9-794A-A208A2E6534FF85E age=1
[kerneldiag] no PE header found scanning VA back from 0xFFFFF80300000000
[kerneldiag] candidate address 0xFFFFF803153B2A7B resolves to module base 0xFFFFF80315000000 (+0x3B2A7B into it)
[kerneldiag] debug directory: type=2 codeViewRva=0x40970
[kerneldiag] module PDB name: ntkrnlmp.pdb guid=D9424FC4-861E-47C1-0FAD1B35DEC6DCC8 age=1
[kerneldiag] no PE header found scanning VA back from 0xFFFFF78880001568
[kerneldiag] candidate address 0xFFFFF803153B2A7B resolves to module base 0xFFFFF80315000000 (+0x3B2A7B into it)
[kerneldiag] debug directory: type=2 codeViewRva=0x40970
[kerneldiag] module PDB name: ntkrnlmp.pdb guid=D9424FC4-861E-47C1-0FAD1B35DEC6DCC8 age=1
[kerneldiag] no PE header found scanning VA back from 0xFFFFF78880001568
[kerneldiag] no PE header found scanning VA back from 0xFFFFF803118AD5F0
[kerneldiag] candidate address 0xFFFFF80315008160 resolves to module base 0xFFFFF80315000000 (+0x8160 into it)
[kerneldiag] debug directory: type=2 codeViewRva=0x40970
[kerneldiag] module PDB name: ntkrnlmp.pdb guid=D9424FC4-861E-47C1-0FAD1B35DEC6DCC8 age=1
[BUGCHECK]   0x139 recovered rbx(bucket listhead)=0x18
[watchdog] STALL #1 (exitCount=856149 unchanged for 2s): rip=0xFFFFF803154BE7EA rsp=0xFFFFF8031B088D80 rax=0xFFFFF803154BE7D0 rcx=0xF rdx=0xF rbx=0x0 cr3=0x1AD002 cr8(irql)=0xF(HIGH_LEVEL)
[watchdog] STALL #2 (exitCount=856149 unchanged for 4s): rip=0xFFFFF803154BE7FB rsp=0xFFFFF8031B088D80 rax=0xFFFFF803154BE7D0 rcx=0xF rdx=0xF rbx=0x0 cr3=0x1AD002 cr8(irql)=0xF(HIGH_LEVEL)
[kerneldiag] found PE header for owning module at guest VA 0xFFFFF80315000000 (rip=0xFFFFF803154BE7FB, +0x4BE7FB into it)
[kerneldiag] debug directory: type=2 codeViewRva=0x40970
[kerneldiag] module PDB name: ntkrnlmp.pdb guid=D9424FC4-861E-47C1-0FAD1B35DEC6DCC8 age=1
[kerneldiag] last 512 PCI config accesses before this stall:
  bus=240 dev=0 func=0 off=0x00 write=0 val=0xFFFFFFFF
  bus=240 dev=1 func=0 off=0x00 write=0 val=0xFFFFFFFF
  bus=240 dev=2 func=0 off=0x00 write=0 val=0xFFFFFFFF
  bus=240 dev=3 func=0 off=0x00 write=0 val=0xFFFFFFFF
  bus=240 dev=4 func=0 off=0x00 write=0 val=0xFFFFFFFF
  bus=240 dev=5 func=0 off=0x00 write=0 val=0xFFFFFFFF
  bus=240 dev=6 func=0 off=0x00 write=0 val=0xFFFFFFFF
  bus=240 dev=7 func=0 off=0x00 write=0 val=0xFFFFFFFF
  bus=240 dev=8 func=0 off=0x00 write=0 val=0xFFFFFFFF
  bus=240 dev=9 func=0 off=0x00 write=0 val=0xFFFFFFFF
  bus=240 dev=10 func=0 off=0x00 write=0 val=0xFFFFFFFF
  bus=240 dev=11 func=0 off=0x00 write=0 val=0xFFFFFFFF
  bus=240 dev=12 func=0 off=0x00 write=0 val=0xFFFFFFFF
  bus=240 dev=13 func=0 off=0x00 write=0 val=0xFFFFFFFF
  bus=240 dev=14 func=0 off=0x00 write=0 val=0xFFFFFFFF
  bus=240 dev=15 func=0 off=0x00 write=0 val=0xFFFFFFFF
  bus=240 dev=16 func=0 off=0x00 write=0 val=0xFFFFFFFF
  bus=240 dev=17 func=0 off=0x00 write=0 val=0xFFFFFFFF
  bus=240 dev=18 func=0 off=0x00 write=0 val=0xFFFFFFFF
  bus=240 dev=19 func=0 off=0x00 write=0 val=0xFFFFFFFF
  bus=240 dev=20 func=0 off=0x00 write=0 val=0xFFFFFFFF
  bus=240 dev=21 func=0 off=0x00 write=0 val=0xFFFFFFFF
  bus=240 dev=22 func=0 off=0x00 write=0 val=0xFFFFFFFF
  bus=240 dev=23 func=0 off=0x00 write=0 val=0xFFFFFFFF
  bus=240 dev=24 func=0 off=0x00 write=0 val=0xFFFFFFFF
  bus=240 dev=25 func=0 off=0x00 write=0 val=0xFFFFFFFF
  bus=240 dev=26 func=0 off=0x00 write=0 val=0xFFFFFFFF
  bus=240 dev=27 func=0 off=0x00 write=0 val=0xFFFFFFFF
  bus=240 dev=28 func=0 off=0x00 write=0 val=0xFFFFFFFF
  bus=240 dev=29 func=0 off=0x00 write=0 val=0xFFFFFFFF
  bus=240 dev=30 func=0 off=0x00 write=0 val=0xFFFFFFFF
  bus=240 dev=31 func=0 off=0x00 write=0 val=0xFFFFFFFF
  bus=241 dev=0 func=0 off=0x00 write=0 val=0xFFFFFFFF
  bus=241 dev=1 func=0 off=0x00 write=0 val=0xFFFFFFFF
  bus=241 dev=2 func=0 off=0x00 write=0 val=0xFFFFFFFF
  bus=241 dev=3 func=0 off=0x00 write=0 val=0xFFFFFFFF
  bus=241 dev=4 func=0 off=0x00 write=0 val=0xFFFFFFFF
  bus=241 dev=5 func=0 off=0x00 write=0 val=0xFFFFFFFF
  bus=241 dev=6 func=0 off=0x00 write=0 val=0xFFFFFFFF
  bus=241 dev=7 func=0 off=0x00 write=0 val=0xFFFFFFFF
  bus=241 dev=8 func=0 off=0x00 write=0 val=0xFFFFFFFF
  bus=241 dev=9 func=0 off=0x00 write=0 val=0xFFFFFFFF
  bus=241 dev=10 func=0 off=0x00 write=0 val=0xFFFFFFFF
  bus=241 dev=11 func=0 off=0x00 write=0 val=0xFFFFFFFF
  bus=241 dev=12 func=0 off=0x00 write=0 val=0xFFFFFFFF
  bus=241 dev=13 func=0 off=0x00 write=0 val=0xFFFFFFFF
  bus=241 dev=14 func=0 off=0x00 write=0 val=0xFFFFFFFF
  bus=241 dev=15 func=0 off=0x00 write=0 val=0xFFFFFFFF
  bus=241 dev=16 func=0 off=0x00 write=0 val=0xFFFFFFFF
  bus=241 dev=17 func=0 off=0x00 write=0 val=0xFFFFFFFF
  bus=241 dev=18 func=0 off=0x00 write=0 val=0xFFFFFFFF
  bus=241 dev=19 func=0 off=0x00 write=0 val=0xFFFFFFFF
  bus=241 dev=20 func=0 off=0x00 write=0 val=0xFFFFFFFF
  bus=241 dev=21 func=0 off=0x00 write=0 val=0xFFFFFFFF
  bus=241 dev=22 func=0 off=0x00 write=0 val=0xFFFFFFFF
  bus=241 dev=23 func=0 off=0x00 write=0 val=0xFFFFFFFF
  bus=241 dev=24 func=0 off=0x00 write=0 val=0xFFFFFFFF
  bus=241 dev=25 func=0 off=0x00 write=0 val=0xFFFFFFFF
  bus=241 dev=26 func=0 off=0x00 write=0 val=0xFFFFFFFF
  bus=241 dev=27 func=0 off=0x00 write=0 val=0xFFFFFFFF
  bus=241 dev=28 func=0 off=0x00 write=0 val=0xFFFFFFFF
  bus=241 dev=29 func=0 off=0x00 write=0 val=0xFFFFFFFF
  bus=241 dev=30 func=0 off=0x00 write=0 val=0xFFFFFFFF
  bus=241 dev=31 func=0 off=0x00 write=0 val=0xFFFFFFFF
  bus=242 dev=0 func=0 off=0x00 write=0 val=0xFFFFFFFF
  bus=242 dev=1 func=0 off=0x00 write=0 val=0xFFFFFFFF
  bus=242 dev=2 func=0 off=0x00 write=0 val=0xFFFFFFFF
  bus=242 dev=3 func=0 off=0x00 write=0 val=0xFFFFFFFF
  bus=242 dev=4 func=0 off=0x00 write=0 val=0xFFFFFFFF
  bus=242 dev=5 func=0 off=0x00 write=0 val=0xFFFFFFFF
  bus=242 dev=6 func=0 off=0x00 write=0 val=0xFFFFFFFF
  bus=242 dev=7 func=0 off=0x00 write=0 val=0xFFFFFFFF
  bus=242 dev=8 func=0 off=0x00 write=0 val=0xFFFFFFFF
  bus=242 dev=9 func=0 off=0x00 write=0 val=0xFFFFFFFF
  bus=242 dev=10 func=0 off=0x00 write=0 val=0xFFFFFFFF
  bus=242 dev=11 func=0 off=0x00 write=0 val=0xFFFFFFFF
  bus=242 dev=12 func=0 off=0x00 write=0 val=0xFFFFFFFF
  bus=242 dev=13 func=0 off=0x00 write=0 val=0xFFFFFFFF
  bus=242 dev=14 func=0 off=0x00 write=0 val=0xFFFFFFFF
  bus=242 dev=15 func=0 off=0x00 write=0 val=0xFFFFFFFF
  bus=242 dev=16 func=0 off=0x00 write=0 val=0xFFFFFFFF
  bus=242 dev=17 func=0 off=0x00 write=0 val=0xFFFFFFFF
  bus=242 dev=18 func=0 off=0x00 write=0 val=0xFFFFFFFF
  bus=242 dev=19 func=0 off=0x00 write=0 val=0xFFFFFFFF
  bus=242 dev=20 func=0 off=0x00 write=0 val=0xFFFFFFFF
  bus=242 dev=21 func=0 off=0x00 write=0 val=0xFFFFFFFF
  bus=242 dev=22 func=0 off=0x00 write=0 val=0xFFFFFFFF
  bus=242 dev=23 func=0 off=0x00 write=0 val=0xFFFFFFFF
  bus=242 dev=24 func=0 off=0x00 write=0 val=0xFFFFFFFF
  bus=242 dev=25 func=0 off=0x00 write=0 val=0xFFFFFFFF
  bus=242 dev=26 func=0 off=0x00 write=0 val=0xFFFFFFFF
  bus=242 dev=27 func=0 off=0x00 write=0 val=0xFFFFFFFF
  bus=242 dev=28 func=0 off=0x00 write=0 val=0xFFFFFFFF
  bus=242 dev=29 func=0 off=0x00 write=0 val=0xFFFFFFFF
  bus=242 dev=30 func=0 off=0x00 write=0 val=0xFFFFFFFF
  bus=242 dev=31 func=0 off=0x00 write=0 val=0xFFFFFFFF
  bus=243 dev=0 func=0 off=0x00 write=0 val=0xFFFFFFFF
  bus=243 dev=1 func=0 off=0x00 write=0 val=0xFFFFFFFF
  bus=243 dev=2 func=0 off=0x00 write=0 val=0xFFFFFFFF
  bus=243 dev=3 func=0 off=0x00 write=0 val=0xFFFFFFFF
  bus=243 dev=4 func=0 off=0x00 write=0 val=0xFFFFFFFF
  bus=243 dev=5 func=0 off=0x00 write=0 val=0xFFFFFFFF
  bus=243 dev=6 func=0 off=0x00 write=0 val=0xFFFFFFFF
  bus=243 dev=7 func=0 off=0x00 write=0 val=0xFFFFFFFF
  bus=243 dev=8 func=0 off=0x00 write=0 val=0xFFFFFFFF
  bus=243 dev=9 func=0 off=0x00 write=0 val=0xFFFFFFFF
  bus=243 dev=10 func=0 off=0x00 write=0 val=0xFFFFFFFF
  bus=243 dev=11 func=0 off=0x00 write=0 val=0xFFFFFFFF
  bus=243 dev=12 func=0 off=0x00 write=0 val=0xFFFFFFFF
  bus=243 dev=13 func=0 off=0x00 write=0 val=0xFFFFFFFF
  bus=243 dev=14 func=0 off=0x00 write=0 val=0xFFFFFFFF
  bus=243 dev=15 func=0 off=0x00 write=0 val=0xFFFFFFFF
  bus=243 dev=16 func=0 off=0x00 write=0 val=0xFFFFFFFF
  bus=243 dev=17 func=0 off=0x00 write=0 val=0xFFFFFFFF
  bus=243 dev=18 func=0 off=0x00 write=0 val=0xFFFFFFFF
  bus=243 dev=19 func=0 off=0x00 write=0 val=0xFFFFFFFF
  bus=243 dev=20 func=0 off=0x00 write=0 val=0xFFFFFFFF
  bus=243 dev=21 func=0 off=0x00 write=0 val=0xFFFFFFFF
  bus=243 dev=22 func=0 off=0x00 write=0 val=0xFFFFFFFF
  bus=243 dev=23 func=0 off=0x00 write=0 val=0xFFFFFFFF
  bus=243 dev=24 func=0 off=0x00 write=0 val=0xFFFFFFFF
  bus=243 dev=25 func=0 off=0x00 write=0 val=0xFFFFFFFF
  bus=243 dev=26 func=0 off=0x00 write=0 val=0xFFFFFFFF
  bus=243 dev=27 func=0 off=0x00 write=0 val=0xFFFFFFFF
  bus=243 dev=28 func=0 off=0x00 write=0 val=0xFFFFFFFF
  bus=243 dev=29 func=0 off=0x00 write=0 val=0xFFFFFFFF
  bus=243 dev=30 func=0 off=0x00 write=0 val=0xFFFFFFFF
  bus=243 dev=31 func=0 off=0x00 write=0 val=0xFFFFFFFF
  bus=244 dev=0 func=0 off=0x00 write=0 val=0xFFFFFFFF
  bus=244 dev=1 func=0 off=0x00 write=0 val=0xFFFFFFFF
  bus=244 dev=2 func=0 off=0x00 write=0 val=0xFFFFFFFF
  bus=244 dev=3 func=0 off=0x00 write=0 val=0xFFFFFFFF
  bus=244 dev=4 func=0 off=0x00 write=0 val=0xFFFFFFFF
  bus=244 dev=5 func=0 off=0x00 write=0 val=0xFFFFFFFF
  bus=244 dev=6 func=0 off=0x00 write=0 val=0xFFFFFFFF
  bus=244 dev=7 func=0 off=0x00 write=0 val=0xFFFFFFFF
  bus=244 dev=8 func=0 off=0x00 write=0 val=0xFFFFFFFF
  bus=244 dev=9 func=0 off=0x00 write=0 val=0xFFFFFFFF
  bus=244 dev=10 func=0 off=0x00 write=0 val=0xFFFFFFFF
  bus=244 dev=11 func=0 off=0x00 write=0 val=0xFFFFFFFF
  bus=244 dev=12 func=0 off=0x00 write=0 val=0xFFFFFFFF
  bus=244 dev=13 func=0 off=0x00 write=0 val=0xFFFFFFFF
  bus=244 dev=14 func=0 off=0x00 write=0 val=0xFFFFFFFF
  bus=244 dev=15 func=0 off=0x00 write=0 val=0xFFFFFFFF
  bus=244 dev=16 func=0 off=0x00 write=0 val=0xFFFFFFFF
  bus=244 dev=17 func=0 off=0x00 write=0 val=0xFFFFFFFF
  bus=244 dev=18 func=0 off=0x00 write=0 val=0xFFFFFFFF
  bus=244 dev=19 func=0 off=0x00 write=0 val=0xFFFFFFFF
  bus=244 dev=20 func=0 off=0x00 write=0 val=0xFFFFFFFF
  bus=244 dev=21 func=0 off=0x00 write=0 val=0xFFFFFFFF
  bus=244 dev=22 func=0 off=0x00 write=0 val=0xFFFFFFFF
  bus=244 dev=23 func=0 off=0x00 write=0 val=0xFFFFFFFF
  bus=244 dev=24 func=0 off=0x00 write=0 val=0xFFFFFFFF
  bus=244 dev=25 func=0 off=0x00 write=0 val=0xFFFFFFFF
  bus=244 dev=26 func=0 off=0x00 write=0 val=0xFFFFFFFF
  bus=244 dev=27 func=0 off=0x00 write=0 val=0xFFFFFFFF
  bus=244 dev=28 func=0 off=0x00 write=0 val=0xFFFFFFFF
  bus=244 dev=29 func=0 off=0x00 write=0 val=0xFFFFFFFF
  bus=244 dev=30 func=0 off=0x00 write=0 val=0xFFFFFFFF
  bus=244 dev=31 func=0 off=0x00 write=0 val=0xFFFFFFFF
  bus=245 dev=0 func=0 off=0x00 write=0 val=0xFFFFFFFF
  bus=245 dev=1 func=0 off=0x00 write=0 val=0xFFFFFFFF
  bus=245 dev=2 func=0 off=0x00 write=0 val=0xFFFFFFFF
  bus=245 dev=3 func=0 off=0x00 write=0 val=0xFFFFFFFF
  bus=245 dev=4 func=0 off=0x00 write=0 val=0xFFFFFFFF
  bus=245 dev=5 func=0 off=0x00 write=0 val=0xFFFFFFFF
  bus=245 dev=6 func=0 off=0x00 write=0 val=0xFFFFFFFF
  bus=245 dev=7 func=0 off=0x00 write=0 val=0xFFFFFFFF
  bus=245 dev=8 func=0 off=0x00 write=0 val=0xFFFFFFFF
  bus=245 dev=9 func=0 off=0x00 write=0 val=0xFFFFFFFF
  bus=245 dev=10 func=0 off=0x00 write=0 val=0xFFFFFFFF
  bus=245 dev=11 func=0 off=0x00 write=0 val=0xFFFFFFFF
  bus=245 dev=12 func=0 off=0x00 write=0 val=0xFFFFFFFF
  bus=245 dev=13 func=0 off=0x00 write=0 val=0xFFFFFFFF
  bus=245 dev=14 func=0 off=0x00 write=0 val=0xFFFFFFFF
  bus=245 dev=15 func=0 off=0x00 write=0 val=0xFFFFFFFF
  bus=245 dev=16 func=0 off=0x00 write=0 val=0xFFFFFFFF
  bus=245 dev=17 func=0 off=0x00 write=0 val=0xFFFFFFFF
  bus=245 dev=18 func=0 off=0x00 write=0 val=0xFFFFFFFF
  bus=245 dev=19 func=0 off=0x00 write=0 val=0xFFFFFFFF
  bus=245 dev=20 func=0 off=0x00 write=0 val=0xFFFFFFFF
  bus=245 dev=21 func=0 off=0x00 write=0 val=0xFFFFFFFF
  bus=245 dev=22 func=0 off=0x00 write=0 val=0xFFFFFFFF
  bus=245 dev=23 func=0 off=0x00 write=0 val=0xFFFFFFFF
  bus=245 dev=24 func=0 off=0x00 write=0 val=0xFFFFFFFF
  bus=245 dev=25 func=0 off=0x00 write=0 val=0xFFFFFFFF
  bus=245 dev=26 func=0 off=0x00 write=0 val=0xFFFFFFFF
  bus=245 dev=27 func=0 off=0x00 write=0 val=0xFFFFFFFF
  bus=245 dev=28 func=0 off=0x00 write=0 val=0xFFFFFFFF
  bus=245 dev=29 func=0 off=0x00 write=0 val=0xFFFFFFFF
  bus=245 dev=30 func=0 off=0x00 write=0 val=0xFFFFFFFF
  bus=245 dev=31 func=0 off=0x00 write=0 val=0xFFFFFFFF
  bus=246 dev=0 func=0 off=0x00 write=0 val=0xFFFFFFFF
  bus=246 dev=1 func=0 off=0x00 write=0 val=0xFFFFFFFF
  bus=246 dev=2 func=0 off=0x00 write=0 val=0xFFFFFFFF
  bus=246 dev=3 func=0 off=0x00 write=0 val=0xFFFFFFFF
  bus=246 dev=4 func=0 off=0x00 write=0 val=0xFFFFFFFF
  bus=246 dev=5 func=0 off=0x00 write=0 val=0xFFFFFFFF
  bus=246 dev=6 func=0 off=0x00 write=0 val=0xFFFFFFFF
  bus=246 dev=7 func=0 off=0x00 write=0 val=0xFFFFFFFF
  bus=246 dev=8 func=0 off=0x00 write=0 val=0xFFFFFFFF
  bus=246 dev=9 func=0 off=0x00 write=0 val=0xFFFFFFFF
  bus=246 dev=10 func=0 off=0x00 write=0 val=0xFFFFFFFF
  bus=246 dev=11 func=0 off=0x00 write=0 val=0xFFFFFFFF
  bus=246 dev=12 func=0 off=0x00 write=0 val=0xFFFFFFFF
  bus=246 dev=13 func=0 off=0x00 write=0 val=0xFFFFFFFF
  bus=246 dev=14 func=0 off=0x00 write=0 val=0xFFFFFFFF
  bus=246 dev=15 func=0 off=0x00 write=0 val=0xFFFFFFFF
  bus=246 dev=16 func=0 off=0x00 write=0 val=0xFFFFFFFF
  bus=246 dev=17 func=0 off=0x00 write=0 val=0xFFFFFFFF
  bus=246 dev=18 func=0 off=0x00 write=0 val=0xFFFFFFFF
  bus=246 dev=19 func=0 off=0x00 write=0 val=0xFFFFFFFF
  bus=246 dev=20 func=0 off=0x00 write=0 val=0xFFFFFFFF
  bus=246 dev=21 func=0 off=0x00 write=0 val=0xFFFFFFFF
  bus=246 dev=22 func=0 off=0x00 write=0 val=0xFFFFFFFF
  bus=246 dev=23 func=0 off=0x00 write=0 val=0xFFFFFFFF
  bus=246 dev=24 func=0 off=0x00 write=0 val=0xFFFFFFFF
  bus=246 dev=25 func=0 off=0x00 write=0 val=0xFFFFFFFF
  bus=246 dev=26 func=0 off=0x00 write=0 val=0xFFFFFFFF
  bus=246 dev=27 func=0 off=0x00 write=0 val=0xFFFFFFFF
  bus=246 dev=28 func=0 off=0x00 write=0 val=0xFFFFFFFF
  bus=246 dev=29 func=0 off=0x00 write=0 val=0xFFFFFFFF
  bus=246 dev=30 func=0 off=0x00 write=0 val=0xFFFFFFFF
  bus=246 dev=31 func=0 off=0x00 write=0 val=0xFFFFFFFF
  bus=247 dev=0 func=0 off=0x00 write=0 val=0xFFFFFFFF
  bus=247 dev=1 func=0 off=0x00 write=0 val=0xFFFFFFFF
  bus=247 dev=2 func=0 off=0x00 write=0 val=0xFFFFFFFF
  bus=247 dev=3 func=0 off=0x00 write=0 val=0xFFFFFFFF
  bus=247 dev=4 func=0 off=0x00 write=0 val=0xFFFFFFFF
  bus=247 dev=5 func=0 off=0x00 write=0 val=0xFFFFFFFF
  bus=247 dev=6 func=0 off=0x00 write=0 val=0xFFFFFFFF
  bus=247 dev=7 func=0 off=0x00 write=0 val=0xFFFFFFFF
  bus=247 dev=8 func=0 off=0x00 write=0 val=0xFFFFFFFF
  bus=247 dev=9 func=0 off=0x00 write=0 val=0xFFFFFFFF
  bus=247 dev=10 func=0 off=0x00 write=0 val=0xFFFFFFFF
  bus=247 dev=11 func=0 off=0x00 write=0 val=0xFFFFFFFF
  bus=247 dev=12 func=0 off=0x00 write=0 val=0xFFFFFFFF
  bus=247 dev=13 func=0 off=0x00 write=0 val=0xFFFFFFFF
  bus=247 dev=14 func=0 off=0x00 write=0 val=0xFFFFFFFF
  bus=247 dev=15 func=0 off=0x00 write=0 val=0xFFFFFFFF
  bus=247 dev=16 func=0 off=0x00 write=0 val=0xFFFFFFFF
  bus=247 dev=17 func=0 off=0x00 write=0 val=0xFFFFFFFF
  bus=247 dev=18 func=0 off=0x00 write=0 val=0xFFFFFFFF
  bus=247 dev=19 func=0 off=0x00 write=0 val=0xFFFFFFFF
  bus=247 dev=20 func=0 off=0x00 write=0 val=0xFFFFFFFF
  bus=247 dev=21 func=0 off=0x00 write=0 val=0xFFFFFFFF
  bus=247 dev=22 func=0 off=0x00 write=0 val=0xFFFFFFFF
  bus=247 dev=23 func=0 off=0x00 write=0 val=0xFFFFFFFF
  bus=247 dev=24 func=0 off=0x00 write=0 val=0xFFFFFFFF
  bus=247 dev=25 func=0 off=0x00 write=0 val=0xFFFFFFFF
  bus=247 dev=26 func=0 off=0x00 write=0 val=0xFFFFFFFF
  bus=247 dev=27 func=0 off=0x00 write=0 val=0xFFFFFFFF
  bus=247 dev=28 func=0 off=0x00 write=0 val=0xFFFFFFFF
  bus=247 dev=29 func=0 off=0x00 write=0 val=0xFFFFFFFF
  bus=247 dev=30 func=0 off=0x00 write=0 val=0xFFFFFFFF
  bus=247 dev=31 func=0 off=0x00 write=0 val=0xFFFFFFFF
  bus=248 dev=0 func=0 off=0x00 write=0 val=0xFFFFFFFF
  bus=248 dev=1 func=0 off=0x00 write=0 val=0xFFFFFFFF
  bus=248 dev=2 func=0 off=0x00 write=0 val=0xFFFFFFFF
  bus=248 dev=3 func=0 off=0x00 write=0 val=0xFFFFFFFF
  bus=248 dev=4 func=0 off=0x00 write=0 val=0xFFFFFFFF
  bus=248 dev=5 func=0 off=0x00 write=0 val=0xFFFFFFFF
  bus=248 dev=6 func=0 off=0x00 write=0 val=0xFFFFFFFF
  bus=248 dev=7 func=0 off=0x00 write=0 val=0xFFFFFFFF
  bus=248 dev=8 func=0 off=0x00 write=0 val=0xFFFFFFFF
  bus=248 dev=9 func=0 off=0x00 write=0 val=0xFFFFFFFF
  bus=248 dev=10 func=0 off=0x00 write=0 val=0xFFFFFFFF
  bus=248 dev=11 func=0 off=0x00 write=0 val=0xFFFFFFFF
  bus=248 dev=12 func=0 off=0x00 write=0 val=0xFFFFFFFF
  bus=248 dev=13 func=0 off=0x00 write=0 val=0xFFFFFFFF
  bus=248 dev=14 func=0 off=0x00 write=0 val=0xFFFFFFFF
  bus=248 dev=15 func=0 off=0x00 write=0 val=0xFFFFFFFF
  bus=248 dev=16 func=0 off=0x00 write=0 val=0xFFFFFFFF
  bus=248 dev=17 func=0 off=0x00 write=0 val=0xFFFFFFFF
  bus=248 dev=18 func=0 off=0x00 write=0 val=0xFFFFFFFF
  bus=248 dev=19 func=0 off=0x00 write=0 val=0xFFFFFFFF
  bus=248 dev=20 func=0 off=0x00 write=0 val=0xFFFFFFFF
  bus=248 dev=21 func=0 off=0x00 write=0 val=0xFFFFFFFF
  bus=248 dev=22 func=0 off=0x00 write=0 val=0xFFFFFFFF
  bus=248 dev=23 func=0 off=0x00 write=0 val=0xFFFFFFFF
  bus=248 dev=24 func=0 off=0x00 write=0 val=0xFFFFFFFF
  bus=248 dev=25 func=0 off=0x00 write=0 val=0xFFFFFFFF
  bus=248 dev=26 func=0 off=0x00 write=0 val=0xFFFFFFFF
  bus=248 dev=27 func=0 off=0x00 write=0 val=0xFFFFFFFF
  bus=248 dev=28 func=0 off=0x00 write=0 val=0xFFFFFFFF
  bus=248 dev=29 func=0 off=0x00 write=0 val=0xFFFFFFFF
  bus=248 dev=30 func=0 off=0x00 write=0 val=0xFFFFFFFF
  bus=248 dev=31 func=0 off=0x00 write=0 val=0xFFFFFFFF
  bus=249 dev=0 func=0 off=0x00 write=0 val=0xFFFFFFFF
  bus=249 dev=1 func=0 off=0x00 write=0 val=0xFFFFFFFF
  bus=249 dev=2 func=0 off=0x00 write=0 val=0xFFFFFFFF
  bus=249 dev=3 func=0 off=0x00 write=0 val=0xFFFFFFFF
  bus=249 dev=4 func=0 off=0x00 write=0 val=0xFFFFFFFF
  bus=249 dev=5 func=0 off=0x00 write=0 val=0xFFFFFFFF
  bus=249 dev=6 func=0 off=0x00 write=0 val=0xFFFFFFFF
  bus=249 dev=7 func=0 off=0x00 write=0 val=0xFFFFFFFF
  bus=249 dev=8 func=0 off=0x00 write=0 val=0xFFFFFFFF
  bus=249 dev=9 func=0 off=0x00 write=0 val=0xFFFFFFFF
  bus=249 dev=10 func=0 off=0x00 write=0 val=0xFFFFFFFF
  bus=249 dev=11 func=0 off=0x00 write=0 val=0xFFFFFFFF
  bus=249 dev=12 func=0 off=0x00 write=0 val=0xFFFFFFFF
  bus=249 dev=13 func=0 off=0x00 write=0 val=0xFFFFFFFF
  bus=249 dev=14 func=0 off=0x00 write=0 val=0xFFFFFFFF
  bus=249 dev=15 func=0 off=0x00 write=0 val=0xFFFFFFFF
  bus=249 dev=16 func=0 off=0x00 write=0 val=0xFFFFFFFF
  bus=249 dev=17 func=0 off=0x00 write=0 val=0xFFFFFFFF
  bus=249 dev=18 func=0 off=0x00 write=0 val=0xFFFFFFFF
  bus=249 dev=19 func=0 off=0x00 write=0 val=0xFFFFFFFF
  bus=249 dev=20 func=0 off=0x00 write=0 val=0xFFFFFFFF
  bus=249 dev=21 func=0 off=0x00 write=0 val=0xFFFFFFFF
  bus=249 dev=22 func=0 off=0x00 write=0 val=0xFFFFFFFF
  bus=249 dev=23 func=0 off=0x00 write=0 val=0xFFFFFFFF
  bus=249 dev=24 func=0 off=0x00 write=0 val=0xFFFFFFFF
  bus=249 dev=25 func=0 off=0x00 write=0 val=0xFFFFFFFF
  bus=249 dev=26 func=0 off=0x00 write=0 val=0xFFFFFFFF
  bus=249 dev=27 func=0 off=0x00 write=0 val=0xFFFFFFFF
  bus=249 dev=28 func=0 off=0x00 write=0 val=0xFFFFFFFF
  bus=249 dev=29 func=0 off=0x00 write=0 val=0xFFFFFFFF
  bus=249 dev=30 func=0 off=0x00 write=0 val=0xFFFFFFFF
  bus=249 dev=31 func=0 off=0x00 write=0 val=0xFFFFFFFF
  bus=250 dev=0 func=0 off=0x00 write=0 val=0xFFFFFFFF
  bus=250 dev=1 func=0 off=0x00 write=0 val=0xFFFFFFFF
  bus=250 dev=2 func=0 off=0x00 write=0 val=0xFFFFFFFF
  bus=250 dev=3 func=0 off=0x00 write=0 val=0xFFFFFFFF
  bus=250 dev=4 func=0 off=0x00 write=0 val=0xFFFFFFFF
  bus=250 dev=5 func=0 off=0x00 write=0 val=0xFFFFFFFF
  bus=250 dev=6 func=0 off=0x00 write=0 val=0xFFFFFFFF
  bus=250 dev=7 func=0 off=0x00 write=0 val=0xFFFFFFFF
  bus=250 dev=8 func=0 off=0x00 write=0 val=0xFFFFFFFF
  bus=250 dev=9 func=0 off=0x00 write=0 val=0xFFFFFFFF
  bus=250 dev=10 func=0 off=0x00 write=0 val=0xFFFFFFFF
  bus=250 dev=11 func=0 off=0x00 write=0 val=0xFFFFFFFF
  bus=250 dev=12 func=0 off=0x00 write=0 val=0xFFFFFFFF
  bus=250 dev=13 func=0 off=0x00 write=0 val=0xFFFFFFFF
  bus=250 dev=14 func=0 off=0x00 write=0 val=0xFFFFFFFF
  bus=250 dev=15 func=0 off=0x00 write=0 val=0xFFFFFFFF
  bus=250 dev=16 func=0 off=0x00 write=0 val=0xFFFFFFFF
  bus=250 dev=17 func=0 off=0x00 write=0 val=0xFFFFFFFF
  bus=250 dev=18 func=0 off=0x00 write=0 val=0xFFFFFFFF
  bus=250 dev=19 func=0 off=0x00 write=0 val=0xFFFFFFFF
  bus=250 dev=20 func=0 off=0x00 write=0 val=0xFFFFFFFF
  bus=250 dev=21 func=0 off=0x00 write=0 val=0xFFFFFFFF
  bus=250 dev=22 func=0 off=0x00 write=0 val=0xFFFFFFFF
  bus=250 dev=23 func=0 off=0x00 write=0 val=0xFFFFFFFF
  bus=250 dev=24 func=0 off=0x00 write=0 val=0xFFFFFFFF
  bus=250 dev=25 func=0 off=0x00 write=0 val=0xFFFFFFFF
  bus=250 dev=26 func=0 off=0x00 write=0 val=0xFFFFFFFF
  bus=250 dev=27 func=0 off=0x00 write=0 val=0xFFFFFFFF
  bus=250 dev=28 func=0 off=0x00 write=0 val=0xFFFFFFFF
  bus=250 dev=29 func=0 off=0x00 write=0 val=0xFFFFFFFF
  bus=250 dev=30 func=0 off=0x00 write=0 val=0xFFFFFFFF
  bus=250 dev=31 func=0 off=0x00 write=0 val=0xFFFFFFFF
  bus=251 dev=0 func=0 off=0x00 write=0 val=0xFFFFFFFF
  bus=251 dev=1 func=0 off=0x00 write=0 val=0xFFFFFFFF
  bus=251 dev=2 func=0 off=0x00 write=0 val=0xFFFFFFFF
  bus=251 dev=3 func=0 off=0x00 write=0 val=0xFFFFFFFF
  bus=251 dev=4 func=0 off=0x00 write=0 val=0xFFFFFFFF
  bus=251 dev=5 func=0 off=0x00 write=0 val=0xFFFFFFFF
  bus=251 dev=6 func=0 off=0x00 write=0 val=0xFFFFFFFF
  bus=251 dev=7 func=0 off=0x00 write=0 val=0xFFFFFFFF
  bus=251 dev=8 func=0 off=0x00 write=0 val=0xFFFFFFFF
  bus=251 dev=9 func=0 off=0x00 write=0 val=0xFFFFFFFF
  bus=251 dev=10 func=0 off=0x00 write=0 val=0xFFFFFFFF
  bus=251 dev=11 func=0 off=0x00 write=0 val=0xFFFFFFFF
  bus=251 dev=12 func=0 off=0x00 write=0 val=0xFFFFFFFF
  bus=251 dev=13 func=0 off=0x00 write=0 val=0xFFFFFFFF
  bus=251 dev=14 func=0 off=0x00 write=0 val=0xFFFFFFFF
  bus=251 dev=15 func=0 off=0x00 write=0 val=0xFFFFFFFF
  bus=251 dev=16 func=0 off=0x00 write=0 val=0xFFFFFFFF
  bus=251 dev=17 func=0 off=0x00 write=0 val=0xFFFFFFFF
  bus=251 dev=18 func=0 off=0x00 write=0 val=0xFFFFFFFF
  bus=251 dev=19 func=0 off=0x00 write=0 val=0xFFFFFFFF
  bus=251 dev=20 func=0 off=0x00 write=0 val=0xFFFFFFFF
  bus=251 dev=21 func=0 off=0x00 write=0 val=0xFFFFFFFF
  bus=251 dev=22 func=0 off=0x00 write=0 val=0xFFFFFFFF
  bus=251 dev=23 func=0 off=0x00 write=0 val=0xFFFFFFFF
  bus=251 dev=24 func=0 off=0x00 write=0 val=0xFFFFFFFF
  bus=251 dev=25 func=0 off=0x00 write=0 val=0xFFFFFFFF
  bus=251 dev=26 func=0 off=0x00 write=0 val=0xFFFFFFFF
  bus=251 dev=27 func=0 off=0x00 write=0 val=0xFFFFFFFF
  bus=251 dev=28 func=0 off=0x00 write=0 val=0xFFFFFFFF
  bus=251 dev=29 func=0 off=0x00 write=0 val=0xFFFFFFFF
  bus=251 dev=30 func=0 off=0x00 write=0 val=0xFFFFFFFF
  bus=251 dev=31 func=0 off=0x00 write=0 val=0xFFFFFFFF
  bus=252 dev=0 func=0 off=0x00 write=0 val=0xFFFFFFFF
  bus=252 dev=1 func=0 off=0x00 write=0 val=0xFFFFFFFF
  bus=252 dev=2 func=0 off=0x00 write=0 val=0xFFFFFFFF
  bus=252 dev=3 func=0 off=0x00 write=0 val=0xFFFFFFFF
  bus=252 dev=4 func=0 off=0x00 write=0 val=0xFFFFFFFF
  bus=252 dev=5 func=0 off=0x00 write=0 val=0xFFFFFFFF
  bus=252 dev=6 func=0 off=0x00 write=0 val=0xFFFFFFFF
  bus=252 dev=7 func=0 off=0x00 write=0 val=0xFFFFFFFF
  bus=252 dev=8 func=0 off=0x00 write=0 val=0xFFFFFFFF
  bus=252 dev=9 func=0 off=0x00 write=0 val=0xFFFFFFFF
  bus=252 dev=10 func=0 off=0x00 write=0 val=0xFFFFFFFF
  bus=252 dev=11 func=0 off=0x00 write=0 val=0xFFFFFFFF
  bus=252 dev=12 func=0 off=0x00 write=0 val=0xFFFFFFFF
  bus=252 dev=13 func=0 off=0x00 write=0 val=0xFFFFFFFF
  bus=252 dev=14 func=0 off=0x00 write=0 val=0xFFFFFFFF
  bus=252 dev=15 func=0 off=0x00 write=0 val=0xFFFFFFFF
  bus=252 dev=16 func=0 off=0x00 write=0 val=0xFFFFFFFF
  bus=252 dev=17 func=0 off=0x00 write=0 val=0xFFFFFFFF
  bus=252 dev=18 func=0 off=0x00 write=0 val=0xFFFFFFFF
  bus=252 dev=19 func=0 off=0x00 write=0 val=0xFFFFFFFF
  bus=252 dev=20 func=0 off=0x00 write=0 val=0xFFFFFFFF
  bus=252 dev=21 func=0 off=0x00 write=0 val=0xFFFFFFFF
  bus=252 dev=22 func=0 off=0x00 write=0 val=0xFFFFFFFF
  bus=252 dev=23 func=0 off=0x00 write=0 val=0xFFFFFFFF
  bus=252 dev=24 func=0 off=0x00 write=0 val=0xFFFFFFFF
  bus=252 dev=25 func=0 off=0x00 write=0 val=0xFFFFFFFF
  bus=252 dev=26 func=0 off=0x00 write=0 val=0xFFFFFFFF
  bus=252 dev=27 func=0 off=0x00 write=0 val=0xFFFFFFFF
  bus=252 dev=28 func=0 off=0x00 write=0 val=0xFFFFFFFF
  bus=252 dev=29 func=0 off=0x00 write=0 val=0xFFFFFFFF
  bus=252 dev=30 func=0 off=0x00 write=0 val=0xFFFFFFFF
  bus=252 dev=31 func=0 off=0x00 write=0 val=0xFFFFFFFF
  bus=253 dev=0 func=0 off=0x00 write=0 val=0xFFFFFFFF
  bus=253 dev=1 func=0 off=0x00 write=0 val=0xFFFFFFFF
  bus=253 dev=2 func=0 off=0x00 write=0 val=0xFFFFFFFF
  bus=253 dev=3 func=0 off=0x00 write=0 val=0xFFFFFFFF
  bus=253 dev=4 func=0 off=0x00 write=0 val=0xFFFFFFFF
  bus=253 dev=5 func=0 off=0x00 write=0 val=0xFFFFFFFF
  bus=253 dev=6 func=0 off=0x00 write=0 val=0xFFFFFFFF
  bus=253 dev=7 func=0 off=0x00 write=0 val=0xFFFFFFFF
  bus=253 dev=8 func=0 off=0x00 write=0 val=0xFFFFFFFF
  bus=253 dev=9 func=0 off=0x00 write=0 val=0xFFFFFFFF
  bus=253 dev=10 func=0 off=0x00 write=0 val=0xFFFFFFFF
  bus=253 dev=11 func=0 off=0x00 write=0 val=0xFFFFFFFF
  bus=253 dev=12 func=0 off=0x00 write=0 val=0xFFFFFFFF
  bus=253 dev=13 func=0 off=0x00 write=0 val=0xFFFFFFFF
  bus=253 dev=14 func=0 off=0x00 write=0 val=0xFFFFFFFF
  bus=253 dev=15 func=0 off=0x00 write=0 val=0xFFFFFFFF
  bus=253 dev=16 func=0 off=0x00 write=0 val=0xFFFFFFFF
  bus=253 dev=17 func=0 off=0x00 write=0 val=0xFFFFFFFF
  bus=253 dev=18 func=0 off=0x00 write=0 val=0xFFFFFFFF
  bus=253 dev=19 func=0 off=0x00 write=0 val=0xFFFFFFFF
  bus=253 dev=20 func=0 off=0x00 write=0 val=0xFFFFFFFF
  bus=253 dev=21 func=0 off=0x00 write=0 val=0xFFFFFFFF
  bus=253 dev=22 func=0 off=0x00 write=0 val=0xFFFFFFFF
  bus=253 dev=23 func=0 off=0x00 write=0 val=0xFFFFFFFF
  bus=253 dev=24 func=0 off=0x00 write=0 val=0xFFFFFFFF
  bus=253 dev=25 func=0 off=0x00 write=0 val=0xFFFFFFFF
  bus=253 dev=26 func=0 off=0x00 write=0 val=0xFFFFFFFF
  bus=253 dev=27 func=0 off=0x00 write=0 val=0xFFFFFFFF
  bus=253 dev=28 func=0 off=0x00 write=0 val=0xFFFFFFFF
  bus=253 dev=29 func=0 off=0x00 write=0 val=0xFFFFFFFF
  bus=253 dev=30 func=0 off=0x00 write=0 val=0xFFFFFFFF
  bus=253 dev=31 func=0 off=0x00 write=0 val=0xFFFFFFFF
  bus=254 dev=0 func=0 off=0x00 write=0 val=0xFFFFFFFF
  bus=254 dev=1 func=0 off=0x00 write=0 val=0xFFFFFFFF
  bus=254 dev=2 func=0 off=0x00 write=0 val=0xFFFFFFFF
  bus=254 dev=3 func=0 off=0x00 write=0 val=0xFFFFFFFF
  bus=254 dev=4 func=0 off=0x00 write=0 val=0xFFFFFFFF
  bus=254 dev=5 func=0 off=0x00 write=0 val=0xFFFFFFFF
  bus=254 dev=6 func=0 off=0x00 write=0 val=0xFFFFFFFF
  bus=254 dev=7 func=0 off=0x00 write=0 val=0xFFFFFFFF
  bus=254 dev=8 func=0 off=0x00 write=0 val=0xFFFFFFFF
  bus=254 dev=9 func=0 off=0x00 write=0 val=0xFFFFFFFF
  bus=254 dev=10 func=0 off=0x00 write=0 val=0xFFFFFFFF
  bus=254 dev=11 func=0 off=0x00 write=0 val=0xFFFFFFFF
  bus=254 dev=12 func=0 off=0x00 write=0 val=0xFFFFFFFF
  bus=254 dev=13 func=0 off=0x00 write=0 val=0xFFFFFFFF
  bus=254 dev=14 func=0 off=0x00 write=0 val=0xFFFFFFFF
  bus=254 dev=15 func=0 off=0x00 write=0 val=0xFFFFFFFF
  bus=254 dev=16 func=0 off=0x00 write=0 val=0xFFFFFFFF
  bus=254 dev=17 func=0 off=0x00 write=0 val=0xFFFFFFFF
  bus=254 dev=18 func=0 off=0x00 write=0 val=0xFFFFFFFF
  bus=254 dev=19 func=0 off=0x00 write=0 val=0xFFFFFFFF
  bus=254 dev=20 func=0 off=0x00 write=0 val=0xFFFFFFFF
  bus=254 dev=21 func=0 off=0x00 write=0 val=0xFFFFFFFF
  bus=254 dev=22 func=0 off=0x00 write=0 val=0xFFFFFFFF
  bus=254 dev=23 func=0 off=0x00 write=0 val=0xFFFFFFFF
  bus=254 dev=24 func=0 off=0x00 write=0 val=0xFFFFFFFF
  bus=254 dev=25 func=0 off=0x00 write=0 val=0xFFFFFFFF
  bus=254 dev=26 func=0 off=0x00 write=0 val=0xFFFFFFFF
  bus=254 dev=27 func=0 off=0x00 write=0 val=0xFFFFFFFF
  bus=254 dev=28 func=0 off=0x00 write=0 val=0xFFFFFFFF
  bus=254 dev=29 func=0 off=0x00 write=0 val=0xFFFFFFFF
  bus=254 dev=30 func=0 off=0x00 write=0 val=0xFFFFFFFF
  bus=254 dev=31 func=0 off=0x00 write=0 val=0xFFFFFFFF
  bus=255 dev=0 func=0 off=0x00 write=0 val=0xFFFFFFFF
  bus=255 dev=1 func=0 off=0x00 write=0 val=0xFFFFFFFF
  bus=255 dev=2 func=0 off=0x00 write=0 val=0xFFFFFFFF
  bus=255 dev=3 func=0 off=0x00 write=0 val=0xFFFFFFFF
  bus=255 dev=4 func=0 off=0x00 write=0 val=0xFFFFFFFF
  bus=255 dev=5 func=0 off=0x00 write=0 val=0xFFFFFFFF
  bus=255 dev=6 func=0 off=0x00 write=0 val=0xFFFFFFFF
  bus=255 dev=7 func=0 off=0x00 write=0 val=0xFFFFFFFF
  bus=255 dev=8 func=0 off=0x00 write=0 val=0xFFFFFFFF
  bus=255 dev=9 func=0 off=0x00 write=0 val=0xFFFFFFFF
  bus=255 dev=10 func=0 off=0x00 write=0 val=0xFFFFFFFF
  bus=255 dev=11 func=0 off=0x00 write=0 val=0xFFFFFFFF
  bus=255 dev=12 func=0 off=0x00 write=0 val=0xFFFFFFFF
  bus=255 dev=13 func=0 off=0x00 write=0 val=0xFFFFFFFF
  bus=255 dev=14 func=0 off=0x00 write=0 val=0xFFFFFFFF
  bus=255 dev=15 func=0 off=0x00 write=0 val=0xFFFFFFFF
  bus=255 dev=16 func=0 off=0x00 write=0 val=0xFFFFFFFF
  bus=255 dev=17 func=0 off=0x00 write=0 val=0xFFFFFFFF
  bus=255 dev=18 func=0 off=0x00 write=0 val=0xFFFFFFFF
  bus=255 dev=19 func=0 off=0x00 write=0 val=0xFFFFFFFF
  bus=255 dev=20 func=0 off=0x00 write=0 val=0xFFFFFFFF
  bus=255 dev=21 func=0 off=0x00 write=0 val=0xFFFFFFFF
  bus=255 dev=22 func=0 off=0x00 write=0 val=0xFFFFFFFF
  bus=255 dev=23 func=0 off=0x00 write=0 val=0xFFFFFFFF
  bus=255 dev=24 func=0 off=0x00 write=0 val=0xFFFFFFFF
  bus=255 dev=25 func=0 off=0x00 write=0 val=0xFFFFFFFF
  bus=255 dev=26 func=0 off=0x00 write=0 val=0xFFFFFFFF
  bus=255 dev=27 func=0 off=0x00 write=0 val=0xFFFFFFFF
  bus=255 dev=28 func=0 off=0x00 write=0 val=0xFFFFFFFF
  bus=255 dev=29 func=0 off=0x00 write=0 val=0xFFFFFFFF
  bus=255 dev=30 func=0 off=0x00 write=0 val=0xFFFFFFFF
  bus=255 dev=31 func=0 off=0x00 write=0 val=0xFFFFFFFF
[kerneldiag] dumped 768 bytes around live RIP (starting 0xFFFFF803154BE7BB, RIP itself at offset 0x40) to C:\Users\DELL\AppData\Local\Temp\claude\c--Users-DELL-OneDrive-Desktop-LocalHost-py\5bed7398-339c-497a-9383-821cf9d2769e\scratchpad\NewStallRip.bin
[kerneldiag] spin-wait target VA=0xFFFFF803154BF85B initial value=0x8357DC058AFFE877 -- will re-poll on later stall ticks
[kerneldiag] module PE: 33 sections, watched target RVA=0x4BF85B
[kerneldiag] section[0] name=.rdata VA=0x1000 VSize=0xC7420 RawPtr=0x800 RawSize=0xC7600 chars=0x48000040
[kerneldiag] section[1] name=.pdata VA=0xC9000 VSize=0x67914 RawPtr=0xC7E00 RawSize=0x67A00 chars=0x48000040
[kerneldiag] section[2] name=.idata VA=0x131000 VSize=0x20C2 RawPtr=0x12F800 RawSize=0x2200 chars=0x48000040
[kerneldiag] section[3] name=.edata VA=0x134000 VSize=0x18D7E RawPtr=0x131A00 RawSize=0x18E00 chars=0x40000040
[kerneldiag] section[4] name=PROTDATA VA=0x14D000 VSize=0x1 RawPtr=0x14A800 RawSize=0x200 chars=0x48000040
[kerneldiag] section[5] name=GFIDS VA=0x14E000 VSize=0x8C38 RawPtr=0x14AA00 RawSize=0x8E00 chars=0x42000040
[kerneldiag] section[6] name=Pad1 VA=0x157000 VSize=0xA9000 RawPtr=0x0 RawSize=0x0 chars=0x42000080
[kerneldiag] section[7] name=.text VA=0x200000 VSize=0x3CC289 RawPtr=0x153800 RawSize=0x3CC400 chars=0x68000020  <-- CONTAINS WATCHED TARGET
[kerneldiag] section[8] name=PAGE VA=0x5CD000 VSize=0x3C46A6 RawPtr=0x51FC00 RawSize=0x3C4800 chars=0x60000020
[kerneldiag] section[9] name=PAGELK VA=0x992000 VSize=0x24EC4 RawPtr=0x8E4400 RawSize=0x25000 chars=0x60000020
[kerneldiag] section[10] name=POOLCODE VA=0x9B7000 VSize=0x48B RawPtr=0x909400 RawSize=0x600 chars=0x68000020
[kerneldiag] section[11] name=PAGEKD VA=0x9B8000 VSize=0x5B92 RawPtr=0x909A00 RawSize=0x5C00 chars=0x60000020
[kerneldiag] section[12] name=PAGEVRFY VA=0x9BE000 VSize=0x3210C RawPtr=0x90F600 RawSize=0x32200 chars=0x60000020
[kerneldiag] section[13] name=PAGEHDLS VA=0x9F1000 VSize=0x25D6 RawPtr=0x941800 RawSize=0x2600 chars=0x60000020
[kerneldiag] section[14] name=PAGEBGFX VA=0x9F4000 VSize=0x69DA RawPtr=0x943E00 RawSize=0x6A00 chars=0x60000020
[kerneldiag] section[15] name=INITKDBG VA=0x9FB000 VSize=0x195BA RawPtr=0x94A800 RawSize=0x19600 chars=0x68000020
[kerneldiag] section[16] name=TRACESUP VA=0xA15000 VSize=0x175B RawPtr=0x963E00 RawSize=0x1800 chars=0x68000020
[kerneldiag] section[17] name=KVASCODE VA=0xA17000 VSize=0x23D8 RawPtr=0x965600 RawSize=0x2400 chars=0x68000020
[kerneldiag] section[18] name=RETPOL VA=0xA1A000 VSize=0x880 RawPtr=0x967A00 RawSize=0xA00 chars=0x68000020
[kerneldiag] section[19] name=MINIEX VA=0xA1B000 VSize=0x25AE RawPtr=0x968400 RawSize=0x2600 chars=0x62000020
[kerneldiag] dumped 0x4000 bytes of unidentified module (base=0xFFFFF80315000000) to C:\Users\DELL\AppData\Local\Temp\claude\c--Users-DELL-OneDrive-Desktop-LocalHost-py\5bed7398-339c-497a-9383-821cf9d2769e\scratchpad\NewStallModule.bin
[kerneldiag] IRQL 0xF (HIGH_LEVEL) does not permit DPCs -- deferring memory inspection, this alone may explain the stall
[kerneldiag] candidate return address (caller) at [rsp+0x18] = 0xFFFFF803152AE633
[kerneldiag] candidate address 0xFFFFF803152AE633 resolves to module base 0xFFFFF80315000000 (+0x2AE633 into it)
[kerneldiag] debug directory: type=2 codeViewRva=0x40970
[kerneldiag] module PDB name: ntkrnlmp.pdb guid=D9424FC4-861E-47C1-0FAD1B35DEC6DCC8 age=1
[kerneldiag] dumped 0x300 bytes around return address (starting 0xFFFFF803152AE533, retaddr at offset 0x100, module base 0xFFFFF80315000000, RVA of retaddr 0x2AE633) to C:\Users\DELL\AppData\Local\Temp\claude\c--Users-DELL-OneDrive-Desktop-LocalHost-py\5bed7398-339c-497a-9383-821cf9d2769e\scratchpad\CallerContext.bin
[kerneldiag] registration object pointer at caller+0xCA9008 (VA=0xFFFFF80315CA9008) = 0x0
[kerneldiag] dumped 0x2000 bytes of caller dispatcher code (starting caller+0x36D000, VA=0xFFFFF8031536D000) to C:\Users\DELL\AppData\Local\Temp\claude\c--Users-DELL-OneDrive-Desktop-LocalHost-py\5bed7398-339c-497a-9383-821cf9d2769e\scratchpad\CallerWideDump.bin
[kerneldiag] scanning stack from rsp=0xFFFFF8031B088D80 for candidate return addresses:
  [rsp+0x000] = 0xFFFFF8031B088E58[kerneldiag] candidate address 0xFFFFF8031B088E58 resolves to module base 0xFFFFF8031ADF0000 (+0x298E58 into it)
[kerneldiag] debug directory: type=2 codeViewRva=0x2174
[kerneldiag] module PDB name: volume.pdb guid=AAF65608-ADE9-794A-A208A2E6534FF85E age=1
    ^ [rsp+0x000] module base 0xFFFFF8031ADF0000 RVA 0x298E58
    ^ dumped 0x180 bytes (starting 0xFFFFF8031B088D58, candidate at offset 0x100) to C:\Users\DELL\AppData\Local\Temp\claude\c--Users-DELL-OneDrive-Desktop-LocalHost-py\5bed7398-339c-497a-9383-821cf9d2769e\scratchpad\StackCand_0x0.bin
  [rsp+0x008] = 0xFFFFF803152AA11E[kerneldiag] candidate address 0xFFFFF803152AA11E resolves to module base 0xFFFFF80315000000 (+0x2AA11E into it)
[kerneldiag] debug directory: type=2 codeViewRva=0x40970
[kerneldiag] module PDB name: ntkrnlmp.pdb guid=D9424FC4-861E-47C1-0FAD1B35DEC6DCC8 age=1
    ^ [rsp+0x008] module base 0xFFFFF80315000000 RVA 0x2AA11E
    ^ dumped 0x180 bytes (starting 0xFFFFF803152AA01E, candidate at offset 0x100) to C:\Users\DELL\AppData\Local\Temp\claude\c--Users-DELL-OneDrive-Desktop-LocalHost-py\5bed7398-339c-497a-9383-821cf9d2769e\scratchpad\StackCand_0x8.bin
  [rsp+0x010] = 0xFFFFF8031B089330[kerneldiag] candidate address 0xFFFFF8031B089330 resolves to module base 0xFFFFF8031ADF0000 (+0x299330 into it)
[kerneldiag] debug directory: type=2 codeViewRva=0x2174
[kerneldiag] module PDB name: volume.pdb guid=AAF65608-ADE9-794A-A208A2E6534FF85E age=1
    ^ [rsp+0x010] module base 0xFFFFF8031ADF0000 RVA 0x299330
    ^ dumped 0x180 bytes (starting 0xFFFFF8031B089230, candidate at offset 0x100) to C:\Users\DELL\AppData\Local\Temp\claude\c--Users-DELL-OneDrive-Desktop-LocalHost-py\5bed7398-339c-497a-9383-821cf9d2769e\scratchpad\StackCand_0x10.bin
  [rsp+0x018] = 0xFFFFF803152AE633[kerneldiag] candidate address 0xFFFFF803152AE633 resolves to module base 0xFFFFF80315000000 (+0x2AE633 into it)
[kerneldiag] debug directory: type=2 codeViewRva=0x40970
[kerneldiag] module PDB name: ntkrnlmp.pdb guid=D9424FC4-861E-47C1-0FAD1B35DEC6DCC8 age=1
    ^ [rsp+0x018] module base 0xFFFFF80315000000 RVA 0x2AE633
    ^ dumped 0x180 bytes (starting 0xFFFFF803152AE533, candidate at offset 0x100) to C:\Users\DELL\AppData\Local\Temp\claude\c--Users-DELL-OneDrive-Desktop-LocalHost-py\5bed7398-339c-497a-9383-821cf9d2769e\scratchpad\StackCand_0x18.bin
  [rsp+0x020] = 0xFFFFF8031B088EC0[kerneldiag] candidate address 0xFFFFF8031B088EC0 resolves to module base 0xFFFFF8031ADF0000 (+0x298EC0 into it)
[kerneldiag] debug directory: type=2 codeViewRva=0x2174
[kerneldiag] module PDB name: volume.pdb guid=AAF65608-ADE9-794A-A208A2E6534FF85E age=1
    ^ [rsp+0x020] module base 0xFFFFF8031ADF0000 RVA 0x298EC0
    ^ dumped 0x180 bytes (starting 0xFFFFF8031B088DC0, candidate at offset 0x100) to C:\Users\DELL\AppData\Local\Temp\claude\c--Users-DELL-OneDrive-Desktop-LocalHost-py\5bed7398-339c-497a-9383-821cf9d2769e\scratchpad\StackCand_0x20.bin
  [rsp+0x030] = 0xFFFFF80312819180[kerneldiag] candidate address 0xFFFFF80312819180 resolves to module base 0xFFFFF8031279D000 (+0x7C180 into it)
[kerneldiag] no debug directory RVA in this module's PE header
    ^ [rsp+0x030] module base 0xFFFFF8031279D000 RVA 0x7C180
    ^ dumped 0x180 bytes (starting 0xFFFFF80312819080, candidate at offset 0x100) to C:\Users\DELL\AppData\Local\Temp\claude\c--Users-DELL-OneDrive-Desktop-LocalHost-py\5bed7398-339c-497a-9383-821cf9d2769e\scratchpad\StackCand_0x30.bin
  [rsp+0x038] = 0xFFFFF80315517D8A[kerneldiag] candidate address 0xFFFFF80315517D8A resolves to module base 0xFFFFF80315000000 (+0x517D8A into it)
[kerneldiag] debug directory: type=2 codeViewRva=0x40970
[kerneldiag] module PDB name: ntkrnlmp.pdb guid=D9424FC4-861E-47C1-0FAD1B35DEC6DCC8 age=1
    ^ [rsp+0x038] module base 0xFFFFF80315000000 RVA 0x517D8A
    ^ dumped 0x180 bytes (starting 0xFFFFF80315517C8A, candidate at offset 0x100) to C:\Users\DELL\AppData\Local\Temp\claude\c--Users-DELL-OneDrive-Desktop-LocalHost-py\5bed7398-339c-497a-9383-821cf9d2769e\scratchpad\StackCand_0x38.bin
  [rsp+0x058] = 0xFFFFF8031B089D08[kerneldiag] candidate address 0xFFFFF8031B089D08 resolves to module base 0xFFFFF8031ADF0000 (+0x299D08 into it)
[kerneldiag] debug directory: type=2 codeViewRva=0x2174
[kerneldiag] module PDB name: volume.pdb guid=AAF65608-ADE9-794A-A208A2E6534FF85E age=1
    ^ [rsp+0x058] module base 0xFFFFF8031ADF0000 RVA 0x299D08
    ^ dumped 0x180 bytes (starting 0xFFFFF8031B089C08, candidate at offset 0x100) to C:\Users\DELL\AppData\Local\Temp\claude\c--Users-DELL-OneDrive-Desktop-LocalHost-py\5bed7398-339c-497a-9383-821cf9d2769e\scratchpad\StackCand_0x58.bin
  [rsp+0x060] = 0xFFFFF8031B088E30[kerneldiag] candidate address 0xFFFFF8031B088E30 resolves to module base 0xFFFFF8031ADF0000 (+0x298E30 into it)
[kerneldiag] debug directory: type=2 codeViewRva=0x2174
[kerneldiag] module PDB name: volume.pdb guid=AAF65608-ADE9-794A-A208A2E6534FF85E age=1
    ^ [rsp+0x060] module base 0xFFFFF8031ADF0000 RVA 0x298E30
    ^ dumped 0x180 bytes (starting 0xFFFFF8031B088D30, candidate at offset 0x100) to C:\Users\DELL\AppData\Local\Temp\claude\c--Users-DELL-OneDrive-Desktop-LocalHost-py\5bed7398-339c-497a-9383-821cf9d2769e\scratchpad\StackCand_0x60.bin
  [rsp+0x068] = 0xFFFFF8031544D05A[kerneldiag] candidate address 0xFFFFF8031544D05A resolves to module base 0xFFFFF80315000000 (+0x44D05A into it)
[kerneldiag] debug directory: type=2 codeViewRva=0x40970
[kerneldiag] module PDB name: ntkrnlmp.pdb guid=D9424FC4-861E-47C1-0FAD1B35DEC6DCC8 age=1
    ^ [rsp+0x068] module base 0xFFFFF80315000000 RVA 0x44D05A
    ^ dumped 0x180 bytes (starting 0xFFFFF8031544CF5A, candidate at offset 0x100) to C:\Users\DELL\AppData\Local\Temp\claude\c--Users-DELL-OneDrive-Desktop-LocalHost-py\5bed7398-339c-497a-9383-821cf9d2769e\scratchpad\StackCand_0x68.bin
  [rsp+0x070] = 0xFFFFF8031B089330[kerneldiag] candidate address 0xFFFFF8031B089330 resolves to module base 0xFFFFF8031ADF0000 (+0x299330 into it)
[kerneldiag] debug directory: type=2 codeViewRva=0x2174
[kerneldiag] module PDB name: volume.pdb guid=AAF65608-ADE9-794A-A208A2E6534FF85E age=1
    ^ [rsp+0x070] module base 0xFFFFF8031ADF0000 RVA 0x299330
    ^ dumped 0x180 bytes (starting 0xFFFFF8031B089230, candidate at offset 0x100) to C:\Users\DELL\AppData\Local\Temp\claude\c--Users-DELL-OneDrive-Desktop-LocalHost-py\5bed7398-339c-497a-9383-821cf9d2769e\scratchpad\StackCand_0x70.bin
  [rsp+0x080] = 0xFFFFF8031B08A020[kerneldiag] candidate address 0xFFFFF8031B08A020 resolves to module base 0xFFFFF8031ADF0000 (+0x29A020 into it)
[kerneldiag] debug directory: type=2 codeViewRva=0x2174
[kerneldiag] module PDB name: volume.pdb guid=AAF65608-ADE9-794A-A208A2E6534FF85E age=1
    ^ [rsp+0x080] module base 0xFFFFF8031ADF0000 RVA 0x29A020
    ^ dumped 0x180 bytes (starting 0xFFFFF8031B089F20, candidate at offset 0x100) to C:\Users\DELL\AppData\Local\Temp\claude\c--Users-DELL-OneDrive-Desktop-LocalHost-py\5bed7398-339c-497a-9383-821cf9d2769e\scratchpad\StackCand_0x80.bin
  [rsp+0x098] = 0xFFFFF80315D27A00[kerneldiag] candidate address 0xFFFFF80315D27A00 resolves to module base 0xFFFFF80315000000 (+0xD27A00 into it)
[kerneldiag] debug directory: type=2 codeViewRva=0x40970
[kerneldiag] module PDB name: ntkrnlmp.pdb guid=D9424FC4-861E-47C1-0FAD1B35DEC6DCC8 age=1
    ^ [rsp+0x098] module base 0xFFFFF80315000000 RVA 0xD27A00
    ^ dumped 0x180 bytes (starting 0xFFFFF80315D27900, candidate at offset 0x100) to C:\Users\DELL\AppData\Local\Temp\claude\c--Users-DELL-OneDrive-Desktop-LocalHost-py\5bed7398-339c-497a-9383-821cf9d2769e\scratchpad\StackCand_0x98.bin
  [rsp+0x0D0] = 0xFFFFF80312819180[kerneldiag] candidate address 0xFFFFF80312819180 resolves to module base 0xFFFFF8031279D000 (+0x7C180 into it)
[kerneldiag] no debug directory RVA in this module's PE header
    ^ [rsp+0x0D0] module base 0xFFFFF8031279D000 RVA 0x7C180
    ^ dumped 0x180 bytes (starting 0xFFFFF80312819080, candidate at offset 0x100) to C:\Users\DELL\AppData\Local\Temp\claude\c--Users-DELL-OneDrive-Desktop-LocalHost-py\5bed7398-339c-497a-9383-821cf9d2769e\scratchpad\StackCand_0xD0.bin
  [rsp+0x0F0] = 0xFFFFFFFFFFFFFFFF[kerneldiag] no PE header found scanning VA back from 0xFFFFFFFFFFFFFFFF

  [rsp+0x0F8] = 0xFFFF800000000000[kerneldiag] no PE header found scanning VA back from 0xFFFF800000000000

  [rsp+0x100] = 0xFFFFF803155183B0[kerneldiag] candidate address 0xFFFFF803155183B0 resolves to module base 0xFFFFF80315000000 (+0x5183B0 into it)
[kerneldiag] debug directory: type=2 codeViewRva=0x40970
[kerneldiag] module PDB name: ntkrnlmp.pdb guid=D9424FC4-861E-47C1-0FAD1B35DEC6DCC8 age=1
    ^ [rsp+0x100] module base 0xFFFFF80315000000 RVA 0x5183B0
    ^ dumped 0x180 bytes (starting 0xFFFFF803155182B0, candidate at offset 0x100) to C:\Users\DELL\AppData\Local\Temp\claude\c--Users-DELL-OneDrive-Desktop-LocalHost-py\5bed7398-339c-497a-9383-821cf9d2769e\scratchpad\StackCand_0x100.bin
  [rsp+0x238] = 0xFFFFF80312819300[kerneldiag] candidate address 0xFFFFF80312819300 resolves to module base 0xFFFFF8031279D000 (+0x7C300 into it)
[kerneldiag] no debug directory RVA in this module's PE header
    ^ [rsp+0x238] module base 0xFFFFF8031279D000 RVA 0x7C300
    ^ dumped 0x180 bytes (starting 0xFFFFF80312819200, candidate at offset 0x100) to C:\Users\DELL\AppData\Local\Temp\claude\c--Users-DELL-OneDrive-Desktop-LocalHost-py\5bed7398-339c-497a-9383-821cf9d2769e\scratchpad\StackCand_0x238.bin
  [rsp+0x248] = 0xFFFFFFFF80000003[kerneldiag] no PE header found scanning VA back from 0xFFFFFFFF80000003

  [rsp+0x250] = 0xFFFFF8031B089D08[kerneldiag] candidate address 0xFFFFF8031B089D08 resolves to module base 0xFFFFF8031ADF0000 (+0x299D08 into it)
[kerneldiag] debug directory: type=2 codeViewRva=0x2174
[kerneldiag] module PDB name: volume.pdb guid=AAF65608-ADE9-794A-A208A2E6534FF85E age=1
    ^ [rsp+0x250] module base 0xFFFFF8031ADF0000 RVA 0x299D08
    ^ dumped 0x180 bytes (starting 0xFFFFF8031B089C08, candidate at offset 0x100) to C:\Users\DELL\AppData\Local\Temp\claude\c--Users-DELL-OneDrive-Desktop-LocalHost-py\5bed7398-339c-497a-9383-821cf9d2769e\scratchpad\StackCand_0x250.bin
  [rsp+0x258] = 0xFFFFF8031B089508[kerneldiag] candidate address 0xFFFFF8031B089508 resolves to module base 0xFFFFF8031ADF0000 (+0x299508 into it)
[kerneldiag] debug directory: type=2 codeViewRva=0x2174
[kerneldiag] module PDB name: volume.pdb guid=AAF65608-ADE9-794A-A208A2E6534FF85E age=1
    ^ [rsp+0x258] module base 0xFFFFF8031ADF0000 RVA 0x299508
    ^ dumped 0x180 bytes (starting 0xFFFFF8031B089408, candidate at offset 0x100) to C:\Users\DELL\AppData\Local\Temp\claude\c--Users-DELL-OneDrive-Desktop-LocalHost-py\5bed7398-339c-497a-9383-821cf9d2769e\scratchpad\StackCand_0x258.bin
  [rsp+0x260] = 0xFFFFF8031B089A40[kerneldiag] candidate address 0xFFFFF8031B089A40 resolves to module base 0xFFFFF8031ADF0000 (+0x299A40 into it)
[kerneldiag] debug directory: type=2 codeViewRva=0x2174
[kerneldiag] module PDB name: volume.pdb guid=AAF65608-ADE9-794A-A208A2E6534FF85E age=1
    ^ [rsp+0x260] module base 0xFFFFF8031ADF0000 RVA 0x299A40
    ^ dumped 0x180 bytes (starting 0xFFFFF8031B089940, candidate at offset 0x100) to C:\Users\DELL\AppData\Local\Temp\claude\c--Users-DELL-OneDrive-Desktop-LocalHost-py\5bed7398-339c-497a-9383-821cf9d2769e\scratchpad\StackCand_0x260.bin
  [rsp+0x268] = 0xFFFFF8031B089540[kerneldiag] candidate address 0xFFFFF8031B089540 resolves to module base 0xFFFFF8031ADF0000 (+0x299540 into it)
[kerneldiag] debug directory: type=2 codeViewRva=0x2174
[kerneldiag] module PDB name: volume.pdb guid=AAF65608-ADE9-794A-A208A2E6534FF85E age=1
    ^ [rsp+0x268] module base 0xFFFFF8031ADF0000 RVA 0x299540
    ^ dumped 0x180 bytes (starting 0xFFFFF8031B089440, candidate at offset 0x100) to C:\Users\DELL\AppData\Local\Temp\claude\c--Users-DELL-OneDrive-Desktop-LocalHost-py\5bed7398-339c-497a-9383-821cf9d2769e\scratchpad\StackCand_0x268.bin
  [rsp+0x270] = 0xFFFFF80312819180[kerneldiag] candidate address 0xFFFFF80312819180 resolves to module base 0xFFFFF8031279D000 (+0x7C180 into it)
[kerneldiag] no debug directory RVA in this module's PE header
    ^ [rsp+0x270] module base 0xFFFFF8031279D000 RVA 0x7C180
    ^ dumped 0x180 bytes (starting 0xFFFFF80312819080, candidate at offset 0x100) to C:\Users\DELL\AppData\Local\Temp\claude\c--Users-DELL-OneDrive-Desktop-LocalHost-py\5bed7398-339c-497a-9383-821cf9d2769e\scratchpad\StackCand_0x270.bin
  [rsp+0x278] = 0xFFFFF80315406E40[kerneldiag] candidate address 0xFFFFF80315406E40 resolves to module base 0xFFFFF80315000000 (+0x406E40 into it)
[kerneldiag] debug directory: type=2 codeViewRva=0x40970
[kerneldiag] module PDB name: ntkrnlmp.pdb guid=D9424FC4-861E-47C1-0FAD1B35DEC6DCC8 age=1
    ^ [rsp+0x278] module base 0xFFFFF80315000000 RVA 0x406E40
    ^ dumped 0x180 bytes (starting 0xFFFFF80315406D40, candidate at offset 0x100) to C:\Users\DELL\AppData\Local\Temp\claude\c--Users-DELL-OneDrive-Desktop-LocalHost-py\5bed7398-339c-497a-9383-821cf9d2769e\scratchpad\StackCand_0x278.bin
  [rsp+0x288] = 0xFFFFFFFFFFFFFFFD[kerneldiag] no PE header found scanning VA back from 0xFFFFFFFFFFFFFFFD

  [rsp+0x290] = 0xFFFFF80315E01940[kerneldiag] candidate address 0xFFFFF80315E01940 resolves to module base 0xFFFFF80315000000 (+0xE01940 into it)
[kerneldiag] debug directory: type=2 codeViewRva=0x40970
[kerneldiag] module PDB name: ntkrnlmp.pdb guid=D9424FC4-861E-47C1-0FAD1B35DEC6DCC8 age=1
    ^ [rsp+0x290] module base 0xFFFFF80315000000 RVA 0xE01940
    ^ dumped 0x180 bytes (starting 0xFFFFF80315E01840, candidate at offset 0x100) to C:\Users\DELL\AppData\Local\Temp\claude\c--Users-DELL-OneDrive-Desktop-LocalHost-py\5bed7398-339c-497a-9383-821cf9d2769e\scratchpad\StackCand_0x290.bin
  [rsp+0x2A8] = 0xFFFFF8031B089DB0[kerneldiag] candidate address 0xFFFFF8031B089DB0 resolves to module base 0xFFFFF8031ADF0000 (+0x299DB0 into it)
[kerneldiag] debug directory: type=2 codeViewRva=0x2174
[kerneldiag] module PDB name: volume.pdb guid=AAF65608-ADE9-794A-A208A2E6534FF85E age=1
    ^ [rsp+0x2A8] module base 0xFFFFF8031ADF0000 RVA 0x299DB0
    ^ dumped 0x180 bytes (starting 0xFFFFF8031B089CB0, candidate at offset 0x100) to C:\Users\DELL\AppData\Local\Temp\claude\c--Users-DELL-OneDrive-Desktop-LocalHost-py\5bed7398-339c-497a-9383-821cf9d2769e\scratchpad\StackCand_0x2A8.bin
  [rsp+0x2B8] = 0xFFFFF803153FD6F0[kerneldiag] candidate address 0xFFFFF803153FD6F0 resolves to module base 0xFFFFF80315000000 (+0x3FD6F0 into it)
[kerneldiag] debug directory: type=2 codeViewRva=0x40970
[kerneldiag] module PDB name: ntkrnlmp.pdb guid=D9424FC4-861E-47C1-0FAD1B35DEC6DCC8 age=1
    ^ [rsp+0x2B8] module base 0xFFFFF80315000000 RVA 0x3FD6F0
    ^ dumped 0x180 bytes (starting 0xFFFFF803153FD5F0, candidate at offset 0x100) to C:\Users\DELL\AppData\Local\Temp\claude\c--Users-DELL-OneDrive-Desktop-LocalHost-py\5bed7398-339c-497a-9383-821cf9d2769e\scratchpad\StackCand_0x2B8.bin
[watchdog] STALL #3 (exitCount=856149 unchanged for 6s): rip=0xFFFFF803154BE7FB rsp=0xFFFFF8031B088D80 rax=0xFFFFF803154BE7D0 rcx=0xF rdx=0xF rbx=0x0 cr3=0x1AD002 cr8(irql)=0xF(HIGH_LEVEL)
[kerneldiag] spin-wait target value at tick 3 = 0x8357DC058AFFE877
[kerneldiag] stack dump from rsp=0xFFFFF8031B088D80 (cr3=0x1AD002):
  [rsp+0x00] = 0xFFFFF8031B088E58
  [rsp+0x08] = 0xFFFFF803152AA11E
  [rsp+0x10] = 0xFFFFF8031B089330
  [rsp+0x18] = 0xFFFFF803152AE633
  [rsp+0x20] = 0xFFFFF8031B088EC0
  [rsp+0x30] = 0xFFFFF80312819180
  [rsp+0x38] = 0xFFFFF80315517D8A
  [rsp+0x58] = 0xFFFFF8031B089D08
  [rsp+0x60] = 0xFFFFF8031B088E30
  [rsp+0x68] = 0xFFFFF8031544D05A
  [rsp+0x70] = 0xFFFFF8031B089330
  [rsp+0x80] = 0xFFFFF8031B08A020
  [rsp+0x98] = 0xFFFFF80315D27A00
  [rsp+0xD0] = 0xFFFFF80312819180
  [rsp+0xF0] = 0xFFFFFFFFFFFFFFFF
  [rsp+0xF8] = 0xFFFF800000000000
  [rsp+0x100] = 0xFFFFF803155183B0
[kerneldiag] KiBugCheckData: code=0x139 params=[0x3, 0xFFFFF8031B074CB0, 0xFFFFF8031B074C08, 0x0]
[u40] === RIP histogram pass 2 (at bugcheck): 13005 samples, base=0xFFFFF80315000000 ===
[u40]     8576  page 0xBEA03000
[u40]     1649  page 0x1DD9000
[u40]     1016  page 0xBF14E000
[u40]      568  page 0xBFC50000
[u40]      392  page 0xBFD68000
[u40]      229  page 0xBF14F000
[u40]      180  page 0xBE422000
[u40]      173  page 0xBF174000
[u40]      147  page 0xBF16B000
[u40]       26  page 0xFFFFF803153A5000  = base+0x3A5000
[u40]       11  page 0xBE41C000
[u40]        9  page 0x848000
[u40]        7  page 0x83D000
[u40]        2  page 0xBFA20000
[u40]        2  page 0xBFF78000
[u40]        2  page 0xBEAA9000
[u40]        2  page 0x834000
[u40]        1  page 0xBE35B000
[u40]   most recent 256 samples (newest last):
[u40]     1DD9EDB@853591 1DD9EDB@853601 1DD9EDB@853611 1DD9EDB@853621 1DD9EDB@853631 1DD9EDB@853641 1DD9EDB@853651 1DD9EDB@853661 1DD9EDB@853671 1DD9EDB@853681 1DD9EDB@853691 1DD9EDB@853701 1DD9EDB@853711 1DD9EDB@853721 1DD9EDB@853731 1DD9EDB@853741 1DD9EDB@853751 1DD9EDB@853761 1DD9EDB@853771 1DD9EDB@853781 1DD9EDB@853791 1DD9EDB@853801 1DD9EDB@853811 1DD9EDB@853821 1DD9EDB@853831 1DD9EDB@853841 1DD9EDB@853851 1DD9EDB@853861 1DD9EDB@853871 1DD9EDB@853881 1DD9EDB@853891 1DD9EDB@853901 1DD9EDB@853911 1DD9EDB@853921 1DD9EDB@853931 1DD9EDB@853941 1DD9EDB@853951 1DD9EDB@853961 1DD9EDB@853971 1DD9EDB@853981 1DD9EDB@853991 1DD9EDB@854001 1DD9EDB@854011 1DD9EDB@854021 1DD9EDB@854031 1DD9EDB@854041 1DD9EDB@854051 1DD9EDB@854061 1DD9EDB@854071 1DD9EDB@854081 1DD9EDB@854091 1DD9EDB@854101 1DD9EDB@854111 1DD9EDB@854121 1DD9EDB@854131 1DD9EDB@854141 1DD9EDB@854151 1DD9EDB@854161 1DD9EDB@854171 1DD9EDB@854181 1DD9EDB@854191 1DD9EDB@854201 1DD9EDB@854211 1DD9EDB@854221 1DD9EDB@854231 1DD9EDB@854241 1DD9EDB@854251 1DD9EDB@854261 1DD9EDB@854271 1DD9EDB@854281 1DD9EDB@854291 1DD9EDB@854301 1DD9EDB@854311 1DD9EDB@854321 1DD9EDB@854331 1DD9EDB@854341 1DD9EDB@854351 1DD9EDB@854361 1DD9EDB@854371 1DD9EDB@854381 1DD9EDB@854391 1DD9EDB@854401 1DD9EDB@854411 1DD9EDB@854421 1DD9EDB@854431 1DD9EDB@854441 1DD9EDB@854451 1DD9EDB@854461 1DD9EDB@854471 1DD9EDB@854481 1DD9EDB@854491 1DD9EDB@854501 1DD9EDB@854511 1DD9EDB@854521 1DD9EDB@854531 1DD9EDB@854541 1DD9EDB@854551 1DD9EDB@854561 1DD9EDB@854571 1DD9EDB@854581 1DD9EDB@854591 1DD9EDB@854601 1DD9EDB@854611 1DD9EDB@854621 1DD9EDB@854631 1DD9EDB@854641 1DD9EDB@854651 1DD9EDB@854661 1DD9EDB@854671 1DD9EDB@854681 1DD9EDB@854691 1DD9EDB@854701 1DD9EDB@854711 1DD9EDB@854721 1DD9EDB@854731 1DD9EDB@854741 1DD9EDB@854751 1DD9EDB@854761 1DD9EDB@854771 1DD9EDB@854781 1DD9EDB@854791 1DD9EDB@854801 1DD9EDB@854811 1DD9EDB@854821 1DD9EDB@854831 1DD9EDB@854841 1DD9EDB@854851 1DD9EDB@854861 1DD9EDB@854871 1DD9EDB@854881 1DD9EDB@854891 1DD9EDB@854901 1DD9EDB@854911 1DD9EDB@854921 1DD9EDB@854931 1DD9EDB@854941 1DD9EDB@854951 1DD9EDB@854961 1DD9EDB@854971 1DD9EDB@854981 1DD9EDB@854991 1DD9EDB@855001 1DD9EDB@855011 1DD9EDB@855021 1DD9EDB@855031 1DD9EDB@855041 1DD9EDB@855051 1DD9EDB@855061 1DD9EDB@855071 1DD9EDB@855081 1DD9EDB@855091 1DD9EDB@855101 1DD9EDB@855111 1DD9EDB@855121 1DD9EDB@855131 1DD9EDB@855141 1DD9EDB@855151 1DD9EDB@855161 1DD9EDB@855171 1DD9EDB@855181 1DD9EDB@855191 1DD9EDB@855201 1DD9EDB@855211 1DD9EDB@855221 1DD9EDB@855231 1DD9EDB@855241 1DD9EDB@855251 1DD9EDB@855261 1DD9EDB@855271 1DD9EDB@855281 1DD9EDB@855291 1DD9EDB@855301 1DD9EDB@855311 1DD9EDB@855321 1DD9EDB@855331 1DD9EDB@855341 1DD9EDB@855351 1DD9EDB@855361 1DD9EDB@855371 1DD9EDB@855381 1DD9EDB@855391 1DD9EDB@855401 1DD9EDB@855411 1DD9EDB@855421 1DD9EDB@855431 1DD9EDB@855441 1DD9EDB@855451 1DD9EDB@855461 1DD9EDB@855471 1DD9EDB@855481 1DD9EDB@855491 1DD9EDB@855501 1DD9EDB@855511 1DD9EDB@855521 1DD9EDB@855531 1DD9EDB@855541 1DD9EDB@855551 1DD9EDB@855561 1DD9EDB@855571 1DD9EDB@855581 1DD9EDB@855591 1DD9EDB@855601 1DD9EDB@855611 1DD9EDB@855621 1DD9EDB@855631 1DD9EDB@855641 1DD9EDB@855651 1DD9EDB@855661 1DD9EDB@855671 1DD9EDB@855681 1DD9EDB@855691 1DD9EDB@855701 1DD9EDB@855711 1DD9EDB@855721 1DD9EDB@855731 1DD9EDB@855741 1DD9EDB@855751 1DD9EDB@855761 1DD9EDB@855771 1DD9EDB@855781 1DD9EDB@855791 1DD9EDB@855801 1DD9EDB@855811 1DD9EDB@855821 1DD9EDB@855831 1DD9EDB@855841 1DD9EDB@855851 1DD9EDB@855861 1DD9EDB@855871 FFFFF803153A5800@855881 FFFFF803153A585D@855891 FFFFF803153A585D@855901 FFFFF803153A585D@855911 FFFFF803153A585D@855921 FFFFF803153A585D@855931 FFFFF803153A585D@855941 FFFFF803153A585D@855951 FFFFF803153A585D@855961 FFFFF803153A585D@855971 FFFFF803153A585D@855981 FFFFF803153A585D@855991 FFFFF803153A585D@856001 FFFFF803153A57F9@856011 FFFFF803153A5883@856021 FFFFF803153A5883@856031 FFFFF803153A5883@856041 FFFFF803153A5883@856051 FFFFF803153A5883@856061 FFFFF803153A5883@856071 FFFFF803153A5883@856081 FFFFF803153A5883@856091 FFFFF803153A5883@856101 FFFFF803153A5883@856111 FFFFF803153A5883@856121 FFFFF803153A5883@856131 FFFFF803153A7615@856141
[u42] IOAPIC accesses at bugcheck: pass1=274 pass2=262
[u43] non-legacy vector resolutions: pass1=129 pass2=0  (RTC PIE bit now 0x00, inherited across the reset)
[kerneldiag] EXCEPTION_RECORD @0xFFFFF8031B074C08: code=0xC0000409 address=0xFFFFF80315344214 numParams=1 info[0]=0x3 info[1]=0x0
[kerneldiag] candidate address 0xFFFFF80315344214 resolves to module base 0xFFFFF80315000000 (+0x344214 into it)
[kerneldiag] debug directory: type=2 codeViewRva=0x40970
[kerneldiag] module PDB name: ntkrnlmp.pdb guid=D9424FC4-861E-47C1-0FAD1B35DEC6DCC8 age=1
[kerneldiag] fast-fail site: module base 0xFFFFF80315000000, RVA 0x344214  <-- inside ntoskrnl.exe (real symbol resolvable offline)
[kerneldiag] dumped 0x200 bytes around fail site (starting RVA 0x344114, module base 0xFFFFF80315000000) to C:\Users\DELL\AppData\Local\Temp\claude\c--Users-DELL-OneDrive-Desktop-LocalHost-py\5bed7398-339c-497a-9383-821cf9d2769e\scratchpad\FailSite.bin
[kerneldiag] trap frame @0xFFFFF8031B074CB0, ALL qwords:
  +0x000 = 0x0000000000000000
  +0x008 = 0x0000000000000000
  +0x010 = 0x0000000000000000
  +0x018 = 0x0000000000000000
  +0x020 = 0x0000000000000000
  +0x028 = 0x00001F8001000000
  +0x030 = 0x0000000000000000
  +0x038 = 0x0000000000000003
  +0x040 = 0x0000000000000000
  +0x048 = 0x0000000000000000
  +0x050 = 0x0000000000000008
  +0x058 = 0x0000000000000000
  +0x060 = 0x0000000000000000
  +0x068 = 0x0000000000000000
  +0x070 = 0x0000000000000000
  +0x078 = 0x0000000000000000
  +0x080 = 0x0000000000000000
  +0x088 = 0x0000000000000000
  +0x090 = 0x0056004500440042
  +0x098 = 0x003000300030005F
  +0x0A0 = 0x0045005200260031
  +0x0A8 = 0x00300030005F0056
  +0x0B0 = 0x0055002600310030
  +0x0B8 = 0x0030005F00440049
  +0x0C0 = 0x0000000000000001
  +0x0C8 = 0x0000000000000000
  +0x0D0 = 0x0000000000000000
  +0x0D8 = 0x0000000000000000
  +0x0E0 = 0x0000000000000000
  +0x0E8 = 0x0000000000000000
  +0x0F0 = 0x0000000000000000
  +0x0F8 = 0x0000000000000000
  +0x100 = 0x0000000000000000
  +0x108 = 0x0000000000000000
  +0x110 = 0x0000000000000000
  +0x118 = 0x0000000000000000
  +0x120 = 0xFFFFF80315D28050  <-- canonical kernel pointer
      -> memory there: +0x00=0x0000000000000000 +0x08=0x0000000000000000
  +0x128 = 0xFFFFF8031524545E  <-- canonical kernel pointer
      -> memory there: +0x00=0x01000001E6838366 +0x08=0x000098C381481075
  +0x130 = 0xFFFFF80315D27A00  <-- canonical kernel pointer
      -> memory there: +0x00=0x0000000000200006 +0x08=0xFFFFF80315D27A08
  +0x138 = 0x0000000000000010
  +0x140 = 0x0000000000000000
  +0x148 = 0x0000000000000000
  +0x150 = 0x0000000000000000
  +0x158 = 0x0000000000000000
  +0x160 = 0x0000000000000000
  +0x168 = 0xFFFFF80315344214  <-- canonical kernel pointer
      -> memory there: +0x00=0xCCCCCCCCCCCC29CD +0x08=0x6C894808245C8948
  +0x170 = 0x0000000000000010
  +0x178 = 0x0000000000000286
  +0x180 = 0xFFFFF8031B074E48  <-- canonical kernel pointer
      -> memory there: +0x00=0xFFFFF80315343B64 +0x08=0x0000000000000018
  +0x188 = 0x0000000000000000
  +0x190 = 0x0000000000000000
  +0x198 = 0xFFFFF80315343B64  <-- canonical kernel pointer
      -> memory there: +0x00=0x481874ED85F88B4C +0x08=0x8BFFEEFA0DE8CE8B
  +0x1A0 = 0x0000000000000018
  +0x1A8 = 0x0000000000000000
  +0x1B0 = 0xFFFFFFFFFFFFFFFF  <-- canonical kernel pointer
  +0x1B8 = 0x0000000000000001
  +0x1C0 = 0x0000000000000000
  +0x1C8 = 0xFFFFF8031529F612  <-- canonical kernel pointer
      -> memory there: +0x00=0xCCCCCCCCDFEBFFB0 +0x08=0x8944CCCCCCCCCCCC
  +0x1D0 = 0x0000000000000000
  +0x1D8 = 0x0000000000000010
  +0x1E0 = 0x0000000000000001
  +0x1E8 = 0x0000000000000000
  +0x1F0 = 0xFFFFF8031B074FB0  <-- canonical kernel pointer
      -> memory there: +0x00=0xFFFFF8031B075130 +0x08=0x0000000000000B80
  +0x1F8 = 0xFFFFF803152382C6  <-- canonical kernel pointer
      -> memory there: +0x00=0x1C75C08548F88B48 +0x08=0x48CD8B4970458B44
[kerneldiag] memory at param2 (0xFFFFF8031B074CB0):
  +0x00: 00 00 00 00 00 00 00 00 00 00 00 00 00 00 00 00  ................
  +0x10: 00 00 00 00 00 00 00 00 00 00 00 00 00 00 00 00  ................
  +0x20: 00 00 00 00 00 00 00 00 00 00 00 01 80 1F 00 00  ................
  +0x30: 00 00 00 00 00 00 00 00 03 00 00 00 00 00 00 00  ................
  +0x40: 00 00 00 00 00 00 00 00 00 00 00 00 00 00 00 00  ................
  +0x50: 08 00 00 00 00 00 00 00 00 00 00 00 00 00 00 00  ................
  +0x60: 00 00 00 00 00 00 00 00 00 00 00 00 00 00 00 00  ................
  +0x70: 00 00 00 00 00 00 00 00 00 00 00 00 00 00 00 00  ................
  +0x80: 00 00 00 00 00 00 00 00 00 00 00 00 00 00 00 00  ................
  +0x90: 42 00 44 00 45 00 56 00 5F 00 30 00 30 00 30 00  B.D.E.V._.0.0.0.
  +0xA0: 31 00 26 00 52 00 45 00 56 00 5F 00 30 00 30 00  1.&.R.E.V._.0.0.
  +0xB0: 30 00 31 00 26 00 55 00 49 00 44 00 5F 00 30 00  0.1.&.U.I.D._.0.
  +0xC0: 01 00 00 00 00 00 00 00 00 00 00 00 00 00 00 00  ................
  +0xD0: 00 00 00 00 00 00 00 00 00 00 00 00 00 00 00 00  ................
  +0xE0: 00 00 00 00 00 00 00 00 00 00 00 00 00 00 00 00  ................
  +0xF0: 00 00 00 00 00 00 00 00 00 00 00 00 00 00 00 00  ................
  +0x100: 00 00 00 00 00 00 00 00 00 00 00 00 00 00 00 00  ................
  +0x110: 00 00 00 00 00 00 00 00 00 00 00 00 00 00 00 00  ................
[kerneldiag] descriptor+0xB8 = 0x49 -- bit2 (HalpTimerInitialize succeeded) is clear
[kerneldiag] descriptor+0x120 (remap-info pointer) = 0x1D2B85000004D
[kerneldiag] failed to read remap-info at 0x1D2B85000004D
[kerneldiag] HalpWatchdogTimer = 0x0
[kerneldiag] HalpTimerLastProblem=0x19 setter scan complete: 0 hit(s)
[kerneldiag] dumped HalpInterruptSetLineState_ColdPath (1280 bytes) to C:\Users\DELL\AppData\Local\Temp\claude\c--Users-DELL-OneDrive-Desktop-LocalHost-py\5bed7398-339c-497a-9383-821cf9d2769e\scratchpad\HalpInterruptSetLineState_ColdPath.bin
[kerneldiag] dumped HalpInterruptSetLineStateInternal (1024 bytes) to C:\Users\DELL\AppData\Local\Temp\claude\c--Users-DELL-OneDrive-Desktop-LocalHost-py\5bed7398-339c-497a-9383-821cf9d2769e\scratchpad\HalpInterruptSetLineStateInternal.bin
[kerneldiag] dumped HalpInterruptLookupController (768 bytes) to C:\Users\DELL\AppData\Local\Temp\claude\c--Users-DELL-OneDrive-Desktop-LocalHost-py\5bed7398-339c-497a-9383-821cf9d2769e\scratchpad\HalpInterruptLookupController.bin
[kerneldiag] dumped HalpApicSetLineState_ColdPath (1024 bytes) to C:\Users\DELL\AppData\Local\Temp\claude\c--Users-DELL-OneDrive-Desktop-LocalHost-py\5bed7398-339c-497a-9383-821cf9d2769e\scratchpad\HalpApicSetLineState_ColdPath.bin
[kerneldiag] dumped HalpInterruptSetLineStateInternal_ColdPath (256 bytes) to C:\Users\DELL\AppData\Local\Temp\claude\c--Users-DELL-OneDrive-Desktop-LocalHost-py\5bed7398-339c-497a-9383-821cf9d2769e\scratchpad\HalpInterruptSetLineStateInternal_ColdPath.bin
[kerneldiag] dumped HalpTimerInitializeClock_HotPath (1024 bytes) to C:\Users\DELL\AppData\Local\Temp\claude\c--Users-DELL-OneDrive-Desktop-LocalHost-py\5bed7398-339c-497a-9383-821cf9d2769e\scratchpad\HalpTimerInitializeClock_HotPath.bin
[kerneldiag] HalpInterruptControllerList head @0xFFFFF80315C4B910: Flink=0xFFFFF78880001340 Blink=0xFFFFF78880001930 -- MORE THAN ONE controller registered, walking all entries
[kerneldiag] controller[0] @0xFFFFF78880001340: +0xE8(id)=0x1 +0xDC(flags)=0xFF +0x10(self)=0xFFFFF788800014A0 +0x70(callback)=0xFFFFF8031537D580
[kerneldiag] controller[0] +0x100 (routing-candidate list) @0xFFFFF78880001440: Flink=0xFFFFF78880007540 Blink=0xFFFFF78880007540 -- has entries
[kerneldiag] controller[0] candidate[0] @0xFFFFF78880007540: +0x10(dest)=0xFFFFFFFF +0x14(prioLo)=0x1 +0x18(prioHi)=0x7
[kerneldiag] controller[0] callback RVA = 0x37D580 (in-module)
[kerneldiag] dumped controller[0] callback (1024 bytes from live pointer 0xFFFFF8031537D580) to C:\Users\DELL\AppData\Local\Temp\claude\c--Users-DELL-OneDrive-Desktop-LocalHost-py\5bed7398-339c-497a-9383-821cf9d2769e\scratchpad\InterruptControllerCallback_0.bin
[kerneldiag] controller[1] @0xFFFFF78880001568: +0xE8(id)=0x2 +0xDC(flags)=0xFF +0x10(self)=0xFFFFF788800016C8 +0x70(callback)=0xFFFFF8031537D580
[kerneldiag] controller[1] +0x100 (routing-candidate list) @0xFFFFF78880001668: Flink=0xFFFFF7888000A2A8 Blink=0xFFFFF7888000A2A8 -- has entries
[kerneldiag] controller[1] candidate[0] @0xFFFFF7888000A2A8: +0x10(dest)=0xFFFFFFFF +0x14(prioLo)=0x1 +0x18(prioHi)=0x7
[kerneldiag] controller[1] callback RVA = 0x37D580 (in-module)
[kerneldiag] controller[1] callback matches an already-dumped one, skipping
[kerneldiag] controller[2] @0xFFFFF78880001760: +0xE8(id)=0xB000 +0xDC(flags)=0x0 +0x10(self)=0xFFFFF788800018C0 +0x70(callback)=0xFFFFF803154DD370
[kerneldiag] controller[2] +0x100 (routing-candidate list) @0xFFFFF78880001860: Flink=0xFFFFF78880001B00 Blink=0xFFFFF78880001B00 -- has entries
[kerneldiag] controller[2] candidate[0] @0xFFFFF78880001B00: +0x10(dest)=0xFFFFFFFF +0x14(prioLo)=0x1 +0x18(prioHi)=0x2
[kerneldiag] controller[2] callback RVA = 0x4DD370 (in-module)
[kerneldiag] dumped controller[2] callback (1024 bytes from live pointer 0xFFFFF803154DD370) to C:\Users\DELL\AppData\Local\Temp\claude\c--Users-DELL-OneDrive-Desktop-LocalHost-py\5bed7398-339c-497a-9383-821cf9d2769e\scratchpad\InterruptControllerCallback_2.bin
[kerneldiag] controller[3] @0xFFFFF78880001930: +0xE8(id)=0xB001 +0xDC(flags)=0x0 +0x10(self)=0xFFFFF78880001A90 +0x70(callback)=0xFFFFF803154DD370
[kerneldiag] controller[3] +0x100 (routing-candidate list) @0xFFFFF78880001A30: Flink=0xFFFFF78880001E38 Blink=0xFFFFF78880001E38 -- has entries
[kerneldiag] controller[3] candidate[0] @0xFFFFF78880001E38: +0x10(dest)=0xB000 +0x14(prioLo)=0x2 +0x18(prioHi)=0x3
[kerneldiag] controller[3] callback RVA = 0x4DD370 (in-module)
[kerneldiag] controller[3] callback matches an already-dumped one, skipping
[watchdog] STALL #4 (exitCount=856149 unchanged for 8s): rip=0xFFFFF803154BE7F5 rsp=0xFFFFF8031B088D80 rax=0xFFFFF803154BE7D0 rcx=0xF rdx=0xF rbx=0x0 cr3=0x1AD002 cr8(irql)=0xF(HIGH_LEVEL)
[kerneldiag] spin-wait target value at tick 4 = 0x8357DC058AFFE877
[watchdog] STALL #5 (exitCount=856149 unchanged for 10s): rip=0xFFFFF803154BE7EA rsp=0xFFFFF8031B088D80 rax=0xFFFFF803154BE7D0 rcx=0xF rdx=0xF rbx=0x0 cr3=0x1AD002 cr8(irql)=0xF(HIGH_LEVEL)
[kerneldiag] spin-wait target value at tick 5 = 0x8357DC058AFFE877
