[net] backend initialized
Detected Fixed VHD footer -- excluding it from disk geometry
Attached disk C:\VHDs\win10_installer.vhd (16777216 sectors of 512 bytes)
[cpuid] measured host TSC frequency: 1896002483 Hz
[cpuid] leaf 1 override: host EBX=0x00100800 EDX=0xBFEBFBFF -> guest EBX=0x00010800 EDX=0xAFEBFBFF
Loaded 4194304 bytes of UEFI firmware C:\Users\DELL\Downloads\RELEASEX64_OVMF.fd
Mapped UEFI firmware at 0xFFC00000-0xFFFFFFFF, entering run loop
[kd] named pipe \\.\pipe\LocalHostKD ready -- attach WinDbg with -k com:pipe,port=\\.\pipe\LocalHostKD,resets=0,reconnect (COM2, ports 0x2F8-0x2FF)
[kd-reader] outer loop #1: calling ConnectNamedPipe
[pcicfg #1] bus=0 dev=0 func=0 off=0x02 size=2 write=0 val=0x1237 cfg=present
[pcicfg #2] bus=0 dev=1 func=3 off=0x80 size=1 write=0 val=0x0 cfg=present
[pcicfg #3] bus=0 dev=1 func=3 off=0x40 size=4 write=0 val=0x0 cfg=present
[pcicfg #4] bus=0 dev=1 func=3 off=0x40 size=4 write=1 val=0xB000 cfg=present
[pcicfg #5] bus=0 dev=1 func=3 off=0x80 size=1 write=0 val=0x0 cfg=present
[pcicfg #6] bus=0 dev=1 func=3 off=0x80 size=1 write=1 val=0x1 cfg=present
[pcicfg #7] bus=0 dev=0 func=0 off=0x02 size=2 write=0 val=0x1237 cfg=present
[pcicfg #8] bus=0 dev=1 func=3 off=0x80 size=1 write=0 val=0x1 cfg=present
[pcicfg #9] bus=0 dev=1 func=3 off=0x40 size=4 write=0 val=0xB000 cfg=present
[pcicfg #10] bus=0 dev=0 func=0 off=0x02 size=2 write=0 val=0x1237 cfg=present
[pcicfg #11] bus=0 dev=1 func=3 off=0x80 size=1 write=0 val=0x1 cfg=present
[pcicfg #12] bus=0 dev=1 func=3 off=0x40 size=4 write=0 val=0xB000 cfg=present
[pcicfg #13] bus=0 dev=0 func=0 off=0x02 size=2 write=0 val=0x1237 cfg=present
[pcicfg #14] bus=0 dev=1 func=3 off=0x80 size=1 write=0 val=0x1 cfg=present
[pcicfg #15] bus=0 dev=1 func=3 off=0x40 size=4 write=0 val=0xB000 cfg=present
[pcicfg #16] bus=0 dev=0 func=0 off=0x02 size=2 write=0 val=0x1237 cfg=present
[pcicfg #17] bus=0 dev=1 func=3 off=0x80 size=1 write=0 val=0x1 cfg=present
[pcicfg #18] bus=0 dev=1 func=3 off=0x40 size=4 write=0 val=0xB000 cfg=present
[fwcfg] select #1: selector=0x0
[fwcfg] read #1: selector=0x0 offset=0 dataLen=4 stringOp=1 rep=1
[fwcfg] select #2: selector=0x1
[fwcfg] read #2: selector=0x1 offset=0 dataLen=4 stringOp=1 rep=1
[fwcfg] select #3: selector=0x19
[fwcfg] read #3: selector=0x19 offset=0 dataLen=260 stringOp=1 rep=1
[fwcfg] select #4: selector=0x19
[fwcfg] read #4: selector=0x19 offset=0 dataLen=260 stringOp=1 rep=1
[fwcfg] read #5: selector=0x19 offset=4 dataLen=260 stringOp=1 rep=1
[fwcfg] read #6: selector=0x19 offset=8 dataLen=260 stringOp=1 rep=1
[fwcfg] read #7: selector=0x19 offset=10 dataLen=260 stringOp=1 rep=1
[fwcfg] read #8: selector=0x19 offset=12 dataLen=260 stringOp=1 rep=1
[fwcfg] read #9: selector=0x19 offset=68 dataLen=260 stringOp=1 rep=1
[fwcfg] read #10: selector=0x19 offset=72 dataLen=260 stringOp=1 rep=1
[fwcfg] read #11: selector=0x19 offset=74 dataLen=260 stringOp=1 rep=1
[fwcfg] read #12: selector=0x19 offset=76 dataLen=260 stringOp=1 rep=1
[fwcfg] read #13: selector=0x19 offset=132 dataLen=260 stringOp=1 rep=1
[fwcfg] read #14: selector=0x19 offset=136 dataLen=260 stringOp=1 rep=1
[fwcfg] read #15: selector=0x19 offset=138 dataLen=260 stringOp=1 rep=1
[fwcfg] read #16: selector=0x19 offset=140 dataLen=260 stringOp=1 rep=1
[fwcfg] read #17: selector=0x19 offset=196 dataLen=260 stringOp=1 rep=1
[fwcfg] read #18: selector=0x19 offset=200 dataLen=260 stringOp=1 rep=1
[fwcfg] read #19: selector=0x19 offset=202 dataLen=260 stringOp=1 rep=1
[fwcfg] read #20: selector=0x19 offset=204 dataLen=260 stringOp=1 rep=1
[fwcfg] select #5: selector=0x19
[fwcfg] read #21: selector=0x19 offset=0 dataLen=260 stringOp=1 rep=1
[fwcfg] read #22: selector=0x19 offset=4 dataLen=260 stringOp=1 rep=1
[fwcfg] read #23: selector=0x19 offset=8 dataLen=260 stringOp=1 rep=1
[fwcfg] read #24: selector=0x19 offset=10 dataLen=260 stringOp=1 rep=1
[fwcfg] read #25: selector=0x19 offset=12 dataLen=260 stringOp=1 rep=1
[fwcfg] read #26: selector=0x19 offset=68 dataLen=260 stringOp=1 rep=1
[fwcfg] read #27: selector=0x19 offset=72 dataLen=260 stringOp=1 rep=1
[fwcfg] read #28: selector=0x19 offset=74 dataLen=260 stringOp=1 rep=1
[fwcfg] read #29: selector=0x19 offset=76 dataLen=260 stringOp=1 rep=1
[fwcfg] read #30: selector=0x19 offset=132 dataLen=260 stringOp=1 rep=1
[fwcfg] read #31: selector=0x19 offset=136 dataLen=260 stringOp=1 rep=1
[fwcfg] read #32: selector=0x19 offset=138 dataLen=260 stringOp=1 rep=1
[fwcfg] read #33: selector=0x19 offset=140 dataLen=260 stringOp=1 rep=1
[fwcfg] read #34: selector=0x19 offset=196 dataLen=260 stringOp=1 rep=1
[fwcfg] read #35: selector=0x19 offset=200 dataLen=260 stringOp=1 rep=1
[fwcfg] read #36: selector=0x19 offset=202 dataLen=260 stringOp=1 rep=1
[fwcfg] read #37: selector=0x19 offset=204 dataLen=260 stringOp=1 rep=1
[fwcfg] select #6: selector=0x19
[fwcfg] read #38: selector=0x19 offset=0 dataLen=260 stringOp=1 rep=1
[fwcfg] read #39: selector=0x19 offset=4 dataLen=260 stringOp=1 rep=1
[fwcfg] read #40: selector=0x19 offset=8 dataLen=260 stringOp=1 rep=1
[fwcfg] read #41: selector=0x19 offset=10 dataLen=260 stringOp=1 rep=1
[fwcfg] read #42: selector=0x19 offset=12 dataLen=260 stringOp=1 rep=1
[fwcfg] read #43: selector=0x19 offset=68 dataLen=260 stringOp=1 rep=1
[fwcfg] read #44: selector=0x19 offset=72 dataLen=260 stringOp=1 rep=1
[fwcfg] read #45: selector=0x19 offset=74 dataLen=260 stringOp=1 rep=1
[fwcfg] read #46: selector=0x19 offset=76 dataLen=260 stringOp=1 rep=1
[fwcfg] read #47: selector=0x19 offset=132 dataLen=260 stringOp=1 rep=1
[fwcfg] read #48: selector=0x19 offset=136 dataLen=260 stringOp=1 rep=1
[fwcfg] read #49: selector=0x19 offset=138 dataLen=260 stringOp=1 rep=1
[fwcfg] read #50: selector=0x19 offset=140 dataLen=260 stringOp=1 rep=1
[fwcfg] read #51: selector=0x19 offset=196 dataLen=260 stringOp=1 rep=1
[fwcfg] read #52: selector=0x19 offset=200 dataLen=260 stringOp=1 rep=1
[fwcfg] read #53: selector=0x19 offset=202 dataLen=260 stringOp=1 rep=1
[fwcfg] read #54: selector=0x19 offset=204 dataLen=260 stringOp=1 rep=1
[fwcfg] select #7: selector=0x19
[fwcfg] read #55: selector=0x19 offset=0 dataLen=260 stringOp=1 rep=1
[fwcfg] read #56: selector=0x19 offset=4 dataLen=260 stringOp=1 rep=1
[fwcfg] read #57: selector=0x19 offset=8 dataLen=260 stringOp=1 rep=1
[fwcfg] read #58: selector=0x19 offset=10 dataLen=260 stringOp=1 rep=1
[fwcfg] read #59: selector=0x19 offset=12 dataLen=260 stringOp=1 rep=1
[fwcfg] read #60: selector=0x19 offset=68 dataLen=260 stringOp=1 rep=1
[fwcfg] select #8: selector=0x19
[fwcfg] select #9: selector=0x19
[fwcfg] select #10: selector=0x19
[fwcfg] select #11: selector=0x0
[fwcfg] select #12: selector=0x1
[fwcfg] select #13: selector=0x19
[fwcfg] select #14: selector=0xE
[pcicfg #19] bus=0 dev=0 func=0 off=0x02 size=2 write=0 val=0x1237 cfg=present
[fwcfg] select #15: selector=0x5
[pcicfg #20] bus=0 dev=1 func=3 off=0x80 size=1 write=0 val=0x1 cfg=present
[pcicfg #21] bus=0 dev=0 func=0 off=0x02 size=2 write=0 val=0x1237 cfg=present
[pcicfg #22] bus=0 dev=1 func=3 off=0x80 size=1 write=0 val=0x1 cfg=present
[pcicfg #23] bus=0 dev=1 func=3 off=0x40 size=4 write=0 val=0xB000 cfg=present
[pcicfg #24] bus=0 dev=0 func=0 off=0x02 size=2 write=0 val=0x1237 cfg=present
[pcicfg #25] bus=0 dev=1 func=3 off=0x80 size=1 write=0 val=0x1 cfg=present
[pcicfg #26] bus=0 dev=1 func=3 off=0x40 size=4 write=0 val=0xB000 cfg=present
[pcicfg #27] bus=0 dev=0 func=0 off=0x02 size=2 write=0 val=0x1237 cfg=present
[pcicfg #28] bus=0 dev=1 func=3 off=0x80 size=1 write=0 val=0x1 cfg=present
[pcicfg #29] bus=0 dev=1 func=3 off=0x40 size=4 write=0 val=0xB000 cfg=present
[pcicfg #30] bus=0 dev=0 func=0 off=0x02 size=2 write=0 val=0x1237 cfg=present
[pcicfg #31] bus=0 dev=1 func=3 off=0x80 size=1 write=0 val=0x1 cfg=present
[pcicfg #32] bus=0 dev=1 func=3 off=0x40 size=4 write=0 val=0xB000 cfg=present
[pcicfg #33] bus=0 dev=0 func=0 off=0x02 size=2 write=0 val=0x1237 cfg=present
[pcicfg #34] bus=0 dev=1 func=3 off=0x80 size=1 write=0 val=0x1 cfg=present
[pcicfg #35] bus=0 dev=1 func=3 off=0x40 size=4 write=0 val=0xB000 cfg=present
[pcicfg #36] bus=0 dev=1 func=3 off=0x40 size=4 write=0 val=0xB000 cfg=present
[pcicfg #37] bus=0 dev=1 func=3 off=0x40 size=4 write=0 val=0xB000 cfg=present
[pcicfg #38] bus=0 dev=1 func=3 off=0x40 size=4 write=0 val=0xB000 cfg=present
[pcicfg #39] bus=0 dev=1 func=3 off=0x40 size=4 write=0 val=0xB000 cfg=present
[pcicfg #40] bus=0 dev=1 func=3 off=0x40 size=4 write=0 val=0xB000 cfg=present
[pcicfg #41] bus=0 dev=1 func=3 off=0x40 size=4 write=0 val=0xB000 cfg=present
[heartbeat: exitCount=5000 elapsedSec=0.0 lastPort=0xB008 write=0 val=0x2]
[pcicfg #42] bus=0 dev=1 func=3 off=0x40 size=4 write=0 val=0xB000 cfg=present
[pcicfg #43] bus=0 dev=1 func=3 off=0x40 size=4 write=0 val=0xB000 cfg=present
[pcicfg #44] bus=0 dev=1 func=3 off=0x40 size=4 write=0 val=0xB000 cfg=present
[pcicfg #45] bus=0 dev=1 func=3 off=0x40 size=4 write=0 val=0xB000 cfg=present
[pcicfg #46] bus=0 dev=1 func=3 off=0x40 size=4 write=0 val=0xB000 cfg=present
[pcicfg #47] bus=0 dev=1 func=3 off=0x40 size=4 write=0 val=0xB000 cfg=present
[pcicfg #48] bus=0 dev=1 func=3 off=0x40 size=4 write=0 val=0xB000 cfg=present
[pcicfg #49] bus=0 dev=1 func=3 off=0x40 size=4 write=0 val=0xB000 cfg=present
[fwcfg] select #16: selector=0x23
[ramfb] configured: address=0xBE500000 800x600 stride=3200
[pcicfg #50] bus=0 dev=1 func=3 off=0x40 size=4 write=0 val=0xB000 cfg=present
[pcicfg #51] bus=0 dev=1 func=3 off=0x40 size=4 write=0 val=0xB000 cfg=present
[cmos-ab] write reg=0x0A value=0x26 (RegA=0x26 RegB=0x06, PIE=0)
[cmos-ab] write reg=0x0B value=0x02 (RegA=0x26 RegB=0x02, PIE=0)
[cmos-ab] write reg=0x0B value=0x82 (RegA=0x26 RegB=0x82, PIE=0)
[cmos-ab] write reg=0x0A value=0x76 (RegA=0x76 RegB=0x82, PIE=0)
[cmos-ab] write reg=0x0B value=0x02 (RegA=0x76 RegB=0x02, PIE=0)
[cmos-ab] write reg=0x0A value=0x26 (RegA=0x26 RegB=0x02, PIE=0)
[pcicfg #52] bus=0 dev=1 func=3 off=0x40 size=4 write=0 val=0xB000 cfg=present
[fwcfg] select #17: selector=0x17
[fwcfg] select #18: selector=0x8
[fwcfg] select #19: selector=0xB
[fwcfg] select #20: selector=0x14
[pcicfg #53] bus=0 dev=1 func=3 off=0x40 size=4 write=0 val=0xB000 cfg=present
[pcicfg #54] bus=0 dev=1 func=3 off=0x40 size=4 write=0 val=0xB000 cfg=present
[pcicfg #55] bus=0 dev=1 func=3 off=0x40 size=4 write=0 val=0xB000 cfg=present
[pcicfg #56] bus=0 dev=1 func=3 off=0x40 size=4 write=0 val=0xB000 cfg=present
[pcicfg #57] bus=0 dev=1 func=3 off=0x40 size=4 write=0 val=0xB000 cfg=present
[pcicfg #58] bus=0 dev=1 func=3 off=0x40 size=4 write=0 val=0xB000 cfg=present
[pcicfg #59] bus=0 dev=1 func=3 off=0x40 size=4 write=0 val=0xB000 cfg=present
[pcicfg #60] bus=0 dev=0 func=0 off=0x00 size=4 write=0 val=0x12378086 cfg=present
[pcicfg #61] bus=0 dev=0 func=0 off=0x00 size=4 write=0 val=0x12378086 cfg=present
[pcicfg #62] bus=0 dev=0 func=0 off=0x04 size=4 write=0 val=0x0 cfg=present
[pcicfg #63] bus=0 dev=0 func=0 off=0x08 size=4 write=0 val=0x6000002 cfg=present
[pcicfg #64] bus=0 dev=0 func=0 off=0x0C size=4 write=0 val=0x0 cfg=present
[pcicfg #65] bus=0 dev=0 func=0 off=0x10 size=4 write=0 val=0x0 cfg=present
[pcicfg #66] bus=0 dev=0 func=0 off=0x14 size=4 write=0 val=0x0 cfg=present
[pcicfg #67] bus=0 dev=0 func=0 off=0x18 size=4 write=0 val=0x0 cfg=present
[pcicfg #68] bus=0 dev=0 func=0 off=0x1C size=4 write=0 val=0x0 cfg=present
[pcicfg #69] bus=0 dev=0 func=0 off=0x20 size=4 write=0 val=0x0 cfg=present
[pcicfg #70] bus=0 dev=0 func=0 off=0x24 size=4 write=0 val=0x0 cfg=present
[pcicfg #71] bus=0 dev=0 func=0 off=0x28 size=4 write=0 val=0x0 cfg=present
[pcicfg #72] bus=0 dev=0 func=0 off=0x2C size=4 write=0 val=0x0 cfg=present
[pcicfg #73] bus=0 dev=0 func=0 off=0x30 size=4 write=0 val=0x0 cfg=present
[pcicfg #74] bus=0 dev=0 func=0 off=0x34 size=4 write=0 val=0x0 cfg=present
[pcicfg #75] bus=0 dev=0 func=0 off=0x38 size=4 write=0 val=0x0 cfg=present
[pcicfg #76] bus=0 dev=0 func=0 off=0x3C size=4 write=0 val=0x0 cfg=present
[pcicfg #77] bus=0 dev=1 func=0 off=0x00 size=4 write=0 val=0x70008086 cfg=present
[pcicfg #78] bus=0 dev=1 func=0 off=0x00 size=4 write=0 val=0x70008086 cfg=present
[pcicfg #79] bus=0 dev=1 func=0 off=0x04 size=4 write=0 val=0x0 cfg=present
[pcicfg #80] bus=0 dev=1 func=0 off=0x08 size=4 write=0 val=0x6010000 cfg=present
[pcicfg #81] bus=0 dev=1 func=0 off=0x0C size=4 write=0 val=0x800000 cfg=present
[pcicfg #82] bus=0 dev=1 func=0 off=0x10 size=4 write=0 val=0x0 cfg=present
[pcicfg #83] bus=0 dev=1 func=0 off=0x14 size=4 write=0 val=0x0 cfg=present
[pcicfg #84] bus=0 dev=1 func=0 off=0x18 size=4 write=0 val=0x0 cfg=present
[pcicfg #85] bus=0 dev=1 func=0 off=0x1C size=4 write=0 val=0x0 cfg=present
[pcicfg #86] bus=0 dev=1 func=0 off=0x20 size=4 write=0 val=0x0 cfg=present
[pcicfg #87] bus=0 dev=1 func=0 off=0x24 size=4 write=0 val=0x0 cfg=present
[pcicfg #88] bus=0 dev=1 func=0 off=0x28 size=4 write=0 val=0x0 cfg=present
[pcicfg #89] bus=0 dev=1 func=0 off=0x2C size=4 write=0 val=0x0 cfg=present
[pcicfg #90] bus=0 dev=1 func=0 off=0x30 size=4 write=0 val=0x0 cfg=present
[pcicfg #91] bus=0 dev=1 func=0 off=0x34 size=4 write=0 val=0x0 cfg=present
[pcicfg #92] bus=0 dev=1 func=0 off=0x38 size=4 write=0 val=0x0 cfg=present
[pcicfg #93] bus=0 dev=1 func=0 off=0x3C size=4 write=0 val=0x0 cfg=present
[pcicfg #94] bus=0 dev=1 func=1 off=0x00 size=4 write=0 val=0xFFFFFFFF cfg=absent
[pcicfg #95] bus=0 dev=1 func=2 off=0x00 size=4 write=0 val=0xFFFFFFFF cfg=absent
[pcicfg #96] bus=0 dev=1 func=3 off=0x00 size=4 write=0 val=0x71138086 cfg=present
[pcicfg #97] bus=0 dev=1 func=3 off=0x00 size=4 write=0 val=0x71138086 cfg=present
[pcicfg #98] bus=0 dev=1 func=3 off=0x04 size=4 write=0 val=0x0 cfg=present
[pcicfg #99] bus=0 dev=1 func=3 off=0x08 size=4 write=0 val=0x6800000 cfg=present
[pcicfg #100] bus=0 dev=1 func=3 off=0x0C size=4 write=0 val=0x0 cfg=present
[pcicfg #101] bus=0 dev=1 func=3 off=0x10 size=4 write=0 val=0x0 cfg=present
[pcicfg #102] bus=0 dev=1 func=3 off=0x14 size=4 write=0 val=0x0 cfg=present
[pcicfg #103] bus=0 dev=1 func=3 off=0x18 size=4 write=0 val=0x0 cfg=present
[pcicfg #104] bus=0 dev=1 func=3 off=0x1C size=4 write=0 val=0x0 cfg=present
[pcicfg #105] bus=0 dev=1 func=3 off=0x20 size=4 write=0 val=0x0 cfg=present
[pcicfg #106] bus=0 dev=1 func=3 off=0x24 size=4 write=0 val=0x0 cfg=present
[pcicfg #107] bus=0 dev=1 func=3 off=0x28 size=4 write=0 val=0x0 cfg=present
[pcicfg #108] bus=0 dev=1 func=3 off=0x2C size=4 write=0 val=0x0 cfg=present
[pcicfg #109] bus=0 dev=1 func=3 off=0x30 size=4 write=0 val=0x0 cfg=present
[pcicfg #110] bus=0 dev=1 func=3 off=0x34 size=4 write=0 val=0x0 cfg=present
[pcicfg #111] bus=0 dev=1 func=3 off=0x38 size=4 write=0 val=0x0 cfg=present
[pcicfg #112] bus=0 dev=1 func=3 off=0x3C size=4 write=0 val=0x0 cfg=present
[pcicfg #113] bus=0 dev=1 func=4 off=0x00 size=4 write=0 val=0xFFFFFFFF cfg=absent
[pcicfg #114] bus=0 dev=1 func=5 off=0x00 size=4 write=0 val=0xFFFFFFFF cfg=absent
[pcicfg #115] bus=0 dev=1 func=6 off=0x00 size=4 write=0 val=0xFFFFFFFF cfg=absent
[pcicfg #116] bus=0 dev=1 func=7 off=0x00 size=4 write=0 val=0xFFFFFFFF cfg=absent
[pcicfg #117] bus=0 dev=2 func=0 off=0x00 size=4 write=0 val=0x29228086 cfg=present
[pcicfg #118] bus=0 dev=2 func=0 off=0x00 size=4 write=0 val=0x29228086 cfg=present
[pcicfg #119] bus=0 dev=2 func=0 off=0x04 size=4 write=0 val=0x0 cfg=present
[pcicfg #120] bus=0 dev=2 func=0 off=0x08 size=4 write=0 val=0x1060102 cfg=present
[pcicfg #121] bus=0 dev=2 func=0 off=0x0C size=4 write=0 val=0x0 cfg=present
[pcicfg #122] bus=0 dev=2 func=0 off=0x10 size=4 write=0 val=0x0 cfg=present
[pcicfg #123] bus=0 dev=2 func=0 off=0x14 size=4 write=0 val=0x0 cfg=present
[pcicfg #124] bus=0 dev=2 func=0 off=0x18 size=4 write=0 val=0x0 cfg=present
[pcicfg #125] bus=0 dev=2 func=0 off=0x1C size=4 write=0 val=0x0 cfg=present
[pcicfg #126] bus=0 dev=2 func=0 off=0x20 size=4 write=0 val=0x0 cfg=present
[pcicfg #127] bus=0 dev=2 func=0 off=0x24 size=4 write=0 val=0x0 cfg=present
[pcicfg #128] bus=0 dev=2 func=0 off=0x28 size=4 write=0 val=0x0 cfg=present
[pcicfg #129] bus=0 dev=2 func=0 off=0x2C size=4 write=0 val=0x0 cfg=present
[pcicfg #130] bus=0 dev=2 func=0 off=0x30 size=4 write=0 val=0x0 cfg=present
[pcicfg #131] bus=0 dev=2 func=0 off=0x34 size=4 write=0 val=0x0 cfg=present
[pcicfg #132] bus=0 dev=2 func=0 off=0x38 size=4 write=0 val=0x0 cfg=present
[pcicfg #133] bus=0 dev=2 func=0 off=0x3C size=4 write=0 val=0x0 cfg=present
[pcicfg #134] bus=0 dev=3 func=0 off=0x00 size=4 write=0 val=0x813910EC cfg=present
[pcicfg #135] bus=0 dev=3 func=0 off=0x00 size=4 write=0 val=0x813910EC cfg=present
[pcicfg #136] bus=0 dev=3 func=0 off=0x04 size=4 write=0 val=0x0 cfg=present
[pcicfg #137] bus=0 dev=3 func=0 off=0x08 size=4 write=0 val=0x2000010 cfg=present
[pcicfg #138] bus=0 dev=3 func=0 off=0x0C size=4 write=0 val=0x0 cfg=present
[pcicfg #139] bus=0 dev=3 func=0 off=0x10 size=4 write=0 val=0x0 cfg=present
[pcicfg #140] bus=0 dev=3 func=0 off=0x14 size=4 write=0 val=0x0 cfg=present
[pcicfg #141] bus=0 dev=3 func=0 off=0x18 size=4 write=0 val=0x0 cfg=present
[pcicfg #142] bus=0 dev=3 func=0 off=0x1C size=4 write=0 val=0x0 cfg=present
[pcicfg #143] bus=0 dev=3 func=0 off=0x20 size=4 write=0 val=0x0 cfg=present
[pcicfg #144] bus=0 dev=3 func=0 off=0x24 size=4 write=0 val=0x0 cfg=present
[pcicfg #145] bus=0 dev=3 func=0 off=0x28 size=4 write=0 val=0x0 cfg=present
[pcicfg #146] bus=0 dev=3 func=0 off=0x2C size=4 write=0 val=0x0 cfg=present
[pcicfg #147] bus=0 dev=3 func=0 off=0x30 size=4 write=0 val=0x0 cfg=present
[pcicfg #148] bus=0 dev=3 func=0 off=0x34 size=4 write=0 val=0x0 cfg=present
[pcicfg #149] bus=0 dev=3 func=0 off=0x38 size=4 write=0 val=0x0 cfg=present
[pcicfg #150] bus=0 dev=3 func=0 off=0x3C size=4 write=0 val=0x100 cfg=present
[pcicfg #151] bus=0 dev=4 func=0 off=0x00 size=4 write=0 val=0xFFFFFFFF cfg=absent
[pcicfg #152] bus=0 dev=5 func=0 off=0x00 size=4 write=0 val=0xFFFFFFFF cfg=absent
[pcicfg #153] bus=0 dev=6 func=0 off=0x00 size=4 write=0 val=0xFFFFFFFF cfg=absent
[pcicfg #154] bus=0 dev=7 func=0 off=0x00 size=4 write=0 val=0xFFFFFFFF cfg=absent
[pcicfg #155] bus=0 dev=8 func=0 off=0x00 size=4 write=0 val=0xFFFFFFFF cfg=absent
[pcicfg #156] bus=0 dev=9 func=0 off=0x00 size=4 write=0 val=0xFFFFFFFF cfg=absent
[pcicfg #157] bus=0 dev=10 func=0 off=0x00 size=4 write=0 val=0xFFFFFFFF cfg=absent
[pcicfg #158] bus=0 dev=11 func=0 off=0x00 size=4 write=0 val=0xFFFFFFFF cfg=absent
[pcicfg #159] bus=0 dev=12 func=0 off=0x00 size=4 write=0 val=0xFFFFFFFF cfg=absent
[pcicfg #160] bus=0 dev=13 func=0 off=0x00 size=4 write=0 val=0xFFFFFFFF cfg=absent
[pcicfg #161] bus=0 dev=14 func=0 off=0x00 size=4 write=0 val=0xFFFFFFFF cfg=absent
[pcicfg #162] bus=0 dev=15 func=0 off=0x00 size=4 write=0 val=0xFFFFFFFF cfg=absent
[pcicfg #163] bus=0 dev=16 func=0 off=0x00 size=4 write=0 val=0xFFFFFFFF cfg=absent
[pcicfg #164] bus=0 dev=17 func=0 off=0x00 size=4 write=0 val=0xFFFFFFFF cfg=absent
[pcicfg #165] bus=0 dev=18 func=0 off=0x00 size=4 write=0 val=0xFFFFFFFF cfg=absent
[pcicfg #166] bus=0 dev=19 func=0 off=0x00 size=4 write=0 val=0xFFFFFFFF cfg=absent
[pcicfg #167] bus=0 dev=20 func=0 off=0x00 size=4 write=0 val=0xFFFFFFFF cfg=absent
[pcicfg #168] bus=0 dev=21 func=0 off=0x00 size=4 write=0 val=0xFFFFFFFF cfg=absent
[pcicfg #169] bus=0 dev=22 func=0 off=0x00 size=4 write=0 val=0xFFFFFFFF cfg=absent
[pcicfg #170] bus=0 dev=23 func=0 off=0x00 size=4 write=0 val=0xFFFFFFFF cfg=absent
[pcicfg #171] bus=0 dev=24 func=0 off=0x00 size=4 write=0 val=0xFFFFFFFF cfg=absent
[pcicfg #172] bus=0 dev=25 func=0 off=0x00 size=4 write=0 val=0xFFFFFFFF cfg=absent
[pcicfg #173] bus=0 dev=26 func=0 off=0x00 size=4 write=0 val=0xFFFFFFFF cfg=absent
[pcicfg #174] bus=0 dev=27 func=0 off=0x00 size=4 write=0 val=0xFFFFFFFF cfg=absent
[pcicfg #175] bus=0 dev=28 func=0 off=0x00 size=4 write=0 val=0xFFFFFFFF cfg=absent
[pcicfg #176] bus=0 dev=29 func=0 off=0x00 size=4 write=0 val=0xFFFFFFFF cfg=absent
[pcicfg #177] bus=0 dev=30 func=0 off=0x00 size=4 write=0 val=0xFFFFFFFF cfg=absent
[pcicfg #178] bus=0 dev=31 func=0 off=0x00 size=4 write=0 val=0xFFFFFFFF cfg=absent
[pcicfg #179] bus=0 dev=0 func=0 off=0x00 size=4 write=0 val=0x12378086 cfg=present
[pcicfg #180] bus=0 dev=0 func=0 off=0x00 size=4 write=0 val=0x12378086 cfg=present
[pcicfg #181] bus=0 dev=0 func=0 off=0x04 size=4 write=0 val=0x0 cfg=present
[pcicfg #182] bus=0 dev=0 func=0 off=0x08 size=4 write=0 val=0x6000002 cfg=present
[pcicfg #183] bus=0 dev=0 func=0 off=0x0C size=4 write=0 val=0x0 cfg=present
[pcicfg #184] bus=0 dev=0 func=0 off=0x10 size=4 write=0 val=0x0 cfg=present
[pcicfg #185] bus=0 dev=0 func=0 off=0x14 size=4 write=0 val=0x0 cfg=present
[pcicfg #186] bus=0 dev=0 func=0 off=0x18 size=4 write=0 val=0x0 cfg=present
[pcicfg #187] bus=0 dev=0 func=0 off=0x1C size=4 write=0 val=0x0 cfg=present
[pcicfg #188] bus=0 dev=0 func=0 off=0x20 size=4 write=0 val=0x0 cfg=present
[pcicfg #189] bus=0 dev=0 func=0 off=0x24 size=4 write=0 val=0x0 cfg=present
[pcicfg #190] bus=0 dev=0 func=0 off=0x28 size=4 write=0 val=0x0 cfg=present
[pcicfg #191] bus=0 dev=0 func=0 off=0x2C size=4 write=0 val=0x0 cfg=present
[pcicfg #192] bus=0 dev=0 func=0 off=0x30 size=4 write=0 val=0x0 cfg=present
[pcicfg #193] bus=0 dev=0 func=0 off=0x34 size=4 write=0 val=0x0 cfg=present
[pcicfg #194] bus=0 dev=0 func=0 off=0x38 size=4 write=0 val=0x0 cfg=present
[pcicfg #195] bus=0 dev=0 func=0 off=0x3C size=4 write=0 val=0x0 cfg=present
[pcicfg #196] bus=0 dev=0 func=0 off=0x04 size=2 write=0 val=0x0 cfg=present
[pcicfg #197] bus=0 dev=0 func=0 off=0x04 size=2 write=1 val=0x0 cfg=present
[pcicfg #198] bus=0 dev=0 func=0 off=0x10 size=4 write=0 val=0x0 cfg=present
[pcicfg #199] bus=0 dev=0 func=0 off=0x10 size=4 write=1 val=0xFFFFFFFF cfg=present
[pcicfg #200] bus=0 dev=0 func=0 off=0x10 size=4 write=0 val=0x0 cfg=present
[pcicfg #201] bus=0 dev=0 func=0 off=0x10 size=4 write=1 val=0x0 cfg=present
[pcicfg #202] bus=0 dev=0 func=0 off=0x14 size=4 write=0 val=0x0 cfg=present
[pcicfg #203] bus=0 dev=0 func=0 off=0x14 size=4 write=1 val=0xFFFFFFFF cfg=present
[pcicfg #204] bus=0 dev=0 func=0 off=0x14 size=4 write=0 val=0x0 cfg=present
[pcicfg #205] bus=0 dev=0 func=0 off=0x14 size=4 write=1 val=0x0 cfg=present
[pcicfg #206] bus=0 dev=0 func=0 off=0x18 size=4 write=0 val=0x0 cfg=present
[pcicfg #207] bus=0 dev=0 func=0 off=0x18 size=4 write=1 val=0xFFFFFFFF cfg=present
[pcicfg #208] bus=0 dev=0 func=0 off=0x18 size=4 write=0 val=0x0 cfg=present
[pcicfg #209] bus=0 dev=0 func=0 off=0x18 size=4 write=1 val=0x0 cfg=present
[pcicfg #210] bus=0 dev=0 func=0 off=0x1C size=4 write=0 val=0x0 cfg=present
[pcicfg #211] bus=0 dev=0 func=0 off=0x1C size=4 write=1 val=0xFFFFFFFF cfg=present
[pcicfg #212] bus=0 dev=0 func=0 off=0x1C size=4 write=0 val=0x0 cfg=present
[pcicfg #213] bus=0 dev=0 func=0 off=0x1C size=4 write=1 val=0x0 cfg=present
[pcicfg #214] bus=0 dev=0 func=0 off=0x20 size=4 write=0 val=0x0 cfg=present
[pcicfg #215] bus=0 dev=0 func=0 off=0x20 size=4 write=1 val=0xFFFFFFFF cfg=present
[pcicfg #216] bus=0 dev=0 func=0 off=0x20 size=4 write=0 val=0x0 cfg=present
[pcicfg #217] bus=0 dev=0 func=0 off=0x20 size=4 write=1 val=0x0 cfg=present
[pcicfg #218] bus=0 dev=0 func=0 off=0x24 size=4 write=0 val=0x0 cfg=present
[pcicfg #219] bus=0 dev=0 func=0 off=0x24 size=4 write=1 val=0xFFFFFFFF cfg=present
[pcicfg #220] bus=0 dev=0 func=0 off=0x24 size=4 write=0 val=0x0 cfg=present
[pcicfg #221] bus=0 dev=0 func=0 off=0x24 size=4 write=1 val=0x0 cfg=present
[pcicfg #222] bus=0 dev=0 func=0 off=0x30 size=4 write=1 val=0xFFFFFFFE cfg=present
[pcicfg #223] bus=0 dev=0 func=0 off=0x30 size=4 write=0 val=0x0 cfg=present
[pcicfg #224] bus=0 dev=1 func=0 off=0x00 size=4 write=0 val=0x70008086 cfg=present
[pcicfg #225] bus=0 dev=1 func=0 off=0x00 size=4 write=0 val=0x70008086 cfg=present
[pcicfg #226] bus=0 dev=1 func=0 off=0x04 size=4 write=0 val=0x0 cfg=present
[pcicfg #227] bus=0 dev=1 func=0 off=0x08 size=4 write=0 val=0x6010000 cfg=present
[pcicfg #228] bus=0 dev=1 func=0 off=0x0C size=4 write=0 val=0x800000 cfg=present
[pcicfg #229] bus=0 dev=1 func=0 off=0x10 size=4 write=0 val=0x0 cfg=present
[pcicfg #230] bus=0 dev=1 func=0 off=0x14 size=4 write=0 val=0x0 cfg=present
[pcicfg #231] bus=0 dev=1 func=0 off=0x18 size=4 write=0 val=0x0 cfg=present
[pcicfg #232] bus=0 dev=1 func=0 off=0x1C size=4 write=0 val=0x0 cfg=present
[pcicfg #233] bus=0 dev=1 func=0 off=0x20 size=4 write=0 val=0x0 cfg=present
[pcicfg #234] bus=0 dev=1 func=0 off=0x24 size=4 write=0 val=0x0 cfg=present
[pcicfg #235] bus=0 dev=1 func=0 off=0x28 size=4 write=0 val=0x0 cfg=present
[pcicfg #236] bus=0 dev=1 func=0 off=0x2C size=4 write=0 val=0x0 cfg=present
[pcicfg #237] bus=0 dev=1 func=0 off=0x30 size=4 write=0 val=0x0 cfg=present
[pcicfg #238] bus=0 dev=1 func=0 off=0x34 size=4 write=0 val=0x0 cfg=present
[pcicfg #239] bus=0 dev=1 func=0 off=0x38 size=4 write=0 val=0x0 cfg=present
[pcicfg #240] bus=0 dev=1 func=0 off=0x3C size=4 write=0 val=0x0 cfg=present
[pcicfg #241] bus=0 dev=1 func=0 off=0x04 size=2 write=0 val=0x0 cfg=present
[pcicfg #242] bus=0 dev=1 func=0 off=0x04 size=2 write=1 val=0x0 cfg=present
[pcicfg #243] bus=0 dev=1 func=0 off=0x10 size=4 write=0 val=0x0 cfg=present
[pcicfg #244] bus=0 dev=1 func=0 off=0x10 size=4 write=1 val=0xFFFFFFFF cfg=present
[pcicfg #245] bus=0 dev=1 func=0 off=0x10 size=4 write=0 val=0x0 cfg=present
[pcicfg #246] bus=0 dev=1 func=0 off=0x10 size=4 write=1 val=0x0 cfg=present
[pcicfg #247] bus=0 dev=1 func=0 off=0x14 size=4 write=0 val=0x0 cfg=present
[pcicfg #248] bus=0 dev=1 func=0 off=0x14 size=4 write=1 val=0xFFFFFFFF cfg=present
[pcicfg #249] bus=0 dev=1 func=0 off=0x14 size=4 write=0 val=0x0 cfg=present
[pcicfg #250] bus=0 dev=1 func=0 off=0x14 size=4 write=1 val=0x0 cfg=present
[pcicfg #251] bus=0 dev=1 func=0 off=0x18 size=4 write=0 val=0x0 cfg=present
[pcicfg #252] bus=0 dev=1 func=0 off=0x18 size=4 write=1 val=0xFFFFFFFF cfg=present
[pcicfg #253] bus=0 dev=1 func=0 off=0x18 size=4 write=0 val=0x0 cfg=present
[pcicfg #254] bus=0 dev=1 func=0 off=0x18 size=4 write=1 val=0x0 cfg=present
[pcicfg #255] bus=0 dev=1 func=0 off=0x1C size=4 write=0 val=0x0 cfg=present
[pcicfg #256] bus=0 dev=1 func=0 off=0x1C size=4 write=1 val=0xFFFFFFFF cfg=present
[pcicfg #257] bus=0 dev=1 func=0 off=0x1C size=4 write=0 val=0x0 cfg=present
[pcicfg #258] bus=0 dev=1 func=0 off=0x1C size=4 write=1 val=0x0 cfg=present
[pcicfg #259] bus=0 dev=1 func=0 off=0x20 size=4 write=0 val=0x0 cfg=present
[pcicfg #260] bus=0 dev=1 func=0 off=0x20 size=4 write=1 val=0xFFFFFFFF cfg=present
[pcicfg #261] bus=0 dev=1 func=0 off=0x20 size=4 write=0 val=0x0 cfg=present
[pcicfg #262] bus=0 dev=1 func=0 off=0x20 size=4 write=1 val=0x0 cfg=present
[pcicfg #263] bus=0 dev=1 func=0 off=0x24 size=4 write=0 val=0x0 cfg=present
[pcicfg #264] bus=0 dev=1 func=0 off=0x24 size=4 write=1 val=0xFFFFFFFF cfg=present
[pcicfg #265] bus=0 dev=1 func=0 off=0x24 size=4 write=0 val=0x0 cfg=present
[pcicfg #266] bus=0 dev=1 func=0 off=0x24 size=4 write=1 val=0x0 cfg=present
[pcicfg #267] bus=0 dev=1 func=0 off=0x30 size=4 write=1 val=0xFFFFFFFE cfg=present
[pcicfg #268] bus=0 dev=1 func=0 off=0x30 size=4 write=0 val=0x0 cfg=present
[pcicfg #269] bus=0 dev=1 func=1 off=0x00 size=4 write=0 val=0xFFFFFFFF cfg=absent
[pcicfg #270] bus=0 dev=1 func=2 off=0x00 size=4 write=0 val=0xFFFFFFFF cfg=absent
[pcicfg #271] bus=0 dev=1 func=3 off=0x00 size=4 write=0 val=0x71138086 cfg=present
[pcicfg #272] bus=0 dev=1 func=3 off=0x00 size=4 write=0 val=0x71138086 cfg=present
[pcicfg #273] bus=0 dev=1 func=3 off=0x04 size=4 write=0 val=0x0 cfg=present
[pcicfg #274] bus=0 dev=1 func=3 off=0x08 size=4 write=0 val=0x6800000 cfg=present
[pcicfg #275] bus=0 dev=1 func=3 off=0x0C size=4 write=0 val=0x0 cfg=present
[pcicfg #276] bus=0 dev=1 func=3 off=0x10 size=4 write=0 val=0x0 cfg=present
[pcicfg #277] bus=0 dev=1 func=3 off=0x14 size=4 write=0 val=0x0 cfg=present
[pcicfg #278] bus=0 dev=1 func=3 off=0x18 size=4 write=0 val=0x0 cfg=present
[pcicfg #279] bus=0 dev=1 func=3 off=0x1C size=4 write=0 val=0x0 cfg=present
[pcicfg #280] bus=0 dev=1 func=3 off=0x20 size=4 write=0 val=0x0 cfg=present
[pcicfg #281] bus=0 dev=1 func=3 off=0x24 size=4 write=0 val=0x0 cfg=present
[pcicfg #282] bus=0 dev=1 func=3 off=0x28 size=4 write=0 val=0x0 cfg=present
[pcicfg #283] bus=0 dev=1 func=3 off=0x2C size=4 write=0 val=0x0 cfg=present
[pcicfg #284] bus=0 dev=1 func=3 off=0x30 size=4 write=0 val=0x0 cfg=present
[pcicfg #285] bus=0 dev=1 func=3 off=0x34 size=4 write=0 val=0x0 cfg=present
[pcicfg #286] bus=0 dev=1 func=3 off=0x38 size=4 write=0 val=0x0 cfg=present
[pcicfg #287] bus=0 dev=1 func=3 off=0x3C size=4 write=0 val=0x0 cfg=present
[pcicfg #288] bus=0 dev=1 func=3 off=0x04 size=2 write=0 val=0x0 cfg=present
[pcicfg #289] bus=0 dev=1 func=3 off=0x04 size=2 write=1 val=0x0 cfg=present
[pcicfg #290] bus=0 dev=1 func=3 off=0x10 size=4 write=0 val=0x0 cfg=present
[pcicfg #291] bus=0 dev=1 func=3 off=0x10 size=4 write=1 val=0xFFFFFFFF cfg=present
[pcicfg #292] bus=0 dev=1 func=3 off=0x10 size=4 write=0 val=0x0 cfg=present
[pcicfg #293] bus=0 dev=1 func=3 off=0x10 size=4 write=1 val=0x0 cfg=present
[pcicfg #294] bus=0 dev=1 func=3 off=0x14 size=4 write=0 val=0x0 cfg=present
[pcicfg #295] bus=0 dev=1 func=3 off=0x14 size=4 write=1 val=0xFFFFFFFF cfg=present
[pcicfg #296] bus=0 dev=1 func=3 off=0x14 size=4 write=0 val=0x0 cfg=present
[pcicfg #297] bus=0 dev=1 func=3 off=0x14 size=4 write=1 val=0x0 cfg=present
[pcicfg #298] bus=0 dev=1 func=3 off=0x18 size=4 write=0 val=0x0 cfg=present
[pcicfg #299] bus=0 dev=1 func=3 off=0x18 size=4 write=1 val=0xFFFFFFFF cfg=present
[pcicfg #300] bus=0 dev=1 func=3 off=0x18 size=4 write=0 val=0x0 cfg=present
[heartbeat: exitCount=10000 elapsedSec=0.3 lastPort=0xCF8 write=1 val=0x89]
[rtl8139] I/O BAR mapped at 0xC000
[ahci] ABAR mapped at 0xC0000000 (WHvMapGpaRange hr=0x0 OK)
[fwcfg] select #21: selector=0x22
[acpi] acpiBuildTables() firing -- pmBase=0xB000
[fwcfg] select #22: selector=0x20
[fwcfg] select #23: selector=0x21
[2J[001;001H[=3h[2J[001;001H[2J[001;001H[8;056;240t[2J[001;001H[uart2] #1 port=0x2FF write=0 val=0x0
[uart2] #2 port=0x2FF write=1 val=0xAA
[uart2] #3 port=0x2FF write=0 val=0x0
[uart2] #4 port=0x2FF write=1 val=0x55
[uart2] #5 port=0x2FF write=0 val=0x0
[uart2] #6 port=0x2FF write=1 val=0x0
[uart2] #7 port=0x2FD write=0 val=0x0
[uart2] #8 port=0x2FB write=0 val=0x0
[uart2] #9 port=0x2FB write=1 val=0x0
[uart2] #10 port=0x2F9 write=0 val=0x0
[uart2] #11 port=0x2F9 write=1 val=0x0
[uart2] #12 port=0x2FA write=1 val=0x0
[uart2] #13 port=0x2FC write=0 val=0x0
[uart2] #14 port=0x2FC write=1 val=0x0
[uart2] #15 port=0x2FF write=1 val=0x0
[uart2] #16 port=0x2FA write=1 val=0x7
[uart2] #17 port=0x2FD write=0 val=0x0
[uart2] #18 port=0x2FB write=0 val=0x0
[uart2] #19 port=0x2FB write=1 val=0x80
[uart2] #20 port=0x2F8 write=1 val=0x1
[uart2] #21 port=0x2F9 write=1 val=0x0
[uart2] #22 port=0x2FB write=1 val=0x3
[uart2] #23 port=0x2FD write=0 val=0x0
[uart2] #24 port=0x2FC write=0 val=0x0
[uart2] #25 port=0x2FC write=1 val=0x0
[uart2] #26 port=0x2FD write=0 val=0x0
[uart2] #27 port=0x2FB write=0 val=0x0
[uart2] #28 port=0x2FB write=1 val=0x83
[uart2] #29 port=0x2F8 write=1 val=0x1
[uart2] #30 port=0x2F9 write=1 val=0x0
[uart2] #31 port=0x2FB write=1 val=0x3
[uart2] #32 port=0x2FD write=0 val=0x0
[uart2] #33 port=0x2F8 write=1 val=0x1B
[uart2] #34 port=0x2FD write=0 val=0x0
[uart2] #35 port=0x2F8 write=1 val=0x5B
[uart2] #36 port=0x2FD write=0 val=0x0
[uart2] #37 port=0x2F8 write=1 val=0x32
[uart2] #38 port=0x2FD write=0 val=0x0
[uart2] #39 port=0x2F8 write=1 val=0x4A
[uart2] #40 port=0x2FD write=0 val=0x0
[2J[001;001H[=3h[2J[001;001H[2J[001;001H[8;031;100t[2J[001;001H[heartbeat: exitCount=15000 elapsedSec=0.4 lastPort=0x64 write=0 val=0x20]
[heartbeat: exitCount=20000 elapsedSec=0.5 lastPort=0xB008 write=0 val=0x20]
[aux] controller: disable AUX port
[ahci] GHC.AE set -- controller enabled
[ahci] PxCMD.ST set -- port 0 started
[ahci] cmd #1: ataCmd=0xEC lba=0 count=1 prdtl=1
[ahci] cmd #2: ataCmd=0xEF lba=0 count=1 prdtl=0
[ahci] cmd #3: ataCmd=0xEC lba=0 count=256 prdtl=1
[ahci] cmd #4: ataCmd=0x20 lba=0 count=1 prdtl=1
[ahci] cmd #5: ataCmd=0x20 lba=1 count=1 prdtl=1
[ahci] cmd #6: ataCmd=0x20 lba=2 count=32 prdtl=1
[ahci] cmd #7: ataCmd=0x20 lba=16777215 count=1 prdtl=1
[ahci] cmd #8: ataCmd=0x20 lba=16777183 count=32 prdtl=1
[ahci] cmd #9: ataCmd=0x20 lba=2 count=32 prdtl=1
[ahci] cmd #10: ataCmd=0x20 lba=34 count=1 prdtl=1
[ahci] cmd #11: ataCmd=0x20 lba=98 count=4 prdtl=1
[ahci] cmd #12: ataCmd=0x20 lba=98 count=1 prdtl=1
[ahci] cmd #13: ataCmd=0x20 lba=34 count=1 prdtl=1
[ahci] cmd #14: ataCmd=0x20 lba=34 count=1 prdtl=1
[ahci] cmd #15: ataCmd=0x20 lba=32768 count=1 prdtl=1
[ahci] cmd #16: ataCmd=0x20 lba=32832 count=4 prdtl=1
[ahci] cmd #17: ataCmd=0x20 lba=32832 count=1 prdtl=1
[ahci] cmd #18: ataCmd=0x20 lba=32768 count=1 prdtl=1
[ahci] cmd #19: ataCmd=0x20 lba=32768 count=1 prdtl=1
[ahci] cmd #20: ataCmd=0x20 lba=33598 count=1 prdtl=1
[ahci] cmd #21: ataCmd=0x20 lba=32769 count=1 prdtl=1
[heartbeat: exitCount=25000 elapsedSec=0.7 lastPort=0xCF8 write=0 val=0x0]
[ahci] cmd #22: ataCmd=0x20 lba=0 count=1 prdtl=1
[ahci] cmd #23: ataCmd=0x20 lba=1 count=1 prdtl=1
[ahci] cmd #24: ataCmd=0x20 lba=2 count=32 prdtl=1
[ahci] cmd #25: ataCmd=0x20 lba=16777215 count=1 prdtl=1
[ahci] cmd #26: ataCmd=0x20 lba=16777183 count=32 prdtl=1
[ahci] cmd #27: ataCmd=0x20 lba=2 count=32 prdtl=1
[ahci] cmd #28: ataCmd=0x20 lba=34 count=1 prdtl=1
[ahci] cmd #29: ataCmd=0x20 lba=98 count=4 prdtl=1
[ahci] cmd #30: ataCmd=0x20 lba=98 count=1 prdtl=1
[ahci] cmd #31: ataCmd=0x20 lba=34 count=1 prdtl=1
[ahci] cmd #32: ataCmd=0x20 lba=34 count=1 prdtl=1
[ahci] cmd #33: ataCmd=0x20 lba=0 count=1 prdtl=1
[ahci] cmd #34: ataCmd=0x20 lba=1 count=1 prdtl=1
[ahci] cmd #35: ataCmd=0x20 lba=2 count=32 prdtl=1
[ahci] cmd #36: ataCmd=0x20 lba=16777215 count=1 prdtl=1
[ahci] cmd #37: ataCmd=0x20 lba=16777183 count=32 prdtl=1
[ahci] cmd #38: ataCmd=0x20 lba=2 count=32 prdtl=1
[ahci] cmd #39: ataCmd=0x20 lba=34 count=1 prdtl=1
[ahci] cmd #40: ataCmd=0x20 lba=98 count=4 prdtl=1
[ahci] cmd #41: ataCmd=0x20 lba=98 count=1 prdtl=1
[ahci] cmd #42: ataCmd=0x20 lba=34 count=1 prdtl=1
[ahci] cmd #43: ataCmd=0x20 lba=34 count=1 prdtl=1
[ahci] cmd #44: ataCmd=0x20 lba=0 count=1 prdtl=1
[ahci] cmd #45: ataCmd=0x20 lba=1 count=1 prdtl=1
[ahci] cmd #46: ataCmd=0x20 lba=2 count=32 prdtl=1
[ahci] cmd #47: ataCmd=0x20 lba=16777215 count=1 prdtl=1
[ahci] cmd #48: ataCmd=0x20 lba=16777183 count=32 prdtl=1
[ahci] cmd #49: ataCmd=0x20 lba=2 count=32 prdtl=1
[ahci] cmd #50: ataCmd=0x20 lba=34 count=1 prdtl=1
[ahci] cmd #51: ataCmd=0x20 lba=98 count=4 prdtl=1
[ahci] cmd #52: ataCmd=0x20 lba=98 count=1 prdtl=1
[ahci] cmd #53: ataCmd=0x20 lba=34 count=1 prdtl=1
[ahci] cmd #54: ataCmd=0x20 lba=34 count=1 prdtl=1
[ahci] cmd #55: ataCmd=0x20 lba=34 count=1 prdtl=1
[ahci] cmd #56: ataCmd=0x20 lba=98 count=4 prdtl=1
[ahci] cmd #57: ataCmd=0x20 lba=98 count=1 prdtl=1
[ahci] cmd #58: ataCmd=0x20 lba=34 count=1 prdtl=1
[ahci] cmd #59: ataCmd=0x20 lba=34 count=1 prdtl=1
[ahci] cmd #60: ataCmd=0x20 lba=0 count=1 prdtl=1
[ahci] cmd #61: ataCmd=0x20 lba=1 count=1 prdtl=1
[ahci] cmd #62: ataCmd=0x20 lba=2 count=32 prdtl=1
[ahci] cmd #63: ataCmd=0x20 lba=16777215 count=1 prdtl=1
[ahci] cmd #64: ataCmd=0x20 lba=16777183 count=32 prdtl=1
[ahci] cmd #65: ataCmd=0x20 lba=2 count=32 prdtl=1
[ahci] cmd #66: ataCmd=0x20 lba=34 count=1 prdtl=1
[ahci] cmd #67: ataCmd=0x20 lba=98 count=4 prdtl=1
[heartbeat: exitCount=30000 elapsedSec=0.8 lastPort=0xB008 write=0 val=0x0]
[ahci] cmd #68: ataCmd=0x20 lba=98 count=1 prdtl=1
[ahci] cmd #69: ataCmd=0x20 lba=34 count=1 prdtl=1
[ahci] cmd #70: ataCmd=0x20 lba=34 count=1 prdtl=1
[ahci] cmd #71: ataCmd=0x20 lba=0 count=1 prdtl=1
[ahci] cmd #72: ataCmd=0x20 lba=33598 count=64 prdtl=1
[ahci] cmd #73: ataCmd=0x20 lba=65536 count=128 prdtl=1
[ahci] cmd #74: ataCmd=0x20 lba=69504 count=128 prdtl=1
[ahci] cmd #75: ataCmd=0x20 lba=69632 count=128 prdtl=1
[ahci] cmd #76: ataCmd=0x20 lba=42814 count=64 prdtl=1
[ahci] cmd #77: ataCmd=0x20 lba=9560960 count=128 prdtl=1
[ahci] cmd #78: ataCmd=0x20 lba=9561088 count=256 prdtl=1
[ahci] cmd #79: ataCmd=0x20 lba=9561344 count=256 prdtl=1
[ahci] cmd #80: ataCmd=0x20 lba=9561600 count=256 prdtl=1
[ahci] cmd #81: ataCmd=0x20 lba=9561856 count=256 prdtl=1
[ahci] cmd #82: ataCmd=0x20 lba=9562112 count=256 prdtl=1
[ahci] cmd #83: ataCmd=0x20 lba=9562368 count=256 prdtl=1
[ahci] cmd #84: ataCmd=0x20 lba=9562624 count=256 prdtl=1
[ahci] cmd #85: ataCmd=0x20 lba=9562880 count=256 prdtl=1
[ahci] cmd #86: ataCmd=0x20 lba=9563136 count=256 prdtl=1
[ahci] cmd #87: ataCmd=0x20 lba=9563392 count=256 prdtl=1
[ahci] cmd #88: ataCmd=0x20 lba=9563648 count=256 prdtl=1
[ahci] cmd #89: ataCmd=0x20 lba=9563904 count=128 prdtl=1
[ahci] cmd #90: ataCmd=0x20 lba=9564032 count=128 prdtl=1
BdsDxe: loading Boot0002 "UEFI LocalHost Virtual Disk LH0001 " from PciRoot(0x0)/Pci(0x2,0x0)/Sata(0x0,0xFFFF,0x0)
BdsDxe: starting Boot0002 "UEFI LocalHost Virtual Disk LH0001 " from PciRoot(0x0)/Pci(0x2,0x0)/Sata(0x0,0xFFFF,0x0)
[ahci] cmd #91: ataCmd=0x20 lba=0 count=1 prdtl=1
[ahci] cmd #92: ataCmd=0x20 lba=1 count=1 prdtl=1
[ahci] cmd #93: ataCmd=0x20 lba=1 count=1 prdtl=1
[ahci] cmd #94: ataCmd=0x20 lba=2 count=32 prdtl=1
[ahci] cmd #95: ataCmd=0x20 lba=0 count=1 prdtl=1
[ahci] cmd #96: ataCmd=0x20 lba=1 count=1 prdtl=1
[ahci] cmd #97: ataCmd=0x20 lba=1 count=1 prdtl=1
[ahci] cmd #98: ataCmd=0x20 lba=2 count=32 prdtl=1
[ahci] cmd #99: ataCmd=0x20 lba=32768 count=16 prdtl=1
[ahci] cmd #100: ataCmd=0x20 lba=0 count=1 prdtl=1
[ahci] cmd #101: ataCmd=0x20 lba=1 count=1 prdtl=1
[ahci] cmd #102: ataCmd=0x20 lba=2 count=32 prdtl=1
[ahci] cmd #103: ataCmd=0x20 lba=32768 count=64 prdtl=1
[ahci] cmd #104: ataCmd=0x20 lba=33536 count=64 prdtl=1
[ahci] cmd #105: ataCmd=0x20 lba=33600 count=64 prdtl=1
[ahci] cmd #106: ataCmd=0x20 lba=65536 count=64 prdtl=1
[ahci] cmd #107: ataCmd=0x20 lba=33601 count=4 prdtl=1
[ahci] cmd #108: ataCmd=0x20 lba=69568 count=64 prdtl=1
[ahci] cmd #109: ataCmd=0x20 lba=69632 count=64 prdtl=1
[ahci] cmd #110: ataCmd=0x20 lba=42874 count=4 prdtl=1
[ahci] cmd #111: ataCmd=0x20 lba=9564096 count=64 prdtl=1
[ahci] cmd #112: ataCmd=0x20 lba=33601 count=4 prdtl=1
[ahci] cmd #113: ataCmd=0x20 lba=42874 count=4 prdtl=1
[ahci] cmd #114: ataCmd=0x20 lba=43326 count=4 prdtl=1
[ahci] cmd #115: ataCmd=0x20 lba=10027016 count=40 prdtl=1
[ahci] cmd #116: ataCmd=0x20 lba=42874 count=4 prdtl=1
[ahci] cmd #117: ataCmd=0x20 lba=43056 count=4 prdtl=1
[ahci] cmd #118: ataCmd=0x20 lba=9750952 count=20 prdtl=1
[ahci] cmd #119: ataCmd=0x20 lba=42874 count=4 prdtl=1
[ahci] cmd #120: ataCmd=0x20 lba=33602 count=4 prdtl=1
[ahci] cmd #121: ataCmd=0x20 lba=42870 count=4 prdtl=1
[ahci] cmd #122: ataCmd=0x20 lba=42873 count=4 prdtl=1
[ahci] cmd #123: ataCmd=0x20 lba=9561000 count=256 prdtl=1
[ahci] cmd #124: ataCmd=0x20 lba=9561256 count=256 prdtl=1
[ahci] cmd #125: ataCmd=0x20 lba=9561512 count=256 prdtl=1
[ahci] cmd #126: ataCmd=0x20 lba=9561768 count=256 prdtl=1
[ahci] cmd #127: ataCmd=0x20 lba=9562024 count=256 prdtl=1
[ahci] cmd #128: ataCmd=0x20 lba=9562280 count=256 prdtl=1
[ahci] cmd #129: ataCmd=0x20 lba=9562536 count=256 prdtl=1
[ahci] cmd #130: ataCmd=0x20 lba=9562792 count=256 prdtl=1
[ahci] cmd #131: ataCmd=0x20 lba=9563048 count=256 prdtl=1
[ahci] cmd #132: ataCmd=0x20 lba=9563304 count=256 prdtl=1
[ahci] cmd #133: ataCmd=0x20 lba=9563560 count=256 prdtl=1
[ahci] cmd #134: ataCmd=0x20 lba=9563816 count=256 prdtl=1
[ahci] cmd #135: ataCmd=0x20 lba=9564072 count=35 prdtl=1
[ahci] cmd #136: ataCmd=0x20 lba=33598 count=4 prdtl=1
[ahci] cmd #137: ataCmd=0x20 lba=33602 count=4 prdtl=1
[ahci] cmd #138: ataCmd=0x20 lba=34622 count=4 prdtl=1
[ahci] cmd #139: ataCmd=0x20 lba=1114112 count=64 prdtl=1
[ahci] cmd #140: ataCmd=0x20 lba=42814 count=4 prdtl=1
[ahci] cmd #141: ataCmd=0x20 lba=9502720 count=64 prdtl=1
[ahci] cmd #142: ataCmd=0x20 lba=33602 count=4 prdtl=1
[ahci] cmd #143: ataCmd=0x20 lba=34622 count=4 prdtl=1
[ahci] cmd #144: ataCmd=0x20 lba=42814 count=4 prdtl=1
[ahci] cmd #145: ataCmd=0x20 lba=33602 count=4 prdtl=1
[ahci] cmd #146: ataCmd=0x20 lba=33598 count=4 prdtl=1
[ahci] cmd #147: ataCmd=0x20 lba=33601 count=4 prdtl=1
[ahci] cmd #148: ataCmd=0x20 lba=42874 count=4 prdtl=1
[ahci] cmd #149: ataCmd=0x20 lba=43059 count=4 prdtl=1
[ahci] cmd #150: ataCmd=0x20 lba=9754240 count=64 prdtl=1
[ahci] cmd #151: ataCmd=0x20 lba=43091 count=4 prdtl=1
[ahci] cmd #152: ataCmd=0x20 lba=9786872 count=1 prdtl=1
[ahci] cmd #153: ataCmd=0x20 lba=9786872 count=1 prdtl=1
[ahci] cmd #154: ataCmd=0x20 lba=9786872 count=1 prdtl=1
[ahci] cmd #155: ataCmd=0x20 lba=9786872 count=1 prdtl=1
[ahci] cmd #156: ataCmd=0x20 lba=9786872 count=1 prdtl=1
[ahci] cmd #157: ataCmd=0x20 lba=9786872 count=1 prdtl=1
[ahci] cmd #158: ataCmd=0x20 lba=9786872 count=7 prdtl=1
[ahci] cmd #159: ataCmd=0x20 lba=9786878 count=4 prdtl=1
[ahci] cmd #160: ataCmd=0x20 lba=9786881 count=1 prdtl=1
[ahci] cmd #161: ataCmd=0x20 lba=9786881 count=4 prdtl=1
[ahci] cmd #162: ataCmd=0x20 lba=9786884 count=137 prdtl=1
[ahci] cmd #163: ataCmd=0x20 lba=9787020 count=4 prdtl=1
[ahci] cmd #164: ataCmd=0x20 lba=9787023 count=1 prdtl=1
[ahci] cmd #165: ataCmd=0x20 lba=9787023 count=1 prdtl=1
[ahci] cmd #166: ataCmd=0x20 lba=9787023 count=16 prdtl=1
[ahci] cmd #167: ataCmd=0x20 lba=43059 count=4 prdtl=1
[ahci] cmd #168: ataCmd=0x20 lba=43090 count=4 prdtl=1
[ahci] cmd #169: ataCmd=0x20 lba=9786304 count=1 prdtl=1
[ahci] cmd #170: ataCmd=0x20 lba=9786304 count=1 prdtl=1
[ahci] cmd #171: ataCmd=0x20 lba=9786304 count=1 prdtl=1
[ahci] cmd #172: ataCmd=0x20 lba=9786304 count=1 prdtl=1
[ahci] cmd #173: ataCmd=0x20 lba=9786304 count=1 prdtl=1
[ahci] cmd #174: ataCmd=0x20 lba=9786304 count=1 prdtl=1
[ahci] cmd #175: ataCmd=0x20 lba=9786304 count=4 prdtl=1
[ahci] cmd #176: ataCmd=0x20 lba=9786307 count=2 prdtl=1
[ahci] cmd #177: ataCmd=0x20 lba=9786308 count=3 prdtl=1
[ahci] cmd #178: ataCmd=0x20 lba=9786310 count=63 prdtl=1
[ahci] cmd #179: ataCmd=0x20 lba=9786372 count=3 prdtl=1
[ahci] cmd #180: ataCmd=0x20 lba=9786374 count=1 prdtl=1
[ahci] cmd #181: ataCmd=0x20 lba=9786374 count=16 prdtl=1
[ahci] cmd #182: ataCmd=0x20 lba=43059 count=4 prdtl=1
[ahci] cmd #183: ataCmd=0x20 lba=43091 count=4 prdtl=1
[ahci] cmd #184: ataCmd=0x20 lba=9787040 count=1 prdtl=1
[ahci] cmd #185: ataCmd=0x20 lba=9787040 count=1 prdtl=1
[ahci] cmd #186: ataCmd=0x20 lba=9787040 count=1 prdtl=1
[ahci] cmd #187: ataCmd=0x20 lba=9787040 count=1 prdtl=1
[ahci] cmd #188: ataCmd=0x20 lba=9787040 count=1 prdtl=1
[ahci] cmd #189: ataCmd=0x20 lba=9787040 count=1 prdtl=1
[ahci] cmd #190: ataCmd=0x20 lba=9787040 count=7 prdtl=1
[ahci] cmd #191: ataCmd=0x20 lba=9787046 count=4 prdtl=1
[ahci] cmd #192: ataCmd=0x20 lba=9787049 count=3 prdtl=1
[ahci] cmd #193: ataCmd=0x20 lba=9787051 count=1 prdtl=1
[ahci] cmd #194: ataCmd=0x20 lba=9787051 count=3 prdtl=1
[ahci] cmd #195: ataCmd=0x20 lba=9787053 count=14 prdtl=1
[ahci] cmd #196: ataCmd=0x20 lba=9787066 count=48 prdtl=1
[ahci] cmd #197: ataCmd=0x20 lba=9787113 count=6 prdtl=1
[ahci] cmd #198: ataCmd=0x20 lba=9787118 count=15 prdtl=1
[ahci] cmd #199: ataCmd=0x20 lba=9787040 count=1 prdtl=1
[2J[001;001H[=3h[2J[001;001H[heartbeat: exitCount=35000 elapsedSec=1.1 lastPort=0xB008 write=0 val=0x89]
[heartbeat: exitCount=40000 elapsedSec=1.3 lastPort=0xB008 write=0 val=0x89]
[heartbeat: exitCount=45000 elapsedSec=1.4 lastPort=0xB008 write=0 val=0x89]
[heartbeat: exitCount=50000 elapsedSec=1.6 lastPort=0xB008 write=0 val=0x89]
[heartbeat: exitCount=55000 elapsedSec=1.7 lastPort=0xB008 write=0 val=0x89]
[heartbeat: exitCount=60000 elapsedSec=1.8 lastPort=0xB008 write=0 val=0x89]
[heartbeat: exitCount=65000 elapsedSec=2.0 lastPort=0xB008 write=0 val=0x89]
[heartbeat: exitCount=70000 elapsedSec=2.2 lastPort=0xB008 write=0 val=0x89]
[heartbeat: exitCount=75000 elapsedSec=2.3 lastPort=0xB008 write=0 val=0x89]
[heartbeat: exitCount=80000 elapsedSec=2.5 lastPort=0xB008 write=0 val=0x89]
[heartbeat: exitCount=85000 elapsedSec=2.6 lastPort=0xB008 write=0 val=0x89]
[heartbeat: exitCount=90000 elapsedSec=2.7 lastPort=0xB008 write=0 val=0x89]
[heartbeat: exitCount=95000 elapsedSec=2.9 lastPort=0xB008 write=0 val=0x89]
[heartbeat: exitCount=100000 elapsedSec=3.2 lastPort=0xB008 write=0 val=0x2]
[aux] controller: disable AUX port
[heartbeat: exitCount=105000 elapsedSec=6.4 lastPort=0xCFC write=0 val=0x0]
[heartbeat: exitCount=110000 elapsedSec=6.5 lastPort=0xCFC write=0 val=0x0]
[heartbeat: exitCount=115000 elapsedSec=6.6 lastPort=0xCFC write=0 val=0x0]
[heartbeat: exitCount=120000 elapsedSec=6.7 lastPort=0xCFC write=0 val=0x0]
[kerneldiag] candidate address 0xFFFFF8003CDA57DD resolves to module base 0xFFFFF8003CA00000 (+0x3A57DD into it)
[kerneldiag] debug directory: type=2 codeViewRva=0x40970
[kerneldiag] module PDB name: ntkrnlmp.pdb guid=D9424FC4-861E-47C1-0FAD1B35DEC6DCC8 age=1
[wp] DISCOVERY at exitCount=121012 (pass 1)
[u49] scanning 3072 MB of guest RAM for ACPI tables...
[watchdog] STALL #1 (exitCount=121012 unchanged for 2s): rip=0xFFFFF8003CDA57DD rsp=0xFFFFF80043075280 rax=0xFFFFF7C0C0009000 rcx=0x40046 rdx=0x800000000000001B rbx=0xFFFFF7C0C0009000 cr3=0x1AD002 cr8(irql)=0x0(PASSIVE_LEVEL)
[watchdog] STALL #2 (exitCount=121012 unchanged for 4s): rip=0xFFFFF8003CDA57DD rsp=0xFFFFF80043075280 rax=0xFFFFF7C0C0009000 rcx=0x40046 rdx=0x800000000000001B rbx=0xFFFFF7C0C0009000 cr3=0x1AD002 cr8(irql)=0x0(PASSIVE_LEVEL)
[kerneldiag] found PE header for owning module at guest VA 0xFFFFF8003CA00000 (rip=0xFFFFF8003CDA57DD, +0x3A57DD into it)
[kerneldiag] debug directory: type=2 codeViewRva=0x40970
[kerneldiag] module PDB name: ntkrnlmp.pdb guid=D9424FC4-861E-47C1-0FAD1B35DEC6DCC8 age=1
[kerneldiag] last 512 PCI config accesses before this stall:
  bus=240 dev=0 func=0 off=0x00 write=0 val=0xFFFFFFFF
  bus=240 dev=1 func=0 off=0x00 write=0 val=0xFFFFFFFF
  bus=240 dev=2 func=0 off=0x00 write=0 val=0xFFFFFFFF
  bus=240 dev=3 func=0 off=0x00 write=0 val=0xFFFFFFFF
  bus=240 dev=4 func=0 off=0x00 write=0 val=0xFFFFFFFF
  bus=240 dev=5 func=0 off=0x00 write=0 val=0xFFFFFFFF
  bus=240 dev=6 func=0 off=0x00 write=0 val=0xFFFFFFFF
  bus=240 dev=7 func=0 off=0x00 write=0 val=0xFFFFFFFF
  bus=240 dev=8 func=0 off=0x00 write=0 val=0xFFFFFFFF
  bus=240 dev=9 func=0 off=0x00 write=0 val=0xFFFFFFFF
  bus=240 dev=10 func=0 off=0x00 write=0 val=0xFFFFFFFF
  bus=240 dev=11 func=0 off=0x00 write=0 val=0xFFFFFFFF
  bus=240 dev=12 func=0 off=0x00 write=0 val=0xFFFFFFFF
  bus=240 dev=13 func=0 off=0x00 write=0 val=0xFFFFFFFF
  bus=240 dev=14 func=0 off=0x00 write=0 val=0xFFFFFFFF
  bus=240 dev=15 func=0 off=0x00 write=0 val=0xFFFFFFFF
  bus=240 dev=16 func=0 off=0x00 write=0 val=0xFFFFFFFF
  bus=240 dev=17 func=0 off=0x00 write=0 val=0xFFFFFFFF
  bus=240 dev=18 func=0 off=0x00 write=0 val=0xFFFFFFFF
  bus=240 dev=19 func=0 off=0x00 write=0 val=0xFFFFFFFF
  bus=240 dev=20 func=0 off=0x00 write=0 val=0xFFFFFFFF
  bus=240 dev=21 func=0 off=0x00 write=0 val=0xFFFFFFFF
  bus=240 dev=22 func=0 off=0x00 write=0 val=0xFFFFFFFF
  bus=240 dev=23 func=0 off=0x00 write=0 val=0xFFFFFFFF
  bus=240 dev=24 func=0 off=0x00 write=0 val=0xFFFFFFFF
  bus=240 dev=25 func=0 off=0x00 write=0 val=0xFFFFFFFF
  bus=240 dev=26 func=0 off=0x00 write=0 val=0xFFFFFFFF
  bus=240 dev=27 func=0 off=0x00 write=0 val=0xFFFFFFFF
  bus=240 dev=28 func=0 off=0x00 write=0 val=0xFFFFFFFF
  bus=240 dev=29 func=0 off=0x00 write=0 val=0xFFFFFFFF
  bus=240 dev=30 func=0 off=0x00 write=0 val=0xFFFFFFFF
  bus=240 dev=31 func=0 off=0x00 write=0 val=0xFFFFFFFF
  bus=241 dev=0 func=0 off=0x00 write=0 val=0xFFFFFFFF
  bus=241 dev=1 func=0 off=0x00 write=0 val=0xFFFFFFFF
  bus=241 dev=2 func=0 off=0x00 write=0 val=0xFFFFFFFF
  bus=241 dev=3 func=0 off=0x00 write=0 val=0xFFFFFFFF
  bus=241 dev=4 func=0 off=0x00 write=0 val=0xFFFFFFFF
  bus=241 dev=5 func=0 off=0x00 write=0 val=0xFFFFFFFF
  bus=241 dev=6 func=0 off=0x00 write=0 val=0xFFFFFFFF
  bus=241 dev=7 func=0 off=0x00 write=0 val=0xFFFFFFFF
  bus=241 dev=8 func=0 off=0x00 write=0 val=0xFFFFFFFF
  bus=241 dev=9 func=0 off=0x00 write=0 val=0xFFFFFFFF
  bus=241 dev=10 func=0 off=0x00 write=0 val=0xFFFFFFFF
  bus=241 dev=11 func=0 off=0x00 write=0 val=0xFFFFFFFF
  bus=241 dev=12 func=0 off=0x00 write=0 val=0xFFFFFFFF
  bus=241 dev=13 func=0 off=0x00 write=0 val=0xFFFFFFFF
  bus=241 dev=14 func=0 off=0x00 write=0 val=0xFFFFFFFF
  bus=241 dev=15 func=0 off=0x00 write=0 val=0xFFFFFFFF
  bus=241 dev=16 func=0 off=0x00 write=0 val=0xFFFFFFFF
  bus=241 dev=17 func=0 off=0x00 write=0 val=0xFFFFFFFF
  bus=241 dev=18 func=0 off=0x00 write=0 val=0xFFFFFFFF
  bus=241 dev=19 func=0 off=0x00 write=0 val=0xFFFFFFFF
  bus=241 dev=20 func=0 off=0x00 write=0 val=0xFFFFFFFF
  bus=241 dev=21 func=0 off=0x00 write=0 val=0xFFFFFFFF
  bus=241 dev=22 func=0 off=0x00 write=0 val=0xFFFFFFFF
  bus=241 dev=23 func=0 off=0x00 write=0 val=0xFFFFFFFF
  bus=241 dev=24 func=0 off=0x00 write=0 val=0xFFFFFFFF
  bus=241 dev=25 func=0 off=0x00 write=0 val=0xFFFFFFFF
  bus=241 dev=26 func=0 off=0x00 write=0 val=0xFFFFFFFF
  bus=241 dev=27 func=0 off=0x00 write=0 val=0xFFFFFFFF
  bus=241 dev=28 func=0 off=0x00 write=0 val=0xFFFFFFFF
  bus=241 dev=29 func=0 off=0x00 write=0 val=0xFFFFFFFF
  bus=241 dev=30 func=0 off=0x00 write=0 val=0xFFFFFFFF
  bus=241 dev=31 func=0 off=0x00 write=0 val=0xFFFFFFFF
  bus=242 dev=0 func=0 off=0x00 write=0 val=0xFFFFFFFF
  bus=242 dev=1 func=0 off=0x00 write=0 val=0xFFFFFFFF
  bus=242 dev=2 func=0 off=0x00 write=0 val=0xFFFFFFFF
  bus=242 dev=3 func=0 off=0x00 write=0 val=0xFFFFFFFF
  bus=242 dev=4 func=0 off=0x00 write=0 val=0xFFFFFFFF
  bus=242 dev=5 func=0 off=0x00 write=0 val=0xFFFFFFFF
  bus=242 dev=6 func=0 off=0x00 write=0 val=0xFFFFFFFF
  bus=242 dev=7 func=0 off=0x00 write=0 val=0xFFFFFFFF
  bus=242 dev=8 func=0 off=0x00 write=0 val=0xFFFFFFFF
  bus=242 dev=9 func=0 off=0x00 write=0 val=0xFFFFFFFF
  bus=242 dev=10 func=0 off=0x00 write=0 val=0xFFFFFFFF
  bus=242 dev=11 func=0 off=0x00 write=0 val=0xFFFFFFFF
  bus=242 dev=12 func=0 off=0x00 write=0 val=0xFFFFFFFF
  bus=242 dev=13 func=0 off=0x00 write=0 val=0xFFFFFFFF
  bus=242 dev=14 func=0 off=0x00 write=0 val=0xFFFFFFFF
  bus=242 dev=15 func=0 off=0x00 write=0 val=0xFFFFFFFF
  bus=242 dev=16 func=0 off=0x00 write=0 val=0xFFFFFFFF
  bus=242 dev=17 func=0 off=0x00 write=0 val=0xFFFFFFFF
  bus=242 dev=18 func=0 off=0x00 write=0 val=0xFFFFFFFF
  bus=242 dev=19 func=0 off=0x00 write=0 val=0xFFFFFFFF
  bus=242 dev=20 func=0 off=0x00 write=0 val=0xFFFFFFFF
  bus=242 dev=21 func=0 off=0x00 write=0 val=0xFFFFFFFF
  bus=242 dev=22 func=0 off=0x00 write=0 val=0xFFFFFFFF
  bus=242 dev=23 func=0 off=0x00 write=0 val=0xFFFFFFFF
  bus=242 dev=24 func=0 off=0x00 write=0 val=0xFFFFFFFF
  bus=242 dev=25 func=0 off=0x00 write=0 val=0xFFFFFFFF
  bus=242 dev=26 func=0 off=0x00 write=0 val=0xFFFFFFFF
  bus=242 dev=27 func=0 off=0x00 write=0 val=0xFFFFFFFF
  bus=242 dev=28 func=0 off=0x00 write=0 val=0xFFFFFFFF
  bus=242 dev=29 func=0 off=0x00 write=0 val=0xFFFFFFFF
  bus=242 dev=30 func=0 off=0x00 write=0 val=0xFFFFFFFF
  bus=242 dev=31 func=0 off=0x00 write=0 val=0xFFFFFFFF
  bus=243 dev=0 func=0 off=0x00 write=0 val=0xFFFFFFFF
  bus=243 dev=1 func=0 off=0x00 write=0 val=0xFFFFFFFF
  bus=243 dev=2 func=0 off=0x00 write=0 val=0xFFFFFFFF
  bus=243 dev=3 func=0 off=0x00 write=0 val=0xFFFFFFFF
  bus=243 dev=4 func=0 off=0x00 write=0 val=0xFFFFFFFF
  bus=243 dev=5 func=0 off=0x00 write=0 val=0xFFFFFFFF
  bus=243 dev=6 func=0 off=0x00 write=0 val=0xFFFFFFFF
  bus=243 dev=7 func=0 off=0x00 write=0 val=0xFFFFFFFF
  bus=243 dev=8 func=0 off=0x00 write=0 val=0xFFFFFFFF
  bus=243 dev=9 func=0 off=0x00 write=0 val=0xFFFFFFFF
  bus=243 dev=10 func=0 off=0x00 write=0 val=0xFFFFFFFF
  bus=243 dev=11 func=0 off=0x00 write=0 val=0xFFFFFFFF
  bus=243 dev=12 func=0 off=0x00 write=0 val=0xFFFFFFFF
  bus=243 dev=13 func=0 off=0x00 write=0 val=0xFFFFFFFF
  bus=243 dev=14 func=0 off=0x00 write=0 val=0xFFFFFFFF
  bus=243 dev=15 func=0 off=0x00 write=0 val=0xFFFFFFFF
  bus=243 dev=16 func=0 off=0x00 write=0 val=0xFFFFFFFF
  bus=243 dev=17 func=0 off=0x00 write=0 val=0xFFFFFFFF
  bus=243 dev=18 func=0 off=0x00 write=0 val=0xFFFFFFFF
  bus=243 dev=19 func=0 off=0x00 write=0 val=0xFFFFFFFF
  bus=243 dev=20 func=0 off=0x00 write=0 val=0xFFFFFFFF
  bus=243 dev=21 func=0 off=0x00 write=0 val=0xFFFFFFFF
  bus=243 dev=22 func=0 off=0x00 write=0 val=0xFFFFFFFF
  bus=243 dev=23 func=0 off=0x00 write=0 val=0xFFFFFFFF
  bus=243 dev=24 func=0 off=0x00 write=0 val=0xFFFFFFFF
  bus=243 dev=25 func=0 off=0x00 write=0 val=0xFFFFFFFF
  bus=243 dev=26 func=0 off=0x00 write=0 val=0xFFFFFFFF
  bus=243 dev=27 func=0 off=0x00 write=0 val=0xFFFFFFFF
  bus=243 dev=28 func=0 off=0x00 write=0 val=0xFFFFFFFF
  bus=243 dev=29 func=0 off=0x00 write=0 val=0xFFFFFFFF
  bus=243 dev=30 func=0 off=0x00 write=0 val=0xFFFFFFFF
  bus=243 dev=31 func=0 off=0x00 write=0 val=0xFFFFFFFF
  bus=244 dev=0 func=0 off=0x00 write=0 val=0xFFFFFFFF
  bus=244 dev=1 func=0 off=0x00 write=0 val=0xFFFFFFFF
  bus=244 dev=2 func=0 off=0x00 write=0 val=0xFFFFFFFF
  bus=244 dev=3 func=0 off=0x00 write=0 val=0xFFFFFFFF
  bus=244 dev=4 func=0 off=0x00 write=0 val=0xFFFFFFFF
  bus=244 dev=5 func=0 off=0x00 write=0 val=0xFFFFFFFF
  bus=244 dev=6 func=0 off=0x00 write=0 val=0xFFFFFFFF
  bus=244 dev=7 func=0 off=0x00 write=0 val=0xFFFFFFFF
  bus=244 dev=8 func=0 off=0x00 write=0 val=0xFFFFFFFF
  bus=244 dev=9 func=0 off=0x00 write=0 val=0xFFFFFFFF
  bus=244 dev=10 func=0 off=0x00 write=0 val=0xFFFFFFFF
  bus=244 dev=11 func=0 off=0x00 write=0 val=0xFFFFFFFF
  bus=244 dev=12 func=0 off=0x00 write=0 val=0xFFFFFFFF
  bus=244 dev=13 func=0 off=0x00 write=0 val=0xFFFFFFFF
  bus=244 dev=14 func=0 off=0x00 write=0 val=0xFFFFFFFF
  bus=244 dev=15 func=0 off=0x00 write=0 val=0xFFFFFFFF
  bus=244 dev=16 func=0 off=0x00 write=0 val=0xFFFFFFFF
  bus=244 dev=17 func=0 off=0x00 write=0 val=0xFFFFFFFF
  bus=244 dev=18 func=0 off=0x00 write=0 val=0xFFFFFFFF
  bus=244 dev=19 func=0 off=0x00 write=0 val=0xFFFFFFFF
  bus=244 dev=20 func=0 off=0x00 write=0 val=0xFFFFFFFF
  bus=244 dev=21 func=0 off=0x00 write=0 val=0xFFFFFFFF
  bus=244 dev=22 func=0 off=0x00 write=0 val=0xFFFFFFFF
  bus=244 dev=23 func=0 off=0x00 write=0 val=0xFFFFFFFF
  bus=244 dev=24 func=0 off=0x00 write=0 val=0xFFFFFFFF
  bus=244 dev=25 func=0 off=0x00 write=0 val=0xFFFFFFFF
  bus=244 dev=26 func=0 off=0x00 write=0 val=0xFFFFFFFF
  bus=244 dev=27 func=0 off=0x00 write=0 val=0xFFFFFFFF
  bus=244 dev=28 func=0 off=0x00 write=0 val=0xFFFFFFFF
  bus=244 dev=29 func=0 off=0x00 write=0 val=0xFFFFFFFF
  bus=244 dev=30 func=0 off=0x00 write=0 val=0xFFFFFFFF
  bus=244 dev=31 func=0 off=0x00 write=0 val=0xFFFFFFFF
  bus=245 dev=0 func=0 off=0x00 write=0 val=0xFFFFFFFF
  bus=245 dev=1 func=0 off=0x00 write=0 val=0xFFFFFFFF
  bus=245 dev=2 func=0 off=0x00 write=0 val=0xFFFFFFFF
  bus=245 dev=3 func=0 off=0x00 write=0 val=0xFFFFFFFF
  bus=245 dev=4 func=0 off=0x00 write=0 val=0xFFFFFFFF
  bus=245 dev=5 func=0 off=0x00 write=0 val=0xFFFFFFFF
  bus=245 dev=6 func=0 off=0x00 write=0 val=0xFFFFFFFF
  bus=245 dev=7 func=0 off=0x00 write=0 val=0xFFFFFFFF
  bus=245 dev=8 func=0 off=0x00 write=0 val=0xFFFFFFFF
  bus=245 dev=9 func=0 off=0x00 write=0 val=0xFFFFFFFF
  bus=245 dev=10 func=0 off=0x00 write=0 val=0xFFFFFFFF
  bus=245 dev=11 func=0 off=0x00 write=0 val=0xFFFFFFFF
  bus=245 dev=12 func=0 off=0x00 write=0 val=0xFFFFFFFF
  bus=245 dev=13 func=0 off=0x00 write=0 val=0xFFFFFFFF
  bus=245 dev=14 func=0 off=0x00 write=0 val=0xFFFFFFFF
  bus=245 dev=15 func=0 off=0x00 write=0 val=0xFFFFFFFF
  bus=245 dev=16 func=0 off=0x00 write=0 val=0xFFFFFFFF
  bus=245 dev=17 func=0 off=0x00 write=0 val=0xFFFFFFFF
  bus=245 dev=18 func=0 off=0x00 write=0 val=0xFFFFFFFF
  bus=245 dev=19 func=0 off=0x00 write=0 val=0xFFFFFFFF
  bus=245 dev=20 func=0 off=0x00 write=0 val=0xFFFFFFFF
  bus=245 dev=21 func=0 off=0x00 write=0 val=0xFFFFFFFF
  bus=245 dev=22 func=0 off=0x00 write=0 val=0xFFFFFFFF
  bus=245 dev=23 func=0 off=0x00 write=0 val=0xFFFFFFFF
  bus=245 dev=24 func=0 off=0x00 write=0 val=0xFFFFFFFF
  bus=245 dev=25 func=0 off=0x00 write=0 val=0xFFFFFFFF
  bus=245 dev=26 func=0 off=0x00 write=0 val=0xFFFFFFFF
  bus=245 dev=27 func=0 off=0x00 write=0 val=0xFFFFFFFF
  bus=245 dev=28 func=0 off=0x00 write=0 val=0xFFFFFFFF
  bus=245 dev=29 func=0 off=0x00 write=0 val=0xFFFFFFFF
  bus=245 dev=30 func=0 off=0x00 write=0 val=0xFFFFFFFF
  bus=245 dev=31 func=0 off=0x00 write=0 val=0xFFFFFFFF
  bus=246 dev=0 func=0 off=0x00 write=0 val=0xFFFFFFFF
  bus=246 dev=1 func=0 off=0x00 write=0 val=0xFFFFFFFF
  bus=246 dev=2 func=0 off=0x00 write=0 val=0xFFFFFFFF
  bus=246 dev=3 func=0 off=0x00 write=0 val=0xFFFFFFFF
  bus=246 dev=4 func=0 off=0x00 write=0 val=0xFFFFFFFF
  bus=246 dev=5 func=0 off=0x00 write=0 val=0xFFFFFFFF
  bus=246 dev=6 func=0 off=0x00 write=0 val=0xFFFFFFFF
  bus=246 dev=7 func=0 off=0x00 write=0 val=0xFFFFFFFF
  bus=246 dev=8 func=0 off=0x00 write=0 val=0xFFFFFFFF
  bus=246 dev=9 func=0 off=0x00 write=0 val=0xFFFFFFFF
  bus=246 dev=10 func=0 off=0x00 write=0 val=0xFFFFFFFF
  bus=246 dev=11 func=0 off=0x00 write=0 val=0xFFFFFFFF
  bus=246 dev=12 func=0 off=0x00 write=0 val=0xFFFFFFFF
  bus=246 dev=13 func=0 off=0x00 write=0 val=0xFFFFFFFF
  bus=246 dev=14 func=0 off=0x00 write=0 val=0xFFFFFFFF
  bus=246 dev=15 func=0 off=0x00 write=0 val=0xFFFFFFFF
  bus=246 dev=16 func=0 off=0x00 write=0 val=0xFFFFFFFF
  bus=246 dev=17 func=0 off=0x00 write=0 val=0xFFFFFFFF
  bus=246 dev=18 func=0 off=0x00 write=0 val=0xFFFFFFFF
  bus=246 dev=19 func=0 off=0x00 write=0 val=0xFFFFFFFF
  bus=246 dev=20 func=0 off=0x00 write=0 val=0xFFFFFFFF
  bus=246 dev=21 func=0 off=0x00 write=0 val=0xFFFFFFFF
  bus=246 dev=22 func=0 off=0x00 write=0 val=0xFFFFFFFF
  bus=246 dev=23 func=0 off=0x00 write=0 val=0xFFFFFFFF
  bus=246 dev=24 func=0 off=0x00 write=0 val=0xFFFFFFFF
  bus=246 dev=25 func=0 off=0x00 write=0 val=0xFFFFFFFF
  bus=246 dev=26 func=0 off=0x00 write=0 val=0xFFFFFFFF
  bus=246 dev=27 func=0 off=0x00 write=0 val=0xFFFFFFFF
  bus=246 dev=28 func=0 off=0x00 write=0 val=0xFFFFFFFF
  bus=246 dev=29 func=0 off=0x00 write=0 val=0xFFFFFFFF
  bus=246 dev=30 func=0 off=0x00 write=0 val=0xFFFFFFFF
  bus=246 dev=31 func=0 off=0x00 write=0 val=0xFFFFFFFF
  bus=247 dev=0 func=0 off=0x00 write=0 val=0xFFFFFFFF
  bus=247 dev=1 func=0 off=0x00 write=0 val=0xFFFFFFFF
  bus=247 dev=2 func=0 off=0x00 write=0 val=0xFFFFFFFF
  bus=247 dev=3 func=0 off=0x00 write=0 val=0xFFFFFFFF
  bus=247 dev=4 func=0 off=0x00 write=0 val=0xFFFFFFFF
  bus=247 dev=5 func=0 off=0x00 write=0 val=0xFFFFFFFF
  bus=247 dev=6 func=0 off=0x00 write=0 val=0xFFFFFFFF
  bus=247 dev=7 func=0 off=0x00 write=0 val=0xFFFFFFFF
  bus=247 dev=8 func=0 off=0x00 write=0 val=0xFFFFFFFF
  bus=247 dev=9 func=0 off=0x00 write=0 val=0xFFFFFFFF
  bus=247 dev=10 func=0 off=0x00 write=0 val=0xFFFFFFFF
  bus=247 dev=11 func=0 off=0x00 write=0 val=0xFFFFFFFF
  bus=247 dev=12 func=0 off=0x00 write=0 val=0xFFFFFFFF
  bus=247 dev=13 func=0 off=0x00 write=0 val=0xFFFFFFFF
  bus=247 dev=14 func=0 off=0x00 write=0 val=0xFFFFFFFF
  bus=247 dev=15 func=0 off=0x00 write=0 val=0xFFFFFFFF
  bus=247 dev=16 func=0 off=0x00 write=0 val=0xFFFFFFFF
  bus=247 dev=17 func=0 off=0x00 write=0 val=0xFFFFFFFF
  bus=247 dev=18 func=0 off=0x00 write=0 val=0xFFFFFFFF
  bus=247 dev=19 func=0 off=0x00 write=0 val=0xFFFFFFFF
  bus=247 dev=20 func=0 off=0x00 write=0 val=0xFFFFFFFF
  bus=247 dev=21 func=0 off=0x00 write=0 val=0xFFFFFFFF
  bus=247 dev=22 func=0 off=0x00 write=0 val=0xFFFFFFFF
  bus=247 dev=23 func=0 off=0x00 write=0 val=0xFFFFFFFF
  bus=247 dev=24 func=0 off=0x00 write=0 val=0xFFFFFFFF
  bus=247 dev=25 func=0 off=0x00 write=0 val=0xFFFFFFFF
  bus=247 dev=26 func=0 off=0x00 write=0 val=0xFFFFFFFF
  bus=247 dev=27 func=0 off=0x00 write=0 val=0xFFFFFFFF
  bus=247 dev=28 func=0 off=0x00 write=0 val=0xFFFFFFFF
  bus=247 dev=29 func=0 off=0x00 write=0 val=0xFFFFFFFF
  bus=247 dev=30 func=0 off=0x00 write=0 val=0xFFFFFFFF
  bus=247 dev=31 func=0 off=0x00 write=0 val=0xFFFFFFFF
  bus=248 dev=0 func=0 off=0x00 write=0 val=0xFFFFFFFF
  bus=248 dev=1 func=0 off=0x00 write=0 val=0xFFFFFFFF
  bus=248 dev=2 func=0 off=0x00 write=0 val=0xFFFFFFFF
  bus=248 dev=3 func=0 off=0x00 write=0 val=0xFFFFFFFF
  bus=248 dev=4 func=0 off=0x00 write=0 val=0xFFFFFFFF
  bus=248 dev=5 func=0 off=0x00 write=0 val=0xFFFFFFFF
  bus=248 dev=6 func=0 off=0x00 write=0 val=0xFFFFFFFF
  bus=248 dev=7 func=0 off=0x00 write=0 val=0xFFFFFFFF
  bus=248 dev=8 func=0 off=0x00 write=0 val=0xFFFFFFFF
  bus=248 dev=9 func=0 off=0x00 write=0 val=0xFFFFFFFF
  bus=248 dev=10 func=0 off=0x00 write=0 val=0xFFFFFFFF
  bus=248 dev=11 func=0 off=0x00 write=0 val=0xFFFFFFFF
  bus=248 dev=12 func=0 off=0x00 write=0 val=0xFFFFFFFF
  bus=248 dev=13 func=0 off=0x00 write=0 val=0xFFFFFFFF
  bus=248 dev=14 func=0 off=0x00 write=0 val=0xFFFFFFFF
  bus=248 dev=15 func=0 off=0x00 write=0 val=0xFFFFFFFF
  bus=248 dev=16 func=0 off=0x00 write=0 val=0xFFFFFFFF
  bus=248 dev=17 func=0 off=0x00 write=0 val=0xFFFFFFFF
  bus=248 dev=18 func=0 off=0x00 write=0 val=0xFFFFFFFF
  bus=248 dev=19 func=0 off=0x00 write=0 val=0xFFFFFFFF
  bus=248 dev=20 func=0 off=0x00 write=0 val=0xFFFFFFFF
  bus=248 dev=21 func=0 off=0x00 write=0 val=0xFFFFFFFF
  bus=248 dev=22 func=0 off=0x00 write=0 val=0xFFFFFFFF
  bus=248 dev=23 func=0 off=0x00 write=0 val=0xFFFFFFFF
  bus=248 dev=24 func=0 off=0x00 write=0 val=0xFFFFFFFF
  bus=248 dev=25 func=0 off=0x00 write=0 val=0xFFFFFFFF
  bus=248 dev=26 func=0 off=0x00 write=0 val=0xFFFFFFFF
  bus=248 dev=27 func=0 off=0x00 write=0 val=0xFFFFFFFF
  bus=248 dev=28 func=0 off=0x00 write=0 val=0xFFFFFFFF
  bus=248 dev=29 func=0 off=0x00 write=0 val=0xFFFFFFFF
  bus=248 dev=30 func=0 off=0x00 write=0 val=0xFFFFFFFF
  bus=248 dev=31 func=0 off=0x00 write=0 val=0xFFFFFFFF
  bus=249 dev=0 func=0 off=0x00 write=0 val=0xFFFFFFFF
  bus=249 dev=1 func=0 off=0x00 write=0 val=0xFFFFFFFF
  bus=249 dev=2 func=0 off=0x00 write=0 val=0xFFFFFFFF
  bus=249 dev=3 func=0 off=0x00 write=0 val=0xFFFFFFFF
  bus=249 dev=4 func=0 off=0x00 write=0 val=0xFFFFFFFF
  bus=249 dev=5 func=0 off=0x00 write=0 val=0xFFFFFFFF
  bus=249 dev=6 func=0 off=0x00 write=0 val=0xFFFFFFFF
  bus=249 dev=7 func=0 off=0x00 write=0 val=0xFFFFFFFF
  bus=249 dev=8 func=0 off=0x00 write=0 val=0xFFFFFFFF
  bus=249 dev=9 func=0 off=0x00 write=0 val=0xFFFFFFFF
  bus=249 dev=10 func=0 off=0x00 write=0 val=0xFFFFFFFF
  bus=249 dev=11 func=0 off=0x00 write=0 val=0xFFFFFFFF
  bus=249 dev=12 func=0 off=0x00 write=0 val=0xFFFFFFFF
  bus=249 dev=13 func=0 off=0x00 write=0 val=0xFFFFFFFF
  bus=249 dev=14 func=0 off=0x00 write=0 val=0xFFFFFFFF
  bus=249 dev=15 func=0 off=0x00 write=0 val=0xFFFFFFFF
  bus=249 dev=16 func=0 off=0x00 write=0 val=0xFFFFFFFF
  bus=249 dev=17 func=0 off=0x00 write=0 val=0xFFFFFFFF
  bus=249 dev=18 func=0 off=0x00 write=0 val=0xFFFFFFFF
  bus=249 dev=19 func=0 off=0x00 write=0 val=0xFFFFFFFF
  bus=249 dev=20 func=0 off=0x00 write=0 val=0xFFFFFFFF
  bus=249 dev=21 func=0 off=0x00 write=0 val=0xFFFFFFFF
  bus=249 dev=22 func=0 off=0x00 write=0 val=0xFFFFFFFF
  bus=249 dev=23 func=0 off=0x00 write=0 val=0xFFFFFFFF
  bus=249 dev=24 func=0 off=0x00 write=0 val=0xFFFFFFFF
  bus=249 dev=25 func=0 off=0x00 write=0 val=0xFFFFFFFF
  bus=249 dev=26 func=0 off=0x00 write=0 val=0xFFFFFFFF
  bus=249 dev=27 func=0 off=0x00 write=0 val=0xFFFFFFFF
  bus=249 dev=28 func=0 off=0x00 write=0 val=0xFFFFFFFF
  bus=249 dev=29 func=0 off=0x00 write=0 val=0xFFFFFFFF
  bus=249 dev=30 func=0 off=0x00 write=0 val=0xFFFFFFFF
  bus=249 dev=31 func=0 off=0x00 write=0 val=0xFFFFFFFF
  bus=250 dev=0 func=0 off=0x00 write=0 val=0xFFFFFFFF
  bus=250 dev=1 func=0 off=0x00 write=0 val=0xFFFFFFFF
  bus=250 dev=2 func=0 off=0x00 write=0 val=0xFFFFFFFF
  bus=250 dev=3 func=0 off=0x00 write=0 val=0xFFFFFFFF
  bus=250 dev=4 func=0 off=0x00 write=0 val=0xFFFFFFFF
  bus=250 dev=5 func=0 off=0x00 write=0 val=0xFFFFFFFF
  bus=250 dev=6 func=0 off=0x00 write=0 val=0xFFFFFFFF
  bus=250 dev=7 func=0 off=0x00 write=0 val=0xFFFFFFFF
  bus=250 dev=8 func=0 off=0x00 write=0 val=0xFFFFFFFF
  bus=250 dev=9 func=0 off=0x00 write=0 val=0xFFFFFFFF
  bus=250 dev=10 func=0 off=0x00 write=0 val=0xFFFFFFFF
  bus=250 dev=11 func=0 off=0x00 write=0 val=0xFFFFFFFF
  bus=250 dev=12 func=0 off=0x00 write=0 val=0xFFFFFFFF
  bus=250 dev=13 func=0 off=0x00 write=0 val=0xFFFFFFFF
  bus=250 dev=14 func=0 off=0x00 write=0 val=0xFFFFFFFF
  bus=250 dev=15 func=0 off=0x00 write=0 val=0xFFFFFFFF
  bus=250 dev=16 func=0 off=0x00 write=0 val=0xFFFFFFFF
  bus=250 dev=17 func=0 off=0x00 write=0 val=0xFFFFFFFF
  bus=250 dev=18 func=0 off=0x00 write=0 val=0xFFFFFFFF
  bus=250 dev=19 func=0 off=0x00 write=0 val=0xFFFFFFFF
  bus=250 dev=20 func=0 off=0x00 write=0 val=0xFFFFFFFF
  bus=250 dev=21 func=0 off=0x00 write=0 val=0xFFFFFFFF
  bus=250 dev=22 func=0 off=0x00 write=0 val=0xFFFFFFFF
  bus=250 dev=23 func=0 off=0x00 write=0 val=0xFFFFFFFF
  bus=250 dev=24 func=0 off=0x00 write=0 val=0xFFFFFFFF
  bus=250 dev=25 func=0 off=0x00 write=0 val=0xFFFFFFFF
  bus=250 dev=26 func=0 off=0x00 write=0 val=0xFFFFFFFF
  bus=250 dev=27 func=0 off=0x00 write=0 val=0xFFFFFFFF
  bus=250 dev=28 func=0 off=0x00 write=0 val=0xFFFFFFFF
  bus=250 dev=29 func=0 off=0x00 write=0 val=0xFFFFFFFF
  bus=250 dev=30 func=0 off=0x00 write=0 val=0xFFFFFFFF
  bus=250 dev=31 func=0 off=0x00 write=0 val=0xFFFFFFFF
  bus=251 dev=0 func=0 off=0x00 write=0 val=0xFFFFFFFF
  bus=251 dev=1 func=0 off=0x00 write=0 val=0xFFFFFFFF
  bus=251 dev=2 func=0 off=0x00 write=0 val=0xFFFFFFFF
  bus=251 dev=3 func=0 off=0x00 write=0 val=0xFFFFFFFF
  bus=251 dev=4 func=0 off=0x00 write=0 val=0xFFFFFFFF
  bus=251 dev=5 func=0 off=0x00 write=0 val=0xFFFFFFFF
  bus=251 dev=6 func=0 off=0x00 write=0 val=0xFFFFFFFF
  bus=251 dev=7 func=0 off=0x00 write=0 val=0xFFFFFFFF
  bus=251 dev=8 func=0 off=0x00 write=0 val=0xFFFFFFFF
  bus=251 dev=9 func=0 off=0x00 write=0 val=0xFFFFFFFF
  bus=251 dev=10 func=0 off=0x00 write=0 val=0xFFFFFFFF
  bus=251 dev=11 func=0 off=0x00 write=0 val=0xFFFFFFFF
  bus=251 dev=12 func=0 off=0x00 write=0 val=0xFFFFFFFF
  bus=251 dev=13 func=0 off=0x00 write=0 val=0xFFFFFFFF
  bus=251 dev=14 func=0 off=0x00 write=0 val=0xFFFFFFFF
  bus=251 dev=15 func=0 off=0x00 write=0 val=0xFFFFFFFF
  bus=251 dev=16 func=0 off=0x00 write=0 val=0xFFFFFFFF
  bus=251 dev=17 func=0 off=0x00 write=0 val=0xFFFFFFFF
  bus=251 dev=18 func=0 off=0x00 write=0 val=0xFFFFFFFF
  bus=251 dev=19 func=0 off=0x00 write=0 val=0xFFFFFFFF
  bus=251 dev=20 func=0 off=0x00 write=0 val=0xFFFFFFFF
  bus=251 dev=21 func=0 off=0x00 write=0 val=0xFFFFFFFF
  bus=251 dev=22 func=0 off=0x00 write=0 val=0xFFFFFFFF
  bus=251 dev=23 func=0 off=0x00 write=0 val=0xFFFFFFFF
  bus=251 dev=24 func=0 off=0x00 write=0 val=0xFFFFFFFF
  bus=251 dev=25 func=0 off=0x00 write=0 val=0xFFFFFFFF
  bus=251 dev=26 func=0 off=0x00 write=0 val=0xFFFFFFFF
  bus=251 dev=27 func=0 off=0x00 write=0 val=0xFFFFFFFF
  bus=251 dev=28 func=0 off=0x00 write=0 val=0xFFFFFFFF
  bus=251 dev=29 func=0 off=0x00 write=0 val=0xFFFFFFFF
  bus=251 dev=30 func=0 off=0x00 write=0 val=0xFFFFFFFF
  bus=251 dev=31 func=0 off=0x00 write=0 val=0xFFFFFFFF
  bus=252 dev=0 func=0 off=0x00 write=0 val=0xFFFFFFFF
  bus=252 dev=1 func=0 off=0x00 write=0 val=0xFFFFFFFF
  bus=252 dev=2 func=0 off=0x00 write=0 val=0xFFFFFFFF
  bus=252 dev=3 func=0 off=0x00 write=0 val=0xFFFFFFFF
  bus=252 dev=4 func=0 off=0x00 write=0 val=0xFFFFFFFF
  bus=252 dev=5 func=0 off=0x00 write=0 val=0xFFFFFFFF
  bus=252 dev=6 func=0 off=0x00 write=0 val=0xFFFFFFFF
  bus=252 dev=7 func=0 off=0x00 write=0 val=0xFFFFFFFF
  bus=252 dev=8 func=0 off=0x00 write=0 val=0xFFFFFFFF
  bus=252 dev=9 func=0 off=0x00 write=0 val=0xFFFFFFFF
  bus=252 dev=10 func=0 off=0x00 write=0 val=0xFFFFFFFF
  bus=252 dev=11 func=0 off=0x00 write=0 val=0xFFFFFFFF
  bus=252 dev=12 func=0 off=0x00 write=0 val=0xFFFFFFFF
  bus=252 dev=13 func=0 off=0x00 write=0 val=0xFFFFFFFF
  bus=252 dev=14 func=0 off=0x00 write=0 val=0xFFFFFFFF
  bus=252 dev=15 func=0 off=0x00 write=0 val=0xFFFFFFFF
  bus=252 dev=16 func=0 off=0x00 write=0 val=0xFFFFFFFF
  bus=252 dev=17 func=0 off=0x00 write=0 val=0xFFFFFFFF
  bus=252 dev=18 func=0 off=0x00 write=0 val=0xFFFFFFFF
  bus=252 dev=19 func=0 off=0x00 write=0 val=0xFFFFFFFF
  bus=252 dev=20 func=0 off=0x00 write=0 val=0xFFFFFFFF
  bus=252 dev=21 func=0 off=0x00 write=0 val=0xFFFFFFFF
  bus=252 dev=22 func=0 off=0x00 write=0 val=0xFFFFFFFF
  bus=252 dev=23 func=0 off=0x00 write=0 val=0xFFFFFFFF
  bus=252 dev=24 func=0 off=0x00 write=0 val=0xFFFFFFFF
  bus=252 dev=25 func=0 off=0x00 write=0 val=0xFFFFFFFF
  bus=252 dev=26 func=0 off=0x00 write=0 val=0xFFFFFFFF
  bus=252 dev=27 func=0 off=0x00 write=0 val=0xFFFFFFFF
  bus=252 dev=28 func=0 off=0x00 write=0 val=0xFFFFFFFF
  bus=252 dev=29 func=0 off=0x00 write=0 val=0xFFFFFFFF
  bus=252 dev=30 func=0 off=0x00 write=0 val=0xFFFFFFFF
  bus=252 dev=31 func=0 off=0x00 write=0 val=0xFFFFFFFF
  bus=253 dev=0 func=0 off=0x00 write=0 val=0xFFFFFFFF
  bus=253 dev=1 func=0 off=0x00 write=0 val=0xFFFFFFFF
  bus=253 dev=2 func=0 off=0x00 write=0 val=0xFFFFFFFF
  bus=253 dev=3 func=0 off=0x00 write=0 val=0xFFFFFFFF
  bus=253 dev=4 func=0 off=0x00 write=0 val=0xFFFFFFFF
  bus=253 dev=5 func=0 off=0x00 write=0 val=0xFFFFFFFF
  bus=253 dev=6 func=0 off=0x00 write=0 val=0xFFFFFFFF
  bus=253 dev=7 func=0 off=0x00 write=0 val=0xFFFFFFFF
  bus=253 dev=8 func=0 off=0x00 write=0 val=0xFFFFFFFF
  bus=253 dev=9 func=0 off=0x00 write=0 val=0xFFFFFFFF
  bus=253 dev=10 func=0 off=0x00 write=0 val=0xFFFFFFFF
  bus=253 dev=11 func=0 off=0x00 write=0 val=0xFFFFFFFF
  bus=253 dev=12 func=0 off=0x00 write=0 val=0xFFFFFFFF
  bus=253 dev=13 func=0 off=0x00 write=0 val=0xFFFFFFFF
  bus=253 dev=14 func=0 off=0x00 write=0 val=0xFFFFFFFF
  bus=253 dev=15 func=0 off=0x00 write=0 val=0xFFFFFFFF
  bus=253 dev=16 func=0 off=0x00 write=0 val=0xFFFFFFFF
  bus=253 dev=17 func=0 off=0x00 write=0 val=0xFFFFFFFF
  bus=253 dev=18 func=0 off=0x00 write=0 val=0xFFFFFFFF
  bus=253 dev=19 func=0 off=0x00 write=0 val=0xFFFFFFFF
  bus=253 dev=20 func=0 off=0x00 write=0 val=0xFFFFFFFF
  bus=253 dev=21 func=0 off=0x00 write=0 val=0xFFFFFFFF
  bus=253 dev=22 func=0 off=0x00 write=0 val=0xFFFFFFFF
  bus=253 dev=23 func=0 off=0x00 write=0 val=0xFFFFFFFF
  bus=253 dev=24 func=0 off=0x00 write=0 val=0xFFFFFFFF
  bus=253 dev=25 func=0 off=0x00 write=0 val=0xFFFFFFFF
  bus=253 dev=26 func=0 off=0x00 write=0 val=0xFFFFFFFF
  bus=253 dev=27 func=0 off=0x00 write=0 val=0xFFFFFFFF
  bus=253 dev=28 func=0 off=0x00 write=0 val=0xFFFFFFFF
  bus=253 dev=29 func=0 off=0x00 write=0 val=0xFFFFFFFF
  bus=253 dev=30 func=0 off=0x00 write=0 val=0xFFFFFFFF
  bus=253 dev=31 func=0 off=0x00 write=0 val=0xFFFFFFFF
  bus=254 dev=0 func=0 off=0x00 write=0 val=0xFFFFFFFF
  bus=254 dev=1 func=0 off=0x00 write=0 val=0xFFFFFFFF
  bus=254 dev=2 func=0 off=0x00 write=0 val=0xFFFFFFFF
  bus=254 dev=3 func=0 off=0x00 write=0 val=0xFFFFFFFF
  bus=254 dev=4 func=0 off=0x00 write=0 val=0xFFFFFFFF
  bus=254 dev=5 func=0 off=0x00 write=0 val=0xFFFFFFFF
  bus=254 dev=6 func=0 off=0x00 write=0 val=0xFFFFFFFF
  bus=254 dev=7 func=0 off=0x00 write=0 val=0xFFFFFFFF
  bus=254 dev=8 func=0 off=0x00 write=0 val=0xFFFFFFFF
  bus=254 dev=9 func=0 off=0x00 write=0 val=0xFFFFFFFF
  bus=254 dev=10 func=0 off=0x00 write=0 val=0xFFFFFFFF
  bus=254 dev=11 func=0 off=0x00 write=0 val=0xFFFFFFFF
  bus=254 dev=12 func=0 off=0x00 write=0 val=0xFFFFFFFF
  bus=254 dev=13 func=0 off=0x00 write=0 val=0xFFFFFFFF
  bus=254 dev=14 func=0 off=0x00 write=0 val=0xFFFFFFFF
  bus=254 dev=15 func=0 off=0x00 write=0 val=0xFFFFFFFF
  bus=254 dev=16 func=0 off=0x00 write=0 val=0xFFFFFFFF
  bus=254 dev=17 func=0 off=0x00 write=0 val=0xFFFFFFFF
  bus=254 dev=18 func=0 off=0x00 write=0 val=0xFFFFFFFF
  bus=254 dev=19 func=0 off=0x00 write=0 val=0xFFFFFFFF
  bus=254 dev=20 func=0 off=0x00 write=0 val=0xFFFFFFFF
  bus=254 dev=21 func=0 off=0x00 write=0 val=0xFFFFFFFF
  bus=254 dev=22 func=0 off=0x00 write=0 val=0xFFFFFFFF
  bus=254 dev=23 func=0 off=0x00 write=0 val=0xFFFFFFFF
  bus=254 dev=24 func=0 off=0x00 write=0 val=0xFFFFFFFF
  bus=254 dev=25 func=0 off=0x00 write=0 val=0xFFFFFFFF
  bus=254 dev=26 func=0 off=0x00 write=0 val=0xFFFFFFFF
  bus=254 dev=27 func=0 off=0x00 write=0 val=0xFFFFFFFF
  bus=254 dev=28 func=0 off=0x00 write=0 val=0xFFFFFFFF
  bus=254 dev=29 func=0 off=0x00 write=0 val=0xFFFFFFFF
  bus=254 dev=30 func=0 off=0x00 write=0 val=0xFFFFFFFF
  bus=254 dev=31 func=0 off=0x00 write=0 val=0xFFFFFFFF
  bus=255 dev=0 func=0 off=0x00 write=0 val=0xFFFFFFFF
  bus=255 dev=1 func=0 off=0x00 write=0 val=0xFFFFFFFF
  bus=255 dev=2 func=0 off=0x00 write=0 val=0xFFFFFFFF
  bus=255 dev=3 func=0 off=0x00 write=0 val=0xFFFFFFFF
  bus=255 dev=4 func=0 off=0x00 write=0 val=0xFFFFFFFF
  bus=255 dev=5 func=0 off=0x00 write=0 val=0xFFFFFFFF
  bus=255 dev=6 func=0 off=0x00 write=0 val=0xFFFFFFFF
  bus=255 dev=7 func=0 off=0x00 write=0 val=0xFFFFFFFF
  bus=255 dev=8 func=0 off=0x00 write=0 val=0xFFFFFFFF
  bus=255 dev=9 func=0 off=0x00 write=0 val=0xFFFFFFFF
  bus=255 dev=10 func=0 off=0x00 write=0 val=0xFFFFFFFF
  bus=255 dev=11 func=0 off=0x00 write=0 val=0xFFFFFFFF
  bus=255 dev=12 func=0 off=0x00 write=0 val=0xFFFFFFFF
  bus=255 dev=13 func=0 off=0x00 write=0 val=0xFFFFFFFF
  bus=255 dev=14 func=0 off=0x00 write=0 val=0xFFFFFFFF
  bus=255 dev=15 func=0 off=0x00 write=0 val=0xFFFFFFFF
  bus=255 dev=16 func=0 off=0x00 write=0 val=0xFFFFFFFF
  bus=255 dev=17 func=0 off=0x00 write=0 val=0xFFFFFFFF
  bus=255 dev=18 func=0 off=0x00 write=0 val=0xFFFFFFFF
  bus=255 dev=19 func=0 off=0x00 write=0 val=0xFFFFFFFF
  bus=255 dev=20 func=0 off=0x00 write=0 val=0xFFFFFFFF
  bus=255 dev=21 func=0 off=0x00 write=0 val=0xFFFFFFFF
  bus=255 dev=22 func=0 off=0x00 write=0 val=0xFFFFFFFF
  bus=255 dev=23 func=0 off=0x00 write=0 val=0xFFFFFFFF
  bus=255 dev=24 func=0 off=0x00 write=0 val=0xFFFFFFFF
  bus=255 dev=25 func=0 off=0x00 write=0 val=0xFFFFFFFF
  bus=255 dev=26 func=0 off=0x00 write=0 val=0xFFFFFFFF
  bus=255 dev=27 func=0 off=0x00 write=0 val=0xFFFFFFFF
  bus=255 dev=28 func=0 off=0x00 write=0 val=0xFFFFFFFF
  bus=255 dev=29 func=0 off=0x00 write=0 val=0xFFFFFFFF
  bus=255 dev=30 func=0 off=0x00 write=0 val=0xFFFFFFFF
  bus=255 dev=31 func=0 off=0x00 write=0 val=0xFFFFFFFF
[kerneldiag] dumped 768 bytes around live RIP (starting 0xFFFFF8003CDA579D, RIP itself at offset 0x40) to C:\Users\DELL\AppData\Local\Temp\claude\c--Users-DELL-OneDrive-Desktop-LocalHost-py\5bed7398-339c-497a-9383-821cf9d2769e\scratchpad\NewStallRip.bin
[kerneldiag] spin-wait target VA=0xFFFFF8003CDA683D initial value=0xFFE9F2FBE8746C66 -- will re-poll on later stall ticks
[kerneldiag] module PE: 33 sections, watched target RVA=0x3A683D
[kerneldiag] section[0] name=.rdata VA=0x1000 VSize=0xC7420 RawPtr=0x800 RawSize=0xC7600 chars=0x48000040
[kerneldiag] section[1] name=.pdata VA=0xC9000 VSize=0x67914 RawPtr=0xC7E00 RawSize=0x67A00 chars=0x48000040
[kerneldiag] section[2] name=.idata VA=0x131000 VSize=0x20C2 RawPtr=0x12F800 RawSize=0x2200 chars=0x48000040
[kerneldiag] section[3] name=.edata VA=0x134000 VSize=0x18D7E RawPtr=0x131A00 RawSize=0x18E00 chars=0x40000040
[kerneldiag] section[4] name=PROTDATA VA=0x14D000 VSize=0x1 RawPtr=0x14A800 RawSize=0x200 chars=0x48000040
[kerneldiag] section[5] name=GFIDS VA=0x14E000 VSize=0x8C38 RawPtr=0x14AA00 RawSize=0x8E00 chars=0x42000040
[kerneldiag] section[6] name=Pad1 VA=0x157000 VSize=0xA9000 RawPtr=0x0 RawSize=0x0 chars=0x42000080
[kerneldiag] section[7] name=.text VA=0x200000 VSize=0x3CC289 RawPtr=0x153800 RawSize=0x3CC400 chars=0x68000020  <-- CONTAINS WATCHED TARGET
[kerneldiag] section[8] name=PAGE VA=0x5CD000 VSize=0x3C46A6 RawPtr=0x51FC00 RawSize=0x3C4800 chars=0x60000020
[kerneldiag] section[9] name=PAGELK VA=0x992000 VSize=0x24EC4 RawPtr=0x8E4400 RawSize=0x25000 chars=0x60000020
[kerneldiag] section[10] name=POOLCODE VA=0x9B7000 VSize=0x48B RawPtr=0x909400 RawSize=0x600 chars=0x68000020
[kerneldiag] section[11] name=PAGEKD VA=0x9B8000 VSize=0x5B92 RawPtr=0x909A00 RawSize=0x5C00 chars=0x60000020
[kerneldiag] section[12] name=PAGEVRFY VA=0x9BE000 VSize=0x3210C RawPtr=0x90F600 RawSize=0x32200 chars=0x60000020
[kerneldiag] section[13] name=PAGEHDLS VA=0x9F1000 VSize=0x25D6 RawPtr=0x941800 RawSize=0x2600 chars=0x60000020
[kerneldiag] section[14] name=PAGEBGFX VA=0x9F4000 VSize=0x69DA RawPtr=0x943E00 RawSize=0x6A00 chars=0x60000020
[kerneldiag] section[15] name=INITKDBG VA=0x9FB000 VSize=0x195BA RawPtr=0x94A800 RawSize=0x19600 chars=0x68000020
[kerneldiag] section[16] name=TRACESUP VA=0xA15000 VSize=0x175B RawPtr=0x963E00 RawSize=0x1800 chars=0x68000020
[kerneldiag] section[17] name=KVASCODE VA=0xA17000 VSize=0x23D8 RawPtr=0x965600 RawSize=0x2400 chars=0x68000020
[kerneldiag] section[18] name=RETPOL VA=0xA1A000 VSize=0x880 RawPtr=0x967A00 RawSize=0xA00 chars=0x68000020
[kerneldiag] section[19] name=MINIEX VA=0xA1B000 VSize=0x25AE RawPtr=0x968400 RawSize=0x2600 chars=0x62000020
[kerneldiag] dumped 0x4000 bytes of unidentified module (base=0xFFFFF8003CA00000) to C:\Users\DELL\AppData\Local\Temp\claude\c--Users-DELL-OneDrive-Desktop-LocalHost-py\5bed7398-339c-497a-9383-821cf9d2769e\scratchpad\NewStallModule.bin
[kerneldiag] memory around spin-wait target (IRQL permits DPCs, irql=0x0):
  target-16: FF 48 8B 4B 38 E8 5D 6E 3E 00 48 8B 4B 38 BA 44
  target+0: 66 6C 74 E8 FB F2 E9 FF 48 8B 4B 30 48 85 C9 75
  target+16: 11 33 D2 48 8B CB E8 58 08 61 00 48 83 C4 20 5B
  target+32: C3 CC 33 D2 E8 4A 08 61 00 EB E6 CC CC CC CC CC
[kerneldiag] bytes at target+0x08/+0x10 (candidate WaitListHead Flink/Blink) = 0x75C98548304B8B48 / 0x58E8CB8B48D23311 -- does NOT look like a pointer pair -- more consistent with a plain shared flag/counter, not a dispatcher object
[kerneldiag] candidate return address (caller) at [rsp+0x18] = 0xFFFFF800430752F0
[kerneldiag] candidate address 0xFFFFF800430752F0 resolves to module base 0xFFFFF80042DF0000 (+0x2852F0 into it)
[kerneldiag] debug directory: type=2 codeViewRva=0x2174
[kerneldiag] module PDB name: volume.pdb guid=AAF65608-ADE9-794A-A208A2E6534FF85E age=1
[kerneldiag] dumped 0x300 bytes around return address (starting 0xFFFFF800430751F0, retaddr at offset 0x100, module base 0xFFFFF80042DF0000, RVA of retaddr 0x2852F0) to C:\Users\DELL\AppData\Local\Temp\claude\c--Users-DELL-OneDrive-Desktop-LocalHost-py\5bed7398-339c-497a-9383-821cf9d2769e\scratchpad\CallerContext.bin
[kerneldiag] registration object pointer at caller+0xCA9008 (VA=0xFFFFF80043A99008) = 0x88250C8B4865FFF7
[kerneldiag] failed to read registration object at 0x88250C8B4865FFF7
[kerneldiag] failed to read wide caller dump at 0xFFFFF8004315D000
[kerneldiag] scanning stack from rsp=0xFFFFF80043075280 for candidate return addresses:
  [rsp+0x008] = 0xFFFFF800399AE5F0[kerneldiag] no PE header found scanning VA back from 0xFFFFF800399AE5F0

  [rsp+0x010] = 0xFFFFF800000000E2[kerneldiag] no PE header found scanning VA back from 0xFFFFF800000000E2

  [rsp+0x018] = 0xFFFFF800430752F0[kerneldiag] candidate address 0xFFFFF800430752F0 resolves to module base 0xFFFFF80042DF0000 (+0x2852F0 into it)
[kerneldiag] debug directory: type=2 codeViewRva=0x2174
[kerneldiag] module PDB name: volume.pdb guid=AAF65608-ADE9-794A-A208A2E6534FF85E age=1
    ^ [rsp+0x018] module base 0xFFFFF80042DF0000 RVA 0x2852F0
    ^ dumped 0x180 bytes (starting 0xFFFFF800430751F0, candidate at offset 0x100) to C:\Users\DELL\AppData\Local\Temp\claude\c--Users-DELL-OneDrive-Desktop-LocalHost-py\5bed7398-339c-497a-9383-821cf9d2769e\scratchpad\StackCand_0x18.bin
  [rsp+0x060] = 0xFFFFF800430753C0[kerneldiag] candidate address 0xFFFFF800430753C0 resolves to module base 0xFFFFF80042DF0000 (+0x2853C0 into it)
[kerneldiag] debug directory: type=2 codeViewRva=0x2174
[kerneldiag] module PDB name: volume.pdb guid=AAF65608-ADE9-794A-A208A2E6534FF85E age=1
    ^ [rsp+0x060] module base 0xFFFFF80042DF0000 RVA 0x2853C0
    ^ dumped 0x180 bytes (starting 0xFFFFF800430752C0, candidate at offset 0x100) to C:\Users\DELL\AppData\Local\Temp\claude\c--Users-DELL-OneDrive-Desktop-LocalHost-py\5bed7398-339c-497a-9383-821cf9d2769e\scratchpad\StackCand_0x60.bin
  [rsp+0x068] = 0xFFFFF8003CDA3677[kerneldiag] candidate address 0xFFFFF8003CDA3677 resolves to module base 0xFFFFF8003CA00000 (+0x3A3677 into it)
[kerneldiag] debug directory: type=2 codeViewRva=0x40970
[kerneldiag] module PDB name: ntkrnlmp.pdb guid=D9424FC4-861E-47C1-0FAD1B35DEC6DCC8 age=1
    ^ [rsp+0x068] module base 0xFFFFF8003CA00000 RVA 0x3A3677
    ^ dumped 0x180 bytes (starting 0xFFFFF8003CDA3577, candidate at offset 0x100) to C:\Users\DELL\AppData\Local\Temp\claude\c--Users-DELL-OneDrive-Desktop-LocalHost-py\5bed7398-339c-497a-9383-821cf9d2769e\scratchpad\StackCand_0x68.bin
  [rsp+0x078] = 0xFFFFF7C0C0001340[kerneldiag] no PE header found scanning VA back from 0xFFFFF7C0C0001340

  [rsp+0x088] = 0xFFFFF800399AE5F0[kerneldiag] no PE header found scanning VA back from 0xFFFFF800399AE5F0

  [rsp+0x090] = 0xFFFFF7C0C0001340[kerneldiag] no PE header found scanning VA back from 0xFFFFF7C0C0001340

  [rsp+0x098] = 0xFFFFF8003CDB0B2B[kerneldiag] candidate address 0xFFFFF8003CDB0B2B resolves to module base 0xFFFFF8003CA00000 (+0x3B0B2B into it)
[kerneldiag] debug directory: type=2 codeViewRva=0x40970
[kerneldiag] module PDB name: ntkrnlmp.pdb guid=D9424FC4-861E-47C1-0FAD1B35DEC6DCC8 age=1
    ^ [rsp+0x098] module base 0xFFFFF8003CA00000 RVA 0x3B0B2B
    ^ dumped 0x180 bytes (starting 0xFFFFF8003CDB0A2B, candidate at offset 0x100) to C:\Users\DELL\AppData\Local\Temp\claude\c--Users-DELL-OneDrive-Desktop-LocalHost-py\5bed7398-339c-497a-9383-821cf9d2769e\scratchpad\StackCand_0x98.bin
  [rsp+0x0A0] = 0xFFFFF800399AE5F0[kerneldiag] no PE header found scanning VA back from 0xFFFFF800399AE5F0

  [rsp+0x0A8] = 0xFFFFFFFFFFFFFFFF[kerneldiag] no PE header found scanning VA back from 0xFFFFFFFFFFFFFFFF

  [rsp+0x0B0] = 0xFFFFFFFFFFFFFFFD[kerneldiag] no PE header found scanning VA back from 0xFFFFFFFFFFFFFFFD

  [rsp+0x0D0] = 0xFFFFFFFFFFFFFFFF[kerneldiag] no PE header found scanning VA back from 0xFFFFFFFFFFFFFFFF

  [rsp+0x0D8] = 0xFFFFF8003D447FAE[kerneldiag] candidate address 0xFFFFF8003D447FAE resolves to module base 0xFFFFF8003CA00000 (+0xA47FAE into it)
[kerneldiag] debug directory: type=2 codeViewRva=0x40970
[kerneldiag] module PDB name: ntkrnlmp.pdb guid=D9424FC4-861E-47C1-0FAD1B35DEC6DCC8 age=1
    ^ [rsp+0x0D8] module base 0xFFFFF8003CA00000 RVA 0xA47FAE
    ^ dumped 0x180 bytes (starting 0xFFFFF8003D447EAE, candidate at offset 0x100) to C:\Users\DELL\AppData\Local\Temp\claude\c--Users-DELL-OneDrive-Desktop-LocalHost-py\5bed7398-339c-497a-9383-821cf9d2769e\scratchpad\StackCand_0xD8.bin
  [rsp+0x0F0] = 0xFFFFF800399AE5F0[kerneldiag] no PE header found scanning VA back from 0xFFFFF800399AE5F0

  [rsp+0x100] = 0xFFFFFFFFFFFFFFFD[kerneldiag] no PE header found scanning VA back from 0xFFFFFFFFFFFFFFFD

  [rsp+0x118] = 0xFFFFF800399AE5F0[kerneldiag] no PE header found scanning VA back from 0xFFFFF800399AE5F0

  [rsp+0x128] = 0xFFFFF8003D475D0D[kerneldiag] candidate address 0xFFFFF8003D475D0D resolves to module base 0xFFFFF8003CA00000 (+0xA75D0D into it)
[kerneldiag] debug directory: type=2 codeViewRva=0x40970
[kerneldiag] module PDB name: ntkrnlmp.pdb guid=D9424FC4-861E-47C1-0FAD1B35DEC6DCC8 age=1
    ^ [rsp+0x128] module base 0xFFFFF8003CA00000 RVA 0xA75D0D
    ^ dumped 0x180 bytes (starting 0xFFFFF8003D475C0D, candidate at offset 0x100) to C:\Users\DELL\AppData\Local\Temp\claude\c--Users-DELL-OneDrive-Desktop-LocalHost-py\5bed7398-339c-497a-9383-821cf9d2769e\scratchpad\StackCand_0x128.bin
  [rsp+0x130] = 0xFFFFF800399AE5F0[kerneldiag] no PE header found scanning VA back from 0xFFFFF800399AE5F0

  [rsp+0x148] = 0xFFFFF8003CA08200[kerneldiag] candidate address 0xFFFFF8003CA08200 resolves to module base 0xFFFFF8003CA00000 (+0x8200 into it)
[kerneldiag] debug directory: type=2 codeViewRva=0x40970
[kerneldiag] module PDB name: ntkrnlmp.pdb guid=D9424FC4-861E-47C1-0FAD1B35DEC6DCC8 age=1
    ^ [rsp+0x148] module base 0xFFFFF8003CA00000 RVA 0x8200
    ^ dumped 0x180 bytes (starting 0xFFFFF8003CA08100, candidate at offset 0x100) to C:\Users\DELL\AppData\Local\Temp\claude\c--Users-DELL-OneDrive-Desktop-LocalHost-py\5bed7398-339c-497a-9383-821cf9d2769e\scratchpad\StackCand_0x148.bin
  [rsp+0x160] = 0xFFFFC7E41D96FEC7[kerneldiag] no PE header found scanning VA back from 0xFFFFC7E41D96FEC7

  [rsp+0x178] = 0xFFFFF8003D3A1612[kerneldiag] candidate address 0xFFFFF8003D3A1612 resolves to module base 0xFFFFF8003CA00000 (+0x9A1612 into it)
[kerneldiag] debug directory: type=2 codeViewRva=0x40970
[kerneldiag] module PDB name: ntkrnlmp.pdb guid=D9424FC4-861E-47C1-0FAD1B35DEC6DCC8 age=1
    ^ [rsp+0x178] module base 0xFFFFF8003CA00000 RVA 0x9A1612
    ^ dumped 0x180 bytes (starting 0xFFFFF8003D3A1512, candidate at offset 0x100) to C:\Users\DELL\AppData\Local\Temp\claude\c--Users-DELL-OneDrive-Desktop-LocalHost-py\5bed7398-339c-497a-9383-821cf9d2769e\scratchpad\StackCand_0x178.bin
  [rsp+0x188] = 0xFFFFF8003D3A3D4B[kerneldiag] candidate address 0xFFFFF8003D3A3D4B resolves to module base 0xFFFFF8003CA00000 (+0x9A3D4B into it)
[kerneldiag] debug directory: type=2 codeViewRva=0x40970
[kerneldiag] module PDB name: ntkrnlmp.pdb guid=D9424FC4-861E-47C1-0FAD1B35DEC6DCC8 age=1
    ^ [rsp+0x188] module base 0xFFFFF8003CA00000 RVA 0x9A3D4B
    ^ dumped 0x180 bytes (starting 0xFFFFF8003D3A3C4B, candidate at offset 0x100) to C:\Users\DELL\AppData\Local\Temp\claude\c--Users-DELL-OneDrive-Desktop-LocalHost-py\5bed7398-339c-497a-9383-821cf9d2769e\scratchpad\StackCand_0x188.bin
  [rsp+0x198] = 0xFFFFF800399AE5F0[kerneldiag] no PE header found scanning VA back from 0xFFFFF800399AE5F0

  [rsp+0x1A8] = 0xFFFFF800399AE5F0[kerneldiag] no PE header found scanning VA back from 0xFFFFF800399AE5F0

  [rsp+0x1B8] = 0xFFFFF8003D39E7F7[kerneldiag] candidate address 0xFFFFF8003D39E7F7 resolves to module base 0xFFFFF8003CA00000 (+0x99E7F7 into it)
[kerneldiag] debug directory: type=2 codeViewRva=0x40970
[kerneldiag] module PDB name: ntkrnlmp.pdb guid=D9424FC4-861E-47C1-0FAD1B35DEC6DCC8 age=1
    ^ [rsp+0x1B8] module base 0xFFFFF8003CA00000 RVA 0x99E7F7
    ^ dumped 0x180 bytes (starting 0xFFFFF8003D39E6F7, candidate at offset 0x100) to C:\Users\DELL\AppData\Local\Temp\claude\c--Users-DELL-OneDrive-Desktop-LocalHost-py\5bed7398-339c-497a-9383-821cf9d2769e\scratchpad\StackCand_0x1B8.bin
  [rsp+0x1D0] = 0xFFFFF8003CA08210[kerneldiag] candidate address 0xFFFFF8003CA08210 resolves to module base 0xFFFFF8003CA00000 (+0x8210 into it)
[kerneldiag] debug directory: type=2 codeViewRva=0x40970
[kerneldiag] module PDB name: ntkrnlmp.pdb guid=D9424FC4-861E-47C1-0FAD1B35DEC6DCC8 age=1
    ^ [rsp+0x1D0] module base 0xFFFFF8003CA00000 RVA 0x8210
    ^ dumped 0x180 bytes (starting 0xFFFFF8003CA08110, candidate at offset 0x100) to C:\Users\DELL\AppData\Local\Temp\claude\c--Users-DELL-OneDrive-Desktop-LocalHost-py\5bed7398-339c-497a-9383-821cf9d2769e\scratchpad\StackCand_0x1D0.bin
  [rsp+0x1D8] = 0xFFFFF8003D0F184C[kerneldiag] candidate address 0xFFFFF8003D0F184C resolves to module base 0xFFFFF8003CA00000 (+0x6F184C into it)
[kerneldiag] debug directory: type=2 codeViewRva=0x40970
[kerneldiag] module PDB name: ntkrnlmp.pdb guid=D9424FC4-861E-47C1-0FAD1B35DEC6DCC8 age=1
    ^ [rsp+0x1D8] module base 0xFFFFF8003CA00000 RVA 0x6F184C
    ^ dumped 0x180 bytes (starting 0xFFFFF8003D0F174C, candidate at offset 0x100) to C:\Users\DELL\AppData\Local\Temp\claude\c--Users-DELL-OneDrive-Desktop-LocalHost-py\5bed7398-339c-497a-9383-821cf9d2769e\scratchpad\StackCand_0x1D8.bin
  [rsp+0x200] = 0xFFFFF8003A91A21C[kerneldiag] candidate address 0xFFFFF8003A91A21C resolves to module base 0xFFFFF8003A89E000 (+0x7C21C into it)
[kerneldiag] no debug directory RVA in this module's PE header
    ^ [rsp+0x200] module base 0xFFFFF8003A89E000 RVA 0x7C21C
    ^ dumped 0x180 bytes (starting 0xFFFFF8003A91A11C, candidate at offset 0x100) to C:\Users\DELL\AppData\Local\Temp\claude\c--Users-DELL-OneDrive-Desktop-LocalHost-py\5bed7398-339c-497a-9383-821cf9d2769e\scratchpad\StackCand_0x200.bin
  [rsp+0x208] = 0xFFFFF8003D4773EC[kerneldiag] candidate address 0xFFFFF8003D4773EC resolves to module base 0xFFFFF8003CA00000 (+0xA773EC into it)
[kerneldiag] debug directory: type=2 codeViewRva=0x40970
[kerneldiag] module PDB name: ntkrnlmp.pdb guid=D9424FC4-861E-47C1-0FAD1B35DEC6DCC8 age=1
    ^ [rsp+0x208] module base 0xFFFFF8003CA00000 RVA 0xA773EC
    ^ dumped 0x180 bytes (starting 0xFFFFF8003D4772EC, candidate at offset 0x100) to C:\Users\DELL\AppData\Local\Temp\claude\c--Users-DELL-OneDrive-Desktop-LocalHost-py\5bed7398-339c-497a-9383-821cf9d2769e\scratchpad\StackCand_0x208.bin
  [rsp+0x210] = 0xFFFFF800399AE5F0[kerneldiag] no PE header found scanning VA back from 0xFFFFF800399AE5F0

  [rsp+0x218] = 0xFFFFF80043075600[kerneldiag] candidate address 0xFFFFF80043075600 resolves to module base 0xFFFFF80042DF0000 (+0x285600 into it)
[kerneldiag] debug directory: type=2 codeViewRva=0x2174
[kerneldiag] module PDB name: volume.pdb guid=AAF65608-ADE9-794A-A208A2E6534FF85E age=1
    ^ [rsp+0x218] module base 0xFFFFF80042DF0000 RVA 0x285600
    ^ dumped 0x180 bytes (starting 0xFFFFF80043075500, candidate at offset 0x100) to C:\Users\DELL\AppData\Local\Temp\claude\c--Users-DELL-OneDrive-Desktop-LocalHost-py\5bed7398-339c-497a-9383-821cf9d2769e\scratchpad\StackCand_0x218.bin
  [rsp+0x238] = 0xFFFFF8003D39E762[kerneldiag] candidate address 0xFFFFF8003D39E762 resolves to module base 0xFFFFF8003CA00000 (+0x99E762 into it)
[kerneldiag] debug directory: type=2 codeViewRva=0x40970
[kerneldiag] module PDB name: ntkrnlmp.pdb guid=D9424FC4-861E-47C1-0FAD1B35DEC6DCC8 age=1
    ^ [rsp+0x238] module base 0xFFFFF8003CA00000 RVA 0x99E762
    ^ dumped 0x180 bytes (starting 0xFFFFF8003D39E662, candidate at offset 0x100) to C:\Users\DELL\AppData\Local\Temp\claude\c--Users-DELL-OneDrive-Desktop-LocalHost-py\5bed7398-339c-497a-9383-821cf9d2769e\scratchpad\StackCand_0x238.bin
  [rsp+0x248] = 0xFFFFF8003D46F878[kerneldiag] candidate address 0xFFFFF8003D46F878 resolves to module base 0xFFFFF8003CA00000 (+0xA6F878 into it)
[kerneldiag] debug directory: type=2 codeViewRva=0x40970
[kerneldiag] module PDB name: ntkrnlmp.pdb guid=D9424FC4-861E-47C1-0FAD1B35DEC6DCC8 age=1
    ^ [rsp+0x248] module base 0xFFFFF8003CA00000 RVA 0xA6F878
    ^ dumped 0x180 bytes (starting 0xFFFFF8003D46F778, candidate at offset 0x100) to C:\Users\DELL\AppData\Local\Temp\claude\c--Users-DELL-OneDrive-Desktop-LocalHost-py\5bed7398-339c-497a-9383-821cf9d2769e\scratchpad\StackCand_0x248.bin
  [rsp+0x258] = 0xFFFFF800430755A0[kerneldiag] candidate address 0xFFFFF800430755A0 resolves to module base 0xFFFFF80042DF0000 (+0x2855A0 into it)
[kerneldiag] debug directory: type=2 codeViewRva=0x2174
[kerneldiag] module PDB name: volume.pdb guid=AAF65608-ADE9-794A-A208A2E6534FF85E age=1
    ^ [rsp+0x258] module base 0xFFFFF80042DF0000 RVA 0x2855A0
    ^ dumped 0x180 bytes (starting 0xFFFFF800430754A0, candidate at offset 0x100) to C:\Users\DELL\AppData\Local\Temp\claude\c--Users-DELL-OneDrive-Desktop-LocalHost-py\5bed7398-339c-497a-9383-821cf9d2769e\scratchpad\StackCand_0x258.bin
  [rsp+0x260] = 0xFFFFC7E41D96F927[kerneldiag] no PE header found scanning VA back from 0xFFFFC7E41D96F927

  [rsp+0x268] = 0xFFFFF8003CC0706C[kerneldiag] candidate address 0xFFFFF8003CC0706C resolves to module base 0xFFFFF8003CA00000 (+0x20706C into it)
[kerneldiag] debug directory: type=2 codeViewRva=0x40970
[kerneldiag] module PDB name: ntkrnlmp.pdb guid=D9424FC4-861E-47C1-0FAD1B35DEC6DCC8 age=1
    ^ [rsp+0x268] module base 0xFFFFF8003CA00000 RVA 0x20706C
    ^ dumped 0x180 bytes (starting 0xFFFFF8003CC06F6C, candidate at offset 0x100) to C:\Users\DELL\AppData\Local\Temp\claude\c--Users-DELL-OneDrive-Desktop-LocalHost-py\5bed7398-339c-497a-9383-821cf9d2769e\scratchpad\StackCand_0x268.bin
  [rsp+0x270] = 0xFFFFF800399AE5F0[kerneldiag] no PE header found scanning VA back from 0xFFFFF800399AE5F0

  [rsp+0x278] = 0xFFFFF8003D43D36B[kerneldiag] candidate address 0xFFFFF8003D43D36B resolves to module base 0xFFFFF8003CA00000 (+0xA3D36B into it)
[kerneldiag] debug directory: type=2 codeViewRva=0x40970
[kerneldiag] module PDB name: ntkrnlmp.pdb guid=D9424FC4-861E-47C1-0FAD1B35DEC6DCC8 age=1
    ^ [rsp+0x278] module base 0xFFFFF8003CA00000 RVA 0xA3D36B
    ^ dumped 0x180 bytes (starting 0xFFFFF8003D43D26B, candidate at offset 0x100) to C:\Users\DELL\AppData\Local\Temp\claude\c--Users-DELL-OneDrive-Desktop-LocalHost-py\5bed7398-339c-497a-9383-821cf9d2769e\scratchpad\StackCand_0x278.bin
  [rsp+0x280] = 0xFFFFF800399AE5F0[kerneldiag] no PE header found scanning VA back from 0xFFFFF800399AE5F0

  [rsp+0x288] = 0xFFFFF80043075600[kerneldiag] candidate address 0xFFFFF80043075600 resolves to module base 0xFFFFF80042DF0000 (+0x285600 into it)
[kerneldiag] debug directory: type=2 codeViewRva=0x2174
[kerneldiag] module PDB name: volume.pdb guid=AAF65608-ADE9-794A-A208A2E6534FF85E age=1
    ^ [rsp+0x288] module base 0xFFFFF80042DF0000 RVA 0x285600
    ^ dumped 0x180 bytes (starting 0xFFFFF80043075500, candidate at offset 0x100) to C:\Users\DELL\AppData\Local\Temp\claude\c--Users-DELL-OneDrive-Desktop-LocalHost-py\5bed7398-339c-497a-9383-821cf9d2769e\scratchpad\StackCand_0x288.bin
  [rsp+0x2A0] = 0xFFFFF8003CAC9000[kerneldiag] candidate address 0xFFFFF8003CAC9000 resolves to module base 0xFFFFF8003CA00000 (+0xC9000 into it)
[kerneldiag] debug directory: type=2 codeViewRva=0x40970
[kerneldiag] module PDB name: ntkrnlmp.pdb guid=D9424FC4-861E-47C1-0FAD1B35DEC6DCC8 age=1
    ^ [rsp+0x2A0] module base 0xFFFFF8003CA00000 RVA 0xC9000
    ^ dumped 0x180 bytes (starting 0xFFFFF8003CAC8F00, candidate at offset 0x100) to C:\Users\DELL\AppData\Local\Temp\claude\c--Users-DELL-OneDrive-Desktop-LocalHost-py\5bed7398-339c-497a-9383-821cf9d2769e\scratchpad\StackCand_0x2A0.bin
  [rsp+0x2B0] = 0xFFFFF80043075608[kerneldiag] candidate address 0xFFFFF80043075608 resolves to module base 0xFFFFF80042DF0000 (+0x285608 into it)
[kerneldiag] debug directory: type=2 codeViewRva=0x2174
[kerneldiag] module PDB name: volume.pdb guid=AAF65608-ADE9-794A-A208A2E6534FF85E age=1
    ^ [rsp+0x2B0] module base 0xFFFFF80042DF0000 RVA 0x285608
    ^ dumped 0x180 bytes (starting 0xFFFFF80043075508, candidate at offset 0x100) to C:\Users\DELL\AppData\Local\Temp\claude\c--Users-DELL-OneDrive-Desktop-LocalHost-py\5bed7398-339c-497a-9383-821cf9d2769e\scratchpad\StackCand_0x2B0.bin
  [rsp+0x2F0] = 0xFFFFF8003CA00118[kerneldiag] candidate address 0xFFFFF8003CA00118 resolves to module base 0xFFFFF8003CA00000 (+0x118 into it)
[kerneldiag] debug directory: type=2 codeViewRva=0x40970
[kerneldiag] module PDB name: ntkrnlmp.pdb guid=D9424FC4-861E-47C1-0FAD1B35DEC6DCC8 age=1
    ^ [rsp+0x2F0] module base 0xFFFFF8003CA00000 RVA 0x118
    ^ dumped 0x180 bytes (starting 0xFFFFF8003CA00018, candidate at offset 0x100) to C:\Users\DELL\AppData\Local\Temp\claude\c--Users-DELL-OneDrive-Desktop-LocalHost-py\5bed7398-339c-497a-9383-821cf9d2769e\scratchpad\StackCand_0x2F0.bin
  [rsp+0x308] = 0xFFFFF80043075670[kerneldiag] candidate address 0xFFFFF80043075670 resolves to module base 0xFFFFF80042DF0000 (+0x285670 into it)
[kerneldiag] debug directory: type=2 codeViewRva=0x2174
[kerneldiag] module PDB name: volume.pdb guid=AAF65608-ADE9-794A-A208A2E6534FF85E age=1
    ^ [rsp+0x308] module base 0xFFFFF80042DF0000 RVA 0x285670
    ^ dumped 0x180 bytes (starting 0xFFFFF80043075570, candidate at offset 0x100) to C:\Users\DELL\AppData\Local\Temp\claude\c--Users-DELL-OneDrive-Desktop-LocalHost-py\5bed7398-339c-497a-9383-821cf9d2769e\scratchpad\StackCand_0x308.bin
  [rsp+0x310] = 0xFFFFF8003A91A180[kerneldiag] candidate address 0xFFFFF8003A91A180 resolves to module base 0xFFFFF8003A89E000 (+0x7C180 into it)
[kerneldiag] no debug directory RVA in this module's PE header
    ^ [rsp+0x310] module base 0xFFFFF8003A89E000 RVA 0x7C180
    ^ dumped 0x180 bytes (starting 0xFFFFF8003A91A080, candidate at offset 0x100) to C:\Users\DELL\AppData\Local\Temp\claude\c--Users-DELL-OneDrive-Desktop-LocalHost-py\5bed7398-339c-497a-9383-821cf9d2769e\scratchpad\StackCand_0x310.bin
  [rsp+0x318] = 0xFFFFF8003CC0706C[kerneldiag] candidate address 0xFFFFF8003CC0706C resolves to module base 0xFFFFF8003CA00000 (+0x20706C into it)
[kerneldiag] debug directory: type=2 codeViewRva=0x40970
[kerneldiag] module PDB name: ntkrnlmp.pdb guid=D9424FC4-861E-47C1-0FAD1B35DEC6DCC8 age=1
    ^ [rsp+0x318] module base 0xFFFFF8003CA00000 RVA 0x20706C
    ^ dumped 0x180 bytes (starting 0xFFFFF8003CC06F6C, candidate at offset 0x100) to C:\Users\DELL\AppData\Local\Temp\claude\c--Users-DELL-OneDrive-Desktop-LocalHost-py\5bed7398-339c-497a-9383-821cf9d2769e\scratchpad\StackCand_0x318.bin
  [rsp+0x320] = 0xFFFFF8003CA00118[kerneldiag] candidate address 0xFFFFF8003CA00118 resolves to module base 0xFFFFF8003CA00000 (+0x118 into it)
[kerneldiag] debug directory: type=2 codeViewRva=0x40970
[kerneldiag] module PDB name: ntkrnlmp.pdb guid=D9424FC4-861E-47C1-0FAD1B35DEC6DCC8 age=1
    ^ [rsp+0x320] module base 0xFFFFF8003CA00000 RVA 0x118
    ^ dumped 0x180 bytes (starting 0xFFFFF8003CA00018, candidate at offset 0x100) to C:\Users\DELL\AppData\Local\Temp\claude\c--Users-DELL-OneDrive-Desktop-LocalHost-py\5bed7398-339c-497a-9383-821cf9d2769e\scratchpad\StackCand_0x320.bin
  [rsp+0x340] = 0xFFFFF800430755D0[kerneldiag] candidate address 0xFFFFF800430755D0 resolves to module base 0xFFFFF80042DF0000 (+0x2855D0 into it)
[kerneldiag] debug directory: type=2 codeViewRva=0x2174
[kerneldiag] module PDB name: volume.pdb guid=AAF65608-ADE9-794A-A208A2E6534FF85E age=1
    ^ [rsp+0x340] module base 0xFFFFF80042DF0000 RVA 0x2855D0
    ^ dumped 0x180 bytes (starting 0xFFFFF800430754D0, candidate at offset 0x100) to C:\Users\DELL\AppData\Local\Temp\claude\c--Users-DELL-OneDrive-Desktop-LocalHost-py\5bed7398-339c-497a-9383-821cf9d2769e\scratchpad\StackCand_0x340.bin
  [rsp+0x350] = 0xFFFFF8003CAC9000[kerneldiag] candidate address 0xFFFFF8003CAC9000 resolves to module base 0xFFFFF8003CA00000 (+0xC9000 into it)
[kerneldiag] debug directory: type=2 codeViewRva=0x40970
[kerneldiag] module PDB name: ntkrnlmp.pdb guid=D9424FC4-861E-47C1-0FAD1B35DEC6DCC8 age=1
    ^ [rsp+0x350] module base 0xFFFFF8003CA00000 RVA 0xC9000
    ^ dumped 0x180 bytes (starting 0xFFFFF8003CAC8F00, candidate at offset 0x100) to C:\Users\DELL\AppData\Local\Temp\claude\c--Users-DELL-OneDrive-Desktop-LocalHost-py\5bed7398-339c-497a-9383-821cf9d2769e\scratchpad\StackCand_0x350.bin
  [rsp+0x358] = 0xFFFFF8003CC07121[kerneldiag] candidate address 0xFFFFF8003CC07121 resolves to module base 0xFFFFF8003CA00000 (+0x207121 into it)
[kerneldiag] debug directory: type=2 codeViewRva=0x40970
[kerneldiag] module PDB name: ntkrnlmp.pdb guid=D9424FC4-861E-47C1-0FAD1B35DEC6DCC8 age=1
    ^ [rsp+0x358] module base 0xFFFFF8003CA00000 RVA 0x207121
    ^ dumped 0x180 bytes (starting 0xFFFFF8003CC07021, candidate at offset 0x100) to C:\Users\DELL\AppData\Local\Temp\claude\c--Users-DELL-OneDrive-Desktop-LocalHost-py\5bed7398-339c-497a-9383-821cf9d2769e\scratchpad\StackCand_0x358.bin
  [rsp+0x360] = 0xFFFFF80043075678[kerneldiag] candidate address 0xFFFFF80043075678 resolves to module base 0xFFFFF80042DF0000 (+0x285678 into it)
[kerneldiag] debug directory: type=2 codeViewRva=0x2174
[kerneldiag] module PDB name: volume.pdb guid=AAF65608-ADE9-794A-A208A2E6534FF85E age=1
    ^ [rsp+0x360] module base 0xFFFFF80042DF0000 RVA 0x285678
    ^ dumped 0x180 bytes (starting 0xFFFFF80043075578, candidate at offset 0x100) to C:\Users\DELL\AppData\Local\Temp\claude\c--Users-DELL-OneDrive-Desktop-LocalHost-py\5bed7398-339c-497a-9383-821cf9d2769e\scratchpad\StackCand_0x360.bin
  [rsp+0x368] = 0xFFFFF8003CD72260[kerneldiag] candidate address 0xFFFFF8003CD72260 resolves to module base 0xFFFFF8003CA00000 (+0x372260 into it)
[kerneldiag] debug directory: type=2 codeViewRva=0x40970
[kerneldiag] module PDB name: ntkrnlmp.pdb guid=D9424FC4-861E-47C1-0FAD1B35DEC6DCC8 age=1
    ^ [rsp+0x368] module base 0xFFFFF8003CA00000 RVA 0x372260
    ^ dumped 0x180 bytes (starting 0xFFFFF8003CD72160, candidate at offset 0x100) to C:\Users\DELL\AppData\Local\Temp\claude\c--Users-DELL-OneDrive-Desktop-LocalHost-py\5bed7398-339c-497a-9383-821cf9d2769e\scratchpad\StackCand_0x368.bin
  [rsp+0x370] = 0xFFFFF8003D725440[kerneldiag] candidate address 0xFFFFF8003D725440 resolves to module base 0xFFFFF8003CA00000 (+0xD25440 into it)
[kerneldiag] debug directory: type=2 codeViewRva=0x40970
[kerneldiag] module PDB name: ntkrnlmp.pdb guid=D9424FC4-861E-47C1-0FAD1B35DEC6DCC8 age=1
    ^ [rsp+0x370] module base 0xFFFFF8003CA00000 RVA 0xD25440
    ^ dumped 0x180 bytes (starting 0xFFFFF8003D725340, candidate at offset 0x100) to C:\Users\DELL\AppData\Local\Temp\claude\c--Users-DELL-OneDrive-Desktop-LocalHost-py\5bed7398-339c-497a-9383-821cf9d2769e\scratchpad\StackCand_0x370.bin
  [rsp+0x378] = 0xFFFFF8003CCD12A3[kerneldiag] candidate address 0xFFFFF8003CCD12A3 resolves to module base 0xFFFFF8003CA00000 (+0x2D12A3 into it)
[kerneldiag] debug directory: type=2 codeViewRva=0x40970
[kerneldiag] module PDB name: ntkrnlmp.pdb guid=D9424FC4-861E-47C1-0FAD1B35DEC6DCC8 age=1
    ^ [rsp+0x378] module base 0xFFFFF8003CA00000 RVA 0x2D12A3
    ^ dumped 0x180 bytes (starting 0xFFFFF8003CCD11A3, candidate at offset 0x100) to C:\Users\DELL\AppData\Local\Temp\claude\c--Users-DELL-OneDrive-Desktop-LocalHost-py\5bed7398-339c-497a-9383-821cf9d2769e\scratchpad\StackCand_0x378.bin
  [rsp+0x380] = 0xFFFFF8003CA00118[kerneldiag] candidate address 0xFFFFF8003CA00118 resolves to module base 0xFFFFF8003CA00000 (+0x118 into it)
[kerneldiag] debug directory: type=2 codeViewRva=0x40970
[kerneldiag] module PDB name: ntkrnlmp.pdb guid=D9424FC4-861E-47C1-0FAD1B35DEC6DCC8 age=1
    ^ [rsp+0x380] module base 0xFFFFF8003CA00000 RVA 0x118
    ^ dumped 0x180 bytes (starting 0xFFFFF8003CA00018, candidate at offset 0x100) to C:\Users\DELL\AppData\Local\Temp\claude\c--Users-DELL-OneDrive-Desktop-LocalHost-py\5bed7398-339c-497a-9383-821cf9d2769e\scratchpad\StackCand_0x380.bin
  [rsp+0x388] = 0xFFFFF80043075654[kerneldiag] candidate address 0xFFFFF80043075654 resolves to module base 0xFFFFF80042DF0000 (+0x285654 into it)
[kerneldiag] debug directory: type=2 codeViewRva=0x2174
[kerneldiag] module PDB name: volume.pdb guid=AAF65608-ADE9-794A-A208A2E6534FF85E age=1
    ^ [rsp+0x388] module base 0xFFFFF80042DF0000 RVA 0x285654
    ^ dumped 0x180 bytes (starting 0xFFFFF80043075554, candidate at offset 0x100) to C:\Users\DELL\AppData\Local\Temp\claude\c--Users-DELL-OneDrive-Desktop-LocalHost-py\5bed7398-339c-497a-9383-821cf9d2769e\scratchpad\StackCand_0x388.bin
  [rsp+0x390] = 0xFFFFF80043075688[kerneldiag] candidate address 0xFFFFF80043075688 resolves to module base 0xFFFFF80042DF0000 (+0x285688 into it)
[kerneldiag] debug directory: type=2 codeViewRva=0x2174
[kerneldiag] module PDB name: volume.pdb guid=AAF65608-ADE9-794A-A208A2E6534FF85E age=1
    ^ [rsp+0x390] module base 0xFFFFF80042DF0000 RVA 0x285688
    ^ dumped 0x180 bytes (starting 0xFFFFF80043075588, candidate at offset 0x100) to C:\Users\DELL\AppData\Local\Temp\claude\c--Users-DELL-OneDrive-Desktop-LocalHost-py\5bed7398-339c-497a-9383-821cf9d2769e\scratchpad\StackCand_0x390.bin
  [rsp+0x398] = 0xFFFFF8003D724A00[kerneldiag] candidate address 0xFFFFF8003D724A00 resolves to module base 0xFFFFF8003CA00000 (+0xD24A00 into it)
[kerneldiag] debug directory: type=2 codeViewRva=0x40970
[kerneldiag] module PDB name: ntkrnlmp.pdb guid=D9424FC4-861E-47C1-0FAD1B35DEC6DCC8 age=1
    ^ [rsp+0x398] module base 0xFFFFF8003CA00000 RVA 0xD24A00
    ^ dumped 0x180 bytes (starting 0xFFFFF8003D724900, candidate at offset 0x100) to C:\Users\DELL\AppData\Local\Temp\claude\c--Users-DELL-OneDrive-Desktop-LocalHost-py\5bed7398-339c-497a-9383-821cf9d2769e\scratchpad\StackCand_0x398.bin
  [rsp+0x3A0] = 0xFFFFF8003D724A00[kerneldiag] candidate address 0xFFFFF8003D724A00 resolves to module base 0xFFFFF8003CA00000 (+0xD24A00 into it)
[kerneldiag] debug directory: type=2 codeViewRva=0x40970
[kerneldiag] module PDB name: ntkrnlmp.pdb guid=D9424FC4-861E-47C1-0FAD1B35DEC6DCC8 age=1
    ^ [rsp+0x3A0] module base 0xFFFFF8003CA00000 RVA 0xD24A00
    ^ dumped 0x180 bytes (starting 0xFFFFF8003D724900, candidate at offset 0x100) to C:\Users\DELL\AppData\Local\Temp\claude\c--Users-DELL-OneDrive-Desktop-LocalHost-py\5bed7398-339c-497a-9383-821cf9d2769e\scratchpad\StackCand_0x3A0.bin
  [rsp+0x3A8] = 0xFFFFF8003CCD0F4E[kerneldiag] candidate address 0xFFFFF8003CCD0F4E resolves to module base 0xFFFFF8003CA00000 (+0x2D0F4E into it)
[kerneldiag] debug directory: type=2 codeViewRva=0x40970
[kerneldiag] module PDB name: ntkrnlmp.pdb guid=D9424FC4-861E-47C1-0FAD1B35DEC6DCC8 age=1
    ^ [rsp+0x3A8] module base 0xFFFFF8003CA00000 RVA 0x2D0F4E
    ^ dumped 0x180 bytes (starting 0xFFFFF8003CCD0E4E, candidate at offset 0x100) to C:\Users\DELL\AppData\Local\Temp\claude\c--Users-DELL-OneDrive-Desktop-LocalHost-py\5bed7398-339c-497a-9383-821cf9d2769e\scratchpad\StackCand_0x3A8.bin
  [rsp+0x3B0] = 0xFFFFF8003D727A00[kerneldiag] candidate address 0xFFFFF8003D727A00 resolves to module base 0xFFFFF8003CA00000 (+0xD27A00 into it)
[kerneldiag] debug directory: type=2 codeViewRva=0x40970
[kerneldiag] module PDB name: ntkrnlmp.pdb guid=D9424FC4-861E-47C1-0FAD1B35DEC6DCC8 age=1
    ^ [rsp+0x3B0] module base 0xFFFFF8003CA00000 RVA 0xD27A00
    ^ dumped 0x180 bytes (starting 0xFFFFF8003D727900, candidate at offset 0x100) to C:\Users\DELL\AppData\Local\Temp\claude\c--Users-DELL-OneDrive-Desktop-LocalHost-py\5bed7398-339c-497a-9383-821cf9d2769e\scratchpad\StackCand_0x3B0.bin
  [rsp+0x3B8] = 0xFFFFF8003D727A00[kerneldiag] candidate address 0xFFFFF8003D727A00 resolves to module base 0xFFFFF8003CA00000 (+0xD27A00 into it)
[kerneldiag] debug directory: type=2 codeViewRva=0x40970
[kerneldiag] module PDB name: ntkrnlmp.pdb guid=D9424FC4-861E-47C1-0FAD1B35DEC6DCC8 age=1
    ^ [rsp+0x3B8] module base 0xFFFFF8003CA00000 RVA 0xD27A00
    ^ dumped 0x180 bytes (starting 0xFFFFF8003D727900, candidate at offset 0x100) to C:\Users\DELL\AppData\Local\Temp\claude\c--Users-DELL-OneDrive-Desktop-LocalHost-py\5bed7398-339c-497a-9383-821cf9d2769e\scratchpad\StackCand_0x3B8.bin
  [rsp+0x3C0] = 0xFFFFF8003D724A00[kerneldiag] candidate address 0xFFFFF8003D724A00 resolves to module base 0xFFFFF8003CA00000 (+0xD24A00 into it)
[kerneldiag] debug directory: type=2 codeViewRva=0x40970
[kerneldiag] module PDB name: ntkrnlmp.pdb guid=D9424FC4-861E-47C1-0FAD1B35DEC6DCC8 age=1
    ^ [rsp+0x3C0] module base 0xFFFFF8003CA00000 RVA 0xD24A00
    ^ dumped 0x180 bytes (starting 0xFFFFF8003D724900, candidate at offset 0x100) to C:\Users\DELL\AppData\Local\Temp\claude\c--Users-DELL-OneDrive-Desktop-LocalHost-py\5bed7398-339c-497a-9383-821cf9d2769e\scratchpad\StackCand_0x3C0.bin
  [rsp+0x3C8] = 0xFFFFF8003D724A00[kerneldiag] candidate address 0xFFFFF8003D724A00 resolves to module base 0xFFFFF8003CA00000 (+0xD24A00 into it)
[kerneldiag] debug directory: type=2 codeViewRva=0x40970
[kerneldiag] module PDB name: ntkrnlmp.pdb guid=D9424FC4-861E-47C1-0FAD1B35DEC6DCC8 age=1
    ^ [rsp+0x3C8] module base 0xFFFFF8003CA00000 RVA 0xD24A00
    ^ dumped 0x180 bytes (starting 0xFFFFF8003D724900, candidate at offset 0x100) to C:\Users\DELL\AppData\Local\Temp\claude\c--Users-DELL-OneDrive-Desktop-LocalHost-py\5bed7398-339c-497a-9383-821cf9d2769e\scratchpad\StackCand_0x3C8.bin
  [rsp+0x3E8] = 0xFFFFF80043075658[kerneldiag] candidate address 0xFFFFF80043075658 resolves to module base 0xFFFFF80042DF0000 (+0x285658 into it)
[kerneldiag] debug directory: type=2 codeViewRva=0x2174
[kerneldiag] module PDB name: volume.pdb guid=AAF65608-ADE9-794A-A208A2E6534FF85E age=1
    ^ [rsp+0x3E8] module base 0xFFFFF80042DF0000 RVA 0x285658
    ^ dumped 0x180 bytes (starting 0xFFFFF80043075558, candidate at offset 0x100) to C:\Users\DELL\AppData\Local\Temp\claude\c--Users-DELL-OneDrive-Desktop-LocalHost-py\5bed7398-339c-497a-9383-821cf9d2769e\scratchpad\StackCand_0x3E8.bin
  [rsp+0x418] = 0xFFFFC7E41D96FB47[kerneldiag] no PE header found scanning VA back from 0xFFFFC7E41D96FB47

  [rsp+0x420] = 0xFFFFF8003D724A00[kerneldiag] candidate address 0xFFFFF8003D724A00 resolves to module base 0xFFFFF8003CA00000 (+0xD24A00 into it)
[kerneldiag] debug directory: type=2 codeViewRva=0x40970
[kerneldiag] module PDB name: ntkrnlmp.pdb guid=D9424FC4-861E-47C1-0FAD1B35DEC6DCC8 age=1
    ^ [rsp+0x420] module base 0xFFFFF8003CA00000 RVA 0xD24A00
    ^ dumped 0x180 bytes (starting 0xFFFFF8003D724900, candidate at offset 0x100) to C:\Users\DELL\AppData\Local\Temp\claude\c--Users-DELL-OneDrive-Desktop-LocalHost-py\5bed7398-339c-497a-9383-821cf9d2769e\scratchpad\StackCand_0x420.bin
  [rsp+0x438] = 0xFFFFF8003A91A21C[kerneldiag] candidate address 0xFFFFF8003A91A21C resolves to module base 0xFFFFF8003A89E000 (+0x7C21C into it)
[kerneldiag] no debug directory RVA in this module's PE header
    ^ [rsp+0x438] module base 0xFFFFF8003A89E000 RVA 0x7C21C
    ^ dumped 0x180 bytes (starting 0xFFFFF8003A91A11C, candidate at offset 0x100) to C:\Users\DELL\AppData\Local\Temp\claude\c--Users-DELL-OneDrive-Desktop-LocalHost-py\5bed7398-339c-497a-9383-821cf9d2769e\scratchpad\StackCand_0x438.bin
  [rsp+0x440] = 0xFFFFF8003A91A180[kerneldiag] candidate address 0xFFFFF8003A91A180 resolves to module base 0xFFFFF8003A89E000 (+0x7C180 into it)
[kerneldiag] no debug directory RVA in this module's PE header
    ^ [rsp+0x440] module base 0xFFFFF8003A89E000 RVA 0x7C180
    ^ dumped 0x180 bytes (starting 0xFFFFF8003A91A080, candidate at offset 0x100) to C:\Users\DELL\AppData\Local\Temp\claude\c--Users-DELL-OneDrive-Desktop-LocalHost-py\5bed7398-339c-497a-9383-821cf9d2769e\scratchpad\StackCand_0x440.bin
  [rsp+0x448] = 0xFFFFF8003D724A00[kerneldiag] candidate address 0xFFFFF8003D724A00 resolves to module base 0xFFFFF8003CA00000 (+0xD24A00 into it)
[kerneldiag] debug directory: type=2 codeViewRva=0x40970
[kerneldiag] module PDB name: ntkrnlmp.pdb guid=D9424FC4-861E-47C1-0FAD1B35DEC6DCC8 age=1
    ^ [rsp+0x448] module base 0xFFFFF8003CA00000 RVA 0xD24A00
    ^ dumped 0x180 bytes (starting 0xFFFFF8003D724900, candidate at offset 0x100) to C:\Users\DELL\AppData\Local\Temp\claude\c--Users-DELL-OneDrive-Desktop-LocalHost-py\5bed7398-339c-497a-9383-821cf9d2769e\scratchpad\StackCand_0x448.bin
  [rsp+0x450] = 0xFFFFF8003CE02050[kerneldiag] candidate address 0xFFFFF8003CE02050 resolves to module base 0xFFFFF8003CA00000 (+0x402050 into it)
[kerneldiag] debug directory: type=2 codeViewRva=0x40970
[kerneldiag] module PDB name: ntkrnlmp.pdb guid=D9424FC4-861E-47C1-0FAD1B35DEC6DCC8 age=1
    ^ [rsp+0x450] module base 0xFFFFF8003CA00000 RVA 0x402050
    ^ dumped 0x180 bytes (starting 0xFFFFF8003CE01F50, candidate at offset 0x100) to C:\Users\DELL\AppData\Local\Temp\claude\c--Users-DELL-OneDrive-Desktop-LocalHost-py\5bed7398-339c-497a-9383-821cf9d2769e\scratchpad\StackCand_0x450.bin
  [rsp+0x458] = 0xFFFFF8003D3A07C0[kerneldiag] candidate address 0xFFFFF8003D3A07C0 resolves to module base 0xFFFFF8003CA00000 (+0x9A07C0 into it)
[kerneldiag] debug directory: type=2 codeViewRva=0x40970
[kerneldiag] module PDB name: ntkrnlmp.pdb guid=D9424FC4-861E-47C1-0FAD1B35DEC6DCC8 age=1
    ^ [rsp+0x458] module base 0xFFFFF8003CA00000 RVA 0x9A07C0
    ^ dumped 0x180 bytes (starting 0xFFFFF8003D3A06C0, candidate at offset 0x100) to C:\Users\DELL\AppData\Local\Temp\claude\c--Users-DELL-OneDrive-Desktop-LocalHost-py\5bed7398-339c-497a-9383-821cf9d2769e\scratchpad\StackCand_0x458.bin
  [rsp+0x460] = 0xFFFFF8003D727A00[kerneldiag] candidate address 0xFFFFF8003D727A00 resolves to module base 0xFFFFF8003CA00000 (+0xD27A00 into it)
[kerneldiag] debug directory: type=2 codeViewRva=0x40970
[kerneldiag] module PDB name: ntkrnlmp.pdb guid=D9424FC4-861E-47C1-0FAD1B35DEC6DCC8 age=1
    ^ [rsp+0x460] module base 0xFFFFF8003CA00000 RVA 0xD27A00
    ^ dumped 0x180 bytes (starting 0xFFFFF8003D727900, candidate at offset 0x100) to C:\Users\DELL\AppData\Local\Temp\claude\c--Users-DELL-OneDrive-Desktop-LocalHost-py\5bed7398-339c-497a-9383-821cf9d2769e\scratchpad\StackCand_0x460.bin
  [rsp+0x468] = 0xFFFFF8003D727A00[kerneldiag] candidate address 0xFFFFF8003D727A00 resolves to module base 0xFFFFF8003CA00000 (+0xD27A00 into it)
[kerneldiag] debug directory: type=2 codeViewRva=0x40970
[kerneldiag] module PDB name: ntkrnlmp.pdb guid=D9424FC4-861E-47C1-0FAD1B35DEC6DCC8 age=1
    ^ [rsp+0x468] module base 0xFFFFF8003CA00000 RVA 0xD27A00
    ^ dumped 0x180 bytes (starting 0xFFFFF8003D727900, candidate at offset 0x100) to C:\Users\DELL\AppData\Local\Temp\claude\c--Users-DELL-OneDrive-Desktop-LocalHost-py\5bed7398-339c-497a-9383-821cf9d2769e\scratchpad\StackCand_0x468.bin
  [rsp+0x470] = 0xFFFFF8003D724A00[kerneldiag] candidate address 0xFFFFF8003D724A00 resolves to module base 0xFFFFF8003CA00000 (+0xD24A00 into it)
[kerneldiag] debug directory: type=2 codeViewRva=0x40970
[kerneldiag] module PDB name: ntkrnlmp.pdb guid=D9424FC4-861E-47C1-0FAD1B35DEC6DCC8 age=1
    ^ [rsp+0x470] module base 0xFFFFF8003CA00000 RVA 0xD24A00
    ^ dumped 0x180 bytes (starting 0xFFFFF8003D724900, candidate at offset 0x100) to C:\Users\DELL\AppData\Local\Temp\claude\c--Users-DELL-OneDrive-Desktop-LocalHost-py\5bed7398-339c-497a-9383-821cf9d2769e\scratchpad\StackCand_0x470.bin
  [rsp+0x478] = 0xFFFFF8003D727A00[kerneldiag] candidate address 0xFFFFF8003D727A00 resolves to module base 0xFFFFF8003CA00000 (+0xD27A00 into it)
[kerneldiag] debug directory: type=2 codeViewRva=0x40970
[kerneldiag] module PDB name: ntkrnlmp.pdb guid=D9424FC4-861E-47C1-0FAD1B35DEC6DCC8 age=1
    ^ [rsp+0x478] module base 0xFFFFF8003CA00000 RVA 0xD27A00
    ^ dumped 0x180 bytes (starting 0xFFFFF8003D727900, candidate at offset 0x100) to C:\Users\DELL\AppData\Local\Temp\claude\c--Users-DELL-OneDrive-Desktop-LocalHost-py\5bed7398-339c-497a-9383-821cf9d2769e\scratchpad\StackCand_0x478.bin
  [rsp+0x480] = 0xFFFFC7E41D96F877[kerneldiag] no PE header found scanning VA back from 0xFFFFC7E41D96F877

  [rsp+0x490] = 0xFFFFF8003D724A00[kerneldiag] candidate address 0xFFFFF8003D724A00 resolves to module base 0xFFFFF8003CA00000 (+0xD24A00 into it)
[kerneldiag] debug directory: type=2 codeViewRva=0x40970
[kerneldiag] module PDB name: ntkrnlmp.pdb guid=D9424FC4-861E-47C1-0FAD1B35DEC6DCC8 age=1
    ^ [rsp+0x490] module base 0xFFFFF8003CA00000 RVA 0xD24A00
    ^ dumped 0x180 bytes (starting 0xFFFFF8003D724900, candidate at offset 0x100) to C:\Users\DELL\AppData\Local\Temp\claude\c--Users-DELL-OneDrive-Desktop-LocalHost-py\5bed7398-339c-497a-9383-821cf9d2769e\scratchpad\StackCand_0x490.bin
  [rsp+0x4A8] = 0xFFFFF8003A91A21C[kerneldiag] candidate address 0xFFFFF8003A91A21C resolves to module base 0xFFFFF8003A89E000 (+0x7C21C into it)
[kerneldiag] no debug directory RVA in this module's PE header
    ^ [rsp+0x4A8] module base 0xFFFFF8003A89E000 RVA 0x7C21C
    ^ dumped 0x180 bytes (starting 0xFFFFF8003A91A11C, candidate at offset 0x100) to C:\Users\DELL\AppData\Local\Temp\claude\c--Users-DELL-OneDrive-Desktop-LocalHost-py\5bed7398-339c-497a-9383-821cf9d2769e\scratchpad\StackCand_0x4A8.bin
  [rsp+0x4B8] = 0xFFFFF8003D3A00E6[kerneldiag] candidate address 0xFFFFF8003D3A00E6 resolves to module base 0xFFFFF8003CA00000 (+0x9A00E6 into it)
[kerneldiag] debug directory: type=2 codeViewRva=0x40970
[kerneldiag] module PDB name: ntkrnlmp.pdb guid=D9424FC4-861E-47C1-0FAD1B35DEC6DCC8 age=1
    ^ [rsp+0x4B8] module base 0xFFFFF8003CA00000 RVA 0x9A00E6
    ^ dumped 0x180 bytes (starting 0xFFFFF8003D39FFE6, candidate at offset 0x100) to C:\Users\DELL\AppData\Local\Temp\claude\c--Users-DELL-OneDrive-Desktop-LocalHost-py\5bed7398-339c-497a-9383-821cf9d2769e\scratchpad\StackCand_0x4B8.bin
  [rsp+0x4C8] = 0xFFFFF800399AE5F0[kerneldiag] no PE header found scanning VA back from 0xFFFFF800399AE5F0

  [rsp+0x4D0] = 0xFFFFF8003A91A180[kerneldiag] candidate address 0xFFFFF8003A91A180 resolves to module base 0xFFFFF8003A89E000 (+0x7C180 into it)
[kerneldiag] no debug directory RVA in this module's PE header
    ^ [rsp+0x4D0] module base 0xFFFFF8003A89E000 RVA 0x7C180
    ^ dumped 0x180 bytes (starting 0xFFFFF8003A91A080, candidate at offset 0x100) to C:\Users\DELL\AppData\Local\Temp\claude\c--Users-DELL-OneDrive-Desktop-LocalHost-py\5bed7398-339c-497a-9383-821cf9d2769e\scratchpad\StackCand_0x4D0.bin
  [rsp+0x4D8] = 0xFFFFF8003D727A00[kerneldiag] candidate address 0xFFFFF8003D727A00 resolves to module base 0xFFFFF8003CA00000 (+0xD27A00 into it)
[kerneldiag] debug directory: type=2 codeViewRva=0x40970
[kerneldiag] module PDB name: ntkrnlmp.pdb guid=D9424FC4-861E-47C1-0FAD1B35DEC6DCC8 age=1
    ^ [rsp+0x4D8] module base 0xFFFFF8003CA00000 RVA 0xD27A00
    ^ dumped 0x180 bytes (starting 0xFFFFF8003D727900, candidate at offset 0x100) to C:\Users\DELL\AppData\Local\Temp\claude\c--Users-DELL-OneDrive-Desktop-LocalHost-py\5bed7398-339c-497a-9383-821cf9d2769e\scratchpad\StackCand_0x4D8.bin
  [rsp+0x508] = 0xFFFFF8003A91A180[kerneldiag] candidate address 0xFFFFF8003A91A180 resolves to module base 0xFFFFF8003A89E000 (+0x7C180 into it)
[kerneldiag] no debug directory RVA in this module's PE header
    ^ [rsp+0x508] module base 0xFFFFF8003A89E000 RVA 0x7C180
    ^ dumped 0x180 bytes (starting 0xFFFFF8003A91A080, candidate at offset 0x100) to C:\Users\DELL\AppData\Local\Temp\claude\c--Users-DELL-OneDrive-Desktop-LocalHost-py\5bed7398-339c-497a-9383-821cf9d2769e\scratchpad\StackCand_0x508.bin
  [rsp+0x528] = 0xFFFFF8003D724A00[kerneldiag] candidate address 0xFFFFF8003D724A00 resolves to module base 0xFFFFF8003CA00000 (+0xD24A00 into it)
[kerneldiag] debug directory: type=2 codeViewRva=0x40970
[kerneldiag] module PDB name: ntkrnlmp.pdb guid=D9424FC4-861E-47C1-0FAD1B35DEC6DCC8 age=1
    ^ [rsp+0x528] module base 0xFFFFF8003CA00000 RVA 0xD24A00
    ^ dumped 0x180 bytes (starting 0xFFFFF8003D724900, candidate at offset 0x100) to C:\Users\DELL\AppData\Local\Temp\claude\c--Users-DELL-OneDrive-Desktop-LocalHost-py\5bed7398-339c-497a-9383-821cf9d2769e\scratchpad\StackCand_0x528.bin
  [rsp+0x530] = 0xFFFFF800399AE5F0[kerneldiag] no PE header found scanning VA back from 0xFFFFF800399AE5F0

  [rsp+0x550] = 0xFFFFF80043076000[kerneldiag] candidate address 0xFFFFF80043076000 resolves to module base 0xFFFFF80042DF0000 (+0x286000 into it)
[kerneldiag] debug directory: type=2 codeViewRva=0x2174
[kerneldiag] module PDB name: volume.pdb guid=AAF65608-ADE9-794A-A208A2E6534FF85E age=1
    ^ [rsp+0x550] module base 0xFFFFF80042DF0000 RVA 0x286000
    ^ dumped 0x180 bytes (starting 0xFFFFF80043075F00, candidate at offset 0x100) to C:\Users\DELL\AppData\Local\Temp\claude\c--Users-DELL-OneDrive-Desktop-LocalHost-py\5bed7398-339c-497a-9383-821cf9d2769e\scratchpad\StackCand_0x550.bin
  [rsp+0x558] = 0xFFFFF8003D727A00[kerneldiag] candidate address 0xFFFFF8003D727A00 resolves to module base 0xFFFFF8003CA00000 (+0xD27A00 into it)
[kerneldiag] debug directory: type=2 codeViewRva=0x40970
[kerneldiag] module PDB name: ntkrnlmp.pdb guid=D9424FC4-861E-47C1-0FAD1B35DEC6DCC8 age=1
    ^ [rsp+0x558] module base 0xFFFFF8003CA00000 RVA 0xD27A00
    ^ dumped 0x180 bytes (starting 0xFFFFF8003D727900, candidate at offset 0x100) to C:\Users\DELL\AppData\Local\Temp\claude\c--Users-DELL-OneDrive-Desktop-LocalHost-py\5bed7398-339c-497a-9383-821cf9d2769e\scratchpad\StackCand_0x558.bin
  [rsp+0x560] = 0xFFFFF8003D727A00[kerneldiag] candidate address 0xFFFFF8003D727A00 resolves to module base 0xFFFFF8003CA00000 (+0xD27A00 into it)
[kerneldiag] debug directory: type=2 codeViewRva=0x40970
[kerneldiag] module PDB name: ntkrnlmp.pdb guid=D9424FC4-861E-47C1-0FAD1B35DEC6DCC8 age=1
    ^ [rsp+0x560] module base 0xFFFFF8003CA00000 RVA 0xD27A00
    ^ dumped 0x180 bytes (starting 0xFFFFF8003D727900, candidate at offset 0x100) to C:\Users\DELL\AppData\Local\Temp\claude\c--Users-DELL-OneDrive-Desktop-LocalHost-py\5bed7398-339c-497a-9383-821cf9d2769e\scratchpad\StackCand_0x560.bin
  [rsp+0x568] = 0xFFFFF8003A91A180[kerneldiag] candidate address 0xFFFFF8003A91A180 resolves to module base 0xFFFFF8003A89E000 (+0x7C180 into it)
[kerneldiag] no debug directory RVA in this module's PE header
    ^ [rsp+0x568] module base 0xFFFFF8003A89E000 RVA 0x7C180
    ^ dumped 0x180 bytes (starting 0xFFFFF8003A91A080, candidate at offset 0x100) to C:\Users\DELL\AppData\Local\Temp\claude\c--Users-DELL-OneDrive-Desktop-LocalHost-py\5bed7398-339c-497a-9383-821cf9d2769e\scratchpad\StackCand_0x568.bin
  [rsp+0x570] = 0xFFFFF800399AE5F0[kerneldiag] no PE header found scanning VA back from 0xFFFFF800399AE5F0

[watchdog] STALL #3 (exitCount=121012 unchanged for 6s): rip=0xFFFFF8003CDA57DD rsp=0xFFFFF80043075280 rax=0xFFFFF7C0C0009000 rcx=0x40046 rdx=0x800000000000001B rbx=0xFFFFF7C0C0009000 cr3=0x1AD002 cr8(irql)=0x0(PASSIVE_LEVEL)
[kerneldiag] spin-wait target value at tick 3 = 0xFFE9F2FBE8746C66
[kerneldiag] stack dump from rsp=0xFFFFF80043075280 (cr3=0x1AD002):
  [rsp+0x08] = 0xFFFFF800399AE5F0
  [rsp+0x10] = 0xFFFFF800000000E2
  [rsp+0x18] = 0xFFFFF800430752F0
  [rsp+0x60] = 0xFFFFF800430753C0
  [rsp+0x68] = 0xFFFFF8003CDA3677
  [rsp+0x78] = 0xFFFFF7C0C0001340
  [rsp+0x88] = 0xFFFFF800399AE5F0
  [rsp+0x90] = 0xFFFFF7C0C0001340
  [rsp+0x98] = 0xFFFFF8003CDB0B2B
  [rsp+0xA0] = 0xFFFFF800399AE5F0
  [rsp+0xA8] = 0xFFFFFFFFFFFFFFFF
  [rsp+0xB0] = 0xFFFFFFFFFFFFFFFD
  [rsp+0xD0] = 0xFFFFFFFFFFFFFFFF
  [rsp+0xD8] = 0xFFFFF8003D447FAE
  [rsp+0xF0] = 0xFFFFF800399AE5F0
  [rsp+0x100] = 0xFFFFFFFFFFFFFFFD
  [rsp+0x118] = 0xFFFFF800399AE5F0
  [rsp+0x128] = 0xFFFFF8003D475D0D
  [rsp+0x130] = 0xFFFFF800399AE5F0
  [rsp+0x148] = 0xFFFFF8003CA08200
  [rsp+0x160] = 0xFFFFC7E41D96FEC7
  [rsp+0x178] = 0xFFFFF8003D3A1612
  [rsp+0x188] = 0xFFFFF8003D3A3D4B
  [rsp+0x198] = 0xFFFFF800399AE5F0
  [rsp+0x1A8] = 0xFFFFF800399AE5F0
  [rsp+0x1B8] = 0xFFFFF8003D39E7F7
  [rsp+0x1D0] = 0xFFFFF8003CA08210
  [rsp+0x1D8] = 0xFFFFF8003D0F184C
[kerneldiag] KiBugCheckData: code=0x0 params=[0x0, 0x0, 0x0, 0x0]
[u40] === RIP histogram pass 1 (at bugcheck): 1211 samples, base=0x0 ===
[u40]      693  page 0xBEA03000
[u40]      165  page 0x1DD9000
[u40]      106  page 0xBF14E000
[u40]       96  page 0xBE41C000
[u40]       44  page 0xBFC50000
[u40]       41  page 0xBFD68000
[u40]       20  page 0xBE422000
[u40]       18  page 0xBF14F000
[u40]       12  page 0xBF16B000
[u40]       11  page 0xBF174000
[u40]        2  page 0x848000
[u40]        1  page 0xBF1CC000
[u40]        1  page 0xFFFCE000
[u40]        1  page 0xBEAA9000
[u40]   most recent 256 samples (newest last):
[u40]     BEA03B01@95501 BEA03B01@95601 BEA03B01@95701 BEA03B01@95801 BEA03B01@95901 BEA03B01@96001 BEA03B01@96101 BEA03B01@96201 BEA03B01@96301 BEA03B01@96401 BEA03B01@96501 BEA03B01@96601 BEA03B01@96701 BEA03B01@96801 BEA03B01@96901 BEA03B01@97001 BEA03B01@97101 BEA03B01@97201 BEA03B01@97301 BEA03B01@97401 BEA03B01@97501 BEA03B01@97601 BEA03B01@97701 BEA03B01@97801 BEA03B01@97901 BEA03B01@98001 BEA03B01@98101 BEA03B01@98201 BEA03B01@98301 BEA03B01@98401 BEA03B01@98501 BEA03B01@98601 BEA03B01@98701 BEA03B01@98801 BEA03B01@98901 BEA03B01@99001 BEA03B01@99101 BEA03B01@99201 BEA03B01@99301 BEA03B01@99401 BEA03B01@99501 BEA03B01@99601 BF16B0DD@99701 BF16B0DD@99801 BF16B0DD@99901 BF16B0DD@100001 BF16B0DD@100101 BF16B0DD@100201 BEA03B01@100301 BE4227D6@100401 BFD68793@100501 BEA03B01@100601 BFD68793@100701 BFD68793@100801 BFD68793@100901 BFD68793@101001 BFD68793@101101 BFD687FA@101201 BFD68793@101301 BFD68793@101401 BFD68793@101501 BFD687FA@101601 BFD687FA@101701 BFD687FA@101801 BFD687FA@101901 BFD687FA@102001 BE4227D6@102101 BFD687FA@102201 BFD68793@102301 BFD68793@102401 BFD687FA@102501 BFD687FA@102601 BFD68793@102701 BFD68793@102801 BFD68793@102901 BFD687FA@103001 BFD68793@103101 BFD68793@103201 BFD68793@103301 BFD68793@103401 BFD68793@103501 BFD68793@103601 BFD687FA@103701 BFD687FA@103801 BFD687FA@103901 BFD68793@104001 BFD68793@104101 BFD687FA@104201 BFD687FA@104301 BFD68793@104401 BE41CB5C@104501 1DD9F04@104601 1DD9F04@104701 1DD9F04@104801 1DD9F04@104901 1DD9F04@105001 1DD9F04@105101 1DD9F04@105201 1DD9F04@105301 1DD9F04@105401 1DD9F04@105501 1DD9F04@105601 1DD9F04@105701 1DD9F04@105801 1DD9F04@105901 1DD9F04@106001 1DD9F04@106101 1DD9F04@106201 1DD9F04@106301 1DD9F04@106401 1DD9F04@106501 1DD9F04@106601 1DD9F04@106701 1DD9F04@106801 1DD9F04@106901 1DD9F04@107001 1DD9F04@107101 1DD9F04@107201 1DD9F04@107301 1DD9F04@107401 1DD9F04@107501 1DD9F04@107601 1DD9F04@107701 1DD9F04@107801 1DD9F04@107901 1DD9F04@108001 1DD9F04@108101 1DD9F04@108201 1DD9F04@108301 1DD9F04@108401 1DD9F04@108501 1DD9F04@108601 1DD9F04@108701 1DD9F04@108801 1DD9F04@108901 1DD9F04@109001 1DD9F04@109101 1DD9F04@109201 1DD9F04@109301 1DD9F04@109401 1DD9F04@109501 1DD9F04@109601 1DD9F04@109701 1DD9F04@109801 1DD9F04@109901 1DD9F04@110001 1DD9F04@110101 1DD9F04@110201 1DD9F04@110301 1DD9F04@110401 1DD9F04@110501 1DD9F04@110601 1DD9F04@110701 1DD9F04@110801 1DD9F04@110901 1DD9F04@111001 1DD9F04@111101 1DD9F04@111201 1DD9F04@111301 1DD9F04@111401 1DD9F04@111501 1DD9F04@111601 1DD9F04@111701 1DD9F04@111801 1DD9F04@111901 1DD9F04@112001 1DD9F04@112101 1DD9F04@112201 1DD9F04@112301 1DD9F04@112401 1DD9F04@112501 1DD9F04@112601 1DD9F04@112701 1DD9F04@112801 1DD9F04@112901 1DD9F04@113001 1DD9F04@113101 1DD9F04@113201 1DD9F04@113301 1DD9F04@113401 1DD9F04@113501 1DD9F04@113601 1DD9F04@113701 1DD9F04@113801 1DD9F04@113901 1DD9F04@114001 1DD9F04@114101 1DD9F04@114201 1DD9F04@114301 1DD9F04@114401 1DD9F04@114501 1DD9F04@114601 1DD9F04@114701 1DD9F04@114801 1DD9F04@114901 1DD9F04@115001 1DD9F04@115101 1DD9F04@115201 1DD9F04@115301 1DD9F04@115401 1DD9F04@115501 1DD9F04@115601 1DD9F04@115701 1DD9F04@115801 1DD9F04@115901 1DD9F04@116001 1DD9F04@116101 1DD9F04@116201 1DD9F04@116301 1DD9F04@116401 1DD9F04@116501 1DD9F04@116601 1DD9F04@116701 1DD9F04@116801 1DD9F04@116901 1DD9F04@117001 1DD9F04@117101 1DD9F04@117201 1DD9F04@117301 1DD9F04@117401 1DD9F04@117501 1DD9F04@117601 1DD9F04@117701 1DD9F04@117801 1DD9F04@117901 1DD9F04@118001 1DD9F04@118101 1DD9F04@118201 1DD9F04@118301 1DD9F04@118401 1DD9F04@118501 1DD9F04@118601 1DD9F04@118701 1DD9F04@118801 1DD9F04@118901 1DD9F04@119001 1DD9F04@119101 1DD9F04@119201 1DD9F04@119301 1DD9F04@119401 1DD9F04@119501 1DD9F04@119601 1DD9F04@119701 1DD9F04@119801 1DD9F04@119901 1DD9F04@120001 1DD9F04@120101 1DD9F04@120201 1DD9F04@120301 1DD9F04@120401 1DD9F04@120501 1DD9F04@120601 1DD9F04@120701 1DD9F04@120801 1DD9F04@120901 1DD9F04@121001
[u46] LAPIC state (at bugcheck (pass 1), 4096 bytes): TPR=0x0 PPR=0x0 SVR=0x1DF
[u46]   LVT Timer=0x300D8 (vector=0xD8 PERIODIC masked=1) InitCnt=0x989680 CurCnt=0x3BCF90 Div=0xB
[u46]   IRR: no pending vectors
[u42] IOAPIC accesses at bugcheck: pass1=0 pass2=0
[u43] non-legacy vector resolutions: pass1=0 pass2=0  (RTC PIE bit now 0x00, inherited across the reset)
[kerneldiag] HalpWatchdogTimer = 0x0
[kerneldiag] HalpTimerLastProblem=0x19 setter scan complete: 0 hit(s)
[kerneldiag] dumped HalpInterruptSetLineState_ColdPath (1280 bytes) to C:\Users\DELL\AppData\Local\Temp\claude\c--Users-DELL-OneDrive-Desktop-LocalHost-py\5bed7398-339c-497a-9383-821cf9d2769e\scratchpad\HalpInterruptSetLineState_ColdPath.bin
[kerneldiag] dumped HalpInterruptSetLineStateInternal (1024 bytes) to C:\Users\DELL\AppData\Local\Temp\claude\c--Users-DELL-OneDrive-Desktop-LocalHost-py\5bed7398-339c-497a-9383-821cf9d2769e\scratchpad\HalpInterruptSetLineStateInternal.bin
[kerneldiag] dumped HalpInterruptLookupController (768 bytes) to C:\Users\DELL\AppData\Local\Temp\claude\c--Users-DELL-OneDrive-Desktop-LocalHost-py\5bed7398-339c-497a-9383-821cf9d2769e\scratchpad\HalpInterruptLookupController.bin
[kerneldiag] dumped HalpApicSetLineState_ColdPath (1024 bytes) to C:\Users\DELL\AppData\Local\Temp\claude\c--Users-DELL-OneDrive-Desktop-LocalHost-py\5bed7398-339c-497a-9383-821cf9d2769e\scratchpad\HalpApicSetLineState_ColdPath.bin
[kerneldiag] dumped HalpInterruptSetLineStateInternal_ColdPath (256 bytes) to C:\Users\DELL\AppData\Local\Temp\claude\c--Users-DELL-OneDrive-Desktop-LocalHost-py\5bed7398-339c-497a-9383-821cf9d2769e\scratchpad\HalpInterruptSetLineStateInternal_ColdPath.bin
[kerneldiag] dumped HalpTimerInitializeClock_HotPath (1024 bytes) to C:\Users\DELL\AppData\Local\Temp\claude\c--Users-DELL-OneDrive-Desktop-LocalHost-py\5bed7398-339c-497a-9383-821cf9d2769e\scratchpad\HalpTimerInitializeClock_HotPath.bin
[kerneldiag] HalpInterruptControllerList head @0xFFFFF8003D64B910: Flink=0xFFFFF7C0C0001340 Blink=0xFFFFF7C0C0001930 -- MORE THAN ONE controller registered, walking all entries
[kerneldiag] controller[0] @0xFFFFF7C0C0001340: +0xE8(id)=0x1 +0xDC(flags)=0xFF +0x10(self)=0xFFFFF7C0C00014A0 +0x70(callback)=0xFFFFF8003CD7D580
[kerneldiag] controller[0] +0x100 (routing-candidate list) @0xFFFFF7C0C0001440: Flink=0xFFFFF7C0C0001440 Blink=0xFFFFF7C0C0001440 -- EMPTY
[kerneldiag] controller[0] callback RVA = 0x37D580 (in-module)
[kerneldiag] dumped controller[0] callback (1024 bytes from live pointer 0xFFFFF8003CD7D580) to C:\Users\DELL\AppData\Local\Temp\claude\c--Users-DELL-OneDrive-Desktop-LocalHost-py\5bed7398-339c-497a-9383-821cf9d2769e\scratchpad\InterruptControllerCallback_0.bin
[kerneldiag] controller[1] @0xFFFFF7C0C0001568: +0xE8(id)=0x2 +0xDC(flags)=0xFF +0x10(self)=0xFFFFF7C0C00016C8 +0x70(callback)=0xFFFFF8003CD7D580
[kerneldiag] controller[1] +0x100 (routing-candidate list) @0xFFFFF7C0C0001668: Flink=0xFFFFF7C0C0001668 Blink=0xFFFFF7C0C0001668 -- EMPTY
[kerneldiag] controller[1] callback RVA = 0x37D580 (in-module)
[kerneldiag] controller[1] callback matches an already-dumped one, skipping
[kerneldiag] controller[2] @0xFFFFF7C0C0001760: +0xE8(id)=0xB000 +0xDC(flags)=0x0 +0x10(self)=0xFFFFF7C0C00018C0 +0x70(callback)=0xFFFFF8003CEDD370
[kerneldiag] controller[2] +0x100 (routing-candidate list) @0xFFFFF7C0C0001860: Flink=0xFFFFF7C0C0001B00 Blink=0xFFFFF7C0C0001B00 -- has entries
[kerneldiag] controller[2] candidate[0] @0xFFFFF7C0C0001B00: +0x10(dest)=0xFFFFFFFF +0x14(prioLo)=0x1 +0x18(prioHi)=0x2
[kerneldiag] controller[2] callback RVA = 0x4DD370 (in-module)
[kerneldiag] dumped controller[2] callback (1024 bytes from live pointer 0xFFFFF8003CEDD370) to C:\Users\DELL\AppData\Local\Temp\claude\c--Users-DELL-OneDrive-Desktop-LocalHost-py\5bed7398-339c-497a-9383-821cf9d2769e\scratchpad\InterruptControllerCallback_2.bin
[kerneldiag] controller[3] @0xFFFFF7C0C0001930: +0xE8(id)=0xB001 +0xDC(flags)=0x0 +0x10(self)=0xFFFFF7C0C0001A90 +0x70(callback)=0xFFFFF8003CEDD370
[kerneldiag] controller[3] +0x100 (routing-candidate list) @0xFFFFF7C0C0001A30: Flink=0xFFFFF7C0C0001E38 Blink=0xFFFFF7C0C0001E38 -- has entries
[kerneldiag] controller[3] candidate[0] @0xFFFFF7C0C0001E38: +0x10(dest)=0xB000 +0x14(prioLo)=0x2 +0x18(prioHi)=0x3
[kerneldiag] controller[3] callback RVA = 0x4DD370 (in-module)
[kerneldiag] controller[3] callback matches an already-dumped one, skipping
[u49]   DSDT at GPA 0xBFEEE000 len=522 rev=2 OEM='LCLHST' checksum=OK
[u49]   FACP at GPA 0x108018 len=244 rev=3 OEM='LHOST0' checksum=OK
[u49]   FACP at GPA 0x46745B0 len=19641 rev=0 OEM='EÐƒÀð‰' checksum=BAD
[u49]   FACP at GPA 0x4849E40 len=244 rev=3 OEM='LHOST0' checksum=OK
[u49]   APIC at GPA 0x109018 len=96 rev=3 OEM='LHOST0' checksum=OK
[watchdog] STALL #4 (exitCount=121012 unchanged for 8s): rip=0xFFFFF8003CDA57DD rsp=0xFFFFF80043075280 rax=0xFFFFF7C0C0009000 rcx=0x40046 rdx=0x800000000000001B rbx=0xFFFFF7C0C0009000 cr3=0x1AD002 cr8(irql)=0x0(PASSIVE_LEVEL)
[kerneldiag] spin-wait target value at tick 4 = 0xFFE9F2FBE8746C66
[watchdog] STALL #5 (exitCount=121012 unchanged for 10s): rip=0xFFFFF8003CDA57DD rsp=0xFFFFF80043075280 rax=0xFFFFF7C0C0009000 rcx=0x40046 rdx=0x800000000000001B rbx=0xFFFFF7C0C0009000 cr3=0x1AD002 cr8(irql)=0x0(PASSIVE_LEVEL)
[kerneldiag] spin-wait target value at tick 5 = 0xFFE9F2FBE8746C66
[watchdog] STALL #6 (exitCount=121012 unchanged for 12s): rip=0xFFFFF8003CDA57DD rsp=0xFFFFF80043075280 rax=0xFFFFF7C0C0009000 rcx=0x40046 rdx=0x800000000000001B rbx=0xFFFFF7C0C0009000 cr3=0x1AD002 cr8(irql)=0x0(PASSIVE_LEVEL)
[kerneldiag] spin-wait target value at tick 6 = 0xFFE9F2FBE8746C66
[watchdog] STALL #7 (exitCount=121012 unchanged for 14s): rip=0xFFFFF8003CDA57DD rsp=0xFFFFF80043075280 rax=0xFFFFF7C0C0009000 rcx=0x40046 rdx=0x800000000000001B rbx=0xFFFFF7C0C0009000 cr3=0x1AD002 cr8(irql)=0x0(PASSIVE_LEVEL)
[kerneldiag] spin-wait target value at tick 7 = 0xFFE9F2FBE8746C66
[u49]   APIC at GPA 0xBFEF0000 len=96 rev=3 OEM='LHOST0' checksum=OK
[u49]   XSDT at GPA 0x106018 len=68 rev=1 OEM='LHOST0' checksum=OK
[watchdog] STALL #8 (exitCount=121012 unchanged for 16s): rip=0xFFFFF8003CDA57DD rsp=0xFFFFF80043075280 rax=0xFFFFF7C0C0009000 rcx=0x40046 rdx=0x800000000000001B rbx=0xFFFFF7C0C0009000 cr3=0x1AD002 cr8(irql)=0x0(PASSIVE_LEVEL)
[kerneldiag] spin-wait target value at tick 8 = 0xFFE9F2FBE8746C66
[watchdog] STALL #9 (exitCount=121012 unchanged for 18s): rip=0xFFFFF8003CDA57DD rsp=0xFFFFF80043075280 rax=0xFFFFF7C0C0009000 rcx=0x40046 rdx=0x800000000000001B rbx=0xFFFFF7C0C0009000 cr3=0x1AD002 cr8(irql)=0x0(PASSIVE_LEVEL)
[kerneldiag] spin-wait target value at tick 9 = 0xFFE9F2FBE8746C66
[u49]   XSDT at GPA 0xBFEF20E8 len=68 rev=1 OEM='LHOST0' checksum=OK
[watchdog] STALL #10 (exitCount=121012 unchanged for 20s): rip=0xFFFFF8003CDA57DD rsp=0xFFFFF80043075280 rax=0xFFFFF7C0C0009000 rcx=0x40046 rdx=0x800000000000001B rbx=0xFFFFF7C0C0009000 cr3=0x1AD002 cr8(irql)=0x0(PASSIVE_LEVEL)
[kerneldiag] spin-wait target value at tick 10 = 0xFFE9F2FBE8746C66
[watchdog] STALL #11 (exitCount=121012 unchanged for 22s): rip=0xFFFFF8003CDA57DD rsp=0xFFFFF80043075280 rax=0xFFFFF7C0C0009000 rcx=0x40046 rdx=0x800000000000001B rbx=0xFFFFF7C0C0009000 cr3=0x1AD002 cr8(irql)=0x0(PASSIVE_LEVEL)
[kerneldiag] spin-wait target value at tick 11 = 0xFFE9F2FBE8746C66
[watchdog] STALL #12 (exitCount=121012 unchanged for 24s): rip=0xFFFFF8003CDA57DD rsp=0xFFFFF80043075280 rax=0xFFFFF7C0C0009000 rcx=0x40046 rdx=0x800000000000001B rbx=0xFFFFF7C0C0009000 cr3=0x1AD002 cr8(irql)=0x0(PASSIVE_LEVEL)
[kerneldiag] spin-wait target value at tick 12 = 0xFFE9F2FBE8746C66
[u49]   DBG2 at GPA 0xBFEEF000 len=84 rev=0 OEM='LHOST0' checksum=OK
[u51] XSDT at GPA 0x106018: 4 entries
[u51]     [0] -> GPA 0xBFEF1000  'FACP' len=244 rev=3 checksum=OK   <== the FADT acpi.sys needs
[u51]     [1] -> GPA 0xBFEF0000  'APIC' len=96 rev=3 checksum=OK
[u51]     [2] -> GPA 0xBFEEF000  'DBG2' len=84 rev=0 checksum=OK
[u51]     [3] -> GPA 0xBFEED000  'BGRT' len=56 rev=1 checksum=OK
[watchdog] STALL #13 (exitCount=121012 unchanged for 26s): rip=0xFFFFF8003CDA57DD rsp=0xFFFFF80043075280 rax=0xFFFFF7C0C0009000 rcx=0x40046 rdx=0x800000000000001B rbx=0xFFFFF7C0C0009000 cr3=0x1AD002 cr8(irql)=0x0(PASSIVE_LEVEL)
[kerneldiag] spin-wait target value at tick 13 = 0xFFE9F2FBE8746C66
[watchdog] STALL #14 (exitCount=121012 unchanged for 28s): rip=0xFFFFF8003CDA57DD rsp=0xFFFFF80043075280 rax=0xFFFFF7C0C0009000 rcx=0x40046 rdx=0x800000000000001B rbx=0xFFFFF7C0C0009000 cr3=0x1AD002 cr8(irql)=0x0(PASSIVE_LEVEL)
[kerneldiag] spin-wait target value at tick 14 = 0xFFE9F2FBE8746C66
[u51] XSDT at GPA 0xBFEF20E8: 4 entries
[u51]     [0] -> GPA 0xBFEF1000  'FACP' len=244 rev=3 checksum=OK   <== the FADT acpi.sys needs
[u51]     [1] -> GPA 0xBFEF0000  'APIC' len=96 rev=3 checksum=OK
[u51]     [2] -> GPA 0xBFEEF000  'DBG2' len=84 rev=0 checksum=OK
[u51]     [3] -> GPA 0xBFEED000  'BGRT' len=56 rev=1 checksum=OK
[wp] armed breakpoints at module base 0xFFFFF8003CA00000 (DR2 LFH-check armed=0): DR0=+0x3DC890 (U34 ExInitializePoolHeapManagement entry, VA=0xFFFFF8003CDDC890), DR1=+0x3FD6F0 (KeBugCheckEx, VA=0xFFFFF8003CDFD6F0), DR2=+0x343B49 (RtlpHpLfhOwnerMoveSubsegment entry, VA=0xFFFFF8003CD43B49), DR3=+0x9A188F (HalpIommuInitSystem ret, VA=0xFFFFF8003D3A188F)
[u32] ExPoolState pool-descriptor fields (pass 1):
[u32]   pool[0] desc@RVA0xC57EC0: +0x08=0x0 +0x10=0x0  <== +0x10 NULL
[u32]   pool[1] desc@RVA0xC59F80: +0x08=0x0 +0x10=0x0  <== +0x10 NULL
[u32]   pool[2] desc@RVA0xC5C040: +0x08=0x0 +0x10=0x0  <== +0x10 NULL
[u32]   pool[3] desc@RVA0xC5E100: +0x08=0x0 +0x10=0x0  <== +0x10 NULL
[u32]   pool[4] desc@RVA0xC601C0: +0x08=0x0 +0x10=0x0  <== +0x10 NULL
[u32]   pool[5] desc@RVA0xC62280: +0x08=0x0 +0x10=0x0  <== +0x10 NULL
[u32]   pool[6] desc@RVA0xC64340: +0x08=0x0 +0x10=0x0  <== +0x10 NULL
[u32]   pool[7] desc@RVA0xC66400: +0x08=0x0 +0x10=0x0  <== +0x10 NULL
[u27] dumped kernel image to ntoskrnl_dump.bin (4096/4096 pages readable)
[u33] baseline pass=1 exitCount=121012 pool[0] +0x08=0x0 +0x10=0x0
[u33] baseline pass=1 exitCount=121012 pool[1] +0x08=0x0 +0x10=0x0
[u33] baseline pass=1 exitCount=121012 pool[2] +0x08=0x0 +0x10=0x0
[u33] baseline pass=1 exitCount=121012 pool[3] +0x08=0x0 +0x10=0x0
[ioapic #1] gpa=0xFEC00000 pageOff=0x0 rip=0xFFFFF8003CDA57DD write=1 insnLen=0 bytes=16
[u42] pass1 ioapic1 SELECT reg=0x01
[ioapic #2] gpa=0xFEC00010 pageOff=0x10 rip=0xFFFFF8003CDA57E3 write=1 insnLen=0 bytes=16
[u42] pass1 ioapic1 WRITE reg=0x01 value=0x00000000
[ioapic #3] gpa=0xFEC00000 pageOff=0x0 rip=0xFFFFF8003CDA57EA write=1 insnLen=0 bytes=16
[u42] pass1 ioapic1 SELECT reg=0x01
[ioapic #4] gpa=0xFEC00010 pageOff=0x10 rip=0xFFFFF8003CDA57F0 write=0 insnLen=0 bytes=16
[u42] pass1 ioapic1 READ  reg=0x01 -> 0x00170011
[ioapic #5] gpa=0xFEC00000 pageOff=0x0 rip=0xFFFFF8003CDA57F3 write=1 insnLen=0 bytes=16
[u42] pass1 ioapic1 SELECT reg=0x01
[ioapic #6] gpa=0xFEC00010 pageOff=0x10 rip=0xFFFFF8003CDA57F9 write=1 insnLen=0 bytes=16
[u42] pass1 ioapic1 WRITE reg=0x01 value=0x00000000
[ioapic #7] gpa=0xFEC00000 pageOff=0x0 rip=0xFFFFF8003CDA5800 write=1 insnLen=0 bytes=16
[u42] pass1 ioapic1 SELECT reg=0x01
[ioapic #8] gpa=0xFEC00010 pageOff=0x10 rip=0xFFFFF8003CDA5806 write=0 insnLen=0 bytes=16
[u42] pass1 ioapic1 READ  reg=0x01 -> 0x00170011
[ioapic #9] gpa=0xFEC00000 pageOff=0x0 rip=0xFFFFF8003CDA5835 write=1 insnLen=0 bytes=16
[u42] pass1 ioapic1 SELECT reg=0x00
[ioapic #10] gpa=0xFEC00010 pageOff=0x10 rip=0xFFFFF8003CDA583B write=0 insnLen=0 bytes=16
[u42] pass1 ioapic1 READ  reg=0x00 -> 0x01000000
[ioapic #11] gpa=0xFEC00010 pageOff=0x10 rip=0xFFFFF8003CDA5846 write=1 insnLen=0 bytes=16
[u42] pass1 ioapic1 WRITE reg=0x00 value=0x01000000
[ioapic #12] gpa=0xFEC00000 pageOff=0x0 rip=0xFFFFF8003CDA585D write=1 insnLen=0 bytes=16
[u42] pass1 ioapic1 SELECT reg=0x10
[ioapic #13] gpa=0xFEC00010 pageOff=0x10 rip=0xFFFFF8003CDA585F write=0 insnLen=0 bytes=16
[u42] pass1 ioapic1 READ  reg=0x10 -> 0x00010000
[ioapic #14] gpa=0xFEC00010 pageOff=0x10 rip=0xFFFFF8003CDA587A write=1 insnLen=0 bytes=16
[u42] pass1 ioapic1 WRITE reg=0x10 value=0x000100FF
[ioapic #15] gpa=0xFEC00000 pageOff=0x0 rip=0xFFFFF8003CDA5881 write=1 insnLen=0 bytes=16
[u42] pass1 ioapic1 SELECT reg=0x11
[ioapic #16] gpa=0xFEC00010 pageOff=0x10 rip=0xFFFFF8003CDA5883 write=1 insnLen=0 bytes=16
[u42] pass1 ioapic1 WRITE reg=0x11 value=0x00000000
[ioapic #17] gpa=0xFEC00000 pageOff=0x0 rip=0xFFFFF8003CDA585D write=1 insnLen=0 bytes=16
[u42] pass1 ioapic1 SELECT reg=0x12
[ioapic #18] gpa=0xFEC00010 pageOff=0x10 rip=0xFFFFF8003CDA585F write=0 insnLen=0 bytes=16
[u42] pass1 ioapic1 READ  reg=0x12 -> 0x00010000
[ioapic #19] gpa=0xFEC00010 pageOff=0x10 rip=0xFFFFF8003CDA587A write=1 insnLen=0 bytes=16
[u42] pass1 ioapic1 WRITE reg=0x12 value=0x000100FF
[ioapic #20] gpa=0xFEC00000 pageOff=0x0 rip=0xFFFFF8003CDA5881 write=1 insnLen=0 bytes=16
[u42] pass1 ioapic1 SELECT reg=0x13
[ioapic #21] gpa=0xFEC00010 pageOff=0x10 rip=0xFFFFF8003CDA5883 write=1 insnLen=0 bytes=16
[u42] pass1 ioapic1 WRITE reg=0x13 value=0x00000000
[ioapic #22] gpa=0xFEC00000 pageOff=0x0 rip=0xFFFFF8003CDA585D write=1 insnLen=0 bytes=16
[u42] pass1 ioapic1 SELECT reg=0x14
[ioapic #23] gpa=0xFEC00010 pageOff=0x10 rip=0xFFFFF8003CDA585F write=0 insnLen=0 bytes=16
[u42] pass1 ioapic1 READ  reg=0x14 -> 0x00010000
[ioapic #24] gpa=0xFEC00010 pageOff=0x10 rip=0xFFFFF8003CDA587A write=1 insnLen=0 bytes=16
[u42] pass1 ioapic1 WRITE reg=0x14 value=0x000100FF
[ioapic #25] gpa=0xFEC00000 pageOff=0x0 rip=0xFFFFF8003CDA5881 write=1 insnLen=0 bytes=16
[u42] pass1 ioapic1 SELECT reg=0x15
[ioapic #26] gpa=0xFEC00010 pageOff=0x10 rip=0xFFFFF8003CDA5883 write=1 insnLen=0 bytes=16
[u42] pass1 ioapic1 WRITE reg=0x15 value=0x00000000
[ioapic #27] gpa=0xFEC00000 pageOff=0x0 rip=0xFFFFF8003CDA585D write=1 insnLen=0 bytes=16
[u42] pass1 ioapic1 SELECT reg=0x16
[ioapic #28] gpa=0xFEC00010 pageOff=0x10 rip=0xFFFFF8003CDA585F write=0 insnLen=0 bytes=16
[u42] pass1 ioapic1 READ  reg=0x16 -> 0x00010000
[ioapic #29] gpa=0xFEC00010 pageOff=0x10 rip=0xFFFFF8003CDA587A write=1 insnLen=0 bytes=16
[u42] pass1 ioapic1 WRITE reg=0x16 value=0x000100FF
[ioapic #30] gpa=0xFEC00000 pageOff=0x0 rip=0xFFFFF8003CDA5881 write=1 insnLen=0 bytes=16
[u42] pass1 ioapic1 SELECT reg=0x17
[ioapic #31] gpa=0xFEC00010 pageOff=0x10 rip=0xFFFFF8003CDA5883 write=1 insnLen=0 bytes=16
[u42] pass1 ioapic1 WRITE reg=0x17 value=0x00000000
[ioapic #32] gpa=0xFEC00000 pageOff=0x0 rip=0xFFFFF8003CDA585D write=1 insnLen=0 bytes=16
[u42] pass1 ioapic1 SELECT reg=0x18
[ioapic #33] gpa=0xFEC00010 pageOff=0x10 rip=0xFFFFF8003CDA585F write=0 insnLen=0 bytes=16
[u42] pass1 ioapic1 READ  reg=0x18 -> 0x00010000
[ioapic #34] gpa=0xFEC00010 pageOff=0x10 rip=0xFFFFF8003CDA587A write=1 insnLen=0 bytes=16
[u42] pass1 ioapic1 WRITE reg=0x18 value=0x000100FF
[ioapic #35] gpa=0xFEC00000 pageOff=0x0 rip=0xFFFFF8003CDA5881 write=1 insnLen=0 bytes=16
[u42] pass1 ioapic1 SELECT reg=0x19
[ioapic #36] gpa=0xFEC00010 pageOff=0x10 rip=0xFFFFF8003CDA5883 write=1 insnLen=0 bytes=16
[u42] pass1 ioapic1 WRITE reg=0x19 value=0x00000000
[ioapic #37] gpa=0xFEC00000 pageOff=0x0 rip=0xFFFFF8003CDA585D write=1 insnLen=0 bytes=16
[u42] pass1 ioapic1 SELECT reg=0x1A
[ioapic #38] gpa=0xFEC00010 pageOff=0x10 rip=0xFFFFF8003CDA585F write=0 insnLen=0 bytes=16
[u42] pass1 ioapic1 READ  reg=0x1A -> 0x00010000
[ioapic #39] gpa=0xFEC00010 pageOff=0x10 rip=0xFFFFF8003CDA587A write=1 insnLen=0 bytes=16
[u42] pass1 ioapic1 WRITE reg=0x1A value=0x000100FF
[ioapic #40] gpa=0xFEC00000 pageOff=0x0 rip=0xFFFFF8003CDA5881 write=1 insnLen=0 bytes=16
[u42] pass1 ioapic1 SELECT reg=0x1B
[ioapic #41] gpa=0xFEC00010 pageOff=0x10 rip=0xFFFFF8003CDA5883 write=1 insnLen=0 bytes=16
[u42] pass1 ioapic1 WRITE reg=0x1B value=0x00000000
[ioapic #42] gpa=0xFEC00000 pageOff=0x0 rip=0xFFFFF8003CDA585D write=1 insnLen=0 bytes=16
[u42] pass1 ioapic1 SELECT reg=0x1C
[ioapic #43] gpa=0xFEC00010 pageOff=0x10 rip=0xFFFFF8003CDA585F write=0 insnLen=0 bytes=16
[u42] pass1 ioapic1 READ  reg=0x1C -> 0x00010000
[ioapic #44] gpa=0xFEC00010 pageOff=0x10 rip=0xFFFFF8003CDA587A write=1 insnLen=0 bytes=16
[u42] pass1 ioapic1 WRITE reg=0x1C value=0x000100FF
[ioapic #45] gpa=0xFEC00000 pageOff=0x0 rip=0xFFFFF8003CDA5881 write=1 insnLen=0 bytes=16
[u42] pass1 ioapic1 SELECT reg=0x1D
[ioapic #46] gpa=0xFEC00010 pageOff=0x10 rip=0xFFFFF8003CDA5883 write=1 insnLen=0 bytes=16
[u42] pass1 ioapic1 WRITE reg=0x1D value=0x00000000
[ioapic #47] gpa=0xFEC00000 pageOff=0x0 rip=0xFFFFF8003CDA585D write=1 insnLen=0 bytes=16
[u42] pass1 ioapic1 SELECT reg=0x1E
[ioapic #48] gpa=0xFEC00010 pageOff=0x10 rip=0xFFFFF8003CDA585F write=0 insnLen=0 bytes=16
[u42] pass1 ioapic1 READ  reg=0x1E -> 0x00010000
[ioapic #49] gpa=0xFEC00010 pageOff=0x10 rip=0xFFFFF8003CDA587A write=1 insnLen=0 bytes=16
[u42] pass1 ioapic1 WRITE reg=0x1E value=0x000100FF
[ioapic #50] gpa=0xFEC00000 pageOff=0x0 rip=0xFFFFF8003CDA5881 write=1 insnLen=0 bytes=16
[u42] pass1 ioapic1 SELECT reg=0x1F
[ioapic #51] gpa=0xFEC00010 pageOff=0x10 rip=0xFFFFF8003CDA5883 write=1 insnLen=0 bytes=16
[u42] pass1 ioapic1 WRITE reg=0x1F value=0x00000000
[ioapic #52] gpa=0xFEC00000 pageOff=0x0 rip=0xFFFFF8003CDA585D write=1 insnLen=0 bytes=16
[u42] pass1 ioapic1 SELECT reg=0x20
[ioapic #53] gpa=0xFEC00010 pageOff=0x10 rip=0xFFFFF8003CDA585F write=0 insnLen=0 bytes=16
[u42] pass1 ioapic1 READ  reg=0x20 -> 0x00010000
[ioapic #54] gpa=0xFEC00010 pageOff=0x10 rip=0xFFFFF8003CDA587A write=1 insnLen=0 bytes=16
[u42] pass1 ioapic1 WRITE reg=0x20 value=0x000100FF
[ioapic #55] gpa=0xFEC00000 pageOff=0x0 rip=0xFFFFF8003CDA5881 write=1 insnLen=0 bytes=16
[u42] pass1 ioapic1 SELECT reg=0x21
[ioapic #56] gpa=0xFEC00010 pageOff=0x10 rip=0xFFFFF8003CDA5883 write=1 insnLen=0 bytes=16
[u42] pass1 ioapic1 WRITE reg=0x21 value=0x00000000
[ioapic #57] gpa=0xFEC00000 pageOff=0x0 rip=0xFFFFF8003CDA585D write=1 insnLen=0 bytes=16
[u42] pass1 ioapic1 SELECT reg=0x22
[ioapic #58] gpa=0xFEC00010 pageOff=0x10 rip=0xFFFFF8003CDA585F write=0 insnLen=0 bytes=16
[u42] pass1 ioapic1 READ  reg=0x22 -> 0x00010000
[ioapic #59] gpa=0xFEC00010 pageOff=0x10 rip=0xFFFFF8003CDA587A write=1 insnLen=0 bytes=16
[u42] pass1 ioapic1 WRITE reg=0x22 value=0x000100FF
[ioapic #60] gpa=0xFEC00000 pageOff=0x0 rip=0xFFFFF8003CDA5881 write=1 insnLen=0 bytes=16
[u42] pass1 ioapic1 SELECT reg=0x23
[ioapic #61] gpa=0xFEC00010 pageOff=0x10 rip=0xFFFFF8003CDA5883 write=1 insnLen=0 bytes=16
[u42] pass1 ioapic1 WRITE reg=0x23 value=0x00000000
[ioapic #62] gpa=0xFEC00000 pageOff=0x0 rip=0xFFFFF8003CDA585D write=1 insnLen=0 bytes=16
[u42] pass1 ioapic1 SELECT reg=0x24
[ioapic #63] gpa=0xFEC00010 pageOff=0x10 rip=0xFFFFF8003CDA585F write=0 insnLen=0 bytes=16
[u42] pass1 ioapic1 READ  reg=0x24 -> 0x00010000
[ioapic #64] gpa=0xFEC00010 pageOff=0x10 rip=0xFFFFF8003CDA587A write=1 insnLen=0 bytes=16
[u42] pass1 ioapic1 WRITE reg=0x24 value=0x000100FF
[ioapic #65] gpa=0xFEC00000 pageOff=0x0 rip=0xFFFFF8003CDA5881 write=1 insnLen=0 bytes=16
[u42] pass1 ioapic1 SELECT reg=0x25
[ioapic #66] gpa=0xFEC00010 pageOff=0x10 rip=0xFFFFF8003CDA5883 write=1 insnLen=0 bytes=16
[u42] pass1 ioapic1 WRITE reg=0x25 value=0x00000000
[ioapic #67] gpa=0xFEC00000 pageOff=0x0 rip=0xFFFFF8003CDA585D write=1 insnLen=0 bytes=16
[u42] pass1 ioapic1 SELECT reg=0x26
[ioapic #68] gpa=0xFEC00010 pageOff=0x10 rip=0xFFFFF8003CDA585F write=0 insnLen=0 bytes=16
[u42] pass1 ioapic1 READ  reg=0x26 -> 0x00010000
[ioapic #69] gpa=0xFEC00010 pageOff=0x10 rip=0xFFFFF8003CDA587A write=1 insnLen=0 bytes=16
[u42] pass1 ioapic1 WRITE reg=0x26 value=0x000100FF
[ioapic #70] gpa=0xFEC00000 pageOff=0x0 rip=0xFFFFF8003CDA5881 write=1 insnLen=0 bytes=16
[u42] pass1 ioapic1 SELECT reg=0x27
[ioapic #71] gpa=0xFEC00010 pageOff=0x10 rip=0xFFFFF8003CDA5883 write=1 insnLen=0 bytes=16
[u42] pass1 ioapic1 WRITE reg=0x27 value=0x00000000
[ioapic #72] gpa=0xFEC00000 pageOff=0x0 rip=0xFFFFF8003CDA585D write=1 insnLen=0 bytes=16
[u42] pass1 ioapic1 SELECT reg=0x28
[ioapic #73] gpa=0xFEC00010 pageOff=0x10 rip=0xFFFFF8003CDA585F write=0 insnLen=0 bytes=16
[u42] pass1 ioapic1 READ  reg=0x28 -> 0x00010000
[ioapic #74] gpa=0xFEC00010 pageOff=0x10 rip=0xFFFFF8003CDA587A write=1 insnLen=0 bytes=16
[u42] pass1 ioapic1 WRITE reg=0x28 value=0x000100FF
[ioapic #75] gpa=0xFEC00000 pageOff=0x0 rip=0xFFFFF8003CDA5881 write=1 insnLen=0 bytes=16
[u42] pass1 ioapic1 SELECT reg=0x29
[ioapic #76] gpa=0xFEC00010 pageOff=0x10 rip=0xFFFFF8003CDA5883 write=1 insnLen=0 bytes=16
[u42] pass1 ioapic1 WRITE reg=0x29 value=0x00000000
[ioapic #77] gpa=0xFEC00000 pageOff=0x0 rip=0xFFFFF8003CDA585D write=1 insnLen=0 bytes=16
[u42] pass1 ioapic1 SELECT reg=0x2A
[ioapic #78] gpa=0xFEC00010 pageOff=0x10 rip=0xFFFFF8003CDA585F write=0 insnLen=0 bytes=16
[u42] pass1 ioapic1 READ  reg=0x2A -> 0x00010000
[ioapic #79] gpa=0xFEC00010 pageOff=0x10 rip=0xFFFFF8003CDA587A write=1 insnLen=0 bytes=16
[u42] pass1 ioapic1 WRITE reg=0x2A value=0x000100FF
[ioapic #80] gpa=0xFEC00000 pageOff=0x0 rip=0xFFFFF8003CDA5881 write=1 insnLen=0 bytes=16
[u42] pass1 ioapic1 SELECT reg=0x2B
[ioapic #81] gpa=0xFEC00010 pageOff=0x10 rip=0xFFFFF8003CDA5883 write=1 insnLen=0 bytes=16
[u42] pass1 ioapic1 WRITE reg=0x2B value=0x00000000
[ioapic #82] gpa=0xFEC00000 pageOff=0x0 rip=0xFFFFF8003CDA585D write=1 insnLen=0 bytes=16
[u42] pass1 ioapic1 SELECT reg=0x2C
[ioapic #83] gpa=0xFEC00010 pageOff=0x10 rip=0xFFFFF8003CDA585F write=0 insnLen=0 bytes=16
[u42] pass1 ioapic1 READ  reg=0x2C -> 0x00010000
[ioapic #84] gpa=0xFEC00010 pageOff=0x10 rip=0xFFFFF8003CDA587A write=1 insnLen=0 bytes=16
[u42] pass1 ioapic1 WRITE reg=0x2C value=0x000100FF
[ioapic #85] gpa=0xFEC00000 pageOff=0x0 rip=0xFFFFF8003CDA5881 write=1 insnLen=0 bytes=16
[u42] pass1 ioapic1 SELECT reg=0x2D
[ioapic #86] gpa=0xFEC00010 pageOff=0x10 rip=0xFFFFF8003CDA5883 write=1 insnLen=0 bytes=16
[u42] pass1 ioapic1 WRITE reg=0x2D value=0x00000000
[ioapic #87] gpa=0xFEC00000 pageOff=0x0 rip=0xFFFFF8003CDA585D write=1 insnLen=0 bytes=16
[u42] pass1 ioapic1 SELECT reg=0x2E
[ioapic #88] gpa=0xFEC00010 pageOff=0x10 rip=0xFFFFF8003CDA585F write=0 insnLen=0 bytes=16
[u42] pass1 ioapic1 READ  reg=0x2E -> 0x00010000
[ioapic #89] gpa=0xFEC00010 pageOff=0x10 rip=0xFFFFF8003CDA587A write=1 insnLen=0 bytes=16
[u42] pass1 ioapic1 WRITE reg=0x2E value=0x000100FF
[ioapic #90] gpa=0xFEC00000 pageOff=0x0 rip=0xFFFFF8003CDA5881 write=1 insnLen=0 bytes=16
[u42] pass1 ioapic1 SELECT reg=0x2F
[ioapic #91] gpa=0xFEC00010 pageOff=0x10 rip=0xFFFFF8003CDA5883 write=1 insnLen=0 bytes=16
[u42] pass1 ioapic1 WRITE reg=0x2F value=0x00000000
[ioapic #92] gpa=0xFEC00000 pageOff=0x0 rip=0xFFFFF8003CDA585D write=1 insnLen=0 bytes=16
[u42] pass1 ioapic1 SELECT reg=0x30
[ioapic #93] gpa=0xFEC00010 pageOff=0x10 rip=0xFFFFF8003CDA585F write=0 insnLen=0 bytes=16
[u42] pass1 ioapic1 READ  reg=0x30 -> 0x00010000
[ioapic #94] gpa=0xFEC00010 pageOff=0x10 rip=0xFFFFF8003CDA587A write=1 insnLen=0 bytes=16
[u42] pass1 ioapic1 WRITE reg=0x30 value=0x000100FF
[ioapic #95] gpa=0xFEC00000 pageOff=0x0 rip=0xFFFFF8003CDA5881 write=1 insnLen=0 bytes=16
[u42] pass1 ioapic1 SELECT reg=0x31
[ioapic #96] gpa=0xFEC00010 pageOff=0x10 rip=0xFFFFF8003CDA5883 write=1 insnLen=0 bytes=16
[u42] pass1 ioapic1 WRITE reg=0x31 value=0x00000000
[ioapic #97] gpa=0xFEC00000 pageOff=0x0 rip=0xFFFFF8003CDA585D write=1 insnLen=0 bytes=16
[u42] pass1 ioapic1 SELECT reg=0x32
[ioapic #98] gpa=0xFEC00010 pageOff=0x10 rip=0xFFFFF8003CDA585F write=0 insnLen=0 bytes=16
[u42] pass1 ioapic1 READ  reg=0x32 -> 0x00010000
[ioapic #99] gpa=0xFEC00010 pageOff=0x10 rip=0xFFFFF8003CDA587A write=1 insnLen=0 bytes=16
[u42] pass1 ioapic1 WRITE reg=0x32 value=0x000100FF
[ioapic #100] gpa=0xFEC00000 pageOff=0x0 rip=0xFFFFF8003CDA5881 write=1 insnLen=0 bytes=16
[u42] pass1 ioapic1 SELECT reg=0x33
[u42] pass1 ioapic1 WRITE reg=0x33 value=0x00000000
[u42] pass1 ioapic1 SELECT reg=0x34
[u42] pass1 ioapic1 READ  reg=0x34 -> 0x00010000
[u42] pass1 ioapic1 WRITE reg=0x34 value=0x000100FF
[u42] pass1 ioapic1 SELECT reg=0x35
[u42] pass1 ioapic1 WRITE reg=0x35 value=0x00000000
[u42] pass1 ioapic1 SELECT reg=0x36
[u42] pass1 ioapic1 READ  reg=0x36 -> 0x00010000
[u42] pass1 ioapic1 WRITE reg=0x36 value=0x000100FF
[u42] pass1 ioapic1 SELECT reg=0x37
[u42] pass1 ioapic1 WRITE reg=0x37 value=0x00000000
[u42] pass1 ioapic1 SELECT reg=0x38
[u42] pass1 ioapic1 READ  reg=0x38 -> 0x00010000
[u42] pass1 ioapic1 WRITE reg=0x38 value=0x000100FF
[u42] pass1 ioapic1 SELECT reg=0x39
[u42] pass1 ioapic1 WRITE reg=0x39 value=0x00000000
[u42] pass1 ioapic1 SELECT reg=0x3A
[u42] pass1 ioapic1 READ  reg=0x3A -> 0x00010000
[u42] pass1 ioapic1 WRITE reg=0x3A value=0x000100FF
[u42] pass1 ioapic1 SELECT reg=0x3B
[u42] pass1 ioapic1 WRITE reg=0x3B value=0x00000000
[u42] pass1 ioapic1 SELECT reg=0x3C
[u42] pass1 ioapic1 READ  reg=0x3C -> 0x00010000
[u42] pass1 ioapic1 WRITE reg=0x3C value=0x000100FF
[u42] pass1 ioapic1 SELECT reg=0x3D
[u42] pass1 ioapic1 WRITE reg=0x3D value=0x00000000
[u42] pass1 ioapic1 SELECT reg=0x3E
[u42] pass1 ioapic1 READ  reg=0x3E -> 0x00010000
[u42] pass1 ioapic1 WRITE reg=0x3E value=0x000100FF
[u42] pass1 ioapic1 SELECT reg=0x3F
[u42] pass1 ioapic1 WRITE reg=0x3F value=0x00000000
[u42] pass1 ioapic2 SELECT reg=0x01
[u42] pass1 ioapic2 WRITE reg=0x01 value=0x00000000
[u42] pass1 ioapic2 SELECT reg=0x01
[u42] pass1 ioapic2 READ  reg=0x01 -> 0x00170011
[u42] pass1 ioapic2 SELECT reg=0x01
[u42] pass1 ioapic2 WRITE reg=0x01 value=0x00000000
[u42] pass1 ioapic2 SELECT reg=0x01
[u42] pass1 ioapic2 READ  reg=0x01 -> 0x00170011
[u42] pass1 ioapic2 SELECT reg=0x00
[u42] pass1 ioapic2 READ  reg=0x00 -> 0x02000000
[u42] pass1 ioapic2 WRITE reg=0x00 value=0x02000000
[u42] pass1 ioapic2 SELECT reg=0x10
[u42] pass1 ioapic2 READ  reg=0x10 -> 0x00010000
[u42] pass1 ioapic2 WRITE reg=0x10 value=0x000100FF
[u42] pass1 ioapic2 SELECT reg=0x11
[u42] pass1 ioapic2 WRITE reg=0x11 value=0x00000000
[u42] pass1 ioapic2 SELECT reg=0x12
[u42] pass1 ioapic2 READ  reg=0x12 -> 0x00010000
[u42] pass1 ioapic2 WRITE reg=0x12 value=0x000100FF
[u42] pass1 ioapic2 SELECT reg=0x13
[u42] pass1 ioapic2 WRITE reg=0x13 value=0x00000000
[u42] pass1 ioapic2 SELECT reg=0x14
[u42] pass1 ioapic2 READ  reg=0x14 -> 0x00010000
[u42] pass1 ioapic2 WRITE reg=0x14 value=0x000100FF
[u42] pass1 ioapic2 SELECT reg=0x15
[u42] pass1 ioapic2 WRITE reg=0x15 value=0x00000000
[u42] pass1 ioapic2 SELECT reg=0x16
[u42] pass1 ioapic2 READ  reg=0x16 -> 0x00010000
[u42] pass1 ioapic2 WRITE reg=0x16 value=0x000100FF
[u42] pass1 ioapic2 SELECT reg=0x17
[u42] pass1 ioapic2 WRITE reg=0x17 value=0x00000000
[u42] pass1 ioapic2 SELECT reg=0x18
[u42] pass1 ioapic2 READ  reg=0x18 -> 0x00010000
[u42] pass1 ioapic2 WRITE reg=0x18 value=0x000100FF
[u42] pass1 ioapic2 SELECT reg=0x19
[u42] pass1 ioapic2 WRITE reg=0x19 value=0x00000000
[u42] pass1 ioapic2 SELECT reg=0x1A
[u42] pass1 ioapic2 READ  reg=0x1A -> 0x00010000
[u42] pass1 ioapic2 WRITE reg=0x1A value=0x000100FF
[u42] pass1 ioapic2 SELECT reg=0x1B
[u42] pass1 ioapic2 WRITE reg=0x1B value=0x00000000
[u42] pass1 ioapic2 SELECT reg=0x1C
[u42] pass1 ioapic2 READ  reg=0x1C -> 0x00010000
[u42] pass1 ioapic2 WRITE reg=0x1C value=0x000100FF
[u42] pass1 ioapic2 SELECT reg=0x1D
[u42] pass1 ioapic2 WRITE reg=0x1D value=0x00000000
[u42] pass1 ioapic2 SELECT reg=0x1E
[u42] pass1 ioapic2 READ  reg=0x1E -> 0x00010000
[u42] pass1 ioapic2 WRITE reg=0x1E value=0x000100FF
[u42] pass1 ioapic2 SELECT reg=0x1F
[u42] pass1 ioapic2 WRITE reg=0x1F value=0x00000000
[u42] pass1 ioapic2 SELECT reg=0x20
[u42] pass1 ioapic2 READ  reg=0x20 -> 0x00010000
[u42] pass1 ioapic2 WRITE reg=0x20 value=0x000100FF
[u42] pass1 ioapic2 SELECT reg=0x21
[u42] pass1 ioapic2 WRITE reg=0x21 value=0x00000000
[u42] pass1 ioapic2 SELECT reg=0x22
[u42] pass1 ioapic2 READ  reg=0x22 -> 0x00010000
[u42] pass1 ioapic2 WRITE reg=0x22 value=0x000100FF
[u42] pass1 ioapic2 SELECT reg=0x23
[u42] pass1 ioapic2 WRITE reg=0x23 value=0x00000000
[u42] pass1 ioapic2 SELECT reg=0x24
[u42] pass1 ioapic2 READ  reg=0x24 -> 0x00010000
[u42] pass1 ioapic2 WRITE reg=0x24 value=0x000100FF
[u42] pass1 ioapic2 SELECT reg=0x25
[u42] pass1 ioapic2 WRITE reg=0x25 value=0x00000000
[u42] pass1 ioapic2 SELECT reg=0x26
[u42] pass1 ioapic2 READ  reg=0x26 -> 0x00010000
[u42] pass1 ioapic2 WRITE reg=0x26 value=0x000100FF
[u42] pass1 ioapic2 SELECT reg=0x27
[u42] pass1 ioapic2 WRITE reg=0x27 value=0x00000000
[u42] pass1 ioapic2 SELECT reg=0x28
[u42] pass1 ioapic2 READ  reg=0x28 -> 0x00010000
[u42] pass1 ioapic2 WRITE reg=0x28 value=0x000100FF
[u42] pass1 ioapic2 SELECT reg=0x29
[u42] pass1 ioapic2 WRITE reg=0x29 value=0x00000000
[u42] pass1 ioapic2 SELECT reg=0x2A
[u42] pass1 ioapic2 READ  reg=0x2A -> 0x00010000
[u42] pass1 ioapic2 WRITE reg=0x2A value=0x000100FF
[u42] pass1 ioapic2 SELECT reg=0x2B
[u42] pass1 ioapic2 WRITE reg=0x2B value=0x00000000
[u42] pass1 ioapic2 SELECT reg=0x2C
[u42] pass1 ioapic2 READ  reg=0x2C -> 0x00010000
[u42] pass1 ioapic2 WRITE reg=0x2C value=0x000100FF
[u42] pass1 ioapic2 SELECT reg=0x2D
[u42] pass1 ioapic2 WRITE reg=0x2D value=0x00000000
[u42] pass1 ioapic2 SELECT reg=0x2E
[u42] pass1 ioapic2 READ  reg=0x2E -> 0x00010000
[u42] pass1 ioapic2 WRITE reg=0x2E value=0x000100FF
[u42] pass1 ioapic2 SELECT reg=0x2F
[u42] pass1 ioapic2 WRITE reg=0x2F value=0x00000000
[u42] pass1 ioapic2 SELECT reg=0x30
[u42] pass1 ioapic2 READ  reg=0x30 -> 0x00010000
[u42] pass1 ioapic2 WRITE reg=0x30 value=0x000100FF
[u42] pass1 ioapic2 SELECT reg=0x31
[u42] pass1 ioapic2 WRITE reg=0x31 value=0x00000000
[u42] pass1 ioapic2 SELECT reg=0x32
[u42] pass1 ioapic2 READ  reg=0x32 -> 0x00010000
[u42] pass1 ioapic2 WRITE reg=0x32 value=0x000100FF
[u42] pass1 ioapic2 SELECT reg=0x33
[u42] pass1 ioapic2 WRITE reg=0x33 value=0x00000000
[u42] pass1 ioapic2 SELECT reg=0x34
[u42] pass1 ioapic2 READ  reg=0x34 -> 0x00010000
[u42] pass1 ioapic2 WRITE reg=0x34 value=0x000100FF
[u42] pass1 ioapic2 SELECT reg=0x35
[u42] pass1 ioapic2 WRITE reg=0x35 value=0x00000000
[u42] pass1 ioapic2 SELECT reg=0x36
[u42] pass1 ioapic2 READ  reg=0x36 -> 0x00010000
[u42] pass1 ioapic2 WRITE reg=0x36 value=0x000100FF
[u42] pass1 ioapic2 SELECT reg=0x37
[u42] pass1 ioapic2 WRITE reg=0x37 value=0x00000000
[u42] pass1 ioapic2 SELECT reg=0x38
[u42] pass1 ioapic2 READ  reg=0x38 -> 0x00010000
[u42] pass1 ioapic2 WRITE reg=0x38 value=0x000100FF
[u42] pass1 ioapic2 SELECT reg=0x39
[u42] pass1 ioapic2 WRITE reg=0x39 value=0x00000000
[u42] pass1 ioapic2 SELECT reg=0x3A
[u42] pass1 ioapic2 READ  reg=0x3A -> 0x00010000
[u42] pass1 ioapic2 WRITE reg=0x3A value=0x000100FF
[u42] pass1 ioapic2 SELECT reg=0x3B
[u42] pass1 ioapic2 WRITE reg=0x3B value=0x00000000
[u42] pass1 ioapic2 SELECT reg=0x3C
[u42] pass1 ioapic2 READ  reg=0x3C -> 0x00010000
[u42] pass1 ioapic2 WRITE reg=0x3C value=0x000100FF
[u42] pass1 ioapic2 SELECT reg=0x3D
[u42] pass1 ioapic2 WRITE reg=0x3D value=0x00000000
[u42] pass1 ioapic2 SELECT reg=0x3E
[u42] pass1 ioapic2 READ  reg=0x3E -> 0x00010000
[u42] pass1 ioapic2 WRITE reg=0x3E value=0x000100FF
[heartbeat: exitCount=125000 elapsedSec=37.0 lastPort=0xB008 write=0 val=0xFF]
[cmos-ab] write reg=0x0A value=0x25 (RegA=0x25 RegB=0x02, PIE=0)
[ioapic-rte] controller id=1 entry=8 reg=0x20 value=0x000008D1 -> full RTE now 0x01000000000008D1 (vector=0xD1 masked=0)
[cmos-ab] write reg=0x0B value=0x02 (RegA=0x25 RegB=0x02, PIE=0)
[ioapic-rte] controller id=1 entry=8 reg=0x21 value=0x01000000 -> full RTE now 0x01000000000008D1 (vector=0xD1 masked=0)
[ioapic-rte] controller id=1 entry=8 reg=0x20 value=0x000008D1 -> full RTE now 0x01000000000008D1 (vector=0xD1 masked=0)
[cmos-ab] write reg=0x0B value=0x42 (RegA=0x25 RegB=0x42, PIE=1)
[u43] pass1 gsi=8 PROGRAMMED vector=0xD1 (legacy would be 0x70) rte=0x01000000000008D1 kernelFound=1
[rtc-diag] tick #1 FIRED vector=0xD1, skippedTotal=0 firedTotal=1
[u43] pass1 gsi=8 PROGRAMMED vector=0xD1 (legacy would be 0x70) rte=0x01000000000008D1 kernelFound=1
[rtc-diag] tick #2 FIRED vector=0xD1, skippedTotal=0 firedTotal=2
[u43] pass1 gsi=8 PROGRAMMED vector=0xD1 (legacy would be 0x70) rte=0x01000000000008D1 kernelFound=1
[rtc-diag] tick #3 FIRED vector=0xD1, skippedTotal=0 firedTotal=3
[u43] pass1 gsi=8 PROGRAMMED vector=0xD1 (legacy would be 0x70) rte=0x01000000000008D1 kernelFound=1
[rtc-diag] tick #4 FIRED vector=0xD1, skippedTotal=0 firedTotal=4
[u43] pass1 gsi=8 PROGRAMMED vector=0xD1 (legacy would be 0x70) rte=0x01000000000008D1 kernelFound=1
[rtc-diag] tick #5 FIRED vector=0xD1, skippedTotal=0 firedTotal=5
[u43] pass1 gsi=8 PROGRAMMED vector=0xD1 (legacy would be 0x70) rte=0x01000000000008D1 kernelFound=1
[rtc-diag] tick #6 FIRED vector=0xD1, skippedTotal=0 firedTotal=6
[u43] pass1 gsi=8 PROGRAMMED vector=0xD1 (legacy would be 0x70) rte=0x01000000000008D1 kernelFound=1
[rtc-diag] tick #7 FIRED vector=0xD1, skippedTotal=0 firedTotal=7
[u43] pass1 gsi=8 PROGRAMMED vector=0xD1 (legacy would be 0x70) rte=0x01000000000008D1 kernelFound=1
[rtc-diag] tick #8 FIRED vector=0xD1, skippedTotal=0 firedTotal=8
[u43] pass1 gsi=8 PROGRAMMED vector=0xD1 (legacy would be 0x70) rte=0x01000000000008D1 kernelFound=1
[rtc-diag] tick #9 FIRED vector=0xD1, skippedTotal=0 firedTotal=9
[u43] pass1 gsi=8 PROGRAMMED vector=0xD1 (legacy would be 0x70) rte=0x01000000000008D1 kernelFound=1
[rtc-diag] tick #10 FIRED vector=0xD1, skippedTotal=0 firedTotal=10
[u43] pass1 gsi=8 PROGRAMMED vector=0xD1 (legacy would be 0x70) rte=0x01000000000008D1 kernelFound=1
[rtc-diag] tick #11 FIRED vector=0xD1, skippedTotal=0 firedTotal=11
[u43] pass1 gsi=8 PROGRAMMED vector=0xD1 (legacy would be 0x70) rte=0x01000000000008D1 kernelFound=1
[rtc-diag] tick #12 FIRED vector=0xD1, skippedTotal=0 firedTotal=12
[u43] pass1 gsi=8 PROGRAMMED vector=0xD1 (legacy would be 0x70) rte=0x01000000000008D1 kernelFound=1
[rtc-diag] tick #13 FIRED vector=0xD1, skippedTotal=0 firedTotal=13
[rtc-diag] tick #14 SKIPPED (interrupts disabled), skippedTotal=1 firedTotal=13
[rtc-diag] tick #15 SKIPPED (interrupts disabled), skippedTotal=2 firedTotal=13
[u43] pass1 gsi=8 PROGRAMMED vector=0xD1 (legacy would be 0x70) rte=0x01000000000008D1 kernelFound=1
[rtc-diag] tick #16 FIRED vector=0xD1, skippedTotal=2 firedTotal=14
[u43] pass1 gsi=8 PROGRAMMED vector=0xD1 (legacy would be 0x70) rte=0x01000000000008D1 kernelFound=1
[rtc-diag] tick #17 FIRED vector=0xD1, skippedTotal=2 firedTotal=15
[u43] pass1 gsi=8 PROGRAMMED vector=0xD1 (legacy would be 0x70) rte=0x01000000000008D1 kernelFound=1
[rtc-diag] tick #18 FIRED vector=0xD1, skippedTotal=2 firedTotal=16
[u43] pass1 gsi=8 PROGRAMMED vector=0xD1 (legacy would be 0x70) rte=0x01000000000008D1 kernelFound=1
[rtc-diag] tick #19 FIRED vector=0xD1, skippedTotal=2 firedTotal=17
[u43] pass1 gsi=8 PROGRAMMED vector=0xD1 (legacy would be 0x70) rte=0x01000000000008D1 kernelFound=1
[rtc-diag] tick #20 FIRED vector=0xD1, skippedTotal=2 firedTotal=18
[u43] pass1 gsi=8 PROGRAMMED vector=0xD1 (legacy would be 0x70) rte=0x01000000000008D1 kernelFound=1
[rtc-diag] tick #21 FIRED vector=0xD1, skippedTotal=2 firedTotal=19
[u43] pass1 gsi=8 PROGRAMMED vector=0xD1 (legacy would be 0x70) rte=0x01000000000008D1 kernelFound=1
[rtc-diag] tick #22 FIRED vector=0xD1, skippedTotal=2 firedTotal=20
[u43] pass1 gsi=8 PROGRAMMED vector=0xD1 (legacy would be 0x70) rte=0x01000000000008D1 kernelFound=1
[rtc-diag] tick #23 FIRED vector=0xD1, skippedTotal=2 firedTotal=21
[u43] pass1 gsi=8 PROGRAMMED vector=0xD1 (legacy would be 0x70) rte=0x01000000000008D1 kernelFound=1
[rtc-diag] tick #24 FIRED vector=0xD1, skippedTotal=2 firedTotal=22
[u43] pass1 gsi=8 PROGRAMMED vector=0xD1 (legacy would be 0x70) rte=0x01000000000008D1 kernelFound=1
[rtc-diag] tick #25 FIRED vector=0xD1, skippedTotal=2 firedTotal=23
[u43] pass1 gsi=8 PROGRAMMED vector=0xD1 (legacy would be 0x70) rte=0x01000000000008D1 kernelFound=1
[rtc-diag] tick #26 FIRED vector=0xD1, skippedTotal=2 firedTotal=24
[u43] pass1 gsi=8 PROGRAMMED vector=0xD1 (legacy would be 0x70) rte=0x01000000000008D1 kernelFound=1
[rtc-diag] tick #27 FIRED vector=0xD1, skippedTotal=2 firedTotal=25
[rtc-diag] tick #28 FIRED vector=0xD1, skippedTotal=2 firedTotal=26
[rtc-diag] tick #29 FIRED vector=0xD1, skippedTotal=2 firedTotal=27
[rtc-diag] tick #30 FIRED vector=0xD1, skippedTotal=2 firedTotal=28
[cmos-ab] write reg=0x0B value=0x02 (RegA=0x25 RegB=0x02, PIE=0)
[heartbeat: exitCount=130000 elapsedSec=37.9 lastPort=0xCF8 write=1 val=0xC]
[u33] EDGE pass=1 exitCount=131012 pool[0]: +0x08 0x0->0xFFFF800D91A02000 +0x10 0x0->0xFFFFD981A8400000 +0x08 INIT(null->set) +0x10 INIT(null->set)
[heartbeat: exitCount=135000 elapsedSec=38.0 lastPort=0xCFC write=0 val=0xC]
[heartbeat: exitCount=140000 elapsedSec=38.1 lastPort=0xCF8 write=1 val=0xC]
[heartbeat: exitCount=145000 elapsedSec=38.2 lastPort=0xCF8 write=1 val=0xC]
[heartbeat: exitCount=150000 elapsedSec=38.3 lastPort=0xCFC write=0 val=0xC]
[cmos-ab] write reg=0x0B value=0x02 (RegA=0x25 RegB=0x02, PIE=0)
[ioapic-rte] controller id=1 entry=8 reg=0x21 value=0x01000000 -> full RTE now 0x01000000000008D1 (vector=0xD1 masked=0)
[ioapic-rte] controller id=1 entry=8 reg=0x20 value=0x000008D1 -> full RTE now 0x01000000000008D1 (vector=0xD1 masked=0)
[cmos-ab] write reg=0x0B value=0x42 (RegA=0x25 RegB=0x42, PIE=1)
[heartbeat: exitCount=155000 elapsedSec=38.4 lastPort=0xB008 write=0 val=0x9]
[heartbeat: exitCount=160000 elapsedSec=38.5 lastPort=0xB008 write=0 val=0x9]
[cmos-ab] write reg=0x0B value=0x02 (RegA=0x25 RegB=0x02, PIE=0)
[cmos-ab] write reg=0x0B value=0x42 (RegA=0x25 RegB=0x42, PIE=1)
[cmos-ab] write reg=0x0B value=0x02 (RegA=0x25 RegB=0x02, PIE=0)
[cmos-ab] write reg=0x0B value=0x42 (RegA=0x25 RegB=0x42, PIE=1)

[BUGCHECK] hit #1: KeBugCheckEx code=0xA5 p1=0x11 p2=0x3 p3=0x0 exitCount=163879
[BUGCHECK]   p4=0x0  caller(return)=0xFFFFF800407C0454[kerneldiag] candidate address 0xFFFFF800407C0454 resolves to module base 0xFFFFF80040700000 (+0xC0454 into it)
[kerneldiag] debug directory: type=2 codeViewRva=0x73F3C
[kerneldiag] module PDB name: acpi.pdb guid=662B8231-E47D-1FF9-F7E8C8FD1B44A572 age=1
  (base 0xFFFFF80040700000 RVA 0xC0454)
[u50] dumped raising module (base 0xFFFFF80040700000) to bugcheck_raiser.bin (488/512 pages readable)
[BUGCHECK]   stack (canonical kernel qwords):
[BUGCHECK]     [rsp+0x00]=0xFFFFF800407C0454[kerneldiag] candidate address 0xFFFFF800407C0454 resolves to module base 0xFFFFF80040700000 (+0xC0454 into it)
[kerneldiag] debug directory: type=2 codeViewRva=0x73F3C
[kerneldiag] module PDB name: acpi.pdb guid=662B8231-E47D-1FF9-F7E8C8FD1B44A572 age=1
  (RVA 0xC0454)
[BUGCHECK]     [rsp+0x10]=0xFFFFF800407701CA[kerneldiag] candidate address 0xFFFFF800407701CA resolves to module base 0xFFFFF80040700000 (+0x701CA into it)
[kerneldiag] debug directory: type=2 codeViewRva=0x73F3C
[kerneldiag] module PDB name: acpi.pdb guid=662B8231-E47D-1FF9-F7E8C8FD1B44A572 age=1
  (RVA 0x701CA)
[BUGCHECK]     [rsp+0x18]=0xFFFF800D92276A60[kerneldiag] no PE header found scanning VA back from 0xFFFF800D92276A60

[BUGCHECK]     [rsp+0x20]=0xFFFF800D92081A20[kerneldiag] no PE header found scanning VA back from 0xFFFF800D92081A20

[BUGCHECK]     [rsp+0x30]=0xFFFFF800C0140019[kerneldiag] no PE header found scanning VA back from 0xFFFFF800C0140019

[heartbeat: exitCount=165000 elapsedSec=39.5 lastPort=0xB008 write=0 val=0xC]
[heartbeat: exitCount=170000 elapsedSec=39.6 lastPort=0xB008 write=0 val=0xC]
[heartbeat: exitCount=175000 elapsedSec=39.6 lastPort=0xB008 write=0 val=0xC]
[heartbeat: exitCount=180000 elapsedSec=39.7 lastPort=0xB008 write=0 val=0xC]
[heartbeat: exitCount=185000 elapsedSec=39.8 lastPort=0xB008 write=0 val=0xC]
[heartbeat: exitCount=190000 elapsedSec=39.9 lastPort=0xB008 write=0 val=0xC]
[heartbeat: exitCount=195000 elapsedSec=39.9 lastPort=0xB008 write=0 val=0xC]
[heartbeat: exitCount=200000 elapsedSec=40.0 lastPort=0xB008 write=0 val=0xC]
[heartbeat: exitCount=205000 elapsedSec=40.1 lastPort=0xB008 write=0 val=0xC]
[heartbeat: exitCount=210000 elapsedSec=40.2 lastPort=0xB008 write=0 val=0xC]
[heartbeat: exitCount=215000 elapsedSec=40.2 lastPort=0xB008 write=0 val=0xC]
[heartbeat: exitCount=220000 elapsedSec=40.3 lastPort=0xB008 write=0 val=0xC]
[heartbeat: exitCount=225000 elapsedSec=40.4 lastPort=0xB008 write=0 val=0xC]
[heartbeat: exitCount=230000 elapsedSec=40.5 lastPort=0xB008 write=0 val=0xC]
[heartbeat: exitCount=235000 elapsedSec=40.5 lastPort=0xB008 write=0 val=0xC]
[heartbeat: exitCount=240000 elapsedSec=40.6 lastPort=0xB008 write=0 val=0xC]
[heartbeat: exitCount=245000 elapsedSec=40.7 lastPort=0xB008 write=0 val=0xC]
[heartbeat: exitCount=250000 elapsedSec=40.7 lastPort=0xB008 write=0 val=0xC]
[u40] === RIP histogram pass 1 (periodic): 2500 samples, base=0xFFFFF8003CA00000 ===
[u40]     1025  page 0xFFFFF8003CD65000  = base+0x365000
[u40]      693  page 0xBEA03000
[u40]      165  page 0x1DD9000
[u40]      164  page 0xFFFFF8003CDBD000  = base+0x3BD000
[u40]      106  page 0xBF14E000
[u40]       96  page 0xBE41C000
[u40]       81  page 0xFFFFF8003CDBC000  = base+0x3BC000
[u40]       44  page 0xBFC50000
[u40]       41  page 0xBFD68000
[u40]       20  page 0xBE422000
[u40]       18  page 0xBF14F000
[u40]       16  page 0xFFFFF8003CECC000  = base+0x4CC000
[u40]       12  page 0xBF16B000
[u40]       11  page 0xBF174000
[u40]        2  page 0xFFFFF8003CDA5000  = base+0x3A5000
[u40]        2  page 0x848000
[u40]        1  page 0xFFFFF8003CE02000  = base+0x402000
[u40]        1  page 0xBF1CC000
[u40]   most recent 256 samples (newest last):
[u40]     FFFFF8003CD65444@224401 FFFFF8003CD65444@224501 FFFFF8003CD65444@224601 FFFFF8003CD65444@224701 FFFFF8003CD65444@224801 FFFFF8003CD65444@224901 FFFFF8003CD65444@225001 FFFFF8003CD65444@225101 FFFFF8003CD65444@225201 FFFFF8003CD65444@225301 FFFFF8003CD65444@225401 FFFFF8003CD65444@225501 FFFFF8003CD65444@225601 FFFFF8003CD65444@225701 FFFFF8003CD65444@225801 FFFFF8003CD65444@225901 FFFFF8003CD65444@226001 FFFFF8003CD65444@226101 FFFFF8003CD65444@226201 FFFFF8003CD65444@226301 FFFFF8003CD65444@226401 FFFFF8003CD65444@226501 FFFFF8003CD65444@226601 FFFFF8003CD65444@226701 FFFFF8003CD65444@226801 FFFFF8003CD65444@226901 FFFFF8003CD65444@227001 FFFFF8003CD65444@227101 FFFFF8003CD65444@227201 FFFFF8003CD65444@227301 FFFFF8003CD65444@227401 FFFFF8003CD65444@227501 FFFFF8003CD65444@227601 FFFFF8003CD65444@227701 FFFFF8003CD65444@227801 FFFFF8003CD65444@227901 FFFFF8003CD65444@228001 FFFFF8003CD65444@228101 FFFFF8003CD65444@228201 FFFFF8003CD65444@228301 FFFFF8003CD65444@228401 FFFFF8003CD65444@228501 FFFFF8003CD65444@228601 FFFFF8003CD65444@228701 FFFFF8003CD65444@228801 FFFFF8003CD65444@228901 FFFFF8003CD65444@229001 FFFFF8003CD65444@229101 FFFFF8003CD65444@229201 FFFFF8003CD65444@229301 FFFFF8003CD65444@229401 FFFFF8003CD65444@229501 FFFFF8003CD65444@229601 FFFFF8003CD65444@229701 FFFFF8003CD65444@229801 FFFFF8003CD65444@229901 FFFFF8003CD65444@230001 FFFFF8003CD65444@230101 FFFFF8003CD65444@230201 FFFFF8003CD65444@230301 FFFFF8003CD65444@230401 FFFFF8003CD65444@230501 FFFFF8003CD65444@230601 FFFFF8003CD65444@230701 FFFFF8003CD65444@230801 FFFFF8003CD65444@230901 FFFFF8003CD65444@231001 FFFFF8003CD65444@231101 FFFFF8003CD65444@231201 FFFFF8003CD65444@231301 FFFFF8003CD65444@231401 FFFFF8003CD65444@231501 FFFFF8003CD65444@231601 FFFFF8003CD65444@231701 FFFFF8003CD65444@231801 FFFFF8003CD65444@231901 FFFFF8003CD65444@232001 FFFFF8003CD65444@232101 FFFFF8003CD65444@232201 FFFFF8003CD65444@232301 FFFFF8003CD65444@232401 FFFFF8003CD65444@232501 FFFFF8003CD65444@232601 FFFFF8003CD65444@232701 FFFFF8003CD65444@232801 FFFFF8003CD65444@232901 FFFFF8003CD65444@233001 FFFFF8003CD65444@233101 FFFFF8003CD65444@233201 FFFFF8003CD65444@233301 FFFFF8003CD65444@233401 FFFFF8003CD65444@233501 FFFFF8003CD65444@233601 FFFFF8003CD65444@233701 FFFFF8003CD65444@233801 FFFFF8003CD65444@233901 FFFFF8003CD65444@234001 FFFFF8003CD65444@234101 FFFFF8003CD65444@234201 FFFFF8003CD65444@234301 FFFFF8003CD65444@234401 FFFFF8003CD65444@234501 FFFFF8003CD65444@234601 FFFFF8003CD65444@234701 FFFFF8003CD65444@234801 FFFFF8003CD65444@234901 FFFFF8003CD65444@235001 FFFFF8003CD65444@235101 FFFFF8003CD65444@235201 FFFFF8003CD65444@235301 FFFFF8003CD65444@235401 FFFFF8003CD65444@235501 FFFFF8003CD65444@235601 FFFFF8003CD65444@235701 FFFFF8003CD65444@235801 FFFFF8003CD65444@235901 FFFFF8003CD65444@236001 FFFFF8003CD65444@236101 FFFFF8003CD65444@236201 FFFFF8003CD65444@236301 FFFFF8003CD65444@236401 FFFFF8003CD65444@236501 FFFFF8003CD65444@236601 FFFFF8003CD65444@236701 FFFFF8003CD65444@236801 FFFFF8003CD65444@236901 FFFFF8003CD65444@237001 FFFFF8003CD65444@237101 FFFFF8003CD65444@237201 FFFFF8003CD65444@237301 FFFFF8003CD65444@237401 FFFFF8003CD65444@237501 FFFFF8003CD65444@237601 FFFFF8003CD65444@237701 FFFFF8003CD65444@237801 FFFFF8003CD65444@237901 FFFFF8003CD65444@238001 FFFFF8003CD65444@238101 FFFFF8003CD65444@238201 FFFFF8003CD65444@238301 FFFFF8003CD65444@238401 FFFFF8003CD65444@238501 FFFFF8003CD65444@238601 FFFFF8003CD65444@238701 FFFFF8003CD65444@238801 FFFFF8003CD65444@238901 FFFFF8003CD65444@239001 FFFFF8003CD65444@239101 FFFFF8003CD65444@239201 FFFFF8003CD65444@239301 FFFFF8003CD65444@239401 FFFFF8003CD65444@239501 FFFFF8003CD65444@239601 FFFFF8003CD65444@239701 FFFFF8003CD65444@239801 FFFFF8003CD65444@239901 FFFFF8003CD65444@240001 FFFFF8003CD65444@240101 FFFFF8003CD65444@240201 FFFFF8003CD65444@240301 FFFFF8003CD65444@240401 FFFFF8003CD65444@240501 FFFFF8003CD65444@240601 FFFFF8003CD65444@240701 FFFFF8003CD65444@240801 FFFFF8003CD65444@240901 FFFFF8003CD65444@241001 FFFFF8003CD65444@241101 FFFFF8003CD65444@241201 FFFFF8003CD65444@241301 FFFFF8003CD65444@241401 FFFFF8003CD65444@241501 FFFFF8003CD65444@241601 FFFFF8003CD65444@241701 FFFFF8003CD65444@241801 FFFFF8003CD65444@241901 FFFFF8003CD65444@242001 FFFFF8003CD65444@242101 FFFFF8003CD65444@242201 FFFFF8003CD65444@242301 FFFFF8003CD65444@242401 FFFFF8003CD65444@242501 FFFFF8003CD65444@242601 FFFFF8003CD65444@242701 FFFFF8003CD65444@242801 FFFFF8003CD65444@242901 FFFFF8003CD65444@243001 FFFFF8003CD65444@243101 FFFFF8003CD65444@243201 FFFFF8003CD65444@243301 FFFFF8003CD65444@243401 FFFFF8003CD65444@243501 FFFFF8003CD65444@243601 FFFFF8003CD65444@243701 FFFFF8003CD65444@243801 FFFFF8003CD65444@243901 FFFFF8003CD65444@244001 FFFFF8003CD65444@244101 FFFFF8003CD65444@244201 FFFFF8003CD65444@244301 FFFFF8003CD65444@244401 FFFFF8003CD65444@244501 FFFFF8003CD65444@244601 FFFFF8003CD65444@244701 FFFFF8003CD65444@244801 FFFFF8003CD65444@244901 FFFFF8003CD65444@245001 FFFFF8003CD65444@245101 FFFFF8003CD65444@245201 FFFFF8003CD65444@245301 FFFFF8003CD65444@245401 FFFFF8003CD65444@245501 FFFFF8003CD65444@245601 FFFFF8003CD65444@245701 FFFFF8003CD65444@245801 FFFFF8003CD65444@245901 FFFFF8003CD65444@246001 FFFFF8003CD65444@246101 FFFFF8003CD65444@246201 FFFFF8003CD65444@246301 FFFFF8003CD65444@246401 FFFFF8003CD65444@246501 FFFFF8003CD65444@246601 FFFFF8003CD65444@246701 FFFFF8003CD65444@246801 FFFFF8003CD65444@246901 FFFFF8003CD65444@247001 FFFFF8003CD65444@247101 FFFFF8003CD65444@247201 FFFFF8003CD65444@247301 FFFFF8003CD65444@247401 FFFFF8003CD65444@247501 FFFFF8003CD65444@247601 FFFFF8003CD65444@247701 FFFFF8003CD65444@247801 FFFFF8003CD65444@247901 FFFFF8003CD65444@248001 FFFFF8003CD65444@248101 FFFFF8003CD65444@248201 FFFFF8003CD65444@248301 FFFFF8003CD65444@248401 FFFFF8003CD65444@248501 FFFFF8003CD65444@248601 FFFFF8003CD65444@248701 FFFFF8003CD65444@248801 FFFFF8003CD65444@248901 FFFFF8003CD65444@249001 FFFFF8003CD65444@249101 FFFFF8003CD65444@249201 FFFFF8003CD65444@249301 FFFFF8003CD65444@249401 FFFFF8003CD65444@249501 FFFFF8003CD65444@249601 FFFFF8003CD65444@249701 FFFFF8003CD65444@249801 FFFFF8003CD65444@249901
[heartbeat: exitCount=255000 elapsedSec=40.8 lastPort=0xB008 write=0 val=0xC]
[heartbeat: exitCount=260000 elapsedSec=40.9 lastPort=0xB008 write=0 val=0xC]
[heartbeat: exitCount=265000 elapsedSec=41.0 lastPort=0xB008 write=0 val=0xC]
[heartbeat: exitCount=270000 elapsedSec=41.0 lastPort=0xB008 write=0 val=0xC]
[heartbeat: exitCount=275000 elapsedSec=41.1 lastPort=0xB008 write=0 val=0xC]
[heartbeat: exitCount=280000 elapsedSec=41.2 lastPort=0xB008 write=0 val=0xC]
[heartbeat: exitCount=285000 elapsedSec=41.2 lastPort=0xB008 write=0 val=0xC]
[heartbeat: exitCount=290000 elapsedSec=41.3 lastPort=0xB008 write=0 val=0xC]
[heartbeat: exitCount=295000 elapsedSec=41.4 lastPort=0xB008 write=0 val=0xC]
[heartbeat: exitCount=300000 elapsedSec=41.5 lastPort=0xB008 write=0 val=0xC]
[heartbeat: exitCount=305000 elapsedSec=41.5 lastPort=0xB008 write=0 val=0xC]
[heartbeat: exitCount=310000 elapsedSec=41.6 lastPort=0xB008 write=0 val=0xC]
[heartbeat: exitCount=315000 elapsedSec=41.7 lastPort=0xB008 write=0 val=0xC]
[heartbeat: exitCount=320000 elapsedSec=41.7 lastPort=0xB008 write=0 val=0xC]
[heartbeat: exitCount=325000 elapsedSec=41.8 lastPort=0xB008 write=0 val=0xC]
[heartbeat: exitCount=330000 elapsedSec=41.9 lastPort=0xB008 write=0 val=0xC]
[heartbeat: exitCount=335000 elapsedSec=42.0 lastPort=0xB008 write=0 val=0xC]
[heartbeat: exitCount=340000 elapsedSec=42.0 lastPort=0xB008 write=0 val=0xC]
[heartbeat: exitCount=345000 elapsedSec=42.1 lastPort=0xB008 write=0 val=0xC]
[heartbeat: exitCount=350000 elapsedSec=42.2 lastPort=0xB008 write=0 val=0xC]
[heartbeat: exitCount=355000 elapsedSec=42.3 lastPort=0xB008 write=0 val=0xC]
[heartbeat: exitCount=360000 elapsedSec=42.3 lastPort=0xB008 write=0 val=0xC]
[heartbeat: exitCount=365000 elapsedSec=42.4 lastPort=0xB008 write=0 val=0xC]
[heartbeat: exitCount=370000 elapsedSec=42.5 lastPort=0xB008 write=0 val=0xC]
[heartbeat: exitCount=375000 elapsedSec=42.5 lastPort=0xB008 write=0 val=0xC]
[heartbeat: exitCount=380000 elapsedSec=42.6 lastPort=0xB008 write=0 val=0xC]
[heartbeat: exitCount=385000 elapsedSec=42.7 lastPort=0xB008 write=0 val=0xC]
[heartbeat: exitCount=390000 elapsedSec=42.8 lastPort=0xB008 write=0 val=0xC]
[heartbeat: exitCount=395000 elapsedSec=42.8 lastPort=0xB008 write=0 val=0xC]
[heartbeat: exitCount=400000 elapsedSec=42.9 lastPort=0xB008 write=0 val=0xC]
[heartbeat: exitCount=405000 elapsedSec=43.0 lastPort=0xB008 write=0 val=0xC]
[heartbeat: exitCount=410000 elapsedSec=43.1 lastPort=0xB008 write=0 val=0xC]
[heartbeat: exitCount=415000 elapsedSec=43.1 lastPort=0xB008 write=0 val=0xC]
[heartbeat: exitCount=420000 elapsedSec=43.2 lastPort=0xB008 write=0 val=0xC]
[heartbeat: exitCount=425000 elapsedSec=43.3 lastPort=0xB008 write=0 val=0xC]
[heartbeat: exitCount=430000 elapsedSec=43.3 lastPort=0xB008 write=0 val=0xC]
[heartbeat: exitCount=435000 elapsedSec=43.4 lastPort=0xB008 write=0 val=0xC]
[heartbeat: exitCount=440000 elapsedSec=43.5 lastPort=0xB008 write=0 val=0xC]
[heartbeat: exitCount=445000 elapsedSec=43.6 lastPort=0xB008 write=0 val=0xC]
[heartbeat: exitCount=450000 elapsedSec=43.6 lastPort=0xB008 write=0 val=0xC]
[heartbeat: exitCount=455000 elapsedSec=43.7 lastPort=0xB008 write=0 val=0xC]
[heartbeat: exitCount=460000 elapsedSec=43.8 lastPort=0xB008 write=0 val=0xC]
[heartbeat: exitCount=465000 elapsedSec=43.9 lastPort=0xB008 write=0 val=0xC]
[heartbeat: exitCount=470000 elapsedSec=43.9 lastPort=0xB008 write=0 val=0xC]
[heartbeat: exitCount=475000 elapsedSec=44.0 lastPort=0xB008 write=0 val=0xC]
[heartbeat: exitCount=480000 elapsedSec=44.1 lastPort=0xB008 write=0 val=0xC]
[heartbeat: exitCount=485000 elapsedSec=44.2 lastPort=0xB008 write=0 val=0xC]
[heartbeat: exitCount=490000 elapsedSec=44.2 lastPort=0xB008 write=0 val=0xC]
[heartbeat: exitCount=495000 elapsedSec=44.3 lastPort=0xB008 write=0 val=0xC]
[heartbeat: exitCount=500000 elapsedSec=44.4 lastPort=0xB008 write=0 val=0xC]
[u40] === RIP histogram pass 1 (periodic): 5000 samples, base=0xFFFFF8003CA00000 ===
[u40]     3525  page 0xFFFFF8003CD65000  = base+0x365000
[u40]      693  page 0xBEA03000
[u40]      165  page 0x1DD9000
[u40]      164  page 0xFFFFF8003CDBD000  = base+0x3BD000
[u40]      106  page 0xBF14E000
[u40]       96  page 0xBE41C000
[u40]       81  page 0xFFFFF8003CDBC000  = base+0x3BC000
[u40]       44  page 0xBFC50000
[u40]       41  page 0xBFD68000
[u40]       20  page 0xBE422000
[u40]       18  page 0xBF14F000
[u40]       16  page 0xFFFFF8003CECC000  = base+0x4CC000
[u40]       12  page 0xBF16B000
[u40]       11  page 0xBF174000
[u40]        2  page 0xFFFFF8003CDA5000  = base+0x3A5000
[u40]        2  page 0x848000
[u40]        1  page 0xFFFFF8003CE02000  = base+0x402000
[u40]        1  page 0xBF1CC000
[u40]   most recent 256 samples (newest last):
[u40]     FFFFF8003CD65444@474401 FFFFF8003CD65444@474501 FFFFF8003CD65444@474601 FFFFF8003CD65445@474701 FFFFF8003CD65444@474801 FFFFF8003CD65444@474901 FFFFF8003CD65444@475001 FFFFF8003CD65444@475101 FFFFF8003CD65444@475201 FFFFF8003CD65444@475301 FFFFF8003CD65444@475401 FFFFF8003CD65444@475501 FFFFF8003CD65444@475601 FFFFF8003CD65444@475701 FFFFF8003CD65444@475801 FFFFF8003CD65444@475901 FFFFF8003CD65444@476001 FFFFF8003CD65444@476101 FFFFF8003CD65444@476201 FFFFF8003CD65444@476301 FFFFF8003CD65444@476401 FFFFF8003CD65444@476501 FFFFF8003CD65444@476601 FFFFF8003CD65444@476701 FFFFF8003CD65444@476801 FFFFF8003CD65444@476901 FFFFF8003CD65444@477001 FFFFF8003CD65444@477101 FFFFF8003CD65444@477201 FFFFF8003CD65444@477301 FFFFF8003CD65444@477401 FFFFF8003CD65444@477501 FFFFF8003CD65444@477601 FFFFF8003CD65444@477701 FFFFF8003CD65444@477801 FFFFF8003CD65444@477901 FFFFF8003CD65444@478001 FFFFF8003CD65444@478101 FFFFF8003CD65444@478201 FFFFF8003CD65444@478301 FFFFF8003CD65444@478401 FFFFF8003CD65444@478501 FFFFF8003CD65444@478601 FFFFF8003CD65444@478701 FFFFF8003CD65444@478801 FFFFF8003CD65444@478901 FFFFF8003CD65444@479001 FFFFF8003CD65444@479101 FFFFF8003CD65444@479201 FFFFF8003CD65444@479301 FFFFF8003CD65444@479401 FFFFF8003CD65444@479501 FFFFF8003CD65444@479601 FFFFF8003CD65444@479701 FFFFF8003CD65444@479801 FFFFF8003CD65444@479901 FFFFF8003CD65444@480001 FFFFF8003CD65444@480101 FFFFF8003CD65444@480201 FFFFF8003CD65444@480301 FFFFF8003CD65444@480401 FFFFF8003CD65444@480501 FFFFF8003CD65444@480601 FFFFF8003CD65444@480701 FFFFF8003CD65444@480801 FFFFF8003CD65444@480901 FFFFF8003CD65444@481001 FFFFF8003CD65444@481101 FFFFF8003CD65444@481201 FFFFF8003CD65444@481301 FFFFF8003CD65444@481401 FFFFF8003CD65444@481501 FFFFF8003CD65444@481601 FFFFF8003CD65444@481701 FFFFF8003CD65444@481801 FFFFF8003CD65444@481901 FFFFF8003CD65444@482001 FFFFF8003CD65444@482101 FFFFF8003CD65444@482201 FFFFF8003CD65444@482301 FFFFF8003CD65444@482401 FFFFF8003CD65444@482501 FFFFF8003CD65444@482601 FFFFF8003CD65444@482701 FFFFF8003CD65444@482801 FFFFF8003CD65444@482901 FFFFF8003CD65444@483001 FFFFF8003CD65444@483101 FFFFF8003CD65444@483201 FFFFF8003CD65444@483301 FFFFF8003CD65444@483401 FFFFF8003CD65444@483501 FFFFF8003CD65444@483601 FFFFF8003CD65444@483701 FFFFF8003CD65444@483801 FFFFF8003CD65444@483901 FFFFF8003CD65444@484001 FFFFF8003CD65444@484101 FFFFF8003CD65444@484201 FFFFF8003CD65444@484301 FFFFF8003CD65444@484401 FFFFF8003CD65444@484501 FFFFF8003CD65444@484601 FFFFF8003CD65444@484701 FFFFF8003CD65444@484801 FFFFF8003CD65444@484901 FFFFF8003CD65444@485001 FFFFF8003CD65444@485101 FFFFF8003CD65444@485201 FFFFF8003CD65444@485301 FFFFF8003CD65444@485401 FFFFF8003CD65444@485501 FFFFF8003CD65444@485601 FFFFF8003CD65444@485701 FFFFF8003CD65444@485801 FFFFF8003CD65444@485901 FFFFF8003CD65444@486001 FFFFF8003CD65444@486101 FFFFF8003CD65444@486201 FFFFF8003CD65444@486301 FFFFF8003CD65444@486401 FFFFF8003CD65444@486501 FFFFF8003CD65444@486601 FFFFF8003CD65444@486701 FFFFF8003CD65444@486801 FFFFF8003CD65444@486901 FFFFF8003CD65444@487001 FFFFF8003CD65444@487101 FFFFF8003CD65444@487201 FFFFF8003CD65444@487301 FFFFF8003CD65444@487401 FFFFF8003CD65444@487501 FFFFF8003CD65444@487601 FFFFF8003CD65444@487701 FFFFF8003CD65444@487801 FFFFF8003CD65444@487901 FFFFF8003CD65444@488001 FFFFF8003CD65444@488101 FFFFF8003CD65444@488201 FFFFF8003CD65444@488301 FFFFF8003CD65444@488401 FFFFF8003CD65444@488501 FFFFF8003CD65444@488601 FFFFF8003CD65444@488701 FFFFF8003CD65444@488801 FFFFF8003CD65444@488901 FFFFF8003CD65444@489001 FFFFF8003CD65444@489101 FFFFF8003CD65444@489201 FFFFF8003CD65444@489301 FFFFF8003CD65444@489401 FFFFF8003CD65444@489501 FFFFF8003CD65444@489601 FFFFF8003CD65444@489701 FFFFF8003CD65444@489801 FFFFF8003CD65444@489901 FFFFF8003CD65444@490001 FFFFF8003CD65444@490101 FFFFF8003CD65444@490201 FFFFF8003CD65444@490301 FFFFF8003CD65444@490401 FFFFF8003CD65444@490501 FFFFF8003CD65444@490601 FFFFF8003CD65444@490701 FFFFF8003CD65444@490801 FFFFF8003CD65444@490901 FFFFF8003CD65444@491001 FFFFF8003CD65444@491101 FFFFF8003CD65444@491201 FFFFF8003CD65444@491301 FFFFF8003CD65444@491401 FFFFF8003CD65444@491501 FFFFF8003CD65444@491601 FFFFF8003CD65444@491701 FFFFF8003CD65444@491801 FFFFF8003CD65444@491901 FFFFF8003CD65444@492001 FFFFF8003CD65444@492101 FFFFF8003CD65444@492201 FFFFF8003CD65444@492301 FFFFF8003CD65444@492401 FFFFF8003CD65444@492501 FFFFF8003CD65444@492601 FFFFF8003CD65444@492701 FFFFF8003CD65444@492801 FFFFF8003CD65444@492901 FFFFF8003CD65444@493001 FFFFF8003CD65444@493101 FFFFF8003CD65444@493201 FFFFF8003CD65444@493301 FFFFF8003CD65444@493401 FFFFF8003CD65444@493501 FFFFF8003CD65444@493601 FFFFF8003CD65444@493701 FFFFF8003CD65444@493801 FFFFF8003CD65444@493901 FFFFF8003CD65444@494001 FFFFF8003CD65444@494101 FFFFF8003CD65444@494201 FFFFF8003CD65444@494301 FFFFF8003CD65444@494401 FFFFF8003CD65444@494501 FFFFF8003CD65444@494601 FFFFF8003CD65444@494701 FFFFF8003CD65444@494801 FFFFF8003CD65444@494901 FFFFF8003CD65444@495001 FFFFF8003CD65444@495101 FFFFF8003CD65444@495201 FFFFF8003CD65444@495301 FFFFF8003CD65444@495401 FFFFF8003CD65444@495501 FFFFF8003CD65444@495601 FFFFF8003CD65444@495701 FFFFF8003CD65444@495801 FFFFF8003CD65444@495901 FFFFF8003CD65444@496001 FFFFF8003CD65444@496101 FFFFF8003CD65444@496201 FFFFF8003CD65444@496301 FFFFF8003CD65444@496401 FFFFF8003CD65444@496501 FFFFF8003CD65444@496601 FFFFF8003CD65444@496701 FFFFF8003CD65444@496801 FFFFF8003CD65444@496901 FFFFF8003CD65444@497001 FFFFF8003CD65444@497101 FFFFF8003CD65444@497201 FFFFF8003CD65444@497301 FFFFF8003CD65444@497401 FFFFF8003CD65444@497501 FFFFF8003CD65444@497601 FFFFF8003CD65444@497701 FFFFF8003CD65444@497801 FFFFF8003CD65444@497901 FFFFF8003CD65444@498001 FFFFF8003CD65444@498101 FFFFF8003CD65444@498201 FFFFF8003CD65444@498301 FFFFF8003CD65444@498401 FFFFF8003CD65444@498501 FFFFF8003CD65444@498601 FFFFF8003CD65444@498701 FFFFF8003CD65444@498801 FFFFF8003CD65444@498901 FFFFF8003CD65444@499001 FFFFF8003CD65444@499101 FFFFF8003CD65444@499201 FFFFF8003CD65444@499301 FFFFF8003CD65444@499401 FFFFF8003CD65444@499501 FFFFF8003CD65444@499601 FFFFF8003CD65444@499701 FFFFF8003CD65444@499801 FFFFF8003CD65444@499901
[heartbeat: exitCount=505000 elapsedSec=44.4 lastPort=0xB008 write=0 val=0xC]
[heartbeat: exitCount=510000 elapsedSec=44.5 lastPort=0xB008 write=0 val=0xC]
[heartbeat: exitCount=515000 elapsedSec=44.6 lastPort=0xB008 write=0 val=0xC]
[heartbeat: exitCount=520000 elapsedSec=44.7 lastPort=0xB008 write=0 val=0xC]
[heartbeat: exitCount=525000 elapsedSec=44.7 lastPort=0xB008 write=0 val=0xC]
[heartbeat: exitCount=530000 elapsedSec=44.8 lastPort=0xB008 write=0 val=0xC]
[heartbeat: exitCount=535000 elapsedSec=44.9 lastPort=0xB008 write=0 val=0xC]
[heartbeat: exitCount=540000 elapsedSec=45.0 lastPort=0xB008 write=0 val=0xC]
[heartbeat: exitCount=545000 elapsedSec=45.0 lastPort=0xB008 write=0 val=0xC]
[heartbeat: exitCount=550000 elapsedSec=45.1 lastPort=0xB008 write=0 val=0xC]
[heartbeat: exitCount=555000 elapsedSec=45.2 lastPort=0xB008 write=0 val=0xC]
[heartbeat: exitCount=560000 elapsedSec=45.3 lastPort=0xB008 write=0 val=0xC]
[heartbeat: exitCount=565000 elapsedSec=45.3 lastPort=0xB008 write=0 val=0xC]
[heartbeat: exitCount=570000 elapsedSec=45.4 lastPort=0xB008 write=0 val=0xC]
[heartbeat: exitCount=575000 elapsedSec=45.5 lastPort=0xB008 write=0 val=0xC]
[heartbeat: exitCount=580000 elapsedSec=45.5 lastPort=0xB008 write=0 val=0xC]
[heartbeat: exitCount=585000 elapsedSec=45.6 lastPort=0xB008 write=0 val=0xC]
[rtc-diag] tick #500 SKIPPED (interrupts disabled), skippedTotal=412 firedTotal=88
[heartbeat: exitCount=590000 elapsedSec=45.7 lastPort=0xB008 write=0 val=0xC]
[heartbeat: exitCount=595000 elapsedSec=45.8 lastPort=0xB008 write=0 val=0xC]
[heartbeat: exitCount=600000 elapsedSec=45.8 lastPort=0xB008 write=0 val=0xC]
[heartbeat: exitCount=605000 elapsedSec=45.9 lastPort=0xB008 write=0 val=0xC]
[heartbeat: exitCount=610000 elapsedSec=46.0 lastPort=0xB008 write=0 val=0xC]
[heartbeat: exitCount=615000 elapsedSec=46.1 lastPort=0xB008 write=0 val=0xC]
[heartbeat: exitCount=620000 elapsedSec=46.1 lastPort=0xB008 write=0 val=0xC]
[heartbeat: exitCount=625000 elapsedSec=46.2 lastPort=0xB008 write=0 val=0xC]
[heartbeat: exitCount=630000 elapsedSec=46.3 lastPort=0xB008 write=0 val=0xC]
[heartbeat: exitCount=635000 elapsedSec=46.4 lastPort=0xB008 write=0 val=0xC]
[heartbeat: exitCount=640000 elapsedSec=46.4 lastPort=0xB008 write=0 val=0xC]
[heartbeat: exitCount=645000 elapsedSec=46.5 lastPort=0xB008 write=0 val=0xC]
[heartbeat: exitCount=650000 elapsedSec=46.6 lastPort=0xB008 write=0 val=0xC]
[heartbeat: exitCount=655000 elapsedSec=46.6 lastPort=0xB008 write=0 val=0xC]
[heartbeat: exitCount=660000 elapsedSec=46.7 lastPort=0xB008 write=0 val=0xC]
[heartbeat: exitCount=665000 elapsedSec=46.8 lastPort=0xB008 write=0 val=0xC]
[heartbeat: exitCount=670000 elapsedSec=46.9 lastPort=0xB008 write=0 val=0xC]
[heartbeat: exitCount=675000 elapsedSec=46.9 lastPort=0xB008 write=0 val=0xC]
[heartbeat: exitCount=680000 elapsedSec=47.0 lastPort=0xB008 write=0 val=0xC]
[heartbeat: exitCount=685000 elapsedSec=47.1 lastPort=0xB008 write=0 val=0xC]
[heartbeat: exitCount=690000 elapsedSec=47.1 lastPort=0xB008 write=0 val=0xC]
[heartbeat: exitCount=695000 elapsedSec=47.2 lastPort=0xB008 write=0 val=0xC]
[heartbeat: exitCount=700000 elapsedSec=47.3 lastPort=0xB008 write=0 val=0xC]
[heartbeat: exitCount=705000 elapsedSec=47.4 lastPort=0xB008 write=0 val=0xC]
[heartbeat: exitCount=710000 elapsedSec=47.4 lastPort=0xB008 write=0 val=0xC]
[heartbeat: exitCount=715000 elapsedSec=47.5 lastPort=0xB008 write=0 val=0xC]
[heartbeat: exitCount=720000 elapsedSec=47.6 lastPort=0xB008 write=0 val=0xC]
[heartbeat: exitCount=725000 elapsedSec=47.7 lastPort=0xB008 write=0 val=0xC]
[heartbeat: exitCount=730000 elapsedSec=47.8 lastPort=0xB008 write=0 val=0xC]
[heartbeat: exitCount=735000 elapsedSec=47.9 lastPort=0xB008 write=0 val=0xC]
[heartbeat: exitCount=740000 elapsedSec=48.0 lastPort=0xB008 write=0 val=0xC]
[heartbeat: exitCount=745000 elapsedSec=48.1 lastPort=0xB008 write=0 val=0xC]
[heartbeat: exitCount=750000 elapsedSec=48.1 lastPort=0xB008 write=0 val=0xC]
[u40] === RIP histogram pass 1 (periodic): 7500 samples, base=0xFFFFF8003CA00000 ===
[u40]     6025  page 0xFFFFF8003CD65000  = base+0x365000
[u40]      693  page 0xBEA03000
[u40]      165  page 0x1DD9000
[u40]      164  page 0xFFFFF8003CDBD000  = base+0x3BD000
[u40]      106  page 0xBF14E000
[u40]       96  page 0xBE41C000
[u40]       81  page 0xFFFFF8003CDBC000  = base+0x3BC000
[u40]       44  page 0xBFC50000
[u40]       41  page 0xBFD68000
[u40]       20  page 0xBE422000
[u40]       18  page 0xBF14F000
[u40]       16  page 0xFFFFF8003CECC000  = base+0x4CC000
[u40]       12  page 0xBF16B000
[u40]       11  page 0xBF174000
[u40]        2  page 0xFFFFF8003CDA5000  = base+0x3A5000
[u40]        2  page 0x848000
[u40]        1  page 0xFFFFF8003CE02000  = base+0x402000
[u40]        1  page 0xBF1CC000
[u40]   most recent 256 samples (newest last):
[u40]     FFFFF8003CD65444@724401 FFFFF8003CD65444@724501 FFFFF8003CD65444@724601 FFFFF8003CD65444@724701 FFFFF8003CD65444@724801 FFFFF8003CD65444@724901 FFFFF8003CD65444@725001 FFFFF8003CD65444@725101 FFFFF8003CD65444@725201 FFFFF8003CD65444@725301 FFFFF8003CD65444@725401 FFFFF8003CD65444@725501 FFFFF8003CD65444@725601 FFFFF8003CD65444@725701 FFFFF8003CD65444@725801 FFFFF8003CD65444@725901 FFFFF8003CD65444@726001 FFFFF8003CD65444@726101 FFFFF8003CD65444@726201 FFFFF8003CD65444@726301 FFFFF8003CD65444@726401 FFFFF8003CD65444@726501 FFFFF8003CD65444@726601 FFFFF8003CD65444@726701 FFFFF8003CD65444@726801 FFFFF8003CD65444@726901 FFFFF8003CD65444@727001 FFFFF8003CD65444@727101 FFFFF8003CD65444@727201 FFFFF8003CD65444@727301 FFFFF8003CD65444@727401 FFFFF8003CD65444@727501 FFFFF8003CD65444@727601 FFFFF8003CD65444@727701 FFFFF8003CD65444@727801 FFFFF8003CD65444@727901 FFFFF8003CD65444@728001 FFFFF8003CD65444@728101 FFFFF8003CD65444@728201 FFFFF8003CD65444@728301 FFFFF8003CD65444@728401 FFFFF8003CD65444@728501 FFFFF8003CD65444@728601 FFFFF8003CD65444@728701 FFFFF8003CD65444@728801 FFFFF8003CD65444@728901 FFFFF8003CD65444@729001 FFFFF8003CD65444@729101 FFFFF8003CD65444@729201 FFFFF8003CD65444@729301 FFFFF8003CD65444@729401 FFFFF8003CD65444@729501 FFFFF8003CD65444@729601 FFFFF8003CD65444@729701 FFFFF8003CD65444@729801 FFFFF8003CD65444@729901 FFFFF8003CD65444@730001 FFFFF8003CD65444@730101 FFFFF8003CD65444@730201 FFFFF8003CD65444@730301 FFFFF8003CD65444@730401 FFFFF8003CD65444@730501 FFFFF8003CD65444@730601 FFFFF8003CD65444@730701 FFFFF8003CD65444@730801 FFFFF8003CD65444@730901 FFFFF8003CD65444@731001 FFFFF8003CD65444@731101 FFFFF8003CD65444@731201 FFFFF8003CD65444@731301 FFFFF8003CD65444@731401 FFFFF8003CD65444@731501 FFFFF8003CD65444@731601 FFFFF8003CD65444@731701 FFFFF8003CD65444@731801 FFFFF8003CD65444@731901 FFFFF8003CD65444@732001 FFFFF8003CD65444@732101 FFFFF8003CD65444@732201 FFFFF8003CD65444@732301 FFFFF8003CD65444@732401 FFFFF8003CD65444@732501 FFFFF8003CD65444@732601 FFFFF8003CD65444@732701 FFFFF8003CD65444@732801 FFFFF8003CD65444@732901 FFFFF8003CD65444@733001 FFFFF8003CD65444@733101 FFFFF8003CD65444@733201 FFFFF8003CD65444@733301 FFFFF8003CD65444@733401 FFFFF8003CD65444@733501 FFFFF8003CD65444@733601 FFFFF8003CD65444@733701 FFFFF8003CD65444@733801 FFFFF8003CD65444@733901 FFFFF8003CD65444@734001 FFFFF8003CD65444@734101 FFFFF8003CD65444@734201 FFFFF8003CD65444@734301 FFFFF8003CD65444@734401 FFFFF8003CD65444@734501 FFFFF8003CD65444@734601 FFFFF8003CD65444@734701 FFFFF8003CD65444@734801 FFFFF8003CD65444@734901 FFFFF8003CD65444@735001 FFFFF8003CD65444@735101 FFFFF8003CD65444@735201 FFFFF8003CD65444@735301 FFFFF8003CD65444@735401 FFFFF8003CD65444@735501 FFFFF8003CD65444@735601 FFFFF8003CD65444@735701 FFFFF8003CD65444@735801 FFFFF8003CD65444@735901 FFFFF8003CD65445@736001 FFFFF8003CD65444@736101 FFFFF8003CD65444@736201 FFFFF8003CD65444@736301 FFFFF8003CD65444@736401 FFFFF8003CD65444@736501 FFFFF8003CD65444@736601 FFFFF8003CD65444@736701 FFFFF8003CD65444@736801 FFFFF8003CD65444@736901 FFFFF8003CD65444@737001 FFFFF8003CD65444@737101 FFFFF8003CD65444@737201 FFFFF8003CD65444@737301 FFFFF8003CD65444@737401 FFFFF8003CD65444@737501 FFFFF8003CD65444@737601 FFFFF8003CD65444@737701 FFFFF8003CD65444@737801 FFFFF8003CD65444@737901 FFFFF8003CD65444@738001 FFFFF8003CD65444@738101 FFFFF8003CD65444@738201 FFFFF8003CD65444@738301 FFFFF8003CD65444@738401 FFFFF8003CD65444@738501 FFFFF8003CD65444@738601 FFFFF8003CD65444@738701 FFFFF8003CD65444@738801 FFFFF8003CD65444@738901 FFFFF8003CD65444@739001 FFFFF8003CD65444@739101 FFFFF8003CD65444@739201 FFFFF8003CD65444@739301 FFFFF8003CD65444@739401 FFFFF8003CD65444@739501 FFFFF8003CD65444@739601 FFFFF8003CD65444@739701 FFFFF8003CD65444@739801 FFFFF8003CD65444@739901 FFFFF8003CD65444@740001 FFFFF8003CD65444@740101 FFFFF8003CD65444@740201 FFFFF8003CD65444@740301 FFFFF8003CD65444@740401 FFFFF8003CD65444@740501 FFFFF8003CD65444@740601 FFFFF8003CD65444@740701 FFFFF8003CD65444@740801 FFFFF8003CD65444@740901 FFFFF8003CD65444@741001 FFFFF8003CD65444@741101 FFFFF8003CD65444@741201 FFFFF8003CD65444@741301 FFFFF8003CD65444@741401 FFFFF8003CD65444@741501 FFFFF8003CD65444@741601 FFFFF8003CD65444@741701 FFFFF8003CD65444@741801 FFFFF8003CD65444@741901 FFFFF8003CD65444@742001 FFFFF8003CD65444@742101 FFFFF8003CD65444@742201 FFFFF8003CD65444@742301 FFFFF8003CD65444@742401 FFFFF8003CD65444@742501 FFFFF8003CD65444@742601 FFFFF8003CD65444@742701 FFFFF8003CD65444@742801 FFFFF8003CD65444@742901 FFFFF8003CD65444@743001 FFFFF8003CD65444@743101 FFFFF8003CD65444@743201 FFFFF8003CD65444@743301 FFFFF8003CD65444@743401 FFFFF8003CD65444@743501 FFFFF8003CD65444@743601 FFFFF8003CD65444@743701 FFFFF8003CD65444@743801 FFFFF8003CD65444@743901 FFFFF8003CD65444@744001 FFFFF8003CD65444@744101 FFFFF8003CD65444@744201 FFFFF8003CD65444@744301 FFFFF8003CD65444@744401 FFFFF8003CD65444@744501 FFFFF8003CD65444@744601 FFFFF8003CD65444@744701 FFFFF8003CD65444@744801 FFFFF8003CD65444@744901 FFFFF8003CD65444@745001 FFFFF8003CD65444@745101 FFFFF8003CD65444@745201 FFFFF8003CD65444@745301 FFFFF8003CD65444@745401 FFFFF8003CD65444@745501 FFFFF8003CD65444@745601 FFFFF8003CD65444@745701 FFFFF8003CD65444@745801 FFFFF8003CD65444@745901 FFFFF8003CD65444@746001 FFFFF8003CD65444@746101 FFFFF8003CD65444@746201 FFFFF8003CD65444@746301 FFFFF8003CD65444@746401 FFFFF8003CD65444@746501 FFFFF8003CD65444@746601 FFFFF8003CD65444@746701 FFFFF8003CD65444@746801 FFFFF8003CD65444@746901 FFFFF8003CD65444@747001 FFFFF8003CD65444@747101 FFFFF8003CD65444@747201 FFFFF8003CD65444@747301 FFFFF8003CD65444@747401 FFFFF8003CD65444@747501 FFFFF8003CD65444@747601 FFFFF8003CD65444@747701 FFFFF8003CD65444@747801 FFFFF8003CD65444@747901 FFFFF8003CD65444@748001 FFFFF8003CD65444@748101 FFFFF8003CD65444@748201 FFFFF8003CD65444@748301 FFFFF8003CD65444@748401 FFFFF8003CD65444@748501 FFFFF8003CD65444@748601 FFFFF8003CD65444@748701 FFFFF8003CD65444@748801 FFFFF8003CD65444@748901 FFFFF8003CD65444@749001 FFFFF8003CD65444@749101 FFFFF8003CD65444@749201 FFFFF8003CD65444@749301 FFFFF8003CD65444@749401 FFFFF8003CD65444@749501 FFFFF8003CD65444@749601 FFFFF8003CD65444@749701 FFFFF8003CD65444@749801 FFFFF8003CD65444@749901
[heartbeat: exitCount=755000 elapsedSec=48.2 lastPort=0xB008 write=0 val=0xC]
[heartbeat: exitCount=760000 elapsedSec=48.3 lastPort=0xB008 write=0 val=0xC]
[heartbeat: exitCount=765000 elapsedSec=48.4 lastPort=0xB008 write=0 val=0xC]
[heartbeat: exitCount=770000 elapsedSec=48.5 lastPort=0xB008 write=0 val=0xC]
[heartbeat: exitCount=775000 elapsedSec=48.5 lastPort=0xB008 write=0 val=0xC]
[heartbeat: exitCount=780000 elapsedSec=48.6 lastPort=0xB008 write=0 val=0xC]
[heartbeat: exitCount=785000 elapsedSec=48.7 lastPort=0xB008 write=0 val=0xC]
[heartbeat: exitCount=790000 elapsedSec=48.8 lastPort=0xB008 write=0 val=0xC]
[heartbeat: exitCount=795000 elapsedSec=48.8 lastPort=0xB008 write=0 val=0xC]
[heartbeat: exitCount=800000 elapsedSec=48.9 lastPort=0xB008 write=0 val=0xC]
[heartbeat: exitCount=805000 elapsedSec=49.0 lastPort=0xB008 write=0 val=0xC]
[heartbeat: exitCount=810000 elapsedSec=49.1 lastPort=0xB008 write=0 val=0xC]
[heartbeat: exitCount=815000 elapsedSec=49.1 lastPort=0xB008 write=0 val=0xC]
[heartbeat: exitCount=820000 elapsedSec=49.2 lastPort=0xB008 write=0 val=0xC]
[heartbeat: exitCount=825000 elapsedSec=49.3 lastPort=0xB008 write=0 val=0xC]
[heartbeat: exitCount=830000 elapsedSec=49.4 lastPort=0xB008 write=0 val=0xC]
[cmos-ab] write reg=0x0B value=0x02 (RegA=0x25 RegB=0x02, PIE=0)
[cmos-ab] write reg=0x0B value=0x02 (RegA=0x25 RegB=0x02, PIE=0)
[reset] port 0x64/0xFE keyboard-controller reset pulse honored -- vCPU restarted at reset vector (exitCount=833936)
[u40] === RIP histogram pass 1 (end of pass 1, at reset): 8340 samples, base=0xFFFFF8003CA00000 ===
[u40]     6865  page 0xFFFFF8003CD65000  = base+0x365000
[u40]      693  page 0xBEA03000
[u40]      165  page 0x1DD9000
[u40]      164  page 0xFFFFF8003CDBD000  = base+0x3BD000
[u40]      106  page 0xBF14E000
[u40]       96  page 0xBE41C000
[u40]       81  page 0xFFFFF8003CDBC000  = base+0x3BC000
[u40]       44  page 0xBFC50000
[u40]       41  page 0xBFD68000
[u40]       20  page 0xBE422000
[u40]       18  page 0xBF14F000
[u40]       16  page 0xFFFFF8003CECC000  = base+0x4CC000
[u40]       12  page 0xBF16B000
[u40]       11  page 0xBF174000
[u40]        2  page 0xFFFFF8003CDA5000  = base+0x3A5000
[u40]        2  page 0x848000
[u40]        1  page 0xFFFFF8003CE02000  = base+0x402000
[u40]        1  page 0xBF1CC000
[u40]   most recent 256 samples (newest last):
[u40]     FFFFF8003CD65444@808401 FFFFF8003CD65444@808501 FFFFF8003CD65444@808601 FFFFF8003CD65444@808701 FFFFF8003CD65444@808801 FFFFF8003CD65444@808901 FFFFF8003CD65444@809001 FFFFF8003CD65444@809101 FFFFF8003CD65444@809201 FFFFF8003CD65444@809301 FFFFF8003CD65444@809401 FFFFF8003CD65444@809501 FFFFF8003CD65444@809601 FFFFF8003CD65444@809701 FFFFF8003CD65444@809801 FFFFF8003CD65444@809901 FFFFF8003CD65444@810001 FFFFF8003CD65444@810101 FFFFF8003CD65444@810201 FFFFF8003CD65444@810301 FFFFF8003CD65444@810401 FFFFF8003CD65444@810501 FFFFF8003CD65444@810601 FFFFF8003CD65444@810701 FFFFF8003CD65444@810801 FFFFF8003CD65444@810901 FFFFF8003CD65444@811001 FFFFF8003CD65444@811101 FFFFF8003CD65444@811201 FFFFF8003CD65444@811301 FFFFF8003CD65444@811401 FFFFF8003CD65444@811501 FFFFF8003CD65444@811601 FFFFF8003CD65444@811701 FFFFF8003CD65444@811801 FFFFF8003CD65444@811901 FFFFF8003CD65444@812001 FFFFF8003CD65444@812101 FFFFF8003CD65444@812201 FFFFF8003CD65444@812301 FFFFF8003CD65444@812401 FFFFF8003CD65444@812501 FFFFF8003CD65444@812601 FFFFF8003CD65444@812701 FFFFF8003CD65444@812801 FFFFF8003CD65444@812901 FFFFF8003CD65444@813001 FFFFF8003CD65444@813101 FFFFF8003CD65444@813201 FFFFF8003CD65444@813301 FFFFF8003CD65444@813401 FFFFF8003CD65444@813501 FFFFF8003CD65444@813601 FFFFF8003CD65444@813701 FFFFF8003CD65444@813801 FFFFF8003CD65444@813901 FFFFF8003CD65444@814001 FFFFF8003CD65444@814101 FFFFF8003CD65444@814201 FFFFF8003CD65444@814301 FFFFF8003CD65444@814401 FFFFF8003CD65444@814501 FFFFF8003CD65444@814601 FFFFF8003CD65444@814701 FFFFF8003CD65444@814801 FFFFF8003CD65444@814901 FFFFF8003CD65444@815001 FFFFF8003CD65444@815101 FFFFF8003CD65444@815201 FFFFF8003CD65444@815301 FFFFF8003CD65444@815401 FFFFF8003CD65444@815501 FFFFF8003CD65444@815601 FFFFF8003CD65444@815701 FFFFF8003CD65444@815801 FFFFF8003CD65444@815901 FFFFF8003CD65444@816001 FFFFF8003CD65444@816101 FFFFF8003CD65444@816201 FFFFF8003CD65444@816301 FFFFF8003CD65444@816401 FFFFF8003CD65444@816501 FFFFF8003CD65444@816601 FFFFF8003CD65444@816701 FFFFF8003CD65444@816801 FFFFF8003CD65444@816901 FFFFF8003CD65444@817001 FFFFF8003CD65444@817101 FFFFF8003CD65444@817201 FFFFF8003CD65444@817301 FFFFF8003CD65444@817401 FFFFF8003CD65444@817501 FFFFF8003CD65444@817601 FFFFF8003CD65444@817701 FFFFF8003CD65444@817801 FFFFF8003CD65444@817901 FFFFF8003CD65444@818001 FFFFF8003CD65444@818101 FFFFF8003CD65444@818201 FFFFF8003CD65444@818301 FFFFF8003CD65444@818401 FFFFF8003CD65444@818501 FFFFF8003CD65444@818601 FFFFF8003CD65444@818701 FFFFF8003CD65444@818801 FFFFF8003CD65444@818901 FFFFF8003CD65444@819001 FFFFF8003CD65444@819101 FFFFF8003CD65444@819201 FFFFF8003CD65444@819301 FFFFF8003CD65444@819401 FFFFF8003CD65444@819501 FFFFF8003CD65444@819601 FFFFF8003CD65444@819701 FFFFF8003CD65444@819801 FFFFF8003CD65444@819901 FFFFF8003CD65444@820001 FFFFF8003CD65444@820101 FFFFF8003CD65444@820201 FFFFF8003CD65444@820301 FFFFF8003CD65444@820401 FFFFF8003CD65444@820501 FFFFF8003CD65444@820601 FFFFF8003CD65444@820701 FFFFF8003CD65444@820801 FFFFF8003CD65444@820901 FFFFF8003CD65444@821001 FFFFF8003CD65444@821101 FFFFF8003CD65444@821201 FFFFF8003CD65444@821301 FFFFF8003CD65444@821401 FFFFF8003CD65444@821501 FFFFF8003CD65444@821601 FFFFF8003CD65444@821701 FFFFF8003CD65444@821801 FFFFF8003CD65444@821901 FFFFF8003CD65444@822001 FFFFF8003CD65444@822101 FFFFF8003CD65444@822201 FFFFF8003CD65444@822301 FFFFF8003CD65444@822401 FFFFF8003CD65444@822501 FFFFF8003CD65444@822601 FFFFF8003CD65444@822701 FFFFF8003CD65444@822801 FFFFF8003CD65444@822901 FFFFF8003CD65444@823001 FFFFF8003CD65444@823101 FFFFF8003CD65444@823201 FFFFF8003CD65444@823301 FFFFF8003CD65444@823401 FFFFF8003CD65444@823501 FFFFF8003CD65444@823601 FFFFF8003CD65444@823701 FFFFF8003CD65444@823801 FFFFF8003CD65444@823901 FFFFF8003CD65444@824001 FFFFF8003CD65444@824101 FFFFF8003CD65444@824201 FFFFF8003CD65444@824301 FFFFF8003CD65444@824401 FFFFF8003CD65444@824501 FFFFF8003CD65444@824601 FFFFF8003CD65444@824701 FFFFF8003CD65444@824801 FFFFF8003CD65444@824901 FFFFF8003CD65444@825001 FFFFF8003CD65444@825101 FFFFF8003CD65444@825201 FFFFF8003CD65444@825301 FFFFF8003CD65444@825401 FFFFF8003CD65444@825501 FFFFF8003CD65444@825601 FFFFF8003CD65444@825701 FFFFF8003CD65444@825801 FFFFF8003CD65444@825901 FFFFF8003CD65444@826001 FFFFF8003CD65444@826101 FFFFF8003CD65444@826201 FFFFF8003CD65444@826301 FFFFF8003CD65444@826401 FFFFF8003CD65444@826501 FFFFF8003CD65444@826601 FFFFF8003CD65444@826701 FFFFF8003CD65444@826801 FFFFF8003CD65444@826901 FFFFF8003CD65444@827001 FFFFF8003CD65444@827101 FFFFF8003CD65444@827201 FFFFF8003CD65444@827301 FFFFF8003CD65444@827401 FFFFF8003CD65444@827501 FFFFF8003CD65444@827601 FFFFF8003CD65444@827701 FFFFF8003CD65444@827801 FFFFF8003CD65444@827901 FFFFF8003CD65444@828001 FFFFF8003CD65444@828101 FFFFF8003CD65444@828201 FFFFF8003CD65444@828301 FFFFF8003CD65444@828401 FFFFF8003CD65444@828501 FFFFF8003CD65444@828601 FFFFF8003CD65444@828701 FFFFF8003CD65444@828801 FFFFF8003CD65444@828901 FFFFF8003CD65444@829001 FFFFF8003CD65444@829101 FFFFF8003CD65444@829201 FFFFF8003CD65444@829301 FFFFF8003CD65444@829401 FFFFF8003CD65444@829501 FFFFF8003CD65444@829601 FFFFF8003CD65444@829701 FFFFF8003CD65444@829801 FFFFF8003CD65444@829901 FFFFF8003CD65444@830001 FFFFF8003CD65444@830101 FFFFF8003CD65444@830201 FFFFF8003CD65444@830301 FFFFF8003CD65444@830401 FFFFF8003CD65444@830501 FFFFF8003CD65444@830601 FFFFF8003CD65444@830701 FFFFF8003CD65444@830801 FFFFF8003CD65444@830901 FFFFF8003CD65444@831001 FFFFF8003CD65444@831101 FFFFF8003CD65444@831201 FFFFF8003CD65444@831301 FFFFF8003CD65444@831401 FFFFF8003CD65444@831501 FFFFF8003CD65444@831601 FFFFF8003CD65444@831701 FFFFF8003CD65444@831801 FFFFF8003CD65444@831901 FFFFF8003CD65444@832001 FFFFF8003CD65444@832101 FFFFF8003CD65444@832201 FFFFF8003CD65444@832301 FFFFF8003CD65444@832401 FFFFF8003CD65444@832501 FFFFF8003CD65444@832601 FFFFF8003CD65444@832701 FFFFF8003CD65444@832801 FFFFF8003CD65444@832901 FFFFF8003CD65444@833001 FFFFF8003CD65444@833101 FFFFF8003CD65444@833201 FFFFF8003CD65444@833301 FFFFF8003CD65444@833401 FFFFF8003CD65444@833501 FFFFF8003CD65444@833601 FFFFF8003CD65444@833701 FFFFF8003CD65444@833801 FFFFF8003CD65444@833901
[u46] LAPIC state (at reset -- state pass 2 will INHERIT, 4096 bytes): TPR=0xF0 PPR=0x0 SVR=0x1DF
[u46]   LVT Timer=0x300FD (vector=0xFD PERIODIC masked=1) InitCnt=0x0 CurCnt=0x0 Div=0xB
[u46]   IRR: no pending vectors
[u47] LAPIC quiesced at reset (LVTs masked, timer stopped, pending/ISR/IRR cleared, TPR=0)
[u46] LAPIC state (after U47 quiesce, 4096 bytes): TPR=0x0 PPR=0x0 SVR=0x1DF
[u46]   LVT Timer=0x10000 (vector=0x00 one-shot masked=1) InitCnt=0x0 CurCnt=0x0 Div=0xB
[u46]   IRR: no pending vectors
[u42] pass1 IOAPIC accesses total=274 (logged 260)
[u42] state INHERITED by pass 2: ioapic1.id=1 selectedReg=0x20 | ioapic2.id=2 selectedReg=0x3F
[u42]   ioapic1.redir[0]=0x00000000000100FF (vec=0xFF masked=1) -- NOT at power-on default
[u42]   ioapic1.redir[1]=0x00000000000100FF (vec=0xFF masked=1) -- NOT at power-on default
[u42]   ioapic1.redir[2]=0x00000000000100FF (vec=0xFF masked=1) -- NOT at power-on default
[u42]   ioapic1.redir[3]=0x00000000000100FF (vec=0xFF masked=1) -- NOT at power-on default
[u42]   ioapic1.redir[4]=0x00000000000100FF (vec=0xFF masked=1) -- NOT at power-on default
[u42]   ioapic1.redir[5]=0x00000000000100FF (vec=0xFF masked=1) -- NOT at power-on default
[u42]   ioapic1.redir[6]=0x00000000000100FF (vec=0xFF masked=1) -- NOT at power-on default
[u42]   ioapic1.redir[7]=0x00000000000100FF (vec=0xFF masked=1) -- NOT at power-on default
[u42]   ioapic1.redir[8]=0x01000000000008D1 (vec=0xD1 masked=0) -- NOT at power-on default
[u42]   ioapic1.redir[9]=0x00000000000100FF (vec=0xFF masked=1) -- NOT at power-on default
[u42]   ioapic1.redir[10]=0x00000000000100FF (vec=0xFF masked=1) -- NOT at power-on default
[u42]   ioapic1.redir[11]=0x00000000000100FF (vec=0xFF masked=1) -- NOT at power-on default
[u42]   ioapic1.redir[12]=0x00000000000100FF (vec=0xFF masked=1) -- NOT at power-on default
[u42]   ioapic1.redir[13]=0x00000000000100FF (vec=0xFF masked=1) -- NOT at power-on default
[u42]   ioapic1.redir[14]=0x00000000000100FF (vec=0xFF masked=1) -- NOT at power-on default
[u42]   ioapic1.redir[15]=0x00000000000100FF (vec=0xFF masked=1) -- NOT at power-on default
[u42]   ioapic1.redir[16]=0x00000000000100FF (vec=0xFF masked=1) -- NOT at power-on default
[u42]   ioapic1.redir[17]=0x00000000000100FF (vec=0xFF masked=1) -- NOT at power-on default
[u42]   ioapic1.redir[18]=0x00000000000100FF (vec=0xFF masked=1) -- NOT at power-on default
[u42]   ioapic1.redir[19]=0x00000000000100FF (vec=0xFF masked=1) -- NOT at power-on default
[u42]   ioapic1.redir[20]=0x00000000000100FF (vec=0xFF masked=1) -- NOT at power-on default
[u42]   ioapic1.redir[21]=0x00000000000100FF (vec=0xFF masked=1) -- NOT at power-on default
[u42]   ioapic1.redir[22]=0x00000000000100FF (vec=0xFF masked=1) -- NOT at power-on default
[u42]   ioapic1.redir[23]=0x00000000000100FF (vec=0xFF masked=1) -- NOT at power-on default
[u42]   ioapic2.redir[0]=0x00000000000100FF (vec=0xFF masked=1) -- NOT at power-on default
[u42]   ioapic2.redir[1]=0x00000000000100FF (vec=0xFF masked=1) -- NOT at power-on default
[u42]   ioapic2.redir[2]=0x00000000000100FF (vec=0xFF masked=1) -- NOT at power-on default
[u42]   ioapic2.redir[3]=0x00000000000100FF (vec=0xFF masked=1) -- NOT at power-on default
[u42]   ioapic2.redir[4]=0x00000000000100FF (vec=0xFF masked=1) -- NOT at power-on default
[u42]   ioapic2.redir[5]=0x00000000000100FF (vec=0xFF masked=1) -- NOT at power-on default
[u42]   ioapic2.redir[6]=0x00000000000100FF (vec=0xFF masked=1) -- NOT at power-on default
[u42]   ioapic2.redir[7]=0x00000000000100FF (vec=0xFF masked=1) -- NOT at power-on default
[u42]   ioapic2.redir[8]=0x00000000000100FF (vec=0xFF masked=1) -- NOT at power-on default
[u42]   ioapic2.redir[9]=0x00000000000100FF (vec=0xFF masked=1) -- NOT at power-on default
[u42]   ioapic2.redir[10]=0x00000000000100FF (vec=0xFF masked=1) -- NOT at power-on default
[u42]   ioapic2.redir[11]=0x00000000000100FF (vec=0xFF masked=1) -- NOT at power-on default
[u42]   ioapic2.redir[12]=0x00000000000100FF (vec=0xFF masked=1) -- NOT at power-on default
[u42]   ioapic2.redir[13]=0x00000000000100FF (vec=0xFF masked=1) -- NOT at power-on default
[u42]   ioapic2.redir[14]=0x00000000000100FF (vec=0xFF masked=1) -- NOT at power-on default
[u42]   ioapic2.redir[15]=0x00000000000100FF (vec=0xFF masked=1) -- NOT at power-on default
[u42]   ioapic2.redir[16]=0x00000000000100FF (vec=0xFF masked=1) -- NOT at power-on default
[u42]   ioapic2.redir[17]=0x00000000000100FF (vec=0xFF masked=1) -- NOT at power-on default
[u42]   ioapic2.redir[18]=0x00000000000100FF (vec=0xFF masked=1) -- NOT at power-on default
[u42]   ioapic2.redir[19]=0x00000000000100FF (vec=0xFF masked=1) -- NOT at power-on default
[u42]   ioapic2.redir[20]=0x00000000000100FF (vec=0xFF masked=1) -- NOT at power-on default
[u42]   ioapic2.redir[21]=0x00000000000100FF (vec=0xFF masked=1) -- NOT at power-on default
[u42]   ioapic2.redir[22]=0x00000000000100FF (vec=0xFF masked=1) -- NOT at power-on default
[u42]   ioapic2.redir[23]=0x00000000000100FF (vec=0xFF masked=1) -- NOT at power-on default
[fwcfg] select #24: selector=0x0
[fwcfg] select #25: selector=0x1
[fwcfg] select #26: selector=0x19
[fwcfg] select #27: selector=0x19
[fwcfg] select #28: selector=0x19
[fwcfg] select #29: selector=0x19
[fwcfg] select #30: selector=0x19
[fwcfg] select #31: selector=0x19
[fwcfg] select #32: selector=0x19
[fwcfg] select #33: selector=0x19
[fwcfg] select #34: selector=0x0
[fwcfg] select #35: selector=0x1
[fwcfg] select #36: selector=0x19
[fwcfg] select #37: selector=0xE
[fwcfg] select #38: selector=0x5
[heartbeat: exitCount=835000 elapsedSec=49.8 lastPort=0xB008 write=0 val=0x2]
[heartbeat: exitCount=840000 elapsedSec=50.0 lastPort=0xB008 write=0 val=0x2]
[fwcfg] select #39: selector=0x23
[ramfb] configured: address=0xBE500000 800x600 stride=3200
[cmos-ab] write reg=0x0A value=0x26 (RegA=0x26 RegB=0x02, PIE=0)
[fwcfg] select #40: selector=0x17
[heartbeat: exitCount=845000 elapsedSec=50.1 lastPort=0xCF8 write=1 val=0x89]
[2J[001;001H[=3h[2J[001;001H[2J[001;001H[8;056;240t[2J[001;001H[2J[001;001H[=3h[2J[001;001H[2J[001;001H[8;031;100t[2J[001;001H[aux] controller: disable AUX port
[heartbeat: exitCount=850000 elapsedSec=50.3 lastPort=0xCF8 write=0 val=0x0]
[heartbeat: exitCount=855000 elapsedSec=50.4 lastPort=0xCF8 write=1 val=0x0]
BdsDxe: loading Boot0002 "UEFI LocalHost Virtual Disk LH0001 " from PciRoot(0x0)/Pci(0x2,0x0)/Sata(0x0,0xFFFF,0x0)
BdsDxe: starting Boot0002 "UEFI LocalHost Virtual Disk LH0001 " from PciRoot(0x0)/Pci(0x2,0x0)/Sata(0x0,0xFFFF,0x0)
[heartbeat: exitCount=860000 elapsedSec=50.6 lastPort=0xB008 write=0 val=0x89]
[2J[001;001H[=3h[2J[001;001H[heartbeat: exitCount=865000 elapsedSec=50.7 lastPort=0xB008 write=0 val=0x89]
[heartbeat: exitCount=870000 elapsedSec=50.8 lastPort=0xB008 write=0 val=0x89]
[heartbeat: exitCount=875000 elapsedSec=50.9 lastPort=0xB008 write=0 val=0x89]
[heartbeat: exitCount=880000 elapsedSec=51.0 lastPort=0xB008 write=0 val=0x89]
[heartbeat: exitCount=885000 elapsedSec=51.2 lastPort=0xB008 write=0 val=0x89]
[heartbeat: exitCount=890000 elapsedSec=51.3 lastPort=0xB008 write=0 val=0x89]
[heartbeat: exitCount=895000 elapsedSec=51.4 lastPort=0xB008 write=0 val=0x89]
[heartbeat: exitCount=900000 elapsedSec=51.5 lastPort=0xB008 write=0 val=0x89]
[heartbeat: exitCount=905000 elapsedSec=51.6 lastPort=0xB008 write=0 val=0x89]
[heartbeat: exitCount=910000 elapsedSec=51.7 lastPort=0xB008 write=0 val=0x89]
[heartbeat: exitCount=915000 elapsedSec=51.8 lastPort=0xB008 write=0 val=0x89]
[heartbeat: exitCount=920000 elapsedSec=51.9 lastPort=0xB008 write=0 val=0x89]
[heartbeat: exitCount=925000 elapsedSec=52.0 lastPort=0xB008 write=0 val=0x89]
[heartbeat: exitCount=930000 elapsedSec=52.1 lastPort=0xB008 write=0 val=0x89]
[heartbeat: exitCount=935000 elapsedSec=52.2 lastPort=0xB008 write=0 val=0x89]
[heartbeat: exitCount=940000 elapsedSec=52.3 lastPort=0xB008 write=0 val=0x89]
[heartbeat: exitCount=945000 elapsedSec=53.6 lastPort=0x70 write=1 val=0x8D]
[aux] controller: disable AUX port
[heartbeat: exitCount=950000 elapsedSec=55.1 lastPort=0xCF8 write=1 val=0x0]
[heartbeat: exitCount=955000 elapsedSec=55.2 lastPort=0xCF8 write=1 val=0x0]
[heartbeat: exitCount=960000 elapsedSec=55.3 lastPort=0xCF8 write=1 val=0x0]
[kerneldiag] candidate address 0xFFFFF801379A57DD resolves to module base 0xFFFFF80137600000 (+0x3A57DD into it)
[kerneldiag] debug directory: type=2 codeViewRva=0x40970
[kerneldiag] module PDB name: ntkrnlmp.pdb guid=D9424FC4-861E-47C1-0FAD1B35DEC6DCC8 age=1
[wp] DISCOVERY at exitCount=964349 (pass 2)
[wp] armed breakpoints at module base 0xFFFFF80137600000 (DR2 LFH-check armed=1): DR0=+0x3DC890 (U34 ExInitializePoolHeapManagement entry, VA=0xFFFFF801379DC890), DR1=+0x3FD6F0 (KeBugCheckEx, VA=0xFFFFF801379FD6F0), DR2=+0x343B49 (RtlpHpLfhOwnerMoveSubsegment entry, VA=0xFFFFF80137943B49), DR3=+0x9A188F (HalpIommuInitSystem ret, VA=0xFFFFF80137FA188F)
[u32] ExPoolState pool-descriptor fields (pass 2):
[u32]   pool[0] desc@RVA0xC57EC0: +0x08=0x0 +0x10=0x0  <== +0x10 NULL
[u32]   pool[1] desc@RVA0xC59F80: +0x08=0x0 +0x10=0x0  <== +0x10 NULL
[u32]   pool[2] desc@RVA0xC5C040: +0x08=0x0 +0x10=0x0  <== +0x10 NULL
[u32]   pool[3] desc@RVA0xC5E100: +0x08=0x0 +0x10=0x0  <== +0x10 NULL
[u32]   pool[4] desc@RVA0xC601C0: +0x08=0x0 +0x10=0x0  <== +0x10 NULL
[u32]   pool[5] desc@RVA0xC62280: +0x08=0x0 +0x10=0x0  <== +0x10 NULL
[u32]   pool[6] desc@RVA0xC64340: +0x08=0x0 +0x10=0x0  <== +0x10 NULL
[u32]   pool[7] desc@RVA0xC66400: +0x08=0x0 +0x10=0x0  <== +0x10 NULL
[u33] pass boundary -- re-baselining pool-descriptor tracker for pass 2
[u33] baseline pass=2 exitCount=964349 pool[0] +0x08=0x0 +0x10=0x0
[u33] baseline pass=2 exitCount=964349 pool[1] +0x08=0x0 +0x10=0x0
[u33] baseline pass=2 exitCount=964349 pool[2] +0x08=0x0 +0x10=0x0
[u33] baseline pass=2 exitCount=964349 pool[3] +0x08=0x0 +0x10=0x0
[u42] pass2 ioapic1 SELECT reg=0x01
[u42] pass2 ioapic1 WRITE reg=0x01 value=0x00000000
[u42] pass2 ioapic1 SELECT reg=0x01
[u42] pass2 ioapic1 READ  reg=0x01 -> 0x00170011
[u42] pass2 ioapic1 SELECT reg=0x01
[u42] pass2 ioapic1 WRITE reg=0x01 value=0x00000000
[u42] pass2 ioapic1 SELECT reg=0x01
[u42] pass2 ioapic1 READ  reg=0x01 -> 0x00170011
[u42] pass2 ioapic1 SELECT reg=0x00
[u42] pass2 ioapic1 READ  reg=0x00 -> 0x01000000
[u42] pass2 ioapic1 WRITE reg=0x00 value=0x01000000
[u42] pass2 ioapic1 SELECT reg=0x10
[u42] pass2 ioapic1 READ  reg=0x10 -> 0x000100FF
[u42] pass2 ioapic1 WRITE reg=0x10 value=0x000100FF
[u42] pass2 ioapic1 SELECT reg=0x11
[u42] pass2 ioapic1 WRITE reg=0x11 value=0x00000000
[u42] pass2 ioapic1 SELECT reg=0x12
[u42] pass2 ioapic1 READ  reg=0x12 -> 0x000100FF
[u42] pass2 ioapic1 WRITE reg=0x12 value=0x000100FF
[u42] pass2 ioapic1 SELECT reg=0x13
[u42] pass2 ioapic1 WRITE reg=0x13 value=0x00000000
[u42] pass2 ioapic1 SELECT reg=0x14
[u42] pass2 ioapic1 READ  reg=0x14 -> 0x000100FF
[u42] pass2 ioapic1 WRITE reg=0x14 value=0x000100FF
[u42] pass2 ioapic1 SELECT reg=0x15
[u42] pass2 ioapic1 WRITE reg=0x15 value=0x00000000
[u42] pass2 ioapic1 SELECT reg=0x16
[u42] pass2 ioapic1 READ  reg=0x16 -> 0x000100FF
[u42] pass2 ioapic1 WRITE reg=0x16 value=0x000100FF
[u42] pass2 ioapic1 SELECT reg=0x17
[u42] pass2 ioapic1 WRITE reg=0x17 value=0x00000000
[u42] pass2 ioapic1 SELECT reg=0x18
[u42] pass2 ioapic1 READ  reg=0x18 -> 0x000100FF
[u42] pass2 ioapic1 WRITE reg=0x18 value=0x000100FF
[u42] pass2 ioapic1 SELECT reg=0x19
[u42] pass2 ioapic1 WRITE reg=0x19 value=0x00000000
[u42] pass2 ioapic1 SELECT reg=0x1A
[u42] pass2 ioapic1 READ  reg=0x1A -> 0x000100FF
[u42] pass2 ioapic1 WRITE reg=0x1A value=0x000100FF
[u42] pass2 ioapic1 SELECT reg=0x1B
[u42] pass2 ioapic1 WRITE reg=0x1B value=0x00000000
[u42] pass2 ioapic1 SELECT reg=0x1C
[u42] pass2 ioapic1 READ  reg=0x1C -> 0x000100FF
[u42] pass2 ioapic1 WRITE reg=0x1C value=0x000100FF
[u42] pass2 ioapic1 SELECT reg=0x1D
[u42] pass2 ioapic1 WRITE reg=0x1D value=0x00000000
[u42] pass2 ioapic1 SELECT reg=0x1E
[u42] pass2 ioapic1 READ  reg=0x1E -> 0x000100FF
[u42] pass2 ioapic1 WRITE reg=0x1E value=0x000100FF
[u42] pass2 ioapic1 SELECT reg=0x1F
[u42] pass2 ioapic1 WRITE reg=0x1F value=0x00000000
[u42] pass2 ioapic1 SELECT reg=0x20
[u42] pass2 ioapic1 READ  reg=0x20 -> 0x000008D1
[u42] pass2 ioapic1 WRITE reg=0x20 value=0x000100FF
[u42] pass2 ioapic1 SELECT reg=0x21
[u42] pass2 ioapic1 WRITE reg=0x21 value=0x00000000
[u42] pass2 ioapic1 SELECT reg=0x22
[u42] pass2 ioapic1 READ  reg=0x22 -> 0x000100FF
[u42] pass2 ioapic1 WRITE reg=0x22 value=0x000100FF
[u42] pass2 ioapic1 SELECT reg=0x23
[u42] pass2 ioapic1 WRITE reg=0x23 value=0x00000000
[u42] pass2 ioapic1 SELECT reg=0x24
[u42] pass2 ioapic1 READ  reg=0x24 -> 0x000100FF
[u42] pass2 ioapic1 WRITE reg=0x24 value=0x000100FF
[u42] pass2 ioapic1 SELECT reg=0x25
[u42] pass2 ioapic1 WRITE reg=0x25 value=0x00000000
[u42] pass2 ioapic1 SELECT reg=0x26
[u42] pass2 ioapic1 READ  reg=0x26 -> 0x000100FF
[u42] pass2 ioapic1 WRITE reg=0x26 value=0x000100FF
[u42] pass2 ioapic1 SELECT reg=0x27
[u42] pass2 ioapic1 WRITE reg=0x27 value=0x00000000
[u42] pass2 ioapic1 SELECT reg=0x28
[u42] pass2 ioapic1 READ  reg=0x28 -> 0x000100FF
[u42] pass2 ioapic1 WRITE reg=0x28 value=0x000100FF
[u42] pass2 ioapic1 SELECT reg=0x29
[u42] pass2 ioapic1 WRITE reg=0x29 value=0x00000000
[u42] pass2 ioapic1 SELECT reg=0x2A
[u42] pass2 ioapic1 READ  reg=0x2A -> 0x000100FF
[u42] pass2 ioapic1 WRITE reg=0x2A value=0x000100FF
[u42] pass2 ioapic1 SELECT reg=0x2B
[u42] pass2 ioapic1 WRITE reg=0x2B value=0x00000000
[u42] pass2 ioapic1 SELECT reg=0x2C
[u42] pass2 ioapic1 READ  reg=0x2C -> 0x000100FF
[u42] pass2 ioapic1 WRITE reg=0x2C value=0x000100FF
[u42] pass2 ioapic1 SELECT reg=0x2D
[u42] pass2 ioapic1 WRITE reg=0x2D value=0x00000000
[u42] pass2 ioapic1 SELECT reg=0x2E
[u42] pass2 ioapic1 READ  reg=0x2E -> 0x000100FF
[u42] pass2 ioapic1 WRITE reg=0x2E value=0x000100FF
[u42] pass2 ioapic1 SELECT reg=0x2F
[u42] pass2 ioapic1 WRITE reg=0x2F value=0x00000000
[u42] pass2 ioapic1 SELECT reg=0x30
[u42] pass2 ioapic1 READ  reg=0x30 -> 0x000100FF
[u42] pass2 ioapic1 WRITE reg=0x30 value=0x000100FF
[u42] pass2 ioapic1 SELECT reg=0x31
[u42] pass2 ioapic1 WRITE reg=0x31 value=0x00000000
[u42] pass2 ioapic1 SELECT reg=0x32
[u42] pass2 ioapic1 READ  reg=0x32 -> 0x000100FF
[u42] pass2 ioapic1 WRITE reg=0x32 value=0x000100FF
[u42] pass2 ioapic1 SELECT reg=0x33
[u42] pass2 ioapic1 WRITE reg=0x33 value=0x00000000
[u42] pass2 ioapic1 SELECT reg=0x34
[u42] pass2 ioapic1 READ  reg=0x34 -> 0x000100FF
[u42] pass2 ioapic1 WRITE reg=0x34 value=0x000100FF
[u42] pass2 ioapic1 SELECT reg=0x35
[u42] pass2 ioapic1 WRITE reg=0x35 value=0x00000000
[u42] pass2 ioapic1 SELECT reg=0x36
[u42] pass2 ioapic1 READ  reg=0x36 -> 0x000100FF
[u42] pass2 ioapic1 WRITE reg=0x36 value=0x000100FF
[u42] pass2 ioapic1 SELECT reg=0x37
[u42] pass2 ioapic1 WRITE reg=0x37 value=0x00000000
[u42] pass2 ioapic1 SELECT reg=0x38
[u42] pass2 ioapic1 READ  reg=0x38 -> 0x000100FF
[u42] pass2 ioapic1 WRITE reg=0x38 value=0x000100FF
[u42] pass2 ioapic1 SELECT reg=0x39
[u42] pass2 ioapic1 WRITE reg=0x39 value=0x00000000
[u42] pass2 ioapic1 SELECT reg=0x3A
[u42] pass2 ioapic1 READ  reg=0x3A -> 0x000100FF
[u42] pass2 ioapic1 WRITE reg=0x3A value=0x000100FF
[u42] pass2 ioapic1 SELECT reg=0x3B
[u42] pass2 ioapic1 WRITE reg=0x3B value=0x00000000
[u42] pass2 ioapic1 SELECT reg=0x3C
[u42] pass2 ioapic1 READ  reg=0x3C -> 0x000100FF
[u42] pass2 ioapic1 WRITE reg=0x3C value=0x000100FF
[u42] pass2 ioapic1 SELECT reg=0x3D
[u42] pass2 ioapic1 WRITE reg=0x3D value=0x00000000
[u42] pass2 ioapic1 SELECT reg=0x3E
[u42] pass2 ioapic1 READ  reg=0x3E -> 0x000100FF
[u42] pass2 ioapic1 WRITE reg=0x3E value=0x000100FF
[u42] pass2 ioapic1 SELECT reg=0x3F
[u42] pass2 ioapic1 WRITE reg=0x3F value=0x00000000
[u42] pass2 ioapic2 SELECT reg=0x01
[u42] pass2 ioapic2 WRITE reg=0x01 value=0x00000000
[u42] pass2 ioapic2 SELECT reg=0x01
[u42] pass2 ioapic2 READ  reg=0x01 -> 0x00170011
[u42] pass2 ioapic2 SELECT reg=0x01
[u42] pass2 ioapic2 WRITE reg=0x01 value=0x00000000
[u42] pass2 ioapic2 SELECT reg=0x01
[u42] pass2 ioapic2 READ  reg=0x01 -> 0x00170011
[u42] pass2 ioapic2 SELECT reg=0x00
[u42] pass2 ioapic2 READ  reg=0x00 -> 0x02000000
[u42] pass2 ioapic2 WRITE reg=0x00 value=0x02000000
[u42] pass2 ioapic2 SELECT reg=0x10
[u42] pass2 ioapic2 READ  reg=0x10 -> 0x000100FF
[u42] pass2 ioapic2 WRITE reg=0x10 value=0x000100FF
[u42] pass2 ioapic2 SELECT reg=0x11
[u42] pass2 ioapic2 WRITE reg=0x11 value=0x00000000
[u42] pass2 ioapic2 SELECT reg=0x12
[u42] pass2 ioapic2 READ  reg=0x12 -> 0x000100FF
[u42] pass2 ioapic2 WRITE reg=0x12 value=0x000100FF
[u42] pass2 ioapic2 SELECT reg=0x13
[u42] pass2 ioapic2 WRITE reg=0x13 value=0x00000000
[u42] pass2 ioapic2 SELECT reg=0x14
[u42] pass2 ioapic2 READ  reg=0x14 -> 0x000100FF
[u42] pass2 ioapic2 WRITE reg=0x14 value=0x000100FF
[u42] pass2 ioapic2 SELECT reg=0x15
[u42] pass2 ioapic2 WRITE reg=0x15 value=0x00000000
[u42] pass2 ioapic2 SELECT reg=0x16
[u42] pass2 ioapic2 READ  reg=0x16 -> 0x000100FF
[u42] pass2 ioapic2 WRITE reg=0x16 value=0x000100FF
[u42] pass2 ioapic2 SELECT reg=0x17
[u42] pass2 ioapic2 WRITE reg=0x17 value=0x00000000
[u42] pass2 ioapic2 SELECT reg=0x18
[u42] pass2 ioapic2 READ  reg=0x18 -> 0x000100FF
[u42] pass2 ioapic2 WRITE reg=0x18 value=0x000100FF
[u42] pass2 ioapic2 SELECT reg=0x19
[u42] pass2 ioapic2 WRITE reg=0x19 value=0x00000000
[u42] pass2 ioapic2 SELECT reg=0x1A
[u42] pass2 ioapic2 READ  reg=0x1A -> 0x000100FF
[u42] pass2 ioapic2 WRITE reg=0x1A value=0x000100FF
[u42] pass2 ioapic2 SELECT reg=0x1B
[u42] pass2 ioapic2 WRITE reg=0x1B value=0x00000000
[u42] pass2 ioapic2 SELECT reg=0x1C
[u42] pass2 ioapic2 READ  reg=0x1C -> 0x000100FF
[u42] pass2 ioapic2 WRITE reg=0x1C value=0x000100FF
[u42] pass2 ioapic2 SELECT reg=0x1D
[u42] pass2 ioapic2 WRITE reg=0x1D value=0x00000000
[u42] pass2 ioapic2 SELECT reg=0x1E
[u42] pass2 ioapic2 READ  reg=0x1E -> 0x000100FF
[u42] pass2 ioapic2 WRITE reg=0x1E value=0x000100FF
[u42] pass2 ioapic2 SELECT reg=0x1F
[u42] pass2 ioapic2 WRITE reg=0x1F value=0x00000000
[u42] pass2 ioapic2 SELECT reg=0x20
[u42] pass2 ioapic2 READ  reg=0x20 -> 0x000100FF
[u42] pass2 ioapic2 WRITE reg=0x20 value=0x000100FF
[u42] pass2 ioapic2 SELECT reg=0x21
[u42] pass2 ioapic2 WRITE reg=0x21 value=0x00000000
[u42] pass2 ioapic2 SELECT reg=0x22
[u42] pass2 ioapic2 READ  reg=0x22 -> 0x000100FF
[u42] pass2 ioapic2 WRITE reg=0x22 value=0x000100FF
[u42] pass2 ioapic2 SELECT reg=0x23
[u42] pass2 ioapic2 WRITE reg=0x23 value=0x00000000
[u42] pass2 ioapic2 SELECT reg=0x24
[u42] pass2 ioapic2 READ  reg=0x24 -> 0x000100FF
[u42] pass2 ioapic2 WRITE reg=0x24 value=0x000100FF
[u42] pass2 ioapic2 SELECT reg=0x25
[u42] pass2 ioapic2 WRITE reg=0x25 value=0x00000000
[u42] pass2 ioapic2 SELECT reg=0x26
[u42] pass2 ioapic2 READ  reg=0x26 -> 0x000100FF
[u42] pass2 ioapic2 WRITE reg=0x26 value=0x000100FF
[u42] pass2 ioapic2 SELECT reg=0x27
[u42] pass2 ioapic2 WRITE reg=0x27 value=0x00000000
[u42] pass2 ioapic2 SELECT reg=0x28
[u42] pass2 ioapic2 READ  reg=0x28 -> 0x000100FF
[u42] pass2 ioapic2 WRITE reg=0x28 value=0x000100FF
[u42] pass2 ioapic2 SELECT reg=0x29
[u42] pass2 ioapic2 WRITE reg=0x29 value=0x00000000
[u42] pass2 ioapic2 SELECT reg=0x2A
[u42] pass2 ioapic2 READ  reg=0x2A -> 0x000100FF
[u42] pass2 ioapic2 WRITE reg=0x2A value=0x000100FF
[u42] pass2 ioapic2 SELECT reg=0x2B
[u42] pass2 ioapic2 WRITE reg=0x2B value=0x00000000
[u42] pass2 ioapic2 SELECT reg=0x2C
[u42] pass2 ioapic2 READ  reg=0x2C -> 0x000100FF
[u42] pass2 ioapic2 WRITE reg=0x2C value=0x000100FF
[u42] pass2 ioapic2 SELECT reg=0x2D
[u42] pass2 ioapic2 WRITE reg=0x2D value=0x00000000
[u42] pass2 ioapic2 SELECT reg=0x2E
[u42] pass2 ioapic2 READ  reg=0x2E -> 0x000100FF
[u42] pass2 ioapic2 WRITE reg=0x2E value=0x000100FF
[u42] pass2 ioapic2 SELECT reg=0x2F
[u42] pass2 ioapic2 WRITE reg=0x2F value=0x00000000
[u42] pass2 ioapic2 SELECT reg=0x30
[u42] pass2 ioapic2 READ  reg=0x30 -> 0x000100FF
[u42] pass2 ioapic2 WRITE reg=0x30 value=0x000100FF
[u42] pass2 ioapic2 SELECT reg=0x31
[u42] pass2 ioapic2 WRITE reg=0x31 value=0x00000000
[u42] pass2 ioapic2 SELECT reg=0x32
[u42] pass2 ioapic2 READ  reg=0x32 -> 0x000100FF
[u42] pass2 ioapic2 WRITE reg=0x32 value=0x000100FF
[u42] pass2 ioapic2 SELECT reg=0x33
[u42] pass2 ioapic2 WRITE reg=0x33 value=0x00000000
[u42] pass2 ioapic2 SELECT reg=0x34
[u42] pass2 ioapic2 READ  reg=0x34 -> 0x000100FF
[u42] pass2 ioapic2 WRITE reg=0x34 value=0x000100FF
[u42] pass2 ioapic2 SELECT reg=0x35
[u42] pass2 ioapic2 WRITE reg=0x35 value=0x00000000
[u42] pass2 ioapic2 SELECT reg=0x36
[u42] pass2 ioapic2 READ  reg=0x36 -> 0x000100FF
[u42] pass2 ioapic2 WRITE reg=0x36 value=0x000100FF
[u42] pass2 ioapic2 SELECT reg=0x37
[u42] pass2 ioapic2 WRITE reg=0x37 value=0x00000000
[u42] pass2 ioapic2 SELECT reg=0x38
[u42] pass2 ioapic2 READ  reg=0x38 -> 0x000100FF
[u42] pass2 ioapic2 WRITE reg=0x38 value=0x000100FF
[u42] pass2 ioapic2 SELECT reg=0x39
[u42] pass2 ioapic2 WRITE reg=0x39 value=0x00000000
[u42] pass2 ioapic2 SELECT reg=0x3A
[u42] pass2 ioapic2 READ  reg=0x3A -> 0x000100FF
[u42] pass2 ioapic2 WRITE reg=0x3A value=0x000100FF
[u42] pass2 ioapic2 SELECT reg=0x3B
[u42] pass2 ioapic2 WRITE reg=0x3B value=0x00000000
[u42] pass2 ioapic2 SELECT reg=0x3C
[u42] pass2 ioapic2 READ  reg=0x3C -> 0x000100FF
[u42] pass2 ioapic2 WRITE reg=0x3C value=0x000100FF
[u42] pass2 ioapic2 SELECT reg=0x3D
[u42] pass2 ioapic2 WRITE reg=0x3D value=0x00000000
[u42] pass2 ioapic2 SELECT reg=0x3E
[u42] pass2 ioapic2 READ  reg=0x3E -> 0x000100FF
[u42] pass2 ioapic2 WRITE reg=0x3E value=0x000100FF
[heartbeat: exitCount=965000 elapsedSec=55.4 lastPort=0xB008 write=0 val=0xFF]
[heartbeat: exitCount=970000 elapsedSec=55.5 lastPort=0xB008 write=0 val=0xFF]
[cmos-ab] write reg=0x0A value=0x25 (RegA=0x25 RegB=0x02, PIE=0)
[ioapic-rte] controller id=1 entry=8 reg=0x20 value=0x000008D1 -> full RTE now 0x01000000000008D1 (vector=0xD1 masked=0)
[cmos-ab] write reg=0x0B value=0x02 (RegA=0x25 RegB=0x02, PIE=0)
[ioapic-rte] controller id=1 entry=8 reg=0x21 value=0x01000000 -> full RTE now 0x01000000000008D1 (vector=0xD1 masked=0)
[ioapic-rte] controller id=1 entry=8 reg=0x20 value=0x000008D1 -> full RTE now 0x01000000000008D1 (vector=0xD1 masked=0)
[cmos-ab] write reg=0x0B value=0x42 (RegA=0x25 RegB=0x42, PIE=1)
[u43] pass2 gsi=8 PROGRAMMED vector=0xD1 (legacy would be 0x70) rte=0x01000000000008D1 kernelFound=1
[u43] pass2 gsi=8 PROGRAMMED vector=0xD1 (legacy would be 0x70) rte=0x01000000000008D1 kernelFound=1
[u43] pass2 gsi=8 PROGRAMMED vector=0xD1 (legacy would be 0x70) rte=0x01000000000008D1 kernelFound=1
[u43] pass2 gsi=8 PROGRAMMED vector=0xD1 (legacy would be 0x70) rte=0x01000000000008D1 kernelFound=1
[u43] pass2 gsi=8 PROGRAMMED vector=0xD1 (legacy would be 0x70) rte=0x01000000000008D1 kernelFound=1
[u43] pass2 gsi=8 PROGRAMMED vector=0xD1 (legacy would be 0x70) rte=0x01000000000008D1 kernelFound=1
[u43] pass2 gsi=8 PROGRAMMED vector=0xD1 (legacy would be 0x70) rte=0x01000000000008D1 kernelFound=1
[u43] pass2 gsi=8 PROGRAMMED vector=0xD1 (legacy would be 0x70) rte=0x01000000000008D1 kernelFound=1
[u43] pass2 gsi=8 PROGRAMMED vector=0xD1 (legacy would be 0x70) rte=0x01000000000008D1 kernelFound=1
[u43] pass2 gsi=8 PROGRAMMED vector=0xD1 (legacy would be 0x70) rte=0x01000000000008D1 kernelFound=1
[u43] pass2 gsi=8 PROGRAMMED vector=0xD1 (legacy would be 0x70) rte=0x01000000000008D1 kernelFound=1
[u43] pass2 gsi=8 PROGRAMMED vector=0xD1 (legacy would be 0x70) rte=0x01000000000008D1 kernelFound=1
[u43] pass2 gsi=8 PROGRAMMED vector=0xD1 (legacy would be 0x70) rte=0x01000000000008D1 kernelFound=1
[u33] EDGE pass=2 exitCount=974349 (reset+140413) pool[0]: +0x08 0x0->0xFFFF828EEB402000 +0x10 0x0->0xFFFFAA0CB2800000 +0x08 INIT(null->set) +0x10 INIT(null->set)
[heartbeat: exitCount=975000 elapsedSec=55.7 lastPort=0xCF8 write=1 val=0xC]
[u43] pass2 gsi=8 PROGRAMMED vector=0xD1 (legacy would be 0x70) rte=0x01000000000008D1 kernelFound=1
[u43] pass2 gsi=8 PROGRAMMED vector=0xD1 (legacy would be 0x70) rte=0x01000000000008D1 kernelFound=1
[u43] pass2 gsi=8 PROGRAMMED vector=0xD1 (legacy would be 0x70) rte=0x01000000000008D1 kernelFound=1
[u43] pass2 gsi=8 PROGRAMMED vector=0xD1 (legacy would be 0x70) rte=0x01000000000008D1 kernelFound=1
[u43] pass2 gsi=8 PROGRAMMED vector=0xD1 (legacy would be 0x70) rte=0x01000000000008D1 kernelFound=1
[heartbeat: exitCount=980000 elapsedSec=55.8 lastPort=0xCFC write=0 val=0xC]
[u43] pass2 gsi=8 PROGRAMMED vector=0xD1 (legacy would be 0x70) rte=0x01000000000008D1 kernelFound=1
[u43] pass2 gsi=8 PROGRAMMED vector=0xD1 (legacy would be 0x70) rte=0x01000000000008D1 kernelFound=1
[u43] pass2 gsi=8 PROGRAMMED vector=0xD1 (legacy would be 0x70) rte=0x01000000000008D1 kernelFound=1
[u43] pass2 gsi=8 PROGRAMMED vector=0xD1 (legacy would be 0x70) rte=0x01000000000008D1 kernelFound=1
[heartbeat: exitCount=985000 elapsedSec=55.9 lastPort=0xCFC write=0 val=0xC]
[u43] pass2 gsi=8 PROGRAMMED vector=0xD1 (legacy would be 0x70) rte=0x01000000000008D1 kernelFound=1
[u43] pass2 gsi=8 PROGRAMMED vector=0xD1 (legacy would be 0x70) rte=0x01000000000008D1 kernelFound=1
[u43] pass2 gsi=8 PROGRAMMED vector=0xD1 (legacy would be 0x70) rte=0x01000000000008D1 kernelFound=1
[heartbeat: exitCount=990000 elapsedSec=55.9 lastPort=0xCFC write=0 val=0xC]
[heartbeat: exitCount=995000 elapsedSec=56.0 lastPort=0xCFC write=0 val=0xC]
[cmos-ab] write reg=0x0B value=0x02 (RegA=0x25 RegB=0x02, PIE=0)
[cmos-ab] write reg=0x0B value=0x02 (RegA=0x25 RegB=0x02, PIE=0)
[ioapic-rte] controller id=1 entry=8 reg=0x21 value=0x01000000 -> full RTE now 0x01000000000008D1 (vector=0xD1 masked=0)
[ioapic-rte] controller id=1 entry=8 reg=0x20 value=0x000008D1 -> full RTE now 0x01000000000008D1 (vector=0xD1 masked=0)
[cmos-ab] write reg=0x0B value=0x42 (RegA=0x25 RegB=0x42, PIE=1)
[heartbeat: exitCount=1000000 elapsedSec=56.1 lastPort=0xB008 write=0 val=0x9]
[u40] === RIP histogram pass 2 (periodic): 16600 samples, base=0xFFFFF80137600000 ===
[u40]     8679  page 0xBEA03000
[u40]     1649  page 0x1DD9000
[u40]     1642  page 0xFFFFF801379BD000  = base+0x3BD000
[u40]     1128  page 0xBF14E000
[u40]     1065  page 0xFFFFF80137965000  = base+0x365000
[u40]      821  page 0xFFFFF801379BC000  = base+0x3BC000
[u40]      509  page 0xBFC50000
[u40]      395  page 0xBFD68000
[u40]      203  page 0xBE422000
[u40]      165  page 0xBF16B000
[u40]      136  page 0xBF174000
[u40]      119  page 0xBF14F000
[u40]       26  page 0xFFFFF801379A5000  = base+0x3A5000
[u40]       15  page 0xBE41C000
[u40]       12  page 0x848000
[u40]        7  page 0x83D000
[u40]        4  page 0xFFFFF80137ACC000  = base+0x4CC000
[u40]        2  page 0xBFF78000
[u40]   most recent 256 samples (newest last):
[u40]     FFFFF801379BC3C4@997441 FFFFF801379BD386@997451 FFFFF801379BD395@997461 FFFFF801379BC3C4@997471 FFFFF801379BD386@997481 FFFFF801379BD395@997491 FFFFF801379BC3C4@997501 FFFFF801379BD386@997511 FFFFF801379BD395@997521 FFFFF801379BC3C4@997531 FFFFF801379BD386@997541 FFFFF801379BD395@997551 FFFFF801379BC3C4@997561 FFFFF801379BD386@997571 FFFFF801379BD395@997581 FFFFF801379BC3C4@997591 FFFFF801379BD386@997601 FFFFF801379BD395@997611 FFFFF801379BC3C4@997621 FFFFF801379BD386@997631 FFFFF8013797D5EC@997641 FFFFF801379652E7@997651 FFFFF80137965444@997661 FFFFF80137965444@997671 FFFFF80137946E45@997681 FFFFF80137946F07@997691 FFFFF80137965444@997701 FFFFF80137965444@997711 FFFFF80137965444@997721 FFFFF80137965444@997731 FFFFF80137965444@997741 FFFFF80137965444@997751 FFFFF80137965444@997761 FFFFF80137965444@997771 FFFFF80137965444@997781 FFFFF80137965444@997791 FFFFF80137965444@997801 FFFFF80137965444@997811 FFFFF80137965444@997821 FFFFF80137965444@997831 FFFFF80137965444@997841 FFFFF80137965444@997851 FFFFF80137965444@997861 FFFFF80137965444@997871 FFFFF80137965444@997881 FFFFF80137965444@997891 FFFFF80137965444@997901 FFFFF80137965444@997911 FFFFF80137965444@997921 FFFFF80137965444@997931 FFFFF80137965444@997941 FFFFF80137965444@997951 FFFFF80137965444@997961 FFFFF80137965444@997971 FFFFF80137965444@997981 FFFFF80137965444@997991 FFFFF80137965444@998001 FFFFF80137965444@998011 FFFFF80137965444@998021 FFFFF80137965444@998031 FFFFF80137965444@998041 FFFFF80137965444@998051 FFFFF80137965444@998061 FFFFF80137965444@998071 FFFFF80137965444@998081 FFFFF80137965444@998091 FFFFF80137965444@998101 FFFFF80137965444@998111 FFFFF80137965444@998121 FFFFF80137965444@998131 FFFFF80137965444@998141 FFFFF80137965444@998151 FFFFF80137965444@998161 FFFFF80137965444@998171 FFFFF80137965444@998181 FFFFF80137965444@998191 FFFFF80137965444@998201 FFFFF80137965444@998211 FFFFF80137965444@998221 FFFFF80137965444@998231 FFFFF80137965444@998241 FFFFF80137965444@998251 FFFFF80137965444@998261 FFFFF80137965444@998271 FFFFF80137965444@998281 FFFFF80137965444@998291 FFFFF80137965444@998301 FFFFF80137965444@998311 FFFFF80137965444@998321 FFFFF80137965444@998331 FFFFF80137965444@998341 FFFFF80137965444@998351 FFFFF80137965444@998361 FFFFF80137965444@998371 FFFFF80137965444@998381 FFFFF80137965444@998391 FFFFF80137965444@998401 FFFFF80137965444@998411 FFFFF80137965444@998421 FFFFF80137965444@998431 FFFFF80137965444@998441 FFFFF80137965444@998451 FFFFF80137965444@998461 FFFFF80137965444@998471 FFFFF80137965444@998481 FFFFF80137965444@998491 FFFFF80137965444@998501 FFFFF80137965444@998511 FFFFF80137965444@998521 FFFFF80137965444@998531 FFFFF80137965444@998541 FFFFF80137965444@998551 FFFFF80137965444@998561 FFFFF80137965444@998571 FFFFF80137965444@998581 FFFFF80137965444@998591 FFFFF80137965444@998601 FFFFF80137965444@998611 FFFFF80137965444@998621 FFFFF80137965444@998631 FFFFF80137965444@998641 FFFFF80137965444@998651 FFFFF80137965444@998661 FFFFF80137965444@998671 FFFFF80137965444@998681 FFFFF80137965444@998691 FFFFF80137965444@998701 FFFFF80137965444@998711 FFFFF80137965444@998721 FFFFF80137965444@998731 FFFFF80137965444@998741 FFFFF80137965444@998751 FFFFF80137965444@998761 FFFFF80137965444@998771 FFFFF80137965444@998781 FFFFF80137965444@998791 FFFFF80137965444@998801 FFFFF80137965444@998811 FFFFF80137965444@998821 FFFFF80137965444@998831 FFFFF80137965444@998841 FFFFF80137965444@998851 FFFFF80137965444@998861 FFFFF80137965444@998871 FFFFF80137965444@998881 FFFFF80137965444@998891 FFFFF80137965444@998901 FFFFF80137965444@998911 FFFFF80137965444@998921 FFFFF80137965444@998931 FFFFF80137965444@998941 FFFFF80137965444@998951 FFFFF80137965444@998961 FFFFF80137965444@998971 FFFFF80137965444@998981 FFFFF80137965444@998991 FFFFF80137965444@999001 FFFFF80137965444@999011 FFFFF80137965444@999021 FFFFF80137965444@999031 FFFFF80137965444@999041 FFFFF80137965444@999051 FFFFF80137965444@999061 FFFFF80137965444@999071 FFFFF80137965444@999081 FFFFF80137965444@999091 FFFFF80137965444@999101 FFFFF80137965444@999111 FFFFF80137965444@999121 FFFFF80137965444@999131 FFFFF80137965444@999141 FFFFF80137965444@999151 FFFFF80137965444@999161 FFFFF80137965444@999171 FFFFF80137965444@999181 FFFFF80137965444@999191 FFFFF80137965444@999201 FFFFF80137965444@999211 FFFFF80137965444@999221 FFFFF80137965444@999231 FFFFF80137965444@999241 FFFFF80137965444@999251 FFFFF80137965444@999261 FFFFF80137965444@999271 FFFFF80137965444@999281 FFFFF80137965444@999291 FFFFF80137965444@999301 FFFFF80137965444@999311 FFFFF80137965444@999321 FFFFF80137965444@999331 FFFFF80137965444@999341 FFFFF80137965444@999351 FFFFF80137965444@999361 FFFFF80137965444@999371 FFFFF80137965444@999381 FFFFF80137965444@999391 FFFFF80137965444@999401 FFFFF80137965444@999411 FFFFF80137965444@999421 FFFFF80137965444@999431 FFFFF80137965444@999441 FFFFF80137965444@999451 FFFFF80137965444@999461 FFFFF80137965444@999471 FFFFF80137965444@999481 FFFFF80137965444@999491 FFFFF80137965444@999501 FFFFF80137965444@999511 FFFFF80137965444@999521 FFFFF80137965444@999531 FFFFF80137965444@999541 FFFFF80137965444@999551 FFFFF80137965444@999561 FFFFF80137965444@999571 FFFFF80137965444@999581 FFFFF80137965444@999591 FFFFF80137965444@999601 FFFFF80137965444@999611 FFFFF80137965444@999621 FFFFF80137965444@999631 FFFFF80137965444@999641 FFFFF80137965444@999651 FFFFF80137965444@999661 FFFFF80137965444@999671 FFFFF80137965444@999681 FFFFF80137965444@999691 FFFFF80137965444@999701 FFFFF80137965444@999711 FFFFF80137965444@999721 FFFFF80137965444@999731 FFFFF80137965444@999741 FFFFF80137965444@999751 FFFFF80137965444@999761 FFFFF80137965444@999771 FFFFF80137965444@999781 FFFFF80137965444@999791 FFFFF80137965444@999801 FFFFF80137965444@999811 FFFFF80137965444@999821 FFFFF80137965444@999831 FFFFF80137965444@999841 FFFFF80137965444@999851 FFFFF80137965444@999861 FFFFF80137965444@999871 FFFFF80137965444@999881 FFFFF80137965444@999891 FFFFF80137965444@999901 FFFFF80137965444@999911 FFFFF80137965444@999921 FFFFF80137965444@999931 FFFFF80137965444@999941 FFFFF80137965444@999951 FFFFF80137965444@999961 FFFFF80137965444@999971 FFFFF80137965444@999981 FFFFF80137965444@999991
[heartbeat: exitCount=1005000 elapsedSec=56.1 lastPort=0xB008 write=0 val=0x9]

[BUGCHECK] hit #1: KeBugCheckEx code=0xA5 p1=0x11 p2=0x3 p3=0x0 exitCount=1009273
[BUGCHECK]   p4=0x0  caller(return)=0xFFFFF8013CBC0454[kerneldiag] candidate address 0xFFFFF8013CBC0454 resolves to module base 0xFFFFF8013CB00000 (+0xC0454 into it)
[kerneldiag] debug directory: type=2 codeViewRva=0x73F3C
[kerneldiag] module PDB name: acpi.pdb guid=662B8231-E47D-1FF9-F7E8C8FD1B44A572 age=1
  (base 0xFFFFF8013CB00000 RVA 0xC0454)
[BUGCHECK]   stack (canonical kernel qwords):
[BUGCHECK]     [rsp+0x00]=0xFFFFF8013CBC0454[kerneldiag] candidate address 0xFFFFF8013CBC0454 resolves to module base 0xFFFFF8013CB00000 (+0xC0454 into it)
[kerneldiag] debug directory: type=2 codeViewRva=0x73F3C
[kerneldiag] module PDB name: acpi.pdb guid=662B8231-E47D-1FF9-F7E8C8FD1B44A572 age=1
  (RVA 0xC0454)
[BUGCHECK]     [rsp+0x10]=0xFFFFF8013CB701CA[kerneldiag] candidate address 0xFFFFF8013CB701CA resolves to module base 0xFFFFF8013CB00000 (+0x701CA into it)
[kerneldiag] debug directory: type=2 codeViewRva=0x73F3C
[kerneldiag] module PDB name: acpi.pdb guid=662B8231-E47D-1FF9-F7E8C8FD1B44A572 age=1
  (RVA 0x701CA)
[BUGCHECK]     [rsp+0x18]=0xFFFF828EEBA849A0[kerneldiag] no PE header found scanning VA back from 0xFFFF828EEBA849A0

[BUGCHECK]     [rsp+0x20]=0xFFFF828EEBA7EDA0[kerneldiag] no PE header found scanning VA back from 0xFFFF828EEBA7EDA0

[BUGCHECK]     [rsp+0x30]=0xFFFFF801C0140019[kerneldiag] no PE header found scanning VA back from 0xFFFFF801C0140019

[heartbeat: exitCount=1010000 elapsedSec=56.6 lastPort=0xB008 write=0 val=0xC]
[heartbeat: exitCount=1015000 elapsedSec=56.7 lastPort=0xB008 write=0 val=0xC]
[heartbeat: exitCount=1020000 elapsedSec=56.8 lastPort=0xB008 write=0 val=0xC]
[heartbeat: exitCount=1025000 elapsedSec=56.8 lastPort=0xB008 write=0 val=0xC]
[heartbeat: exitCount=1030000 elapsedSec=56.9 lastPort=0xB008 write=0 val=0xC]
[heartbeat: exitCount=1035000 elapsedSec=57.0 lastPort=0xB008 write=0 val=0xC]
[heartbeat: exitCount=1040000 elapsedSec=57.0 lastPort=0xB008 write=0 val=0xC]
[heartbeat: exitCount=1045000 elapsedSec=57.1 lastPort=0xB008 write=0 val=0xC]
[heartbeat: exitCount=1050000 elapsedSec=57.2 lastPort=0xB008 write=0 val=0xC]
[heartbeat: exitCount=1055000 elapsedSec=57.3 lastPort=0xB008 write=0 val=0xC]
[heartbeat: exitCount=1060000 elapsedSec=57.4 lastPort=0xB008 write=0 val=0xC]
[heartbeat: exitCount=1065000 elapsedSec=57.4 lastPort=0xB008 write=0 val=0xC]
[heartbeat: exitCount=1070000 elapsedSec=57.5 lastPort=0xB008 write=0 val=0xC]
[heartbeat: exitCount=1075000 elapsedSec=57.6 lastPort=0xB008 write=0 val=0xC]
[heartbeat: exitCount=1080000 elapsedSec=57.6 lastPort=0xB008 write=0 val=0xC]
[heartbeat: exitCount=1085000 elapsedSec=57.7 lastPort=0xB008 write=0 val=0xC]
[heartbeat: exitCount=1090000 elapsedSec=57.8 lastPort=0xB008 write=0 val=0xC]
[heartbeat: exitCount=1095000 elapsedSec=57.9 lastPort=0xB008 write=0 val=0xC]
[heartbeat: exitCount=1100000 elapsedSec=57.9 lastPort=0xB008 write=0 val=0xC]
[heartbeat: exitCount=1105000 elapsedSec=58.0 lastPort=0xB008 write=0 val=0xC]
[heartbeat: exitCount=1110000 elapsedSec=58.1 lastPort=0xB008 write=0 val=0xC]
[heartbeat: exitCount=1115000 elapsedSec=58.1 lastPort=0xB008 write=0 val=0xC]
[heartbeat: exitCount=1120000 elapsedSec=58.2 lastPort=0xB008 write=0 val=0xC]
[heartbeat: exitCount=1125000 elapsedSec=58.3 lastPort=0xB008 write=0 val=0xC]
[heartbeat: exitCount=1130000 elapsedSec=58.4 lastPort=0xB008 write=0 val=0xC]
[heartbeat: exitCount=1135000 elapsedSec=58.4 lastPort=0xB008 write=0 val=0xC]
[heartbeat: exitCount=1140000 elapsedSec=58.5 lastPort=0xB008 write=0 val=0xC]
[heartbeat: exitCount=1145000 elapsedSec=58.6 lastPort=0xB008 write=0 val=0xC]
[heartbeat: exitCount=1150000 elapsedSec=58.6 lastPort=0xB008 write=0 val=0xC]
[heartbeat: exitCount=1155000 elapsedSec=58.7 lastPort=0xB008 write=0 val=0xC]
[heartbeat: exitCount=1160000 elapsedSec=58.8 lastPort=0xB008 write=0 val=0xC]
[heartbeat: exitCount=1165000 elapsedSec=58.9 lastPort=0xB008 write=0 val=0xC]
[heartbeat: exitCount=1170000 elapsedSec=58.9 lastPort=0xB008 write=0 val=0xC]
[heartbeat: exitCount=1175000 elapsedSec=59.0 lastPort=0xB008 write=0 val=0xC]
[heartbeat: exitCount=1180000 elapsedSec=59.1 lastPort=0xB008 write=0 val=0xC]
[heartbeat: exitCount=1185000 elapsedSec=59.1 lastPort=0xB008 write=0 val=0xC]
[heartbeat: exitCount=1190000 elapsedSec=59.2 lastPort=0xB008 write=0 val=0xC]
[heartbeat: exitCount=1195000 elapsedSec=59.3 lastPort=0xB008 write=0 val=0xC]
[heartbeat: exitCount=1200000 elapsedSec=59.4 lastPort=0xB008 write=0 val=0xC]
[heartbeat: exitCount=1205000 elapsedSec=59.4 lastPort=0xB008 write=0 val=0xC]
[heartbeat: exitCount=1210000 elapsedSec=59.5 lastPort=0xB008 write=0 val=0xC]
[heartbeat: exitCount=1215000 elapsedSec=59.6 lastPort=0xB008 write=0 val=0xC]
[rtc-diag] tick #1000 SKIPPED (interrupts disabled), skippedTotal=853 firedTotal=147
[heartbeat: exitCount=1220000 elapsedSec=59.7 lastPort=0xB008 write=0 val=0xC]
[heartbeat: exitCount=1225000 elapsedSec=59.7 lastPort=0xB008 write=0 val=0xC]
[heartbeat: exitCount=1230000 elapsedSec=59.8 lastPort=0xB008 write=0 val=0xC]
[heartbeat: exitCount=1235000 elapsedSec=59.9 lastPort=0xB008 write=0 val=0xC]
[heartbeat: exitCount=1240000 elapsedSec=59.9 lastPort=0xB008 write=0 val=0xC]
[heartbeat: exitCount=1245000 elapsedSec=60.0 lastPort=0xB008 write=0 val=0xC]
[heartbeat: exitCount=1250000 elapsedSec=60.1 lastPort=0xB008 write=0 val=0xC]
[u40] === RIP histogram pass 2 (periodic): 41600 samples, base=0xFFFFF80137600000 ===
[u40]    25910  page 0xFFFFF80137965000  = base+0x365000
[u40]     8679  page 0xBEA03000
[u40]     1649  page 0x1DD9000
[u40]     1642  page 0xFFFFF801379BD000  = base+0x3BD000
[u40]     1128  page 0xBF14E000
[u40]      826  page 0xFFFFF801379BC000  = base+0x3BC000
[u40]      509  page 0xBFC50000
[u40]      395  page 0xBFD68000
[u40]      203  page 0xBE422000
[u40]      165  page 0xBF16B000
[u40]      151  page 0xFFFFF80137ACC000  = base+0x4CC000
[u40]      136  page 0xBF174000
[u40]      119  page 0xBF14F000
[u40]       26  page 0xFFFFF801379A5000  = base+0x3A5000
[u40]       15  page 0xBE41C000
[u40]       12  page 0x848000
[u40]        7  page 0x83D000
[u40]        2  page 0xFFFFF801379AD000  = base+0x3AD000
[u40]   most recent 256 samples (newest last):
[u40]     FFFFF80137965444@1247441 FFFFF80137965444@1247451 FFFFF80137965444@1247461 FFFFF80137965444@1247471 FFFFF80137965444@1247481 FFFFF80137965444@1247491 FFFFF80137965444@1247501 FFFFF80137965444@1247511 FFFFF80137965444@1247521 FFFFF80137965444@1247531 FFFFF80137965444@1247541 FFFFF80137965444@1247551 FFFFF80137965444@1247561 FFFFF80137965444@1247571 FFFFF80137965444@1247581 FFFFF80137965444@1247591 FFFFF80137965444@1247601 FFFFF80137965444@1247611 FFFFF80137965444@1247621 FFFFF80137965444@1247631 FFFFF80137965444@1247641 FFFFF80137965444@1247651 FFFFF80137965444@1247661 FFFFF80137965444@1247671 FFFFF80137965444@1247681 FFFFF80137965444@1247691 FFFFF80137965444@1247701 FFFFF80137965444@1247711 FFFFF80137965444@1247721 FFFFF80137965444@1247731 FFFFF80137965444@1247741 FFFFF80137965444@1247751 FFFFF80137965444@1247761 FFFFF80137965444@1247771 FFFFF80137965444@1247781 FFFFF80137965444@1247791 FFFFF80137965444@1247801 FFFFF80137965444@1247811 FFFFF80137965444@1247821 FFFFF80137965444@1247831 FFFFF80137965444@1247841 FFFFF80137965444@1247851 FFFFF80137965444@1247861 FFFFF80137965444@1247871 FFFFF80137965444@1247881 FFFFF80137965444@1247891 FFFFF80137965444@1247901 FFFFF80137965444@1247911 FFFFF80137965444@1247921 FFFFF80137965444@1247931 FFFFF80137965444@1247941 FFFFF80137965444@1247951 FFFFF80137965444@1247961 FFFFF80137965444@1247971 FFFFF80137965444@1247981 FFFFF80137965444@1247991 FFFFF80137965444@1248001 FFFFF80137965444@1248011 FFFFF80137965444@1248021 FFFFF80137965444@1248031 FFFFF80137965444@1248041 FFFFF80137965444@1248051 FFFFF80137965444@1248061 FFFFF80137965444@1248071 FFFFF80137965444@1248081 FFFFF80137965444@1248091 FFFFF80137965444@1248101 FFFFF80137965444@1248111 FFFFF80137965444@1248121 FFFFF80137965444@1248131 FFFFF80137965444@1248141 FFFFF80137965444@1248151 FFFFF80137965444@1248161 FFFFF80137965444@1248171 FFFFF80137965444@1248181 FFFFF80137965444@1248191 FFFFF80137965444@1248201 FFFFF80137965444@1248211 FFFFF80137965444@1248221 FFFFF80137965444@1248231 FFFFF80137965444@1248241 FFFFF80137965444@1248251 FFFFF80137965444@1248261 FFFFF80137965444@1248271 FFFFF80137965444@1248281 FFFFF80137965444@1248291 FFFFF80137965444@1248301 FFFFF80137965444@1248311 FFFFF80137965444@1248321 FFFFF80137965444@1248331 FFFFF80137965444@1248341 FFFFF80137965444@1248351 FFFFF80137965444@1248361 FFFFF80137965444@1248371 FFFFF80137965444@1248381 FFFFF80137965444@1248391 FFFFF80137965444@1248401 FFFFF80137965444@1248411 FFFFF80137965444@1248421 FFFFF80137965444@1248431 FFFFF80137965444@1248441 FFFFF80137965444@1248451 FFFFF80137965444@1248461 FFFFF80137965444@1248471 FFFFF80137965444@1248481 FFFFF80137965444@1248491 FFFFF80137965444@1248501 FFFFF80137965444@1248511 FFFFF80137965444@1248521 FFFFF80137965444@1248531 FFFFF80137965444@1248541 FFFFF80137965444@1248551 FFFFF80137965444@1248561 FFFFF80137965444@1248571 FFFFF80137965444@1248581 FFFFF80137965444@1248591 FFFFF80137965444@1248601 FFFFF80137965444@1248611 FFFFF80137965444@1248621 FFFFF80137965444@1248631 FFFFF80137965444@1248641 FFFFF80137965444@1248651 FFFFF80137965444@1248661 FFFFF80137965444@1248671 FFFFF80137965444@1248681 FFFFF80137965444@1248691 FFFFF80137965444@1248701 FFFFF80137965444@1248711 FFFFF80137965444@1248721 FFFFF80137965444@1248731 FFFFF80137965444@1248741 FFFFF80137965444@1248751 FFFFF80137965444@1248761 FFFFF80137965444@1248771 FFFFF80137965444@1248781 FFFFF80137965444@1248791 FFFFF80137965444@1248801 FFFFF80137965444@1248811 FFFFF80137965444@1248821 FFFFF80137965444@1248831 FFFFF80137965444@1248841 FFFFF80137965444@1248851 FFFFF80137965444@1248861 FFFFF80137965444@1248871 FFFFF80137965444@1248881 FFFFF80137965444@1248891 FFFFF80137965444@1248901 FFFFF80137965444@1248911 FFFFF80137965444@1248921 FFFFF80137965444@1248931 FFFFF80137965444@1248941 FFFFF80137965444@1248951 FFFFF80137965444@1248961 FFFFF80137965444@1248971 FFFFF80137965444@1248981 FFFFF80137965444@1248991 FFFFF80137965444@1249001 FFFFF80137965444@1249011 FFFFF80137965444@1249021 FFFFF80137965444@1249031 FFFFF80137965444@1249041 FFFFF80137965444@1249051 FFFFF80137965444@1249061 FFFFF80137965444@1249071 FFFFF80137965444@1249081 FFFFF80137965444@1249091 FFFFF80137965444@1249101 FFFFF80137965444@1249111 FFFFF80137965444@1249121 FFFFF80137965444@1249131 FFFFF80137965444@1249141 FFFFF80137965444@1249151 FFFFF80137965444@1249161 FFFFF80137965444@1249171 FFFFF80137965444@1249181 FFFFF80137965444@1249191 FFFFF80137965444@1249201 FFFFF80137965444@1249211 FFFFF80137965444@1249221 FFFFF80137965444@1249231 FFFFF80137965444@1249241 FFFFF80137965444@1249251 FFFFF80137965444@1249261 FFFFF80137965444@1249271 FFFFF80137965444@1249281 FFFFF80137965444@1249291 FFFFF80137965444@1249301 FFFFF80137965444@1249311 FFFFF80137965444@1249321 FFFFF80137965444@1249331 FFFFF80137965444@1249341 FFFFF80137965444@1249351 FFFFF80137965444@1249361 FFFFF80137965444@1249371 FFFFF80137965444@1249381 FFFFF80137965444@1249391 FFFFF80137965444@1249401 FFFFF80137965444@1249411 FFFFF80137965444@1249421 FFFFF80137965444@1249431 FFFFF80137965444@1249441 FFFFF80137965444@1249451 FFFFF80137965444@1249461 FFFFF80137965444@1249471 FFFFF80137965444@1249481 FFFFF80137965444@1249491 FFFFF80137965444@1249501 FFFFF80137965444@1249511 FFFFF80137965444@1249521 FFFFF80137965444@1249531 FFFFF80137965444@1249541 FFFFF80137965444@1249551 FFFFF80137965444@1249561 FFFFF80137965444@1249571 FFFFF80137965444@1249581 FFFFF80137965444@1249591 FFFFF80137965444@1249601 FFFFF80137965444@1249611 FFFFF80137965444@1249621 FFFFF80137965444@1249631 FFFFF80137965444@1249641 FFFFF80137965444@1249651 FFFFF80137965444@1249661 FFFFF80137965444@1249671 FFFFF80137965444@1249681 FFFFF80137965444@1249691 FFFFF80137965444@1249701 FFFFF80137965444@1249711 FFFFF80137965444@1249721 FFFFF80137965444@1249731 FFFFF80137965444@1249741 FFFFF80137965444@1249751 FFFFF80137965444@1249761 FFFFF80137965444@1249771 FFFFF80137965444@1249781 FFFFF80137965444@1249791 FFFFF80137965444@1249801 FFFFF80137965444@1249811 FFFFF80137965444@1249821 FFFFF80137965444@1249831 FFFFF80137965444@1249841 FFFFF80137965444@1249851 FFFFF80137965444@1249861 FFFFF80137965444@1249871 FFFFF80137965444@1249881 FFFFF80137965444@1249891 FFFFF80137965444@1249901 FFFFF80137965444@1249911 FFFFF80137965444@1249921 FFFFF80137965444@1249931 FFFFF80137965444@1249941 FFFFF80137965444@1249951 FFFFF80137965444@1249961 FFFFF80137965444@1249971 FFFFF80137965444@1249981 FFFFF80137965444@1249991
[heartbeat: exitCount=1255000 elapsedSec=60.1 lastPort=0xB008 write=0 val=0xC]
[heartbeat: exitCount=1260000 elapsedSec=60.2 lastPort=0xB008 write=0 val=0xC]
[heartbeat: exitCount=1265000 elapsedSec=60.3 lastPort=0xB008 write=0 val=0xC]
[heartbeat: exitCount=1270000 elapsedSec=60.4 lastPort=0xB008 write=0 val=0xC]
[heartbeat: exitCount=1275000 elapsedSec=60.4 lastPort=0xB008 write=0 val=0xC]
[heartbeat: exitCount=1280000 elapsedSec=60.5 lastPort=0xB008 write=0 val=0xC]
[heartbeat: exitCount=1285000 elapsedSec=60.6 lastPort=0xB008 write=0 val=0xC]
[heartbeat: exitCount=1290000 elapsedSec=60.6 lastPort=0xB008 write=0 val=0xC]
[heartbeat: exitCount=1295000 elapsedSec=60.7 lastPort=0xB008 write=0 val=0xC]
[heartbeat: exitCount=1300000 elapsedSec=60.8 lastPort=0xB008 write=0 val=0xC]
[heartbeat: exitCount=1305000 elapsedSec=60.8 lastPort=0xB008 write=0 val=0xC]
[heartbeat: exitCount=1310000 elapsedSec=60.9 lastPort=0xB008 write=0 val=0xC]
[heartbeat: exitCount=1315000 elapsedSec=61.0 lastPort=0xB008 write=0 val=0xC]
[heartbeat: exitCount=1320000 elapsedSec=61.1 lastPort=0xB008 write=0 val=0xC]
[heartbeat: exitCount=1325000 elapsedSec=61.1 lastPort=0xB008 write=0 val=0xC]
[heartbeat: exitCount=1330000 elapsedSec=61.2 lastPort=0xB008 write=0 val=0xC]
[heartbeat: exitCount=1335000 elapsedSec=61.3 lastPort=0xB008 write=0 val=0xC]
[heartbeat: exitCount=1340000 elapsedSec=61.3 lastPort=0xB008 write=0 val=0xC]
[heartbeat: exitCount=1345000 elapsedSec=61.4 lastPort=0xB008 write=0 val=0xC]
[heartbeat: exitCount=1350000 elapsedSec=61.5 lastPort=0xB008 write=0 val=0xC]
[heartbeat: exitCount=1355000 elapsedSec=61.5 lastPort=0xB008 write=0 val=0xC]
[heartbeat: exitCount=1360000 elapsedSec=61.6 lastPort=0xB008 write=0 val=0xC]
[heartbeat: exitCount=1365000 elapsedSec=61.7 lastPort=0xB008 write=0 val=0xC]
[heartbeat: exitCount=1370000 elapsedSec=61.7 lastPort=0xB008 write=0 val=0xC]
[heartbeat: exitCount=1375000 elapsedSec=61.8 lastPort=0xB008 write=0 val=0xC]
[heartbeat: exitCount=1380000 elapsedSec=61.9 lastPort=0xB008 write=0 val=0xC]
[heartbeat: exitCount=1385000 elapsedSec=62.0 lastPort=0xB008 write=0 val=0xC]
[heartbeat: exitCount=1390000 elapsedSec=62.0 lastPort=0xB008 write=0 val=0xC]
[heartbeat: exitCount=1395000 elapsedSec=62.1 lastPort=0xB008 write=0 val=0xC]
[heartbeat: exitCount=1400000 elapsedSec=62.2 lastPort=0xB008 write=0 val=0xC]
[heartbeat: exitCount=1405000 elapsedSec=62.2 lastPort=0xB008 write=0 val=0xC]
[heartbeat: exitCount=1410000 elapsedSec=62.3 lastPort=0xB008 write=0 val=0xC]
[heartbeat: exitCount=1415000 elapsedSec=62.4 lastPort=0xB008 write=0 val=0xC]
[heartbeat: exitCount=1420000 elapsedSec=62.4 lastPort=0xB008 write=0 val=0xC]
[heartbeat: exitCount=1425000 elapsedSec=62.5 lastPort=0xB008 write=0 val=0xC]
[heartbeat: exitCount=1430000 elapsedSec=62.6 lastPort=0xB008 write=0 val=0xC]
[heartbeat: exitCount=1435000 elapsedSec=62.7 lastPort=0xB008 write=0 val=0xC]
[heartbeat: exitCount=1440000 elapsedSec=62.7 lastPort=0xB008 write=0 val=0xC]
[heartbeat: exitCount=1445000 elapsedSec=62.8 lastPort=0xB008 write=0 val=0xC]
[heartbeat: exitCount=1450000 elapsedSec=62.9 lastPort=0xB008 write=0 val=0xC]
[heartbeat: exitCount=1455000 elapsedSec=62.9 lastPort=0xB008 write=0 val=0xC]
[heartbeat: exitCount=1460000 elapsedSec=63.0 lastPort=0xB008 write=0 val=0xC]
[heartbeat: exitCount=1465000 elapsedSec=63.1 lastPort=0xB008 write=0 val=0xC]
[heartbeat: exitCount=1470000 elapsedSec=63.1 lastPort=0xB008 write=0 val=0xC]
[heartbeat: exitCount=1475000 elapsedSec=63.2 lastPort=0xB008 write=0 val=0xC]
[heartbeat: exitCount=1480000 elapsedSec=63.3 lastPort=0xB008 write=0 val=0xC]
[heartbeat: exitCount=1485000 elapsedSec=63.4 lastPort=0xB008 write=0 val=0xC]
[heartbeat: exitCount=1490000 elapsedSec=63.5 lastPort=0xB008 write=0 val=0xC]
[heartbeat: exitCount=1495000 elapsedSec=63.5 lastPort=0xB008 write=0 val=0xC]
[heartbeat: exitCount=1500000 elapsedSec=63.6 lastPort=0xB008 write=0 val=0xC]
[u40] === RIP histogram pass 2 (periodic): 66600 samples, base=0xFFFFF80137600000 ===
[u40]    50910  page 0xFFFFF80137965000  = base+0x365000
[u40]     8679  page 0xBEA03000
[u40]     1649  page 0x1DD9000
[u40]     1642  page 0xFFFFF801379BD000  = base+0x3BD000
[u40]     1128  page 0xBF14E000
[u40]      826  page 0xFFFFF801379BC000  = base+0x3BC000
[u40]      509  page 0xBFC50000
[u40]      395  page 0xBFD68000
[u40]      203  page 0xBE422000
[u40]      165  page 0xBF16B000
[u40]      151  page 0xFFFFF80137ACC000  = base+0x4CC000
[u40]      136  page 0xBF174000
[u40]      119  page 0xBF14F000
[u40]       26  page 0xFFFFF801379A5000  = base+0x3A5000
[u40]       15  page 0xBE41C000
[u40]       12  page 0x848000
[u40]        7  page 0x83D000
[u40]        2  page 0xFFFFF801379AD000  = base+0x3AD000
[u40]   most recent 256 samples (newest last):
[u40]     FFFFF80137965444@1497441 FFFFF80137965444@1497451 FFFFF80137965444@1497461 FFFFF80137965444@1497471 FFFFF80137965444@1497481 FFFFF80137965444@1497491 FFFFF80137965444@1497501 FFFFF80137965444@1497511 FFFFF80137965444@1497521 FFFFF80137965444@1497531 FFFFF80137965444@1497541 FFFFF80137965444@1497551 FFFFF80137965444@1497561 FFFFF80137965444@1497571 FFFFF80137965444@1497581 FFFFF80137965444@1497591 FFFFF80137965444@1497601 FFFFF80137965444@1497611 FFFFF80137965444@1497621 FFFFF80137965444@1497631 FFFFF80137965444@1497641 FFFFF80137965444@1497651 FFFFF80137965444@1497661 FFFFF80137965444@1497671 FFFFF80137965444@1497681 FFFFF80137965444@1497691 FFFFF80137965444@1497701 FFFFF80137965444@1497711 FFFFF80137965444@1497721 FFFFF80137965444@1497731 FFFFF80137965444@1497741 FFFFF80137965444@1497751 FFFFF80137965444@1497761 FFFFF80137965444@1497771 FFFFF80137965444@1497781 FFFFF80137965444@1497791 FFFFF80137965444@1497801 FFFFF80137965444@1497811 FFFFF80137965444@1497821 FFFFF80137965444@1497831 FFFFF80137965444@1497841 FFFFF80137965444@1497851 FFFFF80137965444@1497861 FFFFF80137965444@1497871 FFFFF80137965444@1497881 FFFFF80137965444@1497891 FFFFF80137965444@1497901 FFFFF80137965444@1497911 FFFFF80137965444@1497921 FFFFF80137965444@1497931 FFFFF80137965444@1497941 FFFFF80137965444@1497951 FFFFF80137965444@1497961 FFFFF80137965444@1497971 FFFFF80137965444@1497981 FFFFF80137965444@1497991 FFFFF80137965444@1498001 FFFFF80137965444@1498011 FFFFF80137965444@1498021 FFFFF80137965444@1498031 FFFFF80137965444@1498041 FFFFF80137965444@1498051 FFFFF80137965444@1498061 FFFFF80137965444@1498071 FFFFF80137965444@1498081 FFFFF80137965444@1498091 FFFFF80137965444@1498101 FFFFF80137965444@1498111 FFFFF80137965444@1498121 FFFFF80137965444@1498131 FFFFF80137965444@1498141 FFFFF80137965444@1498151 FFFFF80137965444@1498161 FFFFF80137965444@1498171 FFFFF80137965444@1498181 FFFFF80137965444@1498191 FFFFF80137965444@1498201 FFFFF80137965444@1498211 FFFFF80137965444@1498221 FFFFF80137965444@1498231 FFFFF80137965444@1498241 FFFFF80137965444@1498251 FFFFF80137965444@1498261 FFFFF80137965444@1498271 FFFFF80137965444@1498281 FFFFF80137965444@1498291 FFFFF80137965444@1498301 FFFFF80137965444@1498311 FFFFF80137965444@1498321 FFFFF80137965444@1498331 FFFFF80137965444@1498341 FFFFF80137965444@1498351 FFFFF80137965444@1498361 FFFFF80137965444@1498371 FFFFF80137965444@1498381 FFFFF80137965444@1498391 FFFFF80137965444@1498401 FFFFF80137965444@1498411 FFFFF80137965444@1498421 FFFFF80137965444@1498431 FFFFF80137965444@1498441 FFFFF80137965444@1498451 FFFFF80137965444@1498461 FFFFF80137965444@1498471 FFFFF80137965444@1498481 FFFFF80137965444@1498491 FFFFF80137965444@1498501 FFFFF80137965444@1498511 FFFFF80137965444@1498521 FFFFF80137965444@1498531 FFFFF80137965444@1498541 FFFFF80137965444@1498551 FFFFF80137965444@1498561 FFFFF80137965444@1498571 FFFFF80137965444@1498581 FFFFF80137965444@1498591 FFFFF80137965444@1498601 FFFFF80137965444@1498611 FFFFF80137965444@1498621 FFFFF80137965444@1498631 FFFFF80137965444@1498641 FFFFF80137965444@1498651 FFFFF80137965444@1498661 FFFFF80137965444@1498671 FFFFF80137965444@1498681 FFFFF80137965444@1498691 FFFFF80137965444@1498701 FFFFF80137965444@1498711 FFFFF80137965444@1498721 FFFFF80137965444@1498731 FFFFF80137965444@1498741 FFFFF80137965444@1498751 FFFFF80137965444@1498761 FFFFF80137965444@1498771 FFFFF80137965444@1498781 FFFFF80137965444@1498791 FFFFF80137965444@1498801 FFFFF80137965444@1498811 FFFFF80137965444@1498821 FFFFF80137965444@1498831 FFFFF80137965444@1498841 FFFFF80137965444@1498851 FFFFF80137965444@1498861 FFFFF80137965444@1498871 FFFFF80137965444@1498881 FFFFF80137965444@1498891 FFFFF80137965444@1498901 FFFFF80137965444@1498911 FFFFF80137965444@1498921 FFFFF80137965444@1498931 FFFFF80137965444@1498941 FFFFF80137965444@1498951 FFFFF80137965444@1498961 FFFFF80137965444@1498971 FFFFF80137965444@1498981 FFFFF80137965444@1498991 FFFFF80137965444@1499001 FFFFF80137965444@1499011 FFFFF80137965444@1499021 FFFFF80137965444@1499031 FFFFF80137965444@1499041 FFFFF80137965444@1499051 FFFFF80137965444@1499061 FFFFF80137965444@1499071 FFFFF80137965444@1499081 FFFFF80137965444@1499091 FFFFF80137965444@1499101 FFFFF80137965444@1499111 FFFFF80137965444@1499121 FFFFF80137965444@1499131 FFFFF80137965444@1499141 FFFFF80137965444@1499151 FFFFF80137965444@1499161 FFFFF80137965444@1499171 FFFFF80137965444@1499181 FFFFF80137965444@1499191 FFFFF80137965444@1499201 FFFFF80137965444@1499211 FFFFF80137965444@1499221 FFFFF80137965444@1499231 FFFFF80137965444@1499241 FFFFF80137965444@1499251 FFFFF80137965444@1499261 FFFFF80137965444@1499271 FFFFF80137965444@1499281 FFFFF80137965444@1499291 FFFFF80137965444@1499301 FFFFF80137965444@1499311 FFFFF80137965444@1499321 FFFFF80137965444@1499331 FFFFF80137965444@1499341 FFFFF80137965444@1499351 FFFFF80137965444@1499361 FFFFF80137965444@1499371 FFFFF80137965444@1499381 FFFFF80137965444@1499391 FFFFF80137965444@1499401 FFFFF80137965444@1499411 FFFFF80137965444@1499421 FFFFF80137965444@1499431 FFFFF80137965444@1499441 FFFFF80137965444@1499451 FFFFF80137965444@1499461 FFFFF80137965444@1499471 FFFFF80137965444@1499481 FFFFF80137965444@1499491 FFFFF80137965444@1499501 FFFFF80137965444@1499511 FFFFF80137965444@1499521 FFFFF80137965444@1499531 FFFFF80137965444@1499541 FFFFF80137965444@1499551 FFFFF80137965444@1499561 FFFFF80137965444@1499571 FFFFF80137965444@1499581 FFFFF80137965444@1499591 FFFFF80137965444@1499601 FFFFF80137965444@1499611 FFFFF80137965444@1499621 FFFFF80137965444@1499631 FFFFF80137965444@1499641 FFFFF80137965444@1499651 FFFFF80137965444@1499661 FFFFF80137965444@1499671 FFFFF80137965444@1499681 FFFFF80137965444@1499691 FFFFF80137965444@1499701 FFFFF80137965444@1499711 FFFFF80137965444@1499721 FFFFF80137965444@1499731 FFFFF80137965444@1499741 FFFFF80137965444@1499751 FFFFF80137965444@1499761 FFFFF80137965444@1499771 FFFFF80137965444@1499781 FFFFF80137965444@1499791 FFFFF80137965444@1499801 FFFFF80137965444@1499811 FFFFF80137965444@1499821 FFFFF80137965444@1499831 FFFFF80137965444@1499841 FFFFF80137965444@1499851 FFFFF80137965444@1499861 FFFFF80137965444@1499871 FFFFF80137965444@1499881 FFFFF80137965444@1499891 FFFFF80137965444@1499901 FFFFF80137965444@1499911 FFFFF80137965444@1499921 FFFFF80137965444@1499931 FFFFF80137965444@1499941 FFFFF80137965444@1499951 FFFFF80137965444@1499961 FFFFF80137965444@1499971 FFFFF80137965444@1499981 FFFFF80137965444@1499991
[heartbeat: exitCount=1505000 elapsedSec=63.7 lastPort=0xB008 write=0 val=0xC]
[heartbeat: exitCount=1510000 elapsedSec=63.7 lastPort=0xB008 write=0 val=0xC]
[heartbeat: exitCount=1515000 elapsedSec=63.8 lastPort=0xB008 write=0 val=0xC]
[heartbeat: exitCount=1520000 elapsedSec=63.9 lastPort=0xB008 write=0 val=0xC]
[heartbeat: exitCount=1525000 elapsedSec=64.0 lastPort=0xB008 write=0 val=0xC]
[heartbeat: exitCount=1530000 elapsedSec=64.0 lastPort=0xB008 write=0 val=0xC]
[heartbeat: exitCount=1535000 elapsedSec=64.1 lastPort=0xB008 write=0 val=0xC]
[heartbeat: exitCount=1540000 elapsedSec=64.2 lastPort=0xB008 write=0 val=0xC]
[heartbeat: exitCount=1545000 elapsedSec=64.3 lastPort=0xB008 write=0 val=0xC]
[heartbeat: exitCount=1550000 elapsedSec=64.4 lastPort=0xB008 write=0 val=0xC]
[heartbeat: exitCount=1555000 elapsedSec=64.5 lastPort=0xB008 write=0 val=0xC]
[heartbeat: exitCount=1560000 elapsedSec=64.5 lastPort=0xB008 write=0 val=0xC]
[heartbeat: exitCount=1565000 elapsedSec=64.6 lastPort=0xB008 write=0 val=0xC]
[heartbeat: exitCount=1570000 elapsedSec=64.7 lastPort=0xB008 write=0 val=0xC]
[heartbeat: exitCount=1575000 elapsedSec=64.8 lastPort=0xB008 write=0 val=0xC]
[heartbeat: exitCount=1580000 elapsedSec=64.8 lastPort=0xB008 write=0 val=0xC]
[heartbeat: exitCount=1585000 elapsedSec=64.9 lastPort=0xB008 write=0 val=0xC]
[heartbeat: exitCount=1590000 elapsedSec=65.0 lastPort=0xB008 write=0 val=0xC]
[heartbeat: exitCount=1595000 elapsedSec=65.0 lastPort=0xB008 write=0 val=0xC]
[heartbeat: exitCount=1600000 elapsedSec=65.1 lastPort=0xB008 write=0 val=0xC]
[heartbeat: exitCount=1605000 elapsedSec=65.2 lastPort=0xB008 write=0 val=0xC]
[heartbeat: exitCount=1610000 elapsedSec=65.3 lastPort=0xB008 write=0 val=0xC]
[heartbeat: exitCount=1615000 elapsedSec=65.4 lastPort=0xB008 write=0 val=0xC]
[heartbeat: exitCount=1620000 elapsedSec=65.5 lastPort=0xB008 write=0 val=0xC]
[heartbeat: exitCount=1625000 elapsedSec=65.6 lastPort=0xB008 write=0 val=0xC]
[heartbeat: exitCount=1630000 elapsedSec=65.7 lastPort=0xB008 write=0 val=0xC]
[heartbeat: exitCount=1635000 elapsedSec=65.8 lastPort=0xB008 write=0 val=0xC]
[heartbeat: exitCount=1640000 elapsedSec=65.9 lastPort=0xB008 write=0 val=0xC]
[heartbeat: exitCount=1645000 elapsedSec=66.0 lastPort=0xB008 write=0 val=0xC]
[heartbeat: exitCount=1650000 elapsedSec=66.1 lastPort=0xB008 write=0 val=0xC]
[heartbeat: exitCount=1655000 elapsedSec=66.2 lastPort=0xB008 write=0 val=0xC]
[heartbeat: exitCount=1660000 elapsedSec=66.3 lastPort=0xB008 write=0 val=0xC]
[heartbeat: exitCount=1665000 elapsedSec=66.4 lastPort=0xB008 write=0 val=0xC]
[heartbeat: exitCount=1670000 elapsedSec=66.5 lastPort=0xB008 write=0 val=0xC]
[heartbeat: exitCount=1675000 elapsedSec=66.6 lastPort=0xB008 write=0 val=0xC]
[cmos-ab] write reg=0x0B value=0x02 (RegA=0x25 RegB=0x02, PIE=0)
[cmos-ab] write reg=0x0B value=0x02 (RegA=0x25 RegB=0x02, PIE=0)
[reset] port 0x64/0xFE keyboard-controller reset pulse honored -- vCPU restarted at reset vector (exitCount=1675013)
[u40] === RIP histogram pass 1 (end of pass 1, at reset): 8340 samples, base=0xFFFFF8003CA00000 ===
[u40]     6865  page 0xFFFFF8003CD65000  = base+0x365000
[u40]      693  page 0xBEA03000
[u40]      165  page 0x1DD9000
[u40]      164  page 0xFFFFF8003CDBD000  = base+0x3BD000
[u40]      106  page 0xBF14E000
[u40]       96  page 0xBE41C000
[u40]       81  page 0xFFFFF8003CDBC000  = base+0x3BC000
[u40]       44  page 0xBFC50000
[u40]       41  page 0xBFD68000
[u40]       20  page 0xBE422000
[u40]       18  page 0xBF14F000
[u40]       16  page 0xFFFFF8003CECC000  = base+0x4CC000
[u40]       12  page 0xBF16B000
[u40]       11  page 0xBF174000
[u40]        2  page 0xFFFFF8003CDA5000  = base+0x3A5000
[u40]        2  page 0x848000
[u40]        1  page 0xFFFFF8003CE02000  = base+0x402000
[u40]        1  page 0xBF1CC000
[u40]   most recent 256 samples (newest last):
[u40]     FFFFF8003CD65444@808401 FFFFF8003CD65444@808501 FFFFF8003CD65444@808601 FFFFF8003CD65444@808701 FFFFF8003CD65444@808801 FFFFF8003CD65444@808901 FFFFF8003CD65444@809001 FFFFF8003CD65444@809101 FFFFF8003CD65444@809201 FFFFF8003CD65444@809301 FFFFF8003CD65444@809401 FFFFF8003CD65444@809501 FFFFF8003CD65444@809601 FFFFF8003CD65444@809701 FFFFF8003CD65444@809801 FFFFF8003CD65444@809901 FFFFF8003CD65444@810001 FFFFF8003CD65444@810101 FFFFF8003CD65444@810201 FFFFF8003CD65444@810301 FFFFF8003CD65444@810401 FFFFF8003CD65444@810501 FFFFF8003CD65444@810601 FFFFF8003CD65444@810701 FFFFF8003CD65444@810801 FFFFF8003CD65444@810901 FFFFF8003CD65444@811001 FFFFF8003CD65444@811101 FFFFF8003CD65444@811201 FFFFF8003CD65444@811301 FFFFF8003CD65444@811401 FFFFF8003CD65444@811501 FFFFF8003CD65444@811601 FFFFF8003CD65444@811701 FFFFF8003CD65444@811801 FFFFF8003CD65444@811901 FFFFF8003CD65444@812001 FFFFF8003CD65444@812101 FFFFF8003CD65444@812201 FFFFF8003CD65444@812301 FFFFF8003CD65444@812401 FFFFF8003CD65444@812501 FFFFF8003CD65444@812601 FFFFF8003CD65444@812701 FFFFF8003CD65444@812801 FFFFF8003CD65444@812901 FFFFF8003CD65444@813001 FFFFF8003CD65444@813101 FFFFF8003CD65444@813201 FFFFF8003CD65444@813301 FFFFF8003CD65444@813401 FFFFF8003CD65444@813501 FFFFF8003CD65444@813601 FFFFF8003CD65444@813701 FFFFF8003CD65444@813801 FFFFF8003CD65444@813901 FFFFF8003CD65444@814001 FFFFF8003CD65444@814101 FFFFF8003CD65444@814201 FFFFF8003CD65444@814301 FFFFF8003CD65444@814401 FFFFF8003CD65444@814501 FFFFF8003CD65444@814601 FFFFF8003CD65444@814701 FFFFF8003CD65444@814801 FFFFF8003CD65444@814901 FFFFF8003CD65444@815001 FFFFF8003CD65444@815101 FFFFF8003CD65444@815201 FFFFF8003CD65444@815301 FFFFF8003CD65444@815401 FFFFF8003CD65444@815501 FFFFF8003CD65444@815601 FFFFF8003CD65444@815701 FFFFF8003CD65444@815801 FFFFF8003CD65444@815901 FFFFF8003CD65444@816001 FFFFF8003CD65444@816101 FFFFF8003CD65444@816201 FFFFF8003CD65444@816301 FFFFF8003CD65444@816401 FFFFF8003CD65444@816501 FFFFF8003CD65444@816601 FFFFF8003CD65444@816701 FFFFF8003CD65444@816801 FFFFF8003CD65444@816901 FFFFF8003CD65444@817001 FFFFF8003CD65444@817101 FFFFF8003CD65444@817201 FFFFF8003CD65444@817301 FFFFF8003CD65444@817401 FFFFF8003CD65444@817501 FFFFF8003CD65444@817601 FFFFF8003CD65444@817701 FFFFF8003CD65444@817801 FFFFF8003CD65444@817901 FFFFF8003CD65444@818001 FFFFF8003CD65444@818101 FFFFF8003CD65444@818201 FFFFF8003CD65444@818301 FFFFF8003CD65444@818401 FFFFF8003CD65444@818501 FFFFF8003CD65444@818601 FFFFF8003CD65444@818701 FFFFF8003CD65444@818801 FFFFF8003CD65444@818901 FFFFF8003CD65444@819001 FFFFF8003CD65444@819101 FFFFF8003CD65444@819201 FFFFF8003CD65444@819301 FFFFF8003CD65444@819401 FFFFF8003CD65444@819501 FFFFF8003CD65444@819601 FFFFF8003CD65444@819701 FFFFF8003CD65444@819801 FFFFF8003CD65444@819901 FFFFF8003CD65444@820001 FFFFF8003CD65444@820101 FFFFF8003CD65444@820201 FFFFF8003CD65444@820301 FFFFF8003CD65444@820401 FFFFF8003CD65444@820501 FFFFF8003CD65444@820601 FFFFF8003CD65444@820701 FFFFF8003CD65444@820801 FFFFF8003CD65444@820901 FFFFF8003CD65444@821001 FFFFF8003CD65444@821101 FFFFF8003CD65444@821201 FFFFF8003CD65444@821301 FFFFF8003CD65444@821401 FFFFF8003CD65444@821501 FFFFF8003CD65444@821601 FFFFF8003CD65444@821701 FFFFF8003CD65444@821801 FFFFF8003CD65444@821901 FFFFF8003CD65444@822001 FFFFF8003CD65444@822101 FFFFF8003CD65444@822201 FFFFF8003CD65444@822301 FFFFF8003CD65444@822401 FFFFF8003CD65444@822501 FFFFF8003CD65444@822601 FFFFF8003CD65444@822701 FFFFF8003CD65444@822801 FFFFF8003CD65444@822901 FFFFF8003CD65444@823001 FFFFF8003CD65444@823101 FFFFF8003CD65444@823201 FFFFF8003CD65444@823301 FFFFF8003CD65444@823401 FFFFF8003CD65444@823501 FFFFF8003CD65444@823601 FFFFF8003CD65444@823701 FFFFF8003CD65444@823801 FFFFF8003CD65444@823901 FFFFF8003CD65444@824001 FFFFF8003CD65444@824101 FFFFF8003CD65444@824201 FFFFF8003CD65444@824301 FFFFF8003CD65444@824401 FFFFF8003CD65444@824501 FFFFF8003CD65444@824601 FFFFF8003CD65444@824701 FFFFF8003CD65444@824801 FFFFF8003CD65444@824901 FFFFF8003CD65444@825001 FFFFF8003CD65444@825101 FFFFF8003CD65444@825201 FFFFF8003CD65444@825301 FFFFF8003CD65444@825401 FFFFF8003CD65444@825501 FFFFF8003CD65444@825601 FFFFF8003CD65444@825701 FFFFF8003CD65444@825801 FFFFF8003CD65444@825901 FFFFF8003CD65444@826001 FFFFF8003CD65444@826101 FFFFF8003CD65444@826201 FFFFF8003CD65444@826301 FFFFF8003CD65444@826401 FFFFF8003CD65444@826501 FFFFF8003CD65444@826601 FFFFF8003CD65444@826701 FFFFF8003CD65444@826801 FFFFF8003CD65444@826901 FFFFF8003CD65444@827001 FFFFF8003CD65444@827101 FFFFF8003CD65444@827201 FFFFF8003CD65444@827301 FFFFF8003CD65444@827401 FFFFF8003CD65444@827501 FFFFF8003CD65444@827601 FFFFF8003CD65444@827701 FFFFF8003CD65444@827801 FFFFF8003CD65444@827901 FFFFF8003CD65444@828001 FFFFF8003CD65444@828101 FFFFF8003CD65444@828201 FFFFF8003CD65444@828301 FFFFF8003CD65444@828401 FFFFF8003CD65444@828501 FFFFF8003CD65444@828601 FFFFF8003CD65444@828701 FFFFF8003CD65444@828801 FFFFF8003CD65444@828901 FFFFF8003CD65444@829001 FFFFF8003CD65444@829101 FFFFF8003CD65444@829201 FFFFF8003CD65444@829301 FFFFF8003CD65444@829401 FFFFF8003CD65444@829501 FFFFF8003CD65444@829601 FFFFF8003CD65444@829701 FFFFF8003CD65444@829801 FFFFF8003CD65444@829901 FFFFF8003CD65444@830001 FFFFF8003CD65444@830101 FFFFF8003CD65444@830201 FFFFF8003CD65444@830301 FFFFF8003CD65444@830401 FFFFF8003CD65444@830501 FFFFF8003CD65444@830601 FFFFF8003CD65444@830701 FFFFF8003CD65444@830801 FFFFF8003CD65444@830901 FFFFF8003CD65444@831001 FFFFF8003CD65444@831101 FFFFF8003CD65444@831201 FFFFF8003CD65444@831301 FFFFF8003CD65444@831401 FFFFF8003CD65444@831501 FFFFF8003CD65444@831601 FFFFF8003CD65444@831701 FFFFF8003CD65444@831801 FFFFF8003CD65444@831901 FFFFF8003CD65444@832001 FFFFF8003CD65444@832101 FFFFF8003CD65444@832201 FFFFF8003CD65444@832301 FFFFF8003CD65444@832401 FFFFF8003CD65444@832501 FFFFF8003CD65444@832601 FFFFF8003CD65444@832701 FFFFF8003CD65444@832801 FFFFF8003CD65444@832901 FFFFF8003CD65444@833001 FFFFF8003CD65444@833101 FFFFF8003CD65444@833201 FFFFF8003CD65444@833301 FFFFF8003CD65444@833401 FFFFF8003CD65444@833501 FFFFF8003CD65444@833601 FFFFF8003CD65444@833701 FFFFF8003CD65444@833801 FFFFF8003CD65444@833901
[u46] LAPIC state (at reset -- state pass 2 will INHERIT, 4096 bytes): TPR=0xF0 PPR=0x0 SVR=0x1DF
[u46]   LVT Timer=0x300FD (vector=0xFD PERIODIC masked=1) InitCnt=0x0 CurCnt=0x0 Div=0xB
[u46]   IRR: no pending vectors
[u47] LAPIC quiesced at reset (LVTs masked, timer stopped, pending/ISR/IRR cleared, TPR=0)
[u46] LAPIC state (after U47 quiesce, 4096 bytes): TPR=0x0 PPR=0x0 SVR=0x1DF
[u46]   LVT Timer=0x10000 (vector=0x00 one-shot masked=1) InitCnt=0x0 CurCnt=0x0 Div=0xB
[u46]   IRR: no pending vectors
[u42] pass1 IOAPIC accesses total=274 (logged 260)
[u42] state INHERITED by pass 2: ioapic1.id=1 selectedReg=0x20 | ioapic2.id=2 selectedReg=0x3F
[u42]   ioapic1.redir[0]=0x00000000000100FF (vec=0xFF masked=1) -- NOT at power-on default
[u42]   ioapic1.redir[1]=0x00000000000100FF (vec=0xFF masked=1) -- NOT at power-on default
[u42]   ioapic1.redir[2]=0x00000000000100FF (vec=0xFF masked=1) -- NOT at power-on default
[u42]   ioapic1.redir[3]=0x00000000000100FF (vec=0xFF masked=1) -- NOT at power-on default
[u42]   ioapic1.redir[4]=0x00000000000100FF (vec=0xFF masked=1) -- NOT at power-on default
[u42]   ioapic1.redir[5]=0x00000000000100FF (vec=0xFF masked=1) -- NOT at power-on default
[u42]   ioapic1.redir[6]=0x00000000000100FF (vec=0xFF masked=1) -- NOT at power-on default
[u42]   ioapic1.redir[7]=0x00000000000100FF (vec=0xFF masked=1) -- NOT at power-on default
[u42]   ioapic1.redir[8]=0x01000000000008D1 (vec=0xD1 masked=0) -- NOT at power-on default
[u42]   ioapic1.redir[9]=0x00000000000100FF (vec=0xFF masked=1) -- NOT at power-on default
[u42]   ioapic1.redir[10]=0x00000000000100FF (vec=0xFF masked=1) -- NOT at power-on default
[u42]   ioapic1.redir[11]=0x00000000000100FF (vec=0xFF masked=1) -- NOT at power-on default
[u42]   ioapic1.redir[12]=0x00000000000100FF (vec=0xFF masked=1) -- NOT at power-on default
[u42]   ioapic1.redir[13]=0x00000000000100FF (vec=0xFF masked=1) -- NOT at power-on default
[u42]   ioapic1.redir[14]=0x00000000000100FF (vec=0xFF masked=1) -- NOT at power-on default
[u42]   ioapic1.redir[15]=0x00000000000100FF (vec=0xFF masked=1) -- NOT at power-on default
[u42]   ioapic1.redir[16]=0x00000000000100FF (vec=0xFF masked=1) -- NOT at power-on default
[u42]   ioapic1.redir[17]=0x00000000000100FF (vec=0xFF masked=1) -- NOT at power-on default
[u42]   ioapic1.redir[18]=0x00000000000100FF (vec=0xFF masked=1) -- NOT at power-on default
[u42]   ioapic1.redir[19]=0x00000000000100FF (vec=0xFF masked=1) -- NOT at power-on default
[u42]   ioapic1.redir[20]=0x00000000000100FF (vec=0xFF masked=1) -- NOT at power-on default
[u42]   ioapic1.redir[21]=0x00000000000100FF (vec=0xFF masked=1) -- NOT at power-on default
[u42]   ioapic1.redir[22]=0x00000000000100FF (vec=0xFF masked=1) -- NOT at power-on default
[u42]   ioapic1.redir[23]=0x00000000000100FF (vec=0xFF masked=1) -- NOT at power-on default
[u42]   ioapic2.redir[0]=0x00000000000100FF (vec=0xFF masked=1) -- NOT at power-on default
[u42]   ioapic2.redir[1]=0x00000000000100FF (vec=0xFF masked=1) -- NOT at power-on default
[u42]   ioapic2.redir[2]=0x00000000000100FF (vec=0xFF masked=1) -- NOT at power-on default
[u42]   ioapic2.redir[3]=0x00000000000100FF (vec=0xFF masked=1) -- NOT at power-on default
[u42]   ioapic2.redir[4]=0x00000000000100FF (vec=0xFF masked=1) -- NOT at power-on default
[u42]   ioapic2.redir[5]=0x00000000000100FF (vec=0xFF masked=1) -- NOT at power-on default
[u42]   ioapic2.redir[6]=0x00000000000100FF (vec=0xFF masked=1) -- NOT at power-on default
[u42]   ioapic2.redir[7]=0x00000000000100FF (vec=0xFF masked=1) -- NOT at power-on default
[u42]   ioapic2.redir[8]=0x00000000000100FF (vec=0xFF masked=1) -- NOT at power-on default
[u42]   ioapic2.redir[9]=0x00000000000100FF (vec=0xFF masked=1) -- NOT at power-on default
[u42]   ioapic2.redir[10]=0x00000000000100FF (vec=0xFF masked=1) -- NOT at power-on default
[u42]   ioapic2.redir[11]=0x00000000000100FF (vec=0xFF masked=1) -- NOT at power-on default
[u42]   ioapic2.redir[12]=0x00000000000100FF (vec=0xFF masked=1) -- NOT at power-on default
[u42]   ioapic2.redir[13]=0x00000000000100FF (vec=0xFF masked=1) -- NOT at power-on default
[u42]   ioapic2.redir[14]=0x00000000000100FF (vec=0xFF masked=1) -- NOT at power-on default
[u42]   ioapic2.redir[15]=0x00000000000100FF (vec=0xFF masked=1) -- NOT at power-on default
[u42]   ioapic2.redir[16]=0x00000000000100FF (vec=0xFF masked=1) -- NOT at power-on default
[u42]   ioapic2.redir[17]=0x00000000000100FF (vec=0xFF masked=1) -- NOT at power-on default
[u42]   ioapic2.redir[18]=0x00000000000100FF (vec=0xFF masked=1) -- NOT at power-on default
[u42]   ioapic2.redir[19]=0x00000000000100FF (vec=0xFF masked=1) -- NOT at power-on default
[u42]   ioapic2.redir[20]=0x00000000000100FF (vec=0xFF masked=1) -- NOT at power-on default
[u42]   ioapic2.redir[21]=0x00000000000100FF (vec=0xFF masked=1) -- NOT at power-on default
[u42]   ioapic2.redir[22]=0x00000000000100FF (vec=0xFF masked=1) -- NOT at power-on default
[u42]   ioapic2.redir[23]=0x00000000000100FF (vec=0xFF masked=1) -- NOT at power-on default
[heartbeat: exitCount=1680000 elapsedSec=67.2 lastPort=0xB008 write=0 val=0x2]
[ramfb] configured: address=0xBE500000 800x600 stride=3200
[cmos-ab] write reg=0x0A value=0x26 (RegA=0x26 RegB=0x02, PIE=0)
[heartbeat: exitCount=1685000 elapsedSec=67.4 lastPort=0xCF8 write=0 val=0x89]
[2J[001;001H[=3h[2J[001;001H[2J[001;001H[8;056;240t[2J[001;001H[2J[001;001H[=3h[2J[001;001H[2J[001;001H[8;031;100t[2J[001;001H[aux] controller: disable AUX port
[heartbeat: exitCount=1690000 elapsedSec=67.9 lastPort=0xCF8 write=1 val=0x0]
[heartbeat: exitCount=1695000 elapsedSec=68.0 lastPort=0xCF8 write=0 val=0x0]
BdsDxe: loading Boot0002 "UEFI LocalHost Virtual Disk LH0001 " from PciRoot(0x0)/Pci(0x2,0x0)/Sata(0x0,0xFFFF,0x0)
BdsDxe: starting Boot0002 "UEFI LocalHost Virtual Disk LH0001 " from PciRoot(0x0)/Pci(0x2,0x0)/Sata(0x0,0xFFFF,0x0)
[heartbeat: exitCount=1700000 elapsedSec=68.3 lastPort=0xB008 write=0 val=0x89]
[2J[001;001H[=3h[2J[001;001H[heartbeat: exitCount=1705000 elapsedSec=68.8 lastPort=0xB008 write=0 val=0x89]
[heartbeat: exitCount=1710000 elapsedSec=69.4 lastPort=0xB008 write=0 val=0x89]
[heartbeat: exitCount=1715000 elapsedSec=69.8 lastPort=0xB008 write=0 val=0x89]
[heartbeat: exitCount=1720000 elapsedSec=70.3 lastPort=0xB008 write=0 val=0x89]
[heartbeat: exitCount=1725000 elapsedSec=70.8 lastPort=0xB008 write=0 val=0x89]
[heartbeat: exitCount=1730000 elapsedSec=71.1 lastPort=0xB008 write=0 val=0x89]
[heartbeat: exitCount=1735000 elapsedSec=71.7 lastPort=0xB008 write=0 val=0x89]
[heartbeat: exitCount=1740000 elapsedSec=72.3 lastPort=0xB008 write=0 val=0x89]
[heartbeat: exitCount=1745000 elapsedSec=73.1 lastPort=0xB008 write=0 val=0x89]
[heartbeat: exitCount=1750000 elapsedSec=73.7 lastPort=0xB008 write=0 val=0x89]
[u40] === RIP histogram pass 2 (periodic): 91600 samples, base=0xFFFFF80137600000 ===
[u40]    68412  page 0xFFFFF80137965000  = base+0x365000
[u40]    13977  page 0xBEA03000
[u40]     2277  page 0xBF14E000
[u40]     1649  page 0x1DD9000
[u40]     1642  page 0xFFFFF801379BD000  = base+0x3BD000
[u40]      981  page 0xBFC50000
[u40]      826  page 0xFFFFF801379BC000  = base+0x3BC000
[u40]      421  page 0xBFD68000
[u40]      421  page 0xBE422000
[u40]      264  page 0xBF174000
[u40]      218  page 0xBF16B000
[u40]      217  page 0xBF14F000
[u40]      151  page 0xFFFFF80137ACC000  = base+0x4CC000
[u40]       27  page 0xBE41C000
[u40]       26  page 0xFFFFF801379A5000  = base+0x3A5000
[u40]       26  page 0x848000
[u40]       13  page 0x83D000
[u40]        3  page 0xBFF78000
[u40]   most recent 256 samples (newest last):
[u40]     BEA03B01@1747441 BEA03B01@1747451 BEA03B01@1747461 BEA03B01@1747471 BEA03B01@1747481 BEA03B01@1747491 BEA03B01@1747501 BEA03B01@1747511 BEA03B01@1747521 BEA03B01@1747531 BEA03B01@1747541 BE4227D6@1747551 BEA03B01@1747561 BEA03B01@1747571 BEA03B01@1747581 BEA03B01@1747591 BEA03B01@1747601 BEA03B01@1747611 BEA03B01@1747621 BEA03B01@1747631 BEA03B01@1747641 BEA03B01@1747651 BEA03B01@1747661 BEA03B01@1747671 BEA03B01@1747681 BEA03B01@1747691 BEA03B01@1747701 BEA03B01@1747711 BEA03B01@1747721 BEA03B01@1747731 BEA03B01@1747741 BEA03B01@1747751 BEA03B01@1747761 BEA03B01@1747771 BEA03B01@1747781 BEA03B01@1747791 BEA03B01@1747801 BEA03B01@1747811 BEA03B01@1747821 BEA03B01@1747831 BEA03B01@1747841 BEA03B01@1747851 BEA03B01@1747861 BEA03B01@1747871 BEA03B01@1747881 BEA03B01@1747891 BEA03B01@1747901 BEA03B01@1747911 BEA03B01@1747921 BEA03B01@1747931 BEA03B01@1747941 BEA03B01@1747951 BEA03B01@1747961 BE4227D6@1747971 BEA03B01@1747981 BEA03B01@1747991 BEA03B01@1748001 BEA03B01@1748011 BEA03B01@1748021 BEA03B01@1748031 BEA03B01@1748041 BEA03B01@1748051 BEA03B01@1748061 BEA03B01@1748071 BEA03B01@1748081 BEA03B01@1748091 BEA03B01@1748101 BEA03B01@1748111 BEA03B01@1748121 BEA03B01@1748131 BEA03B01@1748141 BEA03B01@1748151 BEA03B01@1748161 BEA03B01@1748171 BEA03B01@1748181 BEA03B01@1748191 BEA03B01@1748201 BEA03B01@1748211 BEA03B01@1748221 BEA03B01@1748231 BEA03B01@1748241 BEA03B01@1748251 BEA03B01@1748261 BEA03B01@1748271 BEA03B01@1748281 BEA03B01@1748291 BEA03B01@1748301 BEA03B01@1748311 BEA03B01@1748321 BEA03B01@1748331 BEA03B01@1748341 BEA03B01@1748351 BEA03B01@1748361 BEA03B01@1748371 BEA03B01@1748381 BEA03B01@1748391 BEA03B01@1748401 BEA03B01@1748411 BEA03B01@1748421 BEA03B01@1748431 BEA03B01@1748441 BEA03B01@1748451 BEA03B01@1748461 BEA03B01@1748471 BEA03B01@1748481 BEA03B01@1748491 BEA03B01@1748501 BEA03B01@1748511 BEA03B01@1748521 BEA03B01@1748531 BEA03B01@1748541 BEA03B01@1748551 BEA03B01@1748561 BEA03B01@1748571 BEA03B01@1748581 BEA03B01@1748591 BEA03B01@1748601 BEA03B01@1748611 BEA03B01@1748621 BEA03B01@1748631 BEA03B01@1748641 BEA03B01@1748651 BEA03B01@1748661 BEA03B01@1748671 BEA03B01@1748681 BEA03B01@1748691 BEA03B01@1748701 BEA03B01@1748711 BEA03B01@1748721 BEA03B01@1748731 BEA03B01@1748741 BEA03B01@1748751 BEA03B01@1748761 BEA03B01@1748771 BEA03B01@1748781 BEA03B01@1748791 BEA03B01@1748801 BEA03B01@1748811 BEA03B01@1748821 BEA03B01@1748831 BEA03B01@1748841 BEA03B01@1748851 BEA03B01@1748861 BEA03B01@1748871 BEA03B01@1748881 BEA03B01@1748891 BEA03B01@1748901 BEA03B01@1748911 BEA03B01@1748921 BEA03B01@1748931 BEA03B01@1748941 BEA03B01@1748951 BEA03B01@1748961 BEA03B01@1748971 BEA03B01@1748981 BEA03B01@1748991 BEA03B01@1749001 BEA03B01@1749011 BEA03B01@1749021 BEA03B01@1749031 BEA03B01@1749041 BEA03B01@1749051 BEA03B01@1749061 BEA03B01@1749071 BEA03B01@1749081 BEA03B01@1749091 BEA03B01@1749101 BEA03B01@1749111 BEA03B01@1749121 BEA03B01@1749131 BEA03B01@1749141 BEA03B01@1749151 BEA03B01@1749161 BEA03B01@1749171 BEA03B01@1749181 BEA03B01@1749191 BEA03B01@1749201 BEA03B01@1749211 BEA03B01@1749221 BEA03B01@1749231 BEA03B01@1749241 BEA03B01@1749251 BEA03B01@1749261 BEA03B01@1749271 BEA03B01@1749281 BEA03B01@1749291 BEA03B01@1749301 BEA03B01@1749311 BEA03B01@1749321 BEA03B01@1749331 BEA03B01@1749341 BEA03B01@1749351 BEA03B01@1749361 BEA03B01@1749371 BEA03B01@1749381 BEA03B01@1749391 BEA03B01@1749401 BEA03B01@1749411 BEA03B01@1749421 BEA03B01@1749431 BEA03B01@1749441 BEA03B01@1749451 BEA03B01@1749461 BEA03B01@1749471 BEA03B01@1749481 BEA03B01@1749491 BEA03B01@1749501 BEA03B01@1749511 BEA03B01@1749521 BEA03B01@1749531 BEA03B01@1749541 BEA03B01@1749551 BEA03B01@1749561 BEA03B01@1749571 BEA03B01@1749581 BEA03B01@1749591 BEA03B01@1749601 BEA03B01@1749611 BEA03B01@1749621 BEA03B01@1749631 BEA03B01@1749641 BEA03B01@1749651 BEA03B01@1749661 BEA03B01@1749671 BEA03B01@1749681 BEA03B01@1749691 BEA03B01@1749701 BEA03B01@1749711 BEA03B01@1749721 BEA03B01@1749731 BEA03B01@1749741 BEA03B01@1749751 BEA03B01@1749761 BEA03B01@1749771 BEA03B01@1749781 BEA03B01@1749791 BEA03B01@1749801 BEA03B01@1749811 BEA03B01@1749821 BEA03B01@1749831 BEA03B01@1749841 BEA03B01@1749851 BEA03B01@1749861 BEA03B01@1749871 BEA03B01@1749881 BEA03B01@1749891 BEA03B01@1749901 BEA03B01@1749911 BEA03B01@1749921 BEA03B01@1749931 BEA03B01@1749941 BEA03B01@1749951 BEA03B01@1749961 BEA03B01@1749971 BEA03B01@1749981 BEA03B01@1749991
[heartbeat: exitCount=1755000 elapsedSec=74.1 lastPort=0xB008 write=0 val=0x89]
[heartbeat: exitCount=1760000 elapsedSec=74.3 lastPort=0xB008 write=0 val=0x89]
[heartbeat: exitCount=1765000 elapsedSec=74.4 lastPort=0xB008 write=0 val=0x89]
[heartbeat: exitCount=1770000 elapsedSec=74.5 lastPort=0xB008 write=0 val=0x89]
[heartbeat: exitCount=1775000 elapsedSec=74.7 lastPort=0xB008 write=0 val=0x89]
[heartbeat: exitCount=1780000 elapsedSec=75.8 lastPort=0x71 write=0 val=0x80]
[aux] controller: disable AUX port
[heartbeat: exitCount=1785000 elapsedSec=76.9 lastPort=0xCFC write=0 val=0x0]
[heartbeat: exitCount=1790000 elapsedSec=76.9 lastPort=0xCFC write=0 val=0x0]
[pcicfg #50000] bus=187 dev=27 func=0 off=0x00 size=2 write=0 val=0xFFFFFFFF cfg=absent
[heartbeat: exitCount=1795000 elapsedSec=77.0 lastPort=0xCFC write=0 val=0x0]
[kerneldiag] candidate address 0xFFFFF8033DBA57DD resolves to module base 0xFFFFF8033D800000 (+0x3A57DD into it)
[kerneldiag] debug directory: type=2 codeViewRva=0x40970
[kerneldiag] module PDB name: ntkrnlmp.pdb guid=D9424FC4-861E-47C1-0FAD1B35DEC6DCC8 age=1
[wp] DISCOVERY at exitCount=1799224 (pass 2)
[wp] armed breakpoints at module base 0xFFFFF8033D800000 (DR2 LFH-check armed=1): DR0=+0x3DC890 (U34 ExInitializePoolHeapManagement entry, VA=0xFFFFF8033DBDC890), DR1=+0x3FD6F0 (KeBugCheckEx, VA=0xFFFFF8033DBFD6F0), DR2=+0x343B49 (RtlpHpLfhOwnerMoveSubsegment entry, VA=0xFFFFF8033DB43B49), DR3=+0x9A188F (HalpIommuInitSystem ret, VA=0xFFFFF8033E1A188F)
[u32] ExPoolState pool-descriptor fields (pass 2):
[u32]   pool[0] desc@RVA0xC57EC0: +0x08=0x0 +0x10=0x0  <== +0x10 NULL
[u32]   pool[1] desc@RVA0xC59F80: +0x08=0x0 +0x10=0x0  <== +0x10 NULL
[u32]   pool[2] desc@RVA0xC5C040: +0x08=0x0 +0x10=0x0  <== +0x10 NULL
[u32]   pool[3] desc@RVA0xC5E100: +0x08=0x0 +0x10=0x0  <== +0x10 NULL
[u32]   pool[4] desc@RVA0xC601C0: +0x08=0x0 +0x10=0x0  <== +0x10 NULL
[u32]   pool[5] desc@RVA0xC62280: +0x08=0x0 +0x10=0x0  <== +0x10 NULL
[u32]   pool[6] desc@RVA0xC64340: +0x08=0x0 +0x10=0x0  <== +0x10 NULL
[u32]   pool[7] desc@RVA0xC66400: +0x08=0x0 +0x10=0x0  <== +0x10 NULL
[u33] EDGE pass=2 exitCount=1799224 (reset+124211) pool[0]: +0x08 0xFFFF828EEB402000->0x0 +0x10 0xFFFFAA0CB2800000->0x0 +0x08 CLEARED(set->null) +0x10 CLEARED(set->null)
[heartbeat: exitCount=1800000 elapsedSec=77.1 lastPort=0xB008 write=0 val=0xFF]
[heartbeat: exitCount=1805000 elapsedSec=77.2 lastPort=0xB008 write=0 val=0xFF]
[cmos-ab] write reg=0x0A value=0x25 (RegA=0x25 RegB=0x02, PIE=0)
[ioapic-rte] controller id=1 entry=8 reg=0x20 value=0x000008D1 -> full RTE now 0x01000000000008D1 (vector=0xD1 masked=0)
[cmos-ab] write reg=0x0B value=0x02 (RegA=0x25 RegB=0x02, PIE=0)
[ioapic-rte] controller id=1 entry=8 reg=0x21 value=0x01000000 -> full RTE now 0x01000000000008D1 (vector=0xD1 masked=0)
[ioapic-rte] controller id=1 entry=8 reg=0x20 value=0x000008D1 -> full RTE now 0x01000000000008D1 (vector=0xD1 masked=0)
[cmos-ab] write reg=0x0B value=0x42 (RegA=0x25 RegB=0x42, PIE=1)
[heartbeat: exitCount=1810000 elapsedSec=77.5 lastPort=0xCF8 write=1 val=0xC]
[u33] EDGE pass=2 exitCount=1811224 (reset+136211) pool[0]: +0x08 0x0->0xFFFF888E46602000 +0x10 0x0->0xFFFFBB851CC00000 +0x08 INIT(null->set) +0x10 INIT(null->set)
[heartbeat: exitCount=1815000 elapsedSec=77.6 lastPort=0xCFC write=0 val=0xC]
[heartbeat: exitCount=1820000 elapsedSec=77.6 lastPort=0xCFC write=0 val=0xC]
[heartbeat: exitCount=1825000 elapsedSec=77.7 lastPort=0xCF8 write=1 val=0xC]
[cmos-ab] write reg=0x0B value=0x02 (RegA=0x25 RegB=0x02, PIE=0)
[heartbeat: exitCount=1830000 elapsedSec=77.8 lastPort=0xCF8 write=1 val=0xC]
[cmos-ab] write reg=0x0B value=0x02 (RegA=0x25 RegB=0x02, PIE=0)
[ioapic-rte] controller id=1 entry=8 reg=0x21 value=0x01000000 -> full RTE now 0x01000000000008D1 (vector=0xD1 masked=0)
[ioapic-rte] controller id=1 entry=8 reg=0x20 value=0x000008D1 -> full RTE now 0x01000000000008D1 (vector=0xD1 masked=0)
[cmos-ab] write reg=0x0B value=0x42 (RegA=0x25 RegB=0x42, PIE=1)
[heartbeat: exitCount=1835000 elapsedSec=77.9 lastPort=0xB008 write=0 val=0x9]
[heartbeat: exitCount=1840000 elapsedSec=77.9 lastPort=0xB008 write=0 val=0x9]
[rtc-diag] tick #1500 FIRED vector=0xD1, skippedTotal=1298 firedTotal=202
[heartbeat: exitCount=1845000 elapsedSec=78.4 lastPort=0xCF8 write=1 val=0xC]

[BUGCHECK] hit #1: KeBugCheckEx code=0xA5 p1=0x11 p2=0x3 p3=0x0 exitCount=1845386
[BUGCHECK]   p4=0x0  caller(return)=0xFFFFF8033F3C0454[kerneldiag] candidate address 0xFFFFF8033F3C0454 resolves to module base 0xFFFFF8033F300000 (+0xC0454 into it)
[kerneldiag] debug directory: type=2 codeViewRva=0x73F3C
[kerneldiag] module PDB name: acpi.pdb guid=662B8231-E47D-1FF9-F7E8C8FD1B44A572 age=1
  (base 0xFFFFF8033F300000 RVA 0xC0454)
[BUGCHECK]   stack (canonical kernel qwords):
[BUGCHECK]     [rsp+0x00]=0xFFFFF8033F3C0454[kerneldiag] candidate address 0xFFFFF8033F3C0454 resolves to module base 0xFFFFF8033F300000 (+0xC0454 into it)
[kerneldiag] debug directory: type=2 codeViewRva=0x73F3C
[kerneldiag] module PDB name: acpi.pdb guid=662B8231-E47D-1FF9-F7E8C8FD1B44A572 age=1
  (RVA 0xC0454)
[BUGCHECK]     [rsp+0x10]=0xFFFFF8033F3701CA[kerneldiag] candidate address 0xFFFFF8033F3701CA resolves to module base 0xFFFFF8033F300000 (+0x701CA into it)
[kerneldiag] debug directory: type=2 codeViewRva=0x73F3C
[kerneldiag] module PDB name: acpi.pdb guid=662B8231-E47D-1FF9-F7E8C8FD1B44A572 age=1
  (RVA 0x701CA)
[BUGCHECK]     [rsp+0x18]=0xFFFF888E46CC3A60[kerneldiag] no PE header found scanning VA back from 0xFFFF888E46CC3A60

[BUGCHECK]     [rsp+0x20]=0xFFFF888E46C81B60[kerneldiag] no PE header found scanning VA back from 0xFFFF888E46C81B60

[BUGCHECK]     [rsp+0x30]=0xFFFFF803C0140019[kerneldiag] no PE header found scanning VA back from 0xFFFFF803C0140019

[heartbeat: exitCount=1850000 elapsedSec=78.5 lastPort=0xB008 write=0 val=0xC]
[heartbeat: exitCount=1855000 elapsedSec=78.6 lastPort=0xB008 write=0 val=0xC]
[heartbeat: exitCount=1860000 elapsedSec=78.6 lastPort=0xB008 write=0 val=0xC]
[heartbeat: exitCount=1865000 elapsedSec=78.7 lastPort=0xB008 write=0 val=0xC]
[heartbeat: exitCount=1870000 elapsedSec=78.8 lastPort=0xB008 write=0 val=0xC]
[heartbeat: exitCount=1875000 elapsedSec=78.9 lastPort=0xB008 write=0 val=0xC]
[heartbeat: exitCount=1880000 elapsedSec=78.9 lastPort=0xB008 write=0 val=0xC]
[heartbeat: exitCount=1885000 elapsedSec=79.0 lastPort=0xB008 write=0 val=0xC]
[heartbeat: exitCount=1890000 elapsedSec=79.1 lastPort=0xB008 write=0 val=0xC]
[heartbeat: exitCount=1895000 elapsedSec=79.2 lastPort=0xB008 write=0 val=0xC]
[heartbeat: exitCount=1900000 elapsedSec=79.3 lastPort=0xB008 write=0 val=0xC]
[heartbeat: exitCount=1905000 elapsedSec=79.3 lastPort=0xB008 write=0 val=0xC]
[heartbeat: exitCount=1910000 elapsedSec=79.4 lastPort=0xB008 write=0 val=0xC]
[heartbeat: exitCount=1915000 elapsedSec=79.5 lastPort=0xB008 write=0 val=0xC]
[heartbeat: exitCount=1920000 elapsedSec=79.6 lastPort=0xB008 write=0 val=0xC]
[heartbeat: exitCount=1925000 elapsedSec=79.7 lastPort=0xB008 write=0 val=0xC]
[heartbeat: exitCount=1930000 elapsedSec=79.7 lastPort=0xB008 write=0 val=0xC]
[heartbeat: exitCount=1935000 elapsedSec=79.8 lastPort=0xB008 write=0 val=0xC]
[heartbeat: exitCount=1940000 elapsedSec=79.9 lastPort=0xB008 write=0 val=0xC]
[heartbeat: exitCount=1945000 elapsedSec=80.0 lastPort=0xB008 write=0 val=0xC]
[heartbeat: exitCount=1950000 elapsedSec=80.1 lastPort=0xB008 write=0 val=0xC]
[heartbeat: exitCount=1955000 elapsedSec=80.2 lastPort=0xB008 write=0 val=0xC]
[heartbeat: exitCount=1960000 elapsedSec=80.3 lastPort=0xB008 write=0 val=0xC]
[heartbeat: exitCount=1965000 elapsedSec=80.5 lastPort=0xB008 write=0 val=0xC]
[heartbeat: exitCount=1970000 elapsedSec=80.6 lastPort=0xB008 write=0 val=0xC]
[heartbeat: exitCount=1975000 elapsedSec=80.7 lastPort=0xB008 write=0 val=0xC]
[heartbeat: exitCount=1980000 elapsedSec=80.8 lastPort=0xB008 write=0 val=0xC]
[heartbeat: exitCount=1985000 elapsedSec=80.9 lastPort=0xB008 write=0 val=0xC]
[heartbeat: exitCount=1990000 elapsedSec=81.0 lastPort=0xB008 write=0 val=0xC]
[heartbeat: exitCount=1995000 elapsedSec=81.2 lastPort=0xB008 write=0 val=0xC]
[heartbeat: exitCount=2000000 elapsedSec=81.3 lastPort=0xB008 write=0 val=0xC]
[u40] === RIP histogram pass 2 (periodic): 116600 samples, base=0xFFFFF8033D800000 ===
[u40]    68412  page 0xFFFFF80137965000
[u40]    17429  page 0xFFFFF8033DB65000  = base+0x365000
[u40]    16780  page 0xBEA03000
[u40]     3298  page 0x1DD9000
[u40]     2277  page 0xBF14E000
[u40]     1642  page 0xFFFFF801379BD000
[u40]     1638  page 0xFFFFF8033DBBD000  = base+0x3BD000
[u40]      981  page 0xBFC50000
[u40]      828  page 0xFFFFF8033DBBC000  = base+0x3BC000
[u40]      826  page 0xFFFFF801379BC000
[u40]      791  page 0xBFD68000
[u40]      440  page 0xBE422000
[u40]      292  page 0xBF16B000
[u40]      264  page 0xBF174000
[u40]      217  page 0xBF14F000
[u40]      152  page 0xFFFFF8033DCCC000  = base+0x4CC000
[u40]      151  page 0xFFFFF80137ACC000
[u40]       35  page 0xBE41C000
[u40]   most recent 256 samples (newest last):
[u40]     FFFFF8033DB65444@1997441 FFFFF8033DB65444@1997451 FFFFF8033DB65444@1997461 FFFFF8033DB65444@1997471 FFFFF8033DB65444@1997481 FFFFF8033DB65444@1997491 FFFFF8033DB65444@1997501 FFFFF8033DB65444@1997511 FFFFF8033DB65444@1997521 FFFFF8033DB65444@1997531 FFFFF8033DB65444@1997541 FFFFF8033DB65444@1997551 FFFFF8033DB65444@1997561 FFFFF8033DB65444@1997571 FFFFF8033DB65444@1997581 FFFFF8033DB65444@1997591 FFFFF8033DB65444@1997601 FFFFF8033DB65444@1997611 FFFFF8033DB65444@1997621 FFFFF8033DB65444@1997631 FFFFF8033DB65444@1997641 FFFFF8033DB65444@1997651 FFFFF8033DB65444@1997661 FFFFF8033DB65444@1997671 FFFFF8033DB65444@1997681 FFFFF8033DB65444@1997691 FFFFF8033DB65444@1997701 FFFFF8033DB65444@1997711 FFFFF8033DB65444@1997721 FFFFF8033DB65444@1997731 FFFFF8033DB65444@1997741 FFFFF8033DB65444@1997751 FFFFF8033DB65444@1997761 FFFFF8033DB65444@1997771 FFFFF8033DB65444@1997781 FFFFF8033DB65444@1997791 FFFFF8033DB65444@1997801 FFFFF8033DB65444@1997811 FFFFF8033DB65444@1997821 FFFFF8033DB65444@1997831 FFFFF8033DB65444@1997841 FFFFF8033DB65444@1997851 FFFFF8033DB65444@1997861 FFFFF8033DB65444@1997871 FFFFF8033DB65444@1997881 FFFFF8033DB65444@1997891 FFFFF8033DB65444@1997901 FFFFF8033DB65444@1997911 FFFFF8033DB65444@1997921 FFFFF8033DB65444@1997931 FFFFF8033DB65444@1997941 FFFFF8033DB65444@1997951 FFFFF8033DB65444@1997961 FFFFF8033DB65444@1997971 FFFFF8033DB65444@1997981 FFFFF8033DB65444@1997991 FFFFF8033DB65444@1998001 FFFFF8033DB65444@1998011 FFFFF8033DB65444@1998021 FFFFF8033DB65444@1998031 FFFFF8033DB65444@1998041 FFFFF8033DB65444@1998051 FFFFF8033DB65444@1998061 FFFFF8033DB65444@1998071 FFFFF8033DB65444@1998081 FFFFF8033DB65444@1998091 FFFFF8033DB65444@1998101 FFFFF8033DB65444@1998111 FFFFF8033DB65444@1998121 FFFFF8033DB65444@1998131 FFFFF8033DB65444@1998141 FFFFF8033DB65444@1998151 FFFFF8033DB65444@1998161 FFFFF8033DB65444@1998171 FFFFF8033DB65444@1998181 FFFFF8033DB65444@1998191 FFFFF8033DB65444@1998201 FFFFF8033DB65444@1998211 FFFFF8033DB65444@1998221 FFFFF8033DB65444@1998231 FFFFF8033DB65444@1998241 FFFFF8033DB65444@1998251 FFFFF8033DB65444@1998261 FFFFF8033DB65444@1998271 FFFFF8033DB65444@1998281 FFFFF8033DB65444@1998291 FFFFF8033DB65444@1998301 FFFFF8033DB65444@1998311 FFFFF8033DB65444@1998321 FFFFF8033DB65444@1998331 FFFFF8033DB65444@1998341 FFFFF8033DB65444@1998351 FFFFF8033DB65444@1998361 FFFFF8033DB65444@1998371 FFFFF8033DB65444@1998381 FFFFF8033DB65444@1998391 FFFFF8033DB65444@1998401 FFFFF8033DB65444@1998411 FFFFF8033DB65444@1998421 FFFFF8033DB65444@1998431 FFFFF8033DB65444@1998441 FFFFF8033DB65444@1998451 FFFFF8033DB65444@1998461 FFFFF8033DB65444@1998471 FFFFF8033DB65444@1998481 FFFFF8033DB65444@1998491 FFFFF8033DB65444@1998501 FFFFF8033DB65444@1998511 FFFFF8033DB65444@1998521 FFFFF8033DB65444@1998531 FFFFF8033DB65444@1998541 FFFFF8033DB65444@1998551 FFFFF8033DB65444@1998561 FFFFF8033DB65444@1998571 FFFFF8033DB65444@1998581 FFFFF8033DB65444@1998591 FFFFF8033DB65444@1998601 FFFFF8033DB65444@1998611 FFFFF8033DB65444@1998621 FFFFF8033DB65444@1998631 FFFFF8033DB65444@1998641 FFFFF8033DB65444@1998651 FFFFF8033DB65444@1998661 FFFFF8033DB65444@1998671 FFFFF8033DB65444@1998681 FFFFF8033DB65444@1998691 FFFFF8033DB65444@1998701 FFFFF8033DB65444@1998711 FFFFF8033DB65444@1998721 FFFFF8033DB65444@1998731 FFFFF8033DB65444@1998741 FFFFF8033DB65444@1998751 FFFFF8033DB65444@1998761 FFFFF8033DB65444@1998771 FFFFF8033DB65444@1998781 FFFFF8033DB65444@1998791 FFFFF8033DB65444@1998801 FFFFF8033DB65444@1998811 FFFFF8033DB65444@1998821 FFFFF8033DB65444@1998831 FFFFF8033DB65444@1998841 FFFFF8033DB65444@1998851 FFFFF8033DB65444@1998861 FFFFF8033DB65444@1998871 FFFFF8033DB65444@1998881 FFFFF8033DB65444@1998891 FFFFF8033DB65444@1998901 FFFFF8033DB65444@1998911 FFFFF8033DB65444@1998921 FFFFF8033DB65444@1998931 FFFFF8033DB65444@1998941 FFFFF8033DB65444@1998951 FFFFF8033DB65444@1998961 FFFFF8033DB65444@1998971 FFFFF8033DB65444@1998981 FFFFF8033DB65444@1998991 FFFFF8033DB65444@1999001 FFFFF8033DB65444@1999011 FFFFF8033DB65444@1999021 FFFFF8033DB65444@1999031 FFFFF8033DB65444@1999041 FFFFF8033DB65444@1999051 FFFFF8033DB65444@1999061 FFFFF8033DB65444@1999071 FFFFF8033DB65444@1999081 FFFFF8033DB65444@1999091 FFFFF8033DB65444@1999101 FFFFF8033DB65444@1999111 FFFFF8033DB65444@1999121 FFFFF8033DB65444@1999131 FFFFF8033DB65444@1999141 FFFFF8033DB65444@1999151 FFFFF8033DB65444@1999161 FFFFF8033DB65444@1999171 FFFFF8033DB65444@1999181 FFFFF8033DB65444@1999191 FFFFF8033DB65444@1999201 FFFFF8033DB65444@1999211 FFFFF8033DB65444@1999221 FFFFF8033DB65444@1999231 FFFFF8033DB65444@1999241 FFFFF8033DB65444@1999251 FFFFF8033DB65444@1999261 FFFFF8033DB65444@1999271 FFFFF8033DB65444@1999281 FFFFF8033DB65444@1999291 FFFFF8033DB65444@1999301 FFFFF8033DB65444@1999311 FFFFF8033DB65444@1999321 FFFFF8033DB65444@1999331 FFFFF8033DB65444@1999341 FFFFF8033DB65444@1999351 FFFFF8033DB65444@1999361 FFFFF8033DB65444@1999371 FFFFF8033DB65444@1999381 FFFFF8033DB65444@1999391 FFFFF8033DB65444@1999401 FFFFF8033DB65444@1999411 FFFFF8033DB65444@1999421 FFFFF8033DB65444@1999431 FFFFF8033DB65444@1999441 FFFFF8033DB65444@1999451 FFFFF8033DB65444@1999461 FFFFF8033DB65444@1999471 FFFFF8033DB65444@1999481 FFFFF8033DB65444@1999491 FFFFF8033DB65444@1999501 FFFFF8033DB65444@1999511 FFFFF8033DB65444@1999521 FFFFF8033DB65444@1999531 FFFFF8033DB65444@1999541 FFFFF8033DB65444@1999551 FFFFF8033DB65444@1999561 FFFFF8033DB65444@1999571 FFFFF8033DB65444@1999581 FFFFF8033DB65444@1999591 FFFFF8033DB65444@1999601 FFFFF8033DB65444@1999611 FFFFF8033DB65444@1999621 FFFFF8033DB65444@1999631 FFFFF8033DB65444@1999641 FFFFF8033DB65444@1999651 FFFFF8033DB65444@1999661 FFFFF8033DB65444@1999671 FFFFF8033DB65444@1999681 FFFFF8033DB65444@1999691 FFFFF8033DB65444@1999701 FFFFF8033DB65444@1999711 FFFFF8033DB65444@1999721 FFFFF8033DB65444@1999731 FFFFF8033DB65444@1999741 FFFFF8033DB65444@1999751 FFFFF8033DB65444@1999761 FFFFF8033DB65444@1999771 FFFFF8033DB65444@1999781 FFFFF8033DB65444@1999791 FFFFF8033DB65444@1999801 FFFFF8033DB65444@1999811 FFFFF8033DB65444@1999821 FFFFF8033DB65444@1999831 FFFFF8033DB65444@1999841 FFFFF8033DB65444@1999851 FFFFF8033DB65444@1999861 FFFFF8033DB65444@1999871 FFFFF8033DB65444@1999881 FFFFF8033DB65444@1999891 FFFFF8033DB65444@1999901 FFFFF8033DB65444@1999911 FFFFF8033DB65444@1999921 FFFFF8033DB65444@1999931 FFFFF8033DB65444@1999941 FFFFF8033DB65444@1999951 FFFFF8033DB65444@1999961 FFFFF8033DB65444@1999971 FFFFF8033DB65444@1999981 FFFFF8033DB65444@1999991
[heartbeat: exitCount=2005000 elapsedSec=81.5 lastPort=0xB008 write=0 val=0xC]
[heartbeat: exitCount=2010000 elapsedSec=81.7 lastPort=0xB008 write=0 val=0xC]
[heartbeat: exitCount=2015000 elapsedSec=81.8 lastPort=0xB008 write=0 val=0xC]
[heartbeat: exitCount=2020000 elapsedSec=81.9 lastPort=0xB008 write=0 val=0xC]
[heartbeat: exitCount=2025000 elapsedSec=82.0 lastPort=0xB008 write=0 val=0xC]
[heartbeat: exitCount=2030000 elapsedSec=82.1 lastPort=0xB008 write=0 val=0xC]
[heartbeat: exitCount=2035000 elapsedSec=82.2 lastPort=0xB008 write=0 val=0xC]
[heartbeat: exitCount=2040000 elapsedSec=82.3 lastPort=0xB008 write=0 val=0xC]
[heartbeat: exitCount=2045000 elapsedSec=82.4 lastPort=0xB008 write=0 val=0xC]
[heartbeat: exitCount=2050000 elapsedSec=82.5 lastPort=0xB008 write=0 val=0xC]
[heartbeat: exitCount=2055000 elapsedSec=82.6 lastPort=0xB008 write=0 val=0xC]
[heartbeat: exitCount=2060000 elapsedSec=82.8 lastPort=0xB008 write=0 val=0xC]
[heartbeat: exitCount=2065000 elapsedSec=82.9 lastPort=0xB008 write=0 val=0xC]
[heartbeat: exitCount=2070000 elapsedSec=83.0 lastPort=0xB008 write=0 val=0xC]
[heartbeat: exitCount=2075000 elapsedSec=83.1 lastPort=0xB008 write=0 val=0xC]
[heartbeat: exitCount=2080000 elapsedSec=83.3 lastPort=0xB008 write=0 val=0xC]
[heartbeat: exitCount=2085000 elapsedSec=83.3 lastPort=0xB008 write=0 val=0xC]
[heartbeat: exitCount=2090000 elapsedSec=83.4 lastPort=0xB008 write=0 val=0xC]
[heartbeat: exitCount=2095000 elapsedSec=83.5 lastPort=0xB008 write=0 val=0xC]
[heartbeat: exitCount=2100000 elapsedSec=83.6 lastPort=0xB008 write=0 val=0xC]
[heartbeat: exitCount=2105000 elapsedSec=83.6 lastPort=0xB008 write=0 val=0xC]
[heartbeat: exitCount=2110000 elapsedSec=83.7 lastPort=0xB008 write=0 val=0xC]
[heartbeat: exitCount=2115000 elapsedSec=83.8 lastPort=0xB008 write=0 val=0xC]
[heartbeat: exitCount=2120000 elapsedSec=83.8 lastPort=0xB008 write=0 val=0xC]
[heartbeat: exitCount=2125000 elapsedSec=83.9 lastPort=0xB008 write=0 val=0xC]
[heartbeat: exitCount=2130000 elapsedSec=84.0 lastPort=0xB008 write=0 val=0xC]
[heartbeat: exitCount=2135000 elapsedSec=84.1 lastPort=0xB008 write=0 val=0xC]
[heartbeat: exitCount=2140000 elapsedSec=84.2 lastPort=0xB008 write=0 val=0xC]
[heartbeat: exitCount=2145000 elapsedSec=84.2 lastPort=0xB008 write=0 val=0xC]
[heartbeat: exitCount=2150000 elapsedSec=84.3 lastPort=0xB008 write=0 val=0xC]
[heartbeat: exitCount=2155000 elapsedSec=84.4 lastPort=0xB008 write=0 val=0xC]
[heartbeat: exitCount=2160000 elapsedSec=84.5 lastPort=0xB008 write=0 val=0xC]
[heartbeat: exitCount=2165000 elapsedSec=84.5 lastPort=0xB008 write=0 val=0xC]
[heartbeat: exitCount=2170000 elapsedSec=84.6 lastPort=0xB008 write=0 val=0xC]
[heartbeat: exitCount=2175000 elapsedSec=84.7 lastPort=0xB008 write=0 val=0xC]
[heartbeat: exitCount=2180000 elapsedSec=84.8 lastPort=0xB008 write=0 val=0xC]
[heartbeat: exitCount=2185000 elapsedSec=84.8 lastPort=0xB008 write=0 val=0xC]
[heartbeat: exitCount=2190000 elapsedSec=84.9 lastPort=0xB008 write=0 val=0xC]
[heartbeat: exitCount=2195000 elapsedSec=85.0 lastPort=0xB008 write=0 val=0xC]
[heartbeat: exitCount=2200000 elapsedSec=85.1 lastPort=0xB008 write=0 val=0xC]
[heartbeat: exitCount=2205000 elapsedSec=85.2 lastPort=0xB008 write=0 val=0xC]
[heartbeat: exitCount=2210000 elapsedSec=85.2 lastPort=0xB008 write=0 val=0xC]
[heartbeat: exitCount=2215000 elapsedSec=85.3 lastPort=0xB008 write=0 val=0xC]
[heartbeat: exitCount=2220000 elapsedSec=85.4 lastPort=0xB008 write=0 val=0xC]
[heartbeat: exitCount=2225000 elapsedSec=85.5 lastPort=0xB008 write=0 val=0xC]
[heartbeat: exitCount=2230000 elapsedSec=85.5 lastPort=0xB008 write=0 val=0xC]
[heartbeat: exitCount=2235000 elapsedSec=85.6 lastPort=0xB008 write=0 val=0xC]
[heartbeat: exitCount=2240000 elapsedSec=85.7 lastPort=0xB008 write=0 val=0xC]
[heartbeat: exitCount=2245000 elapsedSec=85.8 lastPort=0xB008 write=0 val=0xC]
[heartbeat: exitCount=2250000 elapsedSec=85.8 lastPort=0xB008 write=0 val=0xC]
[u40] === RIP histogram pass 2 (periodic): 141600 samples, base=0xFFFFF8033D800000 ===
[u40]    68412  page 0xFFFFF80137965000
[u40]    42429  page 0xFFFFF8033DB65000  = base+0x365000
[u40]    16780  page 0xBEA03000
[u40]     3298  page 0x1DD9000
[u40]     2277  page 0xBF14E000
[u40]     1642  page 0xFFFFF801379BD000
[u40]     1638  page 0xFFFFF8033DBBD000  = base+0x3BD000
[u40]      981  page 0xBFC50000
[u40]      828  page 0xFFFFF8033DBBC000  = base+0x3BC000
[u40]      826  page 0xFFFFF801379BC000
[u40]      791  page 0xBFD68000
[u40]      440  page 0xBE422000
[u40]      292  page 0xBF16B000
[u40]      264  page 0xBF174000
[u40]      217  page 0xBF14F000
[u40]      152  page 0xFFFFF8033DCCC000  = base+0x4CC000
[u40]      151  page 0xFFFFF80137ACC000
[u40]       35  page 0xBE41C000
[u40]   most recent 256 samples (newest last):
[u40]     FFFFF8033DB65444@2247441 FFFFF8033DB65444@2247451 FFFFF8033DB65444@2247461 FFFFF8033DB65444@2247471 FFFFF8033DB65444@2247481 FFFFF8033DB65444@2247491 FFFFF8033DB65444@2247501 FFFFF8033DB65444@2247511 FFFFF8033DB65444@2247521 FFFFF8033DB65444@2247531 FFFFF8033DB65444@2247541 FFFFF8033DB65444@2247551 FFFFF8033DB65444@2247561 FFFFF8033DB65444@2247571 FFFFF8033DB65444@2247581 FFFFF8033DB65444@2247591 FFFFF8033DB65444@2247601 FFFFF8033DB65444@2247611 FFFFF8033DB65444@2247621 FFFFF8033DB65444@2247631 FFFFF8033DB65444@2247641 FFFFF8033DB65444@2247651 FFFFF8033DB65444@2247661 FFFFF8033DB65444@2247671 FFFFF8033DB65444@2247681 FFFFF8033DB65444@2247691 FFFFF8033DB65444@2247701 FFFFF8033DB65444@2247711 FFFFF8033DB65444@2247721 FFFFF8033DB65444@2247731 FFFFF8033DB65444@2247741 FFFFF8033DB65444@2247751 FFFFF8033DB65444@2247761 FFFFF8033DB65444@2247771 FFFFF8033DB65444@2247781 FFFFF8033DB65444@2247791 FFFFF8033DB65444@2247801 FFFFF8033DB65444@2247811 FFFFF8033DB65444@2247821 FFFFF8033DB65444@2247831 FFFFF8033DB65444@2247841 FFFFF8033DB65444@2247851 FFFFF8033DB65444@2247861 FFFFF8033DB65444@2247871 FFFFF8033DB65444@2247881 FFFFF8033DB65444@2247891 FFFFF8033DB65444@2247901 FFFFF8033DB65444@2247911 FFFFF8033DB65444@2247921 FFFFF8033DB65444@2247931 FFFFF8033DB65444@2247941 FFFFF8033DB65444@2247951 FFFFF8033DB65444@2247961 FFFFF8033DB65444@2247971 FFFFF8033DB65444@2247981 FFFFF8033DB65444@2247991 FFFFF8033DB65444@2248001 FFFFF8033DB65444@2248011 FFFFF8033DB65444@2248021 FFFFF8033DB65444@2248031 FFFFF8033DB65444@2248041 FFFFF8033DB65444@2248051 FFFFF8033DB65444@2248061 FFFFF8033DB65444@2248071 FFFFF8033DB65444@2248081 FFFFF8033DB65444@2248091 FFFFF8033DB65444@2248101 FFFFF8033DB65444@2248111 FFFFF8033DB65444@2248121 FFFFF8033DB65444@2248131 FFFFF8033DB65444@2248141 FFFFF8033DB65444@2248151 FFFFF8033DB65444@2248161 FFFFF8033DB65444@2248171 FFFFF8033DB65444@2248181 FFFFF8033DB65444@2248191 FFFFF8033DB65444@2248201 FFFFF8033DB65444@2248211 FFFFF8033DB65444@2248221 FFFFF8033DB65444@2248231 FFFFF8033DB65444@2248241 FFFFF8033DB65444@2248251 FFFFF8033DB65444@2248261 FFFFF8033DB65444@2248271 FFFFF8033DB65444@2248281 FFFFF8033DB65444@2248291 FFFFF8033DB65444@2248301 FFFFF8033DB65444@2248311 FFFFF8033DB65444@2248321 FFFFF8033DB65444@2248331 FFFFF8033DB65444@2248341 FFFFF8033DB65444@2248351 FFFFF8033DB65444@2248361 FFFFF8033DB65444@2248371 FFFFF8033DB65444@2248381 FFFFF8033DB65444@2248391 FFFFF8033DB65444@2248401 FFFFF8033DB65444@2248411 FFFFF8033DB65444@2248421 FFFFF8033DB65444@2248431 FFFFF8033DB65444@2248441 FFFFF8033DB65444@2248451 FFFFF8033DB65444@2248461 FFFFF8033DB65444@2248471 FFFFF8033DB65444@2248481 FFFFF8033DB65444@2248491 FFFFF8033DB65444@2248501 FFFFF8033DB65444@2248511 FFFFF8033DB65444@2248521 FFFFF8033DB65444@2248531 FFFFF8033DB65444@2248541 FFFFF8033DB65444@2248551 FFFFF8033DB65444@2248561 FFFFF8033DB65444@2248571 FFFFF8033DB65444@2248581 FFFFF8033DB65444@2248591 FFFFF8033DB65444@2248601 FFFFF8033DB65444@2248611 FFFFF8033DB65444@2248621 FFFFF8033DB65444@2248631 FFFFF8033DB65444@2248641 FFFFF8033DB65444@2248651 FFFFF8033DB65444@2248661 FFFFF8033DB65444@2248671 FFFFF8033DB65444@2248681 FFFFF8033DB65444@2248691 FFFFF8033DB65444@2248701 FFFFF8033DB65444@2248711 FFFFF8033DB65444@2248721 FFFFF8033DB65444@2248731 FFFFF8033DB65444@2248741 FFFFF8033DB65444@2248751 FFFFF8033DB65444@2248761 FFFFF8033DB65444@2248771 FFFFF8033DB65444@2248781 FFFFF8033DB65444@2248791 FFFFF8033DB65444@2248801 FFFFF8033DB65444@2248811 FFFFF8033DB65444@2248821 FFFFF8033DB65444@2248831 FFFFF8033DB65444@2248841 FFFFF8033DB65444@2248851 FFFFF8033DB65444@2248861 FFFFF8033DB65444@2248871 FFFFF8033DB65444@2248881 FFFFF8033DB65444@2248891 FFFFF8033DB65444@2248901 FFFFF8033DB65444@2248911 FFFFF8033DB65444@2248921 FFFFF8033DB65444@2248931 FFFFF8033DB65444@2248941 FFFFF8033DB65444@2248951 FFFFF8033DB65444@2248961 FFFFF8033DB65444@2248971 FFFFF8033DB65444@2248981 FFFFF8033DB65444@2248991 FFFFF8033DB65444@2249001 FFFFF8033DB65444@2249011 FFFFF8033DB65444@2249021 FFFFF8033DB65444@2249031 FFFFF8033DB65444@2249041 FFFFF8033DB65444@2249051 FFFFF8033DB65444@2249061 FFFFF8033DB65444@2249071 FFFFF8033DB65444@2249081 FFFFF8033DB65444@2249091 FFFFF8033DB65444@2249101 FFFFF8033DB65444@2249111 FFFFF8033DB65444@2249121 FFFFF8033DB65444@2249131 FFFFF8033DB65444@2249141 FFFFF8033DB65444@2249151 FFFFF8033DB65444@2249161 FFFFF8033DB65444@2249171 FFFFF8033DB65444@2249181 FFFFF8033DB65444@2249191 FFFFF8033DB65444@2249201 FFFFF8033DB65444@2249211 FFFFF8033DB65444@2249221 FFFFF8033DB65444@2249231 FFFFF8033DB65444@2249241 FFFFF8033DB65444@2249251 FFFFF8033DB65444@2249261 FFFFF8033DB65444@2249271 FFFFF8033DB65444@2249281 FFFFF8033DB65444@2249291 FFFFF8033DB65444@2249301 FFFFF8033DB65444@2249311 FFFFF8033DB65444@2249321 FFFFF8033DB65444@2249331 FFFFF8033DB65444@2249341 FFFFF8033DB65444@2249351 FFFFF8033DB65444@2249361 FFFFF8033DB65444@2249371 FFFFF8033DB65444@2249381 FFFFF8033DB65444@2249391 FFFFF8033DB65444@2249401 FFFFF8033DB65444@2249411 FFFFF8033DB65444@2249421 FFFFF8033DB65444@2249431 FFFFF8033DB65444@2249441 FFFFF8033DB65444@2249451 FFFFF8033DB65444@2249461 FFFFF8033DB65444@2249471 FFFFF8033DB65444@2249481 FFFFF8033DB65444@2249491 FFFFF8033DB65444@2249501 FFFFF8033DB65444@2249511 FFFFF8033DB65444@2249521 FFFFF8033DB65444@2249531 FFFFF8033DB65444@2249541 FFFFF8033DB65444@2249551 FFFFF8033DB65444@2249561 FFFFF8033DB65444@2249571 FFFFF8033DB65444@2249581 FFFFF8033DB65444@2249591 FFFFF8033DB65444@2249601 FFFFF8033DB65444@2249611 FFFFF8033DB65444@2249621 FFFFF8033DB65444@2249631 FFFFF8033DB65444@2249641 FFFFF8033DB65444@2249651 FFFFF8033DB65444@2249661 FFFFF8033DB65444@2249671 FFFFF8033DB65444@2249681 FFFFF8033DB65444@2249691 FFFFF8033DB65444@2249701 FFFFF8033DB65444@2249711 FFFFF8033DB65444@2249721 FFFFF8033DB65444@2249731 FFFFF8033DB65444@2249741 FFFFF8033DB65444@2249751 FFFFF8033DB65444@2249761 FFFFF8033DB65444@2249771 FFFFF8033DB65444@2249781 FFFFF8033DB65444@2249791 FFFFF8033DB65444@2249801 FFFFF8033DB65444@2249811 FFFFF8033DB65444@2249821 FFFFF8033DB65444@2249831 FFFFF8033DB65444@2249841 FFFFF8033DB65444@2249851 FFFFF8033DB65444@2249861 FFFFF8033DB65444@2249871 FFFFF8033DB65444@2249881 FFFFF8033DB65444@2249891 FFFFF8033DB65444@2249901 FFFFF8033DB65444@2249911 FFFFF8033DB65444@2249921 FFFFF8033DB65444@2249931 FFFFF8033DB65444@2249941 FFFFF8033DB65444@2249951 FFFFF8033DB65444@2249961 FFFFF8033DB65444@2249971 FFFFF8033DB65444@2249981 FFFFF8033DB65444@2249991
[heartbeat: exitCount=2255000 elapsedSec=85.9 lastPort=0xB008 write=0 val=0xC]
[heartbeat: exitCount=2260000 elapsedSec=86.0 lastPort=0xB008 write=0 val=0xC]
[heartbeat: exitCount=2265000 elapsedSec=86.0 lastPort=0xB008 write=0 val=0xC]
[heartbeat: exitCount=2270000 elapsedSec=86.1 lastPort=0xB008 write=0 val=0xC]
[heartbeat: exitCount=2275000 elapsedSec=86.2 lastPort=0xB008 write=0 val=0xC]
[heartbeat: exitCount=2280000 elapsedSec=86.3 lastPort=0xB008 write=0 val=0xC]
[heartbeat: exitCount=2285000 elapsedSec=86.4 lastPort=0xB008 write=0 val=0xC]
[heartbeat: exitCount=2290000 elapsedSec=86.4 lastPort=0xB008 write=0 val=0xC]
[heartbeat: exitCount=2295000 elapsedSec=86.5 lastPort=0xB008 write=0 val=0xC]
[heartbeat: exitCount=2300000 elapsedSec=86.6 lastPort=0xB008 write=0 val=0xC]
[heartbeat: exitCount=2305000 elapsedSec=86.7 lastPort=0xB008 write=0 val=0xC]
[heartbeat: exitCount=2310000 elapsedSec=86.8 lastPort=0xB008 write=0 val=0xC]
[heartbeat: exitCount=2315000 elapsedSec=86.8 lastPort=0xB008 write=0 val=0xC]
[heartbeat: exitCount=2320000 elapsedSec=86.9 lastPort=0xB008 write=0 val=0xC]
[heartbeat: exitCount=2325000 elapsedSec=87.0 lastPort=0xB008 write=0 val=0xC]
[heartbeat: exitCount=2330000 elapsedSec=87.1 lastPort=0xB008 write=0 val=0xC]
[heartbeat: exitCount=2335000 elapsedSec=87.1 lastPort=0xB008 write=0 val=0xC]
[heartbeat: exitCount=2340000 elapsedSec=87.2 lastPort=0xB008 write=0 val=0xC]
[heartbeat: exitCount=2345000 elapsedSec=87.3 lastPort=0xB008 write=0 val=0xC]
[heartbeat: exitCount=2350000 elapsedSec=87.4 lastPort=0xB008 write=0 val=0xC]
[heartbeat: exitCount=2355000 elapsedSec=87.4 lastPort=0xB008 write=0 val=0xC]
[rtc-diag] tick #2000 SKIPPED (interrupts disabled), skippedTotal=1795 firedTotal=205
[heartbeat: exitCount=2360000 elapsedSec=87.5 lastPort=0xB008 write=0 val=0xC]
[heartbeat: exitCount=2365000 elapsedSec=87.6 lastPort=0xB008 write=0 val=0xC]
[heartbeat: exitCount=2370000 elapsedSec=87.7 lastPort=0xB008 write=0 val=0xC]
[heartbeat: exitCount=2375000 elapsedSec=87.8 lastPort=0xB008 write=0 val=0xC]
[heartbeat: exitCount=2380000 elapsedSec=87.8 lastPort=0xB008 write=0 val=0xC]
[heartbeat: exitCount=2385000 elapsedSec=87.9 lastPort=0xB008 write=0 val=0xC]
[heartbeat: exitCount=2390000 elapsedSec=88.0 lastPort=0xB008 write=0 val=0xC]
[heartbeat: exitCount=2395000 elapsedSec=88.0 lastPort=0xB008 write=0 val=0xC]
[heartbeat: exitCount=2400000 elapsedSec=88.1 lastPort=0xB008 write=0 val=0xC]
[heartbeat: exitCount=2405000 elapsedSec=88.2 lastPort=0xB008 write=0 val=0xC]
[heartbeat: exitCount=2410000 elapsedSec=88.3 lastPort=0xB008 write=0 val=0xC]
[heartbeat: exitCount=2415000 elapsedSec=88.4 lastPort=0xB008 write=0 val=0xC]
[cmos-ab] write reg=0x0B value=0x02 (RegA=0x25 RegB=0x02, PIE=0)
[cmos-ab] write reg=0x0B value=0x02 (RegA=0x25 RegB=0x02, PIE=0)
[reset] port 0x64/0xFE keyboard-controller reset pulse honored -- vCPU restarted at reset vector (exitCount=2419836)
[u40] === RIP histogram pass 1 (end of pass 1, at reset): 8340 samples, base=0xFFFFF8003CA00000 ===
[u40]     6865  page 0xFFFFF8003CD65000  = base+0x365000
[u40]      693  page 0xBEA03000
[u40]      165  page 0x1DD9000
[u40]      164  page 0xFFFFF8003CDBD000  = base+0x3BD000
[u40]      106  page 0xBF14E000
[u40]       96  page 0xBE41C000
[u40]       81  page 0xFFFFF8003CDBC000  = base+0x3BC000
[u40]       44  page 0xBFC50000
[u40]       41  page 0xBFD68000
[u40]       20  page 0xBE422000
[u40]       18  page 0xBF14F000
[u40]       16  page 0xFFFFF8003CECC000  = base+0x4CC000
[u40]       12  page 0xBF16B000
[u40]       11  page 0xBF174000
[u40]        2  page 0xFFFFF8003CDA5000  = base+0x3A5000
[u40]        2  page 0x848000
[u40]        1  page 0xFFFFF8003CE02000  = base+0x402000
[u40]        1  page 0xBF1CC000
[u40]   most recent 256 samples (newest last):
[u40]     FFFFF8003CD65444@808401 FFFFF8003CD65444@808501 FFFFF8003CD65444@808601 FFFFF8003CD65444@808701 FFFFF8003CD65444@808801 FFFFF8003CD65444@808901 FFFFF8003CD65444@809001 FFFFF8003CD65444@809101 FFFFF8003CD65444@809201 FFFFF8003CD65444@809301 FFFFF8003CD65444@809401 FFFFF8003CD65444@809501 FFFFF8003CD65444@809601 FFFFF8003CD65444@809701 FFFFF8003CD65444@809801 FFFFF8003CD65444@809901 FFFFF8003CD65444@810001 FFFFF8003CD65444@810101 FFFFF8003CD65444@810201 FFFFF8003CD65444@810301 FFFFF8003CD65444@810401 FFFFF8003CD65444@810501 FFFFF8003CD65444@810601 FFFFF8003CD65444@810701 FFFFF8003CD65444@810801 FFFFF8003CD65444@810901 FFFFF8003CD65444@811001 FFFFF8003CD65444@811101 FFFFF8003CD65444@811201 FFFFF8003CD65444@811301 FFFFF8003CD65444@811401 FFFFF8003CD65444@811501 FFFFF8003CD65444@811601 FFFFF8003CD65444@811701 FFFFF8003CD65444@811801 FFFFF8003CD65444@811901 FFFFF8003CD65444@812001 FFFFF8003CD65444@812101 FFFFF8003CD65444@812201 FFFFF8003CD65444@812301 FFFFF8003CD65444@812401 FFFFF8003CD65444@812501 FFFFF8003CD65444@812601 FFFFF8003CD65444@812701 FFFFF8003CD65444@812801 FFFFF8003CD65444@812901 FFFFF8003CD65444@813001 FFFFF8003CD65444@813101 FFFFF8003CD65444@813201 FFFFF8003CD65444@813301 FFFFF8003CD65444@813401 FFFFF8003CD65444@813501 FFFFF8003CD65444@813601 FFFFF8003CD65444@813701 FFFFF8003CD65444@813801 FFFFF8003CD65444@813901 FFFFF8003CD65444@814001 FFFFF8003CD65444@814101 FFFFF8003CD65444@814201 FFFFF8003CD65444@814301 FFFFF8003CD65444@814401 FFFFF8003CD65444@814501 FFFFF8003CD65444@814601 FFFFF8003CD65444@814701 FFFFF8003CD65444@814801 FFFFF8003CD65444@814901 FFFFF8003CD65444@815001 FFFFF8003CD65444@815101 FFFFF8003CD65444@815201 FFFFF8003CD65444@815301 FFFFF8003CD65444@815401 FFFFF8003CD65444@815501 FFFFF8003CD65444@815601 FFFFF8003CD65444@815701 FFFFF8003CD65444@815801 FFFFF8003CD65444@815901 FFFFF8003CD65444@816001 FFFFF8003CD65444@816101 FFFFF8003CD65444@816201 FFFFF8003CD65444@816301 FFFFF8003CD65444@816401 FFFFF8003CD65444@816501 FFFFF8003CD65444@816601 FFFFF8003CD65444@816701 FFFFF8003CD65444@816801 FFFFF8003CD65444@816901 FFFFF8003CD65444@817001 FFFFF8003CD65444@817101 FFFFF8003CD65444@817201 FFFFF8003CD65444@817301 FFFFF8003CD65444@817401 FFFFF8003CD65444@817501 FFFFF8003CD65444@817601 FFFFF8003CD65444@817701 FFFFF8003CD65444@817801 FFFFF8003CD65444@817901 FFFFF8003CD65444@818001 FFFFF8003CD65444@818101 FFFFF8003CD65444@818201 FFFFF8003CD65444@818301 FFFFF8003CD65444@818401 FFFFF8003CD65444@818501 FFFFF8003CD65444@818601 FFFFF8003CD65444@818701 FFFFF8003CD65444@818801 FFFFF8003CD65444@818901 FFFFF8003CD65444@819001 FFFFF8003CD65444@819101 FFFFF8003CD65444@819201 FFFFF8003CD65444@819301 FFFFF8003CD65444@819401 FFFFF8003CD65444@819501 FFFFF8003CD65444@819601 FFFFF8003CD65444@819701 FFFFF8003CD65444@819801 FFFFF8003CD65444@819901 FFFFF8003CD65444@820001 FFFFF8003CD65444@820101 FFFFF8003CD65444@820201 FFFFF8003CD65444@820301 FFFFF8003CD65444@820401 FFFFF8003CD65444@820501 FFFFF8003CD65444@820601 FFFFF8003CD65444@820701 FFFFF8003CD65444@820801 FFFFF8003CD65444@820901 FFFFF8003CD65444@821001 FFFFF8003CD65444@821101 FFFFF8003CD65444@821201 FFFFF8003CD65444@821301 FFFFF8003CD65444@821401 FFFFF8003CD65444@821501 FFFFF8003CD65444@821601 FFFFF8003CD65444@821701 FFFFF8003CD65444@821801 FFFFF8003CD65444@821901 FFFFF8003CD65444@822001 FFFFF8003CD65444@822101 FFFFF8003CD65444@822201 FFFFF8003CD65444@822301 FFFFF8003CD65444@822401 FFFFF8003CD65444@822501 FFFFF8003CD65444@822601 FFFFF8003CD65444@822701 FFFFF8003CD65444@822801 FFFFF8003CD65444@822901 FFFFF8003CD65444@823001 FFFFF8003CD65444@823101 FFFFF8003CD65444@823201 FFFFF8003CD65444@823301 FFFFF8003CD65444@823401 FFFFF8003CD65444@823501 FFFFF8003CD65444@823601 FFFFF8003CD65444@823701 FFFFF8003CD65444@823801 FFFFF8003CD65444@823901 FFFFF8003CD65444@824001 FFFFF8003CD65444@824101 FFFFF8003CD65444@824201 FFFFF8003CD65444@824301 FFFFF8003CD65444@824401 FFFFF8003CD65444@824501 FFFFF8003CD65444@824601 FFFFF8003CD65444@824701 FFFFF8003CD65444@824801 FFFFF8003CD65444@824901 FFFFF8003CD65444@825001 FFFFF8003CD65444@825101 FFFFF8003CD65444@825201 FFFFF8003CD65444@825301 FFFFF8003CD65444@825401 FFFFF8003CD65444@825501 FFFFF8003CD65444@825601 FFFFF8003CD65444@825701 FFFFF8003CD65444@825801 FFFFF8003CD65444@825901 FFFFF8003CD65444@826001 FFFFF8003CD65444@826101 FFFFF8003CD65444@826201 FFFFF8003CD65444@826301 FFFFF8003CD65444@826401 FFFFF8003CD65444@826501 FFFFF8003CD65444@826601 FFFFF8003CD65444@826701 FFFFF8003CD65444@826801 FFFFF8003CD65444@826901 FFFFF8003CD65444@827001 FFFFF8003CD65444@827101 FFFFF8003CD65444@827201 FFFFF8003CD65444@827301 FFFFF8003CD65444@827401 FFFFF8003CD65444@827501 FFFFF8003CD65444@827601 FFFFF8003CD65444@827701 FFFFF8003CD65444@827801 FFFFF8003CD65444@827901 FFFFF8003CD65444@828001 FFFFF8003CD65444@828101 FFFFF8003CD65444@828201 FFFFF8003CD65444@828301 FFFFF8003CD65444@828401 FFFFF8003CD65444@828501 FFFFF8003CD65444@828601 FFFFF8003CD65444@828701 FFFFF8003CD65444@828801 FFFFF8003CD65444@828901 FFFFF8003CD65444@829001 FFFFF8003CD65444@829101 FFFFF8003CD65444@829201 FFFFF8003CD65444@829301 FFFFF8003CD65444@829401 FFFFF8003CD65444@829501 FFFFF8003CD65444@829601 FFFFF8003CD65444@829701 FFFFF8003CD65444@829801 FFFFF8003CD65444@829901 FFFFF8003CD65444@830001 FFFFF8003CD65444@830101 FFFFF8003CD65444@830201 FFFFF8003CD65444@830301 FFFFF8003CD65444@830401 FFFFF8003CD65444@830501 FFFFF8003CD65444@830601 FFFFF8003CD65444@830701 FFFFF8003CD65444@830801 FFFFF8003CD65444@830901 FFFFF8003CD65444@831001 FFFFF8003CD65444@831101 FFFFF8003CD65444@831201 FFFFF8003CD65444@831301 FFFFF8003CD65444@831401 FFFFF8003CD65444@831501 FFFFF8003CD65444@831601 FFFFF8003CD65444@831701 FFFFF8003CD65444@831801 FFFFF8003CD65444@831901 FFFFF8003CD65444@832001 FFFFF8003CD65444@832101 FFFFF8003CD65444@832201 FFFFF8003CD65444@832301 FFFFF8003CD65444@832401 FFFFF8003CD65444@832501 FFFFF8003CD65444@832601 FFFFF8003CD65444@832701 FFFFF8003CD65444@832801 FFFFF8003CD65444@832901 FFFFF8003CD65444@833001 FFFFF8003CD65444@833101 FFFFF8003CD65444@833201 FFFFF8003CD65444@833301 FFFFF8003CD65444@833401 FFFFF8003CD65444@833501 FFFFF8003CD65444@833601 FFFFF8003CD65444@833701 FFFFF8003CD65444@833801 FFFFF8003CD65444@833901
[u46] LAPIC state (at reset -- state pass 2 will INHERIT, 4096 bytes): TPR=0xF0 PPR=0x0 SVR=0x1DF
[u46]   LVT Timer=0x300FD (vector=0xFD PERIODIC masked=1) InitCnt=0x0 CurCnt=0x0 Div=0xB
[u46]   IRR: no pending vectors
[u47] LAPIC quiesced at reset (LVTs masked, timer stopped, pending/ISR/IRR cleared, TPR=0)
[u46] LAPIC state (after U47 quiesce, 4096 bytes): TPR=0x0 PPR=0x0 SVR=0x1DF
[u46]   LVT Timer=0x10000 (vector=0x00 one-shot masked=1) InitCnt=0x0 CurCnt=0x0 Div=0xB
[u46]   IRR: no pending vectors
[u42] pass1 IOAPIC accesses total=274 (logged 260)
[u42] state INHERITED by pass 2: ioapic1.id=1 selectedReg=0x20 | ioapic2.id=2 selectedReg=0x3F
[u42]   ioapic1.redir[0]=0x00000000000100FF (vec=0xFF masked=1) -- NOT at power-on default
[u42]   ioapic1.redir[1]=0x00000000000100FF (vec=0xFF masked=1) -- NOT at power-on default
[u42]   ioapic1.redir[2]=0x00000000000100FF (vec=0xFF masked=1) -- NOT at power-on default
[u42]   ioapic1.redir[3]=0x00000000000100FF (vec=0xFF masked=1) -- NOT at power-on default
[u42]   ioapic1.redir[4]=0x00000000000100FF (vec=0xFF masked=1) -- NOT at power-on default
[u42]   ioapic1.redir[5]=0x00000000000100FF (vec=0xFF masked=1) -- NOT at power-on default
[u42]   ioapic1.redir[6]=0x00000000000100FF (vec=0xFF masked=1) -- NOT at power-on default
[u42]   ioapic1.redir[7]=0x00000000000100FF (vec=0xFF masked=1) -- NOT at power-on default
[u42]   ioapic1.redir[8]=0x01000000000008D1 (vec=0xD1 masked=0) -- NOT at power-on default
[u42]   ioapic1.redir[9]=0x00000000000100FF (vec=0xFF masked=1) -- NOT at power-on default
[u42]   ioapic1.redir[10]=0x00000000000100FF (vec=0xFF masked=1) -- NOT at power-on default
[u42]   ioapic1.redir[11]=0x00000000000100FF (vec=0xFF masked=1) -- NOT at power-on default
[u42]   ioapic1.redir[12]=0x00000000000100FF (vec=0xFF masked=1) -- NOT at power-on default
[u42]   ioapic1.redir[13]=0x00000000000100FF (vec=0xFF masked=1) -- NOT at power-on default
[u42]   ioapic1.redir[14]=0x00000000000100FF (vec=0xFF masked=1) -- NOT at power-on default
[u42]   ioapic1.redir[15]=0x00000000000100FF (vec=0xFF masked=1) -- NOT at power-on default
[u42]   ioapic1.redir[16]=0x00000000000100FF (vec=0xFF masked=1) -- NOT at power-on default
[u42]   ioapic1.redir[17]=0x00000000000100FF (vec=0xFF masked=1) -- NOT at power-on default
[u42]   ioapic1.redir[18]=0x00000000000100FF (vec=0xFF masked=1) -- NOT at power-on default
[u42]   ioapic1.redir[19]=0x00000000000100FF (vec=0xFF masked=1) -- NOT at power-on default
[u42]   ioapic1.redir[20]=0x00000000000100FF (vec=0xFF masked=1) -- NOT at power-on default
[u42]   ioapic1.redir[21]=0x00000000000100FF (vec=0xFF masked=1) -- NOT at power-on default
[u42]   ioapic1.redir[22]=0x00000000000100FF (vec=0xFF masked=1) -- NOT at power-on default
[u42]   ioapic1.redir[23]=0x00000000000100FF (vec=0xFF masked=1) -- NOT at power-on default
[u42]   ioapic2.redir[0]=0x00000000000100FF (vec=0xFF masked=1) -- NOT at power-on default
[u42]   ioapic2.redir[1]=0x00000000000100FF (vec=0xFF masked=1) -- NOT at power-on default
[u42]   ioapic2.redir[2]=0x00000000000100FF (vec=0xFF masked=1) -- NOT at power-on default
[u42]   ioapic2.redir[3]=0x00000000000100FF (vec=0xFF masked=1) -- NOT at power-on default
[u42]   ioapic2.redir[4]=0x00000000000100FF (vec=0xFF masked=1) -- NOT at power-on default
[u42]   ioapic2.redir[5]=0x00000000000100FF (vec=0xFF masked=1) -- NOT at power-on default
[u42]   ioapic2.redir[6]=0x00000000000100FF (vec=0xFF masked=1) -- NOT at power-on default
[u42]   ioapic2.redir[7]=0x00000000000100FF (vec=0xFF masked=1) -- NOT at power-on default
[u42]   ioapic2.redir[8]=0x00000000000100FF (vec=0xFF masked=1) -- NOT at power-on default
[u42]   ioapic2.redir[9]=0x00000000000100FF (vec=0xFF masked=1) -- NOT at power-on default
[u42]   ioapic2.redir[10]=0x00000000000100FF (vec=0xFF masked=1) -- NOT at power-on default
[u42]   ioapic2.redir[11]=0x00000000000100FF (vec=0xFF masked=1) -- NOT at power-on default
[u42]   ioapic2.redir[12]=0x00000000000100FF (vec=0xFF masked=1) -- NOT at power-on default
[u42]   ioapic2.redir[13]=0x00000000000100FF (vec=0xFF masked=1) -- NOT at power-on default
[u42]   ioapic2.redir[14]=0x00000000000100FF (vec=0xFF masked=1) -- NOT at power-on default
[u42]   ioapic2.redir[15]=0x00000000000100FF (vec=0xFF masked=1) -- NOT at power-on default
[u42]   ioapic2.redir[16]=0x00000000000100FF (vec=0xFF masked=1) -- NOT at power-on default
[u42]   ioapic2.redir[17]=0x00000000000100FF (vec=0xFF masked=1) -- NOT at power-on default
[u42]   ioapic2.redir[18]=0x00000000000100FF (vec=0xFF masked=1) -- NOT at power-on default
[u42]   ioapic2.redir[19]=0x00000000000100FF (vec=0xFF masked=1) -- NOT at power-on default
[u42]   ioapic2.redir[20]=0x00000000000100FF (vec=0xFF masked=1) -- NOT at power-on default
[u42]   ioapic2.redir[21]=0x00000000000100FF (vec=0xFF masked=1) -- NOT at power-on default
[u42]   ioapic2.redir[22]=0x00000000000100FF (vec=0xFF masked=1) -- NOT at power-on default
[u42]   ioapic2.redir[23]=0x00000000000100FF (vec=0xFF masked=1) -- NOT at power-on default
[heartbeat: exitCount=2420000 elapsedSec=88.7 lastPort=0x511 write=0 val=0xF]
[heartbeat: exitCount=2425000 elapsedSec=88.7 lastPort=0xB008 write=0 val=0x2]
[ramfb] configured: address=0xBE500000 800x600 stride=3200
[cmos-ab] write reg=0x0A value=0x26 (RegA=0x26 RegB=0x02, PIE=0)
[heartbeat: exitCount=2430000 elapsedSec=88.9 lastPort=0xCFC write=0 val=0x89]
[2J[001;001H[=3h[2J[001;001H[2J[001;001H[8;056;240t[2J[001;001H[2J[001;001H[=3h[2J[001;001H[2J[001;001H[8;031;100t[2J[001;001H[aux] controller: disable AUX port
[heartbeat: exitCount=2435000 elapsedSec=89.0 lastPort=0xB008 write=0 val=0x0]
[heartbeat: exitCount=2440000 elapsedSec=89.1 lastPort=0xCF8 write=1 val=0x0]
BdsDxe: loading Boot0002 "UEFI LocalHost Virtual Disk LH0001 " from PciRoot(0x0)/Pci(0x2,0x0)/Sata(0x0,0xFFFF,0x0)
BdsDxe: starting Boot0002 "UEFI LocalHost Virtual Disk LH0001 " from PciRoot(0x0)/Pci(0x2,0x0)/Sata(0x0,0xFFFF,0x0)
[heartbeat: exitCount=2445000 elapsedSec=89.3 lastPort=0xB008 write=0 val=0x89]
[2J[001;001H[=3h[2J[001;001H[heartbeat: exitCount=2450000 elapsedSec=89.4 lastPort=0xB008 write=0 val=0x89]
[heartbeat: exitCount=2455000 elapsedSec=89.5 lastPort=0xB008 write=0 val=0x89]
[heartbeat: exitCount=2460000 elapsedSec=89.6 lastPort=0xB008 write=0 val=0x89]
[heartbeat: exitCount=2465000 elapsedSec=89.7 lastPort=0xB008 write=0 val=0x89]
[heartbeat: exitCount=2470000 elapsedSec=89.9 lastPort=0xB008 write=0 val=0x89]
[heartbeat: exitCount=2475000 elapsedSec=90.0 lastPort=0xB008 write=0 val=0x89]
[heartbeat: exitCount=2480000 elapsedSec=90.1 lastPort=0xB008 write=0 val=0x89]
[heartbeat: exitCount=2485000 elapsedSec=90.2 lastPort=0xB008 write=0 val=0x89]
[heartbeat: exitCount=2490000 elapsedSec=90.3 lastPort=0xB008 write=0 val=0x89]
[heartbeat: exitCount=2495000 elapsedSec=90.4 lastPort=0xB008 write=0 val=0x89]
[heartbeat: exitCount=2500000 elapsedSec=90.5 lastPort=0xB008 write=0 val=0x89]
[u40] === RIP histogram pass 2 (periodic): 166600 samples, base=0xFFFFF8033D800000 ===
[u40]    68412  page 0xFFFFF80137965000
[u40]    59413  page 0xFFFFF8033DB65000  = base+0x365000
[u40]    22566  page 0xBEA03000
[u40]     3451  page 0xBF14E000
[u40]     3298  page 0x1DD9000
[u40]     1642  page 0xFFFFF801379BD000
[u40]     1638  page 0xFFFFF8033DBBD000  = base+0x3BD000
[u40]     1507  page 0xBFC50000
[u40]      828  page 0xFFFFF8033DBBC000  = base+0x3BC000
[u40]      826  page 0xFFFFF801379BC000
[u40]      817  page 0xBFD68000
[u40]      625  page 0xBE422000
[u40]      396  page 0xBF174000
[u40]      357  page 0xBF16B000
[u40]      291  page 0xBF14F000
[u40]      152  page 0xFFFFF8033DCCC000  = base+0x4CC000
[u40]      151  page 0xFFFFF80137ACC000
[u40]       44  page 0xBE41C000
[u40]   most recent 256 samples (newest last):
[u40]     BEA03B01@2497441 BEA03B01@2497451 BEA03B01@2497461 BEA03B01@2497471 BEA03B01@2497481 BEA03B01@2497491 BEA03B01@2497501 BEA03B01@2497511 BEA03B01@2497521 BEA03B01@2497531 BEA03B01@2497541 BEA03B01@2497551 BEA03B01@2497561 BEA03B01@2497571 BEA03B01@2497581 BEA03B01@2497591 BEA03B01@2497601 BEA03B01@2497611 BEA03B01@2497621 BEA03B01@2497631 BEA03B01@2497641 BEA03B01@2497651 BEA03B01@2497661 BEA03B01@2497671 BEA03B01@2497681 BEA03B01@2497691 BEA03B01@2497701 BEA03B01@2497711 BEA03B01@2497721 BEA03B01@2497731 BEA03B01@2497741 BEA03B01@2497751 BEA03B01@2497761 BEA03B01@2497771 BEA03B01@2497781 BEA03B01@2497791 BEA03B01@2497801 BEA03B01@2497811 BEA03B01@2497821 BEA03B01@2497831 BEA03B01@2497841 BEA03B01@2497851 BEA03B01@2497861 BEA03B01@2497871 BEA03B01@2497881 BEA03B01@2497891 BEA03B01@2497901 BEA03B01@2497911 BEA03B01@2497921 BEA03B01@2497931 BEA03B01@2497941 BEA03B01@2497951 BEA03B01@2497961 BEA03B01@2497971 BEA03B01@2497981 BEA03B01@2497991 BEA03B01@2498001 BEA03B01@2498011 BEA03B01@2498021 BEA03B01@2498031 BEA03B01@2498041 BE4227D6@2498051 BEA03B01@2498061 BEA03B01@2498071 BEA03B01@2498081 BEA03B01@2498091 BEA03B01@2498101 BEA03B01@2498111 BEA03B01@2498121 BEA03B01@2498131 BEA03B01@2498141 BEA03B01@2498151 BEA03B01@2498161 BEA03B01@2498171 BEA03B01@2498181 BEA03B01@2498191 BEA03B01@2498201 BEA03B01@2498211 BEA03B01@2498221 BEA03B01@2498231 BEA03B01@2498241 BEA03B01@2498251 BEA03B01@2498261 BEA03B01@2498271 BEA03B01@2498281 BEA03B01@2498291 BEA03B01@2498301 BEA03B01@2498311 BEA03B01@2498321 BEA03B01@2498331 BEA03B01@2498341 BEA03B01@2498351 BEA03B01@2498361 BEA03B01@2498371 BEA03B01@2498381 BEA03B01@2498391 BEA03B01@2498401 BEA03B01@2498411 BEA03B01@2498421 BEA03B01@2498431 BEA03B01@2498441 BEA03B01@2498451 BEA03B01@2498461 BEA03B01@2498471 BEA03B01@2498481 BEA03B01@2498491 BEA03B01@2498501 BEA03B01@2498511 BEA03B01@2498521 BEA03B01@2498531 BEA03B01@2498541 BEA03B01@2498551 BEA03B01@2498561 BEA03B01@2498571 BEA03B01@2498581 BEA03B01@2498591 BEA03B01@2498601 BEA03B01@2498611 BEA03B01@2498621 BEA03B01@2498631 BEA03B01@2498641 BEA03B01@2498651 BEA03B01@2498661 BEA03B01@2498671 BEA03B01@2498681 BEA03B01@2498691 BEA03B01@2498701 BEA03B01@2498711 BEA03B01@2498721 BEA03B01@2498731 BEA03B01@2498741 BEA03B01@2498751 BEA03B01@2498761 BEA03B01@2498771 BEA03B01@2498781 BEA03B01@2498791 BEA03B01@2498801 BEA03B01@2498811 BEA03B01@2498821 BEA03B01@2498831 BEA03B01@2498841 BEA03B01@2498851 BEA03B01@2498861 BEA03B01@2498871 BEA03B01@2498881 BEA03B01@2498891 BEA03B01@2498901 BEA03B01@2498911 BEA03B01@2498921 BEA03B01@2498931 BEA03B01@2498941 BEA03B01@2498951 BEA03B01@2498961 BEA03B01@2498971 BEA03B01@2498981 BEA03B01@2498991 BEA03B01@2499001 BEA03B01@2499011 BEA03B01@2499021 BEA03B01@2499031 BEA03B01@2499041 BEA03B01@2499051 BEA03B01@2499061 BEA03B01@2499071 BEA03B01@2499081 BEA03B01@2499091 BEA03B01@2499101 BEA03B01@2499111 BEA03B01@2499121 BEA03B01@2499131 BEA03B01@2499141 BEA03B01@2499151 BEA03B01@2499161 BEA03B01@2499171 BEA03B01@2499181 BEA03B01@2499191 BEA03B01@2499201 BEA03B01@2499211 BEA03B01@2499221 BEA03B01@2499231 BEA03B01@2499241 BEA03B01@2499251 BEA03B01@2499261 BEA03B01@2499271 BEA03B01@2499281 BEA03B01@2499291 BEA03B01@2499301 BEA03B01@2499311 BEA03B01@2499321 BEA03B01@2499331 BEA03B01@2499341 BEA03B01@2499351 BEA03B01@2499361 BEA03B01@2499371 BEA03B01@2499381 BEA03B01@2499391 BEA03B01@2499401 BEA03B01@2499411 BEA03B01@2499421 BEA03B01@2499431 BEA03B01@2499441 BEA03B01@2499451 BEA03B01@2499461 BEA03B01@2499471 BEA03B01@2499481 BEA03B01@2499491 BEA03B01@2499501 BEA03B01@2499511 BEA03B01@2499521 BEA03B01@2499531 BEA03B01@2499541 BEA03B01@2499551 BEA03B01@2499561 BEA03B01@2499571 BEA03B01@2499581 BEA03B01@2499591 BEA03B01@2499601 BEA03B01@2499611 BEA03B01@2499621 BEA03B01@2499631 BEA03B01@2499641 BEA03B01@2499651 BEA03B01@2499661 BEA03B01@2499671 BEA03B01@2499681 BEA03B01@2499691 BEA03B01@2499701 BEA03B01@2499711 BEA03B01@2499721 BEA03B01@2499731 BEA03B01@2499741 BEA03B01@2499751 BEA03B01@2499761 BEA03B01@2499771 BEA03B01@2499781 BEA03B01@2499791 BEA03B01@2499801 BEA03B01@2499811 BEA03B01@2499821 BEA03B01@2499831 BEA03B01@2499841 BEA03B01@2499851 BEA03B01@2499861 BEA03B01@2499871 BEA03B01@2499881 BEA03B01@2499891 BEA03B01@2499901 BEA03B01@2499911 BEA03B01@2499921 BEA03B01@2499931 BEA03B01@2499941 BEA03B01@2499951 BEA03B01@2499961 BEA03B01@2499971 BEA03B01@2499981 BEA03B01@2499991
[heartbeat: exitCount=2505000 elapsedSec=90.6 lastPort=0xB008 write=0 val=0x89]
[heartbeat: exitCount=2510000 elapsedSec=90.8 lastPort=0xB008 write=0 val=0x89]
[heartbeat: exitCount=2515000 elapsedSec=90.9 lastPort=0xB008 write=0 val=0x89]
[heartbeat: exitCount=2520000 elapsedSec=91.0 lastPort=0xB008 write=0 val=0x89]
[heartbeat: exitCount=2525000 elapsedSec=91.2 lastPort=0xB008 write=0 val=0x2]
[aux] controller: disable AUX port
[heartbeat: exitCount=2530000 elapsedSec=93.2 lastPort=0xCF8 write=1 val=0x0]
[heartbeat: exitCount=2535000 elapsedSec=93.3 lastPort=0xCF8 write=1 val=0x0]
[heartbeat: exitCount=2540000 elapsedSec=93.4 lastPort=0xCF8 write=1 val=0x0]
[heartbeat: exitCount=2545000 elapsedSec=93.4 lastPort=0xCF8 write=1 val=0x0]
[kerneldiag] candidate address 0xFFFFF8030D1A57DD resolves to module base 0xFFFFF8030CE00000 (+0x3A57DD into it)
[kerneldiag] debug directory: type=2 codeViewRva=0x40970
[kerneldiag] module PDB name: ntkrnlmp.pdb guid=D9424FC4-861E-47C1-0FAD1B35DEC6DCC8 age=1
[wp] DISCOVERY at exitCount=2546405 (pass 2)
[wp] armed breakpoints at module base 0xFFFFF8030CE00000 (DR2 LFH-check armed=1): DR0=+0x3DC890 (U34 ExInitializePoolHeapManagement entry, VA=0xFFFFF8030D1DC890), DR1=+0x3FD6F0 (KeBugCheckEx, VA=0xFFFFF8030D1FD6F0), DR2=+0x343B49 (RtlpHpLfhOwnerMoveSubsegment entry, VA=0xFFFFF8030D143B49), DR3=+0x9A188F (HalpIommuInitSystem ret, VA=0xFFFFF8030D7A188F)
[u32] ExPoolState pool-descriptor fields (pass 2):
[u32]   pool[0] desc@RVA0xC57EC0: +0x08=0x0 +0x10=0x0  <== +0x10 NULL
[u32]   pool[1] desc@RVA0xC59F80: +0x08=0x0 +0x10=0x0  <== +0x10 NULL
[u32]   pool[2] desc@RVA0xC5C040: +0x08=0x0 +0x10=0x0  <== +0x10 NULL
[u32]   pool[3] desc@RVA0xC5E100: +0x08=0x0 +0x10=0x0  <== +0x10 NULL
[u32]   pool[4] desc@RVA0xC601C0: +0x08=0x0 +0x10=0x0  <== +0x10 NULL
[u32]   pool[5] desc@RVA0xC62280: +0x08=0x0 +0x10=0x0  <== +0x10 NULL
[u32]   pool[6] desc@RVA0xC64340: +0x08=0x0 +0x10=0x0  <== +0x10 NULL
[u32]   pool[7] desc@RVA0xC66400: +0x08=0x0 +0x10=0x0  <== +0x10 NULL
[u33] EDGE pass=2 exitCount=2546405 (reset+126569) pool[0]: +0x08 0xFFFF888E46602000->0x0 +0x10 0xFFFFBB851CC00000->0x0 +0x08 CLEARED(set->null) +0x10 CLEARED(set->null)
[heartbeat: exitCount=2550000 elapsedSec=93.5 lastPort=0xB008 write=0 val=0xFF]
[cmos-ab] write reg=0x0A value=0x25 (RegA=0x25 RegB=0x02, PIE=0)
[ioapic-rte] controller id=1 entry=8 reg=0x20 value=0x000008D1 -> full RTE now 0x01000000000008D1 (vector=0xD1 masked=0)
[cmos-ab] write reg=0x0B value=0x02 (RegA=0x25 RegB=0x02, PIE=0)
[ioapic-rte] controller id=1 entry=8 reg=0x21 value=0x01000000 -> full RTE now 0x01000000000008D1 (vector=0xD1 masked=0)
[ioapic-rte] controller id=1 entry=8 reg=0x20 value=0x000008D1 -> full RTE now 0x01000000000008D1 (vector=0xD1 masked=0)
[cmos-ab] write reg=0x0B value=0x42 (RegA=0x25 RegB=0x42, PIE=1)
[u33] EDGE pass=2 exitCount=2554405 (reset+134569) pool[0]: +0x08 0x0->0xFFFFB90867E02000 +0x10 0x0->0xFFFFCA865EC00000 +0x08 INIT(null->set) +0x10 INIT(null->set)
[heartbeat: exitCount=2555000 elapsedSec=93.8 lastPort=0xCF8 write=1 val=0xC]
[heartbeat: exitCount=2560000 elapsedSec=93.9 lastPort=0xCF8 write=1 val=0xC]
[heartbeat: exitCount=2565000 elapsedSec=94.0 lastPort=0xCF8 write=1 val=0xC]
[heartbeat: exitCount=2570000 elapsedSec=94.1 lastPort=0xCFC write=0 val=0xC]
[cmos-ab] write reg=0x0B value=0x02 (RegA=0x25 RegB=0x02, PIE=0)
[heartbeat: exitCount=2575000 elapsedSec=94.1 lastPort=0xCFC write=0 val=0xC]
[cmos-ab] write reg=0x0B value=0x02 (RegA=0x25 RegB=0x02, PIE=0)
[ioapic-rte] controller id=1 entry=8 reg=0x21 value=0x01000000 -> full RTE now 0x01000000000008D1 (vector=0xD1 masked=0)
[ioapic-rte] controller id=1 entry=8 reg=0x20 value=0x000008D1 -> full RTE now 0x01000000000008D1 (vector=0xD1 masked=0)
[cmos-ab] write reg=0x0B value=0x42 (RegA=0x25 RegB=0x42, PIE=1)
[heartbeat: exitCount=2580000 elapsedSec=94.2 lastPort=0xB008 write=0 val=0x9]
[heartbeat: exitCount=2585000 elapsedSec=94.3 lastPort=0xB008 write=0 val=0x9]

[BUGCHECK] hit #1: KeBugCheckEx code=0xA5 p1=0x11 p2=0x3 p3=0x0 exitCount=2588260
[BUGCHECK]   p4=0x0  caller(return)=0xFFFFF80310FC0454[kerneldiag] candidate address 0xFFFFF80310FC0454 resolves to module base 0xFFFFF80310F00000 (+0xC0454 into it)
[kerneldiag] debug directory: type=2 codeViewRva=0x73F3C
[kerneldiag] module PDB name: acpi.pdb guid=662B8231-E47D-1FF9-F7E8C8FD1B44A572 age=1
  (base 0xFFFFF80310F00000 RVA 0xC0454)
[BUGCHECK]   stack (canonical kernel qwords):
[BUGCHECK]     [rsp+0x00]=0xFFFFF80310FC0454[kerneldiag] candidate address 0xFFFFF80310FC0454 resolves to module base 0xFFFFF80310F00000 (+0xC0454 into it)
[kerneldiag] debug directory: type=2 codeViewRva=0x73F3C
[kerneldiag] module PDB name: acpi.pdb guid=662B8231-E47D-1FF9-F7E8C8FD1B44A572 age=1
  (RVA 0xC0454)
[BUGCHECK]     [rsp+0x10]=0xFFFFF80310F701CA[kerneldiag] candidate address 0xFFFFF80310F701CA resolves to module base 0xFFFFF80310F00000 (+0x701CA into it)
[kerneldiag] debug directory: type=2 codeViewRva=0x73F3C
[kerneldiag] module PDB name: acpi.pdb guid=662B8231-E47D-1FF9-F7E8C8FD1B44A572 age=1
  (RVA 0x701CA)
[BUGCHECK]     [rsp+0x18]=0xFFFFB908684A5A60[kerneldiag] no PE header found scanning VA back from 0xFFFFB908684A5A60

[BUGCHECK]     [rsp+0x20]=0xFFFFB90868481A20[kerneldiag] no PE header found scanning VA back from 0xFFFFB90868481A20

[BUGCHECK]     [rsp+0x30]=0xFFFFF803C0140019[kerneldiag] no PE header found scanning VA back from 0xFFFFF803C0140019

[heartbeat: exitCount=2590000 elapsedSec=94.9 lastPort=0xB008 write=0 val=0xC]
[heartbeat: exitCount=2595000 elapsedSec=94.9 lastPort=0xB008 write=0 val=0xC]
[heartbeat: exitCount=2600000 elapsedSec=95.0 lastPort=0xB008 write=0 val=0xC]
[heartbeat: exitCount=2605000 elapsedSec=95.1 lastPort=0xB008 write=0 val=0xC]
[heartbeat: exitCount=2610000 elapsedSec=95.2 lastPort=0xB008 write=0 val=0xC]
[heartbeat: exitCount=2615000 elapsedSec=95.2 lastPort=0xB008 write=0 val=0xC]
[heartbeat: exitCount=2620000 elapsedSec=95.3 lastPort=0xB008 write=0 val=0xC]
[heartbeat: exitCount=2625000 elapsedSec=95.4 lastPort=0xB008 write=0 val=0xC]
[heartbeat: exitCount=2630000 elapsedSec=95.5 lastPort=0xB008 write=0 val=0xC]
[heartbeat: exitCount=2635000 elapsedSec=95.5 lastPort=0xB008 write=0 val=0xC]
[heartbeat: exitCount=2640000 elapsedSec=95.6 lastPort=0xB008 write=0 val=0xC]
[heartbeat: exitCount=2645000 elapsedSec=95.7 lastPort=0xB008 write=0 val=0xC]
[heartbeat: exitCount=2650000 elapsedSec=95.8 lastPort=0xB008 write=0 val=0xC]
[heartbeat: exitCount=2655000 elapsedSec=95.8 lastPort=0xB008 write=0 val=0xC]
[heartbeat: exitCount=2660000 elapsedSec=95.9 lastPort=0xB008 write=0 val=0xC]
[heartbeat: exitCount=2665000 elapsedSec=96.0 lastPort=0xB008 write=0 val=0xC]
[heartbeat: exitCount=2670000 elapsedSec=96.1 lastPort=0xB008 write=0 val=0xC]
[heartbeat: exitCount=2675000 elapsedSec=96.1 lastPort=0xB008 write=0 val=0xC]
[heartbeat: exitCount=2680000 elapsedSec=96.2 lastPort=0xB008 write=0 val=0xC]
[heartbeat: exitCount=2685000 elapsedSec=96.3 lastPort=0xB008 write=0 val=0xC]
[heartbeat: exitCount=2690000 elapsedSec=96.4 lastPort=0xB008 write=0 val=0xC]
[heartbeat: exitCount=2695000 elapsedSec=96.5 lastPort=0xB008 write=0 val=0xC]
[heartbeat: exitCount=2700000 elapsedSec=96.6 lastPort=0xB008 write=0 val=0xC]
[heartbeat: exitCount=2705000 elapsedSec=96.7 lastPort=0xB008 write=0 val=0xC]
[heartbeat: exitCount=2710000 elapsedSec=96.7 lastPort=0xB008 write=0 val=0xC]
[heartbeat: exitCount=2715000 elapsedSec=96.8 lastPort=0xB008 write=0 val=0xC]
[heartbeat: exitCount=2720000 elapsedSec=96.9 lastPort=0xB008 write=0 val=0xC]
[heartbeat: exitCount=2725000 elapsedSec=97.0 lastPort=0xB008 write=0 val=0xC]
[heartbeat: exitCount=2730000 elapsedSec=97.0 lastPort=0xB008 write=0 val=0xC]
[heartbeat: exitCount=2735000 elapsedSec=97.1 lastPort=0xB008 write=0 val=0xC]
[heartbeat: exitCount=2740000 elapsedSec=97.2 lastPort=0xB008 write=0 val=0xC]
[heartbeat: exitCount=2745000 elapsedSec=97.3 lastPort=0xB008 write=0 val=0xC]
[heartbeat: exitCount=2750000 elapsedSec=97.3 lastPort=0xB008 write=0 val=0xC]
[u40] === RIP histogram pass 2 (periodic): 191600 samples, base=0xFFFFF8030CE00000 ===
[u40]    68412  page 0xFFFFF80137965000
[u40]    59413  page 0xFFFFF8033DB65000
[u40]    25095  page 0xBEA03000
[u40]    17708  page 0xFFFFF8030D165000  = base+0x365000
[u40]     4947  page 0x1DD9000
[u40]     3451  page 0xBF14E000
[u40]     1642  page 0xFFFFF801379BD000
[u40]     1642  page 0xFFFFF8030D1BD000  = base+0x3BD000
[u40]     1638  page 0xFFFFF8033DBBD000
[u40]     1507  page 0xBFC50000
[u40]     1186  page 0xBFD68000
[u40]      828  page 0xFFFFF8033DBBC000
[u40]      826  page 0xFFFFF801379BC000
[u40]      825  page 0xFFFFF8030D1BC000  = base+0x3BC000
[u40]      644  page 0xBE422000
[u40]      424  page 0xBF16B000
[u40]      396  page 0xBF174000
[u40]      291  page 0xBF14F000
[u40]   most recent 256 samples (newest last):
[u40]     FFFFF8030D165444@2747441 FFFFF8030D165444@2747451 FFFFF8030D165444@2747461 FFFFF8030D165444@2747471 FFFFF8030D165444@2747481 FFFFF8030D165444@2747491 FFFFF8030D165444@2747501 FFFFF8030D165444@2747511 FFFFF8030D165444@2747521 FFFFF8030D165444@2747531 FFFFF8030D165444@2747541 FFFFF8030D165444@2747551 FFFFF8030D165444@2747561 FFFFF8030D165444@2747571 FFFFF8030D165444@2747581 FFFFF8030D165444@2747591 FFFFF8030D165444@2747601 FFFFF8030D165444@2747611 FFFFF8030D165444@2747621 FFFFF8030D165444@2747631 FFFFF8030D165444@2747641 FFFFF8030D165444@2747651 FFFFF8030D165444@2747661 FFFFF8030D165444@2747671 FFFFF8030D165444@2747681 FFFFF8030D165444@2747691 FFFFF8030D165444@2747701 FFFFF8030D165444@2747711 FFFFF8030D165444@2747721 FFFFF8030D165444@2747731 FFFFF8030D165444@2747741 FFFFF8030D165444@2747751 FFFFF8030D165444@2747761 FFFFF8030D165444@2747771 FFFFF8030D165444@2747781 FFFFF8030D165444@2747791 FFFFF8030D165444@2747801 FFFFF8030D165444@2747811 FFFFF8030D165444@2747821 FFFFF8030D165444@2747831 FFFFF8030D165444@2747841 FFFFF8030D165444@2747851 FFFFF8030D165444@2747861 FFFFF8030D165444@2747871 FFFFF8030D165444@2747881 FFFFF8030D165444@2747891 FFFFF8030D165444@2747901 FFFFF8030D165444@2747911 FFFFF8030D165444@2747921 FFFFF8030D165444@2747931 FFFFF8030D165444@2747941 FFFFF8030D165444@2747951 FFFFF8030D165444@2747961 FFFFF8030D165444@2747971 FFFFF8030D165444@2747981 FFFFF8030D165444@2747991 FFFFF8030D165444@2748001 FFFFF8030D165444@2748011 FFFFF8030D165444@2748021 FFFFF8030D165444@2748031 FFFFF8030D165444@2748041 FFFFF8030D165444@2748051 FFFFF8030D165444@2748061 FFFFF8030D165444@2748071 FFFFF8030D165444@2748081 FFFFF8030D165444@2748091 FFFFF8030D165444@2748101 FFFFF8030D165444@2748111 FFFFF8030D165444@2748121 FFFFF8030D165444@2748131 FFFFF8030D165444@2748141 FFFFF8030D165444@2748151 FFFFF8030D165444@2748161 FFFFF8030D165444@2748171 FFFFF8030D165444@2748181 FFFFF8030D165444@2748191 FFFFF8030D165444@2748201 FFFFF8030D165444@2748211 FFFFF8030D165444@2748221 FFFFF8030D165444@2748231 FFFFF8030D165444@2748241 FFFFF8030D165444@2748251 FFFFF8030D165444@2748261 FFFFF8030D165444@2748271 FFFFF8030D165444@2748281 FFFFF8030D165444@2748291 FFFFF8030D165444@2748301 FFFFF8030D165444@2748311 FFFFF8030D165444@2748321 FFFFF8030D165444@2748331 FFFFF8030D165444@2748341 FFFFF8030D165444@2748351 FFFFF8030D165444@2748361 FFFFF8030D165444@2748371 FFFFF8030D165444@2748381 FFFFF8030D165444@2748391 FFFFF8030D165444@2748401 FFFFF8030D165444@2748411 FFFFF8030D165444@2748421 FFFFF8030D165444@2748431 FFFFF8030D165444@2748441 FFFFF8030D165444@2748451 FFFFF8030D165444@2748461 FFFFF8030D165444@2748471 FFFFF8030D165444@2748481 FFFFF8030D165444@2748491 FFFFF8030D165444@2748501 FFFFF8030D165444@2748511 FFFFF8030D165444@2748521 FFFFF8030D165444@2748531 FFFFF8030D165444@2748541 FFFFF8030D165444@2748551 FFFFF8030D165444@2748561 FFFFF8030D165444@2748571 FFFFF8030D165444@2748581 FFFFF8030D165444@2748591 FFFFF8030D165444@2748601 FFFFF8030D165444@2748611 FFFFF8030D165444@2748621 FFFFF8030D165444@2748631 FFFFF8030D165444@2748641 FFFFF8030D165444@2748651 FFFFF8030D165444@2748661 FFFFF8030D165444@2748671 FFFFF8030D165444@2748681 FFFFF8030D165444@2748691 FFFFF8030D165444@2748701 FFFFF8030D165444@2748711 FFFFF8030D165444@2748721 FFFFF8030D165444@2748731 FFFFF8030D165444@2748741 FFFFF8030D165444@2748751 FFFFF8030D165444@2748761 FFFFF8030D165444@2748771 FFFFF8030D165444@2748781 FFFFF8030D165444@2748791 FFFFF8030D165444@2748801 FFFFF8030D165444@2748811 FFFFF8030D165444@2748821 FFFFF8030D165444@2748831 FFFFF8030D165444@2748841 FFFFF8030D165444@2748851 FFFFF8030D165444@2748861 FFFFF8030D165444@2748871 FFFFF8030D165444@2748881 FFFFF8030D165444@2748891 FFFFF8030D165444@2748901 FFFFF8030D165444@2748911 FFFFF8030D165444@2748921 FFFFF8030D165444@2748931 FFFFF8030D165444@2748941 FFFFF8030D165444@2748951 FFFFF8030D165444@2748961 FFFFF8030D165444@2748971 FFFFF8030D165444@2748981 FFFFF8030D165444@2748991 FFFFF8030D165444@2749001 FFFFF8030D165444@2749011 FFFFF8030D165444@2749021 FFFFF8030D165444@2749031 FFFFF8030D165444@2749041 FFFFF8030D165444@2749051 FFFFF8030D165444@2749061 FFFFF8030D165444@2749071 FFFFF8030D165444@2749081 FFFFF8030D165444@2749091 FFFFF8030D165444@2749101 FFFFF8030D165444@2749111 FFFFF8030D165444@2749121 FFFFF8030D165444@2749131 FFFFF8030D165444@2749141 FFFFF8030D165444@2749151 FFFFF8030D165444@2749161 FFFFF8030D165444@2749171 FFFFF8030D165444@2749181 FFFFF8030D165444@2749191 FFFFF8030D165444@2749201 FFFFF8030D165444@2749211 FFFFF8030D165444@2749221 FFFFF8030D165444@2749231 FFFFF8030D165444@2749241 FFFFF8030D165444@2749251 FFFFF8030D165444@2749261 FFFFF8030D165444@2749271 FFFFF8030D165444@2749281 FFFFF8030D165444@2749291 FFFFF8030D165444@2749301 FFFFF8030D165444@2749311 FFFFF8030D165444@2749321 FFFFF8030D165444@2749331 FFFFF8030D165444@2749341 FFFFF8030D165444@2749351 FFFFF8030D165444@2749361 FFFFF8030D165444@2749371 FFFFF8030D165444@2749381 FFFFF8030D165444@2749391 FFFFF8030D165444@2749401 FFFFF8030D165444@2749411 FFFFF8030D165444@2749421 FFFFF8030D165444@2749431 FFFFF8030D165444@2749441 FFFFF8030D165444@2749451 FFFFF8030D165444@2749461 FFFFF8030D165444@2749471 FFFFF8030D165444@2749481 FFFFF8030D165444@2749491 FFFFF8030D165444@2749501 FFFFF8030D165444@2749511 FFFFF8030D165444@2749521 FFFFF8030D165444@2749531 FFFFF8030D165444@2749541 FFFFF8030D165444@2749551 FFFFF8030D165444@2749561 FFFFF8030D165444@2749571 FFFFF8030D165444@2749581 FFFFF8030D165444@2749591 FFFFF8030D165444@2749601 FFFFF8030D165444@2749611 FFFFF8030D165444@2749621 FFFFF8030D165444@2749631 FFFFF8030D165444@2749641 FFFFF8030D165444@2749651 FFFFF8030D165444@2749661 FFFFF8030D165444@2749671 FFFFF8030D165444@2749681 FFFFF8030D165444@2749691 FFFFF8030D165444@2749701 FFFFF8030D165444@2749711 FFFFF8030D165444@2749721 FFFFF8030D165444@2749731 FFFFF8030D165444@2749741 FFFFF8030D165444@2749751 FFFFF8030D165444@2749761 FFFFF8030D165444@2749771 FFFFF8030D165444@2749781 FFFFF8030D165444@2749791 FFFFF8030D165444@2749801 FFFFF8030D165444@2749811 FFFFF8030D165444@2749821 FFFFF8030D165444@2749831 FFFFF8030D165444@2749841 FFFFF8030D165444@2749851 FFFFF8030D165444@2749861 FFFFF8030D165444@2749871 FFFFF8030D165444@2749881 FFFFF8030D165444@2749891 FFFFF8030D165444@2749901 FFFFF8030D165444@2749911 FFFFF8030D165444@2749921 FFFFF8030D165444@2749931 FFFFF8030D165444@2749941 FFFFF8030D165444@2749951 FFFFF8030D165444@2749961 FFFFF8030D165444@2749971 FFFFF8030D165444@2749981 FFFFF8030D165444@2749991
[heartbeat: exitCount=2755000 elapsedSec=97.4 lastPort=0xB008 write=0 val=0xC]
[heartbeat: exitCount=2760000 elapsedSec=97.5 lastPort=0xB008 write=0 val=0xC]
[heartbeat: exitCount=2765000 elapsedSec=97.6 lastPort=0xB008 write=0 val=0xC]
[heartbeat: exitCount=2770000 elapsedSec=97.6 lastPort=0xB008 write=0 val=0xC]
[heartbeat: exitCount=2775000 elapsedSec=97.7 lastPort=0xB008 write=0 val=0xC]
[heartbeat: exitCount=2780000 elapsedSec=97.8 lastPort=0xB008 write=0 val=0xC]
[heartbeat: exitCount=2785000 elapsedSec=97.8 lastPort=0xB008 write=0 val=0xC]
[heartbeat: exitCount=2790000 elapsedSec=97.9 lastPort=0xB008 write=0 val=0xC]
[heartbeat: exitCount=2795000 elapsedSec=98.0 lastPort=0xB008 write=0 val=0xC]
[heartbeat: exitCount=2800000 elapsedSec=98.0 lastPort=0xB008 write=0 val=0xC]
[heartbeat: exitCount=2805000 elapsedSec=98.1 lastPort=0xB008 write=0 val=0xC]
[heartbeat: exitCount=2810000 elapsedSec=98.2 lastPort=0xB008 write=0 val=0xC]
[heartbeat: exitCount=2815000 elapsedSec=98.2 lastPort=0xB008 write=0 val=0xC]
[heartbeat: exitCount=2820000 elapsedSec=98.3 lastPort=0xB008 write=0 val=0xC]
[heartbeat: exitCount=2825000 elapsedSec=98.4 lastPort=0xB008 write=0 val=0xC]
[heartbeat: exitCount=2830000 elapsedSec=98.5 lastPort=0xB008 write=0 val=0xC]
[heartbeat: exitCount=2835000 elapsedSec=98.5 lastPort=0xB008 write=0 val=0xC]
[heartbeat: exitCount=2840000 elapsedSec=98.6 lastPort=0xB008 write=0 val=0xC]
[heartbeat: exitCount=2845000 elapsedSec=98.7 lastPort=0xB008 write=0 val=0xC]
[heartbeat: exitCount=2850000 elapsedSec=98.7 lastPort=0xB008 write=0 val=0xC]
[heartbeat: exitCount=2855000 elapsedSec=98.8 lastPort=0xB008 write=0 val=0xC]
[heartbeat: exitCount=2860000 elapsedSec=98.9 lastPort=0xB008 write=0 val=0xC]
[heartbeat: exitCount=2865000 elapsedSec=99.0 lastPort=0xB008 write=0 val=0xC]
[heartbeat: exitCount=2870000 elapsedSec=99.0 lastPort=0xB008 write=0 val=0xC]
[heartbeat: exitCount=2875000 elapsedSec=99.1 lastPort=0xB008 write=0 val=0xC]
[heartbeat: exitCount=2880000 elapsedSec=99.2 lastPort=0xB008 write=0 val=0xC]
[heartbeat: exitCount=2885000 elapsedSec=99.3 lastPort=0xB008 write=0 val=0xC]
[heartbeat: exitCount=2890000 elapsedSec=99.3 lastPort=0xB008 write=0 val=0xC]
[heartbeat: exitCount=2895000 elapsedSec=99.4 lastPort=0xB008 write=0 val=0xC]
[heartbeat: exitCount=2900000 elapsedSec=99.5 lastPort=0xB008 write=0 val=0xC]
[heartbeat: exitCount=2905000 elapsedSec=99.6 lastPort=0xB008 write=0 val=0xC]
[heartbeat: exitCount=2910000 elapsedSec=99.6 lastPort=0xB008 write=0 val=0xC]
[heartbeat: exitCount=2915000 elapsedSec=99.7 lastPort=0xB008 write=0 val=0xC]
[heartbeat: exitCount=2920000 elapsedSec=99.8 lastPort=0xB008 write=0 val=0xC]
[heartbeat: exitCount=2925000 elapsedSec=99.9 lastPort=0xB008 write=0 val=0xC]
[heartbeat: exitCount=2930000 elapsedSec=99.9 lastPort=0xB008 write=0 val=0xC]
[heartbeat: exitCount=2935000 elapsedSec=100.0 lastPort=0xB008 write=0 val=0xC]
[heartbeat: exitCount=2940000 elapsedSec=100.1 lastPort=0xB008 write=0 val=0xC]
[heartbeat: exitCount=2945000 elapsedSec=100.2 lastPort=0xB008 write=0 val=0xC]
[heartbeat: exitCount=2950000 elapsedSec=100.2 lastPort=0xB008 write=0 val=0xC]
[heartbeat: exitCount=2955000 elapsedSec=100.3 lastPort=0xB008 write=0 val=0xC]
[heartbeat: exitCount=2960000 elapsedSec=100.4 lastPort=0xB008 write=0 val=0xC]
[heartbeat: exitCount=2965000 elapsedSec=100.5 lastPort=0xB008 write=0 val=0xC]
[heartbeat: exitCount=2970000 elapsedSec=100.5 lastPort=0xB008 write=0 val=0xC]
[rtc-diag] tick #2500 SKIPPED (interrupts disabled), skippedTotal=2235 firedTotal=265
[heartbeat: exitCount=2975000 elapsedSec=100.6 lastPort=0xB008 write=0 val=0xC]
[heartbeat: exitCount=2980000 elapsedSec=100.7 lastPort=0xB008 write=0 val=0xC]
[heartbeat: exitCount=2985000 elapsedSec=100.7 lastPort=0xB008 write=0 val=0xC]
[heartbeat: exitCount=2990000 elapsedSec=100.8 lastPort=0xB008 write=0 val=0xC]
[heartbeat: exitCount=2995000 elapsedSec=100.9 lastPort=0xB008 write=0 val=0xC]
[heartbeat: exitCount=3000000 elapsedSec=101.0 lastPort=0xB008 write=0 val=0xC]
[u40] === RIP histogram pass 2 (periodic): 216600 samples, base=0xFFFFF8030CE00000 ===
[u40]    68412  page 0xFFFFF80137965000
[u40]    59413  page 0xFFFFF8033DB65000
[u40]    42708  page 0xFFFFF8030D165000  = base+0x365000
[u40]    25095  page 0xBEA03000
[u40]     4947  page 0x1DD9000
[u40]     3451  page 0xBF14E000
[u40]     1642  page 0xFFFFF801379BD000
[u40]     1642  page 0xFFFFF8030D1BD000  = base+0x3BD000
[u40]     1638  page 0xFFFFF8033DBBD000
[u40]     1507  page 0xBFC50000
[u40]     1186  page 0xBFD68000
[u40]      828  page 0xFFFFF8033DBBC000
[u40]      826  page 0xFFFFF801379BC000
[u40]      825  page 0xFFFFF8030D1BC000  = base+0x3BC000
[u40]      644  page 0xBE422000
[u40]      424  page 0xBF16B000
[u40]      396  page 0xBF174000
[u40]      291  page 0xBF14F000
[u40]   most recent 256 samples (newest last):
[u40]     FFFFF8030D165444@2997441 FFFFF8030D165444@2997451 FFFFF8030D165444@2997461 FFFFF8030D165444@2997471 FFFFF8030D165444@2997481 FFFFF8030D165444@2997491 FFFFF8030D165444@2997501 FFFFF8030D165444@2997511 FFFFF8030D165444@2997521 FFFFF8030D165444@2997531 FFFFF8030D165444@2997541 FFFFF8030D165444@2997551 FFFFF8030D165444@2997561 FFFFF8030D165444@2997571 FFFFF8030D165444@2997581 FFFFF8030D165444@2997591 FFFFF8030D165444@2997601 FFFFF8030D165444@2997611 FFFFF8030D165444@2997621 FFFFF8030D165444@2997631 FFFFF8030D165444@2997641 FFFFF8030D165444@2997651 FFFFF8030D165444@2997661 FFFFF8030D165444@2997671 FFFFF8030D165444@2997681 FFFFF8030D165444@2997691 FFFFF8030D165444@2997701 FFFFF8030D165444@2997711 FFFFF8030D165444@2997721 FFFFF8030D165444@2997731 FFFFF8030D165444@2997741 FFFFF8030D165444@2997751 FFFFF8030D165444@2997761 FFFFF8030D165444@2997771 FFFFF8030D165444@2997781 FFFFF8030D165444@2997791 FFFFF8030D165444@2997801 FFFFF8030D165444@2997811 FFFFF8030D165444@2997821 FFFFF8030D165444@2997831 FFFFF8030D165444@2997841 FFFFF8030D165444@2997851 FFFFF8030D165444@2997861 FFFFF8030D165444@2997871 FFFFF8030D165444@2997881 FFFFF8030D165444@2997891 FFFFF8030D165444@2997901 FFFFF8030D165444@2997911 FFFFF8030D165444@2997921 FFFFF8030D165444@2997931 FFFFF8030D165444@2997941 FFFFF8030D165444@2997951 FFFFF8030D165444@2997961 FFFFF8030D165444@2997971 FFFFF8030D165444@2997981 FFFFF8030D165444@2997991 FFFFF8030D165444@2998001 FFFFF8030D165444@2998011 FFFFF8030D165444@2998021 FFFFF8030D165444@2998031 FFFFF8030D165444@2998041 FFFFF8030D165444@2998051 FFFFF8030D165444@2998061 FFFFF8030D165444@2998071 FFFFF8030D165444@2998081 FFFFF8030D165444@2998091 FFFFF8030D165444@2998101 FFFFF8030D165444@2998111 FFFFF8030D165444@2998121 FFFFF8030D165444@2998131 FFFFF8030D165444@2998141 FFFFF8030D165444@2998151 FFFFF8030D165444@2998161 FFFFF8030D165444@2998171 FFFFF8030D165444@2998181 FFFFF8030D165444@2998191 FFFFF8030D165444@2998201 FFFFF8030D165444@2998211 FFFFF8030D165444@2998221 FFFFF8030D165444@2998231 FFFFF8030D165444@2998241 FFFFF8030D165444@2998251 FFFFF8030D165444@2998261 FFFFF8030D165444@2998271 FFFFF8030D165444@2998281 FFFFF8030D165444@2998291 FFFFF8030D165444@2998301 FFFFF8030D165444@2998311 FFFFF8030D165444@2998321 FFFFF8030D165444@2998331 FFFFF8030D165444@2998341 FFFFF8030D165444@2998351 FFFFF8030D165444@2998361 FFFFF8030D165444@2998371 FFFFF8030D165444@2998381 FFFFF8030D165444@2998391 FFFFF8030D165444@2998401 FFFFF8030D165444@2998411 FFFFF8030D165444@2998421 FFFFF8030D165444@2998431 FFFFF8030D165444@2998441 FFFFF8030D165444@2998451 FFFFF8030D165444@2998461 FFFFF8030D165444@2998471 FFFFF8030D165444@2998481 FFFFF8030D165444@2998491 FFFFF8030D165444@2998501 FFFFF8030D165444@2998511 FFFFF8030D165444@2998521 FFFFF8030D165444@2998531 FFFFF8030D165444@2998541 FFFFF8030D165444@2998551 FFFFF8030D165444@2998561 FFFFF8030D165444@2998571 FFFFF8030D165444@2998581 FFFFF8030D165444@2998591 FFFFF8030D165444@2998601 FFFFF8030D165444@2998611 FFFFF8030D165444@2998621 FFFFF8030D165444@2998631 FFFFF8030D165444@2998641 FFFFF8030D165444@2998651 FFFFF8030D165444@2998661 FFFFF8030D165444@2998671 FFFFF8030D165444@2998681 FFFFF8030D165444@2998691 FFFFF8030D165444@2998701 FFFFF8030D165444@2998711 FFFFF8030D165444@2998721 FFFFF8030D165444@2998731 FFFFF8030D165444@2998741 FFFFF8030D165444@2998751 FFFFF8030D165444@2998761 FFFFF8030D165444@2998771 FFFFF8030D165444@2998781 FFFFF8030D165444@2998791 FFFFF8030D165444@2998801 FFFFF8030D165444@2998811 FFFFF8030D165444@2998821 FFFFF8030D165444@2998831 FFFFF8030D165444@2998841 FFFFF8030D165444@2998851 FFFFF8030D165444@2998861 FFFFF8030D165444@2998871 FFFFF8030D165444@2998881 FFFFF8030D165444@2998891 FFFFF8030D165444@2998901 FFFFF8030D165444@2998911 FFFFF8030D165444@2998921 FFFFF8030D165444@2998931 FFFFF8030D165444@2998941 FFFFF8030D165444@2998951 FFFFF8030D165444@2998961 FFFFF8030D165444@2998971 FFFFF8030D165444@2998981 FFFFF8030D165444@2998991 FFFFF8030D165444@2999001 FFFFF8030D165444@2999011 FFFFF8030D165444@2999021 FFFFF8030D165444@2999031 FFFFF8030D165444@2999041 FFFFF8030D165444@2999051 FFFFF8030D165444@2999061 FFFFF8030D165444@2999071 FFFFF8030D165444@2999081 FFFFF8030D165444@2999091 FFFFF8030D165444@2999101 FFFFF8030D165444@2999111 FFFFF8030D165444@2999121 FFFFF8030D165444@2999131 FFFFF8030D165444@2999141 FFFFF8030D165444@2999151 FFFFF8030D165444@2999161 FFFFF8030D165444@2999171 FFFFF8030D165444@2999181 FFFFF8030D165444@2999191 FFFFF8030D165444@2999201 FFFFF8030D165444@2999211 FFFFF8030D165444@2999221 FFFFF8030D165444@2999231 FFFFF8030D165444@2999241 FFFFF8030D165444@2999251 FFFFF8030D165444@2999261 FFFFF8030D165444@2999271 FFFFF8030D165444@2999281 FFFFF8030D165444@2999291 FFFFF8030D165444@2999301 FFFFF8030D165444@2999311 FFFFF8030D165444@2999321 FFFFF8030D165444@2999331 FFFFF8030D165444@2999341 FFFFF8030D165444@2999351 FFFFF8030D165444@2999361 FFFFF8030D165444@2999371 FFFFF8030D165444@2999381 FFFFF8030D165444@2999391 FFFFF8030D165444@2999401 FFFFF8030D165444@2999411 FFFFF8030D165444@2999421 FFFFF8030D165444@2999431 FFFFF8030D165444@2999441 FFFFF8030D165444@2999451 FFFFF8030D165444@2999461 FFFFF8030D165444@2999471 FFFFF8030D165444@2999481 FFFFF8030D165444@2999491 FFFFF8030D165444@2999501 FFFFF8030D165444@2999511 FFFFF8030D165444@2999521 FFFFF8030D165444@2999531 FFFFF8030D165444@2999541 FFFFF8030D165444@2999551 FFFFF8030D165444@2999561 FFFFF8030D165444@2999571 FFFFF8030D165444@2999581 FFFFF8030D165444@2999591 FFFFF8030D165444@2999601 FFFFF8030D165444@2999611 FFFFF8030D165444@2999621 FFFFF8030D165444@2999631 FFFFF8030D165444@2999641 FFFFF8030D165444@2999651 FFFFF8030D165444@2999661 FFFFF8030D165444@2999671 FFFFF8030D165444@2999681 FFFFF8030D165444@2999691 FFFFF8030D165444@2999701 FFFFF8030D165444@2999711 FFFFF8030D165444@2999721 FFFFF8030D165444@2999731 FFFFF8030D165444@2999741 FFFFF8030D165444@2999751 FFFFF8030D165444@2999761 FFFFF8030D165444@2999771 FFFFF8030D165444@2999781 FFFFF8030D165444@2999791 FFFFF8030D165444@2999801 FFFFF8030D165444@2999811 FFFFF8030D165444@2999821 FFFFF8030D165444@2999831 FFFFF8030D165444@2999841 FFFFF8030D165444@2999851 FFFFF8030D165444@2999861 FFFFF8030D165444@2999871 FFFFF8030D165444@2999881 FFFFF8030D165444@2999891 FFFFF8030D165444@2999901 FFFFF8030D165444@2999911 FFFFF8030D165444@2999921 FFFFF8030D165444@2999931 FFFFF8030D165444@2999941 FFFFF8030D165444@2999951 FFFFF8030D165444@2999961 FFFFF8030D165444@2999971 FFFFF8030D165444@2999981 FFFFF8030D165444@2999991
[heartbeat: exitCount=3005000 elapsedSec=101.2 lastPort=0xB008 write=0 val=0xC]
[heartbeat: exitCount=3010000 elapsedSec=101.3 lastPort=0xB008 write=0 val=0xC]
[heartbeat: exitCount=3015000 elapsedSec=101.5 lastPort=0xB008 write=0 val=0xC]
[heartbeat: exitCount=3020000 elapsedSec=101.6 lastPort=0xB008 write=0 val=0xC]
[heartbeat: exitCount=3025000 elapsedSec=101.7 lastPort=0xB008 write=0 val=0xC]
[heartbeat: exitCount=3030000 elapsedSec=101.8 lastPort=0xB008 write=0 val=0xC]
[heartbeat: exitCount=3035000 elapsedSec=101.9 lastPort=0xB008 write=0 val=0xC]
[heartbeat: exitCount=3040000 elapsedSec=102.0 lastPort=0xB008 write=0 val=0xC]
[heartbeat: exitCount=3045000 elapsedSec=102.1 lastPort=0xB008 write=0 val=0xC]
[heartbeat: exitCount=3050000 elapsedSec=102.2 lastPort=0xB008 write=0 val=0xC]
[heartbeat: exitCount=3055000 elapsedSec=102.3 lastPort=0xB008 write=0 val=0xC]
[heartbeat: exitCount=3060000 elapsedSec=102.4 lastPort=0xB008 write=0 val=0xC]
[heartbeat: exitCount=3065000 elapsedSec=102.4 lastPort=0xB008 write=0 val=0xC]
[heartbeat: exitCount=3070000 elapsedSec=102.5 lastPort=0xB008 write=0 val=0xC]
[heartbeat: exitCount=3075000 elapsedSec=102.6 lastPort=0xB008 write=0 val=0xC]
[heartbeat: exitCount=3080000 elapsedSec=102.6 lastPort=0xB008 write=0 val=0xC]
[heartbeat: exitCount=3085000 elapsedSec=102.7 lastPort=0xB008 write=0 val=0xC]
[heartbeat: exitCount=3090000 elapsedSec=102.7 lastPort=0xB008 write=0 val=0xC]
[heartbeat: exitCount=3095000 elapsedSec=102.8 lastPort=0xB008 write=0 val=0xC]
[heartbeat: exitCount=3100000 elapsedSec=102.8 lastPort=0xB008 write=0 val=0xC]
[heartbeat: exitCount=3105000 elapsedSec=102.9 lastPort=0xB008 write=0 val=0xC]
[heartbeat: exitCount=3110000 elapsedSec=103.0 lastPort=0xB008 write=0 val=0xC]
[heartbeat: exitCount=3115000 elapsedSec=103.0 lastPort=0xB008 write=0 val=0xC]
[heartbeat: exitCount=3120000 elapsedSec=103.1 lastPort=0xB008 write=0 val=0xC]
[heartbeat: exitCount=3125000 elapsedSec=103.2 lastPort=0xB008 write=0 val=0xC]
[heartbeat: exitCount=3130000 elapsedSec=103.2 lastPort=0xB008 write=0 val=0xC]
[heartbeat: exitCount=3135000 elapsedSec=103.3 lastPort=0xB008 write=0 val=0xC]
[heartbeat: exitCount=3140000 elapsedSec=103.4 lastPort=0xB008 write=0 val=0xC]
[heartbeat: exitCount=3145000 elapsedSec=103.4 lastPort=0xB008 write=0 val=0xC]
[heartbeat: exitCount=3150000 elapsedSec=103.5 lastPort=0xB008 write=0 val=0xC]
[heartbeat: exitCount=3155000 elapsedSec=103.6 lastPort=0xB008 write=0 val=0xC]
[heartbeat: exitCount=3160000 elapsedSec=103.6 lastPort=0xB008 write=0 val=0xC]
[heartbeat: exitCount=3165000 elapsedSec=103.7 lastPort=0xB008 write=0 val=0xC]
[heartbeat: exitCount=3170000 elapsedSec=103.8 lastPort=0xB008 write=0 val=0xC]
[heartbeat: exitCount=3175000 elapsedSec=103.9 lastPort=0xB008 write=0 val=0xC]
[heartbeat: exitCount=3180000 elapsedSec=103.9 lastPort=0xB008 write=0 val=0xC]
[heartbeat: exitCount=3185000 elapsedSec=104.0 lastPort=0xB008 write=0 val=0xC]
[heartbeat: exitCount=3190000 elapsedSec=104.1 lastPort=0xB008 write=0 val=0xC]
[heartbeat: exitCount=3195000 elapsedSec=104.2 lastPort=0xB008 write=0 val=0xC]
[heartbeat: exitCount=3200000 elapsedSec=104.2 lastPort=0xB008 write=0 val=0xC]
[heartbeat: exitCount=3205000 elapsedSec=104.3 lastPort=0xB008 write=0 val=0xC]
[heartbeat: exitCount=3210000 elapsedSec=104.4 lastPort=0xB008 write=0 val=0xC]
[heartbeat: exitCount=3215000 elapsedSec=104.5 lastPort=0xB008 write=0 val=0xC]
[heartbeat: exitCount=3220000 elapsedSec=104.5 lastPort=0xB008 write=0 val=0xC]
[heartbeat: exitCount=3225000 elapsedSec=104.6 lastPort=0xB008 write=0 val=0xC]
[heartbeat: exitCount=3230000 elapsedSec=104.7 lastPort=0xB008 write=0 val=0xC]
[heartbeat: exitCount=3235000 elapsedSec=104.8 lastPort=0xB008 write=0 val=0xC]
[cmos-ab] write reg=0x0B value=0x02 (RegA=0x25 RegB=0x02, PIE=0)
[cmos-ab] write reg=0x0B value=0x02 (RegA=0x25 RegB=0x02, PIE=0)
[reset] port 0x64/0xFE keyboard-controller reset pulse honored -- vCPU restarted at reset vector (exitCount=3239477)
[u40] === RIP histogram pass 1 (end of pass 1, at reset): 8340 samples, base=0xFFFFF8003CA00000 ===
[u40]     6865  page 0xFFFFF8003CD65000  = base+0x365000
[u40]      693  page 0xBEA03000
[u40]      165  page 0x1DD9000
[u40]      164  page 0xFFFFF8003CDBD000  = base+0x3BD000
[u40]      106  page 0xBF14E000
[u40]       96  page 0xBE41C000
[u40]       81  page 0xFFFFF8003CDBC000  = base+0x3BC000
[u40]       44  page 0xBFC50000
[u40]       41  page 0xBFD68000
[u40]       20  page 0xBE422000
[u40]       18  page 0xBF14F000
[u40]       16  page 0xFFFFF8003CECC000  = base+0x4CC000
[u40]       12  page 0xBF16B000
[u40]       11  page 0xBF174000
[u40]        2  page 0xFFFFF8003CDA5000  = base+0x3A5000
[u40]        2  page 0x848000
[u40]        1  page 0xFFFFF8003CE02000  = base+0x402000
[u40]        1  page 0xBF1CC000
[u40]   most recent 256 samples (newest last):
[u40]     FFFFF8003CD65444@808401 FFFFF8003CD65444@808501 FFFFF8003CD65444@808601 FFFFF8003CD65444@808701 FFFFF8003CD65444@808801 FFFFF8003CD65444@808901 FFFFF8003CD65444@809001 FFFFF8003CD65444@809101 FFFFF8003CD65444@809201 FFFFF8003CD65444@809301 FFFFF8003CD65444@809401 FFFFF8003CD65444@809501 FFFFF8003CD65444@809601 FFFFF8003CD65444@809701 FFFFF8003CD65444@809801 FFFFF8003CD65444@809901 FFFFF8003CD65444@810001 FFFFF8003CD65444@810101 FFFFF8003CD65444@810201 FFFFF8003CD65444@810301 FFFFF8003CD65444@810401 FFFFF8003CD65444@810501 FFFFF8003CD65444@810601 FFFFF8003CD65444@810701 FFFFF8003CD65444@810801 FFFFF8003CD65444@810901 FFFFF8003CD65444@811001 FFFFF8003CD65444@811101 FFFFF8003CD65444@811201 FFFFF8003CD65444@811301 FFFFF8003CD65444@811401 FFFFF8003CD65444@811501 FFFFF8003CD65444@811601 FFFFF8003CD65444@811701 FFFFF8003CD65444@811801 FFFFF8003CD65444@811901 FFFFF8003CD65444@812001 FFFFF8003CD65444@812101 FFFFF8003CD65444@812201 FFFFF8003CD65444@812301 FFFFF8003CD65444@812401 FFFFF8003CD65444@812501 FFFFF8003CD65444@812601 FFFFF8003CD65444@812701 FFFFF8003CD65444@812801 FFFFF8003CD65444@812901 FFFFF8003CD65444@813001 FFFFF8003CD65444@813101 FFFFF8003CD65444@813201 FFFFF8003CD65444@813301 FFFFF8003CD65444@813401 FFFFF8003CD65444@813501 FFFFF8003CD65444@813601 FFFFF8003CD65444@813701 FFFFF8003CD65444@813801 FFFFF8003CD65444@813901 FFFFF8003CD65444@814001 FFFFF8003CD65444@814101 FFFFF8003CD65444@814201 FFFFF8003CD65444@814301 FFFFF8003CD65444@814401 FFFFF8003CD65444@814501 FFFFF8003CD65444@814601 FFFFF8003CD65444@814701 FFFFF8003CD65444@814801 FFFFF8003CD65444@814901 FFFFF8003CD65444@815001 FFFFF8003CD65444@815101 FFFFF8003CD65444@815201 FFFFF8003CD65444@815301 FFFFF8003CD65444@815401 FFFFF8003CD65444@815501 FFFFF8003CD65444@815601 FFFFF8003CD65444@815701 FFFFF8003CD65444@815801 FFFFF8003CD65444@815901 FFFFF8003CD65444@816001 FFFFF8003CD65444@816101 FFFFF8003CD65444@816201 FFFFF8003CD65444@816301 FFFFF8003CD65444@816401 FFFFF8003CD65444@816501 FFFFF8003CD65444@816601 FFFFF8003CD65444@816701 FFFFF8003CD65444@816801 FFFFF8003CD65444@816901 FFFFF8003CD65444@817001 FFFFF8003CD65444@817101 FFFFF8003CD65444@817201 FFFFF8003CD65444@817301 FFFFF8003CD65444@817401 FFFFF8003CD65444@817501 FFFFF8003CD65444@817601 FFFFF8003CD65444@817701 FFFFF8003CD65444@817801 FFFFF8003CD65444@817901 FFFFF8003CD65444@818001 FFFFF8003CD65444@818101 FFFFF8003CD65444@818201 FFFFF8003CD65444@818301 FFFFF8003CD65444@818401 FFFFF8003CD65444@818501 FFFFF8003CD65444@818601 FFFFF8003CD65444@818701 FFFFF8003CD65444@818801 FFFFF8003CD65444@818901 FFFFF8003CD65444@819001 FFFFF8003CD65444@819101 FFFFF8003CD65444@819201 FFFFF8003CD65444@819301 FFFFF8003CD65444@819401 FFFFF8003CD65444@819501 FFFFF8003CD65444@819601 FFFFF8003CD65444@819701 FFFFF8003CD65444@819801 FFFFF8003CD65444@819901 FFFFF8003CD65444@820001 FFFFF8003CD65444@820101 FFFFF8003CD65444@820201 FFFFF8003CD65444@820301 FFFFF8003CD65444@820401 FFFFF8003CD65444@820501 FFFFF8003CD65444@820601 FFFFF8003CD65444@820701 FFFFF8003CD65444@820801 FFFFF8003CD65444@820901 FFFFF8003CD65444@821001 FFFFF8003CD65444@821101 FFFFF8003CD65444@821201 FFFFF8003CD65444@821301 FFFFF8003CD65444@821401 FFFFF8003CD65444@821501 FFFFF8003CD65444@821601 FFFFF8003CD65444@821701 FFFFF8003CD65444@821801 FFFFF8003CD65444@821901 FFFFF8003CD65444@822001 FFFFF8003CD65444@822101 FFFFF8003CD65444@822201 FFFFF8003CD65444@822301 FFFFF8003CD65444@822401 FFFFF8003CD65444@822501 FFFFF8003CD65444@822601 FFFFF8003CD65444@822701 FFFFF8003CD65444@822801 FFFFF8003CD65444@822901 FFFFF8003CD65444@823001 FFFFF8003CD65444@823101 FFFFF8003CD65444@823201 FFFFF8003CD65444@823301 FFFFF8003CD65444@823401 FFFFF8003CD65444@823501 FFFFF8003CD65444@823601 FFFFF8003CD65444@823701 FFFFF8003CD65444@823801 FFFFF8003CD65444@823901 FFFFF8003CD65444@824001 FFFFF8003CD65444@824101 FFFFF8003CD65444@824201 FFFFF8003CD65444@824301 FFFFF8003CD65444@824401 FFFFF8003CD65444@824501 FFFFF8003CD65444@824601 FFFFF8003CD65444@824701 FFFFF8003CD65444@824801 FFFFF8003CD65444@824901 FFFFF8003CD65444@825001 FFFFF8003CD65444@825101 FFFFF8003CD65444@825201 FFFFF8003CD65444@825301 FFFFF8003CD65444@825401 FFFFF8003CD65444@825501 FFFFF8003CD65444@825601 FFFFF8003CD65444@825701 FFFFF8003CD65444@825801 FFFFF8003CD65444@825901 FFFFF8003CD65444@826001 FFFFF8003CD65444@826101 FFFFF8003CD65444@826201 FFFFF8003CD65444@826301 FFFFF8003CD65444@826401 FFFFF8003CD65444@826501 FFFFF8003CD65444@826601 FFFFF8003CD65444@826701 FFFFF8003CD65444@826801 FFFFF8003CD65444@826901 FFFFF8003CD65444@827001 FFFFF8003CD65444@827101 FFFFF8003CD65444@827201 FFFFF8003CD65444@827301 FFFFF8003CD65444@827401 FFFFF8003CD65444@827501 FFFFF8003CD65444@827601 FFFFF8003CD65444@827701 FFFFF8003CD65444@827801 FFFFF8003CD65444@827901 FFFFF8003CD65444@828001 FFFFF8003CD65444@828101 FFFFF8003CD65444@828201 FFFFF8003CD65444@828301 FFFFF8003CD65444@828401 FFFFF8003CD65444@828501 FFFFF8003CD65444@828601 FFFFF8003CD65444@828701 FFFFF8003CD65444@828801 FFFFF8003CD65444@828901 FFFFF8003CD65444@829001 FFFFF8003CD65444@829101 FFFFF8003CD65444@829201 FFFFF8003CD65444@829301 FFFFF8003CD65444@829401 FFFFF8003CD65444@829501 FFFFF8003CD65444@829601 FFFFF8003CD65444@829701 FFFFF8003CD65444@829801 FFFFF8003CD65444@829901 FFFFF8003CD65444@830001 FFFFF8003CD65444@830101 FFFFF8003CD65444@830201 FFFFF8003CD65444@830301 FFFFF8003CD65444@830401 FFFFF8003CD65444@830501 FFFFF8003CD65444@830601 FFFFF8003CD65444@830701 FFFFF8003CD65444@830801 FFFFF8003CD65444@830901 FFFFF8003CD65444@831001 FFFFF8003CD65444@831101 FFFFF8003CD65444@831201 FFFFF8003CD65444@831301 FFFFF8003CD65444@831401 FFFFF8003CD65444@831501 FFFFF8003CD65444@831601 FFFFF8003CD65444@831701 FFFFF8003CD65444@831801 FFFFF8003CD65444@831901 FFFFF8003CD65444@832001 FFFFF8003CD65444@832101 FFFFF8003CD65444@832201 FFFFF8003CD65444@832301 FFFFF8003CD65444@832401 FFFFF8003CD65444@832501 FFFFF8003CD65444@832601 FFFFF8003CD65444@832701 FFFFF8003CD65444@832801 FFFFF8003CD65444@832901 FFFFF8003CD65444@833001 FFFFF8003CD65444@833101 FFFFF8003CD65444@833201 FFFFF8003CD65444@833301 FFFFF8003CD65444@833401 FFFFF8003CD65444@833501 FFFFF8003CD65444@833601 FFFFF8003CD65444@833701 FFFFF8003CD65444@833801 FFFFF8003CD65444@833901
[u46] LAPIC state (at reset -- state pass 2 will INHERIT, 4096 bytes): TPR=0xF0 PPR=0x0 SVR=0x1DF
[u46]   LVT Timer=0x300FD (vector=0xFD PERIODIC masked=1) InitCnt=0x0 CurCnt=0x0 Div=0xB
[u46]   IRR: no pending vectors
[u47] LAPIC quiesced at reset (LVTs masked, timer stopped, pending/ISR/IRR cleared, TPR=0)
[u46] LAPIC state (after U47 quiesce, 4096 bytes): TPR=0x0 PPR=0x0 SVR=0x1DF
[u46]   LVT Timer=0x10000 (vector=0x00 one-shot masked=1) InitCnt=0x0 CurCnt=0x0 Div=0xB
[u46]   IRR: no pending vectors
[u42] pass1 IOAPIC accesses total=274 (logged 260)
[u42] state INHERITED by pass 2: ioapic1.id=1 selectedReg=0x20 | ioapic2.id=2 selectedReg=0x3F
[u42]   ioapic1.redir[0]=0x00000000000100FF (vec=0xFF masked=1) -- NOT at power-on default
[u42]   ioapic1.redir[1]=0x00000000000100FF (vec=0xFF masked=1) -- NOT at power-on default
[u42]   ioapic1.redir[2]=0x00000000000100FF (vec=0xFF masked=1) -- NOT at power-on default
[u42]   ioapic1.redir[3]=0x00000000000100FF (vec=0xFF masked=1) -- NOT at power-on default
[u42]   ioapic1.redir[4]=0x00000000000100FF (vec=0xFF masked=1) -- NOT at power-on default
[u42]   ioapic1.redir[5]=0x00000000000100FF (vec=0xFF masked=1) -- NOT at power-on default
[u42]   ioapic1.redir[6]=0x00000000000100FF (vec=0xFF masked=1) -- NOT at power-on default
[u42]   ioapic1.redir[7]=0x00000000000100FF (vec=0xFF masked=1) -- NOT at power-on default
[u42]   ioapic1.redir[8]=0x01000000000008D1 (vec=0xD1 masked=0) -- NOT at power-on default
[u42]   ioapic1.redir[9]=0x00000000000100FF (vec=0xFF masked=1) -- NOT at power-on default
[u42]   ioapic1.redir[10]=0x00000000000100FF (vec=0xFF masked=1) -- NOT at power-on default
[u42]   ioapic1.redir[11]=0x00000000000100FF (vec=0xFF masked=1) -- NOT at power-on default
[u42]   ioapic1.redir[12]=0x00000000000100FF (vec=0xFF masked=1) -- NOT at power-on default
[u42]   ioapic1.redir[13]=0x00000000000100FF (vec=0xFF masked=1) -- NOT at power-on default
[u42]   ioapic1.redir[14]=0x00000000000100FF (vec=0xFF masked=1) -- NOT at power-on default
[u42]   ioapic1.redir[15]=0x00000000000100FF (vec=0xFF masked=1) -- NOT at power-on default
[u42]   ioapic1.redir[16]=0x00000000000100FF (vec=0xFF masked=1) -- NOT at power-on default
[u42]   ioapic1.redir[17]=0x00000000000100FF (vec=0xFF masked=1) -- NOT at power-on default
[u42]   ioapic1.redir[18]=0x00000000000100FF (vec=0xFF masked=1) -- NOT at power-on default
[u42]   ioapic1.redir[19]=0x00000000000100FF (vec=0xFF masked=1) -- NOT at power-on default
[u42]   ioapic1.redir[20]=0x00000000000100FF (vec=0xFF masked=1) -- NOT at power-on default
[u42]   ioapic1.redir[21]=0x00000000000100FF (vec=0xFF masked=1) -- NOT at power-on default
[u42]   ioapic1.redir[22]=0x00000000000100FF (vec=0xFF masked=1) -- NOT at power-on default
[u42]   ioapic1.redir[23]=0x00000000000100FF (vec=0xFF masked=1) -- NOT at power-on default
[u42]   ioapic2.redir[0]=0x00000000000100FF (vec=0xFF masked=1) -- NOT at power-on default
[u42]   ioapic2.redir[1]=0x00000000000100FF (vec=0xFF masked=1) -- NOT at power-on default
[u42]   ioapic2.redir[2]=0x00000000000100FF (vec=0xFF masked=1) -- NOT at power-on default
[u42]   ioapic2.redir[3]=0x00000000000100FF (vec=0xFF masked=1) -- NOT at power-on default
[u42]   ioapic2.redir[4]=0x00000000000100FF (vec=0xFF masked=1) -- NOT at power-on default
[u42]   ioapic2.redir[5]=0x00000000000100FF (vec=0xFF masked=1) -- NOT at power-on default
[u42]   ioapic2.redir[6]=0x00000000000100FF (vec=0xFF masked=1) -- NOT at power-on default
[u42]   ioapic2.redir[7]=0x00000000000100FF (vec=0xFF masked=1) -- NOT at power-on default
[u42]   ioapic2.redir[8]=0x00000000000100FF (vec=0xFF masked=1) -- NOT at power-on default
[u42]   ioapic2.redir[9]=0x00000000000100FF (vec=0xFF masked=1) -- NOT at power-on default
[u42]   ioapic2.redir[10]=0x00000000000100FF (vec=0xFF masked=1) -- NOT at power-on default
[u42]   ioapic2.redir[11]=0x00000000000100FF (vec=0xFF masked=1) -- NOT at power-on default
[u42]   ioapic2.redir[12]=0x00000000000100FF (vec=0xFF masked=1) -- NOT at power-on default
[u42]   ioapic2.redir[13]=0x00000000000100FF (vec=0xFF masked=1) -- NOT at power-on default
[u42]   ioapic2.redir[14]=0x00000000000100FF (vec=0xFF masked=1) -- NOT at power-on default
[u42]   ioapic2.redir[15]=0x00000000000100FF (vec=0xFF masked=1) -- NOT at power-on default
[u42]   ioapic2.redir[16]=0x00000000000100FF (vec=0xFF masked=1) -- NOT at power-on default
[u42]   ioapic2.redir[17]=0x00000000000100FF (vec=0xFF masked=1) -- NOT at power-on default
[u42]   ioapic2.redir[18]=0x00000000000100FF (vec=0xFF masked=1) -- NOT at power-on default
[u42]   ioapic2.redir[19]=0x00000000000100FF (vec=0xFF masked=1) -- NOT at power-on default
[u42]   ioapic2.redir[20]=0x00000000000100FF (vec=0xFF masked=1) -- NOT at power-on default
[u42]   ioapic2.redir[21]=0x00000000000100FF (vec=0xFF masked=1) -- NOT at power-on default
[u42]   ioapic2.redir[22]=0x00000000000100FF (vec=0xFF masked=1) -- NOT at power-on default
[u42]   ioapic2.redir[23]=0x00000000000100FF (vec=0xFF masked=1) -- NOT at power-on default
[heartbeat: exitCount=3240000 elapsedSec=105.0 lastPort=0xB008 write=0 val=0x2]
[heartbeat: exitCount=3245000 elapsedSec=105.1 lastPort=0xB008 write=0 val=0x2]
[ramfb] configured: address=0xBE500000 800x600 stride=3200
[cmos-ab] write reg=0x0A value=0x26 (RegA=0x26 RegB=0x02, PIE=0)
[heartbeat: exitCount=3250000 elapsedSec=105.2 lastPort=0xCF8 write=1 val=0x89]
[u40] === RIP histogram pass 2 (periodic): 241600 samples, base=0xFFFFF8030CE00000 ===
[u40]    68412  page 0xFFFFF80137965000
[u40]    66656  page 0xFFFFF8030D165000  = base+0x365000
[u40]    59413  page 0xFFFFF8033DB65000
[u40]    25095  page 0xBEA03000
[u40]     4947  page 0x1DD9000
[u40]     3781  page 0xBF14E000
[u40]     2032  page 0xBFC50000
[u40]     1642  page 0xFFFFF801379BD000
[u40]     1642  page 0xFFFFF8030D1BD000  = base+0x3BD000
[u40]     1638  page 0xFFFFF8033DBBD000
[u40]     1196  page 0xBFD68000
[u40]      828  page 0xFFFFF8033DBBC000
[u40]      826  page 0xFFFFF801379BC000
[u40]      825  page 0xFFFFF8030D1BC000  = base+0x3BC000
[u40]      644  page 0xBE422000
[u40]      542  page 0xBF174000
[u40]      425  page 0xBF16B000
[u40]      291  page 0xBF14F000
[u40]   most recent 256 samples (newest last):
[u40]     BF14EA7F@3247441 BF14EA7F@3247451 BF14EA7F@3247461 BF14EA7F@3247471 BF14EA7F@3247481 BF14EA7F@3247491 BF14EA7F@3247501 BF14EA7F@3247511 BF14EA7F@3247521 BF14EA7F@3247531 BF14EA7F@3247541 BF14EA7F@3247551 BF14EA7F@3247561 BF14EA7F@3247571 BF14EA7F@3247581 BF14EA7F@3247591 BF14EA7F@3247601 BF14EA7F@3247611 BF14EA7F@3247621 BF14EA7F@3247631 BF14EA7F@3247641 BF14EA7F@3247651 BF14EA7F@3247661 BF14EA7F@3247671 BF14EA7F@3247681 BF14EA7F@3247691 BF14EA7F@3247701 BF14EA7F@3247711 BF14EA7F@3247721 BF14EA7F@3247731 BF14EA7F@3247741 BF14EA7F@3247751 BF14EA7F@3247761 BF14EA7F@3247771 BF14EA7F@3247781 BF14EA7F@3247791 BF14EA7F@3247801 BF14EA7F@3247811 BF14EA7F@3247821 BF14EA7F@3247831 BF14EA7F@3247841 BF14EA7F@3247851 BF14EA7F@3247861 BF14EA7F@3247871 BF14EA7F@3247881 BF14EA7F@3247891 BF14EA7F@3247901 BF14EA7F@3247911 BF14EA7F@3247921 BF14EA7F@3247931 BF14EA7F@3247941 BF14EA7F@3247951 BF14EA7F@3247961 BF14EA7F@3247971 BF14EA7F@3247981 BF14EA7F@3247991 BF14EA7F@3248001 BF14EA7F@3248011 BF14EA7F@3248021 BF14EA7F@3248031 BF14EA7F@3248041 BF14EA7F@3248051 BF14EA7F@3248061 BF14EA7F@3248071 BF14EA7F@3248081 BF14EA7F@3248091 BF14EA7F@3248101 BF14EA7F@3248111 BF14EA7F@3248121 BF14EA7F@3248131 BF14EA7F@3248141 BF14EA7F@3248151 BF14EA7F@3248161 BF14EA7F@3248171 BF14EA7F@3248181 BF14EA7F@3248191 BF14EA7F@3248201 BF14EA7F@3248211 BF14EA7F@3248221 BF14EA7F@3248231 BF14EA7F@3248241 BF14EA7F@3248251 BF14EA7F@3248261 BF14EA7F@3248271 BF14EA7F@3248281 BF14EA7F@3248291 BF14EA7F@3248301 BF14EA7F@3248311 BF14EA7F@3248321 BF14EA7F@3248331 BF14EA7F@3248341 BF14EA7F@3248351 BF14EA7F@3248361 BF14EA7F@3248371 BF14EA7F@3248381 BF14EA7F@3248391 BF14EA7F@3248401 BF14EA7F@3248411 BF14EA7F@3248421 BF14EA7F@3248431 BF14EA7F@3248441 BF14EA7F@3248451 BF14EA7F@3248461 BF14EA7F@3248471 BF14EA7F@3248481 BF14EA7F@3248491 BF14EA7F@3248501 BF14EA7F@3248511 BF14EA7F@3248521 BF14EA7F@3248531 BF14EA7F@3248541 BF14EA7F@3248551 BF14EA7F@3248561 BF14EA7F@3248571 BF14EA7F@3248581 BF14EA7F@3248591 BF14EA7F@3248601 BF14EA7F@3248611 BF14EA7F@3248621 BF14EA7F@3248631 BF14EA7F@3248641 BF14EA7F@3248651 BF14EA7F@3248661 BF14EA7F@3248671 BF14EA7F@3248681 BF14EA7F@3248691 BF14EA7F@3248701 BF14EA7F@3248711 BF14EA7F@3248721 BF14EA7F@3248731 BF14EA7F@3248741 BF14EA7F@3248751 BF14EA7F@3248761 BF14EA7F@3248771 BF14EA7F@3248781 BF14EA7F@3248791 BF14EA7F@3248801 BF14EA7F@3248811 BF14EA7F@3248821 BF14EA7F@3248831 BF14EA7F@3248841 BF14EA7F@3248851 BF14EA7F@3248861 BF14EA7F@3248871 BF14EA7F@3248881 BF14EA7F@3248891 BF14EA7F@3248901 BF14EA7F@3248911 BF14EA7F@3248921 BF14EA7F@3248931 BF14EA7F@3248941 BF14EA7F@3248951 BF14EA7F@3248961 BF14EA7F@3248971 BF14EA7F@3248981 BF14EA7F@3248991 BF14EA7F@3249001 BF14EA7F@3249011 BF14EA7F@3249021 BF14EA7F@3249031 BF14EA7F@3249041 BF14EA7F@3249051 BF14EA7F@3249061 BF14EA7F@3249071 BF14EA7F@3249081 BF14EA7F@3249091 BF14EA7F@3249101 BF14EA7F@3249111 BF14EA7F@3249121 BF14EA7F@3249131 BF14EA7F@3249141 BF14EA7F@3249151 BF14EA7F@3249161 BF14EA7F@3249171 BF14EA7F@3249181 BF14EA7F@3249191 BF14EA7F@3249201 BF14EA7F@3249211 BF14EA7F@3249221 BF14EA7F@3249231 BF14EA7F@3249241 BF14EA7F@3249251 BF14EA7F@3249261 BF14EA7F@3249271 BF14EA7F@3249281 BF14EA7F@3249291 BF14EA7F@3249301 BF14EA7F@3249311 BF14EA7F@3249321 BF14EA7F@3249331 BF14EA7F@3249341 BF14EA7F@3249351 BF14EA7F@3249361 BF14EA7F@3249371 BF14EA7F@3249381 BF14EA7F@3249391 BF14EA7F@3249401 BF14EA7F@3249411 BF14EA7F@3249421 BF14EA7F@3249431 BF14EA7F@3249441 BF14EA7F@3249451 BF14EA7F@3249461 BF14EA7F@3249471 BF14EA7F@3249481 BF14EA7F@3249491 BF14EA7F@3249501 BF14EA7F@3249511 BF14EA7F@3249521 BF14EA7F@3249531 BF14EA7F@3249541 BF14EA7F@3249551 BF14EA7F@3249561 BF14EA7F@3249571 BF14EA7F@3249581 BF14EA7F@3249591 BF14EA7F@3249601 BF14EA7F@3249611 BF14EA7F@3249621 BF14EA7F@3249631 BF14EA7F@3249641 BF14EA7F@3249651 BF14EA7F@3249661 BF14EA7F@3249671 BF14EA7F@3249681 BF14EA7F@3249691 BF14EA7F@3249701 BF14EA7F@3249711 BF14EA7F@3249721 BF14EA7F@3249731 BF14EA7F@3249741 BF14EA7F@3249751 BF14EA7F@3249761 BF14EA7F@3249771 BF14EA7F@3249781 BF14EA7F@3249791 BF14EA7F@3249801 BF14EA7F@3249811 BF14EA7F@3249821 BF14EA7F@3249831 BF14EA7F@3249841 BF14EA7F@3249851 BF14EA7F@3249861 BF14EA7F@3249871 BF14EA7F@3249881 BF14EA7F@3249891 BF14EA7F@3249901 BF14EA7F@3249911 BF14EA7F@3249921 BF14EA7F@3249931 BF14EA7F@3249941 BF14EA7F@3249951 BF14EA7F@3249961 BF14EA7F@3249971 BF14EA7F@3249981 BF14EA7F@3249991
[2J[001;001H[=3h[2J[001;001H[2J[001;001H[8;056;240t[2J[001;001H[2J[001;001H[=3h[2J[001;001H[2J[001;001H[8;031;100t[2J[001;001H[aux] controller: disable AUX port
[heartbeat: exitCount=3255000 elapsedSec=105.3 lastPort=0xB008 write=0 val=0x0]
[heartbeat: exitCount=3260000 elapsedSec=105.4 lastPort=0xB008 write=0 val=0x0]
BdsDxe: loading Boot0002 "UEFI LocalHost Virtual Disk LH0001 " from PciRoot(0x0)/Pci(0x2,0x0)/Sata(0x0,0xFFFF,0x0)
BdsDxe: starting Boot0002 "UEFI LocalHost Virtual Disk LH0001 " from PciRoot(0x0)/Pci(0x2,0x0)/Sata(0x0,0xFFFF,0x0)
[heartbeat: exitCount=3265000 elapsedSec=105.6 lastPort=0xB008 write=0 val=0x89]
[2J[001;001H[=3h[2J[001;001H[heartbeat: exitCount=3270000 elapsedSec=105.7 lastPort=0xB008 write=0 val=0x89]
[heartbeat: exitCount=3275000 elapsedSec=105.8 lastPort=0xB008 write=0 val=0x89]
[heartbeat: exitCount=3280000 elapsedSec=105.9 lastPort=0xB008 write=0 val=0x89]
[heartbeat: exitCount=3285000 elapsedSec=106.0 lastPort=0xB008 write=0 val=0x89]
[heartbeat: exitCount=3290000 elapsedSec=106.1 lastPort=0xB008 write=0 val=0x89]
[heartbeat: exitCount=3295000 elapsedSec=106.2 lastPort=0xB008 write=0 val=0x89]
[heartbeat: exitCount=3300000 elapsedSec=106.3 lastPort=0xB008 write=0 val=0x89]
[heartbeat: exitCount=3305000 elapsedSec=106.4 lastPort=0xB008 write=0 val=0x89]
[heartbeat: exitCount=3310000 elapsedSec=106.6 lastPort=0xB008 write=0 val=0x89]
[heartbeat: exitCount=3315000 elapsedSec=106.7 lastPort=0xB008 write=0 val=0x89]
[heartbeat: exitCount=3320000 elapsedSec=106.8 lastPort=0xB008 write=0 val=0x89]
[heartbeat: exitCount=3325000 elapsedSec=106.9 lastPort=0xB008 write=0 val=0x89]
[heartbeat: exitCount=3330000 elapsedSec=107.0 lastPort=0xB008 write=0 val=0x89]
[heartbeat: exitCount=3335000 elapsedSec=107.1 lastPort=0xB008 write=0 val=0x89]
[heartbeat: exitCount=3340000 elapsedSec=107.2 lastPort=0xB008 write=0 val=0x89]
[heartbeat: exitCount=3345000 elapsedSec=107.3 lastPort=0xB008 write=0 val=0x89]
[heartbeat: exitCount=3350000 elapsedSec=109.1 lastPort=0x70 write=1 val=0x80]
[aux] controller: disable AUX port
[heartbeat: exitCount=3355000 elapsedSec=109.3 lastPort=0xCF8 write=1 val=0x0]
[heartbeat: exitCount=3360000 elapsedSec=109.3 lastPort=0xCF8 write=1 val=0x0]
[heartbeat: exitCount=3365000 elapsedSec=109.4 lastPort=0xCF8 write=1 val=0x0]
[kerneldiag] candidate address 0xFFFFF8027C9A57DD resolves to module base 0xFFFFF8027C600000 (+0x3A57DD into it)
[kerneldiag] debug directory: type=2 codeViewRva=0x40970
[kerneldiag] module PDB name: ntkrnlmp.pdb guid=D9424FC4-861E-47C1-0FAD1B35DEC6DCC8 age=1
[wp] DISCOVERY at exitCount=3366819 (pass 2)
[wp] armed breakpoints at module base 0xFFFFF8027C600000 (DR2 LFH-check armed=1): DR0=+0x3DC890 (U34 ExInitializePoolHeapManagement entry, VA=0xFFFFF8027C9DC890), DR1=+0x3FD6F0 (KeBugCheckEx, VA=0xFFFFF8027C9FD6F0), DR2=+0x343B49 (RtlpHpLfhOwnerMoveSubsegment entry, VA=0xFFFFF8027C943B49), DR3=+0x9A188F (HalpIommuInitSystem ret, VA=0xFFFFF8027CFA188F)
[u32] ExPoolState pool-descriptor fields (pass 2):
[u32]   pool[0] desc@RVA0xC57EC0: +0x08=0x0 +0x10=0x0  <== +0x10 NULL
[u32]   pool[1] desc@RVA0xC59F80: +0x08=0x0 +0x10=0x0  <== +0x10 NULL
[u32]   pool[2] desc@RVA0xC5C040: +0x08=0x0 +0x10=0x0  <== +0x10 NULL
[u32]   pool[3] desc@RVA0xC5E100: +0x08=0x0 +0x10=0x0  <== +0x10 NULL
[u32]   pool[4] desc@RVA0xC601C0: +0x08=0x0 +0x10=0x0  <== +0x10 NULL
[u32]   pool[5] desc@RVA0xC62280: +0x08=0x0 +0x10=0x0  <== +0x10 NULL
[u32]   pool[6] desc@RVA0xC64340: +0x08=0x0 +0x10=0x0  <== +0x10 NULL
[u32]   pool[7] desc@RVA0xC66400: +0x08=0x0 +0x10=0x0  <== +0x10 NULL
[u33] EDGE pass=2 exitCount=3366819 (reset+127342) pool[0]: +0x08 0xFFFFB90867E02000->0x0 +0x10 0xFFFFCA865EC00000->0x0 +0x08 CLEARED(set->null) +0x10 CLEARED(set->null)
[heartbeat: exitCount=3370000 elapsedSec=109.5 lastPort=0xB008 write=0 val=0xFF]
[cmos-ab] write reg=0x0A value=0x25 (RegA=0x25 RegB=0x02, PIE=0)
[ioapic-rte] controller id=1 entry=8 reg=0x20 value=0x000008D1 -> full RTE now 0x01000000000008D1 (vector=0xD1 masked=0)
[cmos-ab] write reg=0x0B value=0x02 (RegA=0x25 RegB=0x02, PIE=0)
[ioapic-rte] controller id=1 entry=8 reg=0x21 value=0x01000000 -> full RTE now 0x01000000000008D1 (vector=0xD1 masked=0)
[ioapic-rte] controller id=1 entry=8 reg=0x20 value=0x000008D1 -> full RTE now 0x01000000000008D1 (vector=0xD1 masked=0)
[cmos-ab] write reg=0x0B value=0x42 (RegA=0x25 RegB=0x42, PIE=1)
[heartbeat: exitCount=3375000 elapsedSec=109.6 lastPort=0xB008 write=0 val=0xC]
[u33] EDGE pass=2 exitCount=3378819 (reset+139342) pool[0]: +0x08 0x0->0xFFFF9908CE002000 +0x10 0x0->0xFFFF820358000000 +0x08 INIT(null->set) +0x10 INIT(null->set)
[heartbeat: exitCount=3380000 elapsedSec=109.9 lastPort=0xCFC write=0 val=0xC]
[heartbeat: exitCount=3385000 elapsedSec=109.9 lastPort=0xCFC write=0 val=0xC]
[heartbeat: exitCount=3390000 elapsedSec=110.0 lastPort=0xCF8 write=1 val=0xC]
[heartbeat: exitCount=3395000 elapsedSec=110.1 lastPort=0xCF8 write=1 val=0xC]
[cmos-ab] write reg=0x0B value=0x02 (RegA=0x25 RegB=0x02, PIE=0)
[pcicfg #100000] bus=219 dev=30 func=0 off=0x00 size=2 write=0 val=0xFFFFFFFF cfg=absent
[heartbeat: exitCount=3400000 elapsedSec=110.2 lastPort=0xCFC write=0 val=0xC]
[cmos-ab] write reg=0x0B value=0x02 (RegA=0x25 RegB=0x02, PIE=0)
[ioapic-rte] controller id=1 entry=8 reg=0x21 value=0x01000000 -> full RTE now 0x01000000000008D1 (vector=0xD1 masked=0)
[ioapic-rte] controller id=1 entry=8 reg=0x20 value=0x000008D1 -> full RTE now 0x01000000000008D1 (vector=0xD1 masked=0)
[cmos-ab] write reg=0x0B value=0x42 (RegA=0x25 RegB=0x42, PIE=1)
[heartbeat: exitCount=3405000 elapsedSec=110.3 lastPort=0xB008 write=0 val=0x9]
[heartbeat: exitCount=3410000 elapsedSec=110.3 lastPort=0xB008 write=0 val=0x9]

[BUGCHECK] hit #1: KeBugCheckEx code=0xA5 p1=0x11 p2=0x3 p3=0x0 exitCount=3413150
[BUGCHECK]   p4=0x0  caller(return)=0xFFFFF802809C0454[kerneldiag] candidate address 0xFFFFF802809C0454 resolves to module base 0xFFFFF80280900000 (+0xC0454 into it)
[kerneldiag] debug directory: type=2 codeViewRva=0x73F3C
[kerneldiag] module PDB name: acpi.pdb guid=662B8231-E47D-1FF9-F7E8C8FD1B44A572 age=1
  (base 0xFFFFF80280900000 RVA 0xC0454)
[BUGCHECK]   stack (canonical kernel qwords):
[BUGCHECK]     [rsp+0x00]=0xFFFFF802809C0454[kerneldiag] candidate address 0xFFFFF802809C0454 resolves to module base 0xFFFFF80280900000 (+0xC0454 into it)
[kerneldiag] debug directory: type=2 codeViewRva=0x73F3C
[kerneldiag] module PDB name: acpi.pdb guid=662B8231-E47D-1FF9-F7E8C8FD1B44A572 age=1
  (RVA 0xC0454)
[BUGCHECK]     [rsp+0x10]=0xFFFFF802809701CA[kerneldiag] candidate address 0xFFFFF802809701CA resolves to module base 0xFFFFF80280900000 (+0x701CA into it)
[kerneldiag] debug directory: type=2 codeViewRva=0x73F3C
[kerneldiag] module PDB name: acpi.pdb guid=662B8231-E47D-1FF9-F7E8C8FD1B44A572 age=1
  (RVA 0x701CA)
[BUGCHECK]     [rsp+0x18]=0xFFFF9908CE876A60[kerneldiag] no PE header found scanning VA back from 0xFFFF9908CE876A60

[BUGCHECK]     [rsp+0x20]=0xFFFF9908CE681A20[kerneldiag] no PE header found scanning VA back from 0xFFFF9908CE681A20

[BUGCHECK]     [rsp+0x30]=0xFFFFF802C0140019[kerneldiag] no PE header found scanning VA back from 0xFFFFF802C0140019

[heartbeat: exitCount=3415000 elapsedSec=110.7 lastPort=0xB008 write=0 val=0xC]
[heartbeat: exitCount=3420000 elapsedSec=110.8 lastPort=0xB008 write=0 val=0xC]
[heartbeat: exitCount=3425000 elapsedSec=110.9 lastPort=0xB008 write=0 val=0xC]
[heartbeat: exitCount=3430000 elapsedSec=111.0 lastPort=0xB008 write=0 val=0xC]
[heartbeat: exitCount=3435000 elapsedSec=111.0 lastPort=0xB008 write=0 val=0xC]
[heartbeat: exitCount=3440000 elapsedSec=111.1 lastPort=0xB008 write=0 val=0xC]
[heartbeat: exitCount=3445000 elapsedSec=111.2 lastPort=0xB008 write=0 val=0xC]
[heartbeat: exitCount=3450000 elapsedSec=111.3 lastPort=0xB008 write=0 val=0xC]
[heartbeat: exitCount=3455000 elapsedSec=111.3 lastPort=0xB008 write=0 val=0xC]
[heartbeat: exitCount=3460000 elapsedSec=111.4 lastPort=0xB008 write=0 val=0xC]
[heartbeat: exitCount=3465000 elapsedSec=111.5 lastPort=0xB008 write=0 val=0xC]
[heartbeat: exitCount=3470000 elapsedSec=111.5 lastPort=0xB008 write=0 val=0xC]
[heartbeat: exitCount=3475000 elapsedSec=111.6 lastPort=0xB008 write=0 val=0xC]
[heartbeat: exitCount=3480000 elapsedSec=111.7 lastPort=0xB008 write=0 val=0xC]
[heartbeat: exitCount=3485000 elapsedSec=111.7 lastPort=0xB008 write=0 val=0xC]
[heartbeat: exitCount=3490000 elapsedSec=111.8 lastPort=0xB008 write=0 val=0xC]
[heartbeat: exitCount=3495000 elapsedSec=111.9 lastPort=0xB008 write=0 val=0xC]
[heartbeat: exitCount=3500000 elapsedSec=112.0 lastPort=0xB008 write=0 val=0xC]
[u40] === RIP histogram pass 2 (periodic): 266600 samples, base=0xFFFFF8027C600000 ===
[u40]    68412  page 0xFFFFF80137965000
[u40]    66656  page 0xFFFFF8030D165000
[u40]    59413  page 0xFFFFF8033DB65000
[u40]    33468  page 0xBEA03000
[u40]    10668  page 0xFFFFF8027C965000  = base+0x365000
[u40]     6596  page 0x1DD9000
[u40]     4535  page 0xBF14E000
[u40]     2032  page 0xBFC50000
[u40]     1642  page 0xFFFFF801379BD000
[u40]     1642  page 0xFFFFF8030D1BD000
[u40]     1638  page 0xFFFFF8027C9BD000  = base+0x3BD000
[u40]     1638  page 0xFFFFF8033DBBD000
[u40]     1580  page 0xBFD68000
[u40]      845  page 0xBE422000
[u40]      830  page 0xFFFFF8027C9BC000  = base+0x3BC000
[u40]      828  page 0xFFFFF8033DBBC000
[u40]      826  page 0xFFFFF801379BC000
[u40]      825  page 0xFFFFF8030D1BC000
[u40]   most recent 256 samples (newest last):
[u40]     FFFFF8027C965444@3497441 FFFFF8027C965444@3497451 FFFFF8027C965444@3497461 FFFFF8027C965444@3497471 FFFFF8027C965444@3497481 FFFFF8027C965444@3497491 FFFFF8027C965444@3497501 FFFFF8027C965444@3497511 FFFFF8027C965444@3497521 FFFFF8027C965444@3497531 FFFFF8027C965444@3497541 FFFFF8027C965444@3497551 FFFFF8027C965444@3497561 FFFFF8027C965444@3497571 FFFFF8027C965444@3497581 FFFFF8027C965444@3497591 FFFFF8027C965444@3497601 FFFFF8027C965444@3497611 FFFFF8027C965444@3497621 FFFFF8027C965444@3497631 FFFFF8027C965444@3497641 FFFFF8027C965444@3497651 FFFFF8027C965444@3497661 FFFFF8027C965444@3497671 FFFFF8027C965444@3497681 FFFFF8027C965444@3497691 FFFFF8027C965444@3497701 FFFFF8027C965444@3497711 FFFFF8027C965444@3497721 FFFFF8027C965444@3497731 FFFFF8027C965444@3497741 FFFFF8027C965444@3497751 FFFFF8027C965444@3497761 FFFFF8027C965444@3497771 FFFFF8027C965444@3497781 FFFFF8027C965444@3497791 FFFFF8027C965444@3497801 FFFFF8027C965444@3497811 FFFFF8027C965444@3497821 FFFFF8027C965444@3497831 FFFFF8027C965444@3497841 FFFFF8027C965444@3497851 FFFFF8027C965444@3497861 FFFFF8027C965444@3497871 FFFFF8027C965444@3497881 FFFFF8027C965444@3497891 FFFFF8027C965444@3497901 FFFFF8027C965444@3497911 FFFFF8027C965444@3497921 FFFFF8027C965444@3497931 FFFFF8027C965444@3497941 FFFFF8027C965444@3497951 FFFFF8027C965444@3497961 FFFFF8027C965444@3497971 FFFFF8027C965444@3497981 FFFFF8027C965444@3497991 FFFFF8027C965444@3498001 FFFFF8027C965444@3498011 FFFFF8027C965444@3498021 FFFFF8027C965444@3498031 FFFFF8027C965444@3498041 FFFFF8027C965444@3498051 FFFFF8027C965444@3498061 FFFFF8027C965444@3498071 FFFFF8027C965444@3498081 FFFFF8027C965444@3498091 FFFFF8027C965444@3498101 FFFFF8027C965444@3498111 FFFFF8027C965444@3498121 FFFFF8027C965444@3498131 FFFFF8027C965444@3498141 FFFFF8027C965444@3498151 FFFFF8027C965444@3498161 FFFFF8027C965444@3498171 FFFFF8027C965444@3498181 FFFFF8027C965444@3498191 FFFFF8027C965444@3498201 FFFFF8027C965444@3498211 FFFFF8027C965444@3498221 FFFFF8027C965444@3498231 FFFFF8027C965444@3498241 FFFFF8027C965444@3498251 FFFFF8027C965444@3498261 FFFFF8027C965444@3498271 FFFFF8027C965444@3498281 FFFFF8027C965444@3498291 FFFFF8027C965444@3498301 FFFFF8027C965444@3498311 FFFFF8027C965444@3498321 FFFFF8027C965444@3498331 FFFFF8027C965444@3498341 FFFFF8027C965444@3498351 FFFFF8027C965444@3498361 FFFFF8027C965444@3498371 FFFFF8027C965444@3498381 FFFFF8027C965444@3498391 FFFFF8027C965444@3498401 FFFFF8027C965444@3498411 FFFFF8027C965444@3498421 FFFFF8027C965444@3498431 FFFFF8027C965444@3498441 FFFFF8027C965444@3498451 FFFFF8027C965444@3498461 FFFFF8027C965444@3498471 FFFFF8027C965444@3498481 FFFFF8027C965444@3498491 FFFFF8027C965444@3498501 FFFFF8027C965444@3498511 FFFFF8027C965444@3498521 FFFFF8027C965444@3498531 FFFFF8027C965444@3498541 FFFFF8027C965444@3498551 FFFFF8027C965444@3498561 FFFFF8027C965444@3498571 FFFFF8027C965444@3498581 FFFFF8027C965444@3498591 FFFFF8027C965444@3498601 FFFFF8027C965444@3498611 FFFFF8027C965444@3498621 FFFFF8027C965444@3498631 FFFFF8027C965444@3498641 FFFFF8027C965444@3498651 FFFFF8027C965444@3498661 FFFFF8027C965444@3498671 FFFFF8027C965444@3498681 FFFFF8027C965444@3498691 FFFFF8027C965444@3498701 FFFFF8027C965444@3498711 FFFFF8027C965444@3498721 FFFFF8027C965444@3498731 FFFFF8027C965444@3498741 FFFFF8027C965444@3498751 FFFFF8027C965444@3498761 FFFFF8027C965444@3498771 FFFFF8027C965444@3498781 FFFFF8027C965444@3498791 FFFFF8027C965444@3498801 FFFFF8027C965444@3498811 FFFFF8027C965444@3498821 FFFFF8027C965444@3498831 FFFFF8027C965444@3498841 FFFFF8027C965444@3498851 FFFFF8027C965444@3498861 FFFFF8027C965444@3498871 FFFFF8027C965444@3498881 FFFFF8027C965444@3498891 FFFFF8027C965444@3498901 FFFFF8027C965444@3498911 FFFFF8027C965444@3498921 FFFFF8027C965444@3498931 FFFFF8027C965444@3498941 FFFFF8027C965444@3498951 FFFFF8027C965444@3498961 FFFFF8027C965444@3498971 FFFFF8027C965444@3498981 FFFFF8027C965444@3498991 FFFFF8027C965444@3499001 FFFFF8027C965444@3499011 FFFFF8027C965444@3499021 FFFFF8027C965444@3499031 FFFFF8027C965444@3499041 FFFFF8027C965444@3499051 FFFFF8027C965444@3499061 FFFFF8027C965444@3499071 FFFFF8027C965444@3499081 FFFFF8027C965444@3499091 FFFFF8027C965444@3499101 FFFFF8027C965444@3499111 FFFFF8027C965444@3499121 FFFFF8027C965444@3499131 FFFFF8027C965444@3499141 FFFFF8027C965444@3499151 FFFFF8027C965444@3499161 FFFFF8027C965444@3499171 FFFFF8027C965444@3499181 FFFFF8027C965444@3499191 FFFFF8027C965444@3499201 FFFFF8027C965444@3499211 FFFFF8027C965444@3499221 FFFFF8027C965444@3499231 FFFFF8027C965444@3499241 FFFFF8027C965444@3499251 FFFFF8027C965444@3499261 FFFFF8027C965444@3499271 FFFFF8027C965444@3499281 FFFFF8027C965444@3499291 FFFFF8027C965444@3499301 FFFFF8027C965444@3499311 FFFFF8027C965444@3499321 FFFFF8027C965444@3499331 FFFFF8027C965444@3499341 FFFFF8027C965444@3499351 FFFFF8027C965444@3499361 FFFFF8027C965444@3499371 FFFFF8027C965444@3499381 FFFFF8027C965444@3499391 FFFFF8027C965444@3499401 FFFFF8027C965444@3499411 FFFFF8027C965444@3499421 FFFFF8027C965444@3499431 FFFFF8027C965444@3499441 FFFFF8027C965444@3499451 FFFFF8027C965444@3499461 FFFFF8027C965444@3499471 FFFFF8027C965444@3499481 FFFFF8027C965444@3499491 FFFFF8027C965444@3499501 FFFFF8027C965444@3499511 FFFFF8027C965444@3499521 FFFFF8027C965444@3499531 FFFFF8027C965444@3499541 FFFFF8027C965444@3499551 FFFFF8027C965444@3499561 FFFFF8027C965444@3499571 FFFFF8027C965444@3499581 FFFFF8027C965444@3499591 FFFFF8027C965444@3499601 FFFFF8027C965444@3499611 FFFFF8027C965444@3499621 FFFFF8027C965444@3499631 FFFFF8027C965444@3499641 FFFFF8027C965444@3499651 FFFFF8027C965444@3499661 FFFFF8027C965444@3499671 FFFFF8027C965444@3499681 FFFFF8027C965444@3499691 FFFFF8027C965444@3499701 FFFFF8027C965444@3499711 FFFFF8027C965444@3499721 FFFFF8027C965444@3499731 FFFFF8027C965444@3499741 FFFFF8027C965444@3499751 FFFFF8027C965444@3499761 FFFFF8027C965444@3499771 FFFFF8027C965444@3499781 FFFFF8027C965444@3499791 FFFFF8027C965444@3499801 FFFFF8027C965444@3499811 FFFFF8027C965444@3499821 FFFFF8027C965444@3499831 FFFFF8027C965444@3499841 FFFFF8027C965444@3499851 FFFFF8027C965444@3499861 FFFFF8027C965444@3499871 FFFFF8027C965444@3499881 FFFFF8027C965444@3499891 FFFFF8027C965444@3499901 FFFFF8027C965444@3499911 FFFFF8027C965444@3499921 FFFFF8027C965444@3499931 FFFFF8027C965444@3499941 FFFFF8027C965444@3499951 FFFFF8027C965444@3499961 FFFFF8027C965444@3499971 FFFFF8027C965444@3499981 FFFFF8027C965444@3499991
[heartbeat: exitCount=3505000 elapsedSec=112.0 lastPort=0xB008 write=0 val=0xC]
[heartbeat: exitCount=3510000 elapsedSec=112.1 lastPort=0xB008 write=0 val=0xC]
[heartbeat: exitCount=3515000 elapsedSec=112.2 lastPort=0xB008 write=0 val=0xC]
[heartbeat: exitCount=3520000 elapsedSec=112.2 lastPort=0xB008 write=0 val=0xC]
[heartbeat: exitCount=3525000 elapsedSec=112.3 lastPort=0xB008 write=0 val=0xC]
[heartbeat: exitCount=3530000 elapsedSec=112.4 lastPort=0xB008 write=0 val=0xC]
[heartbeat: exitCount=3535000 elapsedSec=112.4 lastPort=0xB008 write=0 val=0xC]
[heartbeat: exitCount=3540000 elapsedSec=112.5 lastPort=0xB008 write=0 val=0xC]
[heartbeat: exitCount=3545000 elapsedSec=112.6 lastPort=0xB008 write=0 val=0xC]
[heartbeat: exitCount=3550000 elapsedSec=112.6 lastPort=0xB008 write=0 val=0xC]
[heartbeat: exitCount=3555000 elapsedSec=112.7 lastPort=0xB008 write=0 val=0xC]
[heartbeat: exitCount=3560000 elapsedSec=112.8 lastPort=0xB008 write=0 val=0xC]
[heartbeat: exitCount=3565000 elapsedSec=112.9 lastPort=0xB008 write=0 val=0xC]
[heartbeat: exitCount=3570000 elapsedSec=112.9 lastPort=0xB008 write=0 val=0xC]
[heartbeat: exitCount=3575000 elapsedSec=113.0 lastPort=0xB008 write=0 val=0xC]
[heartbeat: exitCount=3580000 elapsedSec=113.1 lastPort=0xB008 write=0 val=0xC]
[heartbeat: exitCount=3585000 elapsedSec=113.1 lastPort=0xB008 write=0 val=0xC]
[heartbeat: exitCount=3590000 elapsedSec=113.2 lastPort=0xB008 write=0 val=0xC]
[heartbeat: exitCount=3595000 elapsedSec=113.3 lastPort=0xB008 write=0 val=0xC]
[heartbeat: exitCount=3600000 elapsedSec=113.3 lastPort=0xB008 write=0 val=0xC]
[heartbeat: exitCount=3605000 elapsedSec=113.4 lastPort=0xB008 write=0 val=0xC]
[heartbeat: exitCount=3610000 elapsedSec=113.5 lastPort=0xB008 write=0 val=0xC]
[heartbeat: exitCount=3615000 elapsedSec=113.5 lastPort=0xB008 write=0 val=0xC]
[heartbeat: exitCount=3620000 elapsedSec=113.6 lastPort=0xB008 write=0 val=0xC]
[heartbeat: exitCount=3625000 elapsedSec=113.7 lastPort=0xB008 write=0 val=0xC]
[rtc-diag] tick #3000 SKIPPED (interrupts disabled), skippedTotal=2682 firedTotal=318
[heartbeat: exitCount=3630000 elapsedSec=113.8 lastPort=0xB008 write=0 val=0xC]
[heartbeat: exitCount=3635000 elapsedSec=113.8 lastPort=0xB008 write=0 val=0xC]
[heartbeat: exitCount=3640000 elapsedSec=113.9 lastPort=0xB008 write=0 val=0xC]
[heartbeat: exitCount=3645000 elapsedSec=114.0 lastPort=0xB008 write=0 val=0xC]
[heartbeat: exitCount=3650000 elapsedSec=114.1 lastPort=0xB008 write=0 val=0xC]
[heartbeat: exitCount=3655000 elapsedSec=114.1 lastPort=0xB008 write=0 val=0xC]
[heartbeat: exitCount=3660000 elapsedSec=114.2 lastPort=0xB008 write=0 val=0xC]
[heartbeat: exitCount=3665000 elapsedSec=114.3 lastPort=0xB008 write=0 val=0xC]
[heartbeat: exitCount=3670000 elapsedSec=114.4 lastPort=0xB008 write=0 val=0xC]
[heartbeat: exitCount=3675000 elapsedSec=114.4 lastPort=0xB008 write=0 val=0xC]
[heartbeat: exitCount=3680000 elapsedSec=114.5 lastPort=0xB008 write=0 val=0xC]
[heartbeat: exitCount=3685000 elapsedSec=114.6 lastPort=0xB008 write=0 val=0xC]
[heartbeat: exitCount=3690000 elapsedSec=114.7 lastPort=0xB008 write=0 val=0xC]
[heartbeat: exitCount=3695000 elapsedSec=114.8 lastPort=0xB008 write=0 val=0xC]
[heartbeat: exitCount=3700000 elapsedSec=114.8 lastPort=0xB008 write=0 val=0xC]
[heartbeat: exitCount=3705000 elapsedSec=114.9 lastPort=0xB008 write=0 val=0xC]
[heartbeat: exitCount=3710000 elapsedSec=115.0 lastPort=0xB008 write=0 val=0xC]
[heartbeat: exitCount=3715000 elapsedSec=115.1 lastPort=0xB008 write=0 val=0xC]
[heartbeat: exitCount=3720000 elapsedSec=115.1 lastPort=0xB008 write=0 val=0xC]
[heartbeat: exitCount=3725000 elapsedSec=115.2 lastPort=0xB008 write=0 val=0xC]
[heartbeat: exitCount=3730000 elapsedSec=115.3 lastPort=0xB008 write=0 val=0xC]
[heartbeat: exitCount=3735000 elapsedSec=115.4 lastPort=0xB008 write=0 val=0xC]
[heartbeat: exitCount=3740000 elapsedSec=115.5 lastPort=0xB008 write=0 val=0xC]
[heartbeat: exitCount=3745000 elapsedSec=115.5 lastPort=0xB008 write=0 val=0xC]
[heartbeat: exitCount=3750000 elapsedSec=115.6 lastPort=0xB008 write=0 val=0xC]
[u40] === RIP histogram pass 2 (periodic): 291600 samples, base=0xFFFFF8027C600000 ===
[u40]    68412  page 0xFFFFF80137965000
[u40]    66656  page 0xFFFFF8030D165000
[u40]    59413  page 0xFFFFF8033DB65000
[u40]    35667  page 0xFFFFF8027C965000  = base+0x365000
[u40]    33468  page 0xBEA03000
[u40]     6596  page 0x1DD9000
[u40]     4535  page 0xBF14E000
[u40]     2032  page 0xBFC50000
[u40]     1642  page 0xFFFFF801379BD000
[u40]     1642  page 0xFFFFF8030D1BD000
[u40]     1638  page 0xFFFFF8027C9BD000  = base+0x3BD000
[u40]     1638  page 0xFFFFF8033DBBD000
[u40]     1580  page 0xBFD68000
[u40]      845  page 0xBE422000
[u40]      830  page 0xFFFFF8027C9BC000  = base+0x3BC000
[u40]      828  page 0xFFFFF8033DBBC000
[u40]      826  page 0xFFFFF801379BC000
[u40]      825  page 0xFFFFF8030D1BC000
[u40]   most recent 256 samples (newest last):
[u40]     FFFFF8027C965444@3747441 FFFFF8027C965444@3747451 FFFFF8027C965444@3747461 FFFFF8027C965444@3747471 FFFFF8027C965444@3747481 FFFFF8027C965444@3747491 FFFFF8027C965444@3747501 FFFFF8027C965444@3747511 FFFFF8027C965444@3747521 FFFFF8027C965444@3747531 FFFFF8027C965444@3747541 FFFFF8027C965444@3747551 FFFFF8027C965444@3747561 FFFFF8027C965444@3747571 FFFFF8027C965444@3747581 FFFFF8027C965444@3747591 FFFFF8027C965444@3747601 FFFFF8027C965444@3747611 FFFFF8027C965444@3747621 FFFFF8027C965444@3747631 FFFFF8027C965444@3747641 FFFFF8027C965444@3747651 FFFFF8027C965444@3747661 FFFFF8027C965444@3747671 FFFFF8027C965444@3747681 FFFFF8027C965444@3747691 FFFFF8027C965444@3747701 FFFFF8027C965444@3747711 FFFFF8027C965444@3747721 FFFFF8027C965444@3747731 FFFFF8027C965444@3747741 FFFFF8027C965444@3747751 FFFFF8027C965444@3747761 FFFFF8027C965444@3747771 FFFFF8027C965444@3747781 FFFFF8027C965444@3747791 FFFFF8027C965444@3747801 FFFFF8027C965444@3747811 FFFFF8027C965444@3747821 FFFFF8027C965444@3747831 FFFFF8027C965444@3747841 FFFFF8027C965444@3747851 FFFFF8027C965444@3747861 FFFFF8027C965444@3747871 FFFFF8027C965444@3747881 FFFFF8027C965444@3747891 FFFFF8027C965444@3747901 FFFFF8027C965444@3747911 FFFFF8027C965444@3747921 FFFFF8027C965444@3747931 FFFFF8027C965444@3747941 FFFFF8027C965444@3747951 FFFFF8027C965444@3747961 FFFFF8027C965444@3747971 FFFFF8027C965444@3747981 FFFFF8027C965444@3747991 FFFFF8027C965444@3748001 FFFFF8027C965444@3748011 FFFFF8027C965444@3748021 FFFFF8027C965444@3748031 FFFFF8027C965444@3748041 FFFFF8027C965444@3748051 FFFFF8027C965444@3748061 FFFFF8027C965444@3748071 FFFFF8027C965444@3748081 FFFFF8027C965444@3748091 FFFFF8027C965444@3748101 FFFFF8027C965444@3748111 FFFFF8027C965444@3748121 FFFFF8027C965444@3748131 FFFFF8027C965444@3748141 FFFFF8027C965444@3748151 FFFFF8027C965444@3748161 FFFFF8027C965444@3748171 FFFFF8027C965444@3748181 FFFFF8027C965444@3748191 FFFFF8027C965444@3748201 FFFFF8027C965444@3748211 FFFFF8027C965444@3748221 FFFFF8027C965444@3748231 FFFFF8027C965444@3748241 FFFFF8027C965444@3748251 FFFFF8027C965444@3748261 FFFFF8027C965444@3748271 FFFFF8027C965444@3748281 FFFFF8027C965444@3748291 FFFFF8027C965444@3748301 FFFFF8027C965444@3748311 FFFFF8027C965444@3748321 FFFFF8027C965444@3748331 FFFFF8027C965444@3748341 FFFFF8027C965444@3748351 FFFFF8027C965444@3748361 FFFFF8027C965444@3748371 FFFFF8027C965444@3748381 FFFFF8027C965444@3748391 FFFFF8027C965444@3748401 FFFFF8027C965444@3748411 FFFFF8027C965444@3748421 FFFFF8027C965444@3748431 FFFFF8027C965444@3748441 FFFFF8027C965444@3748451 FFFFF8027C965444@3748461 FFFFF8027C965444@3748471 FFFFF8027C965444@3748481 FFFFF8027C965444@3748491 FFFFF8027C965444@3748501 FFFFF8027C965444@3748511 FFFFF8027C965444@3748521 FFFFF8027C965444@3748531 FFFFF8027C965444@3748541 FFFFF8027C965444@3748551 FFFFF8027C965444@3748561 FFFFF8027C965444@3748571 FFFFF8027C965444@3748581 FFFFF8027C965444@3748591 FFFFF8027C965444@3748601 FFFFF8027C965444@3748611 FFFFF8027C965444@3748621 FFFFF8027C965444@3748631 FFFFF8027C965444@3748641 FFFFF8027C965444@3748651 FFFFF8027C965444@3748661 FFFFF8027C965444@3748671 FFFFF8027C965444@3748681 FFFFF8027C965444@3748691 FFFFF8027C965444@3748701 FFFFF8027C965444@3748711 FFFFF8027C965444@3748721 FFFFF8027C965444@3748731 FFFFF8027C965444@3748741 FFFFF8027C965444@3748751 FFFFF8027C965444@3748761 FFFFF8027C965444@3748771 FFFFF8027C965444@3748781 FFFFF8027C965444@3748791 FFFFF8027C965444@3748801 FFFFF8027C965444@3748811 FFFFF8027C965444@3748821 FFFFF8027C965444@3748831 FFFFF8027C965444@3748841 FFFFF8027C965444@3748851 FFFFF8027C965444@3748861 FFFFF8027C965444@3748871 FFFFF8027C965444@3748881 FFFFF8027C965444@3748891 FFFFF8027C965444@3748901 FFFFF8027C965444@3748911 FFFFF8027C965444@3748921 FFFFF8027C965444@3748931 FFFFF8027C965444@3748941 FFFFF8027C965444@3748951 FFFFF8027C965444@3748961 FFFFF8027C965444@3748971 FFFFF8027C965444@3748981 FFFFF8027C965444@3748991 FFFFF8027C965444@3749001 FFFFF8027C965444@3749011 FFFFF8027C965444@3749021 FFFFF8027C965444@3749031 FFFFF8027C965444@3749041 FFFFF8027C965444@3749051 FFFFF8027C965444@3749061 FFFFF8027C965444@3749071 FFFFF8027C965444@3749081 FFFFF8027C965444@3749091 FFFFF8027C965444@3749101 FFFFF8027C965444@3749111 FFFFF8027C965444@3749121 FFFFF8027C965444@3749131 FFFFF8027C965444@3749141 FFFFF8027C965444@3749151 FFFFF8027C965444@3749161 FFFFF8027C965444@3749171 FFFFF8027C965444@3749181 FFFFF8027C965444@3749191 FFFFF8027C965444@3749201 FFFFF8027C965444@3749211 FFFFF8027C965444@3749221 FFFFF8027C965444@3749231 FFFFF8027C965444@3749241 FFFFF8027C965444@3749251 FFFFF8027C965444@3749261 FFFFF8027C965444@3749271 FFFFF8027C965444@3749281 FFFFF8027C965444@3749291 FFFFF8027C965444@3749301 FFFFF8027C965444@3749311 FFFFF8027C965444@3749321 FFFFF8027C965444@3749331 FFFFF8027C965444@3749341 FFFFF8027C965444@3749351 FFFFF8027C965444@3749361 FFFFF8027C965444@3749371 FFFFF8027C965444@3749381 FFFFF8027C965444@3749391 FFFFF8027C965444@3749401 FFFFF8027C965444@3749411 FFFFF8027C965444@3749421 FFFFF8027C965444@3749431 FFFFF8027C965444@3749441 FFFFF8027C965444@3749451 FFFFF8027C965444@3749461 FFFFF8027C965444@3749471 FFFFF8027C965444@3749481 FFFFF8027C965444@3749491 FFFFF8027C965444@3749501 FFFFF8027C965444@3749511 FFFFF8027C965444@3749521 FFFFF8027C965444@3749531 FFFFF8027C965444@3749541 FFFFF8027C965444@3749551 FFFFF8027C965444@3749561 FFFFF8027C965444@3749571 FFFFF8027C965444@3749581 FFFFF8027C965444@3749591 FFFFF8027C965444@3749601 FFFFF8027C965444@3749611 FFFFF8027C965444@3749621 FFFFF8027C965444@3749631 FFFFF8027C965444@3749641 FFFFF8027C965444@3749651 FFFFF8027C965444@3749661 FFFFF8027C965444@3749671 FFFFF8027C965444@3749681 FFFFF8027C965444@3749691 FFFFF8027C965444@3749701 FFFFF8027C965444@3749711 FFFFF8027C965444@3749721 FFFFF8027C965444@3749731 FFFFF8027C965444@3749741 FFFFF8027C965444@3749751 FFFFF8027C965444@3749761 FFFFF8027C965444@3749771 FFFFF8027C965444@3749781 FFFFF8027C965444@3749791 FFFFF8027C965444@3749801 FFFFF8027C965444@3749811 FFFFF8027C965445@3749821 FFFFF8027C965444@3749831 FFFFF8027C965444@3749841 FFFFF8027C965444@3749851 FFFFF8027C965444@3749861 FFFFF8027C965444@3749871 FFFFF8027C965444@3749881 FFFFF8027C965444@3749891 FFFFF8027C965444@3749901 FFFFF8027C965444@3749911 FFFFF8027C965444@3749921 FFFFF8027C965444@3749931 FFFFF8027C965444@3749941 FFFFF8027C965444@3749951 FFFFF8027C965444@3749961 FFFFF8027C965444@3749971 FFFFF8027C965444@3749981 FFFFF8027C965444@3749991
[heartbeat: exitCount=3755000 elapsedSec=115.7 lastPort=0xB008 write=0 val=0xC]
[heartbeat: exitCount=3760000 elapsedSec=115.8 lastPort=0xB008 write=0 val=0xC]
[heartbeat: exitCount=3765000 elapsedSec=115.8 lastPort=0xB008 write=0 val=0xC]
[heartbeat: exitCount=3770000 elapsedSec=115.9 lastPort=0xB008 write=0 val=0xC]
[heartbeat: exitCount=3775000 elapsedSec=116.0 lastPort=0xB008 write=0 val=0xC]
[heartbeat: exitCount=3780000 elapsedSec=116.0 lastPort=0xB008 write=0 val=0xC]
[heartbeat: exitCount=3785000 elapsedSec=116.1 lastPort=0xB008 write=0 val=0xC]
[heartbeat: exitCount=3790000 elapsedSec=116.2 lastPort=0xB008 write=0 val=0xC]
[heartbeat: exitCount=3795000 elapsedSec=116.2 lastPort=0xB008 write=0 val=0xC]
[heartbeat: exitCount=3800000 elapsedSec=116.3 lastPort=0xB008 write=0 val=0xC]
[heartbeat: exitCount=3805000 elapsedSec=116.4 lastPort=0xB008 write=0 val=0xC]
[heartbeat: exitCount=3810000 elapsedSec=116.5 lastPort=0xB008 write=0 val=0xC]
[heartbeat: exitCount=3815000 elapsedSec=116.6 lastPort=0xB008 write=0 val=0xC]
[heartbeat: exitCount=3820000 elapsedSec=116.6 lastPort=0xB008 write=0 val=0xC]
[heartbeat: exitCount=3825000 elapsedSec=116.7 lastPort=0xB008 write=0 val=0xC]
[heartbeat: exitCount=3830000 elapsedSec=116.8 lastPort=0xB008 write=0 val=0xC]
[heartbeat: exitCount=3835000 elapsedSec=116.9 lastPort=0xB008 write=0 val=0xC]
[heartbeat: exitCount=3840000 elapsedSec=116.9 lastPort=0xB008 write=0 val=0xC]
[heartbeat: exitCount=3845000 elapsedSec=117.0 lastPort=0xB008 write=0 val=0xC]
[heartbeat: exitCount=3850000 elapsedSec=117.1 lastPort=0xB008 write=0 val=0xC]
[heartbeat: exitCount=3855000 elapsedSec=117.1 lastPort=0xB008 write=0 val=0xC]
[heartbeat: exitCount=3860000 elapsedSec=117.2 lastPort=0xB008 write=0 val=0xC]
[heartbeat: exitCount=3865000 elapsedSec=117.3 lastPort=0xB008 write=0 val=0xC]
[heartbeat: exitCount=3870000 elapsedSec=117.4 lastPort=0xB008 write=0 val=0xC]
[heartbeat: exitCount=3875000 elapsedSec=117.4 lastPort=0xB008 write=0 val=0xC]
[heartbeat: exitCount=3880000 elapsedSec=117.5 lastPort=0xB008 write=0 val=0xC]
[heartbeat: exitCount=3885000 elapsedSec=117.6 lastPort=0xB008 write=0 val=0xC]
[heartbeat: exitCount=3890000 elapsedSec=117.6 lastPort=0xB008 write=0 val=0xC]
[heartbeat: exitCount=3895000 elapsedSec=117.7 lastPort=0xB008 write=0 val=0xC]
[heartbeat: exitCount=3900000 elapsedSec=117.8 lastPort=0xB008 write=0 val=0xC]
[heartbeat: exitCount=3905000 elapsedSec=117.8 lastPort=0xB008 write=0 val=0xC]
[heartbeat: exitCount=3910000 elapsedSec=117.9 lastPort=0xB008 write=0 val=0xC]
[heartbeat: exitCount=3915000 elapsedSec=118.0 lastPort=0xB008 write=0 val=0xC]
[heartbeat: exitCount=3920000 elapsedSec=118.0 lastPort=0xB008 write=0 val=0xC]
[heartbeat: exitCount=3925000 elapsedSec=118.1 lastPort=0xB008 write=0 val=0xC]
[heartbeat: exitCount=3930000 elapsedSec=118.2 lastPort=0xB008 write=0 val=0xC]
[heartbeat: exitCount=3935000 elapsedSec=118.3 lastPort=0xB008 write=0 val=0xC]
[heartbeat: exitCount=3940000 elapsedSec=118.3 lastPort=0xB008 write=0 val=0xC]
[heartbeat: exitCount=3945000 elapsedSec=118.4 lastPort=0xB008 write=0 val=0xC]
[heartbeat: exitCount=3950000 elapsedSec=118.5 lastPort=0xB008 write=0 val=0xC]
[heartbeat: exitCount=3955000 elapsedSec=118.5 lastPort=0xB008 write=0 val=0xC]
[heartbeat: exitCount=3960000 elapsedSec=118.6 lastPort=0xB008 write=0 val=0xC]
[heartbeat: exitCount=3965000 elapsedSec=118.7 lastPort=0xB008 write=0 val=0xC]
[heartbeat: exitCount=3970000 elapsedSec=118.7 lastPort=0xB008 write=0 val=0xC]
[heartbeat: exitCount=3975000 elapsedSec=118.8 lastPort=0xB008 write=0 val=0xC]
[heartbeat: exitCount=3980000 elapsedSec=118.9 lastPort=0xB008 write=0 val=0xC]
[heartbeat: exitCount=3985000 elapsedSec=119.0 lastPort=0xB008 write=0 val=0xC]
[heartbeat: exitCount=3990000 elapsedSec=119.0 lastPort=0xB008 write=0 val=0xC]
[heartbeat: exitCount=3995000 elapsedSec=119.1 lastPort=0xB008 write=0 val=0xC]
[heartbeat: exitCount=4000000 elapsedSec=119.2 lastPort=0xB008 write=0 val=0xC]
[u40] === RIP histogram pass 2 (periodic): 316600 samples, base=0xFFFFF8027C600000 ===
[u40]    68412  page 0xFFFFF80137965000
[u40]    66656  page 0xFFFFF8030D165000
[u40]    60666  page 0xFFFFF8027C965000  = base+0x365000
[u40]    59413  page 0xFFFFF8033DB65000
[u40]    33468  page 0xBEA03000
[u40]     6596  page 0x1DD9000
[u40]     4535  page 0xBF14E000
[u40]     2032  page 0xBFC50000
[u40]     1642  page 0xFFFFF801379BD000
[u40]     1642  page 0xFFFFF8030D1BD000
[u40]     1638  page 0xFFFFF8027C9BD000  = base+0x3BD000
[u40]     1638  page 0xFFFFF8033DBBD000
[u40]     1580  page 0xBFD68000
[u40]      845  page 0xBE422000
[u40]      830  page 0xFFFFF8027C9BC000  = base+0x3BC000
[u40]      828  page 0xFFFFF8033DBBC000
[u40]      826  page 0xFFFFF801379BC000
[u40]      825  page 0xFFFFF8030D1BC000
[u40]   most recent 256 samples (newest last):
[u40]     FFFFF8027C965444@3997441 FFFFF8027C965444@3997451 FFFFF8027C965444@3997461 FFFFF8027C965444@3997471 FFFFF8027C965444@3997481 FFFFF8027C965444@3997491 FFFFF8027C965444@3997501 FFFFF8027C965444@3997511 FFFFF8027C965444@3997521 FFFFF8027C965444@3997531 FFFFF8027C965444@3997541 FFFFF8027C965444@3997551 FFFFF8027C965444@3997561 FFFFF8027C965444@3997571 FFFFF8027C965444@3997581 FFFFF8027C965444@3997591 FFFFF8027C965444@3997601 FFFFF8027C965444@3997611 FFFFF8027C965444@3997621 FFFFF8027C965444@3997631 FFFFF8027C965444@3997641 FFFFF8027C965444@3997651 FFFFF8027C965444@3997661 FFFFF8027C965444@3997671 FFFFF8027C965444@3997681 FFFFF8027C965444@3997691 FFFFF8027C965444@3997701 FFFFF8027C965444@3997711 FFFFF8027C965444@3997721 FFFFF8027C965444@3997731 FFFFF8027C965444@3997741 FFFFF8027C965444@3997751 FFFFF8027C965444@3997761 FFFFF8027C965444@3997771 FFFFF8027C965444@3997781 FFFFF8027C965444@3997791 FFFFF8027C965444@3997801 FFFFF8027C965444@3997811 FFFFF8027C965444@3997821 FFFFF8027C965444@3997831 FFFFF8027C965444@3997841 FFFFF8027C965444@3997851 FFFFF8027C965444@3997861 FFFFF8027C965444@3997871 FFFFF8027C965444@3997881 FFFFF8027C965444@3997891 FFFFF8027C965444@3997901 FFFFF8027C965444@3997911 FFFFF8027C965444@3997921 FFFFF8027C965444@3997931 FFFFF8027C965444@3997941 FFFFF8027C965444@3997951 FFFFF8027C965444@3997961 FFFFF8027C965444@3997971 FFFFF8027C965444@3997981 FFFFF8027C965444@3997991 FFFFF8027C965444@3998001 FFFFF8027C965444@3998011 FFFFF8027C965444@3998021 FFFFF8027C965444@3998031 FFFFF8027C965444@3998041 FFFFF8027C965444@3998051 FFFFF8027C965444@3998061 FFFFF8027C965444@3998071 FFFFF8027C965444@3998081 FFFFF8027C965444@3998091 FFFFF8027C965444@3998101 FFFFF8027C965444@3998111 FFFFF8027C965444@3998121 FFFFF8027C965444@3998131 FFFFF8027C965444@3998141 FFFFF8027C965444@3998151 FFFFF8027C965444@3998161 FFFFF8027C965444@3998171 FFFFF8027C965444@3998181 FFFFF8027C965444@3998191 FFFFF8027C965444@3998201 FFFFF8027C965444@3998211 FFFFF8027C965444@3998221 FFFFF8027C965444@3998231 FFFFF8027C965444@3998241 FFFFF8027C965444@3998251 FFFFF8027C965444@3998261 FFFFF8027C965444@3998271 FFFFF8027C965444@3998281 FFFFF8027C965444@3998291 FFFFF8027C965444@3998301 FFFFF8027C965444@3998311 FFFFF8027C965444@3998321 FFFFF8027C965444@3998331 FFFFF8027C965444@3998341 FFFFF8027C965444@3998351 FFFFF8027C965444@3998361 FFFFF8027C965444@3998371 FFFFF8027C965444@3998381 FFFFF8027C965444@3998391 FFFFF8027C965444@3998401 FFFFF8027C965444@3998411 FFFFF8027C965444@3998421 FFFFF8027C965444@3998431 FFFFF8027C965444@3998441 FFFFF8027C965444@3998451 FFFFF8027C965444@3998461 FFFFF8027C965444@3998471 FFFFF8027C965444@3998481 FFFFF8027C965444@3998491 FFFFF8027C965444@3998501 FFFFF8027C965444@3998511 FFFFF8027C965444@3998521 FFFFF8027C965444@3998531 FFFFF8027C965444@3998541 FFFFF8027C965444@3998551 FFFFF8027C965444@3998561 FFFFF8027C965444@3998571 FFFFF8027C965444@3998581 FFFFF8027C965444@3998591 FFFFF8027C965444@3998601 FFFFF8027C965444@3998611 FFFFF8027C965444@3998621 FFFFF8027C965444@3998631 FFFFF8027C965444@3998641 FFFFF8027C965444@3998651 FFFFF8027C965444@3998661 FFFFF8027C965444@3998671 FFFFF8027C965444@3998681 FFFFF8027C965444@3998691 FFFFF8027C965444@3998701 FFFFF8027C965444@3998711 FFFFF8027C965444@3998721 FFFFF8027C965444@3998731 FFFFF8027C965444@3998741 FFFFF8027C965444@3998751 FFFFF8027C965444@3998761 FFFFF8027C965444@3998771 FFFFF8027C965444@3998781 FFFFF8027C965444@3998791 FFFFF8027C965444@3998801 FFFFF8027C965444@3998811 FFFFF8027C965444@3998821 FFFFF8027C965444@3998831 FFFFF8027C965444@3998841 FFFFF8027C965444@3998851 FFFFF8027C965444@3998861 FFFFF8027C965444@3998871 FFFFF8027C965444@3998881 FFFFF8027C965444@3998891 FFFFF8027C965444@3998901 FFFFF8027C965444@3998911 FFFFF8027C965444@3998921 FFFFF8027C965444@3998931 FFFFF8027C965444@3998941 FFFFF8027C965444@3998951 FFFFF8027C965444@3998961 FFFFF8027C965444@3998971 FFFFF8027C965444@3998981 FFFFF8027C965444@3998991 FFFFF8027C965444@3999001 FFFFF8027C965444@3999011 FFFFF8027C965444@3999021 FFFFF8027C965444@3999031 FFFFF8027C965444@3999041 FFFFF8027C965444@3999051 FFFFF8027C965444@3999061 FFFFF8027C965444@3999071 FFFFF8027C965444@3999081 FFFFF8027C965444@3999091 FFFFF8027C965444@3999101 FFFFF8027C965444@3999111 FFFFF8027C965444@3999121 FFFFF8027C965444@3999131 FFFFF8027C965444@3999141 FFFFF8027C965444@3999151 FFFFF8027C965444@3999161 FFFFF8027C965444@3999171 FFFFF8027C965444@3999181 FFFFF8027C965444@3999191 FFFFF8027C965444@3999201 FFFFF8027C965444@3999211 FFFFF8027C965444@3999221 FFFFF8027C965444@3999231 FFFFF8027C965444@3999241 FFFFF8027C965444@3999251 FFFFF8027C965444@3999261 FFFFF8027C965444@3999271 FFFFF8027C965444@3999281 FFFFF8027C965444@3999291 FFFFF8027C965444@3999301 FFFFF8027C965444@3999311 FFFFF8027C965444@3999321 FFFFF8027C965444@3999331 FFFFF8027C965444@3999341 FFFFF8027C965444@3999351 FFFFF8027C965444@3999361 FFFFF8027C965444@3999371 FFFFF8027C965444@3999381 FFFFF8027C965444@3999391 FFFFF8027C965444@3999401 FFFFF8027C965444@3999411 FFFFF8027C965444@3999421 FFFFF8027C965444@3999431 FFFFF8027C965444@3999441 FFFFF8027C965444@3999451 FFFFF8027C965444@3999461 FFFFF8027C965444@3999471 FFFFF8027C965444@3999481 FFFFF8027C965444@3999491 FFFFF8027C965444@3999501 FFFFF8027C965444@3999511 FFFFF8027C965444@3999521 FFFFF8027C965444@3999531 FFFFF8027C965444@3999541 FFFFF8027C965444@3999551 FFFFF8027C965444@3999561 FFFFF8027C965444@3999571 FFFFF8027C965444@3999581 FFFFF8027C965444@3999591 FFFFF8027C965444@3999601 FFFFF8027C965444@3999611 FFFFF8027C965444@3999621 FFFFF8027C965444@3999631 FFFFF8027C965444@3999641 FFFFF8027C965444@3999651 FFFFF8027C965444@3999661 FFFFF8027C965444@3999671 FFFFF8027C965444@3999681 FFFFF8027C965444@3999691 FFFFF8027C965444@3999701 FFFFF8027C965444@3999711 FFFFF8027C965444@3999721 FFFFF8027C965444@3999731 FFFFF8027C965444@3999741 FFFFF8027C965444@3999751 FFFFF8027C965444@3999761 FFFFF8027C965444@3999771 FFFFF8027C965444@3999781 FFFFF8027C965444@3999791 FFFFF8027C965444@3999801 FFFFF8027C965444@3999811 FFFFF8027C965444@3999821 FFFFF8027C965444@3999831 FFFFF8027C965444@3999841 FFFFF8027C965444@3999851 FFFFF8027C965444@3999861 FFFFF8027C965444@3999871 FFFFF8027C965444@3999881 FFFFF8027C965444@3999891 FFFFF8027C965444@3999901 FFFFF8027C965444@3999911 FFFFF8027C965444@3999921 FFFFF8027C965444@3999931 FFFFF8027C965444@3999941 FFFFF8027C965444@3999951 FFFFF8027C965444@3999961 FFFFF8027C965444@3999971 FFFFF8027C965444@3999981 FFFFF8027C965444@3999991
[heartbeat: exitCount=4005000 elapsedSec=119.2 lastPort=0xB008 write=0 val=0xC]
[heartbeat: exitCount=4010000 elapsedSec=119.3 lastPort=0xB008 write=0 val=0xC]
[heartbeat: exitCount=4015000 elapsedSec=119.4 lastPort=0xB008 write=0 val=0xC]
[heartbeat: exitCount=4020000 elapsedSec=119.4 lastPort=0xB008 write=0 val=0xC]
[heartbeat: exitCount=4025000 elapsedSec=119.5 lastPort=0xB008 write=0 val=0xC]
[heartbeat: exitCount=4030000 elapsedSec=119.6 lastPort=0xB008 write=0 val=0xC]
[heartbeat: exitCount=4035000 elapsedSec=119.7 lastPort=0xB008 write=0 val=0xC]
[heartbeat: exitCount=4040000 elapsedSec=119.7 lastPort=0xB008 write=0 val=0xC]
[heartbeat: exitCount=4045000 elapsedSec=119.8 lastPort=0xB008 write=0 val=0xC]
[heartbeat: exitCount=4050000 elapsedSec=119.9 lastPort=0xB008 write=0 val=0xC]
[heartbeat: exitCount=4055000 elapsedSec=119.9 lastPort=0xB008 write=0 val=0xC]
[heartbeat: exitCount=4060000 elapsedSec=120.0 lastPort=0xB008 write=0 val=0xC]
[heartbeat: exitCount=4065000 elapsedSec=120.1 lastPort=0xB008 write=0 val=0xC]
[heartbeat: exitCount=4070000 elapsedSec=120.1 lastPort=0xB008 write=0 val=0xC]
[heartbeat: exitCount=4075000 elapsedSec=120.2 lastPort=0xB008 write=0 val=0xC]
[heartbeat: exitCount=4080000 elapsedSec=120.3 lastPort=0xB008 write=0 val=0xC]
[heartbeat: exitCount=4085000 elapsedSec=120.3 lastPort=0xB008 write=0 val=0xC]
[heartbeat: exitCount=4090000 elapsedSec=120.4 lastPort=0xB008 write=0 val=0xC]
[heartbeat: exitCount=4095000 elapsedSec=120.5 lastPort=0xB008 write=0 val=0xC]
[heartbeat: exitCount=4100000 elapsedSec=120.5 lastPort=0xB008 write=0 val=0xC]
[heartbeat: exitCount=4105000 elapsedSec=120.6 lastPort=0xB008 write=0 val=0xC]
[heartbeat: exitCount=4110000 elapsedSec=120.7 lastPort=0xB008 write=0 val=0xC]
[cmos-ab] write reg=0x0B value=0x02 (RegA=0x25 RegB=0x02, PIE=0)
[cmos-ab] write reg=0x0B value=0x02 (RegA=0x25 RegB=0x02, PIE=0)
[reset] port 0x64/0xFE keyboard-controller reset pulse honored -- vCPU restarted at reset vector (exitCount=4113238)
[u40] === RIP histogram pass 1 (end of pass 1, at reset): 8340 samples, base=0xFFFFF8003CA00000 ===
[u40]     6865  page 0xFFFFF8003CD65000  = base+0x365000
[u40]      693  page 0xBEA03000
[u40]      165  page 0x1DD9000
[u40]      164  page 0xFFFFF8003CDBD000  = base+0x3BD000
[u40]      106  page 0xBF14E000
[u40]       96  page 0xBE41C000
[u40]       81  page 0xFFFFF8003CDBC000  = base+0x3BC000
[u40]       44  page 0xBFC50000
[u40]       41  page 0xBFD68000
[u40]       20  page 0xBE422000
[u40]       18  page 0xBF14F000
[u40]       16  page 0xFFFFF8003CECC000  = base+0x4CC000
[u40]       12  page 0xBF16B000
[u40]       11  page 0xBF174000
[u40]        2  page 0xFFFFF8003CDA5000  = base+0x3A5000
[u40]        2  page 0x848000
[u40]        1  page 0xFFFFF8003CE02000  = base+0x402000
[u40]        1  page 0xBF1CC000
[u40]   most recent 256 samples (newest last):
[u40]     FFFFF8003CD65444@808401 FFFFF8003CD65444@808501 FFFFF8003CD65444@808601 FFFFF8003CD65444@808701 FFFFF8003CD65444@808801 FFFFF8003CD65444@808901 FFFFF8003CD65444@809001 FFFFF8003CD65444@809101 FFFFF8003CD65444@809201 FFFFF8003CD65444@809301 FFFFF8003CD65444@809401 FFFFF8003CD65444@809501 FFFFF8003CD65444@809601 FFFFF8003CD65444@809701 FFFFF8003CD65444@809801 FFFFF8003CD65444@809901 FFFFF8003CD65444@810001 FFFFF8003CD65444@810101 FFFFF8003CD65444@810201 FFFFF8003CD65444@810301 FFFFF8003CD65444@810401 FFFFF8003CD65444@810501 FFFFF8003CD65444@810601 FFFFF8003CD65444@810701 FFFFF8003CD65444@810801 FFFFF8003CD65444@810901 FFFFF8003CD65444@811001 FFFFF8003CD65444@811101 FFFFF8003CD65444@811201 FFFFF8003CD65444@811301 FFFFF8003CD65444@811401 FFFFF8003CD65444@811501 FFFFF8003CD65444@811601 FFFFF8003CD65444@811701 FFFFF8003CD65444@811801 FFFFF8003CD65444@811901 FFFFF8003CD65444@812001 FFFFF8003CD65444@812101 FFFFF8003CD65444@812201 FFFFF8003CD65444@812301 FFFFF8003CD65444@812401 FFFFF8003CD65444@812501 FFFFF8003CD65444@812601 FFFFF8003CD65444@812701 FFFFF8003CD65444@812801 FFFFF8003CD65444@812901 FFFFF8003CD65444@813001 FFFFF8003CD65444@813101 FFFFF8003CD65444@813201 FFFFF8003CD65444@813301 FFFFF8003CD65444@813401 FFFFF8003CD65444@813501 FFFFF8003CD65444@813601 FFFFF8003CD65444@813701 FFFFF8003CD65444@813801 FFFFF8003CD65444@813901 FFFFF8003CD65444@814001 FFFFF8003CD65444@814101 FFFFF8003CD65444@814201 FFFFF8003CD65444@814301 FFFFF8003CD65444@814401 FFFFF8003CD65444@814501 FFFFF8003CD65444@814601 FFFFF8003CD65444@814701 FFFFF8003CD65444@814801 FFFFF8003CD65444@814901 FFFFF8003CD65444@815001 FFFFF8003CD65444@815101 FFFFF8003CD65444@815201 FFFFF8003CD65444@815301 FFFFF8003CD65444@815401 FFFFF8003CD65444@815501 FFFFF8003CD65444@815601 FFFFF8003CD65444@815701 FFFFF8003CD65444@815801 FFFFF8003CD65444@815901 FFFFF8003CD65444@816001 FFFFF8003CD65444@816101 FFFFF8003CD65444@816201 FFFFF8003CD65444@816301 FFFFF8003CD65444@816401 FFFFF8003CD65444@816501 FFFFF8003CD65444@816601 FFFFF8003CD65444@816701 FFFFF8003CD65444@816801 FFFFF8003CD65444@816901 FFFFF8003CD65444@817001 FFFFF8003CD65444@817101 FFFFF8003CD65444@817201 FFFFF8003CD65444@817301 FFFFF8003CD65444@817401 FFFFF8003CD65444@817501 FFFFF8003CD65444@817601 FFFFF8003CD65444@817701 FFFFF8003CD65444@817801 FFFFF8003CD65444@817901 FFFFF8003CD65444@818001 FFFFF8003CD65444@818101 FFFFF8003CD65444@818201 FFFFF8003CD65444@818301 FFFFF8003CD65444@818401 FFFFF8003CD65444@818501 FFFFF8003CD65444@818601 FFFFF8003CD65444@818701 FFFFF8003CD65444@818801 FFFFF8003CD65444@818901 FFFFF8003CD65444@819001 FFFFF8003CD65444@819101 FFFFF8003CD65444@819201 FFFFF8003CD65444@819301 FFFFF8003CD65444@819401 FFFFF8003CD65444@819501 FFFFF8003CD65444@819601 FFFFF8003CD65444@819701 FFFFF8003CD65444@819801 FFFFF8003CD65444@819901 FFFFF8003CD65444@820001 FFFFF8003CD65444@820101 FFFFF8003CD65444@820201 FFFFF8003CD65444@820301 FFFFF8003CD65444@820401 FFFFF8003CD65444@820501 FFFFF8003CD65444@820601 FFFFF8003CD65444@820701 FFFFF8003CD65444@820801 FFFFF8003CD65444@820901 FFFFF8003CD65444@821001 FFFFF8003CD65444@821101 FFFFF8003CD65444@821201 FFFFF8003CD65444@821301 FFFFF8003CD65444@821401 FFFFF8003CD65444@821501 FFFFF8003CD65444@821601 FFFFF8003CD65444@821701 FFFFF8003CD65444@821801 FFFFF8003CD65444@821901 FFFFF8003CD65444@822001 FFFFF8003CD65444@822101 FFFFF8003CD65444@822201 FFFFF8003CD65444@822301 FFFFF8003CD65444@822401 FFFFF8003CD65444@822501 FFFFF8003CD65444@822601 FFFFF8003CD65444@822701 FFFFF8003CD65444@822801 FFFFF8003CD65444@822901 FFFFF8003CD65444@823001 FFFFF8003CD65444@823101 FFFFF8003CD65444@823201 FFFFF8003CD65444@823301 FFFFF8003CD65444@823401 FFFFF8003CD65444@823501 FFFFF8003CD65444@823601 FFFFF8003CD65444@823701 FFFFF8003CD65444@823801 FFFFF8003CD65444@823901 FFFFF8003CD65444@824001 FFFFF8003CD65444@824101 FFFFF8003CD65444@824201 FFFFF8003CD65444@824301 FFFFF8003CD65444@824401 FFFFF8003CD65444@824501 FFFFF8003CD65444@824601 FFFFF8003CD65444@824701 FFFFF8003CD65444@824801 FFFFF8003CD65444@824901 FFFFF8003CD65444@825001 FFFFF8003CD65444@825101 FFFFF8003CD65444@825201 FFFFF8003CD65444@825301 FFFFF8003CD65444@825401 FFFFF8003CD65444@825501 FFFFF8003CD65444@825601 FFFFF8003CD65444@825701 FFFFF8003CD65444@825801 FFFFF8003CD65444@825901 FFFFF8003CD65444@826001 FFFFF8003CD65444@826101 FFFFF8003CD65444@826201 FFFFF8003CD65444@826301 FFFFF8003CD65444@826401 FFFFF8003CD65444@826501 FFFFF8003CD65444@826601 FFFFF8003CD65444@826701 FFFFF8003CD65444@826801 FFFFF8003CD65444@826901 FFFFF8003CD65444@827001 FFFFF8003CD65444@827101 FFFFF8003CD65444@827201 FFFFF8003CD65444@827301 FFFFF8003CD65444@827401 FFFFF8003CD65444@827501 FFFFF8003CD65444@827601 FFFFF8003CD65444@827701 FFFFF8003CD65444@827801 FFFFF8003CD65444@827901 FFFFF8003CD65444@828001 FFFFF8003CD65444@828101 FFFFF8003CD65444@828201 FFFFF8003CD65444@828301 FFFFF8003CD65444@828401 FFFFF8003CD65444@828501 FFFFF8003CD65444@828601 FFFFF8003CD65444@828701 FFFFF8003CD65444@828801 FFFFF8003CD65444@828901 FFFFF8003CD65444@829001 FFFFF8003CD65444@829101 FFFFF8003CD65444@829201 FFFFF8003CD65444@829301 FFFFF8003CD65444@829401 FFFFF8003CD65444@829501 FFFFF8003CD65444@829601 FFFFF8003CD65444@829701 FFFFF8003CD65444@829801 FFFFF8003CD65444@829901 FFFFF8003CD65444@830001 FFFFF8003CD65444@830101 FFFFF8003CD65444@830201 FFFFF8003CD65444@830301 FFFFF8003CD65444@830401 FFFFF8003CD65444@830501 FFFFF8003CD65444@830601 FFFFF8003CD65444@830701 FFFFF8003CD65444@830801 FFFFF8003CD65444@830901 FFFFF8003CD65444@831001 FFFFF8003CD65444@831101 FFFFF8003CD65444@831201 FFFFF8003CD65444@831301 FFFFF8003CD65444@831401 FFFFF8003CD65444@831501 FFFFF8003CD65444@831601 FFFFF8003CD65444@831701 FFFFF8003CD65444@831801 FFFFF8003CD65444@831901 FFFFF8003CD65444@832001 FFFFF8003CD65444@832101 FFFFF8003CD65444@832201 FFFFF8003CD65444@832301 FFFFF8003CD65444@832401 FFFFF8003CD65444@832501 FFFFF8003CD65444@832601 FFFFF8003CD65444@832701 FFFFF8003CD65444@832801 FFFFF8003CD65444@832901 FFFFF8003CD65444@833001 FFFFF8003CD65444@833101 FFFFF8003CD65444@833201 FFFFF8003CD65444@833301 FFFFF8003CD65444@833401 FFFFF8003CD65444@833501 FFFFF8003CD65444@833601 FFFFF8003CD65444@833701 FFFFF8003CD65444@833801 FFFFF8003CD65444@833901
[u46] LAPIC state (at reset -- state pass 2 will INHERIT, 4096 bytes): TPR=0xF0 PPR=0x0 SVR=0x1DF
[u46]   LVT Timer=0x300FD (vector=0xFD PERIODIC masked=1) InitCnt=0x0 CurCnt=0x0 Div=0xB
[u46]   IRR: no pending vectors
[u47] LAPIC quiesced at reset (LVTs masked, timer stopped, pending/ISR/IRR cleared, TPR=0)
[u46] LAPIC state (after U47 quiesce, 4096 bytes): TPR=0x0 PPR=0x0 SVR=0x1DF
[u46]   LVT Timer=0x10000 (vector=0x00 one-shot masked=1) InitCnt=0x0 CurCnt=0x0 Div=0xB
[u46]   IRR: no pending vectors
[u42] pass1 IOAPIC accesses total=274 (logged 260)
[u42] state INHERITED by pass 2: ioapic1.id=1 selectedReg=0x20 | ioapic2.id=2 selectedReg=0x3F
[u42]   ioapic1.redir[0]=0x00000000000100FF (vec=0xFF masked=1) -- NOT at power-on default
[u42]   ioapic1.redir[1]=0x00000000000100FF (vec=0xFF masked=1) -- NOT at power-on default
[u42]   ioapic1.redir[2]=0x00000000000100FF (vec=0xFF masked=1) -- NOT at power-on default
[u42]   ioapic1.redir[3]=0x00000000000100FF (vec=0xFF masked=1) -- NOT at power-on default
[u42]   ioapic1.redir[4]=0x00000000000100FF (vec=0xFF masked=1) -- NOT at power-on default
[u42]   ioapic1.redir[5]=0x00000000000100FF (vec=0xFF masked=1) -- NOT at power-on default
[u42]   ioapic1.redir[6]=0x00000000000100FF (vec=0xFF masked=1) -- NOT at power-on default
[u42]   ioapic1.redir[7]=0x00000000000100FF (vec=0xFF masked=1) -- NOT at power-on default
[u42]   ioapic1.redir[8]=0x01000000000008D1 (vec=0xD1 masked=0) -- NOT at power-on default
[u42]   ioapic1.redir[9]=0x00000000000100FF (vec=0xFF masked=1) -- NOT at power-on default
[u42]   ioapic1.redir[10]=0x00000000000100FF (vec=0xFF masked=1) -- NOT at power-on default
[u42]   ioapic1.redir[11]=0x00000000000100FF (vec=0xFF masked=1) -- NOT at power-on default
[u42]   ioapic1.redir[12]=0x00000000000100FF (vec=0xFF masked=1) -- NOT at power-on default
[u42]   ioapic1.redir[13]=0x00000000000100FF (vec=0xFF masked=1) -- NOT at power-on default
[u42]   ioapic1.redir[14]=0x00000000000100FF (vec=0xFF masked=1) -- NOT at power-on default
[u42]   ioapic1.redir[15]=0x00000000000100FF (vec=0xFF masked=1) -- NOT at power-on default
[u42]   ioapic1.redir[16]=0x00000000000100FF (vec=0xFF masked=1) -- NOT at power-on default
[u42]   ioapic1.redir[17]=0x00000000000100FF (vec=0xFF masked=1) -- NOT at power-on default
[u42]   ioapic1.redir[18]=0x00000000000100FF (vec=0xFF masked=1) -- NOT at power-on default
[u42]   ioapic1.redir[19]=0x00000000000100FF (vec=0xFF masked=1) -- NOT at power-on default
[u42]   ioapic1.redir[20]=0x00000000000100FF (vec=0xFF masked=1) -- NOT at power-on default
[u42]   ioapic1.redir[21]=0x00000000000100FF (vec=0xFF masked=1) -- NOT at power-on default
[u42]   ioapic1.redir[22]=0x00000000000100FF (vec=0xFF masked=1) -- NOT at power-on default
[u42]   ioapic1.redir[23]=0x00000000000100FF (vec=0xFF masked=1) -- NOT at power-on default
[u42]   ioapic2.redir[0]=0x00000000000100FF (vec=0xFF masked=1) -- NOT at power-on default
[u42]   ioapic2.redir[1]=0x00000000000100FF (vec=0xFF masked=1) -- NOT at power-on default
[u42]   ioapic2.redir[2]=0x00000000000100FF (vec=0xFF masked=1) -- NOT at power-on default
[u42]   ioapic2.redir[3]=0x00000000000100FF (vec=0xFF masked=1) -- NOT at power-on default
[u42]   ioapic2.redir[4]=0x00000000000100FF (vec=0xFF masked=1) -- NOT at power-on default
[u42]   ioapic2.redir[5]=0x00000000000100FF (vec=0xFF masked=1) -- NOT at power-on default
[u42]   ioapic2.redir[6]=0x00000000000100FF (vec=0xFF masked=1) -- NOT at power-on default
[u42]   ioapic2.redir[7]=0x00000000000100FF (vec=0xFF masked=1) -- NOT at power-on default
[u42]   ioapic2.redir[8]=0x00000000000100FF (vec=0xFF masked=1) -- NOT at power-on default
[u42]   ioapic2.redir[9]=0x00000000000100FF (vec=0xFF masked=1) -- NOT at power-on default
[u42]   ioapic2.redir[10]=0x00000000000100FF (vec=0xFF masked=1) -- NOT at power-on default
[u42]   ioapic2.redir[11]=0x00000000000100FF (vec=0xFF masked=1) -- NOT at power-on default
[u42]   ioapic2.redir[12]=0x00000000000100FF (vec=0xFF masked=1) -- NOT at power-on default
[u42]   ioapic2.redir[13]=0x00000000000100FF (vec=0xFF masked=1) -- NOT at power-on default
[u42]   ioapic2.redir[14]=0x00000000000100FF (vec=0xFF masked=1) -- NOT at power-on default
[u42]   ioapic2.redir[15]=0x00000000000100FF (vec=0xFF masked=1) -- NOT at power-on default
[u42]   ioapic2.redir[16]=0x00000000000100FF (vec=0xFF masked=1) -- NOT at power-on default
[u42]   ioapic2.redir[17]=0x00000000000100FF (vec=0xFF masked=1) -- NOT at power-on default
[u42]   ioapic2.redir[18]=0x00000000000100FF (vec=0xFF masked=1) -- NOT at power-on default
[u42]   ioapic2.redir[19]=0x00000000000100FF (vec=0xFF masked=1) -- NOT at power-on default
[u42]   ioapic2.redir[20]=0x00000000000100FF (vec=0xFF masked=1) -- NOT at power-on default
[u42]   ioapic2.redir[21]=0x00000000000100FF (vec=0xFF masked=1) -- NOT at power-on default
[u42]   ioapic2.redir[22]=0x00000000000100FF (vec=0xFF masked=1) -- NOT at power-on default
[u42]   ioapic2.redir[23]=0x00000000000100FF (vec=0xFF masked=1) -- NOT at power-on default
[heartbeat: exitCount=4115000 elapsedSec=120.9 lastPort=0xB008 write=0 val=0x2]
[heartbeat: exitCount=4120000 elapsedSec=121.0 lastPort=0xB008 write=0 val=0x2]
[ramfb] configured: address=0xBE500000 800x600 stride=3200
[cmos-ab] write reg=0x0A value=0x26 (RegA=0x26 RegB=0x02, PIE=0)
[heartbeat: exitCount=4125000 elapsedSec=121.1 lastPort=0xCF8 write=1 val=0x89]
[2J[001;001H[=3h[2J[001;001H[2J[001;001H[8;056;240t[2J[001;001H[2J[001;001H[=3h[2J[001;001H[2J[001;001H[8;031;100t[2J[001;001H[aux] controller: disable AUX port
[heartbeat: exitCount=4130000 elapsedSec=121.2 lastPort=0xCF8 write=1 val=0x0]
[heartbeat: exitCount=4135000 elapsedSec=121.3 lastPort=0xCFC write=0 val=0x0]
BdsDxe: loading Boot0002 "UEFI LocalHost Virtual Disk LH0001 " from PciRoot(0x0)/Pci(0x2,0x0)/Sata(0x0,0xFFFF,0x0)
BdsDxe: starting Boot0002 "UEFI LocalHost Virtual Disk LH0001 " from PciRoot(0x0)/Pci(0x2,0x0)/Sata(0x0,0xFFFF,0x0)
[heartbeat: exitCount=4140000 elapsedSec=121.4 lastPort=0xB008 write=0 val=0x89]
[2J[001;001H[=3h[2J[001;001H[heartbeat: exitCount=4145000 elapsedSec=121.5 lastPort=0xB008 write=0 val=0x89]
[heartbeat: exitCount=4150000 elapsedSec=121.6 lastPort=0xB008 write=0 val=0x89]
[heartbeat: exitCount=4155000 elapsedSec=121.7 lastPort=0xB008 write=0 val=0x89]
[heartbeat: exitCount=4160000 elapsedSec=121.8 lastPort=0xB008 write=0 val=0x89]
[heartbeat: exitCount=4165000 elapsedSec=121.9 lastPort=0xB008 write=0 val=0x89]
[heartbeat: exitCount=4170000 elapsedSec=122.0 lastPort=0xB008 write=0 val=0x89]
[heartbeat: exitCount=4175000 elapsedSec=122.1 lastPort=0xB008 write=0 val=0x89]
[heartbeat: exitCount=4180000 elapsedSec=122.2 lastPort=0xB008 write=0 val=0x89]
[heartbeat: exitCount=4185000 elapsedSec=122.3 lastPort=0xB008 write=0 val=0x89]
[heartbeat: exitCount=4190000 elapsedSec=122.4 lastPort=0xB008 write=0 val=0x89]
[heartbeat: exitCount=4195000 elapsedSec=122.5 lastPort=0xB008 write=0 val=0x89]
[heartbeat: exitCount=4200000 elapsedSec=122.6 lastPort=0xB008 write=0 val=0x89]
[heartbeat: exitCount=4205000 elapsedSec=122.7 lastPort=0xB008 write=0 val=0x89]
[heartbeat: exitCount=4210000 elapsedSec=122.8 lastPort=0xB008 write=0 val=0x89]
[heartbeat: exitCount=4215000 elapsedSec=122.8 lastPort=0xB008 write=0 val=0x89]
[heartbeat: exitCount=4220000 elapsedSec=122.9 lastPort=0xB008 write=0 val=0x89]
[heartbeat: exitCount=4225000 elapsedSec=123.0 lastPort=0xB008 write=0 val=0x89]
[heartbeat: exitCount=4230000 elapsedSec=123.2 lastPort=0xB008 write=0 val=0x89]
[heartbeat: exitCount=4235000 elapsedSec=123.2 lastPort=0xB008 write=0 val=0x89]
[heartbeat: exitCount=4240000 elapsedSec=124.9 lastPort=0x71 write=0 val=0x8D]
[aux] controller: disable AUX port
[heartbeat: exitCount=4245000 elapsedSec=125.1 lastPort=0xCFC write=0 val=0x0]
[heartbeat: exitCount=4250000 elapsedSec=125.1 lastPort=0xCFC write=0 val=0x0]
[u40] === RIP histogram pass 2 (periodic): 341600 samples, base=0xFFFFF8027C600000 ===
[u40]    71990  page 0xFFFFF8027C965000  = base+0x365000
[u40]    68412  page 0xFFFFF80137965000
[u40]    66656  page 0xFFFFF8030D165000
[u40]    59413  page 0xFFFFF8033DB65000
[u40]    43380  page 0xBEA03000
[u40]     7556  page 0x1DD9000
[u40]     5654  page 0xBF14E000
[u40]     2639  page 0xBFC50000
[u40]     1974  page 0xBFD68000
[u40]     1642  page 0xFFFFF801379BD000
[u40]     1642  page 0xFFFFF8030D1BD000
[u40]     1638  page 0xFFFFF8027C9BD000  = base+0x3BD000
[u40]     1638  page 0xFFFFF8033DBBD000
[u40]     1046  page 0xBE422000
[u40]      830  page 0xFFFFF8027C9BC000  = base+0x3BC000
[u40]      828  page 0xFFFFF8033DBBC000
[u40]      826  page 0xFFFFF801379BC000
[u40]      825  page 0xFFFFF8030D1BC000
[u40]   most recent 256 samples (newest last):
[u40]     1DD9F04@4247441 1DD9F04@4247451 1DD9F04@4247461 1DD9F04@4247471 1DD9F04@4247481 1DD9F04@4247491 1DD9F04@4247501 1DD9F04@4247511 1DD9F04@4247521 1DD9F04@4247531 1DD9F04@4247541 1DD9F04@4247551 1DD9F04@4247561 1DD9F04@4247571 1DD9F04@4247581 1DD9F04@4247591 1DD9F04@4247601 1DD9F04@4247611 1DD9F04@4247621 1DD9F04@4247631 1DD9F04@4247641 1DD9F04@4247651 1DD9F04@4247661 1DD9F04@4247671 1DD9F04@4247681 1DD9F04@4247691 1DD9F04@4247701 1DD9F04@4247711 1DD9F04@4247721 1DD9F04@4247731 1DD9F04@4247741 1DD9F04@4247751 1DD9F04@4247761 1DD9F04@4247771 1DD9F04@4247781 1DD9F04@4247791 1DD9F04@4247801 1DD9F04@4247811 1DD9F04@4247821 1DD9F04@4247831 1DD9F04@4247841 1DD9F04@4247851 1DD9F04@4247861 1DD9F04@4247871 1DD9F04@4247881 1DD9F04@4247891 1DD9F04@4247901 1DD9F04@4247911 1DD9F04@4247921 1DD9F04@4247931 1DD9F04@4247941 1DD9F04@4247951 1DD9F04@4247961 1DD9F04@4247971 1DD9F04@4247981 1DD9F04@4247991 1DD9F04@4248001 1DD9F04@4248011 1DD9F04@4248021 1DD9F04@4248031 1DD9F04@4248041 1DD9F04@4248051 1DD9F04@4248061 1DD9F04@4248071 1DD9F04@4248081 1DD9F04@4248091 1DD9F04@4248101 1DD9F04@4248111 1DD9F04@4248121 1DD9F04@4248131 1DD9F04@4248141 1DD9F04@4248151 1DD9F04@4248161 1DD9F04@4248171 1DD9F04@4248181 1DD9F04@4248191 1DD9F04@4248201 1DD9F04@4248211 1DD9F04@4248221 1DD9F04@4248231 1DD9F04@4248241 1DD9F04@4248251 1DD9F04@4248261 1DD9F04@4248271 1DD9F04@4248281 1DD9F04@4248291 1DD9F04@4248301 1DD9F04@4248311 1DD9F04@4248321 1DD9F04@4248331 1DD9F04@4248341 1DD9F04@4248351 1DD9F04@4248361 1DD9F04@4248371 1DD9F04@4248381 1DD9F04@4248391 1DD9F04@4248401 1DD9F04@4248411 1DD9F04@4248421 1DD9F04@4248431 1DD9F04@4248441 1DD9F04@4248451 1DD9F04@4248461 1DD9F04@4248471 1DD9F04@4248481 1DD9F04@4248491 1DD9F04@4248501 1DD9F04@4248511 1DD9F04@4248521 1DD9F04@4248531 1DD9F04@4248541 1DD9F04@4248551 1DD9F04@4248561 1DD9F04@4248571 1DD9F04@4248581 1DD9F04@4248591 1DD9F04@4248601 1DD9F04@4248611 1DD9F04@4248621 1DD9F04@4248631 1DD9F04@4248641 1DD9F04@4248651 1DD9F04@4248661 1DD9F04@4248671 1DD9F04@4248681 1DD9F04@4248691 1DD9F04@4248701 1DD9F04@4248711 1DD9F04@4248721 1DD9F04@4248731 1DD9F04@4248741 1DD9F04@4248751 1DD9F04@4248761 1DD9F04@4248771 1DD9F04@4248781 1DD9F04@4248791 1DD9F04@4248801 1DD9F04@4248811 1DD9F04@4248821 1DD9F04@4248831 1DD9F04@4248841 1DD9F04@4248851 1DD9F04@4248861 1DD9F04@4248871 1DD9F04@4248881 1DD9F04@4248891 1DD9F04@4248901 1DD9F04@4248911 1DD9F04@4248921 1DD9F04@4248931 1DD9F04@4248941 1DD9F04@4248951 1DD9F04@4248961 1DD9F04@4248971 1DD9F04@4248981 1DD9F04@4248991 1DD9F04@4249001 1DD9F04@4249011 1DD9F04@4249021 1DD9F04@4249031 1DD9F04@4249041 1DD9F04@4249051 1DD9F04@4249061 1DD9F04@4249071 1DD9F04@4249081 1DD9F04@4249091 1DD9F04@4249101 1DD9F04@4249111 1DD9F04@4249121 1DD9F04@4249131 1DD9F04@4249141 1DD9F04@4249151 1DD9F04@4249161 1DD9F04@4249171 1DD9F04@4249181 1DD9F04@4249191 1DD9F04@4249201 1DD9F04@4249211 1DD9F04@4249221 1DD9F04@4249231 1DD9F04@4249241 1DD9F04@4249251 1DD9F04@4249261 1DD9F04@4249271 1DD9F04@4249281 1DD9F04@4249291 1DD9F04@4249301 1DD9F04@4249311 1DD9F04@4249321 1DD9F04@4249331 1DD9F04@4249341 1DD9F04@4249351 1DD9F04@4249361 1DD9F04@4249371 1DD9F04@4249381 1DD9F04@4249391 1DD9F04@4249401 1DD9F04@4249411 1DD9F04@4249421 1DD9F04@4249431 1DD9F04@4249441 1DD9F04@4249451 1DD9F04@4249461 1DD9F04@4249471 1DD9F04@4249481 1DD9F04@4249491 1DD9F04@4249501 1DD9F04@4249511 1DD9F04@4249521 1DD9F04@4249531 1DD9F04@4249541 1DD9F04@4249551 1DD9F04@4249561 1DD9F04@4249571 1DD9F04@4249581 1DD9F04@4249591 1DD9F04@4249601 1DD9F04@4249611 1DD9F04@4249621 1DD9F04@4249631 1DD9F04@4249641 1DD9F04@4249651 1DD9F04@4249661 1DD9F04@4249671 1DD9F04@4249681 1DD9F04@4249691 1DD9F04@4249701 1DD9F04@4249711 1DD9F04@4249721 1DD9F04@4249731 1DD9F04@4249741 1DD9F04@4249751 1DD9F04@4249761 1DD9F04@4249771 1DD9F04@4249781 1DD9F04@4249791 1DD9F04@4249801 1DD9F04@4249811 1DD9F04@4249821 1DD9F04@4249831 1DD9F04@4249841 1DD9F04@4249851 1DD9F04@4249861 1DD9F04@4249871 1DD9F04@4249881 1DD9F04@4249891 1DD9F04@4249901 1DD9F04@4249911 1DD9F04@4249921 1DD9F04@4249931 1DD9F04@4249941 1DD9F04@4249951 1DD9F04@4249961 1DD9F04@4249971 1DD9F04@4249981 1DD9F04@4249991
[heartbeat: exitCount=4255000 elapsedSec=125.2 lastPort=0xCFC write=0 val=0x0]
[kerneldiag] candidate address 0xFFFFF8015DDA57DD resolves to module base 0xFFFFF8015DA00000 (+0x3A57DD into it)
[kerneldiag] debug directory: type=2 codeViewRva=0x40970
[kerneldiag] module PDB name: ntkrnlmp.pdb guid=D9424FC4-861E-47C1-0FAD1B35DEC6DCC8 age=1
[wp] DISCOVERY at exitCount=4256890 (pass 2)
[wp] armed breakpoints at module base 0xFFFFF8015DA00000 (DR2 LFH-check armed=1): DR0=+0x3DC890 (U34 ExInitializePoolHeapManagement entry, VA=0xFFFFF8015DDDC890), DR1=+0x3FD6F0 (KeBugCheckEx, VA=0xFFFFF8015DDFD6F0), DR2=+0x343B49 (RtlpHpLfhOwnerMoveSubsegment entry, VA=0xFFFFF8015DD43B49), DR3=+0x9A188F (HalpIommuInitSystem ret, VA=0xFFFFF8015E3A188F)
[u32] ExPoolState pool-descriptor fields (pass 2):
[u32]   pool[0] desc@RVA0xC57EC0: +0x08=0x0 +0x10=0x0  <== +0x10 NULL
[u32]   pool[1] desc@RVA0xC59F80: +0x08=0x0 +0x10=0x0  <== +0x10 NULL
[u32]   pool[2] desc@RVA0xC5C040: +0x08=0x0 +0x10=0x0  <== +0x10 NULL
[u32]   pool[3] desc@RVA0xC5E100: +0x08=0x0 +0x10=0x0  <== +0x10 NULL
[u32]   pool[4] desc@RVA0xC601C0: +0x08=0x0 +0x10=0x0  <== +0x10 NULL
[u32]   pool[5] desc@RVA0xC62280: +0x08=0x0 +0x10=0x0  <== +0x10 NULL
[u32]   pool[6] desc@RVA0xC64340: +0x08=0x0 +0x10=0x0  <== +0x10 NULL
[u32]   pool[7] desc@RVA0xC66400: +0x08=0x0 +0x10=0x0  <== +0x10 NULL
[u33] EDGE pass=2 exitCount=4256890 (reset+143652) pool[0]: +0x08 0xFFFF9908CE002000->0x0 +0x10 0xFFFF820358000000->0x0 +0x08 CLEARED(set->null) +0x10 CLEARED(set->null)
[heartbeat: exitCount=4260000 elapsedSec=125.3 lastPort=0xB008 write=0 val=0xFF]
[cmos-ab] write reg=0x0A value=0x25 (RegA=0x25 RegB=0x02, PIE=0)
[ioapic-rte] controller id=1 entry=8 reg=0x20 value=0x000008D1 -> full RTE now 0x01000000000008D1 (vector=0xD1 masked=0)
[cmos-ab] write reg=0x0B value=0x02 (RegA=0x25 RegB=0x02, PIE=0)
[ioapic-rte] controller id=1 entry=8 reg=0x21 value=0x01000000 -> full RTE now 0x01000000000008D1 (vector=0xD1 masked=0)
[ioapic-rte] controller id=1 entry=8 reg=0x20 value=0x000008D1 -> full RTE now 0x01000000000008D1 (vector=0xD1 masked=0)
[cmos-ab] write reg=0x0B value=0x42 (RegA=0x25 RegB=0x42, PIE=1)
[heartbeat: exitCount=4265000 elapsedSec=125.4 lastPort=0xB008 write=0 val=0xC]
[u33] EDGE pass=2 exitCount=4266890 (reset+153652) pool[0]: +0x08 0x0->0xFFFFB28409A02000 +0x10 0x0->0xFFFF8F8AD7000000 +0x08 INIT(null->set) +0x10 INIT(null->set)
[heartbeat: exitCount=4270000 elapsedSec=125.6 lastPort=0xCF8 write=1 val=0xC]
[heartbeat: exitCount=4275000 elapsedSec=125.7 lastPort=0xCF8 write=1 val=0xC]
[heartbeat: exitCount=4280000 elapsedSec=125.7 lastPort=0xCF8 write=1 val=0xC]
[heartbeat: exitCount=4285000 elapsedSec=125.8 lastPort=0xCF8 write=1 val=0xC]
[heartbeat: exitCount=4290000 elapsedSec=125.9 lastPort=0xCF8 write=1 val=0xC]
[cmos-ab] write reg=0x0B value=0x02 (RegA=0x25 RegB=0x02, PIE=0)
[cmos-ab] write reg=0x0B value=0x02 (RegA=0x25 RegB=0x02, PIE=0)
[ioapic-rte] controller id=1 entry=8 reg=0x21 value=0x01000000 -> full RTE now 0x01000000000008D1 (vector=0xD1 masked=0)
[ioapic-rte] controller id=1 entry=8 reg=0x20 value=0x000008D1 -> full RTE now 0x01000000000008D1 (vector=0xD1 masked=0)
[cmos-ab] write reg=0x0B value=0x42 (RegA=0x25 RegB=0x42, PIE=1)
[heartbeat: exitCount=4295000 elapsedSec=126.0 lastPort=0xB008 write=0 val=0x9]
[heartbeat: exitCount=4300000 elapsedSec=126.0 lastPort=0xB008 write=0 val=0x9]
[rtc-diag] tick #3500 FIRED vector=0xD1, skippedTotal=3131 firedTotal=369

[BUGCHECK] hit #1: KeBugCheckEx code=0xA5 p1=0x11 p2=0x3 p3=0x0 exitCount=4302752
[BUGCHECK]   p4=0x0  caller(return)=0xFFFFF8015FFC0454[kerneldiag] candidate address 0xFFFFF8015FFC0454 resolves to module base 0xFFFFF8015FF00000 (+0xC0454 into it)
[kerneldiag] debug directory: type=2 codeViewRva=0x73F3C
[kerneldiag] module PDB name: acpi.pdb guid=662B8231-E47D-1FF9-F7E8C8FD1B44A572 age=1
  (base 0xFFFFF8015FF00000 RVA 0xC0454)
[BUGCHECK]   stack (canonical kernel qwords):
[BUGCHECK]     [rsp+0x00]=0xFFFFF8015FFC0454[kerneldiag] candidate address 0xFFFFF8015FFC0454 resolves to module base 0xFFFFF8015FF00000 (+0xC0454 into it)
[kerneldiag] debug directory: type=2 codeViewRva=0x73F3C
[kerneldiag] module PDB name: acpi.pdb guid=662B8231-E47D-1FF9-F7E8C8FD1B44A572 age=1
  (RVA 0xC0454)
[BUGCHECK]     [rsp+0x10]=0xFFFFF8015FF701CA[kerneldiag] candidate address 0xFFFFF8015FF701CA resolves to module base 0xFFFFF8015FF00000 (+0x701CA into it)
[kerneldiag] debug directory: type=2 codeViewRva=0x73F3C
[kerneldiag] module PDB name: acpi.pdb guid=662B8231-E47D-1FF9-F7E8C8FD1B44A572 age=1
  (RVA 0x701CA)
[BUGCHECK]     [rsp+0x18]=0xFFFFB2840A0A5A60[kerneldiag] no PE header found scanning VA back from 0xFFFFB2840A0A5A60

[BUGCHECK]     [rsp+0x20]=0xFFFFB2840A081EA0[kerneldiag] no PE header found scanning VA back from 0xFFFFB2840A081EA0

[BUGCHECK]     [rsp+0x30]=0xFFFFF801C0140019[kerneldiag] no PE header found scanning VA back from 0xFFFFF801C0140019

[heartbeat: exitCount=4305000 elapsedSec=126.4 lastPort=0xB008 write=0 val=0xC]
[heartbeat: exitCount=4310000 elapsedSec=126.5 lastPort=0xB008 write=0 val=0xC]
[heartbeat: exitCount=4315000 elapsedSec=126.6 lastPort=0xB008 write=0 val=0xC]
[heartbeat: exitCount=4320000 elapsedSec=126.6 lastPort=0xB008 write=0 val=0xC]
[heartbeat: exitCount=4325000 elapsedSec=126.7 lastPort=0xB008 write=0 val=0xC]
[heartbeat: exitCount=4330000 elapsedSec=126.8 lastPort=0xB008 write=0 val=0xC]
[heartbeat: exitCount=4335000 elapsedSec=126.8 lastPort=0xB008 write=0 val=0xC]
[heartbeat: exitCount=4340000 elapsedSec=126.9 lastPort=0xB008 write=0 val=0xC]
[heartbeat: exitCount=4345000 elapsedSec=127.0 lastPort=0xB008 write=0 val=0xC]
[heartbeat: exitCount=4350000 elapsedSec=127.0 lastPort=0xB008 write=0 val=0xC]
[heartbeat: exitCount=4355000 elapsedSec=127.1 lastPort=0xB008 write=0 val=0xC]
[heartbeat: exitCount=4360000 elapsedSec=127.2 lastPort=0xB008 write=0 val=0xC]
[heartbeat: exitCount=4365000 elapsedSec=127.2 lastPort=0xB008 write=0 val=0xC]
[heartbeat: exitCount=4370000 elapsedSec=127.3 lastPort=0xB008 write=0 val=0xC]
[heartbeat: exitCount=4375000 elapsedSec=127.4 lastPort=0xB008 write=0 val=0xC]
[heartbeat: exitCount=4380000 elapsedSec=127.4 lastPort=0xB008 write=0 val=0xC]
[heartbeat: exitCount=4385000 elapsedSec=127.5 lastPort=0xB008 write=0 val=0xC]
[heartbeat: exitCount=4390000 elapsedSec=127.6 lastPort=0xB008 write=0 val=0xC]
[heartbeat: exitCount=4395000 elapsedSec=127.6 lastPort=0xB008 write=0 val=0xC]
[heartbeat: exitCount=4400000 elapsedSec=127.7 lastPort=0xB008 write=0 val=0xC]
[heartbeat: exitCount=4405000 elapsedSec=127.7 lastPort=0xB008 write=0 val=0xC]
[heartbeat: exitCount=4410000 elapsedSec=127.8 lastPort=0xB008 write=0 val=0xC]
[heartbeat: exitCount=4415000 elapsedSec=127.9 lastPort=0xB008 write=0 val=0xC]
[heartbeat: exitCount=4420000 elapsedSec=127.9 lastPort=0xB008 write=0 val=0xC]
[heartbeat: exitCount=4425000 elapsedSec=128.0 lastPort=0xB008 write=0 val=0xC]
[heartbeat: exitCount=4430000 elapsedSec=128.1 lastPort=0xB008 write=0 val=0xC]
[heartbeat: exitCount=4435000 elapsedSec=128.1 lastPort=0xB008 write=0 val=0xC]
[heartbeat: exitCount=4440000 elapsedSec=128.2 lastPort=0xB008 write=0 val=0xC]
[heartbeat: exitCount=4445000 elapsedSec=128.3 lastPort=0xB008 write=0 val=0xC]
[heartbeat: exitCount=4450000 elapsedSec=128.3 lastPort=0xB008 write=0 val=0xC]
[heartbeat: exitCount=4455000 elapsedSec=128.4 lastPort=0xB008 write=0 val=0xC]
[heartbeat: exitCount=4460000 elapsedSec=128.5 lastPort=0xB008 write=0 val=0xC]
[heartbeat: exitCount=4465000 elapsedSec=128.5 lastPort=0xB008 write=0 val=0xC]
[heartbeat: exitCount=4470000 elapsedSec=128.6 lastPort=0xB008 write=0 val=0xC]
[heartbeat: exitCount=4475000 elapsedSec=128.7 lastPort=0xB008 write=0 val=0xC]
[heartbeat: exitCount=4480000 elapsedSec=128.7 lastPort=0xB008 write=0 val=0xC]
[heartbeat: exitCount=4485000 elapsedSec=128.8 lastPort=0xB008 write=0 val=0xC]
[heartbeat: exitCount=4490000 elapsedSec=128.9 lastPort=0xB008 write=0 val=0xC]
[heartbeat: exitCount=4495000 elapsedSec=129.0 lastPort=0xB008 write=0 val=0xC]
[heartbeat: exitCount=4500000 elapsedSec=129.0 lastPort=0xB008 write=0 val=0xC]
[u40] === RIP histogram pass 2 (periodic): 366600 samples, base=0xFFFFF8015DA00000 ===
[u40]    71990  page 0xFFFFF8027C965000
[u40]    68412  page 0xFFFFF80137965000
[u40]    66656  page 0xFFFFF8030D165000
[u40]    59413  page 0xFFFFF8033DB65000
[u40]    43380  page 0xBEA03000
[u40]    21662  page 0xFFFFF8015DD65000  = base+0x365000
[u40]     8245  page 0x1DD9000
[u40]     5654  page 0xBF14E000
[u40]     2639  page 0xBFC50000
[u40]     1974  page 0xBFD68000
[u40]     1642  page 0xFFFFF801379BD000
[u40]     1642  page 0xFFFFF8030D1BD000
[u40]     1638  page 0xFFFFF8027C9BD000
[u40]     1638  page 0xFFFFF8033DBBD000
[u40]     1637  page 0xFFFFF8015DDBD000  = base+0x3BD000
[u40]     1046  page 0xBE422000
[u40]      830  page 0xFFFFF8027C9BC000
[u40]      830  page 0xFFFFF8015DDBC000  = base+0x3BC000
[u40]   most recent 256 samples (newest last):
[u40]     FFFFF8015DD65444@4497441 FFFFF8015DD65444@4497451 FFFFF8015DD65444@4497461 FFFFF8015DD65444@4497471 FFFFF8015DD65444@4497481 FFFFF8015DD65444@4497491 FFFFF8015DD65444@4497501 FFFFF8015DD65444@4497511 FFFFF8015DD65444@4497521 FFFFF8015DD65444@4497531 FFFFF8015DD65444@4497541 FFFFF8015DD65444@4497551 FFFFF8015DD65444@4497561 FFFFF8015DD65444@4497571 FFFFF8015DD65444@4497581 FFFFF8015DD65444@4497591 FFFFF8015DD65444@4497601 FFFFF8015DD65444@4497611 FFFFF8015DD65444@4497621 FFFFF8015DD65444@4497631 FFFFF8015DD65444@4497641 FFFFF8015DD65444@4497651 FFFFF8015DD65444@4497661 FFFFF8015DD65444@4497671 FFFFF8015DD65444@4497681 FFFFF8015DD65444@4497691 FFFFF8015DD65444@4497701 FFFFF8015DD65444@4497711 FFFFF8015DD65444@4497721 FFFFF8015DD65444@4497731 FFFFF8015DD65444@4497741 FFFFF8015DD65444@4497751 FFFFF8015DD65444@4497761 FFFFF8015DD65444@4497771 FFFFF8015DD65444@4497781 FFFFF8015DD65444@4497791 FFFFF8015DD65444@4497801 FFFFF8015DD65444@4497811 FFFFF8015DD65444@4497821 FFFFF8015DD65444@4497831 FFFFF8015DD65444@4497841 FFFFF8015DD65444@4497851 FFFFF8015DD65444@4497861 FFFFF8015DD65444@4497871 FFFFF8015DD65444@4497881 FFFFF8015DD65444@4497891 FFFFF8015DD65444@4497901 FFFFF8015DD65444@4497911 FFFFF8015DD65444@4497921 FFFFF8015DD65444@4497931 FFFFF8015DD65444@4497941 FFFFF8015DD65444@4497951 FFFFF8015DD65444@4497961 FFFFF8015DD65444@4497971 FFFFF8015DD65444@4497981 FFFFF8015DD65444@4497991 FFFFF8015DD65444@4498001 FFFFF8015DD65444@4498011 FFFFF8015DD65444@4498021 FFFFF8015DD65444@4498031 FFFFF8015DD65444@4498041 FFFFF8015DD65444@4498051 FFFFF8015DD65444@4498061 FFFFF8015DD65444@4498071 FFFFF8015DD65444@4498081 FFFFF8015DD65444@4498091 FFFFF8015DD65444@4498101 FFFFF8015DD65444@4498111 FFFFF8015DD65444@4498121 FFFFF8015DD65444@4498131 FFFFF8015DD65444@4498141 FFFFF8015DD65444@4498151 FFFFF8015DD65444@4498161 FFFFF8015DD65444@4498171 FFFFF8015DD65444@4498181 FFFFF8015DD65444@4498191 FFFFF8015DD65444@4498201 FFFFF8015DD65444@4498211 FFFFF8015DD65444@4498221 FFFFF8015DD65444@4498231 FFFFF8015DD65444@4498241 FFFFF8015DD65444@4498251 FFFFF8015DD65444@4498261 FFFFF8015DD65444@4498271 FFFFF8015DD65444@4498281 FFFFF8015DD65444@4498291 FFFFF8015DD65444@4498301 FFFFF8015DD65444@4498311 FFFFF8015DD65444@4498321 FFFFF8015DD65444@4498331 FFFFF8015DD65444@4498341 FFFFF8015DD65444@4498351 FFFFF8015DD65444@4498361 FFFFF8015DD65444@4498371 FFFFF8015DD65444@4498381 FFFFF8015DD65444@4498391 FFFFF8015DD65444@4498401 FFFFF8015DD65444@4498411 FFFFF8015DD65444@4498421 FFFFF8015DD65444@4498431 FFFFF8015DD65444@4498441 FFFFF8015DD65444@4498451 FFFFF8015DD65444@4498461 FFFFF8015DD65444@4498471 FFFFF8015DD65444@4498481 FFFFF8015DD65444@4498491 FFFFF8015DD65444@4498501 FFFFF8015DD65444@4498511 FFFFF8015DD65444@4498521 FFFFF8015DD65444@4498531 FFFFF8015DD65444@4498541 FFFFF8015DD65444@4498551 FFFFF8015DD65444@4498561 FFFFF8015DD65444@4498571 FFFFF8015DD65444@4498581 FFFFF8015DD65444@4498591 FFFFF8015DD65444@4498601 FFFFF8015DD65444@4498611 FFFFF8015DD65444@4498621 FFFFF8015DD65444@4498631 FFFFF8015DD65444@4498641 FFFFF8015DD65444@4498651 FFFFF8015DD65444@4498661 FFFFF8015DD65444@4498671 FFFFF8015DD65444@4498681 FFFFF8015DD65444@4498691 FFFFF8015DD65444@4498701 FFFFF8015DD65444@4498711 FFFFF8015DD65444@4498721 FFFFF8015DD65444@4498731 FFFFF8015DD65444@4498741 FFFFF8015DD65444@4498751 FFFFF8015DD65444@4498761 FFFFF8015DD65444@4498771 FFFFF8015DD65444@4498781 FFFFF8015DD65444@4498791 FFFFF8015DD65444@4498801 FFFFF8015DD65444@4498811 FFFFF8015DD65444@4498821 FFFFF8015DD65444@4498831 FFFFF8015DD65444@4498841 FFFFF8015DD65444@4498851 FFFFF8015DD65444@4498861 FFFFF8015DD65444@4498871 FFFFF8015DD65444@4498881 FFFFF8015DD65444@4498891 FFFFF8015DD65444@4498901 FFFFF8015DD65444@4498911 FFFFF8015DD65444@4498921 FFFFF8015DD65444@4498931 FFFFF8015DD65444@4498941 FFFFF8015DD65444@4498951 FFFFF8015DD65444@4498961 FFFFF8015DD65444@4498971 FFFFF8015DD65444@4498981 FFFFF8015DD65444@4498991 FFFFF8015DD65444@4499001 FFFFF8015DD65444@4499011 FFFFF8015DD65444@4499021 FFFFF8015DD65444@4499031 FFFFF8015DD65444@4499041 FFFFF8015DD65444@4499051 FFFFF8015DD65444@4499061 FFFFF8015DD65444@4499071 FFFFF8015DD65444@4499081 FFFFF8015DD65444@4499091 FFFFF8015DD65444@4499101 FFFFF8015DD65444@4499111 FFFFF8015DD65444@4499121 FFFFF8015DD65444@4499131 FFFFF8015DD65444@4499141 FFFFF8015DD65444@4499151 FFFFF8015DD65444@4499161 FFFFF8015DD65444@4499171 FFFFF8015DD65444@4499181 FFFFF8015DD65444@4499191 FFFFF8015DD65444@4499201 FFFFF8015DD65444@4499211 FFFFF8015DD65444@4499221 FFFFF8015DD65444@4499231 FFFFF8015DD65444@4499241 FFFFF8015DD65444@4499251 FFFFF8015DD65444@4499261 FFFFF8015DD65444@4499271 FFFFF8015DD65444@4499281 FFFFF8015DD65444@4499291 FFFFF8015DD65444@4499301 FFFFF8015DD65444@4499311 FFFFF8015DD65444@4499321 FFFFF8015DD65444@4499331 FFFFF8015DD65444@4499341 FFFFF8015DD65444@4499351 FFFFF8015DD65444@4499361 FFFFF8015DD65444@4499371 FFFFF8015DD65444@4499381 FFFFF8015DD65444@4499391 FFFFF8015DD65444@4499401 FFFFF8015DD65444@4499411 FFFFF8015DD65444@4499421 FFFFF8015DD65444@4499431 FFFFF8015DD65444@4499441 FFFFF8015DD65444@4499451 FFFFF8015DD65444@4499461 FFFFF8015DD65444@4499471 FFFFF8015DD65444@4499481 FFFFF8015DD65444@4499491 FFFFF8015DD65444@4499501 FFFFF8015DD65444@4499511 FFFFF8015DD65444@4499521 FFFFF8015DD65444@4499531 FFFFF8015DD65444@4499541 FFFFF8015DD65444@4499551 FFFFF8015DD65444@4499561 FFFFF8015DD65444@4499571 FFFFF8015DD65444@4499581 FFFFF8015DD65444@4499591 FFFFF8015DD65444@4499601 FFFFF8015DD65444@4499611 FFFFF8015DD65444@4499621 FFFFF8015DD65444@4499631 FFFFF8015DD65444@4499641 FFFFF8015DD65444@4499651 FFFFF8015DD65444@4499661 FFFFF8015DD65444@4499671 FFFFF8015DD65444@4499681 FFFFF8015DD65444@4499691 FFFFF8015DD65444@4499701 FFFFF8015DD65444@4499711 FFFFF8015DD65444@4499721 FFFFF8015DD65444@4499731 FFFFF8015DD65444@4499741 FFFFF8015DD65444@4499751 FFFFF8015DD65444@4499761 FFFFF8015DD65444@4499771 FFFFF8015DD65444@4499781 FFFFF8015DD65444@4499791 FFFFF8015DD65444@4499801 FFFFF8015DD65444@4499811 FFFFF8015DD65444@4499821 FFFFF8015DD65444@4499831 FFFFF8015DD65444@4499841 FFFFF8015DD65444@4499851 FFFFF8015DD65444@4499861 FFFFF8015DD65444@4499871 FFFFF8015DD65444@4499881 FFFFF8015DD65444@4499891 FFFFF8015DD65444@4499901 FFFFF8015DD65444@4499911 FFFFF8015DD65444@4499921 FFFFF8015DD65444@4499931 FFFFF8015DD65444@4499941 FFFFF8015DD65444@4499951 FFFFF8015DD65444@4499961 FFFFF8015DD65444@4499971 FFFFF8015DD65444@4499981 FFFFF8015DD65444@4499991
[heartbeat: exitCount=4505000 elapsedSec=129.1 lastPort=0xB008 write=0 val=0xC]
[heartbeat: exitCount=4510000 elapsedSec=129.2 lastPort=0xB008 write=0 val=0xC]
[heartbeat: exitCount=4515000 elapsedSec=129.2 lastPort=0xB008 write=0 val=0xC]
[heartbeat: exitCount=4520000 elapsedSec=129.3 lastPort=0xB008 write=0 val=0xC]
[heartbeat: exitCount=4525000 elapsedSec=129.4 lastPort=0xB008 write=0 val=0xC]
[heartbeat: exitCount=4530000 elapsedSec=129.4 lastPort=0xB008 write=0 val=0xC]
[heartbeat: exitCount=4535000 elapsedSec=129.5 lastPort=0xB008 write=0 val=0xC]
[heartbeat: exitCount=4540000 elapsedSec=129.5 lastPort=0xB008 write=0 val=0xC]
[heartbeat: exitCount=4545000 elapsedSec=129.6 lastPort=0xB008 write=0 val=0xC]
[heartbeat: exitCount=4550000 elapsedSec=129.7 lastPort=0xB008 write=0 val=0xC]
[heartbeat: exitCount=4555000 elapsedSec=129.7 lastPort=0xB008 write=0 val=0xC]
[heartbeat: exitCount=4560000 elapsedSec=129.8 lastPort=0xB008 write=0 val=0xC]
[heartbeat: exitCount=4565000 elapsedSec=129.8 lastPort=0xB008 write=0 val=0xC]
[heartbeat: exitCount=4570000 elapsedSec=129.9 lastPort=0xB008 write=0 val=0xC]
[heartbeat: exitCount=4575000 elapsedSec=130.0 lastPort=0xB008 write=0 val=0xC]
[heartbeat: exitCount=4580000 elapsedSec=130.0 lastPort=0xB008 write=0 val=0xC]
[heartbeat: exitCount=4585000 elapsedSec=130.1 lastPort=0xB008 write=0 val=0xC]
[heartbeat: exitCount=4590000 elapsedSec=130.1 lastPort=0xB008 write=0 val=0xC]
[heartbeat: exitCount=4595000 elapsedSec=130.2 lastPort=0xB008 write=0 val=0xC]
[heartbeat: exitCount=4600000 elapsedSec=130.2 lastPort=0xB008 write=0 val=0xC]
[heartbeat: exitCount=4605000 elapsedSec=130.3 lastPort=0xB008 write=0 val=0xC]
[heartbeat: exitCount=4610000 elapsedSec=130.4 lastPort=0xB008 write=0 val=0xC]
[heartbeat: exitCount=4615000 elapsedSec=130.4 lastPort=0xB008 write=0 val=0xC]
[heartbeat: exitCount=4620000 elapsedSec=130.5 lastPort=0xB008 write=0 val=0xC]
[heartbeat: exitCount=4625000 elapsedSec=130.5 lastPort=0xB008 write=0 val=0xC]
[heartbeat: exitCount=4630000 elapsedSec=130.6 lastPort=0xB008 write=0 val=0xC]
[heartbeat: exitCount=4635000 elapsedSec=130.6 lastPort=0xB008 write=0 val=0xC]
[heartbeat: exitCount=4640000 elapsedSec=130.7 lastPort=0xB008 write=0 val=0xC]
[heartbeat: exitCount=4645000 elapsedSec=130.8 lastPort=0xB008 write=0 val=0xC]
[heartbeat: exitCount=4650000 elapsedSec=130.8 lastPort=0xB008 write=0 val=0xC]
[heartbeat: exitCount=4655000 elapsedSec=130.9 lastPort=0xB008 write=0 val=0xC]
[heartbeat: exitCount=4660000 elapsedSec=131.0 lastPort=0xB008 write=0 val=0xC]
[heartbeat: exitCount=4665000 elapsedSec=131.0 lastPort=0xB008 write=0 val=0xC]
[heartbeat: exitCount=4670000 elapsedSec=131.1 lastPort=0xB008 write=0 val=0xC]
[heartbeat: exitCount=4675000 elapsedSec=131.2 lastPort=0xB008 write=0 val=0xC]
[heartbeat: exitCount=4680000 elapsedSec=131.2 lastPort=0xB008 write=0 val=0xC]
[heartbeat: exitCount=4685000 elapsedSec=131.3 lastPort=0xB008 write=0 val=0xC]
[heartbeat: exitCount=4690000 elapsedSec=131.3 lastPort=0xB008 write=0 val=0xC]
[heartbeat: exitCount=4695000 elapsedSec=131.4 lastPort=0xB008 write=0 val=0xC]
[heartbeat: exitCount=4700000 elapsedSec=131.5 lastPort=0xB008 write=0 val=0xC]
[heartbeat: exitCount=4705000 elapsedSec=131.6 lastPort=0xB008 write=0 val=0xC]
[heartbeat: exitCount=4710000 elapsedSec=131.6 lastPort=0xB008 write=0 val=0xC]
[heartbeat: exitCount=4715000 elapsedSec=131.7 lastPort=0xB008 write=0 val=0xC]
[heartbeat: exitCount=4720000 elapsedSec=131.8 lastPort=0xB008 write=0 val=0xC]
[heartbeat: exitCount=4725000 elapsedSec=131.8 lastPort=0xB008 write=0 val=0xC]
[heartbeat: exitCount=4730000 elapsedSec=131.9 lastPort=0xB008 write=0 val=0xC]
[heartbeat: exitCount=4735000 elapsedSec=132.0 lastPort=0xB008 write=0 val=0xC]
[heartbeat: exitCount=4740000 elapsedSec=132.0 lastPort=0xB008 write=0 val=0xC]
[heartbeat: exitCount=4745000 elapsedSec=132.1 lastPort=0xB008 write=0 val=0xC]
[heartbeat: exitCount=4750000 elapsedSec=132.1 lastPort=0xB008 write=0 val=0xC]
[u40] === RIP histogram pass 2 (periodic): 391600 samples, base=0xFFFFF8015DA00000 ===
[u40]    71990  page 0xFFFFF8027C965000
[u40]    68412  page 0xFFFFF80137965000
[u40]    66656  page 0xFFFFF8030D165000
[u40]    59413  page 0xFFFFF8033DB65000
[u40]    46662  page 0xFFFFF8015DD65000  = base+0x365000
[u40]    43380  page 0xBEA03000
[u40]     8245  page 0x1DD9000
[u40]     5654  page 0xBF14E000
[u40]     2639  page 0xBFC50000
[u40]     1974  page 0xBFD68000
[u40]     1642  page 0xFFFFF801379BD000
[u40]     1642  page 0xFFFFF8030D1BD000
[u40]     1638  page 0xFFFFF8027C9BD000
[u40]     1638  page 0xFFFFF8033DBBD000
[u40]     1637  page 0xFFFFF8015DDBD000  = base+0x3BD000
[u40]     1046  page 0xBE422000
[u40]      830  page 0xFFFFF8027C9BC000
[u40]      830  page 0xFFFFF8015DDBC000  = base+0x3BC000
[u40]   most recent 256 samples (newest last):
[u40]     FFFFF8015DD65444@4747441 FFFFF8015DD65444@4747451 FFFFF8015DD65444@4747461 FFFFF8015DD65444@4747471 FFFFF8015DD65444@4747481 FFFFF8015DD65444@4747491 FFFFF8015DD65444@4747501 FFFFF8015DD65444@4747511 FFFFF8015DD65444@4747521 FFFFF8015DD65444@4747531 FFFFF8015DD65444@4747541 FFFFF8015DD65444@4747551 FFFFF8015DD65444@4747561 FFFFF8015DD65444@4747571 FFFFF8015DD65444@4747581 FFFFF8015DD65444@4747591 FFFFF8015DD65444@4747601 FFFFF8015DD65444@4747611 FFFFF8015DD65444@4747621 FFFFF8015DD65444@4747631 FFFFF8015DD65444@4747641 FFFFF8015DD65444@4747651 FFFFF8015DD65444@4747661 FFFFF8015DD65444@4747671 FFFFF8015DD65444@4747681 FFFFF8015DD65444@4747691 FFFFF8015DD65444@4747701 FFFFF8015DD65444@4747711 FFFFF8015DD65444@4747721 FFFFF8015DD65444@4747731 FFFFF8015DD65444@4747741 FFFFF8015DD65444@4747751 FFFFF8015DD65444@4747761 FFFFF8015DD65444@4747771 FFFFF8015DD65444@4747781 FFFFF8015DD65444@4747791 FFFFF8015DD65444@4747801 FFFFF8015DD65444@4747811 FFFFF8015DD65444@4747821 FFFFF8015DD65444@4747831 FFFFF8015DD65444@4747841 FFFFF8015DD65444@4747851 FFFFF8015DD65444@4747861 FFFFF8015DD65444@4747871 FFFFF8015DD65444@4747881 FFFFF8015DD65444@4747891 FFFFF8015DD65444@4747901 FFFFF8015DD65444@4747911 FFFFF8015DD65444@4747921 FFFFF8015DD65444@4747931 FFFFF8015DD65444@4747941 FFFFF8015DD65444@4747951 FFFFF8015DD65444@4747961 FFFFF8015DD65444@4747971 FFFFF8015DD65444@4747981 FFFFF8015DD65444@4747991 FFFFF8015DD65444@4748001 FFFFF8015DD65444@4748011 FFFFF8015DD65444@4748021 FFFFF8015DD65444@4748031 FFFFF8015DD65444@4748041 FFFFF8015DD65444@4748051 FFFFF8015DD65444@4748061 FFFFF8015DD65444@4748071 FFFFF8015DD65444@4748081 FFFFF8015DD65444@4748091 FFFFF8015DD65444@4748101 FFFFF8015DD65444@4748111 FFFFF8015DD65444@4748121 FFFFF8015DD65444@4748131 FFFFF8015DD65444@4748141 FFFFF8015DD65444@4748151 FFFFF8015DD65444@4748161 FFFFF8015DD65444@4748171 FFFFF8015DD65444@4748181 FFFFF8015DD65444@4748191 FFFFF8015DD65444@4748201 FFFFF8015DD65444@4748211 FFFFF8015DD65444@4748221 FFFFF8015DD65444@4748231 FFFFF8015DD65444@4748241 FFFFF8015DD65444@4748251 FFFFF8015DD65444@4748261 FFFFF8015DD65444@4748271 FFFFF8015DD65444@4748281 FFFFF8015DD65444@4748291 FFFFF8015DD65444@4748301 FFFFF8015DD65444@4748311 FFFFF8015DD65444@4748321 FFFFF8015DD65444@4748331 FFFFF8015DD65444@4748341 FFFFF8015DD65444@4748351 FFFFF8015DD65444@4748361 FFFFF8015DD65444@4748371 FFFFF8015DD65444@4748381 FFFFF8015DD65444@4748391 FFFFF8015DD65444@4748401 FFFFF8015DD65444@4748411 FFFFF8015DD65444@4748421 FFFFF8015DD65444@4748431 FFFFF8015DD65444@4748441 FFFFF8015DD65444@4748451 FFFFF8015DD65444@4748461 FFFFF8015DD65444@4748471 FFFFF8015DD65444@4748481 FFFFF8015DD65444@4748491 FFFFF8015DD65444@4748501 FFFFF8015DD65444@4748511 FFFFF8015DD65444@4748521 FFFFF8015DD65444@4748531 FFFFF8015DD65444@4748541 FFFFF8015DD65444@4748551 FFFFF8015DD65444@4748561 FFFFF8015DD65444@4748571 FFFFF8015DD65444@4748581 FFFFF8015DD65444@4748591 FFFFF8015DD65444@4748601 FFFFF8015DD65444@4748611 FFFFF8015DD65444@4748621 FFFFF8015DD65444@4748631 FFFFF8015DD65444@4748641 FFFFF8015DD65444@4748651 FFFFF8015DD65444@4748661 FFFFF8015DD65444@4748671 FFFFF8015DD65444@4748681 FFFFF8015DD65444@4748691 FFFFF8015DD65444@4748701 FFFFF8015DD65444@4748711 FFFFF8015DD65444@4748721 FFFFF8015DD65444@4748731 FFFFF8015DD65444@4748741 FFFFF8015DD65444@4748751 FFFFF8015DD65444@4748761 FFFFF8015DD65444@4748771 FFFFF8015DD65444@4748781 FFFFF8015DD65444@4748791 FFFFF8015DD65444@4748801 FFFFF8015DD65444@4748811 FFFFF8015DD65444@4748821 FFFFF8015DD65444@4748831 FFFFF8015DD65444@4748841 FFFFF8015DD65444@4748851 FFFFF8015DD65444@4748861 FFFFF8015DD65444@4748871 FFFFF8015DD65444@4748881 FFFFF8015DD65444@4748891 FFFFF8015DD65444@4748901 FFFFF8015DD65444@4748911 FFFFF8015DD65444@4748921 FFFFF8015DD65444@4748931 FFFFF8015DD65444@4748941 FFFFF8015DD65444@4748951 FFFFF8015DD65444@4748961 FFFFF8015DD65444@4748971 FFFFF8015DD65444@4748981 FFFFF8015DD65444@4748991 FFFFF8015DD65444@4749001 FFFFF8015DD65444@4749011 FFFFF8015DD65444@4749021 FFFFF8015DD65444@4749031 FFFFF8015DD65444@4749041 FFFFF8015DD65444@4749051 FFFFF8015DD65444@4749061 FFFFF8015DD65444@4749071 FFFFF8015DD65444@4749081 FFFFF8015DD65444@4749091 FFFFF8015DD65444@4749101 FFFFF8015DD65444@4749111 FFFFF8015DD65444@4749121 FFFFF8015DD65444@4749131 FFFFF8015DD65444@4749141 FFFFF8015DD65444@4749151 FFFFF8015DD65444@4749161 FFFFF8015DD65444@4749171 FFFFF8015DD65444@4749181 FFFFF8015DD65444@4749191 FFFFF8015DD65444@4749201 FFFFF8015DD65444@4749211 FFFFF8015DD65444@4749221 FFFFF8015DD65444@4749231 FFFFF8015DD65444@4749241 FFFFF8015DD65444@4749251 FFFFF8015DD65444@4749261 FFFFF8015DD65444@4749271 FFFFF8015DD65444@4749281 FFFFF8015DD65444@4749291 FFFFF8015DD65444@4749301 FFFFF8015DD65444@4749311 FFFFF8015DD65444@4749321 FFFFF8015DD65444@4749331 FFFFF8015DD65444@4749341 FFFFF8015DD65444@4749351 FFFFF8015DD65444@4749361 FFFFF8015DD65444@4749371 FFFFF8015DD65444@4749381 FFFFF8015DD65444@4749391 FFFFF8015DD65444@4749401 FFFFF8015DD65444@4749411 FFFFF8015DD65444@4749421 FFFFF8015DD65444@4749431 FFFFF8015DD65444@4749441 FFFFF8015DD65444@4749451 FFFFF8015DD65444@4749461 FFFFF8015DD65444@4749471 FFFFF8015DD65444@4749481 FFFFF8015DD65444@4749491 FFFFF8015DD65444@4749501 FFFFF8015DD65444@4749511 FFFFF8015DD65444@4749521 FFFFF8015DD65444@4749531 FFFFF8015DD65444@4749541 FFFFF8015DD65444@4749551 FFFFF8015DD65444@4749561 FFFFF8015DD65444@4749571 FFFFF8015DD65444@4749581 FFFFF8015DD65444@4749591 FFFFF8015DD65444@4749601 FFFFF8015DD65444@4749611 FFFFF8015DD65444@4749621 FFFFF8015DD65444@4749631 FFFFF8015DD65444@4749641 FFFFF8015DD65444@4749651 FFFFF8015DD65444@4749661 FFFFF8015DD65444@4749671 FFFFF8015DD65444@4749681 FFFFF8015DD65444@4749691 FFFFF8015DD65444@4749701 FFFFF8015DD65444@4749711 FFFFF8015DD65444@4749721 FFFFF8015DD65444@4749731 FFFFF8015DD65444@4749741 FFFFF8015DD65444@4749751 FFFFF8015DD65444@4749761 FFFFF8015DD65444@4749771 FFFFF8015DD65444@4749781 FFFFF8015DD65444@4749791 FFFFF8015DD65444@4749801 FFFFF8015DD65444@4749811 FFFFF8015DD65444@4749821 FFFFF8015DD65444@4749831 FFFFF8015DD65444@4749841 FFFFF8015DD65444@4749851 FFFFF8015DD65444@4749861 FFFFF8015DD65444@4749871 FFFFF8015DD65444@4749881 FFFFF8015DD65444@4749891 FFFFF8015DD65444@4749901 FFFFF8015DD65444@4749911 FFFFF8015DD65444@4749921 FFFFF8015DD65444@4749931 FFFFF8015DD65444@4749941 FFFFF8015DD65444@4749951 FFFFF8015DD65444@4749961 FFFFF8015DD65444@4749971 FFFFF8015DD65444@4749981 FFFFF8015DD65444@4749991
[heartbeat: exitCount=4755000 elapsedSec=132.2 lastPort=0xB008 write=0 val=0xC]
[heartbeat: exitCount=4760000 elapsedSec=132.3 lastPort=0xB008 write=0 val=0xC]
[heartbeat: exitCount=4765000 elapsedSec=132.3 lastPort=0xB008 write=0 val=0xC]
[heartbeat: exitCount=4770000 elapsedSec=132.4 lastPort=0xB008 write=0 val=0xC]
[heartbeat: exitCount=4775000 elapsedSec=132.5 lastPort=0xB008 write=0 val=0xC]
[heartbeat: exitCount=4780000 elapsedSec=132.5 lastPort=0xB008 write=0 val=0xC]
[heartbeat: exitCount=4785000 elapsedSec=132.6 lastPort=0xB008 write=0 val=0xC]
[heartbeat: exitCount=4790000 elapsedSec=132.6 lastPort=0xB008 write=0 val=0xC]
[heartbeat: exitCount=4795000 elapsedSec=132.7 lastPort=0xB008 write=0 val=0xC]
[heartbeat: exitCount=4800000 elapsedSec=132.8 lastPort=0xB008 write=0 val=0xC]
[heartbeat: exitCount=4805000 elapsedSec=132.8 lastPort=0xB008 write=0 val=0xC]
[heartbeat: exitCount=4810000 elapsedSec=132.9 lastPort=0xB008 write=0 val=0xC]
[heartbeat: exitCount=4815000 elapsedSec=132.9 lastPort=0xB008 write=0 val=0xC]
[heartbeat: exitCount=4820000 elapsedSec=133.0 lastPort=0xB008 write=0 val=0xC]
[heartbeat: exitCount=4825000 elapsedSec=133.1 lastPort=0xB008 write=0 val=0xC]
[heartbeat: exitCount=4830000 elapsedSec=133.1 lastPort=0xB008 write=0 val=0xC]
[heartbeat: exitCount=4835000 elapsedSec=133.2 lastPort=0xB008 write=0 val=0xC]
[heartbeat: exitCount=4840000 elapsedSec=133.2 lastPort=0xB008 write=0 val=0xC]
[heartbeat: exitCount=4845000 elapsedSec=133.3 lastPort=0xB008 write=0 val=0xC]
[heartbeat: exitCount=4850000 elapsedSec=133.4 lastPort=0xB008 write=0 val=0xC]
[heartbeat: exitCount=4855000 elapsedSec=133.4 lastPort=0xB008 write=0 val=0xC]
[heartbeat: exitCount=4860000 elapsedSec=133.5 lastPort=0xB008 write=0 val=0xC]
[heartbeat: exitCount=4865000 elapsedSec=133.6 lastPort=0xB008 write=0 val=0xC]
[heartbeat: exitCount=4870000 elapsedSec=133.6 lastPort=0xB008 write=0 val=0xC]
[heartbeat: exitCount=4875000 elapsedSec=133.7 lastPort=0xB008 write=0 val=0xC]
[heartbeat: exitCount=4880000 elapsedSec=133.7 lastPort=0xB008 write=0 val=0xC]
[heartbeat: exitCount=4885000 elapsedSec=133.8 lastPort=0xB008 write=0 val=0xC]
[heartbeat: exitCount=4890000 elapsedSec=133.9 lastPort=0xB008 write=0 val=0xC]
[heartbeat: exitCount=4895000 elapsedSec=133.9 lastPort=0xB008 write=0 val=0xC]
[heartbeat: exitCount=4900000 elapsedSec=134.0 lastPort=0xB008 write=0 val=0xC]
[heartbeat: exitCount=4905000 elapsedSec=134.0 lastPort=0xB008 write=0 val=0xC]
[heartbeat: exitCount=4910000 elapsedSec=134.1 lastPort=0xB008 write=0 val=0xC]
[rtc-diag] tick #4000 SKIPPED (interrupts disabled), skippedTotal=3630 firedTotal=370
[heartbeat: exitCount=4915000 elapsedSec=134.1 lastPort=0xB008 write=0 val=0xC]
[heartbeat: exitCount=4920000 elapsedSec=134.2 lastPort=0xB008 write=0 val=0xC]
[heartbeat: exitCount=4925000 elapsedSec=134.3 lastPort=0xB008 write=0 val=0xC]
[heartbeat: exitCount=4930000 elapsedSec=134.3 lastPort=0xB008 write=0 val=0xC]
[heartbeat: exitCount=4935000 elapsedSec=134.4 lastPort=0xB008 write=0 val=0xC]
[heartbeat: exitCount=4940000 elapsedSec=134.4 lastPort=0xB008 write=0 val=0xC]
[heartbeat: exitCount=4945000 elapsedSec=134.5 lastPort=0xB008 write=0 val=0xC]
[heartbeat: exitCount=4950000 elapsedSec=134.6 lastPort=0xB008 write=0 val=0xC]
[heartbeat: exitCount=4955000 elapsedSec=134.6 lastPort=0xB008 write=0 val=0xC]
[heartbeat: exitCount=4960000 elapsedSec=134.7 lastPort=0xB008 write=0 val=0xC]
[heartbeat: exitCount=4965000 elapsedSec=134.8 lastPort=0xB008 write=0 val=0xC]
[heartbeat: exitCount=4970000 elapsedSec=134.8 lastPort=0xB008 write=0 val=0xC]
[heartbeat: exitCount=4975000 elapsedSec=135.0 lastPort=0xB008 write=0 val=0xC]
[heartbeat: exitCount=4980000 elapsedSec=135.2 lastPort=0xB008 write=0 val=0xC]
[heartbeat: exitCount=4985000 elapsedSec=135.3 lastPort=0xB008 write=0 val=0xC]
[heartbeat: exitCount=4990000 elapsedSec=135.3 lastPort=0xB008 write=0 val=0xC]
[heartbeat: exitCount=4995000 elapsedSec=135.4 lastPort=0xB008 write=0 val=0xC]
[heartbeat: exitCount=5000000 elapsedSec=135.4 lastPort=0xB008 write=0 val=0xC]
[u40] === RIP histogram pass 2 (periodic): 416600 samples, base=0xFFFFF8015DA00000 ===
[u40]    71990  page 0xFFFFF8027C965000
[u40]    71662  page 0xFFFFF8015DD65000  = base+0x365000
[u40]    68412  page 0xFFFFF80137965000
[u40]    66656  page 0xFFFFF8030D165000
[u40]    59413  page 0xFFFFF8033DB65000
[u40]    43380  page 0xBEA03000
[u40]     8245  page 0x1DD9000
[u40]     5654  page 0xBF14E000
[u40]     2639  page 0xBFC50000
[u40]     1974  page 0xBFD68000
[u40]     1642  page 0xFFFFF801379BD000
[u40]     1642  page 0xFFFFF8030D1BD000
[u40]     1638  page 0xFFFFF8027C9BD000
[u40]     1638  page 0xFFFFF8033DBBD000
[u40]     1637  page 0xFFFFF8015DDBD000  = base+0x3BD000
[u40]     1046  page 0xBE422000
[u40]      830  page 0xFFFFF8027C9BC000
[u40]      830  page 0xFFFFF8015DDBC000  = base+0x3BC000
[u40]   most recent 256 samples (newest last):
[u40]     FFFFF8015DD65444@4997441 FFFFF8015DD65444@4997451 FFFFF8015DD65444@4997461 FFFFF8015DD65444@4997471 FFFFF8015DD65444@4997481 FFFFF8015DD65444@4997491 FFFFF8015DD65444@4997501 FFFFF8015DD65444@4997511 FFFFF8015DD65444@4997521 FFFFF8015DD65444@4997531 FFFFF8015DD65444@4997541 FFFFF8015DD65444@4997551 FFFFF8015DD65444@4997561 FFFFF8015DD65444@4997571 FFFFF8015DD65444@4997581 FFFFF8015DD65444@4997591 FFFFF8015DD65444@4997601 FFFFF8015DD65444@4997611 FFFFF8015DD65444@4997621 FFFFF8015DD65444@4997631 FFFFF8015DD65444@4997641 FFFFF8015DD65444@4997651 FFFFF8015DD65444@4997661 FFFFF8015DD65444@4997671 FFFFF8015DD65444@4997681 FFFFF8015DD65444@4997691 FFFFF8015DD65444@4997701 FFFFF8015DD65444@4997711 FFFFF8015DD65444@4997721 FFFFF8015DD65444@4997731 FFFFF8015DD65444@4997741 FFFFF8015DD65444@4997751 FFFFF8015DD65444@4997761 FFFFF8015DD65444@4997771 FFFFF8015DD65444@4997781 FFFFF8015DD65444@4997791 FFFFF8015DD65444@4997801 FFFFF8015DD65444@4997811 FFFFF8015DD65444@4997821 FFFFF8015DD65444@4997831 FFFFF8015DD65444@4997841 FFFFF8015DD65444@4997851 FFFFF8015DD65444@4997861 FFFFF8015DD65444@4997871 FFFFF8015DD65444@4997881 FFFFF8015DD65444@4997891 FFFFF8015DD65444@4997901 FFFFF8015DD65444@4997911 FFFFF8015DD65444@4997921 FFFFF8015DD65444@4997931 FFFFF8015DD65444@4997941 FFFFF8015DD65444@4997951 FFFFF8015DD65444@4997961 FFFFF8015DD65444@4997971 FFFFF8015DD65444@4997981 FFFFF8015DD65444@4997991 FFFFF8015DD65444@4998001 FFFFF8015DD65444@4998011 FFFFF8015DD65444@4998021 FFFFF8015DD65444@4998031 FFFFF8015DD65444@4998041 FFFFF8015DD65444@4998051 FFFFF8015DD65444@4998061 FFFFF8015DD65444@4998071 FFFFF8015DD65444@4998081 FFFFF8015DD65444@4998091 FFFFF8015DD65444@4998101 FFFFF8015DD65444@4998111 FFFFF8015DD65444@4998121 FFFFF8015DD65444@4998131 FFFFF8015DD65444@4998141 FFFFF8015DD65444@4998151 FFFFF8015DD65444@4998161 FFFFF8015DD65444@4998171 FFFFF8015DD65444@4998181 FFFFF8015DD65444@4998191 FFFFF8015DD65444@4998201 FFFFF8015DD65444@4998211 FFFFF8015DD65444@4998221 FFFFF8015DD65444@4998231 FFFFF8015DD65444@4998241 FFFFF8015DD65444@4998251 FFFFF8015DD65444@4998261 FFFFF8015DD65444@4998271 FFFFF8015DD65444@4998281 FFFFF8015DD65444@4998291 FFFFF8015DD65444@4998301 FFFFF8015DD65444@4998311 FFFFF8015DD65444@4998321 FFFFF8015DD65444@4998331 FFFFF8015DD65444@4998341 FFFFF8015DD65444@4998351 FFFFF8015DD65444@4998361 FFFFF8015DD65444@4998371 FFFFF8015DD65444@4998381 FFFFF8015DD65444@4998391 FFFFF8015DD65444@4998401 FFFFF8015DD65444@4998411 FFFFF8015DD65444@4998421 FFFFF8015DD65444@4998431 FFFFF8015DD65444@4998441 FFFFF8015DD65444@4998451 FFFFF8015DD65444@4998461 FFFFF8015DD65444@4998471 FFFFF8015DD65444@4998481 FFFFF8015DD65444@4998491 FFFFF8015DD65444@4998501 FFFFF8015DD65444@4998511 FFFFF8015DD65444@4998521 FFFFF8015DD65444@4998531 FFFFF8015DD65444@4998541 FFFFF8015DD65444@4998551 FFFFF8015DD65444@4998561 FFFFF8015DD65444@4998571 FFFFF8015DD65444@4998581 FFFFF8015DD65444@4998591 FFFFF8015DD65444@4998601 FFFFF8015DD65444@4998611 FFFFF8015DD65444@4998621 FFFFF8015DD65444@4998631 FFFFF8015DD65444@4998641 FFFFF8015DD65444@4998651 FFFFF8015DD65444@4998661 FFFFF8015DD65444@4998671 FFFFF8015DD65444@4998681 FFFFF8015DD65444@4998691 FFFFF8015DD65444@4998701 FFFFF8015DD65444@4998711 FFFFF8015DD65444@4998721 FFFFF8015DD65444@4998731 FFFFF8015DD65444@4998741 FFFFF8015DD65444@4998751 FFFFF8015DD65444@4998761 FFFFF8015DD65444@4998771 FFFFF8015DD65444@4998781 FFFFF8015DD65444@4998791 FFFFF8015DD65444@4998801 FFFFF8015DD65444@4998811 FFFFF8015DD65444@4998821 FFFFF8015DD65444@4998831 FFFFF8015DD65444@4998841 FFFFF8015DD65444@4998851 FFFFF8015DD65444@4998861 FFFFF8015DD65444@4998871 FFFFF8015DD65444@4998881 FFFFF8015DD65444@4998891 FFFFF8015DD65444@4998901 FFFFF8015DD65444@4998911 FFFFF8015DD65444@4998921 FFFFF8015DD65444@4998931 FFFFF8015DD65444@4998941 FFFFF8015DD65444@4998951 FFFFF8015DD65444@4998961 FFFFF8015DD65444@4998971 FFFFF8015DD65444@4998981 FFFFF8015DD65444@4998991 FFFFF8015DD65444@4999001 FFFFF8015DD65444@4999011 FFFFF8015DD65444@4999021 FFFFF8015DD65444@4999031 FFFFF8015DD65444@4999041 FFFFF8015DD65444@4999051 FFFFF8015DD65444@4999061 FFFFF8015DD65444@4999071 FFFFF8015DD65444@4999081 FFFFF8015DD65444@4999091 FFFFF8015DD65444@4999101 FFFFF8015DD65444@4999111 FFFFF8015DD65444@4999121 FFFFF8015DD65444@4999131 FFFFF8015DD65444@4999141 FFFFF8015DD65444@4999151 FFFFF8015DD65444@4999161 FFFFF8015DD65444@4999171 FFFFF8015DD65444@4999181 FFFFF8015DD65444@4999191 FFFFF8015DD65444@4999201 FFFFF8015DD65444@4999211 FFFFF8015DD65444@4999221 FFFFF8015DD65444@4999231 FFFFF8015DD65444@4999241 FFFFF8015DD65444@4999251 FFFFF8015DD65444@4999261 FFFFF8015DD65444@4999271 FFFFF8015DD65444@4999281 FFFFF8015DD65444@4999291 FFFFF8015DD65444@4999301 FFFFF8015DD65444@4999311 FFFFF8015DD65444@4999321 FFFFF8015DD65444@4999331 FFFFF8015DD65444@4999341 FFFFF8015DD65444@4999351 FFFFF8015DD65444@4999361 FFFFF8015DD65444@4999371 FFFFF8015DD65444@4999381 FFFFF8015DD65444@4999391 FFFFF8015DD65444@4999401 FFFFF8015DD65444@4999411 FFFFF8015DD65444@4999421 FFFFF8015DD65444@4999431 FFFFF8015DD65444@4999441 FFFFF8015DD65444@4999451 FFFFF8015DD65444@4999461 FFFFF8015DD65444@4999471 FFFFF8015DD65444@4999481 FFFFF8015DD65444@4999491 FFFFF8015DD65444@4999501 FFFFF8015DD65444@4999511 FFFFF8015DD65444@4999521 FFFFF8015DD65444@4999531 FFFFF8015DD65444@4999541 FFFFF8015DD65444@4999551 FFFFF8015DD65444@4999561 FFFFF8015DD65444@4999571 FFFFF8015DD65444@4999581 FFFFF8015DD65444@4999591 FFFFF8015DD65444@4999601 FFFFF8015DD65444@4999611 FFFFF8015DD65444@4999621 FFFFF8015DD65444@4999631 FFFFF8015DD65444@4999641 FFFFF8015DD65444@4999651 FFFFF8015DD65444@4999661 FFFFF8015DD65444@4999671 FFFFF8015DD65444@4999681 FFFFF8015DD65444@4999691 FFFFF8015DD65444@4999701 FFFFF8015DD65444@4999711 FFFFF8015DD65444@4999721 FFFFF8015DD65444@4999731 FFFFF8015DD65444@4999741 FFFFF8015DD65444@4999751 FFFFF8015DD65444@4999761 FFFFF8015DD65444@4999771 FFFFF8015DD65444@4999781 FFFFF8015DD65444@4999791 FFFFF8015DD65444@4999801 FFFFF8015DD65444@4999811 FFFFF8015DD65444@4999821 FFFFF8015DD65444@4999831 FFFFF8015DD65444@4999841 FFFFF8015DD65444@4999851 FFFFF8015DD65444@4999861 FFFFF8015DD65444@4999871 FFFFF8015DD65444@4999881 FFFFF8015DD65444@4999891 FFFFF8015DD65444@4999901 FFFFF8015DD65444@4999911 FFFFF8015DD65444@4999921 FFFFF8015DD65444@4999931 FFFFF8015DD65444@4999941 FFFFF8015DD65444@4999951 FFFFF8015DD65444@4999961 FFFFF8015DD65444@4999971 FFFFF8015DD65444@4999981 FFFFF8015DD65444@4999991
[heartbeat: exitCount=5005000 elapsedSec=135.5 lastPort=0xB008 write=0 val=0xC]
[heartbeat: exitCount=5010000 elapsedSec=135.6 lastPort=0xB008 write=0 val=0xC]
[heartbeat: exitCount=5015000 elapsedSec=135.6 lastPort=0xB008 write=0 val=0xC]
[heartbeat: exitCount=5020000 elapsedSec=135.7 lastPort=0xB008 write=0 val=0xC]
[heartbeat: exitCount=5025000 elapsedSec=135.7 lastPort=0xB008 write=0 val=0xC]
[heartbeat: exitCount=5030000 elapsedSec=135.8 lastPort=0xB008 write=0 val=0xC]
[heartbeat: exitCount=5035000 elapsedSec=135.9 lastPort=0xB008 write=0 val=0xC]
[heartbeat: exitCount=5040000 elapsedSec=135.9 lastPort=0xB008 write=0 val=0xC]
[heartbeat: exitCount=5045000 elapsedSec=136.0 lastPort=0xB008 write=0 val=0xC]
[heartbeat: exitCount=5050000 elapsedSec=136.0 lastPort=0xB008 write=0 val=0xC]
[heartbeat: exitCount=5055000 elapsedSec=136.1 lastPort=0xB008 write=0 val=0xC]
[heartbeat: exitCount=5060000 elapsedSec=136.2 lastPort=0xB008 write=0 val=0xC]
[heartbeat: exitCount=5065000 elapsedSec=136.2 lastPort=0xB008 write=0 val=0xC]
[heartbeat: exitCount=5070000 elapsedSec=136.3 lastPort=0xB008 write=0 val=0xC]
[heartbeat: exitCount=5075000 elapsedSec=136.4 lastPort=0xB008 write=0 val=0xC]
[cmos-ab] write reg=0x0B value=0x02 (RegA=0x25 RegB=0x02, PIE=0)
[cmos-ab] write reg=0x0B value=0x02 (RegA=0x25 RegB=0x02, PIE=0)
[reset] port 0x64/0xFE keyboard-controller reset pulse honored -- vCPU restarted at reset vector (exitCount=5078221)
[u40] === RIP histogram pass 1 (end of pass 1, at reset): 8340 samples, base=0xFFFFF8003CA00000 ===
[u40]     6865  page 0xFFFFF8003CD65000  = base+0x365000
[u40]      693  page 0xBEA03000
[u40]      165  page 0x1DD9000
[u40]      164  page 0xFFFFF8003CDBD000  = base+0x3BD000
[u40]      106  page 0xBF14E000
[u40]       96  page 0xBE41C000
[u40]       81  page 0xFFFFF8003CDBC000  = base+0x3BC000
[u40]       44  page 0xBFC50000
[u40]       41  page 0xBFD68000
[u40]       20  page 0xBE422000
[u40]       18  page 0xBF14F000
[u40]       16  page 0xFFFFF8003CECC000  = base+0x4CC000
[u40]       12  page 0xBF16B000
[u40]       11  page 0xBF174000
[u40]        2  page 0xFFFFF8003CDA5000  = base+0x3A5000
[u40]        2  page 0x848000
[u40]        1  page 0xFFFFF8003CE02000  = base+0x402000
[u40]        1  page 0xBF1CC000
[u40]   most recent 256 samples (newest last):
[u40]     FFFFF8003CD65444@808401 FFFFF8003CD65444@808501 FFFFF8003CD65444@808601 FFFFF8003CD65444@808701 FFFFF8003CD65444@808801 FFFFF8003CD65444@808901 FFFFF8003CD65444@809001 FFFFF8003CD65444@809101 FFFFF8003CD65444@809201 FFFFF8003CD65444@809301 FFFFF8003CD65444@809401 FFFFF8003CD65444@809501 FFFFF8003CD65444@809601 FFFFF8003CD65444@809701 FFFFF8003CD65444@809801 FFFFF8003CD65444@809901 FFFFF8003CD65444@810001 FFFFF8003CD65444@810101 FFFFF8003CD65444@810201 FFFFF8003CD65444@810301 FFFFF8003CD65444@810401 FFFFF8003CD65444@810501 FFFFF8003CD65444@810601 FFFFF8003CD65444@810701 FFFFF8003CD65444@810801 FFFFF8003CD65444@810901 FFFFF8003CD65444@811001 FFFFF8003CD65444@811101 FFFFF8003CD65444@811201 FFFFF8003CD65444@811301 FFFFF8003CD65444@811401 FFFFF8003CD65444@811501 FFFFF8003CD65444@811601 FFFFF8003CD65444@811701 FFFFF8003CD65444@811801 FFFFF8003CD65444@811901 FFFFF8003CD65444@812001 FFFFF8003CD65444@812101 FFFFF8003CD65444@812201 FFFFF8003CD65444@812301 FFFFF8003CD65444@812401 FFFFF8003CD65444@812501 FFFFF8003CD65444@812601 FFFFF8003CD65444@812701 FFFFF8003CD65444@812801 FFFFF8003CD65444@812901 FFFFF8003CD65444@813001 FFFFF8003CD65444@813101 FFFFF8003CD65444@813201 FFFFF8003CD65444@813301 FFFFF8003CD65444@813401 FFFFF8003CD65444@813501 FFFFF8003CD65444@813601 FFFFF8003CD65444@813701 FFFFF8003CD65444@813801 FFFFF8003CD65444@813901 FFFFF8003CD65444@814001 FFFFF8003CD65444@814101 FFFFF8003CD65444@814201 FFFFF8003CD65444@814301 FFFFF8003CD65444@814401 FFFFF8003CD65444@814501 FFFFF8003CD65444@814601 FFFFF8003CD65444@814701 FFFFF8003CD65444@814801 FFFFF8003CD65444@814901 FFFFF8003CD65444@815001 FFFFF8003CD65444@815101 FFFFF8003CD65444@815201 FFFFF8003CD65444@815301 FFFFF8003CD65444@815401 FFFFF8003CD65444@815501 FFFFF8003CD65444@815601 FFFFF8003CD65444@815701 FFFFF8003CD65444@815801 FFFFF8003CD65444@815901 FFFFF8003CD65444@816001 FFFFF8003CD65444@816101 FFFFF8003CD65444@816201 FFFFF8003CD65444@816301 FFFFF8003CD65444@816401 FFFFF8003CD65444@816501 FFFFF8003CD65444@816601 FFFFF8003CD65444@816701 FFFFF8003CD65444@816801 FFFFF8003CD65444@816901 FFFFF8003CD65444@817001 FFFFF8003CD65444@817101 FFFFF8003CD65444@817201 FFFFF8003CD65444@817301 FFFFF8003CD65444@817401 FFFFF8003CD65444@817501 FFFFF8003CD65444@817601 FFFFF8003CD65444@817701 FFFFF8003CD65444@817801 FFFFF8003CD65444@817901 FFFFF8003CD65444@818001 FFFFF8003CD65444@818101 FFFFF8003CD65444@818201 FFFFF8003CD65444@818301 FFFFF8003CD65444@818401 FFFFF8003CD65444@818501 FFFFF8003CD65444@818601 FFFFF8003CD65444@818701 FFFFF8003CD65444@818801 FFFFF8003CD65444@818901 FFFFF8003CD65444@819001 FFFFF8003CD65444@819101 FFFFF8003CD65444@819201 FFFFF8003CD65444@819301 FFFFF8003CD65444@819401 FFFFF8003CD65444@819501 FFFFF8003CD65444@819601 FFFFF8003CD65444@819701 FFFFF8003CD65444@819801 FFFFF8003CD65444@819901 FFFFF8003CD65444@820001 FFFFF8003CD65444@820101 FFFFF8003CD65444@820201 FFFFF8003CD65444@820301 FFFFF8003CD65444@820401 FFFFF8003CD65444@820501 FFFFF8003CD65444@820601 FFFFF8003CD65444@820701 FFFFF8003CD65444@820801 FFFFF8003CD65444@820901 FFFFF8003CD65444@821001 FFFFF8003CD65444@821101 FFFFF8003CD65444@821201 FFFFF8003CD65444@821301 FFFFF8003CD65444@821401 FFFFF8003CD65444@821501 FFFFF8003CD65444@821601 FFFFF8003CD65444@821701 FFFFF8003CD65444@821801 FFFFF8003CD65444@821901 FFFFF8003CD65444@822001 FFFFF8003CD65444@822101 FFFFF8003CD65444@822201 FFFFF8003CD65444@822301 FFFFF8003CD65444@822401 FFFFF8003CD65444@822501 FFFFF8003CD65444@822601 FFFFF8003CD65444@822701 FFFFF8003CD65444@822801 FFFFF8003CD65444@822901 FFFFF8003CD65444@823001 FFFFF8003CD65444@823101 FFFFF8003CD65444@823201 FFFFF8003CD65444@823301 FFFFF8003CD65444@823401 FFFFF8003CD65444@823501 FFFFF8003CD65444@823601 FFFFF8003CD65444@823701 FFFFF8003CD65444@823801 FFFFF8003CD65444@823901 FFFFF8003CD65444@824001 FFFFF8003CD65444@824101 FFFFF8003CD65444@824201 FFFFF8003CD65444@824301 FFFFF8003CD65444@824401 FFFFF8003CD65444@824501 FFFFF8003CD65444@824601 FFFFF8003CD65444@824701 FFFFF8003CD65444@824801 FFFFF8003CD65444@824901 FFFFF8003CD65444@825001 FFFFF8003CD65444@825101 FFFFF8003CD65444@825201 FFFFF8003CD65444@825301 FFFFF8003CD65444@825401 FFFFF8003CD65444@825501 FFFFF8003CD65444@825601 FFFFF8003CD65444@825701 FFFFF8003CD65444@825801 FFFFF8003CD65444@825901 FFFFF8003CD65444@826001 FFFFF8003CD65444@826101 FFFFF8003CD65444@826201 FFFFF8003CD65444@826301 FFFFF8003CD65444@826401 FFFFF8003CD65444@826501 FFFFF8003CD65444@826601 FFFFF8003CD65444@826701 FFFFF8003CD65444@826801 FFFFF8003CD65444@826901 FFFFF8003CD65444@827001 FFFFF8003CD65444@827101 FFFFF8003CD65444@827201 FFFFF8003CD65444@827301 FFFFF8003CD65444@827401 FFFFF8003CD65444@827501 FFFFF8003CD65444@827601 FFFFF8003CD65444@827701 FFFFF8003CD65444@827801 FFFFF8003CD65444@827901 FFFFF8003CD65444@828001 FFFFF8003CD65444@828101 FFFFF8003CD65444@828201 FFFFF8003CD65444@828301 FFFFF8003CD65444@828401 FFFFF8003CD65444@828501 FFFFF8003CD65444@828601 FFFFF8003CD65444@828701 FFFFF8003CD65444@828801 FFFFF8003CD65444@828901 FFFFF8003CD65444@829001 FFFFF8003CD65444@829101 FFFFF8003CD65444@829201 FFFFF8003CD65444@829301 FFFFF8003CD65444@829401 FFFFF8003CD65444@829501 FFFFF8003CD65444@829601 FFFFF8003CD65444@829701 FFFFF8003CD65444@829801 FFFFF8003CD65444@829901 FFFFF8003CD65444@830001 FFFFF8003CD65444@830101 FFFFF8003CD65444@830201 FFFFF8003CD65444@830301 FFFFF8003CD65444@830401 FFFFF8003CD65444@830501 FFFFF8003CD65444@830601 FFFFF8003CD65444@830701 FFFFF8003CD65444@830801 FFFFF8003CD65444@830901 FFFFF8003CD65444@831001 FFFFF8003CD65444@831101 FFFFF8003CD65444@831201 FFFFF8003CD65444@831301 FFFFF8003CD65444@831401 FFFFF8003CD65444@831501 FFFFF8003CD65444@831601 FFFFF8003CD65444@831701 FFFFF8003CD65444@831801 FFFFF8003CD65444@831901 FFFFF8003CD65444@832001 FFFFF8003CD65444@832101 FFFFF8003CD65444@832201 FFFFF8003CD65444@832301 FFFFF8003CD65444@832401 FFFFF8003CD65444@832501 FFFFF8003CD65444@832601 FFFFF8003CD65444@832701 FFFFF8003CD65444@832801 FFFFF8003CD65444@832901 FFFFF8003CD65444@833001 FFFFF8003CD65444@833101 FFFFF8003CD65444@833201 FFFFF8003CD65444@833301 FFFFF8003CD65444@833401 FFFFF8003CD65444@833501 FFFFF8003CD65444@833601 FFFFF8003CD65444@833701 FFFFF8003CD65444@833801 FFFFF8003CD65444@833901
[u46] LAPIC state (at reset -- state pass 2 will INHERIT, 4096 bytes): TPR=0xF0 PPR=0x0 SVR=0x1DF
[u46]   LVT Timer=0x300FD (vector=0xFD PERIODIC masked=1) InitCnt=0x0 CurCnt=0x0 Div=0xB
[u46]   IRR: no pending vectors
[u47] LAPIC quiesced at reset (LVTs masked, timer stopped, pending/ISR/IRR cleared, TPR=0)
[u46] LAPIC state (after U47 quiesce, 4096 bytes): TPR=0x0 PPR=0x0 SVR=0x1DF
[u46]   LVT Timer=0x10000 (vector=0x00 one-shot masked=1) InitCnt=0x0 CurCnt=0x0 Div=0xB
[u46]   IRR: no pending vectors
[u42] pass1 IOAPIC accesses total=274 (logged 260)
[u42] state INHERITED by pass 2: ioapic1.id=1 selectedReg=0x20 | ioapic2.id=2 selectedReg=0x3F
[u42]   ioapic1.redir[0]=0x00000000000100FF (vec=0xFF masked=1) -- NOT at power-on default
[u42]   ioapic1.redir[1]=0x00000000000100FF (vec=0xFF masked=1) -- NOT at power-on default
[u42]   ioapic1.redir[2]=0x00000000000100FF (vec=0xFF masked=1) -- NOT at power-on default
[u42]   ioapic1.redir[3]=0x00000000000100FF (vec=0xFF masked=1) -- NOT at power-on default
[u42]   ioapic1.redir[4]=0x00000000000100FF (vec=0xFF masked=1) -- NOT at power-on default
[u42]   ioapic1.redir[5]=0x00000000000100FF (vec=0xFF masked=1) -- NOT at power-on default
[u42]   ioapic1.redir[6]=0x00000000000100FF (vec=0xFF masked=1) -- NOT at power-on default
[u42]   ioapic1.redir[7]=0x00000000000100FF (vec=0xFF masked=1) -- NOT at power-on default
[u42]   ioapic1.redir[8]=0x01000000000008D1 (vec=0xD1 masked=0) -- NOT at power-on default
[u42]   ioapic1.redir[9]=0x00000000000100FF (vec=0xFF masked=1) -- NOT at power-on default
[u42]   ioapic1.redir[10]=0x00000000000100FF (vec=0xFF masked=1) -- NOT at power-on default
[u42]   ioapic1.redir[11]=0x00000000000100FF (vec=0xFF masked=1) -- NOT at power-on default
[u42]   ioapic1.redir[12]=0x00000000000100FF (vec=0xFF masked=1) -- NOT at power-on default
[u42]   ioapic1.redir[13]=0x00000000000100FF (vec=0xFF masked=1) -- NOT at power-on default
[u42]   ioapic1.redir[14]=0x00000000000100FF (vec=0xFF masked=1) -- NOT at power-on default
[u42]   ioapic1.redir[15]=0x00000000000100FF (vec=0xFF masked=1) -- NOT at power-on default
[u42]   ioapic1.redir[16]=0x00000000000100FF (vec=0xFF masked=1) -- NOT at power-on default
[u42]   ioapic1.redir[17]=0x00000000000100FF (vec=0xFF masked=1) -- NOT at power-on default
[u42]   ioapic1.redir[18]=0x00000000000100FF (vec=0xFF masked=1) -- NOT at power-on default
[u42]   ioapic1.redir[19]=0x00000000000100FF (vec=0xFF masked=1) -- NOT at power-on default
[u42]   ioapic1.redir[20]=0x00000000000100FF (vec=0xFF masked=1) -- NOT at power-on default
[u42]   ioapic1.redir[21]=0x00000000000100FF (vec=0xFF masked=1) -- NOT at power-on default
[u42]   ioapic1.redir[22]=0x00000000000100FF (vec=0xFF masked=1) -- NOT at power-on default
[u42]   ioapic1.redir[23]=0x00000000000100FF (vec=0xFF masked=1) -- NOT at power-on default
[u42]   ioapic2.redir[0]=0x00000000000100FF (vec=0xFF masked=1) -- NOT at power-on default
[u42]   ioapic2.redir[1]=0x00000000000100FF (vec=0xFF masked=1) -- NOT at power-on default
[u42]   ioapic2.redir[2]=0x00000000000100FF (vec=0xFF masked=1) -- NOT at power-on default
[u42]   ioapic2.redir[3]=0x00000000000100FF (vec=0xFF masked=1) -- NOT at power-on default
[u42]   ioapic2.redir[4]=0x00000000000100FF (vec=0xFF masked=1) -- NOT at power-on default
[u42]   ioapic2.redir[5]=0x00000000000100FF (vec=0xFF masked=1) -- NOT at power-on default
[u42]   ioapic2.redir[6]=0x00000000000100FF (vec=0xFF masked=1) -- NOT at power-on default
[u42]   ioapic2.redir[7]=0x00000000000100FF (vec=0xFF masked=1) -- NOT at power-on default
[u42]   ioapic2.redir[8]=0x00000000000100FF (vec=0xFF masked=1) -- NOT at power-on default
[u42]   ioapic2.redir[9]=0x00000000000100FF (vec=0xFF masked=1) -- NOT at power-on default
[u42]   ioapic2.redir[10]=0x00000000000100FF (vec=0xFF masked=1) -- NOT at power-on default
[u42]   ioapic2.redir[11]=0x00000000000100FF (vec=0xFF masked=1) -- NOT at power-on default
[u42]   ioapic2.redir[12]=0x00000000000100FF (vec=0xFF masked=1) -- NOT at power-on default
[u42]   ioapic2.redir[13]=0x00000000000100FF (vec=0xFF masked=1) -- NOT at power-on default
[u42]   ioapic2.redir[14]=0x00000000000100FF (vec=0xFF masked=1) -- NOT at power-on default
[u42]   ioapic2.redir[15]=0x00000000000100FF (vec=0xFF masked=1) -- NOT at power-on default
[u42]   ioapic2.redir[16]=0x00000000000100FF (vec=0xFF masked=1) -- NOT at power-on default
[u42]   ioapic2.redir[17]=0x00000000000100FF (vec=0xFF masked=1) -- NOT at power-on default
[u42]   ioapic2.redir[18]=0x00000000000100FF (vec=0xFF masked=1) -- NOT at power-on default
[u42]   ioapic2.redir[19]=0x00000000000100FF (vec=0xFF masked=1) -- NOT at power-on default
[u42]   ioapic2.redir[20]=0x00000000000100FF (vec=0xFF masked=1) -- NOT at power-on default
[u42]   ioapic2.redir[21]=0x00000000000100FF (vec=0xFF masked=1) -- NOT at power-on default
[u42]   ioapic2.redir[22]=0x00000000000100FF (vec=0xFF masked=1) -- NOT at power-on default
[u42]   ioapic2.redir[23]=0x00000000000100FF (vec=0xFF masked=1) -- NOT at power-on default
[heartbeat: exitCount=5080000 elapsedSec=136.6 lastPort=0xB008 write=0 val=0x2]
[heartbeat: exitCount=5085000 elapsedSec=136.6 lastPort=0xB008 write=0 val=0x2]
[ramfb] configured: address=0xBE500000 800x600 stride=3200
[cmos-ab] write reg=0x0A value=0x26 (RegA=0x26 RegB=0x02, PIE=0)
[heartbeat: exitCount=5090000 elapsedSec=136.7 lastPort=0xCF8 write=1 val=0x89]
[2J[001;001H[=3h[2J[001;001H[2J[001;001H[8;056;240t[2J[001;001H[2J[001;001H[=3h[2J[001;001H[2J[001;001H[8;031;100t[2J[001;001H[aux] controller: disable AUX port
[heartbeat: exitCount=5095000 elapsedSec=136.8 lastPort=0xCF8 write=0 val=0x0]
[heartbeat: exitCount=5100000 elapsedSec=136.9 lastPort=0xCFE write=0 val=0x0]
BdsDxe: loading Boot0002 "UEFI LocalHost Virtual Disk LH0001 " from PciRoot(0x0)/Pci(0x2,0x0)/Sata(0x0,0xFFFF,0x0)
BdsDxe: starting Boot0002 "UEFI LocalHost Virtual Disk LH0001 " from PciRoot(0x0)/Pci(0x2,0x0)/Sata(0x0,0xFFFF,0x0)
[heartbeat: exitCount=5105000 elapsedSec=137.0 lastPort=0xB008 write=0 val=0x2]
[2J[001;001H[=3h[2J[001;001H[heartbeat: exitCount=5110000 elapsedSec=137.2 lastPort=0xB008 write=0 val=0x89]
[heartbeat: exitCount=5115000 elapsedSec=137.3 lastPort=0xB008 write=0 val=0x89]
[heartbeat: exitCount=5120000 elapsedSec=137.4 lastPort=0xB008 write=0 val=0x89]
[heartbeat: exitCount=5125000 elapsedSec=137.5 lastPort=0xB008 write=0 val=0x89]
[heartbeat: exitCount=5130000 elapsedSec=137.6 lastPort=0xB008 write=0 val=0x89]
[heartbeat: exitCount=5135000 elapsedSec=137.7 lastPort=0xB008 write=0 val=0x89]
[heartbeat: exitCount=5140000 elapsedSec=137.8 lastPort=0xB008 write=0 val=0x89]
[heartbeat: exitCount=5145000 elapsedSec=137.9 lastPort=0xB008 write=0 val=0x89]
[heartbeat: exitCount=5150000 elapsedSec=138.0 lastPort=0xB008 write=0 val=0x89]
[heartbeat: exitCount=5155000 elapsedSec=138.1 lastPort=0xB008 write=0 val=0x89]
[heartbeat: exitCount=5160000 elapsedSec=138.2 lastPort=0xB008 write=0 val=0x89]
[heartbeat: exitCount=5165000 elapsedSec=138.3 lastPort=0xB008 write=0 val=0x89]
[heartbeat: exitCount=5170000 elapsedSec=138.4 lastPort=0xB008 write=0 val=0x89]
[heartbeat: exitCount=5175000 elapsedSec=138.4 lastPort=0xB008 write=0 val=0x89]
[heartbeat: exitCount=5180000 elapsedSec=138.5 lastPort=0xB008 write=0 val=0x89]
[heartbeat: exitCount=5185000 elapsedSec=138.6 lastPort=0xB008 write=0 val=0x89]
[heartbeat: exitCount=5190000 elapsedSec=138.7 lastPort=0xB008 write=0 val=0x89]
[heartbeat: exitCount=5195000 elapsedSec=138.8 lastPort=0xB008 write=0 val=0x89]
[heartbeat: exitCount=5200000 elapsedSec=138.9 lastPort=0xB008 write=0 val=0x89]
[heartbeat: exitCount=5205000 elapsedSec=139.0 lastPort=0xB008 write=0 val=0x89]
[heartbeat: exitCount=5210000 elapsedSec=140.1 lastPort=0x70 write=1 val=0x89]
[aux] controller: disable AUX port
[heartbeat: exitCount=5215000 elapsedSec=140.6 lastPort=0xCFC write=0 val=0x0]
[heartbeat: exitCount=5220000 elapsedSec=140.7 lastPort=0xCFC write=0 val=0x0]
[heartbeat: exitCount=5225000 elapsedSec=140.7 lastPort=0xCFC write=0 val=0x0]
[kerneldiag] candidate address 0xFFFFF802099A57DD resolves to module base 0xFFFFF80209600000 (+0x3A57DD into it)
[kerneldiag] debug directory: type=2 codeViewRva=0x40970
[kerneldiag] module PDB name: ntkrnlmp.pdb guid=D9424FC4-861E-47C1-0FAD1B35DEC6DCC8 age=1
[wp] DISCOVERY at exitCount=5228578 (pass 2)
[wp] armed breakpoints at module base 0xFFFFF80209600000 (DR2 LFH-check armed=1): DR0=+0x3DC890 (U34 ExInitializePoolHeapManagement entry, VA=0xFFFFF802099DC890), DR1=+0x3FD6F0 (KeBugCheckEx, VA=0xFFFFF802099FD6F0), DR2=+0x343B49 (RtlpHpLfhOwnerMoveSubsegment entry, VA=0xFFFFF80209943B49), DR3=+0x9A188F (HalpIommuInitSystem ret, VA=0xFFFFF80209FA188F)
[u32] ExPoolState pool-descriptor fields (pass 2):
[u32]   pool[0] desc@RVA0xC57EC0: +0x08=0x0 +0x10=0x0  <== +0x10 NULL
[u32]   pool[1] desc@RVA0xC59F80: +0x08=0x0 +0x10=0x0  <== +0x10 NULL
[u32]   pool[2] desc@RVA0xC5C040: +0x08=0x0 +0x10=0x0  <== +0x10 NULL
[u32]   pool[3] desc@RVA0xC5E100: +0x08=0x0 +0x10=0x0  <== +0x10 NULL
[u32]   pool[4] desc@RVA0xC601C0: +0x08=0x0 +0x10=0x0  <== +0x10 NULL
[u32]   pool[5] desc@RVA0xC62280: +0x08=0x0 +0x10=0x0  <== +0x10 NULL
[u32]   pool[6] desc@RVA0xC64340: +0x08=0x0 +0x10=0x0  <== +0x10 NULL
[u32]   pool[7] desc@RVA0xC66400: +0x08=0x0 +0x10=0x0  <== +0x10 NULL
[u33] EDGE pass=2 exitCount=5228578 (reset+150357) pool[0]: +0x08 0xFFFFB28409A02000->0x0 +0x10 0xFFFF8F8AD7000000->0x0 +0x08 CLEARED(set->null) +0x10 CLEARED(set->null)
[heartbeat: exitCount=5230000 elapsedSec=140.8 lastPort=0xB008 write=0 val=0xFF]
[heartbeat: exitCount=5235000 elapsedSec=140.9 lastPort=0xB008 write=0 val=0xFF]
[cmos-ab] write reg=0x0A value=0x25 (RegA=0x25 RegB=0x02, PIE=0)
[ioapic-rte] controller id=1 entry=8 reg=0x20 value=0x000008D1 -> full RTE now 0x01000000000008D1 (vector=0xD1 masked=0)
[cmos-ab] write reg=0x0B value=0x02 (RegA=0x25 RegB=0x02, PIE=0)
[ioapic-rte] controller id=1 entry=8 reg=0x21 value=0x01000000 -> full RTE now 0x01000000000008D1 (vector=0xD1 masked=0)
[ioapic-rte] controller id=1 entry=8 reg=0x20 value=0x000008D1 -> full RTE now 0x01000000000008D1 (vector=0xD1 masked=0)
[cmos-ab] write reg=0x0B value=0x42 (RegA=0x25 RegB=0x42, PIE=1)
[heartbeat: exitCount=5240000 elapsedSec=140.9 lastPort=0xB008 write=0 val=0xC]
[u33] EDGE pass=2 exitCount=5242578 (reset+164357) pool[0]: +0x08 0x0->0xFFFFE0086BE02000 +0x10 0x0->0xFFFFB30D20E00000 +0x08 INIT(null->set) +0x10 INIT(null->set)
[heartbeat: exitCount=5245000 elapsedSec=141.1 lastPort=0xCF8 write=1 val=0xC]
[heartbeat: exitCount=5250000 elapsedSec=141.2 lastPort=0xCF8 write=1 val=0xC]
[u40] === RIP histogram pass 2 (periodic): 441600 samples, base=0xFFFFF80209600000 ===
[u40]    79484  page 0xFFFFF8015DD65000
[u40]    71990  page 0xFFFFF8027C965000
[u40]    68412  page 0xFFFFF80137965000
[u40]    66656  page 0xFFFFF8030D165000
[u40]    59413  page 0xFFFFF8033DB65000
[u40]    53833  page 0xBEA03000
[u40]     9894  page 0x1DD9000
[u40]     6735  page 0xBF14E000
[u40]     3338  page 0xBFC50000
[u40]     2368  page 0xBFD68000
[u40]     1642  page 0xFFFFF801379BD000
[u40]     1642  page 0xFFFFF8030D1BD000
[u40]     1638  page 0xFFFFF8027C9BD000
[u40]     1638  page 0xFFFFF8033DBBD000
[u40]     1637  page 0xFFFFF8015DDBD000
[u40]     1351  page 0xFFFFF80209965000  = base+0x365000
[u40]     1246  page 0xBE422000
[u40]      875  page 0xBF16B000
[u40]   most recent 256 samples (newest last):
[u40]     FFFFF802099BC3C4@5247441 FFFFF802099BD386@5247451 FFFFF802099BD395@5247461 FFFFF802099BC3C4@5247471 FFFFF802099BD386@5247481 FFFFF802099BD395@5247491 FFFFF802099BC3C4@5247501 FFFFF802099BD386@5247511 FFFFF802099BD395@5247521 FFFFF802099BC3C4@5247531 FFFFF802099BD386@5247541 FFFFF802099BD395@5247551 FFFFF802099BC3C4@5247561 FFFFF802099BD386@5247571 FFFFF802099BD395@5247581 FFFFF802099BC3C4@5247591 FFFFF802099BD386@5247601 FFFFF802099BD395@5247611 FFFFF802099BC3C4@5247621 FFFFF802099BD386@5247631 FFFFF802099BD395@5247641 FFFFF802099BC3C4@5247651 FFFFF802099BD386@5247661 FFFFF802099BD395@5247671 FFFFF802099BC3C4@5247681 FFFFF802099BD386@5247691 FFFFF802099BD395@5247701 FFFFF802099BC3C4@5247711 FFFFF802099BD386@5247721 FFFFF802099BD395@5247731 FFFFF802099BC3C4@5247741 FFFFF802099BD386@5247751 FFFFF802099BD395@5247761 FFFFF802099BC3C4@5247771 FFFFF802099BD386@5247781 FFFFF802099BD395@5247791 FFFFF802099BC3C4@5247801 FFFFF802099BD386@5247811 FFFFF802099BD395@5247821 FFFFF802099BC3C4@5247831 FFFFF802099BD386@5247841 FFFFF802099BD395@5247851 FFFFF802099BC3C4@5247861 FFFFF802099BD386@5247871 FFFFF802099BD395@5247881 FFFFF802099BC3C4@5247891 FFFFF802099BD386@5247901 FFFFF802099BD395@5247911 FFFFF802099BC3C4@5247921 FFFFF802099BD386@5247931 FFFFF802099BD395@5247941 FFFFF802099BC3C4@5247951 FFFFF802099BD386@5247961 FFFFF802099BD395@5247971 FFFFF802099BC3C4@5247981 FFFFF802099BD386@5247991 FFFFF802099BD395@5248001 FFFFF802099BC3C4@5248011 FFFFF802099BD386@5248021 FFFFF802099BD395@5248031 FFFFF802099BC3C4@5248041 FFFFF802099BD386@5248051 FFFFF802099BD395@5248061 FFFFF802099BC3C4@5248071 FFFFF802099BD386@5248081 FFFFF802099BD395@5248091 FFFFF802099BC3C4@5248101 FFFFF802099BD386@5248111 FFFFF802099BD395@5248121 FFFFF802099BC3C4@5248131 FFFFF802099BD386@5248141 FFFFF802099BD395@5248151 FFFFF802099BC3C4@5248161 FFFFF802099BD386@5248171 FFFFF802099BD395@5248181 FFFFF802099BC3C4@5248191 FFFFF802099BD386@5248201 FFFFF802099BD395@5248211 FFFFF802099BC3C4@5248221 FFFFF802099BC3C5@5248231 FFFFF802099BC3C4@5248241 FFFFF802099BD386@5248251 FFFFF802099BD395@5248261 FFFFF802099BC3C4@5248271 FFFFF802099BD386@5248281 FFFFF802099BD395@5248291 FFFFF802099BC3C4@5248301 FFFFF802099BD386@5248311 FFFFF802099BD395@5248321 FFFFF802099BC3C4@5248331 FFFFF802099BD386@5248341 FFFFF802099BD395@5248351 FFFFF802099BC3C4@5248361 FFFFF802099BD386@5248371 FFFFF802099BD395@5248381 FFFFF802099BC3C4@5248391 FFFFF802099BD386@5248401 FFFFF802099BD395@5248411 FFFFF802099BC3C4@5248421 FFFFF802099BD386@5248431 FFFFF802099BD395@5248441 FFFFF802099BC3C4@5248451 FFFFF802099BD386@5248461 FFFFF802099BD395@5248471 FFFFF802099BC3C4@5248481 FFFFF802099BD386@5248491 FFFFF802099BD395@5248501 FFFFF802099BC3C4@5248511 FFFFF802099BD386@5248521 FFFFF802099BD395@5248531 FFFFF802099BC3C4@5248541 FFFFF802099BD386@5248551 FFFFF802099BD395@5248561 FFFFF802099BC3C4@5248571 FFFFF802099BD386@5248581 FFFFF802099BD395@5248591 FFFFF802099BC3C4@5248601 FFFFF802099BD386@5248611 FFFFF802099BD395@5248621 FFFFF802099BC3C4@5248631 FFFFF802099BD386@5248641 FFFFF802099BD395@5248651 FFFFF802099BC3C4@5248661 FFFFF802099BD386@5248671 FFFFF802099BD395@5248681 FFFFF802099BC3C4@5248691 FFFFF802099BD386@5248701 FFFFF802099BD395@5248711 FFFFF802099BC3C4@5248721 FFFFF802099BD386@5248731 FFFFF802099BD395@5248741 FFFFF802099BC3C4@5248751 FFFFF802099BD386@5248761 FFFFF802099BD395@5248771 FFFFF802099BC3C4@5248781 FFFFF802099BD386@5248791 FFFFF802099BD395@5248801 FFFFF802099BC3C4@5248811 FFFFF802099BD386@5248821 FFFFF802099BD395@5248831 FFFFF802099BC3C4@5248841 FFFFF802099BD386@5248851 FFFFF802099BD395@5248861 FFFFF802099BC3C4@5248871 FFFFF802099BD386@5248881 FFFFF802099BD395@5248891 FFFFF802099BC3C4@5248901 FFFFF802099BD386@5248911 FFFFF802099BD395@5248921 FFFFF802099BC3C4@5248931 FFFFF802099BD386@5248941 FFFFF802099BD395@5248951 FFFFF802099BC3C4@5248961 FFFFF802099BD386@5248971 FFFFF802099BD395@5248981 FFFFF802099BC3C4@5248991 FFFFF802099BD386@5249001 FFFFF802099BD395@5249011 FFFFF802099BC3C4@5249021 FFFFF802099BD386@5249031 FFFFF802099BD395@5249041 FFFFF802099BC3C4@5249051 FFFFF802099BD386@5249061 FFFFF802099BD395@5249071 FFFFF802099BC3C4@5249081 FFFFF802099BD386@5249091 FFFFF802099BD395@5249101 FFFFF802099BC3C4@5249111 FFFFF802099BD386@5249121 FFFFF802099BD395@5249131 FFFFF802099BC3C4@5249141 FFFFF802099BD386@5249151 FFFFF802099BD395@5249161 FFFFF802099BC3C4@5249171 FFFFF802099BD386@5249181 FFFFF802099BD395@5249191 FFFFF802099BC3C4@5249201 FFFFF802099BD386@5249211 FFFFF802099BD395@5249221 FFFFF802099BC3C4@5249231 FFFFF802099BD386@5249241 FFFFF802099BD395@5249251 FFFFF802099BC3C4@5249261 FFFFF802099BD386@5249271 FFFFF802099BD395@5249281 FFFFF802099BC3C4@5249291 FFFFF802099BD386@5249301 FFFFF802099BD395@5249311 FFFFF802099BC3C4@5249321 FFFFF802099BD386@5249331 FFFFF802099BD395@5249341 FFFFF802099BC3C4@5249351 FFFFF802099BD386@5249361 FFFFF802099BD395@5249371 FFFFF802099BC3C4@5249381 FFFFF802099BD386@5249391 FFFFF802099BD395@5249401 FFFFF802099BC3C4@5249411 FFFFF802099BD386@5249421 FFFFF802099BD395@5249431 FFFFF802099BC3C4@5249441 FFFFF802099BD386@5249451 FFFFF802099BD395@5249461 FFFFF802099BC3C4@5249471 FFFFF802099BD386@5249481 FFFFF802099BD395@5249491 FFFFF802099BC3C4@5249501 FFFFF802099BD386@5249511 FFFFF802099BD395@5249521 FFFFF802099BC3C4@5249531 FFFFF802099BD386@5249541 FFFFF802099BD395@5249551 FFFFF802099BC3C4@5249561 FFFFF802099BD386@5249571 FFFFF802099BD395@5249581 FFFFF802099BC3C4@5249591 FFFFF802099BD386@5249601 FFFFF802099BD395@5249611 FFFFF802099BC3C4@5249621 FFFFF802099BD386@5249631 FFFFF802099652E7@5249641 FFFFF802099BD386@5249651 FFFFF802099BD395@5249661 FFFFF802099BC3C4@5249671 FFFFF802099BD386@5249681 FFFFF802099BD395@5249691 FFFFF802099BC3C4@5249701 FFFFF802099BD386@5249711 FFFFF802099BD395@5249721 FFFFF802099BC3C4@5249731 FFFFF802099BD386@5249741 FFFFF802099BD395@5249751 FFFFF802099BC3C4@5249761 FFFFF802099BD386@5249771 FFFFF802099BD395@5249781 FFFFF802099BC3C4@5249791 FFFFF802099BD386@5249801 FFFFF802099BD395@5249811 FFFFF802099BC3C4@5249821 FFFFF802099BD386@5249831 FFFFF802099BD395@5249841 FFFFF802099BC3C4@5249851 FFFFF802099BD386@5249861 FFFFF802099BD395@5249871 FFFFF802099BC3C4@5249881 FFFFF802099BD386@5249891 FFFFF802099BD395@5249901 FFFFF802099BC3C4@5249911 FFFFF802099BD386@5249921 FFFFF802099BD395@5249931 FFFFF802099BC3C4@5249941 FFFFF802099BD386@5249951 FFFFF802099BD395@5249961 FFFFF802099BC3C4@5249971 FFFFF802099BD386@5249981 FFFFF802099BD395@5249991
[heartbeat: exitCount=5255000 elapsedSec=141.3 lastPort=0xCF8 write=1 val=0xC]
[heartbeat: exitCount=5260000 elapsedSec=141.3 lastPort=0xCF8 write=1 val=0xC]
[heartbeat: exitCount=5265000 elapsedSec=141.4 lastPort=0xCF8 write=1 val=0xC]
[cmos-ab] write reg=0x0B value=0x02 (RegA=0x25 RegB=0x02, PIE=0)
[ioapic-rte] controller id=1 entry=8 reg=0x21 value=0x01000000 -> full RTE now 0x01000000000008D1 (vector=0xD1 masked=0)
[ioapic-rte] controller id=1 entry=8 reg=0x20 value=0x000008D1 -> full RTE now 0x01000000000008D1 (vector=0xD1 masked=0)
[cmos-ab] write reg=0x0B value=0x42 (RegA=0x25 RegB=0x42, PIE=1)
[heartbeat: exitCount=5270000 elapsedSec=141.5 lastPort=0xB008 write=0 val=0x9]
[heartbeat: exitCount=5275000 elapsedSec=141.5 lastPort=0xB008 write=0 val=0x9]

[BUGCHECK] hit #1: KeBugCheckEx code=0xA5 p1=0x11 p2=0x3 p3=0x0 exitCount=5278795
[BUGCHECK]   p4=0x0  caller(return)=0xFFFFF8020BDC0454[kerneldiag] candidate address 0xFFFFF8020BDC0454 resolves to module base 0xFFFFF8020BD00000 (+0xC0454 into it)
[kerneldiag] debug directory: type=2 codeViewRva=0x73F3C
[kerneldiag] module PDB name: acpi.pdb guid=662B8231-E47D-1FF9-F7E8C8FD1B44A572 age=1
  (base 0xFFFFF8020BD00000 RVA 0xC0454)
[BUGCHECK]   stack (canonical kernel qwords):
[BUGCHECK]     [rsp+0x00]=0xFFFFF8020BDC0454[kerneldiag] candidate address 0xFFFFF8020BDC0454 resolves to module base 0xFFFFF8020BD00000 (+0xC0454 into it)
[kerneldiag] debug directory: type=2 codeViewRva=0x73F3C
[kerneldiag] module PDB name: acpi.pdb guid=662B8231-E47D-1FF9-F7E8C8FD1B44A572 age=1
  (RVA 0xC0454)
[BUGCHECK]     [rsp+0x10]=0xFFFFF8020BD701CA[kerneldiag] candidate address 0xFFFFF8020BD701CA resolves to module base 0xFFFFF8020BD00000 (+0x701CA into it)
[kerneldiag] debug directory: type=2 codeViewRva=0x73F3C
[kerneldiag] module PDB name: acpi.pdb guid=662B8231-E47D-1FF9-F7E8C8FD1B44A572 age=1
  (RVA 0x701CA)
[BUGCHECK]     [rsp+0x18]=0xFFFFE0086C4A2A60[kerneldiag] no PE header found scanning VA back from 0xFFFFE0086C4A2A60

[BUGCHECK]     [rsp+0x20]=0xFFFFE0086C47ED20[kerneldiag] no PE header found scanning VA back from 0xFFFFE0086C47ED20

[BUGCHECK]     [rsp+0x30]=0xFFFFF802C0140019[kerneldiag] no PE header found scanning VA back from 0xFFFFF802C0140019

[heartbeat: exitCount=5280000 elapsedSec=141.9 lastPort=0xB008 write=0 val=0xC]
[heartbeat: exitCount=5285000 elapsedSec=142.0 lastPort=0xB008 write=0 val=0xC]
[heartbeat: exitCount=5290000 elapsedSec=142.1 lastPort=0xB008 write=0 val=0xC]
[heartbeat: exitCount=5295000 elapsedSec=142.2 lastPort=0xB008 write=0 val=0xC]
[heartbeat: exitCount=5300000 elapsedSec=142.3 lastPort=0xB008 write=0 val=0xC]
[heartbeat: exitCount=5305000 elapsedSec=142.4 lastPort=0xB008 write=0 val=0xC]
[heartbeat: exitCount=5310000 elapsedSec=142.5 lastPort=0xB008 write=0 val=0xC]
[heartbeat: exitCount=5315000 elapsedSec=142.6 lastPort=0xB008 write=0 val=0xC]
[heartbeat: exitCount=5320000 elapsedSec=142.7 lastPort=0xB008 write=0 val=0xC]
[heartbeat: exitCount=5325000 elapsedSec=142.8 lastPort=0xB008 write=0 val=0xC]
[heartbeat: exitCount=5330000 elapsedSec=142.9 lastPort=0xB008 write=0 val=0xC]
[heartbeat: exitCount=5335000 elapsedSec=143.1 lastPort=0xB008 write=0 val=0xC]
[heartbeat: exitCount=5340000 elapsedSec=143.2 lastPort=0xB008 write=0 val=0xC]
[heartbeat: exitCount=5345000 elapsedSec=143.3 lastPort=0xB008 write=0 val=0xC]
[heartbeat: exitCount=5350000 elapsedSec=143.4 lastPort=0xB008 write=0 val=0xC]
[heartbeat: exitCount=5355000 elapsedSec=143.4 lastPort=0xB008 write=0 val=0xC]
[heartbeat: exitCount=5360000 elapsedSec=143.5 lastPort=0xB008 write=0 val=0xC]
[heartbeat: exitCount=5365000 elapsedSec=143.6 lastPort=0xB008 write=0 val=0xC]
[heartbeat: exitCount=5370000 elapsedSec=143.6 lastPort=0xB008 write=0 val=0xC]
[heartbeat: exitCount=5375000 elapsedSec=143.7 lastPort=0xB008 write=0 val=0xC]
[heartbeat: exitCount=5380000 elapsedSec=143.8 lastPort=0xB008 write=0 val=0xC]
[heartbeat: exitCount=5385000 elapsedSec=143.9 lastPort=0xB008 write=0 val=0xC]
[heartbeat: exitCount=5390000 elapsedSec=143.9 lastPort=0xB008 write=0 val=0xC]
[heartbeat: exitCount=5395000 elapsedSec=144.0 lastPort=0xB008 write=0 val=0xC]
[heartbeat: exitCount=5400000 elapsedSec=144.1 lastPort=0xB008 write=0 val=0xC]
[heartbeat: exitCount=5405000 elapsedSec=144.1 lastPort=0xB008 write=0 val=0xC]
[heartbeat: exitCount=5410000 elapsedSec=144.2 lastPort=0xB008 write=0 val=0xC]
[heartbeat: exitCount=5415000 elapsedSec=144.3 lastPort=0xB008 write=0 val=0xC]
[heartbeat: exitCount=5420000 elapsedSec=144.3 lastPort=0xB008 write=0 val=0xC]
[heartbeat: exitCount=5425000 elapsedSec=144.4 lastPort=0xB008 write=0 val=0xC]
[heartbeat: exitCount=5430000 elapsedSec=144.5 lastPort=0xB008 write=0 val=0xC]
[heartbeat: exitCount=5435000 elapsedSec=144.5 lastPort=0xB008 write=0 val=0xC]
[heartbeat: exitCount=5440000 elapsedSec=144.7 lastPort=0xB008 write=0 val=0xC]
[heartbeat: exitCount=5445000 elapsedSec=144.7 lastPort=0xB008 write=0 val=0xC]
[heartbeat: exitCount=5450000 elapsedSec=144.8 lastPort=0xB008 write=0 val=0xC]
[heartbeat: exitCount=5455000 elapsedSec=144.9 lastPort=0xB008 write=0 val=0xC]
[heartbeat: exitCount=5460000 elapsedSec=144.9 lastPort=0xB008 write=0 val=0xC]
[heartbeat: exitCount=5465000 elapsedSec=145.0 lastPort=0xB008 write=0 val=0xC]
[heartbeat: exitCount=5470000 elapsedSec=145.1 lastPort=0xB008 write=0 val=0xC]
[heartbeat: exitCount=5475000 elapsedSec=145.1 lastPort=0xB008 write=0 val=0xC]
[heartbeat: exitCount=5480000 elapsedSec=145.2 lastPort=0xB008 write=0 val=0xC]
[heartbeat: exitCount=5485000 elapsedSec=145.3 lastPort=0xB008 write=0 val=0xC]
[heartbeat: exitCount=5490000 elapsedSec=145.3 lastPort=0xB008 write=0 val=0xC]
[heartbeat: exitCount=5495000 elapsedSec=145.4 lastPort=0xB008 write=0 val=0xC]
[heartbeat: exitCount=5500000 elapsedSec=145.5 lastPort=0xB008 write=0 val=0xC]
[u40] === RIP histogram pass 2 (periodic): 466600 samples, base=0xFFFFF80209600000 ===
[u40]    79484  page 0xFFFFF8015DD65000
[u40]    71990  page 0xFFFFF8027C965000
[u40]    68412  page 0xFFFFF80137965000
[u40]    66656  page 0xFFFFF8030D165000
[u40]    59413  page 0xFFFFF8033DB65000
[u40]    53833  page 0xBEA03000
[u40]    24490  page 0xFFFFF80209965000  = base+0x365000
[u40]     9894  page 0x1DD9000
[u40]     6735  page 0xBF14E000
[u40]     3338  page 0xBFC50000
[u40]     2368  page 0xBFD68000
[u40]     1642  page 0xFFFFF801379BD000
[u40]     1642  page 0xFFFFF8030D1BD000
[u40]     1641  page 0xFFFFF802099BD000  = base+0x3BD000
[u40]     1638  page 0xFFFFF8027C9BD000
[u40]     1638  page 0xFFFFF8033DBBD000
[u40]     1637  page 0xFFFFF8015DDBD000
[u40]     1246  page 0xBE422000
[u40]   most recent 256 samples (newest last):
[u40]     FFFFF80209965444@5497441 FFFFF80209965444@5497451 FFFFF80209965444@5497461 FFFFF80209965444@5497471 FFFFF80209965444@5497481 FFFFF80209965444@5497491 FFFFF80209965444@5497501 FFFFF80209965444@5497511 FFFFF80209965444@5497521 FFFFF80209965444@5497531 FFFFF80209965444@5497541 FFFFF80209965444@5497551 FFFFF80209965444@5497561 FFFFF80209965444@5497571 FFFFF80209965444@5497581 FFFFF80209965444@5497591 FFFFF80209965444@5497601 FFFFF80209965444@5497611 FFFFF80209965444@5497621 FFFFF80209965444@5497631 FFFFF80209965444@5497641 FFFFF80209965444@5497651 FFFFF80209965444@5497661 FFFFF80209965444@5497671 FFFFF80209965444@5497681 FFFFF80209965444@5497691 FFFFF80209965444@5497701 FFFFF80209965444@5497711 FFFFF80209965444@5497721 FFFFF80209965444@5497731 FFFFF80209965444@5497741 FFFFF80209965444@5497751 FFFFF80209965444@5497761 FFFFF80209965444@5497771 FFFFF80209965444@5497781 FFFFF80209965444@5497791 FFFFF80209965444@5497801 FFFFF80209965444@5497811 FFFFF80209965444@5497821 FFFFF80209965444@5497831 FFFFF80209965444@5497841 FFFFF80209965444@5497851 FFFFF80209965444@5497861 FFFFF80209965444@5497871 FFFFF80209965444@5497881 FFFFF80209965444@5497891 FFFFF80209965444@5497901 FFFFF80209965444@5497911 FFFFF80209965444@5497921 FFFFF80209965444@5497931 FFFFF80209965444@5497941 FFFFF80209965444@5497951 FFFFF80209965444@5497961 FFFFF80209965444@5497971 FFFFF80209965444@5497981 FFFFF80209965444@5497991 FFFFF80209965444@5498001 FFFFF80209965444@5498011 FFFFF80209965444@5498021 FFFFF80209965444@5498031 FFFFF80209965444@5498041 FFFFF80209965444@5498051 FFFFF80209965444@5498061 FFFFF80209965444@5498071 FFFFF80209965444@5498081 FFFFF80209965444@5498091 FFFFF80209965444@5498101 FFFFF80209965444@5498111 FFFFF80209965444@5498121 FFFFF80209965444@5498131 FFFFF80209965444@5498141 FFFFF80209965444@5498151 FFFFF80209965444@5498161 FFFFF80209965444@5498171 FFFFF80209965444@5498181 FFFFF80209965444@5498191 FFFFF80209965444@5498201 FFFFF80209965444@5498211 FFFFF80209965444@5498221 FFFFF80209965444@5498231 FFFFF80209965444@5498241 FFFFF80209965444@5498251 FFFFF80209965444@5498261 FFFFF80209965444@5498271 FFFFF80209965444@5498281 FFFFF80209965444@5498291 FFFFF80209965444@5498301 FFFFF80209965444@5498311 FFFFF80209965444@5498321 FFFFF80209965444@5498331 FFFFF80209965444@5498341 FFFFF80209965444@5498351 FFFFF80209965444@5498361 FFFFF80209965444@5498371 FFFFF80209965444@5498381 FFFFF80209965444@5498391 FFFFF80209965444@5498401 FFFFF80209965444@5498411 FFFFF80209965444@5498421 FFFFF80209965444@5498431 FFFFF80209965444@5498441 FFFFF80209965444@5498451 FFFFF80209965444@5498461 FFFFF80209965444@5498471 FFFFF80209965444@5498481 FFFFF80209965444@5498491 FFFFF80209965444@5498501 FFFFF80209965444@5498511 FFFFF80209965444@5498521 FFFFF80209965444@5498531 FFFFF80209965444@5498541 FFFFF80209965444@5498551 FFFFF80209965444@5498561 FFFFF80209965444@5498571 FFFFF80209965444@5498581 FFFFF80209965444@5498591 FFFFF80209965444@5498601 FFFFF80209965444@5498611 FFFFF80209965444@5498621 FFFFF80209965444@5498631 FFFFF80209965444@5498641 FFFFF80209965444@5498651 FFFFF80209965444@5498661 FFFFF80209965444@5498671 FFFFF80209965444@5498681 FFFFF80209965444@5498691 FFFFF80209965444@5498701 FFFFF80209965444@5498711 FFFFF80209965444@5498721 FFFFF80209965444@5498731 FFFFF80209965444@5498741 FFFFF80209965444@5498751 FFFFF80209965444@5498761 FFFFF80209965444@5498771 FFFFF80209965444@5498781 FFFFF80209965444@5498791 FFFFF80209965444@5498801 FFFFF80209965444@5498811 FFFFF80209965444@5498821 FFFFF80209965444@5498831 FFFFF80209965444@5498841 FFFFF80209965444@5498851 FFFFF80209965444@5498861 FFFFF80209965444@5498871 FFFFF80209965444@5498881 FFFFF80209965444@5498891 FFFFF80209965444@5498901 FFFFF80209965444@5498911 FFFFF80209965444@5498921 FFFFF80209965444@5498931 FFFFF80209965444@5498941 FFFFF80209965444@5498951 FFFFF80209965444@5498961 FFFFF80209965444@5498971 FFFFF80209965444@5498981 FFFFF80209965444@5498991 FFFFF80209965444@5499001 FFFFF80209965444@5499011 FFFFF80209965444@5499021 FFFFF80209965444@5499031 FFFFF80209965444@5499041 FFFFF80209965444@5499051 FFFFF80209965444@5499061 FFFFF80209965444@5499071 FFFFF80209965444@5499081 FFFFF80209965444@5499091 FFFFF80209965444@5499101 FFFFF80209965444@5499111 FFFFF80209965444@5499121 FFFFF80209965444@5499131 FFFFF80209965444@5499141 FFFFF80209965444@5499151 FFFFF80209965444@5499161 FFFFF80209965444@5499171 FFFFF80209965444@5499181 FFFFF80209965444@5499191 FFFFF80209965444@5499201 FFFFF80209965444@5499211 FFFFF80209965444@5499221 FFFFF80209965444@5499231 FFFFF80209965444@5499241 FFFFF80209965444@5499251 FFFFF80209965444@5499261 FFFFF80209965444@5499271 FFFFF80209965444@5499281 FFFFF80209965444@5499291 FFFFF80209965444@5499301 FFFFF80209965444@5499311 FFFFF80209965444@5499321 FFFFF80209965444@5499331 FFFFF80209965444@5499341 FFFFF80209965444@5499351 FFFFF80209965444@5499361 FFFFF80209965444@5499371 FFFFF80209965444@5499381 FFFFF80209965444@5499391 FFFFF80209965444@5499401 FFFFF80209965444@5499411 FFFFF80209965444@5499421 FFFFF80209965444@5499431 FFFFF80209965444@5499441 FFFFF80209965444@5499451 FFFFF80209965444@5499461 FFFFF80209965444@5499471 FFFFF80209965444@5499481 FFFFF80209965444@5499491 FFFFF80209965444@5499501 FFFFF80209965444@5499511 FFFFF80209965444@5499521 FFFFF80209965444@5499531 FFFFF80209965444@5499541 FFFFF80209965444@5499551 FFFFF80209965444@5499561 FFFFF80209965444@5499571 FFFFF80209965444@5499581 FFFFF80209965444@5499591 FFFFF80209965444@5499601 FFFFF80209965444@5499611 FFFFF80209965444@5499621 FFFFF80209965444@5499631 FFFFF80209965444@5499641 FFFFF80209965444@5499651 FFFFF80209965444@5499661 FFFFF80209965444@5499671 FFFFF80209965444@5499681 FFFFF80209965444@5499691 FFFFF80209965444@5499701 FFFFF80209965444@5499711 FFFFF80209965444@5499721 FFFFF80209965444@5499731 FFFFF80209965444@5499741 FFFFF80209965444@5499751 FFFFF80209965444@5499761 FFFFF80209965444@5499771 FFFFF80209965444@5499781 FFFFF80209965444@5499791 FFFFF80209965444@5499801 FFFFF80209965444@5499811 FFFFF80209965444@5499821 FFFFF80209965444@5499831 FFFFF80209965444@5499841 FFFFF80209965444@5499851 FFFFF80209965444@5499861 FFFFF80209965444@5499871 FFFFF80209965444@5499881 FFFFF80209965444@5499891 FFFFF80209965444@5499901 FFFFF80209965444@5499911 FFFFF80209965444@5499921 FFFFF80209965444@5499931 FFFFF80209965444@5499941 FFFFF80209965444@5499951 FFFFF80209965444@5499961 FFFFF80209965444@5499971 FFFFF80209965444@5499981 FFFFF80209965444@5499991
[heartbeat: exitCount=5505000 elapsedSec=145.5 lastPort=0xB008 write=0 val=0xC]
[heartbeat: exitCount=5510000 elapsedSec=145.6 lastPort=0xB008 write=0 val=0xC]
[heartbeat: exitCount=5515000 elapsedSec=145.7 lastPort=0xB008 write=0 val=0xC]
[heartbeat: exitCount=5520000 elapsedSec=145.7 lastPort=0xB008 write=0 val=0xC]
[heartbeat: exitCount=5525000 elapsedSec=145.8 lastPort=0xB008 write=0 val=0xC]
[heartbeat: exitCount=5530000 elapsedSec=145.9 lastPort=0xB008 write=0 val=0xC]
[heartbeat: exitCount=5535000 elapsedSec=145.9 lastPort=0xB008 write=0 val=0xC]
[heartbeat: exitCount=5540000 elapsedSec=146.0 lastPort=0xB008 write=0 val=0xC]
[heartbeat: exitCount=5545000 elapsedSec=146.1 lastPort=0xB008 write=0 val=0xC]
[heartbeat: exitCount=5550000 elapsedSec=146.2 lastPort=0xB008 write=0 val=0xC]
[heartbeat: exitCount=5555000 elapsedSec=146.2 lastPort=0xB008 write=0 val=0xC]
[heartbeat: exitCount=5560000 elapsedSec=146.3 lastPort=0xB008 write=0 val=0xC]
[heartbeat: exitCount=5565000 elapsedSec=146.4 lastPort=0xB008 write=0 val=0xC]
[heartbeat: exitCount=5570000 elapsedSec=146.4 lastPort=0xB008 write=0 val=0xC]
[heartbeat: exitCount=5575000 elapsedSec=146.5 lastPort=0xB008 write=0 val=0xC]
[heartbeat: exitCount=5580000 elapsedSec=146.6 lastPort=0xB008 write=0 val=0xC]
[heartbeat: exitCount=5585000 elapsedSec=146.6 lastPort=0xB008 write=0 val=0xC]
[heartbeat: exitCount=5590000 elapsedSec=146.7 lastPort=0xB008 write=0 val=0xC]
[heartbeat: exitCount=5595000 elapsedSec=146.8 lastPort=0xB008 write=0 val=0xC]
[heartbeat: exitCount=5600000 elapsedSec=146.9 lastPort=0xB008 write=0 val=0xC]
[heartbeat: exitCount=5605000 elapsedSec=146.9 lastPort=0xB008 write=0 val=0xC]
[heartbeat: exitCount=5610000 elapsedSec=147.0 lastPort=0xB008 write=0 val=0xC]
[heartbeat: exitCount=5615000 elapsedSec=147.1 lastPort=0xB008 write=0 val=0xC]
[heartbeat: exitCount=5620000 elapsedSec=147.1 lastPort=0xB008 write=0 val=0xC]
[rtc-diag] tick #4500 SKIPPED (interrupts disabled), skippedTotal=4077 firedTotal=423
[heartbeat: exitCount=5625000 elapsedSec=147.2 lastPort=0xB008 write=0 val=0xC]
[heartbeat: exitCount=5630000 elapsedSec=147.3 lastPort=0xB008 write=0 val=0xC]
[heartbeat: exitCount=5635000 elapsedSec=147.3 lastPort=0xB008 write=0 val=0xC]
[heartbeat: exitCount=5640000 elapsedSec=147.4 lastPort=0xB008 write=0 val=0xC]
[heartbeat: exitCount=5645000 elapsedSec=147.5 lastPort=0xB008 write=0 val=0xC]
[heartbeat: exitCount=5650000 elapsedSec=147.6 lastPort=0xB008 write=0 val=0xC]
[heartbeat: exitCount=5655000 elapsedSec=147.6 lastPort=0xB008 write=0 val=0xC]
[heartbeat: exitCount=5660000 elapsedSec=147.7 lastPort=0xB008 write=0 val=0xC]
[heartbeat: exitCount=5665000 elapsedSec=147.8 lastPort=0xB008 write=0 val=0xC]
[heartbeat: exitCount=5670000 elapsedSec=147.8 lastPort=0xB008 write=0 val=0xC]
[heartbeat: exitCount=5675000 elapsedSec=147.9 lastPort=0xB008 write=0 val=0xC]
[heartbeat: exitCount=5680000 elapsedSec=148.0 lastPort=0xB008 write=0 val=0xC]
[heartbeat: exitCount=5685000 elapsedSec=148.0 lastPort=0xB008 write=0 val=0xC]
[heartbeat: exitCount=5690000 elapsedSec=148.1 lastPort=0xB008 write=0 val=0xC]
[heartbeat: exitCount=5695000 elapsedSec=148.2 lastPort=0xB008 write=0 val=0xC]
[heartbeat: exitCount=5700000 elapsedSec=148.3 lastPort=0xB008 write=0 val=0xC]
[heartbeat: exitCount=5705000 elapsedSec=148.3 lastPort=0xB008 write=0 val=0xC]
[heartbeat: exitCount=5710000 elapsedSec=148.4 lastPort=0xB008 write=0 val=0xC]
[heartbeat: exitCount=5715000 elapsedSec=148.5 lastPort=0xB008 write=0 val=0xC]
[heartbeat: exitCount=5720000 elapsedSec=148.5 lastPort=0xB008 write=0 val=0xC]
[heartbeat: exitCount=5725000 elapsedSec=148.6 lastPort=0xB008 write=0 val=0xC]
[heartbeat: exitCount=5730000 elapsedSec=148.7 lastPort=0xB008 write=0 val=0xC]
[heartbeat: exitCount=5735000 elapsedSec=148.8 lastPort=0xB008 write=0 val=0xC]
[heartbeat: exitCount=5740000 elapsedSec=148.8 lastPort=0xB008 write=0 val=0xC]
[heartbeat: exitCount=5745000 elapsedSec=148.9 lastPort=0xB008 write=0 val=0xC]
[heartbeat: exitCount=5750000 elapsedSec=149.0 lastPort=0xB008 write=0 val=0xC]
[u40] === RIP histogram pass 2 (periodic): 491600 samples, base=0xFFFFF80209600000 ===
[u40]    79484  page 0xFFFFF8015DD65000
[u40]    71990  page 0xFFFFF8027C965000
[u40]    68412  page 0xFFFFF80137965000
[u40]    66656  page 0xFFFFF8030D165000
[u40]    59413  page 0xFFFFF8033DB65000
[u40]    53833  page 0xBEA03000
[u40]    49490  page 0xFFFFF80209965000  = base+0x365000
[u40]     9894  page 0x1DD9000
[u40]     6735  page 0xBF14E000
[u40]     3338  page 0xBFC50000
[u40]     2368  page 0xBFD68000
[u40]     1642  page 0xFFFFF801379BD000
[u40]     1642  page 0xFFFFF8030D1BD000
[u40]     1641  page 0xFFFFF802099BD000  = base+0x3BD000
[u40]     1638  page 0xFFFFF8027C9BD000
[u40]     1638  page 0xFFFFF8033DBBD000
[u40]     1637  page 0xFFFFF8015DDBD000
[u40]     1246  page 0xBE422000
[u40]   most recent 256 samples (newest last):
[u40]     FFFFF80209965444@5747441 FFFFF80209965444@5747451 FFFFF80209965444@5747461 FFFFF80209965444@5747471 FFFFF80209965444@5747481 FFFFF80209965444@5747491 FFFFF80209965444@5747501 FFFFF80209965444@5747511 FFFFF80209965444@5747521 FFFFF80209965444@5747531 FFFFF80209965444@5747541 FFFFF80209965444@5747551 FFFFF80209965444@5747561 FFFFF80209965444@5747571 FFFFF80209965444@5747581 FFFFF80209965444@5747591 FFFFF80209965444@5747601 FFFFF80209965444@5747611 FFFFF80209965444@5747621 FFFFF80209965444@5747631 FFFFF80209965444@5747641 FFFFF80209965444@5747651 FFFFF80209965444@5747661 FFFFF80209965444@5747671 FFFFF80209965444@5747681 FFFFF80209965444@5747691 FFFFF80209965444@5747701 FFFFF80209965444@5747711 FFFFF80209965444@5747721 FFFFF80209965444@5747731 FFFFF80209965444@5747741 FFFFF80209965444@5747751 FFFFF80209965444@5747761 FFFFF80209965444@5747771 FFFFF80209965444@5747781 FFFFF80209965444@5747791 FFFFF80209965444@5747801 FFFFF80209965444@5747811 FFFFF80209965444@5747821 FFFFF80209965444@5747831 FFFFF80209965444@5747841 FFFFF80209965444@5747851 FFFFF80209965444@5747861 FFFFF80209965444@5747871 FFFFF80209965444@5747881 FFFFF80209965444@5747891 FFFFF80209965444@5747901 FFFFF80209965444@5747911 FFFFF80209965444@5747921 FFFFF80209965444@5747931 FFFFF80209965444@5747941 FFFFF80209965444@5747951 FFFFF80209965444@5747961 FFFFF80209965444@5747971 FFFFF80209965444@5747981 FFFFF80209965444@5747991 FFFFF80209965444@5748001 FFFFF80209965444@5748011 FFFFF80209965444@5748021 FFFFF80209965444@5748031 FFFFF80209965444@5748041 FFFFF80209965444@5748051 FFFFF80209965444@5748061 FFFFF80209965444@5748071 FFFFF80209965444@5748081 FFFFF80209965444@5748091 FFFFF80209965444@5748101 FFFFF80209965444@5748111 FFFFF80209965444@5748121 FFFFF80209965444@5748131 FFFFF80209965444@5748141 FFFFF80209965444@5748151 FFFFF80209965444@5748161 FFFFF80209965444@5748171 FFFFF80209965444@5748181 FFFFF80209965444@5748191 FFFFF80209965444@5748201 FFFFF80209965444@5748211 FFFFF80209965444@5748221 FFFFF80209965444@5748231 FFFFF80209965444@5748241 FFFFF80209965444@5748251 FFFFF80209965444@5748261 FFFFF80209965444@5748271 FFFFF80209965444@5748281 FFFFF80209965444@5748291 FFFFF80209965444@5748301 FFFFF80209965444@5748311 FFFFF80209965444@5748321 FFFFF80209965444@5748331 FFFFF80209965444@5748341 FFFFF80209965444@5748351 FFFFF80209965444@5748361 FFFFF80209965445@5748371 FFFFF80209965444@5748381 FFFFF80209965444@5748391 FFFFF80209965444@5748401 FFFFF80209965444@5748411 FFFFF80209965444@5748421 FFFFF80209965444@5748431 FFFFF80209965444@5748441 FFFFF80209965444@5748451 FFFFF80209965444@5748461 FFFFF80209965444@5748471 FFFFF80209965444@5748481 FFFFF80209965444@5748491 FFFFF80209965444@5748501 FFFFF80209965444@5748511 FFFFF80209965444@5748521 FFFFF80209965444@5748531 FFFFF80209965444@5748541 FFFFF80209965444@5748551 FFFFF80209965444@5748561 FFFFF80209965444@5748571 FFFFF80209965444@5748581 FFFFF80209965444@5748591 FFFFF80209965444@5748601 FFFFF80209965444@5748611 FFFFF80209965444@5748621 FFFFF80209965444@5748631 FFFFF80209965444@5748641 FFFFF80209965444@5748651 FFFFF80209965444@5748661 FFFFF80209965444@5748671 FFFFF80209965444@5748681 FFFFF80209965444@5748691 FFFFF80209965444@5748701 FFFFF80209965444@5748711 FFFFF80209965444@5748721 FFFFF80209965444@5748731 FFFFF80209965444@5748741 FFFFF80209965444@5748751 FFFFF80209965444@5748761 FFFFF80209965444@5748771 FFFFF80209965444@5748781 FFFFF80209965444@5748791 FFFFF80209965444@5748801 FFFFF80209965444@5748811 FFFFF80209965444@5748821 FFFFF80209965444@5748831 FFFFF80209965444@5748841 FFFFF80209965444@5748851 FFFFF80209965444@5748861 FFFFF80209965444@5748871 FFFFF80209965444@5748881 FFFFF80209965444@5748891 FFFFF80209965444@5748901 FFFFF80209965444@5748911 FFFFF80209965444@5748921 FFFFF80209965444@5748931 FFFFF80209965444@5748941 FFFFF80209965444@5748951 FFFFF80209965444@5748961 FFFFF80209965444@5748971 FFFFF80209965444@5748981 FFFFF80209965444@5748991 FFFFF80209965444@5749001 FFFFF80209965444@5749011 FFFFF80209965444@5749021 FFFFF80209965444@5749031 FFFFF80209965444@5749041 FFFFF80209965444@5749051 FFFFF80209965444@5749061 FFFFF80209965444@5749071 FFFFF80209965444@5749081 FFFFF80209965444@5749091 FFFFF80209965444@5749101 FFFFF80209965444@5749111 FFFFF80209965444@5749121 FFFFF80209965444@5749131 FFFFF80209965444@5749141 FFFFF80209965444@5749151 FFFFF80209965444@5749161 FFFFF80209965444@5749171 FFFFF80209965444@5749181 FFFFF80209965444@5749191 FFFFF80209965444@5749201 FFFFF80209965444@5749211 FFFFF80209965444@5749221 FFFFF80209965444@5749231 FFFFF80209965444@5749241 FFFFF80209965444@5749251 FFFFF80209965444@5749261 FFFFF80209965444@5749271 FFFFF80209965444@5749281 FFFFF80209965444@5749291 FFFFF80209965444@5749301 FFFFF80209965444@5749311 FFFFF80209965444@5749321 FFFFF80209965444@5749331 FFFFF80209965444@5749341 FFFFF80209965444@5749351 FFFFF80209965444@5749361 FFFFF80209965444@5749371 FFFFF80209965444@5749381 FFFFF80209965444@5749391 FFFFF80209965444@5749401 FFFFF80209965444@5749411 FFFFF80209965444@5749421 FFFFF80209965444@5749431 FFFFF80209965444@5749441 FFFFF80209965444@5749451 FFFFF80209965444@5749461 FFFFF80209965444@5749471 FFFFF80209965444@5749481 FFFFF80209965444@5749491 FFFFF80209965444@5749501 FFFFF80209965444@5749511 FFFFF80209965444@5749521 FFFFF80209965444@5749531 FFFFF80209965444@5749541 FFFFF80209965444@5749551 FFFFF80209965444@5749561 FFFFF80209965444@5749571 FFFFF80209965444@5749581 FFFFF80209965444@5749591 FFFFF80209965444@5749601 FFFFF80209965444@5749611 FFFFF80209965444@5749621 FFFFF80209965444@5749631 FFFFF80209965444@5749641 FFFFF80209965444@5749651 FFFFF80209965444@5749661 FFFFF80209965444@5749671 FFFFF80209965444@5749681 FFFFF80209965444@5749691 FFFFF80209965444@5749701 FFFFF80209965444@5749711 FFFFF80209965444@5749721 FFFFF80209965444@5749731 FFFFF80209965444@5749741 FFFFF80209965444@5749751 FFFFF80209965444@5749761 FFFFF80209965444@5749771 FFFFF80209965444@5749781 FFFFF80209965444@5749791 FFFFF80209965444@5749801 FFFFF80209965444@5749811 FFFFF80209965444@5749821 FFFFF80209965444@5749831 FFFFF80209965444@5749841 FFFFF80209965444@5749851 FFFFF80209965444@5749861 FFFFF80209965444@5749871 FFFFF80209965444@5749881 FFFFF80209965444@5749891 FFFFF80209965444@5749901 FFFFF80209965444@5749911 FFFFF80209965444@5749921 FFFFF80209965444@5749931 FFFFF80209965444@5749941 FFFFF80209965444@5749951 FFFFF80209965444@5749961 FFFFF80209965444@5749971 FFFFF80209965444@5749981 FFFFF80209965444@5749991
[heartbeat: exitCount=5755000 elapsedSec=149.0 lastPort=0xB008 write=0 val=0xC]
[heartbeat: exitCount=5760000 elapsedSec=149.1 lastPort=0xB008 write=0 val=0xC]
[heartbeat: exitCount=5765000 elapsedSec=149.2 lastPort=0xB008 write=0 val=0xC]
[heartbeat: exitCount=5770000 elapsedSec=149.2 lastPort=0xB008 write=0 val=0xC]
[heartbeat: exitCount=5775000 elapsedSec=149.3 lastPort=0xB008 write=0 val=0xC]
[heartbeat: exitCount=5780000 elapsedSec=149.4 lastPort=0xB008 write=0 val=0xC]
[heartbeat: exitCount=5785000 elapsedSec=149.5 lastPort=0xB008 write=0 val=0xC]
[heartbeat: exitCount=5790000 elapsedSec=149.5 lastPort=0xB008 write=0 val=0xC]
[heartbeat: exitCount=5795000 elapsedSec=149.6 lastPort=0xB008 write=0 val=0xC]
[heartbeat: exitCount=5800000 elapsedSec=149.7 lastPort=0xB008 write=0 val=0xC]
[heartbeat: exitCount=5805000 elapsedSec=149.7 lastPort=0xB008 write=0 val=0xC]
[heartbeat: exitCount=5810000 elapsedSec=149.8 lastPort=0xB008 write=0 val=0xC]
[heartbeat: exitCount=5815000 elapsedSec=149.9 lastPort=0xB008 write=0 val=0xC]
[heartbeat: exitCount=5820000 elapsedSec=149.9 lastPort=0xB008 write=0 val=0xC]
[heartbeat: exitCount=5825000 elapsedSec=150.0 lastPort=0xB008 write=0 val=0xC]
[heartbeat: exitCount=5830000 elapsedSec=150.1 lastPort=0xB008 write=0 val=0xC]
[heartbeat: exitCount=5835000 elapsedSec=150.1 lastPort=0xB008 write=0 val=0xC]
[heartbeat: exitCount=5840000 elapsedSec=150.2 lastPort=0xB008 write=0 val=0xC]
[heartbeat: exitCount=5845000 elapsedSec=150.3 lastPort=0xB008 write=0 val=0xC]
[heartbeat: exitCount=5850000 elapsedSec=150.4 lastPort=0xB008 write=0 val=0xC]
[heartbeat: exitCount=5855000 elapsedSec=150.4 lastPort=0xB008 write=0 val=0xC]
[heartbeat: exitCount=5860000 elapsedSec=150.5 lastPort=0xB008 write=0 val=0xC]
[heartbeat: exitCount=5865000 elapsedSec=150.6 lastPort=0xB008 write=0 val=0xC]
[heartbeat: exitCount=5870000 elapsedSec=150.6 lastPort=0xB008 write=0 val=0xC]
[heartbeat: exitCount=5875000 elapsedSec=150.7 lastPort=0xB008 write=0 val=0xC]
[heartbeat: exitCount=5880000 elapsedSec=150.8 lastPort=0xB008 write=0 val=0xC]
[heartbeat: exitCount=5885000 elapsedSec=150.8 lastPort=0xB008 write=0 val=0xC]
[heartbeat: exitCount=5890000 elapsedSec=150.9 lastPort=0xB008 write=0 val=0xC]
[heartbeat: exitCount=5895000 elapsedSec=151.0 lastPort=0xB008 write=0 val=0xC]
[heartbeat: exitCount=5900000 elapsedSec=151.0 lastPort=0xB008 write=0 val=0xC]
[heartbeat: exitCount=5905000 elapsedSec=151.1 lastPort=0xB008 write=0 val=0xC]
[heartbeat: exitCount=5910000 elapsedSec=151.2 lastPort=0xB008 write=0 val=0xC]
[heartbeat: exitCount=5915000 elapsedSec=151.2 lastPort=0xB008 write=0 val=0xC]
[heartbeat: exitCount=5920000 elapsedSec=151.3 lastPort=0xB008 write=0 val=0xC]
[heartbeat: exitCount=5925000 elapsedSec=151.4 lastPort=0xB008 write=0 val=0xC]
[heartbeat: exitCount=5930000 elapsedSec=151.4 lastPort=0xB008 write=0 val=0xC]
[heartbeat: exitCount=5935000 elapsedSec=151.5 lastPort=0xB008 write=0 val=0xC]
[heartbeat: exitCount=5940000 elapsedSec=151.6 lastPort=0xB008 write=0 val=0xC]
[heartbeat: exitCount=5945000 elapsedSec=151.6 lastPort=0xB008 write=0 val=0xC]
[heartbeat: exitCount=5950000 elapsedSec=151.7 lastPort=0xB008 write=0 val=0xC]
[heartbeat: exitCount=5955000 elapsedSec=151.8 lastPort=0xB008 write=0 val=0xC]
[heartbeat: exitCount=5960000 elapsedSec=151.8 lastPort=0xB008 write=0 val=0xC]
[heartbeat: exitCount=5965000 elapsedSec=151.9 lastPort=0xB008 write=0 val=0xC]
[cmos-ab] write reg=0x0B value=0x02 (RegA=0x25 RegB=0x02, PIE=0)
[cmos-ab] write reg=0x0B value=0x02 (RegA=0x25 RegB=0x02, PIE=0)
[reset] port 0x64/0xFE keyboard-controller reset pulse honored -- vCPU restarted at reset vector (exitCount=5966485)
[u40] === RIP histogram pass 1 (end of pass 1, at reset): 8340 samples, base=0xFFFFF8003CA00000 ===
[u40]     6865  page 0xFFFFF8003CD65000  = base+0x365000
[u40]      693  page 0xBEA03000
[u40]      165  page 0x1DD9000
[u40]      164  page 0xFFFFF8003CDBD000  = base+0x3BD000
[u40]      106  page 0xBF14E000
[u40]       96  page 0xBE41C000
[u40]       81  page 0xFFFFF8003CDBC000  = base+0x3BC000
[u40]       44  page 0xBFC50000
[u40]       41  page 0xBFD68000
[u40]       20  page 0xBE422000
[u40]       18  page 0xBF14F000
[u40]       16  page 0xFFFFF8003CECC000  = base+0x4CC000
[u40]       12  page 0xBF16B000
[u40]       11  page 0xBF174000
[u40]        2  page 0xFFFFF8003CDA5000  = base+0x3A5000
[u40]        2  page 0x848000
[u40]        1  page 0xFFFFF8003CE02000  = base+0x402000
[u40]        1  page 0xBF1CC000
[u40]   most recent 256 samples (newest last):
[u40]     FFFFF8003CD65444@808401 FFFFF8003CD65444@808501 FFFFF8003CD65444@808601 FFFFF8003CD65444@808701 FFFFF8003CD65444@808801 FFFFF8003CD65444@808901 FFFFF8003CD65444@809001 FFFFF8003CD65444@809101 FFFFF8003CD65444@809201 FFFFF8003CD65444@809301 FFFFF8003CD65444@809401 FFFFF8003CD65444@809501 FFFFF8003CD65444@809601 FFFFF8003CD65444@809701 FFFFF8003CD65444@809801 FFFFF8003CD65444@809901 FFFFF8003CD65444@810001 FFFFF8003CD65444@810101 FFFFF8003CD65444@810201 FFFFF8003CD65444@810301 FFFFF8003CD65444@810401 FFFFF8003CD65444@810501 FFFFF8003CD65444@810601 FFFFF8003CD65444@810701 FFFFF8003CD65444@810801 FFFFF8003CD65444@810901 FFFFF8003CD65444@811001 FFFFF8003CD65444@811101 FFFFF8003CD65444@811201 FFFFF8003CD65444@811301 FFFFF8003CD65444@811401 FFFFF8003CD65444@811501 FFFFF8003CD65444@811601 FFFFF8003CD65444@811701 FFFFF8003CD65444@811801 FFFFF8003CD65444@811901 FFFFF8003CD65444@812001 FFFFF8003CD65444@812101 FFFFF8003CD65444@812201 FFFFF8003CD65444@812301 FFFFF8003CD65444@812401 FFFFF8003CD65444@812501 FFFFF8003CD65444@812601 FFFFF8003CD65444@812701 FFFFF8003CD65444@812801 FFFFF8003CD65444@812901 FFFFF8003CD65444@813001 FFFFF8003CD65444@813101 FFFFF8003CD65444@813201 FFFFF8003CD65444@813301 FFFFF8003CD65444@813401 FFFFF8003CD65444@813501 FFFFF8003CD65444@813601 FFFFF8003CD65444@813701 FFFFF8003CD65444@813801 FFFFF8003CD65444@813901 FFFFF8003CD65444@814001 FFFFF8003CD65444@814101 FFFFF8003CD65444@814201 FFFFF8003CD65444@814301 FFFFF8003CD65444@814401 FFFFF8003CD65444@814501 FFFFF8003CD65444@814601 FFFFF8003CD65444@814701 FFFFF8003CD65444@814801 FFFFF8003CD65444@814901 FFFFF8003CD65444@815001 FFFFF8003CD65444@815101 FFFFF8003CD65444@815201 FFFFF8003CD65444@815301 FFFFF8003CD65444@815401 FFFFF8003CD65444@815501 FFFFF8003CD65444@815601 FFFFF8003CD65444@815701 FFFFF8003CD65444@815801 FFFFF8003CD65444@815901 FFFFF8003CD65444@816001 FFFFF8003CD65444@816101 FFFFF8003CD65444@816201 FFFFF8003CD65444@816301 FFFFF8003CD65444@816401 FFFFF8003CD65444@816501 FFFFF8003CD65444@816601 FFFFF8003CD65444@816701 FFFFF8003CD65444@816801 FFFFF8003CD65444@816901 FFFFF8003CD65444@817001 FFFFF8003CD65444@817101 FFFFF8003CD65444@817201 FFFFF8003CD65444@817301 FFFFF8003CD65444@817401 FFFFF8003CD65444@817501 FFFFF8003CD65444@817601 FFFFF8003CD65444@817701 FFFFF8003CD65444@817801 FFFFF8003CD65444@817901 FFFFF8003CD65444@818001 FFFFF8003CD65444@818101 FFFFF8003CD65444@818201 FFFFF8003CD65444@818301 FFFFF8003CD65444@818401 FFFFF8003CD65444@818501 FFFFF8003CD65444@818601 FFFFF8003CD65444@818701 FFFFF8003CD65444@818801 FFFFF8003CD65444@818901 FFFFF8003CD65444@819001 FFFFF8003CD65444@819101 FFFFF8003CD65444@819201 FFFFF8003CD65444@819301 FFFFF8003CD65444@819401 FFFFF8003CD65444@819501 FFFFF8003CD65444@819601 FFFFF8003CD65444@819701 FFFFF8003CD65444@819801 FFFFF8003CD65444@819901 FFFFF8003CD65444@820001 FFFFF8003CD65444@820101 FFFFF8003CD65444@820201 FFFFF8003CD65444@820301 FFFFF8003CD65444@820401 FFFFF8003CD65444@820501 FFFFF8003CD65444@820601 FFFFF8003CD65444@820701 FFFFF8003CD65444@820801 FFFFF8003CD65444@820901 FFFFF8003CD65444@821001 FFFFF8003CD65444@821101 FFFFF8003CD65444@821201 FFFFF8003CD65444@821301 FFFFF8003CD65444@821401 FFFFF8003CD65444@821501 FFFFF8003CD65444@821601 FFFFF8003CD65444@821701 FFFFF8003CD65444@821801 FFFFF8003CD65444@821901 FFFFF8003CD65444@822001 FFFFF8003CD65444@822101 FFFFF8003CD65444@822201 FFFFF8003CD65444@822301 FFFFF8003CD65444@822401 FFFFF8003CD65444@822501 FFFFF8003CD65444@822601 FFFFF8003CD65444@822701 FFFFF8003CD65444@822801 FFFFF8003CD65444@822901 FFFFF8003CD65444@823001 FFFFF8003CD65444@823101 FFFFF8003CD65444@823201 FFFFF8003CD65444@823301 FFFFF8003CD65444@823401 FFFFF8003CD65444@823501 FFFFF8003CD65444@823601 FFFFF8003CD65444@823701 FFFFF8003CD65444@823801 FFFFF8003CD65444@823901 FFFFF8003CD65444@824001 FFFFF8003CD65444@824101 FFFFF8003CD65444@824201 FFFFF8003CD65444@824301 FFFFF8003CD65444@824401 FFFFF8003CD65444@824501 FFFFF8003CD65444@824601 FFFFF8003CD65444@824701 FFFFF8003CD65444@824801 FFFFF8003CD65444@824901 FFFFF8003CD65444@825001 FFFFF8003CD65444@825101 FFFFF8003CD65444@825201 FFFFF8003CD65444@825301 FFFFF8003CD65444@825401 FFFFF8003CD65444@825501 FFFFF8003CD65444@825601 FFFFF8003CD65444@825701 FFFFF8003CD65444@825801 FFFFF8003CD65444@825901 FFFFF8003CD65444@826001 FFFFF8003CD65444@826101 FFFFF8003CD65444@826201 FFFFF8003CD65444@826301 FFFFF8003CD65444@826401 FFFFF8003CD65444@826501 FFFFF8003CD65444@826601 FFFFF8003CD65444@826701 FFFFF8003CD65444@826801 FFFFF8003CD65444@826901 FFFFF8003CD65444@827001 FFFFF8003CD65444@827101 FFFFF8003CD65444@827201 FFFFF8003CD65444@827301 FFFFF8003CD65444@827401 FFFFF8003CD65444@827501 FFFFF8003CD65444@827601 FFFFF8003CD65444@827701 FFFFF8003CD65444@827801 FFFFF8003CD65444@827901 FFFFF8003CD65444@828001 FFFFF8003CD65444@828101 FFFFF8003CD65444@828201 FFFFF8003CD65444@828301 FFFFF8003CD65444@828401 FFFFF8003CD65444@828501 FFFFF8003CD65444@828601 FFFFF8003CD65444@828701 FFFFF8003CD65444@828801 FFFFF8003CD65444@828901 FFFFF8003CD65444@829001 FFFFF8003CD65444@829101 FFFFF8003CD65444@829201 FFFFF8003CD65444@829301 FFFFF8003CD65444@829401 FFFFF8003CD65444@829501 FFFFF8003CD65444@829601 FFFFF8003CD65444@829701 FFFFF8003CD65444@829801 FFFFF8003CD65444@829901 FFFFF8003CD65444@830001 FFFFF8003CD65444@830101 FFFFF8003CD65444@830201 FFFFF8003CD65444@830301 FFFFF8003CD65444@830401 FFFFF8003CD65444@830501 FFFFF8003CD65444@830601 FFFFF8003CD65444@830701 FFFFF8003CD65444@830801 FFFFF8003CD65444@830901 FFFFF8003CD65444@831001 FFFFF8003CD65444@831101 FFFFF8003CD65444@831201 FFFFF8003CD65444@831301 FFFFF8003CD65444@831401 FFFFF8003CD65444@831501 FFFFF8003CD65444@831601 FFFFF8003CD65444@831701 FFFFF8003CD65444@831801 FFFFF8003CD65444@831901 FFFFF8003CD65444@832001 FFFFF8003CD65444@832101 FFFFF8003CD65444@832201 FFFFF8003CD65444@832301 FFFFF8003CD65444@832401 FFFFF8003CD65444@832501 FFFFF8003CD65444@832601 FFFFF8003CD65444@832701 FFFFF8003CD65444@832801 FFFFF8003CD65444@832901 FFFFF8003CD65444@833001 FFFFF8003CD65444@833101 FFFFF8003CD65444@833201 FFFFF8003CD65444@833301 FFFFF8003CD65444@833401 FFFFF8003CD65444@833501 FFFFF8003CD65444@833601 FFFFF8003CD65444@833701 FFFFF8003CD65444@833801 FFFFF8003CD65444@833901
[u46] LAPIC state (at reset -- state pass 2 will INHERIT, 4096 bytes): TPR=0xF0 PPR=0x0 SVR=0x1DF
[u46]   LVT Timer=0x300FD (vector=0xFD PERIODIC masked=1) InitCnt=0x0 CurCnt=0x0 Div=0xB
[u46]   IRR: no pending vectors
[u47] LAPIC quiesced at reset (LVTs masked, timer stopped, pending/ISR/IRR cleared, TPR=0)
[u46] LAPIC state (after U47 quiesce, 4096 bytes): TPR=0x0 PPR=0x0 SVR=0x1DF
[u46]   LVT Timer=0x10000 (vector=0x00 one-shot masked=1) InitCnt=0x0 CurCnt=0x0 Div=0xB
[u46]   IRR: no pending vectors
[u42] pass1 IOAPIC accesses total=274 (logged 260)
[u42] state INHERITED by pass 2: ioapic1.id=1 selectedReg=0x20 | ioapic2.id=2 selectedReg=0x3F
[u42]   ioapic1.redir[0]=0x00000000000100FF (vec=0xFF masked=1) -- NOT at power-on default
[u42]   ioapic1.redir[1]=0x00000000000100FF (vec=0xFF masked=1) -- NOT at power-on default
[u42]   ioapic1.redir[2]=0x00000000000100FF (vec=0xFF masked=1) -- NOT at power-on default
[u42]   ioapic1.redir[3]=0x00000000000100FF (vec=0xFF masked=1) -- NOT at power-on default
[u42]   ioapic1.redir[4]=0x00000000000100FF (vec=0xFF masked=1) -- NOT at power-on default
[u42]   ioapic1.redir[5]=0x00000000000100FF (vec=0xFF masked=1) -- NOT at power-on default
[u42]   ioapic1.redir[6]=0x00000000000100FF (vec=0xFF masked=1) -- NOT at power-on default
[u42]   ioapic1.redir[7]=0x00000000000100FF (vec=0xFF masked=1) -- NOT at power-on default
[u42]   ioapic1.redir[8]=0x01000000000008D1 (vec=0xD1 masked=0) -- NOT at power-on default
[u42]   ioapic1.redir[9]=0x00000000000100FF (vec=0xFF masked=1) -- NOT at power-on default
[u42]   ioapic1.redir[10]=0x00000000000100FF (vec=0xFF masked=1) -- NOT at power-on default
[u42]   ioapic1.redir[11]=0x00000000000100FF (vec=0xFF masked=1) -- NOT at power-on default
[u42]   ioapic1.redir[12]=0x00000000000100FF (vec=0xFF masked=1) -- NOT at power-on default
[u42]   ioapic1.redir[13]=0x00000000000100FF (vec=0xFF masked=1) -- NOT at power-on default
[u42]   ioapic1.redir[14]=0x00000000000100FF (vec=0xFF masked=1) -- NOT at power-on default
[u42]   ioapic1.redir[15]=0x00000000000100FF (vec=0xFF masked=1) -- NOT at power-on default
[u42]   ioapic1.redir[16]=0x00000000000100FF (vec=0xFF masked=1) -- NOT at power-on default
[u42]   ioapic1.redir[17]=0x00000000000100FF (vec=0xFF masked=1) -- NOT at power-on default
[u42]   ioapic1.redir[18]=0x00000000000100FF (vec=0xFF masked=1) -- NOT at power-on default
[u42]   ioapic1.redir[19]=0x00000000000100FF (vec=0xFF masked=1) -- NOT at power-on default
[u42]   ioapic1.redir[20]=0x00000000000100FF (vec=0xFF masked=1) -- NOT at power-on default
[u42]   ioapic1.redir[21]=0x00000000000100FF (vec=0xFF masked=1) -- NOT at power-on default
[u42]   ioapic1.redir[22]=0x00000000000100FF (vec=0xFF masked=1) -- NOT at power-on default
[u42]   ioapic1.redir[23]=0x00000000000100FF (vec=0xFF masked=1) -- NOT at power-on default
[u42]   ioapic2.redir[0]=0x00000000000100FF (vec=0xFF masked=1) -- NOT at power-on default
[u42]   ioapic2.redir[1]=0x00000000000100FF (vec=0xFF masked=1) -- NOT at power-on default
[u42]   ioapic2.redir[2]=0x00000000000100FF (vec=0xFF masked=1) -- NOT at power-on default
[u42]   ioapic2.redir[3]=0x00000000000100FF (vec=0xFF masked=1) -- NOT at power-on default
[u42]   ioapic2.redir[4]=0x00000000000100FF (vec=0xFF masked=1) -- NOT at power-on default
[u42]   ioapic2.redir[5]=0x00000000000100FF (vec=0xFF masked=1) -- NOT at power-on default
[u42]   ioapic2.redir[6]=0x00000000000100FF (vec=0xFF masked=1) -- NOT at power-on default
[u42]   ioapic2.redir[7]=0x00000000000100FF (vec=0xFF masked=1) -- NOT at power-on default
[u42]   ioapic2.redir[8]=0x00000000000100FF (vec=0xFF masked=1) -- NOT at power-on default
[u42]   ioapic2.redir[9]=0x00000000000100FF (vec=0xFF masked=1) -- NOT at power-on default
[u42]   ioapic2.redir[10]=0x00000000000100FF (vec=0xFF masked=1) -- NOT at power-on default
[u42]   ioapic2.redir[11]=0x00000000000100FF (vec=0xFF masked=1) -- NOT at power-on default
[u42]   ioapic2.redir[12]=0x00000000000100FF (vec=0xFF masked=1) -- NOT at power-on default
[u42]   ioapic2.redir[13]=0x00000000000100FF (vec=0xFF masked=1) -- NOT at power-on default
[u42]   ioapic2.redir[14]=0x00000000000100FF (vec=0xFF masked=1) -- NOT at power-on default
[u42]   ioapic2.redir[15]=0x00000000000100FF (vec=0xFF masked=1) -- NOT at power-on default
[u42]   ioapic2.redir[16]=0x00000000000100FF (vec=0xFF masked=1) -- NOT at power-on default
[u42]   ioapic2.redir[17]=0x00000000000100FF (vec=0xFF masked=1) -- NOT at power-on default
[u42]   ioapic2.redir[18]=0x00000000000100FF (vec=0xFF masked=1) -- NOT at power-on default
[u42]   ioapic2.redir[19]=0x00000000000100FF (vec=0xFF masked=1) -- NOT at power-on default
[u42]   ioapic2.redir[20]=0x00000000000100FF (vec=0xFF masked=1) -- NOT at power-on default
[u42]   ioapic2.redir[21]=0x00000000000100FF (vec=0xFF masked=1) -- NOT at power-on default
[u42]   ioapic2.redir[22]=0x00000000000100FF (vec=0xFF masked=1) -- NOT at power-on default
[u42]   ioapic2.redir[23]=0x00000000000100FF (vec=0xFF masked=1) -- NOT at power-on default
[heartbeat: exitCount=5970000 elapsedSec=152.2 lastPort=0xB008 write=0 val=0x2]
[ramfb] configured: address=0xBE500000 800x600 stride=3200
[cmos-ab] write reg=0x0A value=0x26 (RegA=0x26 RegB=0x02, PIE=0)
[heartbeat: exitCount=5975000 elapsedSec=152.2 lastPort=0xCFC write=0 val=0x89]
[heartbeat: exitCount=5980000 elapsedSec=152.3 lastPort=0xCF8 write=1 val=0x20]
[2J[001;001H[=3h[2J[001;001H[2J[001;001H[8;056;240t[2J[001;001H[2J[001;001H[=3h[2J[001;001H[2J[001;001H[8;031;100t[2J[001;001H[aux] controller: disable AUX port
[heartbeat: exitCount=5985000 elapsedSec=152.4 lastPort=0xCF8 write=0 val=0x0]
[heartbeat: exitCount=5990000 elapsedSec=152.5 lastPort=0xB008 write=0 val=0x0]
BdsDxe: loading Boot0002 "UEFI LocalHost Virtual Disk LH0001 " from PciRoot(0x0)/Pci(0x2,0x0)/Sata(0x0,0xFFFF,0x0)
BdsDxe: starting Boot0002 "UEFI LocalHost Virtual Disk LH0001 " from PciRoot(0x0)/Pci(0x2,0x0)/Sata(0x0,0xFFFF,0x0)
[heartbeat: exitCount=5995000 elapsedSec=152.7 lastPort=0xB008 write=0 val=0x89]
[2J[001;001H[=3h[2J[001;001H[heartbeat: exitCount=6000000 elapsedSec=152.8 lastPort=0xB008 write=0 val=0x89]
[u40] === RIP histogram pass 2 (periodic): 516600 samples, base=0xFFFFF80209600000 ===
[u40]    79484  page 0xFFFFF8015DD65000
[u40]    71990  page 0xFFFFF8027C965000
[u40]    71139  page 0xFFFFF80209965000  = base+0x365000
[u40]    68412  page 0xFFFFF80137965000
[u40]    66656  page 0xFFFFF8030D165000
[u40]    59413  page 0xFFFFF8033DB65000
[u40]    54822  page 0xBEA03000
[u40]     9894  page 0x1DD9000
[u40]     7810  page 0xBF14E000
[u40]     3956  page 0xBFC50000
[u40]     2394  page 0xBFD68000
[u40]     1642  page 0xFFFFF801379BD000
[u40]     1642  page 0xFFFFF8030D1BD000
[u40]     1641  page 0xFFFFF802099BD000  = base+0x3BD000
[u40]     1638  page 0xFFFFF8027C9BD000
[u40]     1638  page 0xFFFFF8033DBBD000
[u40]     1637  page 0xFFFFF8015DDBD000
[u40]     1424  page 0xBE422000
[u40]   most recent 256 samples (newest last):
[u40]     BEA03B01@5997441 BEA03B01@5997451 BEA03B01@5997461 BEA03B01@5997471 BEA03B01@5997481 BEA03B01@5997491 BEA03B01@5997501 BEA03B01@5997511 BEA03B01@5997521 BEA03B01@5997531 BEA03B01@5997541 BEA03B01@5997551 BEA03B01@5997561 BEA03B01@5997571 BEA03B01@5997581 BEA03B01@5997591 BEA03B01@5997601 BEA03B01@5997611 BEA03B01@5997621 BEA03B01@5997631 BEA03B01@5997641 BEA03B01@5997651 BEA03B01@5997661 BEA03B01@5997671 BEA03B01@5997681 BEA03B01@5997691 BEA03B01@5997701 BEA03B01@5997711 BEA03B01@5997721 BEA03B01@5997731 BEA03B01@5997741 BEA03B01@5997751 BEA03B01@5997761 BEA03B01@5997771 BEA03B01@5997781 BEA03B01@5997791 BEA03B01@5997801 BEA03B01@5997811 BEA03B01@5997821 BEA03B01@5997831 BEA03B01@5997841 BEA03B01@5997851 BEA03B01@5997861 BEA03B01@5997871 BEA03B01@5997881 BEA03B01@5997891 BEA03B01@5997901 BEA03B01@5997911 BEA03B01@5997921 BEA03B01@5997931 BEA03B01@5997941 BEA03B01@5997951 BEA03B01@5997961 BEA03B01@5997971 BEA03B01@5997981 BEA03B01@5997991 BEA03B01@5998001 BEA03B01@5998011 BEA03B01@5998021 BEA03B01@5998031 BEA03B01@5998041 BEA03B01@5998051 BEA03B01@5998061 BEA03B01@5998071 BEA03B01@5998081 BEA03B01@5998091 BEA03B01@5998101 BEA03B01@5998111 BEA03B01@5998121 BEA03B01@5998131 BEA03B01@5998141 BEA03B01@5998151 BEA03B01@5998161 BEA03B01@5998171 BEA03B01@5998181 BEA03B01@5998191 BEA03B01@5998201 BEA03B01@5998211 BEA03B01@5998221 BEA03B01@5998231 BEA03B01@5998241 BEA03B01@5998251 BEA03B01@5998261 BEA03B01@5998271 BEA03B01@5998281 BEA03B01@5998291 BEA03B01@5998301 BEA03B01@5998311 BEA03B01@5998321 BEA03B01@5998331 BEA03B01@5998341 BEA03B01@5998351 BEA03B01@5998361 BEA03B01@5998371 BEA03B01@5998381 BEA03B01@5998391 BEA03B01@5998401 BEA03B01@5998411 BEA03B01@5998421 BEA03B01@5998431 BEA03B01@5998441 BEA03B01@5998451 BEA03B01@5998461 BEA03B01@5998471 BEA03B01@5998481 BEA03B01@5998491 BEA03B01@5998501 BEA03B01@5998511 BEA03B01@5998521 BEA03B01@5998531 BEA03B01@5998541 BEA03B01@5998551 BEA03B01@5998561 BEA03B01@5998571 BEA03B01@5998581 BEA03B01@5998591 BEA03B01@5998601 BEA03B01@5998611 BEA03B01@5998621 BEA03B01@5998631 BEA03B01@5998641 BEA03B01@5998651 BEA03B01@5998661 BEA03B01@5998671 BEA03B01@5998681 BEA03B01@5998691 BEA03B01@5998701 BEA03B01@5998711 BEA03B01@5998721 BEA03B01@5998731 BEA03B01@5998741 BEA03B01@5998751 BEA03B01@5998761 BEA03B01@5998771 BEA03B01@5998781 BEA03B01@5998791 BEA03B01@5998801 BEA03B01@5998811 BEA03B01@5998821 BEA03B01@5998831 BEA03B01@5998841 BEA03B01@5998851 BEA03B01@5998861 BEA03B01@5998871 BEA03B01@5998881 BEA03B01@5998891 BEA03B01@5998901 BE41CB5C@5998911 BEA03B01@5998921 BEA03B01@5998931 BEA03B01@5998941 BEA03B01@5998951 BEA03B01@5998961 BEA03B01@5998971 BEA03B01@5998981 BEA03B01@5998991 BEA03B01@5999001 BEA03B01@5999011 BEA03B01@5999021 BEA03B01@5999031 BEA03B01@5999041 BEA03B01@5999051 BEA03B01@5999061 BEA03B01@5999071 BEA03B01@5999081 BEA03B01@5999091 BEA03B01@5999101 BEA03B01@5999111 BEA03B01@5999121 BEA03B01@5999131 BEA03B01@5999141 BEA03B01@5999151 BEA03B01@5999161 BEA03B01@5999171 BEA03B01@5999181 BEA03B01@5999191 BEA03B01@5999201 BEA03B01@5999211 BEA03B01@5999221 BEA03B01@5999231 BEA03B01@5999241 BEA03B01@5999251 BEA03B01@5999261 BEA03B01@5999271 BEA03B01@5999281 BEA03B01@5999291 BEA03B01@5999301 BEA03B01@5999311 BEA03B01@5999321 BEA03B01@5999331 BEA03B01@5999341 BEA03B01@5999351 BEA03B01@5999361 BEA03B01@5999371 BEA03B01@5999381 BEA03B01@5999391 BEA03B01@5999401 BEA03B01@5999411 BEA03B01@5999421 BEA03B01@5999431 BEA03B01@5999441 BEA03B01@5999451 BEA03B01@5999461 BEA03B01@5999471 BEA03B01@5999481 BEA03B01@5999491 BEA03B01@5999501 BEA03B01@5999511 BEA03B01@5999521 BEA03B01@5999531 BEA03B01@5999541 BEA03B01@5999551 BEA03B01@5999561 BEA03B01@5999571 BEA03B01@5999581 BEA03B01@5999591 BEA03B01@5999601 BEA03B01@5999611 BEA03B01@5999621 BEA03B01@5999631 BEA03B01@5999641 BEA03B01@5999651 BEA03B01@5999661 BEA03B01@5999671 BEA03B01@5999681 BEA03B01@5999691 BEA03B01@5999701 BEA03B01@5999711 BEA03B01@5999721 BEA03B01@5999731 BEA03B01@5999741 BEA03B01@5999751 BEA03B01@5999761 BEA03B01@5999771 BEA03B01@5999781 BEA03B01@5999791 BEA03B01@5999801 BEA03B01@5999811 BEA03B01@5999821 BEA03B01@5999831 BEA03B01@5999841 BEA03B01@5999851 BEA03B01@5999861 BEA03B01@5999871 BEA03B01@5999881 BEA03B01@5999891 BEA03B01@5999901 BEA03B01@5999911 BEA03B01@5999921 BEA03B01@5999931 BEA03B01@5999941 BEA03B01@5999951 BEA03B01@5999961 BEA03B01@5999971 BEA03B01@5999981 BEA03B01@5999991
[heartbeat: exitCount=6005000 elapsedSec=152.9 lastPort=0xB008 write=0 val=0x89]
[heartbeat: exitCount=6010000 elapsedSec=153.0 lastPort=0xB008 write=0 val=0x89]
[heartbeat: exitCount=6015000 elapsedSec=153.1 lastPort=0xB008 write=0 val=0x89]
[heartbeat: exitCount=6020000 elapsedSec=153.2 lastPort=0xB008 write=0 val=0x89]
[heartbeat: exitCount=6025000 elapsedSec=153.3 lastPort=0xB008 write=0 val=0x89]
[heartbeat: exitCount=6030000 elapsedSec=153.4 lastPort=0xB008 write=0 val=0x89]
[heartbeat: exitCount=6035000 elapsedSec=153.5 lastPort=0xB008 write=0 val=0x89]
[heartbeat: exitCount=6040000 elapsedSec=153.6 lastPort=0xB008 write=0 val=0x89]
[heartbeat: exitCount=6045000 elapsedSec=153.7 lastPort=0xB008 write=0 val=0x89]
[heartbeat: exitCount=6050000 elapsedSec=153.8 lastPort=0xB008 write=0 val=0x89]
[heartbeat: exitCount=6055000 elapsedSec=153.9 lastPort=0xB008 write=0 val=0x89]
[heartbeat: exitCount=6060000 elapsedSec=154.0 lastPort=0xB008 write=0 val=0x89]
[heartbeat: exitCount=6065000 elapsedSec=154.1 lastPort=0xB008 write=0 val=0x89]
[heartbeat: exitCount=6070000 elapsedSec=154.2 lastPort=0xB008 write=0 val=0x89]
[heartbeat: exitCount=6075000 elapsedSec=154.3 lastPort=0xB008 write=0 val=0x89]
[heartbeat: exitCount=6080000 elapsedSec=154.4 lastPort=0xB008 write=0 val=0x89]
[heartbeat: exitCount=6085000 elapsedSec=155.7 lastPort=0x70 write=1 val=0x80]
[aux] controller: disable AUX port
[heartbeat: exitCount=6090000 elapsedSec=156.3 lastPort=0xCFC write=0 val=0x0]
[heartbeat: exitCount=6095000 elapsedSec=156.3 lastPort=0xCFC write=0 val=0x0]
[pcicfg #150000] bus=128 dev=30 func=0 off=0x00 size=2 write=0 val=0xFFFFFFFF cfg=absent
[heartbeat: exitCount=6100000 elapsedSec=156.4 lastPort=0xCFC write=0 val=0x0]
[kerneldiag] candidate address 0xFFFFF8073F9A57DD resolves to module base 0xFFFFF8073F600000 (+0x3A57DD into it)
[kerneldiag] debug directory: type=2 codeViewRva=0x40970
[kerneldiag] module PDB name: ntkrnlmp.pdb guid=D9424FC4-861E-47C1-0FAD1B35DEC6DCC8 age=1
[wp] DISCOVERY at exitCount=6103212 (pass 2)
[wp] armed breakpoints at module base 0xFFFFF8073F600000 (DR2 LFH-check armed=1): DR0=+0x3DC890 (U34 ExInitializePoolHeapManagement entry, VA=0xFFFFF8073F9DC890), DR1=+0x3FD6F0 (KeBugCheckEx, VA=0xFFFFF8073F9FD6F0), DR2=+0x343B49 (RtlpHpLfhOwnerMoveSubsegment entry, VA=0xFFFFF8073F943B49), DR3=+0x9A188F (HalpIommuInitSystem ret, VA=0xFFFFF8073FFA188F)
[u32] ExPoolState pool-descriptor fields (pass 2):
[u32]   pool[0] desc@RVA0xC57EC0: +0x08=0x0 +0x10=0x0  <== +0x10 NULL
[u32]   pool[1] desc@RVA0xC59F80: +0x08=0x0 +0x10=0x0  <== +0x10 NULL
[u32]   pool[2] desc@RVA0xC5C040: +0x08=0x0 +0x10=0x0  <== +0x10 NULL
[u32]   pool[3] desc@RVA0xC5E100: +0x08=0x0 +0x10=0x0  <== +0x10 NULL
[u32]   pool[4] desc@RVA0xC601C0: +0x08=0x0 +0x10=0x0  <== +0x10 NULL
[u32]   pool[5] desc@RVA0xC62280: +0x08=0x0 +0x10=0x0  <== +0x10 NULL
[u32]   pool[6] desc@RVA0xC64340: +0x08=0x0 +0x10=0x0  <== +0x10 NULL
[u32]   pool[7] desc@RVA0xC66400: +0x08=0x0 +0x10=0x0  <== +0x10 NULL
[u33] EDGE pass=2 exitCount=6103212 (reset+136727) pool[0]: +0x08 0xFFFFE0086BE02000->0x0 +0x10 0xFFFFB30D20E00000->0x0 +0x08 CLEARED(set->null) +0x10 CLEARED(set->null)
[heartbeat: exitCount=6105000 elapsedSec=156.5 lastPort=0xB008 write=0 val=0xFF]
[cmos-ab] write reg=0x0A value=0x25 (RegA=0x25 RegB=0x02, PIE=0)
[ioapic-rte] controller id=1 entry=8 reg=0x20 value=0x000008D1 -> full RTE now 0x01000000000008D1 (vector=0xD1 masked=0)
[cmos-ab] write reg=0x0B value=0x02 (RegA=0x25 RegB=0x02, PIE=0)
[heartbeat: exitCount=6110000 elapsedSec=156.6 lastPort=0x71 write=1 val=0x2]
[ioapic-rte] controller id=1 entry=8 reg=0x21 value=0x01000000 -> full RTE now 0x01000000000008D1 (vector=0xD1 masked=0)
[ioapic-rte] controller id=1 entry=8 reg=0x20 value=0x000008D1 -> full RTE now 0x01000000000008D1 (vector=0xD1 masked=0)
[cmos-ab] write reg=0x0B value=0x42 (RegA=0x25 RegB=0x42, PIE=1)
[u33] EDGE pass=2 exitCount=6113212 (reset+146727) pool[0]: +0x08 0x0->0xFFFFB90765602000 +0x10 0x0->0xFFFFE18650400000 +0x08 INIT(null->set) +0x10 INIT(null->set)
[heartbeat: exitCount=6115000 elapsedSec=156.8 lastPort=0xCF8 write=1 val=0xC]
[heartbeat: exitCount=6120000 elapsedSec=156.9 lastPort=0xCF8 write=1 val=0xC]
[heartbeat: exitCount=6125000 elapsedSec=157.0 lastPort=0x70 write=1 val=0xC]
[heartbeat: exitCount=6130000 elapsedSec=157.0 lastPort=0xCFC write=0 val=0xC]
[cmos-ab] write reg=0x0B value=0x02 (RegA=0x25 RegB=0x02, PIE=0)
[heartbeat: exitCount=6135000 elapsedSec=157.1 lastPort=0xCFC write=0 val=0xC]
[cmos-ab] write reg=0x0B value=0x02 (RegA=0x25 RegB=0x02, PIE=0)
[ioapic-rte] controller id=1 entry=8 reg=0x21 value=0x01000000 -> full RTE now 0x01000000000008D1 (vector=0xD1 masked=0)
[ioapic-rte] controller id=1 entry=8 reg=0x20 value=0x000008D1 -> full RTE now 0x01000000000008D1 (vector=0xD1 masked=0)
[cmos-ab] write reg=0x0B value=0x42 (RegA=0x25 RegB=0x42, PIE=1)
[heartbeat: exitCount=6140000 elapsedSec=157.2 lastPort=0xB008 write=0 val=0x9]
[heartbeat: exitCount=6145000 elapsedSec=157.3 lastPort=0xB008 write=0 val=0x9]

[BUGCHECK] hit #1: KeBugCheckEx code=0xA5 p1=0x11 p2=0x3 p3=0x0 exitCount=6147989
[BUGCHECK]   p4=0x0  caller(return)=0xFFFFF807421C0454[kerneldiag] candidate address 0xFFFFF807421C0454 resolves to module base 0xFFFFF80742100000 (+0xC0454 into it)
[kerneldiag] debug directory: type=2 codeViewRva=0x73F3C
[kerneldiag] module PDB name: acpi.pdb guid=662B8231-E47D-1FF9-F7E8C8FD1B44A572 age=1
  (base 0xFFFFF80742100000 RVA 0xC0454)
[BUGCHECK]   stack (canonical kernel qwords):
[BUGCHECK]     [rsp+0x00]=0xFFFFF807421C0454[kerneldiag] candidate address 0xFFFFF807421C0454 resolves to module base 0xFFFFF80742100000 (+0xC0454 into it)
[kerneldiag] debug directory: type=2 codeViewRva=0x73F3C
[kerneldiag] module PDB name: acpi.pdb guid=662B8231-E47D-1FF9-F7E8C8FD1B44A572 age=1
  (RVA 0xC0454)
[BUGCHECK]     [rsp+0x10]=0xFFFFF807421701CA[kerneldiag] candidate address 0xFFFFF807421701CA resolves to module base 0xFFFFF80742100000 (+0x701CA into it)
[kerneldiag] debug directory: type=2 codeViewRva=0x73F3C
[kerneldiag] module PDB name: acpi.pdb guid=662B8231-E47D-1FF9-F7E8C8FD1B44A572 age=1
  (RVA 0x701CA)
[BUGCHECK]     [rsp+0x18]=0xFFFFB90765CA2A60[kerneldiag] no PE header found scanning VA back from 0xFFFFB90765CA2A60

[BUGCHECK]     [rsp+0x20]=0xFFFFB90765C7E8A0[kerneldiag] no PE header found scanning VA back from 0xFFFFB90765C7E8A0

[BUGCHECK]     [rsp+0x30]=0xFFFFF807C0140019[kerneldiag] no PE header found scanning VA back from 0xFFFFF807C0140019

[heartbeat: exitCount=6150000 elapsedSec=157.7 lastPort=0xB008 write=0 val=0xC]
[heartbeat: exitCount=6155000 elapsedSec=157.7 lastPort=0xB008 write=0 val=0xC]
[heartbeat: exitCount=6160000 elapsedSec=157.8 lastPort=0xB008 write=0 val=0xC]
[heartbeat: exitCount=6165000 elapsedSec=157.9 lastPort=0xB008 write=0 val=0xC]
[heartbeat: exitCount=6170000 elapsedSec=157.9 lastPort=0xB008 write=0 val=0xC]
[heartbeat: exitCount=6175000 elapsedSec=158.0 lastPort=0xB008 write=0 val=0xC]
[heartbeat: exitCount=6180000 elapsedSec=158.1 lastPort=0xB008 write=0 val=0xC]
[heartbeat: exitCount=6185000 elapsedSec=158.1 lastPort=0xB008 write=0 val=0xC]
[heartbeat: exitCount=6190000 elapsedSec=158.2 lastPort=0xB008 write=0 val=0xC]
[heartbeat: exitCount=6195000 elapsedSec=158.3 lastPort=0xB008 write=0 val=0xC]
[heartbeat: exitCount=6200000 elapsedSec=158.3 lastPort=0xB008 write=0 val=0xC]
[heartbeat: exitCount=6205000 elapsedSec=158.4 lastPort=0xB008 write=0 val=0xC]
[heartbeat: exitCount=6210000 elapsedSec=158.5 lastPort=0xB008 write=0 val=0xC]
[heartbeat: exitCount=6215000 elapsedSec=158.5 lastPort=0xB008 write=0 val=0xC]
[heartbeat: exitCount=6220000 elapsedSec=158.6 lastPort=0xB008 write=0 val=0xC]
[heartbeat: exitCount=6225000 elapsedSec=158.7 lastPort=0xB008 write=0 val=0xC]
[heartbeat: exitCount=6230000 elapsedSec=158.7 lastPort=0xB008 write=0 val=0xC]
[heartbeat: exitCount=6235000 elapsedSec=158.8 lastPort=0xB008 write=0 val=0xC]
[heartbeat: exitCount=6240000 elapsedSec=158.9 lastPort=0xB008 write=0 val=0xC]
[heartbeat: exitCount=6245000 elapsedSec=159.0 lastPort=0xB008 write=0 val=0xC]
[heartbeat: exitCount=6250000 elapsedSec=159.1 lastPort=0xB008 write=0 val=0xC]
[u40] === RIP histogram pass 2 (periodic): 541600 samples, base=0xFFFFF8073F600000 ===
[u40]    79484  page 0xFFFFF8015DD65000
[u40]    71990  page 0xFFFFF8027C965000
[u40]    71139  page 0xFFFFF80209965000
[u40]    68412  page 0xFFFFF80137965000
[u40]    66656  page 0xFFFFF8030D165000
[u40]    63009  page 0xBEA03000
[u40]    59413  page 0xFFFFF8033DB65000
[u40]    12022  page 0xFFFFF8073F965000  = base+0x365000
[u40]    11543  page 0x1DD9000
[u40]     7810  page 0xBF14E000
[u40]     3956  page 0xBFC50000
[u40]     2763  page 0xBFD68000
[u40]     1644  page 0xFFFFF8073F9BD000  = base+0x3BD000
[u40]     1642  page 0xFFFFF801379BD000
[u40]     1642  page 0xFFFFF8030D1BD000
[u40]     1641  page 0xFFFFF802099BD000
[u40]     1638  page 0xFFFFF8027C9BD000
[u40]     1638  page 0xFFFFF8033DBBD000
[u40]   most recent 256 samples (newest last):
[u40]     FFFFF8073F965444@6247441 FFFFF8073F965444@6247451 FFFFF8073F965444@6247461 FFFFF8073F965444@6247471 FFFFF8073F965444@6247481 FFFFF8073F965444@6247491 FFFFF8073F965444@6247501 FFFFF8073F965444@6247511 FFFFF8073F965444@6247521 FFFFF8073F965444@6247531 FFFFF8073F965444@6247541 FFFFF8073F965444@6247551 FFFFF8073F965444@6247561 FFFFF8073F965444@6247571 FFFFF8073F965444@6247581 FFFFF8073F965444@6247591 FFFFF8073F965444@6247601 FFFFF8073F965444@6247611 FFFFF8073F965444@6247621 FFFFF8073F965444@6247631 FFFFF8073F965444@6247641 FFFFF8073F965444@6247651 FFFFF8073F965444@6247661 FFFFF8073F965444@6247671 FFFFF8073F965444@6247681 FFFFF8073F965444@6247691 FFFFF8073F965444@6247701 FFFFF8073F965444@6247711 FFFFF8073F965444@6247721 FFFFF8073F965444@6247731 FFFFF8073F965444@6247741 FFFFF8073F965444@6247751 FFFFF8073F965444@6247761 FFFFF8073F965444@6247771 FFFFF8073F965444@6247781 FFFFF8073F965444@6247791 FFFFF8073F965444@6247801 FFFFF8073F965444@6247811 FFFFF8073F965444@6247821 FFFFF8073F965444@6247831 FFFFF8073F965444@6247841 FFFFF8073F965444@6247851 FFFFF8073F965444@6247861 FFFFF8073F965444@6247871 FFFFF8073F965444@6247881 FFFFF8073F965444@6247891 FFFFF8073F965444@6247901 FFFFF8073F965444@6247911 FFFFF8073F965444@6247921 FFFFF8073F965444@6247931 FFFFF8073F965444@6247941 FFFFF8073F965444@6247951 FFFFF8073F965444@6247961 FFFFF8073F965444@6247971 FFFFF8073F965444@6247981 FFFFF8073F965444@6247991 FFFFF8073F965444@6248001 FFFFF8073F965444@6248011 FFFFF8073F965444@6248021 FFFFF8073F965444@6248031 FFFFF8073F965444@6248041 FFFFF8073F965444@6248051 FFFFF8073F965444@6248061 FFFFF8073F965444@6248071 FFFFF8073F965444@6248081 FFFFF8073F965444@6248091 FFFFF8073F965444@6248101 FFFFF8073F965444@6248111 FFFFF8073F965444@6248121 FFFFF8073F965444@6248131 FFFFF8073F965444@6248141 FFFFF8073F965444@6248151 FFFFF8073F965444@6248161 FFFFF8073F965444@6248171 FFFFF8073F965444@6248181 FFFFF8073F965444@6248191 FFFFF8073F965444@6248201 FFFFF8073F965444@6248211 FFFFF8073F965444@6248221 FFFFF8073F965444@6248231 FFFFF8073F965444@6248241 FFFFF8073F965444@6248251 FFFFF8073F965444@6248261 FFFFF8073F965444@6248271 FFFFF8073F965444@6248281 FFFFF8073F965444@6248291 FFFFF8073F965444@6248301 FFFFF8073F965444@6248311 FFFFF8073F965444@6248321 FFFFF8073F965444@6248331 FFFFF8073F965444@6248341 FFFFF8073F965444@6248351 FFFFF8073F965444@6248361 FFFFF8073F965444@6248371 FFFFF8073F965444@6248381 FFFFF8073F965444@6248391 FFFFF8073F965444@6248401 FFFFF8073F965444@6248411 FFFFF8073F965444@6248421 FFFFF8073F965444@6248431 FFFFF8073F965444@6248441 FFFFF8073F965444@6248451 FFFFF8073F965444@6248461 FFFFF8073F965444@6248471 FFFFF8073F965444@6248481 FFFFF8073F965444@6248491 FFFFF8073F965444@6248501 FFFFF8073F965444@6248511 FFFFF8073F965444@6248521 FFFFF8073F965444@6248531 FFFFF8073F965444@6248541 FFFFF8073F965444@6248551 FFFFF8073F965444@6248561 FFFFF8073F965444@6248571 FFFFF8073F965444@6248581 FFFFF8073F965444@6248591 FFFFF8073F965444@6248601 FFFFF8073F965444@6248611 FFFFF8073F965444@6248621 FFFFF8073F965444@6248631 FFFFF8073F965444@6248641 FFFFF8073F965444@6248651 FFFFF8073F965444@6248661 FFFFF8073F965444@6248671 FFFFF8073F965444@6248681 FFFFF8073F965444@6248691 FFFFF8073F965444@6248701 FFFFF8073F965444@6248711 FFFFF8073F965444@6248721 FFFFF8073F965444@6248731 FFFFF8073F965444@6248741 FFFFF8073F965444@6248751 FFFFF8073F965444@6248761 FFFFF8073F965444@6248771 FFFFF8073F965444@6248781 FFFFF8073F965444@6248791 FFFFF8073F965444@6248801 FFFFF8073F965444@6248811 FFFFF8073F965444@6248821 FFFFF8073F965444@6248831 FFFFF8073F965444@6248841 FFFFF8073F965444@6248851 FFFFF8073F965444@6248861 FFFFF8073F965444@6248871 FFFFF8073F965444@6248881 FFFFF8073F965444@6248891 FFFFF8073F965444@6248901 FFFFF8073F965444@6248911 FFFFF8073F965444@6248921 FFFFF8073F965444@6248931 FFFFF8073F965444@6248941 FFFFF8073F965444@6248951 FFFFF8073F965444@6248961 FFFFF8073F965444@6248971 FFFFF8073F965444@6248981 FFFFF8073F965444@6248991 FFFFF8073F965444@6249001 FFFFF8073F965444@6249011 FFFFF8073F965444@6249021 FFFFF8073F965444@6249031 FFFFF8073F965444@6249041 FFFFF8073F965444@6249051 FFFFF8073F965444@6249061 FFFFF8073F965444@6249071 FFFFF8073F965444@6249081 FFFFF8073F965444@6249091 FFFFF8073F965444@6249101 FFFFF8073F965444@6249111 FFFFF8073F965444@6249121 FFFFF8073F965444@6249131 FFFFF8073F965444@6249141 FFFFF8073F965444@6249151 FFFFF8073F965444@6249161 FFFFF8073F965444@6249171 FFFFF8073F965444@6249181 FFFFF8073F965444@6249191 FFFFF8073F965444@6249201 FFFFF8073F965444@6249211 FFFFF8073F965444@6249221 FFFFF8073F965444@6249231 FFFFF8073F965444@6249241 FFFFF8073F965444@6249251 FFFFF8073F965444@6249261 FFFFF8073F965444@6249271 FFFFF8073F965444@6249281 FFFFF8073F965444@6249291 FFFFF8073F965444@6249301 FFFFF8073F965444@6249311 FFFFF8073F965444@6249321 FFFFF8073F965444@6249331 FFFFF8073F965444@6249341 FFFFF8073F965444@6249351 FFFFF8073F965444@6249361 FFFFF8073F965444@6249371 FFFFF8073F965444@6249381 FFFFF8073F965444@6249391 FFFFF8073F965444@6249401 FFFFF8073F965444@6249411 FFFFF8073F965444@6249421 FFFFF8073F965444@6249431 FFFFF8073F965444@6249441 FFFFF8073F965444@6249451 FFFFF8073F965444@6249461 FFFFF8073F965444@6249471 FFFFF8073F965444@6249481 FFFFF8073F965444@6249491 FFFFF8073F965444@6249501 FFFFF8073F965444@6249511 FFFFF8073F965444@6249521 FFFFF8073F965444@6249531 FFFFF8073F965444@6249541 FFFFF8073F965444@6249551 FFFFF8073F965444@6249561 FFFFF8073F965444@6249571 FFFFF8073F965444@6249581 FFFFF8073F965444@6249591 FFFFF8073F965444@6249601 FFFFF8073F965444@6249611 FFFFF8073F965444@6249621 FFFFF8073F965444@6249631 FFFFF8073F965444@6249641 FFFFF8073F965444@6249651 FFFFF8073F965444@6249661 FFFFF8073F965444@6249671 FFFFF8073F965444@6249681 FFFFF8073F965444@6249691 FFFFF8073F965444@6249701 FFFFF8073F965444@6249711 FFFFF8073F965444@6249721 FFFFF8073F965444@6249731 FFFFF8073F965444@6249741 FFFFF8073F965444@6249751 FFFFF8073F965444@6249761 FFFFF8073F965444@6249771 FFFFF8073F965444@6249781 FFFFF8073F965444@6249791 FFFFF8073F965444@6249801 FFFFF8073F965444@6249811 FFFFF8073F965444@6249821 FFFFF8073F965444@6249831 FFFFF8073F965444@6249841 FFFFF8073F965444@6249851 FFFFF8073F965444@6249861 FFFFF8073F965444@6249871 FFFFF8073F965444@6249881 FFFFF8073F965444@6249891 FFFFF8073F965444@6249901 FFFFF8073F965444@6249911 FFFFF8073F965444@6249921 FFFFF8073F965444@6249931 FFFFF8073F965444@6249941 FFFFF8073F965444@6249951 FFFFF8073F965444@6249961 FFFFF8073F965444@6249971 FFFFF8073F965444@6249981 FFFFF8073F965444@6249991
[heartbeat: exitCount=6255000 elapsedSec=159.1 lastPort=0xB008 write=0 val=0xC]
[heartbeat: exitCount=6260000 elapsedSec=159.2 lastPort=0xB008 write=0 val=0xC]
[heartbeat: exitCount=6265000 elapsedSec=159.3 lastPort=0xB008 write=0 val=0xC]
[heartbeat: exitCount=6270000 elapsedSec=159.3 lastPort=0xB008 write=0 val=0xC]
[heartbeat: exitCount=6275000 elapsedSec=159.4 lastPort=0xB008 write=0 val=0xC]
[heartbeat: exitCount=6280000 elapsedSec=159.5 lastPort=0xB008 write=0 val=0xC]
[heartbeat: exitCount=6285000 elapsedSec=159.5 lastPort=0xB008 write=0 val=0xC]
[heartbeat: exitCount=6290000 elapsedSec=159.6 lastPort=0xB008 write=0 val=0xC]
[heartbeat: exitCount=6295000 elapsedSec=159.7 lastPort=0xB008 write=0 val=0xC]
[rtc-diag] tick #5000 SKIPPED (interrupts disabled), skippedTotal=4527 firedTotal=473
[heartbeat: exitCount=6300000 elapsedSec=159.8 lastPort=0xB008 write=0 val=0xC]
[heartbeat: exitCount=6305000 elapsedSec=159.8 lastPort=0xB008 write=0 val=0xC]
[heartbeat: exitCount=6310000 elapsedSec=159.9 lastPort=0xB008 write=0 val=0xC]
[heartbeat: exitCount=6315000 elapsedSec=160.0 lastPort=0xB008 write=0 val=0xC]
[heartbeat: exitCount=6320000 elapsedSec=160.0 lastPort=0xB008 write=0 val=0xC]
[heartbeat: exitCount=6325000 elapsedSec=160.1 lastPort=0xB008 write=0 val=0xC]
[heartbeat: exitCount=6330000 elapsedSec=160.2 lastPort=0xB008 write=0 val=0xC]
[heartbeat: exitCount=6335000 elapsedSec=160.2 lastPort=0xB008 write=0 val=0xC]
[heartbeat: exitCount=6340000 elapsedSec=160.3 lastPort=0xB008 write=0 val=0xC]
[heartbeat: exitCount=6345000 elapsedSec=160.4 lastPort=0xB008 write=0 val=0xC]
[heartbeat: exitCount=6350000 elapsedSec=160.4 lastPort=0xB008 write=0 val=0xC]
[heartbeat: exitCount=6355000 elapsedSec=160.5 lastPort=0xB008 write=0 val=0xC]
[heartbeat: exitCount=6360000 elapsedSec=160.6 lastPort=0xB008 write=0 val=0xC]
[heartbeat: exitCount=6365000 elapsedSec=160.6 lastPort=0xB008 write=0 val=0xC]
[heartbeat: exitCount=6370000 elapsedSec=160.7 lastPort=0xB008 write=0 val=0xC]
[heartbeat: exitCount=6375000 elapsedSec=160.8 lastPort=0xB008 write=0 val=0xC]
[heartbeat: exitCount=6380000 elapsedSec=160.9 lastPort=0xB008 write=0 val=0xC]
[heartbeat: exitCount=6385000 elapsedSec=160.9 lastPort=0xB008 write=0 val=0xC]
[heartbeat: exitCount=6390000 elapsedSec=161.0 lastPort=0xB008 write=0 val=0xC]
[heartbeat: exitCount=6395000 elapsedSec=161.1 lastPort=0xB008 write=0 val=0xC]
[heartbeat: exitCount=6400000 elapsedSec=161.1 lastPort=0xB008 write=0 val=0xC]
[heartbeat: exitCount=6405000 elapsedSec=161.2 lastPort=0xB008 write=0 val=0xC]
[heartbeat: exitCount=6410000 elapsedSec=161.3 lastPort=0xB008 write=0 val=0xC]
[heartbeat: exitCount=6415000 elapsedSec=161.3 lastPort=0xB008 write=0 val=0xC]
[heartbeat: exitCount=6420000 elapsedSec=161.4 lastPort=0xB008 write=0 val=0xC]
[heartbeat: exitCount=6425000 elapsedSec=161.5 lastPort=0xB008 write=0 val=0xC]
[heartbeat: exitCount=6430000 elapsedSec=161.5 lastPort=0xB008 write=0 val=0xC]
[heartbeat: exitCount=6435000 elapsedSec=161.6 lastPort=0xB008 write=0 val=0xC]
[heartbeat: exitCount=6440000 elapsedSec=161.7 lastPort=0xB008 write=0 val=0xC]
[heartbeat: exitCount=6445000 elapsedSec=161.7 lastPort=0xB008 write=0 val=0xC]
[heartbeat: exitCount=6450000 elapsedSec=161.8 lastPort=0xB008 write=0 val=0xC]
[heartbeat: exitCount=6455000 elapsedSec=161.9 lastPort=0xB008 write=0 val=0xC]
[heartbeat: exitCount=6460000 elapsedSec=161.9 lastPort=0xB008 write=0 val=0xC]
[heartbeat: exitCount=6465000 elapsedSec=162.0 lastPort=0xB008 write=0 val=0xC]
[heartbeat: exitCount=6470000 elapsedSec=162.0 lastPort=0xB008 write=0 val=0xC]
[heartbeat: exitCount=6475000 elapsedSec=162.1 lastPort=0xB008 write=0 val=0xC]
[heartbeat: exitCount=6480000 elapsedSec=162.1 lastPort=0xB008 write=0 val=0xC]
[heartbeat: exitCount=6485000 elapsedSec=162.2 lastPort=0xB008 write=0 val=0xC]
[heartbeat: exitCount=6490000 elapsedSec=162.3 lastPort=0xB008 write=0 val=0xC]
[heartbeat: exitCount=6495000 elapsedSec=162.3 lastPort=0xB008 write=0 val=0xC]
[heartbeat: exitCount=6500000 elapsedSec=162.4 lastPort=0xB008 write=0 val=0xC]
[u40] === RIP histogram pass 2 (periodic): 566600 samples, base=0xFFFFF8073F600000 ===
[u40]    79484  page 0xFFFFF8015DD65000
[u40]    71990  page 0xFFFFF8027C965000
[u40]    71139  page 0xFFFFF80209965000
[u40]    68412  page 0xFFFFF80137965000
[u40]    66656  page 0xFFFFF8030D165000
[u40]    63009  page 0xBEA03000
[u40]    59413  page 0xFFFFF8033DB65000
[u40]    37022  page 0xFFFFF8073F965000  = base+0x365000
[u40]    11543  page 0x1DD9000
[u40]     7810  page 0xBF14E000
[u40]     3956  page 0xBFC50000
[u40]     2763  page 0xBFD68000
[u40]     1644  page 0xFFFFF8073F9BD000  = base+0x3BD000
[u40]     1642  page 0xFFFFF801379BD000
[u40]     1642  page 0xFFFFF8030D1BD000
[u40]     1641  page 0xFFFFF802099BD000
[u40]     1638  page 0xFFFFF8027C9BD000
[u40]     1638  page 0xFFFFF8033DBBD000
[u40]   most recent 256 samples (newest last):
[u40]     FFFFF8073F965444@6497441 FFFFF8073F965444@6497451 FFFFF8073F965444@6497461 FFFFF8073F965444@6497471 FFFFF8073F965444@6497481 FFFFF8073F965444@6497491 FFFFF8073F965444@6497501 FFFFF8073F965444@6497511 FFFFF8073F965444@6497521 FFFFF8073F965444@6497531 FFFFF8073F965444@6497541 FFFFF8073F965444@6497551 FFFFF8073F965444@6497561 FFFFF8073F965444@6497571 FFFFF8073F965444@6497581 FFFFF8073F965444@6497591 FFFFF8073F965444@6497601 FFFFF8073F965444@6497611 FFFFF8073F965444@6497621 FFFFF8073F965444@6497631 FFFFF8073F965444@6497641 FFFFF8073F965444@6497651 FFFFF8073F965444@6497661 FFFFF8073F965444@6497671 FFFFF8073F965444@6497681 FFFFF8073F965444@6497691 FFFFF8073F965444@6497701 FFFFF8073F965444@6497711 FFFFF8073F965444@6497721 FFFFF8073F965444@6497731 FFFFF8073F965444@6497741 FFFFF8073F965444@6497751 FFFFF8073F965444@6497761 FFFFF8073F965444@6497771 FFFFF8073F965444@6497781 FFFFF8073F965444@6497791 FFFFF8073F965444@6497801 FFFFF8073F965444@6497811 FFFFF8073F965444@6497821 FFFFF8073F965444@6497831 FFFFF8073F965444@6497841 FFFFF8073F965444@6497851 FFFFF8073F965444@6497861 FFFFF8073F965444@6497871 FFFFF8073F965444@6497881 FFFFF8073F965444@6497891 FFFFF8073F965444@6497901 FFFFF8073F965444@6497911 FFFFF8073F965444@6497921 FFFFF8073F965444@6497931 FFFFF8073F965444@6497941 FFFFF8073F965444@6497951 FFFFF8073F965444@6497961 FFFFF8073F965444@6497971 FFFFF8073F965444@6497981 FFFFF8073F965444@6497991 FFFFF8073F965444@6498001 FFFFF8073F965444@6498011 FFFFF8073F965444@6498021 FFFFF8073F965444@6498031 FFFFF8073F965444@6498041 FFFFF8073F965444@6498051 FFFFF8073F965444@6498061 FFFFF8073F965444@6498071 FFFFF8073F965444@6498081 FFFFF8073F965444@6498091 FFFFF8073F965444@6498101 FFFFF8073F965444@6498111 FFFFF8073F965444@6498121 FFFFF8073F965444@6498131 FFFFF8073F965444@6498141 FFFFF8073F965444@6498151 FFFFF8073F965444@6498161 FFFFF8073F965444@6498171 FFFFF8073F965444@6498181 FFFFF8073F965444@6498191 FFFFF8073F965444@6498201 FFFFF8073F965444@6498211 FFFFF8073F965444@6498221 FFFFF8073F965444@6498231 FFFFF8073F965444@6498241 FFFFF8073F965444@6498251 FFFFF8073F965444@6498261 FFFFF8073F965444@6498271 FFFFF8073F965444@6498281 FFFFF8073F965444@6498291 FFFFF8073F965444@6498301 FFFFF8073F965444@6498311 FFFFF8073F965444@6498321 FFFFF8073F965444@6498331 FFFFF8073F965444@6498341 FFFFF8073F965444@6498351 FFFFF8073F965444@6498361 FFFFF8073F965444@6498371 FFFFF8073F965444@6498381 FFFFF8073F965444@6498391 FFFFF8073F965444@6498401 FFFFF8073F965444@6498411 FFFFF8073F965444@6498421 FFFFF8073F965444@6498431 FFFFF8073F965444@6498441 FFFFF8073F965444@6498451 FFFFF8073F965444@6498461 FFFFF8073F965444@6498471 FFFFF8073F965444@6498481 FFFFF8073F965444@6498491 FFFFF8073F965444@6498501 FFFFF8073F965444@6498511 FFFFF8073F965444@6498521 FFFFF8073F965444@6498531 FFFFF8073F965444@6498541 FFFFF8073F965444@6498551 FFFFF8073F965444@6498561 FFFFF8073F965444@6498571 FFFFF8073F965444@6498581 FFFFF8073F965444@6498591 FFFFF8073F965444@6498601 FFFFF8073F965444@6498611 FFFFF8073F965444@6498621 FFFFF8073F965444@6498631 FFFFF8073F965444@6498641 FFFFF8073F965444@6498651 FFFFF8073F965444@6498661 FFFFF8073F965444@6498671 FFFFF8073F965444@6498681 FFFFF8073F965444@6498691 FFFFF8073F965444@6498701 FFFFF8073F965444@6498711 FFFFF8073F965444@6498721 FFFFF8073F965444@6498731 FFFFF8073F965444@6498741 FFFFF8073F965444@6498751 FFFFF8073F965444@6498761 FFFFF8073F965444@6498771 FFFFF8073F965444@6498781 FFFFF8073F965444@6498791 FFFFF8073F965444@6498801 FFFFF8073F965444@6498811 FFFFF8073F965444@6498821 FFFFF8073F965444@6498831 FFFFF8073F965444@6498841 FFFFF8073F965444@6498851 FFFFF8073F965444@6498861 FFFFF8073F965444@6498871 FFFFF8073F965444@6498881 FFFFF8073F965444@6498891 FFFFF8073F965444@6498901 FFFFF8073F965444@6498911 FFFFF8073F965444@6498921 FFFFF8073F965444@6498931 FFFFF8073F965444@6498941 FFFFF8073F965444@6498951 FFFFF8073F965444@6498961 FFFFF8073F965444@6498971 FFFFF8073F965444@6498981 FFFFF8073F965444@6498991 FFFFF8073F965444@6499001 FFFFF8073F965444@6499011 FFFFF8073F965444@6499021 FFFFF8073F965444@6499031 FFFFF8073F965444@6499041 FFFFF8073F965444@6499051 FFFFF8073F965444@6499061 FFFFF8073F965444@6499071 FFFFF8073F965444@6499081 FFFFF8073F965444@6499091 FFFFF8073F965444@6499101 FFFFF8073F965444@6499111 FFFFF8073F965444@6499121 FFFFF8073F965444@6499131 FFFFF8073F965444@6499141 FFFFF8073F965444@6499151 FFFFF8073F965444@6499161 FFFFF8073F965444@6499171 FFFFF8073F965444@6499181 FFFFF8073F965444@6499191 FFFFF8073F965444@6499201 FFFFF8073F965444@6499211 FFFFF8073F965444@6499221 FFFFF8073F965444@6499231 FFFFF8073F965444@6499241 FFFFF8073F965444@6499251 FFFFF8073F965444@6499261 FFFFF8073F965444@6499271 FFFFF8073F965444@6499281 FFFFF8073F965444@6499291 FFFFF8073F965444@6499301 FFFFF8073F965444@6499311 FFFFF8073F965444@6499321 FFFFF8073F965444@6499331 FFFFF8073F965444@6499341 FFFFF8073F965444@6499351 FFFFF8073F965444@6499361 FFFFF8073F965444@6499371 FFFFF8073F965444@6499381 FFFFF8073F965444@6499391 FFFFF8073F965444@6499401 FFFFF8073F965444@6499411 FFFFF8073F965444@6499421 FFFFF8073F965444@6499431 FFFFF8073F965444@6499441 FFFFF8073F965444@6499451 FFFFF8073F965444@6499461 FFFFF8073F965444@6499471 FFFFF8073F965444@6499481 FFFFF8073F965444@6499491 FFFFF8073F965444@6499501 FFFFF8073F965444@6499511 FFFFF8073F965444@6499521 FFFFF8073F965444@6499531 FFFFF8073F965444@6499541 FFFFF8073F965444@6499551 FFFFF8073F965444@6499561 FFFFF8073F965444@6499571 FFFFF8073F965444@6499581 FFFFF8073F965444@6499591 FFFFF8073F965444@6499601 FFFFF8073F965444@6499611 FFFFF8073F965444@6499621 FFFFF8073F965444@6499631 FFFFF8073F965444@6499641 FFFFF8073F965444@6499651 FFFFF8073F965444@6499661 FFFFF8073F965444@6499671 FFFFF8073F965444@6499681 FFFFF8073F965444@6499691 FFFFF8073F965444@6499701 FFFFF8073F965444@6499711 FFFFF8073F965444@6499721 FFFFF8073F965444@6499731 FFFFF8073F965444@6499741 FFFFF8073F965444@6499751 FFFFF8073F965444@6499761 FFFFF8073F965444@6499771 FFFFF8073F965444@6499781 FFFFF8073F965444@6499791 FFFFF8073F965444@6499801 FFFFF8073F965444@6499811 FFFFF8073F965444@6499821 FFFFF8073F965444@6499831 FFFFF8073F965444@6499841 FFFFF8073F965444@6499851 FFFFF8073F965444@6499861 FFFFF8073F965444@6499871 FFFFF8073F965444@6499881 FFFFF8073F965444@6499891 FFFFF8073F965444@6499901 FFFFF8073F965444@6499911 FFFFF8073F965444@6499921 FFFFF8073F965444@6499931 FFFFF8073F965444@6499941 FFFFF8073F965444@6499951 FFFFF8073F965444@6499961 FFFFF8073F965444@6499971 FFFFF8073F965444@6499981 FFFFF8073F965444@6499991
[heartbeat: exitCount=6505000 elapsedSec=162.4 lastPort=0xB008 write=0 val=0xC]
[heartbeat: exitCount=6510000 elapsedSec=162.5 lastPort=0xB008 write=0 val=0xC]
[heartbeat: exitCount=6515000 elapsedSec=162.6 lastPort=0xB008 write=0 val=0xC]
[heartbeat: exitCount=6520000 elapsedSec=162.6 lastPort=0xB008 write=0 val=0xC]
[heartbeat: exitCount=6525000 elapsedSec=162.7 lastPort=0xB008 write=0 val=0xC]
[heartbeat: exitCount=6530000 elapsedSec=162.8 lastPort=0xB008 write=0 val=0xC]
[heartbeat: exitCount=6535000 elapsedSec=162.8 lastPort=0xB008 write=0 val=0xC]
[heartbeat: exitCount=6540000 elapsedSec=162.9 lastPort=0xB008 write=0 val=0xC]
[heartbeat: exitCount=6545000 elapsedSec=162.9 lastPort=0xB008 write=0 val=0xC]
[heartbeat: exitCount=6550000 elapsedSec=163.0 lastPort=0xB008 write=0 val=0xC]
[heartbeat: exitCount=6555000 elapsedSec=163.1 lastPort=0xB008 write=0 val=0xC]
[heartbeat: exitCount=6560000 elapsedSec=163.1 lastPort=0xB008 write=0 val=0xC]
[heartbeat: exitCount=6565000 elapsedSec=163.2 lastPort=0xB008 write=0 val=0xC]
[heartbeat: exitCount=6570000 elapsedSec=163.3 lastPort=0xB008 write=0 val=0xC]
[heartbeat: exitCount=6575000 elapsedSec=163.3 lastPort=0xB008 write=0 val=0xC]
[heartbeat: exitCount=6580000 elapsedSec=163.4 lastPort=0xB008 write=0 val=0xC]
[heartbeat: exitCount=6585000 elapsedSec=163.4 lastPort=0xB008 write=0 val=0xC]
[heartbeat: exitCount=6590000 elapsedSec=163.5 lastPort=0xB008 write=0 val=0xC]
[heartbeat: exitCount=6595000 elapsedSec=163.6 lastPort=0xB008 write=0 val=0xC]
[heartbeat: exitCount=6600000 elapsedSec=163.6 lastPort=0xB008 write=0 val=0xC]
[heartbeat: exitCount=6605000 elapsedSec=163.7 lastPort=0xB008 write=0 val=0xC]
[heartbeat: exitCount=6610000 elapsedSec=163.8 lastPort=0xB008 write=0 val=0xC]
[heartbeat: exitCount=6615000 elapsedSec=163.8 lastPort=0xB008 write=0 val=0xC]
[heartbeat: exitCount=6620000 elapsedSec=163.9 lastPort=0xB008 write=0 val=0xC]
[heartbeat: exitCount=6625000 elapsedSec=164.0 lastPort=0xB008 write=0 val=0xC]
[heartbeat: exitCount=6630000 elapsedSec=164.0 lastPort=0xB008 write=0 val=0xC]
[heartbeat: exitCount=6635000 elapsedSec=164.1 lastPort=0xB008 write=0 val=0xC]
[heartbeat: exitCount=6640000 elapsedSec=164.2 lastPort=0xB008 write=0 val=0xC]
[heartbeat: exitCount=6645000 elapsedSec=164.2 lastPort=0xB008 write=0 val=0xC]
[heartbeat: exitCount=6650000 elapsedSec=164.3 lastPort=0xB008 write=0 val=0xC]
[heartbeat: exitCount=6655000 elapsedSec=164.4 lastPort=0xB008 write=0 val=0xC]
[heartbeat: exitCount=6660000 elapsedSec=164.4 lastPort=0xB008 write=0 val=0xC]
[heartbeat: exitCount=6665000 elapsedSec=164.5 lastPort=0xB008 write=0 val=0xC]
[heartbeat: exitCount=6670000 elapsedSec=164.6 lastPort=0xB008 write=0 val=0xC]
[heartbeat: exitCount=6675000 elapsedSec=164.6 lastPort=0xB008 write=0 val=0xC]
[heartbeat: exitCount=6680000 elapsedSec=164.7 lastPort=0xB008 write=0 val=0xC]
[heartbeat: exitCount=6685000 elapsedSec=164.8 lastPort=0xB008 write=0 val=0xC]
[heartbeat: exitCount=6690000 elapsedSec=164.8 lastPort=0xB008 write=0 val=0xC]
[heartbeat: exitCount=6695000 elapsedSec=164.9 lastPort=0xB008 write=0 val=0xC]
[heartbeat: exitCount=6700000 elapsedSec=165.0 lastPort=0xB008 write=0 val=0xC]
[heartbeat: exitCount=6705000 elapsedSec=165.0 lastPort=0xB008 write=0 val=0xC]
[heartbeat: exitCount=6710000 elapsedSec=165.1 lastPort=0xB008 write=0 val=0xC]
[heartbeat: exitCount=6715000 elapsedSec=165.2 lastPort=0xB008 write=0 val=0xC]
[heartbeat: exitCount=6720000 elapsedSec=165.2 lastPort=0xB008 write=0 val=0xC]
[heartbeat: exitCount=6725000 elapsedSec=165.3 lastPort=0xB008 write=0 val=0xC]
[heartbeat: exitCount=6730000 elapsedSec=165.3 lastPort=0xB008 write=0 val=0xC]
[heartbeat: exitCount=6735000 elapsedSec=165.4 lastPort=0xB008 write=0 val=0xC]
[heartbeat: exitCount=6740000 elapsedSec=165.4 lastPort=0xB008 write=0 val=0xC]
[heartbeat: exitCount=6745000 elapsedSec=165.5 lastPort=0xB008 write=0 val=0xC]
[heartbeat: exitCount=6750000 elapsedSec=165.6 lastPort=0xB008 write=0 val=0xC]
[u40] === RIP histogram pass 2 (periodic): 591600 samples, base=0xFFFFF8073F600000 ===
[u40]    79484  page 0xFFFFF8015DD65000
[u40]    71990  page 0xFFFFF8027C965000
[u40]    71139  page 0xFFFFF80209965000
[u40]    68412  page 0xFFFFF80137965000
[u40]    66656  page 0xFFFFF8030D165000
[u40]    63009  page 0xBEA03000
[u40]    62022  page 0xFFFFF8073F965000  = base+0x365000
[u40]    59413  page 0xFFFFF8033DB65000
[u40]    11543  page 0x1DD9000
[u40]     7810  page 0xBF14E000
[u40]     3956  page 0xBFC50000
[u40]     2763  page 0xBFD68000
[u40]     1644  page 0xFFFFF8073F9BD000  = base+0x3BD000
[u40]     1642  page 0xFFFFF801379BD000
[u40]     1642  page 0xFFFFF8030D1BD000
[u40]     1641  page 0xFFFFF802099BD000
[u40]     1638  page 0xFFFFF8027C9BD000
[u40]     1638  page 0xFFFFF8033DBBD000
[u40]   most recent 256 samples (newest last):
[u40]     FFFFF8073F965444@6747441 FFFFF8073F965444@6747451 FFFFF8073F965444@6747461 FFFFF8073F965444@6747471 FFFFF8073F965444@6747481 FFFFF8073F965444@6747491 FFFFF8073F965444@6747501 FFFFF8073F965444@6747511 FFFFF8073F965444@6747521 FFFFF8073F965444@6747531 FFFFF8073F965444@6747541 FFFFF8073F965444@6747551 FFFFF8073F965444@6747561 FFFFF8073F965444@6747571 FFFFF8073F965444@6747581 FFFFF8073F965444@6747591 FFFFF8073F965444@6747601 FFFFF8073F965444@6747611 FFFFF8073F965444@6747621 FFFFF8073F965444@6747631 FFFFF8073F965444@6747641 FFFFF8073F965444@6747651 FFFFF8073F965444@6747661 FFFFF8073F965444@6747671 FFFFF8073F965444@6747681 FFFFF8073F965444@6747691 FFFFF8073F965444@6747701 FFFFF8073F965444@6747711 FFFFF8073F965444@6747721 FFFFF8073F965444@6747731 FFFFF8073F965444@6747741 FFFFF8073F965444@6747751 FFFFF8073F965444@6747761 FFFFF8073F965444@6747771 FFFFF8073F965444@6747781 FFFFF8073F965444@6747791 FFFFF8073F965444@6747801 FFFFF8073F965444@6747811 FFFFF8073F965444@6747821 FFFFF8073F965444@6747831 FFFFF8073F965444@6747841 FFFFF8073F965444@6747851 FFFFF8073F965444@6747861 FFFFF8073F965444@6747871 FFFFF8073F965444@6747881 FFFFF8073F965444@6747891 FFFFF8073F965444@6747901 FFFFF8073F965444@6747911 FFFFF8073F965444@6747921 FFFFF8073F965444@6747931 FFFFF8073F965444@6747941 FFFFF8073F965444@6747951 FFFFF8073F965444@6747961 FFFFF8073F965444@6747971 FFFFF8073F965444@6747981 FFFFF8073F965444@6747991 FFFFF8073F965444@6748001 FFFFF8073F965444@6748011 FFFFF8073F965444@6748021 FFFFF8073F965444@6748031 FFFFF8073F965444@6748041 FFFFF8073F965444@6748051 FFFFF8073F965444@6748061 FFFFF8073F965444@6748071 FFFFF8073F965444@6748081 FFFFF8073F965444@6748091 FFFFF8073F965444@6748101 FFFFF8073F965444@6748111 FFFFF8073F965444@6748121 FFFFF8073F965444@6748131 FFFFF8073F965444@6748141 FFFFF8073F965444@6748151 FFFFF8073F965444@6748161 FFFFF8073F965444@6748171 FFFFF8073F965444@6748181 FFFFF8073F965444@6748191 FFFFF8073F965444@6748201 FFFFF8073F965444@6748211 FFFFF8073F965444@6748221 FFFFF8073F965444@6748231 FFFFF8073F965444@6748241 FFFFF8073F965444@6748251 FFFFF8073F965444@6748261 FFFFF8073F965444@6748271 FFFFF8073F965444@6748281 FFFFF8073F965444@6748291 FFFFF8073F965444@6748301 FFFFF8073F965444@6748311 FFFFF8073F965444@6748321 FFFFF8073F965444@6748331 FFFFF8073F965444@6748341 FFFFF8073F965444@6748351 FFFFF8073F965444@6748361 FFFFF8073F965444@6748371 FFFFF8073F965444@6748381 FFFFF8073F965444@6748391 FFFFF8073F965444@6748401 FFFFF8073F965444@6748411 FFFFF8073F965444@6748421 FFFFF8073F965444@6748431 FFFFF8073F965444@6748441 FFFFF8073F965444@6748451 FFFFF8073F965444@6748461 FFFFF8073F965444@6748471 FFFFF8073F965444@6748481 FFFFF8073F965444@6748491 FFFFF8073F965444@6748501 FFFFF8073F965444@6748511 FFFFF8073F965444@6748521 FFFFF8073F965444@6748531 FFFFF8073F965444@6748541 FFFFF8073F965444@6748551 FFFFF8073F965444@6748561 FFFFF8073F965444@6748571 FFFFF8073F965444@6748581 FFFFF8073F965444@6748591 FFFFF8073F965444@6748601 FFFFF8073F965444@6748611 FFFFF8073F965444@6748621 FFFFF8073F965444@6748631 FFFFF8073F965444@6748641 FFFFF8073F965444@6748651 FFFFF8073F965444@6748661 FFFFF8073F965444@6748671 FFFFF8073F965444@6748681 FFFFF8073F965444@6748691 FFFFF8073F965444@6748701 FFFFF8073F965444@6748711 FFFFF8073F965444@6748721 FFFFF8073F965444@6748731 FFFFF8073F965444@6748741 FFFFF8073F965444@6748751 FFFFF8073F965444@6748761 FFFFF8073F965444@6748771 FFFFF8073F965444@6748781 FFFFF8073F965444@6748791 FFFFF8073F965444@6748801 FFFFF8073F965444@6748811 FFFFF8073F965444@6748821 FFFFF8073F965444@6748831 FFFFF8073F965444@6748841 FFFFF8073F965444@6748851 FFFFF8073F965444@6748861 FFFFF8073F965444@6748871 FFFFF8073F965444@6748881 FFFFF8073F965444@6748891 FFFFF8073F965444@6748901 FFFFF8073F965444@6748911 FFFFF8073F965444@6748921 FFFFF8073F965444@6748931 FFFFF8073F965444@6748941 FFFFF8073F965444@6748951 FFFFF8073F965444@6748961 FFFFF8073F965444@6748971 FFFFF8073F965444@6748981 FFFFF8073F965444@6748991 FFFFF8073F965444@6749001 FFFFF8073F965444@6749011 FFFFF8073F965444@6749021 FFFFF8073F965444@6749031 FFFFF8073F965444@6749041 FFFFF8073F965444@6749051 FFFFF8073F965444@6749061 FFFFF8073F965444@6749071 FFFFF8073F965444@6749081 FFFFF8073F965444@6749091 FFFFF8073F965444@6749101 FFFFF8073F965444@6749111 FFFFF8073F965444@6749121 FFFFF8073F965444@6749131 FFFFF8073F965444@6749141 FFFFF8073F965444@6749151 FFFFF8073F965444@6749161 FFFFF8073F965444@6749171 FFFFF8073F965444@6749181 FFFFF8073F965444@6749191 FFFFF8073F965444@6749201 FFFFF8073F965444@6749211 FFFFF8073F965444@6749221 FFFFF8073F965444@6749231 FFFFF8073F965444@6749241 FFFFF8073F965444@6749251 FFFFF8073F965444@6749261 FFFFF8073F965444@6749271 FFFFF8073F965444@6749281 FFFFF8073F965444@6749291 FFFFF8073F965444@6749301 FFFFF8073F965444@6749311 FFFFF8073F965444@6749321 FFFFF8073F965444@6749331 FFFFF8073F965444@6749341 FFFFF8073F965444@6749351 FFFFF8073F965444@6749361 FFFFF8073F965444@6749371 FFFFF8073F965444@6749381 FFFFF8073F965444@6749391 FFFFF8073F965444@6749401 FFFFF8073F965444@6749411 FFFFF8073F965444@6749421 FFFFF8073F965444@6749431 FFFFF8073F965444@6749441 FFFFF8073F965444@6749451 FFFFF8073F965444@6749461 FFFFF8073F965444@6749471 FFFFF8073F965444@6749481 FFFFF8073F965444@6749491 FFFFF8073F965444@6749501 FFFFF8073F965444@6749511 FFFFF8073F965444@6749521 FFFFF8073F965444@6749531 FFFFF8073F965444@6749541 FFFFF8073F965444@6749551 FFFFF8073F965444@6749561 FFFFF8073F965444@6749571 FFFFF8073F965444@6749581 FFFFF8073F965444@6749591 FFFFF8073F965444@6749601 FFFFF8073F965444@6749611 FFFFF8073F965444@6749621 FFFFF8073F965444@6749631 FFFFF8073F965444@6749641 FFFFF8073F965444@6749651 FFFFF8073F965444@6749661 FFFFF8073F965444@6749671 FFFFF8073F965444@6749681 FFFFF8073F965444@6749691 FFFFF8073F965444@6749701 FFFFF8073F965444@6749711 FFFFF8073F965444@6749721 FFFFF8073F965444@6749731 FFFFF8073F965444@6749741 FFFFF8073F965444@6749751 FFFFF8073F965444@6749761 FFFFF8073F965444@6749771 FFFFF8073F965444@6749781 FFFFF8073F965444@6749791 FFFFF8073F965444@6749801 FFFFF8073F965444@6749811 FFFFF8073F965444@6749821 FFFFF8073F965444@6749831 FFFFF8073F965444@6749841 FFFFF8073F965444@6749851 FFFFF8073F965444@6749861 FFFFF8073F965444@6749871 FFFFF8073F965444@6749881 FFFFF8073F965444@6749891 FFFFF8073F965444@6749901 FFFFF8073F965444@6749911 FFFFF8073F965444@6749921 FFFFF8073F965444@6749931 FFFFF8073F965444@6749941 FFFFF8073F965444@6749951 FFFFF8073F965444@6749961 FFFFF8073F965444@6749971 FFFFF8073F965444@6749981 FFFFF8073F965444@6749991
[heartbeat: exitCount=6755000 elapsedSec=165.6 lastPort=0xB008 write=0 val=0xC]
[heartbeat: exitCount=6760000 elapsedSec=165.7 lastPort=0xB008 write=0 val=0xC]
[heartbeat: exitCount=6765000 elapsedSec=165.7 lastPort=0xB008 write=0 val=0xC]
[heartbeat: exitCount=6770000 elapsedSec=165.8 lastPort=0xB008 write=0 val=0xC]
[heartbeat: exitCount=6775000 elapsedSec=165.9 lastPort=0xB008 write=0 val=0xC]
[heartbeat: exitCount=6780000 elapsedSec=165.9 lastPort=0xB008 write=0 val=0xC]
[heartbeat: exitCount=6785000 elapsedSec=166.0 lastPort=0xB008 write=0 val=0xC]
[heartbeat: exitCount=6790000 elapsedSec=166.0 lastPort=0xB008 write=0 val=0xC]
[heartbeat: exitCount=6795000 elapsedSec=166.1 lastPort=0xB008 write=0 val=0xC]
[heartbeat: exitCount=6800000 elapsedSec=166.2 lastPort=0xB008 write=0 val=0xC]
[heartbeat: exitCount=6805000 elapsedSec=166.2 lastPort=0xB008 write=0 val=0xC]
[heartbeat: exitCount=6810000 elapsedSec=166.3 lastPort=0xB008 write=0 val=0xC]
[heartbeat: exitCount=6815000 elapsedSec=166.4 lastPort=0xB008 write=0 val=0xC]
[heartbeat: exitCount=6820000 elapsedSec=166.5 lastPort=0xB008 write=0 val=0xC]
[heartbeat: exitCount=6825000 elapsedSec=166.5 lastPort=0xB008 write=0 val=0xC]
[heartbeat: exitCount=6830000 elapsedSec=166.6 lastPort=0xB008 write=0 val=0xC]
[heartbeat: exitCount=6835000 elapsedSec=166.6 lastPort=0xB008 write=0 val=0xC]
[heartbeat: exitCount=6840000 elapsedSec=166.7 lastPort=0xB008 write=0 val=0xC]
[heartbeat: exitCount=6845000 elapsedSec=166.8 lastPort=0xB008 write=0 val=0xC]
[heartbeat: exitCount=6850000 elapsedSec=166.8 lastPort=0xB008 write=0 val=0xC]
[heartbeat: exitCount=6855000 elapsedSec=166.9 lastPort=0xB008 write=0 val=0xC]
[heartbeat: exitCount=6860000 elapsedSec=167.0 lastPort=0xB008 write=0 val=0xC]
[heartbeat: exitCount=6865000 elapsedSec=167.0 lastPort=0xB008 write=0 val=0xC]
[heartbeat: exitCount=6870000 elapsedSec=167.1 lastPort=0xB008 write=0 val=0xC]
[heartbeat: exitCount=6875000 elapsedSec=167.2 lastPort=0xB008 write=0 val=0xC]
[heartbeat: exitCount=6880000 elapsedSec=167.2 lastPort=0xB008 write=0 val=0xC]
[heartbeat: exitCount=6885000 elapsedSec=167.3 lastPort=0xB008 write=0 val=0xC]
[heartbeat: exitCount=6890000 elapsedSec=167.4 lastPort=0xB008 write=0 val=0xC]
[heartbeat: exitCount=6895000 elapsedSec=167.4 lastPort=0xB008 write=0 val=0xC]
[heartbeat: exitCount=6900000 elapsedSec=167.5 lastPort=0xB008 write=0 val=0xC]
[rtc-diag] tick #5500 SKIPPED (interrupts disabled), skippedTotal=5027 firedTotal=473
[heartbeat: exitCount=6905000 elapsedSec=167.6 lastPort=0xB008 write=0 val=0xC]
[cmos-ab] write reg=0x0B value=0x02 (RegA=0x25 RegB=0x02, PIE=0)
[cmos-ab] write reg=0x0B value=0x02 (RegA=0x25 RegB=0x02, PIE=0)
[reset] port 0x64/0xFE keyboard-controller reset pulse honored -- vCPU restarted at reset vector (exitCount=6909533)
[u40] === RIP histogram pass 1 (end of pass 1, at reset): 8340 samples, base=0xFFFFF8003CA00000 ===
[u40]     6865  page 0xFFFFF8003CD65000  = base+0x365000
[u40]      693  page 0xBEA03000
[u40]      165  page 0x1DD9000
[u40]      164  page 0xFFFFF8003CDBD000  = base+0x3BD000
[u40]      106  page 0xBF14E000
[u40]       96  page 0xBE41C000
[u40]       81  page 0xFFFFF8003CDBC000  = base+0x3BC000
[u40]       44  page 0xBFC50000
[u40]       41  page 0xBFD68000
[u40]       20  page 0xBE422000
[u40]       18  page 0xBF14F000
[u40]       16  page 0xFFFFF8003CECC000  = base+0x4CC000
[u40]       12  page 0xBF16B000
[u40]       11  page 0xBF174000
[u40]        2  page 0xFFFFF8003CDA5000  = base+0x3A5000
[u40]        2  page 0x848000
[u40]        1  page 0xFFFFF8003CE02000  = base+0x402000
[u40]        1  page 0xBF1CC000
[u40]   most recent 256 samples (newest last):
[u40]     FFFFF8003CD65444@808401 FFFFF8003CD65444@808501 FFFFF8003CD65444@808601 FFFFF8003CD65444@808701 FFFFF8003CD65444@808801 FFFFF8003CD65444@808901 FFFFF8003CD65444@809001 FFFFF8003CD65444@809101 FFFFF8003CD65444@809201 FFFFF8003CD65444@809301 FFFFF8003CD65444@809401 FFFFF8003CD65444@809501 FFFFF8003CD65444@809601 FFFFF8003CD65444@809701 FFFFF8003CD65444@809801 FFFFF8003CD65444@809901 FFFFF8003CD65444@810001 FFFFF8003CD65444@810101 FFFFF8003CD65444@810201 FFFFF8003CD65444@810301 FFFFF8003CD65444@810401 FFFFF8003CD65444@810501 FFFFF8003CD65444@810601 FFFFF8003CD65444@810701 FFFFF8003CD65444@810801 FFFFF8003CD65444@810901 FFFFF8003CD65444@811001 FFFFF8003CD65444@811101 FFFFF8003CD65444@811201 FFFFF8003CD65444@811301 FFFFF8003CD65444@811401 FFFFF8003CD65444@811501 FFFFF8003CD65444@811601 FFFFF8003CD65444@811701 FFFFF8003CD65444@811801 FFFFF8003CD65444@811901 FFFFF8003CD65444@812001 FFFFF8003CD65444@812101 FFFFF8003CD65444@812201 FFFFF8003CD65444@812301 FFFFF8003CD65444@812401 FFFFF8003CD65444@812501 FFFFF8003CD65444@812601 FFFFF8003CD65444@812701 FFFFF8003CD65444@812801 FFFFF8003CD65444@812901 FFFFF8003CD65444@813001 FFFFF8003CD65444@813101 FFFFF8003CD65444@813201 FFFFF8003CD65444@813301 FFFFF8003CD65444@813401 FFFFF8003CD65444@813501 FFFFF8003CD65444@813601 FFFFF8003CD65444@813701 FFFFF8003CD65444@813801 FFFFF8003CD65444@813901 FFFFF8003CD65444@814001 FFFFF8003CD65444@814101 FFFFF8003CD65444@814201 FFFFF8003CD65444@814301 FFFFF8003CD65444@814401 FFFFF8003CD65444@814501 FFFFF8003CD65444@814601 FFFFF8003CD65444@814701 FFFFF8003CD65444@814801 FFFFF8003CD65444@814901 FFFFF8003CD65444@815001 FFFFF8003CD65444@815101 FFFFF8003CD65444@815201 FFFFF8003CD65444@815301 FFFFF8003CD65444@815401 FFFFF8003CD65444@815501 FFFFF8003CD65444@815601 FFFFF8003CD65444@815701 FFFFF8003CD65444@815801 FFFFF8003CD65444@815901 FFFFF8003CD65444@816001 FFFFF8003CD65444@816101 FFFFF8003CD65444@816201 FFFFF8003CD65444@816301 FFFFF8003CD65444@816401 FFFFF8003CD65444@816501 FFFFF8003CD65444@816601 FFFFF8003CD65444@816701 FFFFF8003CD65444@816801 FFFFF8003CD65444@816901 FFFFF8003CD65444@817001 FFFFF8003CD65444@817101 FFFFF8003CD65444@817201 FFFFF8003CD65444@817301 FFFFF8003CD65444@817401 FFFFF8003CD65444@817501 FFFFF8003CD65444@817601 FFFFF8003CD65444@817701 FFFFF8003CD65444@817801 FFFFF8003CD65444@817901 FFFFF8003CD65444@818001 FFFFF8003CD65444@818101 FFFFF8003CD65444@818201 FFFFF8003CD65444@818301 FFFFF8003CD65444@818401 FFFFF8003CD65444@818501 FFFFF8003CD65444@818601 FFFFF8003CD65444@818701 FFFFF8003CD65444@818801 FFFFF8003CD65444@818901 FFFFF8003CD65444@819001 FFFFF8003CD65444@819101 FFFFF8003CD65444@819201 FFFFF8003CD65444@819301 FFFFF8003CD65444@819401 FFFFF8003CD65444@819501 FFFFF8003CD65444@819601 FFFFF8003CD65444@819701 FFFFF8003CD65444@819801 FFFFF8003CD65444@819901 FFFFF8003CD65444@820001 FFFFF8003CD65444@820101 FFFFF8003CD65444@820201 FFFFF8003CD65444@820301 FFFFF8003CD65444@820401 FFFFF8003CD65444@820501 FFFFF8003CD65444@820601 FFFFF8003CD65444@820701 FFFFF8003CD65444@820801 FFFFF8003CD65444@820901 FFFFF8003CD65444@821001 FFFFF8003CD65444@821101 FFFFF8003CD65444@821201 FFFFF8003CD65444@821301 FFFFF8003CD65444@821401 FFFFF8003CD65444@821501 FFFFF8003CD65444@821601 FFFFF8003CD65444@821701 FFFFF8003CD65444@821801 FFFFF8003CD65444@821901 FFFFF8003CD65444@822001 FFFFF8003CD65444@822101 FFFFF8003CD65444@822201 FFFFF8003CD65444@822301 FFFFF8003CD65444@822401 FFFFF8003CD65444@822501 FFFFF8003CD65444@822601 FFFFF8003CD65444@822701 FFFFF8003CD65444@822801 FFFFF8003CD65444@822901 FFFFF8003CD65444@823001 FFFFF8003CD65444@823101 FFFFF8003CD65444@823201 FFFFF8003CD65444@823301 FFFFF8003CD65444@823401 FFFFF8003CD65444@823501 FFFFF8003CD65444@823601 FFFFF8003CD65444@823701 FFFFF8003CD65444@823801 FFFFF8003CD65444@823901 FFFFF8003CD65444@824001 FFFFF8003CD65444@824101 FFFFF8003CD65444@824201 FFFFF8003CD65444@824301 FFFFF8003CD65444@824401 FFFFF8003CD65444@824501 FFFFF8003CD65444@824601 FFFFF8003CD65444@824701 FFFFF8003CD65444@824801 FFFFF8003CD65444@824901 FFFFF8003CD65444@825001 FFFFF8003CD65444@825101 FFFFF8003CD65444@825201 FFFFF8003CD65444@825301 FFFFF8003CD65444@825401 FFFFF8003CD65444@825501 FFFFF8003CD65444@825601 FFFFF8003CD65444@825701 FFFFF8003CD65444@825801 FFFFF8003CD65444@825901 FFFFF8003CD65444@826001 FFFFF8003CD65444@826101 FFFFF8003CD65444@826201 FFFFF8003CD65444@826301 FFFFF8003CD65444@826401 FFFFF8003CD65444@826501 FFFFF8003CD65444@826601 FFFFF8003CD65444@826701 FFFFF8003CD65444@826801 FFFFF8003CD65444@826901 FFFFF8003CD65444@827001 FFFFF8003CD65444@827101 FFFFF8003CD65444@827201 FFFFF8003CD65444@827301 FFFFF8003CD65444@827401 FFFFF8003CD65444@827501 FFFFF8003CD65444@827601 FFFFF8003CD65444@827701 FFFFF8003CD65444@827801 FFFFF8003CD65444@827901 FFFFF8003CD65444@828001 FFFFF8003CD65444@828101 FFFFF8003CD65444@828201 FFFFF8003CD65444@828301 FFFFF8003CD65444@828401 FFFFF8003CD65444@828501 FFFFF8003CD65444@828601 FFFFF8003CD65444@828701 FFFFF8003CD65444@828801 FFFFF8003CD65444@828901 FFFFF8003CD65444@829001 FFFFF8003CD65444@829101 FFFFF8003CD65444@829201 FFFFF8003CD65444@829301 FFFFF8003CD65444@829401 FFFFF8003CD65444@829501 FFFFF8003CD65444@829601 FFFFF8003CD65444@829701 FFFFF8003CD65444@829801 FFFFF8003CD65444@829901 FFFFF8003CD65444@830001 FFFFF8003CD65444@830101 FFFFF8003CD65444@830201 FFFFF8003CD65444@830301 FFFFF8003CD65444@830401 FFFFF8003CD65444@830501 FFFFF8003CD65444@830601 FFFFF8003CD65444@830701 FFFFF8003CD65444@830801 FFFFF8003CD65444@830901 FFFFF8003CD65444@831001 FFFFF8003CD65444@831101 FFFFF8003CD65444@831201 FFFFF8003CD65444@831301 FFFFF8003CD65444@831401 FFFFF8003CD65444@831501 FFFFF8003CD65444@831601 FFFFF8003CD65444@831701 FFFFF8003CD65444@831801 FFFFF8003CD65444@831901 FFFFF8003CD65444@832001 FFFFF8003CD65444@832101 FFFFF8003CD65444@832201 FFFFF8003CD65444@832301 FFFFF8003CD65444@832401 FFFFF8003CD65444@832501 FFFFF8003CD65444@832601 FFFFF8003CD65444@832701 FFFFF8003CD65444@832801 FFFFF8003CD65444@832901 FFFFF8003CD65444@833001 FFFFF8003CD65444@833101 FFFFF8003CD65444@833201 FFFFF8003CD65444@833301 FFFFF8003CD65444@833401 FFFFF8003CD65444@833501 FFFFF8003CD65444@833601 FFFFF8003CD65444@833701 FFFFF8003CD65444@833801 FFFFF8003CD65444@833901
[u46] LAPIC state (at reset -- state pass 2 will INHERIT, 4096 bytes): TPR=0xF0 PPR=0x0 SVR=0x1DF
[u46]   LVT Timer=0x300FD (vector=0xFD PERIODIC masked=1) InitCnt=0x0 CurCnt=0x0 Div=0xB
[u46]   IRR: no pending vectors
[u47] LAPIC quiesced at reset (LVTs masked, timer stopped, pending/ISR/IRR cleared, TPR=0)
[u46] LAPIC state (after U47 quiesce, 4096 bytes): TPR=0x0 PPR=0x0 SVR=0x1DF
[u46]   LVT Timer=0x10000 (vector=0x00 one-shot masked=1) InitCnt=0x0 CurCnt=0x0 Div=0xB
[u46]   IRR: no pending vectors
[u42] pass1 IOAPIC accesses total=274 (logged 260)
[u42] state INHERITED by pass 2: ioapic1.id=1 selectedReg=0x20 | ioapic2.id=2 selectedReg=0x3F
[u42]   ioapic1.redir[0]=0x00000000000100FF (vec=0xFF masked=1) -- NOT at power-on default
[u42]   ioapic1.redir[1]=0x00000000000100FF (vec=0xFF masked=1) -- NOT at power-on default
[u42]   ioapic1.redir[2]=0x00000000000100FF (vec=0xFF masked=1) -- NOT at power-on default
[u42]   ioapic1.redir[3]=0x00000000000100FF (vec=0xFF masked=1) -- NOT at power-on default
[u42]   ioapic1.redir[4]=0x00000000000100FF (vec=0xFF masked=1) -- NOT at power-on default
[u42]   ioapic1.redir[5]=0x00000000000100FF (vec=0xFF masked=1) -- NOT at power-on default
[u42]   ioapic1.redir[6]=0x00000000000100FF (vec=0xFF masked=1) -- NOT at power-on default
[u42]   ioapic1.redir[7]=0x00000000000100FF (vec=0xFF masked=1) -- NOT at power-on default
[u42]   ioapic1.redir[8]=0x01000000000008D1 (vec=0xD1 masked=0) -- NOT at power-on default
[u42]   ioapic1.redir[9]=0x00000000000100FF (vec=0xFF masked=1) -- NOT at power-on default
[u42]   ioapic1.redir[10]=0x00000000000100FF (vec=0xFF masked=1) -- NOT at power-on default
[u42]   ioapic1.redir[11]=0x00000000000100FF (vec=0xFF masked=1) -- NOT at power-on default
[u42]   ioapic1.redir[12]=0x00000000000100FF (vec=0xFF masked=1) -- NOT at power-on default
[u42]   ioapic1.redir[13]=0x00000000000100FF (vec=0xFF masked=1) -- NOT at power-on default
[u42]   ioapic1.redir[14]=0x00000000000100FF (vec=0xFF masked=1) -- NOT at power-on default
[u42]   ioapic1.redir[15]=0x00000000000100FF (vec=0xFF masked=1) -- NOT at power-on default
[u42]   ioapic1.redir[16]=0x00000000000100FF (vec=0xFF masked=1) -- NOT at power-on default
[u42]   ioapic1.redir[17]=0x00000000000100FF (vec=0xFF masked=1) -- NOT at power-on default
[u42]   ioapic1.redir[18]=0x00000000000100FF (vec=0xFF masked=1) -- NOT at power-on default
[u42]   ioapic1.redir[19]=0x00000000000100FF (vec=0xFF masked=1) -- NOT at power-on default
[u42]   ioapic1.redir[20]=0x00000000000100FF (vec=0xFF masked=1) -- NOT at power-on default
[u42]   ioapic1.redir[21]=0x00000000000100FF (vec=0xFF masked=1) -- NOT at power-on default
[u42]   ioapic1.redir[22]=0x00000000000100FF (vec=0xFF masked=1) -- NOT at power-on default
[u42]   ioapic1.redir[23]=0x00000000000100FF (vec=0xFF masked=1) -- NOT at power-on default
[u42]   ioapic2.redir[0]=0x00000000000100FF (vec=0xFF masked=1) -- NOT at power-on default
[u42]   ioapic2.redir[1]=0x00000000000100FF (vec=0xFF masked=1) -- NOT at power-on default
[u42]   ioapic2.redir[2]=0x00000000000100FF (vec=0xFF masked=1) -- NOT at power-on default
[u42]   ioapic2.redir[3]=0x00000000000100FF (vec=0xFF masked=1) -- NOT at power-on default
[u42]   ioapic2.redir[4]=0x00000000000100FF (vec=0xFF masked=1) -- NOT at power-on default
[u42]   ioapic2.redir[5]=0x00000000000100FF (vec=0xFF masked=1) -- NOT at power-on default
[u42]   ioapic2.redir[6]=0x00000000000100FF (vec=0xFF masked=1) -- NOT at power-on default
[u42]   ioapic2.redir[7]=0x00000000000100FF (vec=0xFF masked=1) -- NOT at power-on default
[u42]   ioapic2.redir[8]=0x00000000000100FF (vec=0xFF masked=1) -- NOT at power-on default
[u42]   ioapic2.redir[9]=0x00000000000100FF (vec=0xFF masked=1) -- NOT at power-on default
[u42]   ioapic2.redir[10]=0x00000000000100FF (vec=0xFF masked=1) -- NOT at power-on default
[u42]   ioapic2.redir[11]=0x00000000000100FF (vec=0xFF masked=1) -- NOT at power-on default
[u42]   ioapic2.redir[12]=0x00000000000100FF (vec=0xFF masked=1) -- NOT at power-on default
[u42]   ioapic2.redir[13]=0x00000000000100FF (vec=0xFF masked=1) -- NOT at power-on default
[u42]   ioapic2.redir[14]=0x00000000000100FF (vec=0xFF masked=1) -- NOT at power-on default
[u42]   ioapic2.redir[15]=0x00000000000100FF (vec=0xFF masked=1) -- NOT at power-on default
[u42]   ioapic2.redir[16]=0x00000000000100FF (vec=0xFF masked=1) -- NOT at power-on default
[u42]   ioapic2.redir[17]=0x00000000000100FF (vec=0xFF masked=1) -- NOT at power-on default
[u42]   ioapic2.redir[18]=0x00000000000100FF (vec=0xFF masked=1) -- NOT at power-on default
[u42]   ioapic2.redir[19]=0x00000000000100FF (vec=0xFF masked=1) -- NOT at power-on default
[u42]   ioapic2.redir[20]=0x00000000000100FF (vec=0xFF masked=1) -- NOT at power-on default
[u42]   ioapic2.redir[21]=0x00000000000100FF (vec=0xFF masked=1) -- NOT at power-on default
[u42]   ioapic2.redir[22]=0x00000000000100FF (vec=0xFF masked=1) -- NOT at power-on default
[u42]   ioapic2.redir[23]=0x00000000000100FF (vec=0xFF masked=1) -- NOT at power-on default
[heartbeat: exitCount=6910000 elapsedSec=167.8 lastPort=0xB008 write=0 val=0x2]
[heartbeat: exitCount=6915000 elapsedSec=167.9 lastPort=0xB008 write=0 val=0x2]
[ramfb] configured: address=0xBE500000 800x600 stride=3200
[cmos-ab] write reg=0x0A value=0x26 (RegA=0x26 RegB=0x02, PIE=0)
[heartbeat: exitCount=6920000 elapsedSec=168.0 lastPort=0xCF8 write=0 val=0x89]
[2J[001;001H[=3h[2J[001;001H[2J[001;001H[8;056;240t[2J[001;001H[2J[001;001H[=3h[2J[001;001H[2J[001;001H[8;031;100t[2J[001;001H[heartbeat: exitCount=6925000 elapsedSec=168.1 lastPort=0x64 write=0 val=0x20]
[heartbeat: exitCount=6930000 elapsedSec=168.2 lastPort=0x64 write=0 val=0x20]
[aux] controller: disable AUX port
[heartbeat: exitCount=6935000 elapsedSec=168.2 lastPort=0xCF8 write=1 val=0x0]
[heartbeat: exitCount=6940000 elapsedSec=168.3 lastPort=0xCFC write=0 val=0x0]
BdsDxe: loading Boot0002 "UEFI LocalHost Virtual Disk LH0001 " from PciRoot(0x0)/Pci(0x2,0x0)/Sata(0x0,0xFFFF,0x0)
BdsDxe: starting Boot0002 "UEFI LocalHost Virtual Disk LH0001 " from PciRoot(0x0)/Pci(0x2,0x0)/Sata(0x0,0xFFFF,0x0)
[heartbeat: exitCount=6945000 elapsedSec=168.5 lastPort=0x2F8 write=1 val=0x0]
[2J[001;001H[=3h[2J[001;001H[heartbeat: exitCount=6950000 elapsedSec=168.6 lastPort=0xB008 write=0 val=0x89]
[heartbeat: exitCount=6955000 elapsedSec=168.6 lastPort=0xB008 write=0 val=0x89]
[heartbeat: exitCount=6960000 elapsedSec=168.7 lastPort=0xB008 write=0 val=0x89]
[heartbeat: exitCount=6965000 elapsedSec=168.8 lastPort=0xB008 write=0 val=0x89]
[heartbeat: exitCount=6970000 elapsedSec=168.9 lastPort=0xB008 write=0 val=0x89]
[heartbeat: exitCount=6975000 elapsedSec=169.0 lastPort=0xB008 write=0 val=0x89]
[heartbeat: exitCount=6980000 elapsedSec=169.1 lastPort=0xB008 write=0 val=0x89]
[heartbeat: exitCount=6985000 elapsedSec=169.2 lastPort=0xB008 write=0 val=0x89]
[heartbeat: exitCount=6990000 elapsedSec=169.3 lastPort=0xB008 write=0 val=0x89]
[heartbeat: exitCount=6995000 elapsedSec=169.4 lastPort=0xB008 write=0 val=0x89]
[heartbeat: exitCount=7000000 elapsedSec=169.5 lastPort=0xB008 write=0 val=0x89]
[u40] === RIP histogram pass 2 (periodic): 616600 samples, base=0xFFFFF8073F600000 ===
[u40]    79484  page 0xFFFFF8015DD65000
[u40]    77976  page 0xFFFFF8073F965000  = base+0x365000
[u40]    71990  page 0xFFFFF8027C965000
[u40]    71139  page 0xFFFFF80209965000
[u40]    68626  page 0xBEA03000
[u40]    68412  page 0xFFFFF80137965000
[u40]    66656  page 0xFFFFF8030D165000
[u40]    59413  page 0xFFFFF8033DB65000
[u40]    11543  page 0x1DD9000
[u40]     8960  page 0xBF14E000
[u40]     4576  page 0xBFC50000
[u40]     2789  page 0xBFD68000
[u40]     1644  page 0xFFFFF8073F9BD000  = base+0x3BD000
[u40]     1642  page 0xFFFFF801379BD000
[u40]     1642  page 0xFFFFF8030D1BD000
[u40]     1641  page 0xFFFFF802099BD000
[u40]     1638  page 0xFFFFF8027C9BD000
[u40]     1638  page 0xFFFFF8033DBBD000
[u40]   most recent 256 samples (newest last):
[u40]     BEA03B01@6997441 BEA03B01@6997451 BEA03B01@6997461 BEA03B01@6997471 BEA03B01@6997481 BEA03B01@6997491 BEA03B01@6997501 BEA03B01@6997511 BEA03B01@6997521 BEA03B01@6997531 BEA03B01@6997541 BEA03B01@6997551 BEA03B01@6997561 BEA03B01@6997571 BEA03B01@6997581 BEA03B01@6997591 BEA03B01@6997601 BEA03B01@6997611 BEA03B01@6997621 BEA03B01@6997631 BEA03B01@6997641 BEA03B01@6997651 BEA03B01@6997661 BEA03B01@6997671 BEA03B01@6997681 BEA03B01@6997691 BEA03B01@6997701 BEA03B01@6997711 BEA03B01@6997721 BEA03B01@6997731 BEA03B01@6997741 BEA03B01@6997751 BEA03B01@6997761 BEA03B01@6997771 BEA03B01@6997781 BEA03B01@6997791 BEA03B01@6997801 BEA03B01@6997811 BEA03B01@6997821 BEA03B01@6997831 BEA03B01@6997841 BEA03B01@6997851 BEA03B01@6997861 BEA03B01@6997871 BEA03B01@6997881 BEA03B01@6997891 BEA03B01@6997901 BEA03B01@6997911 BEA03B01@6997921 BEA03B01@6997931 BEA03B01@6997941 BEA03B01@6997951 BEA03B01@6997961 BEA03B01@6997971 BEA03B01@6997981 BEA03B01@6997991 BEA03B01@6998001 BEA03B01@6998011 BEA03B01@6998021 BEA03B01@6998031 BEA03B01@6998041 BEA03B01@6998051 BEA03B01@6998061 BEA03B01@6998071 BEA03B01@6998081 BEA03B01@6998091 BEA03B01@6998101 BEA03B01@6998111 BEA03B01@6998121 BEA03B01@6998131 BEA03B01@6998141 BEA03B01@6998151 BEA03B01@6998161 BEA03B01@6998171 BEA03B01@6998181 BEA03B01@6998191 BEA03B01@6998201 BEA03B01@6998211 BEA03B01@6998221 BEA03B01@6998231 BEA03B01@6998241 BEA03B01@6998251 BEA03B01@6998261 BEA03B01@6998271 BEA03B01@6998281 BEA03B01@6998291 BEA03B01@6998301 BEA03B01@6998311 BEA03B01@6998321 BEA03B01@6998331 BEA03B01@6998341 BEA03B01@6998351 BEA03B01@6998361 BEA03B01@6998371 BEA03B01@6998381 BEA03B01@6998391 BEA03B01@6998401 BEA03B01@6998411 BEA03B01@6998421 BEA03B01@6998431 BEA03B01@6998441 BEA03B01@6998451 BEA03B01@6998461 BEA03B01@6998471 BEA03B01@6998481 BEA03B01@6998491 BEA03B01@6998501 BEA03B01@6998511 BEA03B01@6998521 BEA03B01@6998531 BEA03B01@6998541 BEA03B01@6998551 BEA03B01@6998561 BEA03B01@6998571 BEA03B01@6998581 BEA03B01@6998591 BEA03B01@6998601 BEA03B01@6998611 BEA03B01@6998621 BEA03B01@6998631 BEA03B01@6998641 BEA03B01@6998651 BEA03B01@6998661 BEA03B01@6998671 BEA03B01@6998681 BEA03B01@6998691 BEA03B01@6998701 BEA03B01@6998711 BEA03B01@6998721 BEA03B01@6998731 BEA03B01@6998741 BEA03B01@6998751 BEA03B01@6998761 BEA03B01@6998771 BEA03B01@6998781 BEA03B01@6998791 BEA03B01@6998801 BEA03B01@6998811 BEA03B01@6998821 BEA03B01@6998831 BEA03B01@6998841 BEA03B01@6998851 BEA03B01@6998861 BEA03B01@6998871 BEA03B01@6998881 BEA03B01@6998891 BEA03B01@6998901 BEA03B01@6998911 BEA03B01@6998921 BEA03B01@6998931 BEA03B01@6998941 BEA03B01@6998951 BEA03B01@6998961 BEA03B01@6998971 BEA03B01@6998981 BEA03B01@6998991 BEA03B01@6999001 BEA03B01@6999011 BEA03B01@6999021 BEA03B01@6999031 BEA03B01@6999041 BEA03B01@6999051 BEA03B01@6999061 BEA03B01@6999071 BEA03B01@6999081 BEA03B01@6999091 BEA03B01@6999101 BEA03B01@6999111 BEA03B01@6999121 BEA03B01@6999131 BEA03B01@6999141 BEA03B01@6999151 BEA03B01@6999161 BEA03B01@6999171 BEA03B01@6999181 BEA03B01@6999191 BEA03B01@6999201 BEA03B01@6999211 BEA03B01@6999221 BEA03B01@6999231 BEA03B01@6999241 BEA03B01@6999251 BEA03B01@6999261 BEA03B01@6999271 BEA03B01@6999281 BEA03B01@6999291 BEA03B01@6999301 BEA03B01@6999311 BEA03B01@6999321 BEA03B01@6999331 BEA03B01@6999341 BEA03B01@6999351 BEA03B01@6999361 BEA03B01@6999371 BEA03B01@6999381 BEA03B01@6999391 BEA03B01@6999401 BEA03B01@6999411 BEA03B01@6999421 BEA03B01@6999431 BEA03B01@6999441 BEA03B01@6999451 BEA03B01@6999461 BEA03B01@6999471 BEA03B01@6999481 BEA03B01@6999491 BEA03B01@6999501 BEA03B01@6999511 BEA03B01@6999521 BEA03B01@6999531 BEA03B01@6999541 BEA03B01@6999551 BEA03B01@6999561 BEA03B01@6999571 BEA03B01@6999581 BEA03B01@6999591 BEA03B01@6999601 BEA03B01@6999611 BEA03B01@6999621 BEA03B01@6999631 BEA03B01@6999641 BEA03B01@6999651 BEA03B01@6999661 BEA03B01@6999671 BEA03B01@6999681 BEA03B01@6999691 BEA03B01@6999701 BEA03B01@6999711 BEA03B01@6999721 BEA03B01@6999731 BEA03B01@6999741 BEA03B01@6999751 BEA03B01@6999761 BEA03B01@6999771 BEA03B01@6999781 BEA03B01@6999791 BEA03B01@6999801 BEA03B01@6999811 BEA03B01@6999821 BEA03B01@6999831 BEA03B01@6999841 BEA03B01@6999851 BEA03B01@6999861 BEA03B01@6999871 BEA03B01@6999881 BEA03B01@6999891 BEA03B01@6999901 BEA03B01@6999911 BEA03B01@6999921 BEA03B01@6999931 BEA03B01@6999941 BEA03B01@6999951 BEA03B01@6999961 BEA03B01@6999971 BEA03B01@6999981 BEA03B01@6999991
[heartbeat: exitCount=7005000 elapsedSec=169.6 lastPort=0xB008 write=0 val=0x89]
[heartbeat: exitCount=7010000 elapsedSec=169.7 lastPort=0xB008 write=0 val=0x89]
[heartbeat: exitCount=7015000 elapsedSec=169.8 lastPort=0xB008 write=0 val=0x89]
[heartbeat: exitCount=7020000 elapsedSec=169.9 lastPort=0xB008 write=0 val=0x89]
[heartbeat: exitCount=7025000 elapsedSec=170.0 lastPort=0xB008 write=0 val=0x89]
[heartbeat: exitCount=7030000 elapsedSec=170.1 lastPort=0xB008 write=0 val=0x89]
[heartbeat: exitCount=7035000 elapsedSec=170.2 lastPort=0xB008 write=0 val=0x89]
[heartbeat: exitCount=7040000 elapsedSec=172.0 lastPort=0x70 write=1 val=0x89]
[aux] controller: disable AUX port
[heartbeat: exitCount=7045000 elapsedSec=172.1 lastPort=0xCFC write=0 val=0x0]
[heartbeat: exitCount=7050000 elapsedSec=172.2 lastPort=0xCFC write=0 val=0x0]
[heartbeat: exitCount=7055000 elapsedSec=172.2 lastPort=0xCFC write=0 val=0x0]
[kerneldiag] candidate address 0xFFFFF80236BA57DD resolves to module base 0xFFFFF80236800000 (+0x3A57DD into it)
[kerneldiag] debug directory: type=2 codeViewRva=0x40970
[kerneldiag] module PDB name: ntkrnlmp.pdb guid=D9424FC4-861E-47C1-0FAD1B35DEC6DCC8 age=1
[wp] DISCOVERY at exitCount=7056840 (pass 2)
[wp] armed breakpoints at module base 0xFFFFF80236800000 (DR2 LFH-check armed=1): DR0=+0x3DC890 (U34 ExInitializePoolHeapManagement entry, VA=0xFFFFF80236BDC890), DR1=+0x3FD6F0 (KeBugCheckEx, VA=0xFFFFF80236BFD6F0), DR2=+0x343B49 (RtlpHpLfhOwnerMoveSubsegment entry, VA=0xFFFFF80236B43B49), DR3=+0x9A188F (HalpIommuInitSystem ret, VA=0xFFFFF802371A188F)
[u32] ExPoolState pool-descriptor fields (pass 2):
[u32]   pool[0] desc@RVA0xC57EC0: +0x08=0x0 +0x10=0x0  <== +0x10 NULL
[u32]   pool[1] desc@RVA0xC59F80: +0x08=0x0 +0x10=0x0  <== +0x10 NULL
[u32]   pool[2] desc@RVA0xC5C040: +0x08=0x0 +0x10=0x0  <== +0x10 NULL
[u32]   pool[3] desc@RVA0xC5E100: +0x08=0x0 +0x10=0x0  <== +0x10 NULL
[u32]   pool[4] desc@RVA0xC601C0: +0x08=0x0 +0x10=0x0  <== +0x10 NULL
[u32]   pool[5] desc@RVA0xC62280: +0x08=0x0 +0x10=0x0  <== +0x10 NULL
[u32]   pool[6] desc@RVA0xC64340: +0x08=0x0 +0x10=0x0  <== +0x10 NULL
[u32]   pool[7] desc@RVA0xC66400: +0x08=0x0 +0x10=0x0  <== +0x10 NULL
[u33] EDGE pass=2 exitCount=7056840 (reset+147307) pool[0]: +0x08 0xFFFFB90765602000->0x0 +0x10 0xFFFFE18650400000->0x0 +0x08 CLEARED(set->null) +0x10 CLEARED(set->null)
[heartbeat: exitCount=7060000 elapsedSec=172.3 lastPort=0xB008 write=0 val=0xFF]
[cmos-ab] write reg=0x0A value=0x25 (RegA=0x25 RegB=0x02, PIE=0)
[ioapic-rte] controller id=1 entry=8 reg=0x20 value=0x000008D1 -> full RTE now 0x01000000000008D1 (vector=0xD1 masked=0)
[cmos-ab] write reg=0x0B value=0x02 (RegA=0x25 RegB=0x02, PIE=0)
[ioapic-rte] controller id=1 entry=8 reg=0x21 value=0x01000000 -> full RTE now 0x01000000000008D1 (vector=0xD1 masked=0)
[ioapic-rte] controller id=1 entry=8 reg=0x20 value=0x000008D1 -> full RTE now 0x01000000000008D1 (vector=0xD1 masked=0)
[cmos-ab] write reg=0x0B value=0x42 (RegA=0x25 RegB=0x42, PIE=1)
[heartbeat: exitCount=7065000 elapsedSec=172.4 lastPort=0xB008 write=0 val=0xC]
[u33] EDGE pass=2 exitCount=7068840 (reset+159307) pool[0]: +0x08 0x0->0xFFFF858D73002000 +0x10 0x0->0xFFFFE609FA200000 +0x08 INIT(null->set) +0x10 INIT(null->set)
[heartbeat: exitCount=7070000 elapsedSec=172.6 lastPort=0xCF8 write=1 val=0xC]
[heartbeat: exitCount=7075000 elapsedSec=172.7 lastPort=0xCF8 write=1 val=0xC]
[heartbeat: exitCount=7080000 elapsedSec=172.7 lastPort=0xCF8 write=1 val=0xC]
[heartbeat: exitCount=7085000 elapsedSec=172.8 lastPort=0xCF8 write=1 val=0xC]
[heartbeat: exitCount=7090000 elapsedSec=172.9 lastPort=0xCF8 write=1 val=0xC]
[cmos-ab] write reg=0x0B value=0x02 (RegA=0x25 RegB=0x02, PIE=0)
[ioapic-rte] controller id=1 entry=8 reg=0x21 value=0x01000000 -> full RTE now 0x01000000000008D1 (vector=0xD1 masked=0)
[ioapic-rte] controller id=1 entry=8 reg=0x20 value=0x000008D1 -> full RTE now 0x01000000000008D1 (vector=0xD1 masked=0)
[cmos-ab] write reg=0x0B value=0x42 (RegA=0x25 RegB=0x42, PIE=1)
[heartbeat: exitCount=7095000 elapsedSec=172.9 lastPort=0xB008 write=0 val=0x9]
[heartbeat: exitCount=7100000 elapsedSec=173.0 lastPort=0xB008 write=0 val=0x9]

[BUGCHECK] hit #1: KeBugCheckEx code=0xA5 p1=0x11 p2=0x3 p3=0x0 exitCount=7104989
[BUGCHECK]   p4=0x0  caller(return)=0xFFFFF8023B1C0454[kerneldiag] candidate address 0xFFFFF8023B1C0454 resolves to module base 0xFFFFF8023B100000 (+0xC0454 into it)
[kerneldiag] debug directory: type=2 codeViewRva=0x73F3C
[kerneldiag] module PDB name: acpi.pdb guid=662B8231-E47D-1FF9-F7E8C8FD1B44A572 age=1
  (base 0xFFFFF8023B100000 RVA 0xC0454)
[BUGCHECK]   stack (canonical kernel qwords):
[BUGCHECK]     [rsp+0x00]=0xFFFFF8023B1C0454[kerneldiag] candidate address 0xFFFFF8023B1C0454 resolves to module base 0xFFFFF8023B100000 (+0xC0454 into it)
[kerneldiag] debug directory: type=2 codeViewRva=0x73F3C
[kerneldiag] module PDB name: acpi.pdb guid=662B8231-E47D-1FF9-F7E8C8FD1B44A572 age=1
  (RVA 0xC0454)
[BUGCHECK]     [rsp+0x10]=0xFFFFF8023B1701CA[kerneldiag] candidate address 0xFFFFF8023B1701CA resolves to module base 0xFFFFF8023B100000 (+0x701CA into it)
[kerneldiag] debug directory: type=2 codeViewRva=0x73F3C
[kerneldiag] module PDB name: acpi.pdb guid=662B8231-E47D-1FF9-F7E8C8FD1B44A572 age=1
  (RVA 0x701CA)
[BUGCHECK]     [rsp+0x18]=0xFFFF858D73691010[kerneldiag] no PE header found scanning VA back from 0xFFFF858D73691010

[BUGCHECK]     [rsp+0x20]=0xFFFF858D73681CE0[kerneldiag] no PE header found scanning VA back from 0xFFFF858D73681CE0

[BUGCHECK]     [rsp+0x30]=0xFFFFF802C0140019[kerneldiag] no PE header found scanning VA back from 0xFFFFF802C0140019

[heartbeat: exitCount=7105000 elapsedSec=173.4 lastPort=0xB008 write=0 val=0xC]
[heartbeat: exitCount=7110000 elapsedSec=173.5 lastPort=0xB008 write=0 val=0xC]
[heartbeat: exitCount=7115000 elapsedSec=173.5 lastPort=0xB008 write=0 val=0xC]
[heartbeat: exitCount=7120000 elapsedSec=173.6 lastPort=0xB008 write=0 val=0xC]
[heartbeat: exitCount=7125000 elapsedSec=173.7 lastPort=0xB008 write=0 val=0xC]
[heartbeat: exitCount=7130000 elapsedSec=173.7 lastPort=0xB008 write=0 val=0xC]
[heartbeat: exitCount=7135000 elapsedSec=173.8 lastPort=0xB008 write=0 val=0xC]
[heartbeat: exitCount=7140000 elapsedSec=173.9 lastPort=0xB008 write=0 val=0xC]
[heartbeat: exitCount=7145000 elapsedSec=173.9 lastPort=0xB008 write=0 val=0xC]
[heartbeat: exitCount=7150000 elapsedSec=174.0 lastPort=0xB008 write=0 val=0xC]
[heartbeat: exitCount=7155000 elapsedSec=174.1 lastPort=0xB008 write=0 val=0xC]
[heartbeat: exitCount=7160000 elapsedSec=174.1 lastPort=0xB008 write=0 val=0xC]
[heartbeat: exitCount=7165000 elapsedSec=174.2 lastPort=0xB008 write=0 val=0xC]
[heartbeat: exitCount=7170000 elapsedSec=174.3 lastPort=0xB008 write=0 val=0xC]
[heartbeat: exitCount=7175000 elapsedSec=174.3 lastPort=0xB008 write=0 val=0xC]
[heartbeat: exitCount=7180000 elapsedSec=174.4 lastPort=0xB008 write=0 val=0xC]
[heartbeat: exitCount=7185000 elapsedSec=174.5 lastPort=0xB008 write=0 val=0xC]
[heartbeat: exitCount=7190000 elapsedSec=174.6 lastPort=0xB008 write=0 val=0xC]
[heartbeat: exitCount=7195000 elapsedSec=174.6 lastPort=0xB008 write=0 val=0xC]
[heartbeat: exitCount=7200000 elapsedSec=174.7 lastPort=0xB008 write=0 val=0xC]
[heartbeat: exitCount=7205000 elapsedSec=174.8 lastPort=0xB008 write=0 val=0xC]
[heartbeat: exitCount=7210000 elapsedSec=174.9 lastPort=0xB008 write=0 val=0xC]
[heartbeat: exitCount=7215000 elapsedSec=174.9 lastPort=0xB008 write=0 val=0xC]
[heartbeat: exitCount=7220000 elapsedSec=175.0 lastPort=0xB008 write=0 val=0xC]
[heartbeat: exitCount=7225000 elapsedSec=175.1 lastPort=0xB008 write=0 val=0xC]
[heartbeat: exitCount=7230000 elapsedSec=175.1 lastPort=0xB008 write=0 val=0xC]
[heartbeat: exitCount=7235000 elapsedSec=175.2 lastPort=0xB008 write=0 val=0xC]
[heartbeat: exitCount=7240000 elapsedSec=175.3 lastPort=0xB008 write=0 val=0xC]
[heartbeat: exitCount=7245000 elapsedSec=175.4 lastPort=0xB008 write=0 val=0xC]
[heartbeat: exitCount=7250000 elapsedSec=175.4 lastPort=0xB008 write=0 val=0xC]
[u40] === RIP histogram pass 2 (periodic): 641600 samples, base=0xFFFFF80236800000 ===
[u40]    79484  page 0xFFFFF8015DD65000
[u40]    77976  page 0xFFFFF8073F965000
[u40]    72207  page 0xBEA03000
[u40]    71990  page 0xFFFFF8027C965000
[u40]    71139  page 0xFFFFF80209965000
[u40]    68412  page 0xFFFFF80137965000
[u40]    66656  page 0xFFFFF8030D165000
[u40]    59413  page 0xFFFFF8033DB65000
[u40]    16666  page 0xFFFFF80236B65000  = base+0x365000
[u40]    13192  page 0x1DD9000
[u40]     8960  page 0xBF14E000
[u40]     4576  page 0xBFC50000
[u40]     3158  page 0xBFD68000
[u40]     1652  page 0xBE422000
[u40]     1644  page 0xFFFFF8073F9BD000
[u40]     1642  page 0xFFFFF801379BD000
[u40]     1642  page 0xFFFFF8030D1BD000
[u40]     1641  page 0xFFFFF802099BD000
[u40]   most recent 256 samples (newest last):
[u40]     FFFFF80236B65444@7247441 FFFFF80236B65444@7247451 FFFFF80236B65444@7247461 FFFFF80236B65444@7247471 FFFFF80236B65444@7247481 FFFFF80236B65444@7247491 FFFFF80236B65444@7247501 FFFFF80236B65444@7247511 FFFFF80236B65444@7247521 FFFFF80236B65444@7247531 FFFFF80236B65444@7247541 FFFFF80236B65444@7247551 FFFFF80236B65444@7247561 FFFFF80236B65444@7247571 FFFFF80236B65444@7247581 FFFFF80236B65444@7247591 FFFFF80236B65444@7247601 FFFFF80236B65444@7247611 FFFFF80236B65444@7247621 FFFFF80236B65444@7247631 FFFFF80236B65444@7247641 FFFFF80236B65444@7247651 FFFFF80236B65444@7247661 FFFFF80236B65444@7247671 FFFFF80236B65444@7247681 FFFFF80236B65444@7247691 FFFFF80236B65444@7247701 FFFFF80236B65444@7247711 FFFFF80236B65444@7247721 FFFFF80236B65444@7247731 FFFFF80236B65444@7247741 FFFFF80236B65444@7247751 FFFFF80236B65444@7247761 FFFFF80236B65444@7247771 FFFFF80236B65444@7247781 FFFFF80236B65444@7247791 FFFFF80236B65444@7247801 FFFFF80236B65444@7247811 FFFFF80236B65444@7247821 FFFFF80236B65444@7247831 FFFFF80236B65444@7247841 FFFFF80236B65444@7247851 FFFFF80236B65444@7247861 FFFFF80236B65444@7247871 FFFFF80236B65444@7247881 FFFFF80236B65444@7247891 FFFFF80236B65444@7247901 FFFFF80236B65444@7247911 FFFFF80236B65444@7247921 FFFFF80236B65444@7247931 FFFFF80236B65444@7247941 FFFFF80236B65444@7247951 FFFFF80236B65444@7247961 FFFFF80236B65444@7247971 FFFFF80236B65444@7247981 FFFFF80236B65444@7247991 FFFFF80236B65444@7248001 FFFFF80236B65444@7248011 FFFFF80236B65444@7248021 FFFFF80236B65444@7248031 FFFFF80236B65444@7248041 FFFFF80236B65444@7248051 FFFFF80236B65444@7248061 FFFFF80236B65444@7248071 FFFFF80236B65444@7248081 FFFFF80236B65444@7248091 FFFFF80236B65444@7248101 FFFFF80236B65444@7248111 FFFFF80236B65444@7248121 FFFFF80236B65444@7248131 FFFFF80236B65444@7248141 FFFFF80236B65444@7248151 FFFFF80236B65444@7248161 FFFFF80236B65444@7248171 FFFFF80236B65444@7248181 FFFFF80236B65444@7248191 FFFFF80236B65444@7248201 FFFFF80236B65444@7248211 FFFFF80236B65444@7248221 FFFFF80236B65444@7248231 FFFFF80236B65444@7248241 FFFFF80236B65444@7248251 FFFFF80236B65444@7248261 FFFFF80236B65444@7248271 FFFFF80236B65444@7248281 FFFFF80236B65444@7248291 FFFFF80236B65444@7248301 FFFFF80236B65444@7248311 FFFFF80236B65444@7248321 FFFFF80236B65444@7248331 FFFFF80236B65444@7248341 FFFFF80236B65444@7248351 FFFFF80236B65444@7248361 FFFFF80236B65444@7248371 FFFFF80236B65444@7248381 FFFFF80236B65444@7248391 FFFFF80236B65444@7248401 FFFFF80236B65444@7248411 FFFFF80236B65444@7248421 FFFFF80236B65444@7248431 FFFFF80236B65444@7248441 FFFFF80236B65444@7248451 FFFFF80236B65444@7248461 FFFFF80236B65444@7248471 FFFFF80236B65444@7248481 FFFFF80236B65444@7248491 FFFFF80236B65444@7248501 FFFFF80236B65444@7248511 FFFFF80236B65444@7248521 FFFFF80236B65444@7248531 FFFFF80236B65444@7248541 FFFFF80236B65444@7248551 FFFFF80236B65444@7248561 FFFFF80236B65444@7248571 FFFFF80236B65444@7248581 FFFFF80236B65444@7248591 FFFFF80236B65444@7248601 FFFFF80236B65444@7248611 FFFFF80236B65444@7248621 FFFFF80236B65444@7248631 FFFFF80236B65444@7248641 FFFFF80236B65444@7248651 FFFFF80236B65444@7248661 FFFFF80236B65444@7248671 FFFFF80236B65444@7248681 FFFFF80236B65444@7248691 FFFFF80236B65444@7248701 FFFFF80236B65444@7248711 FFFFF80236B65444@7248721 FFFFF80236B65444@7248731 FFFFF80236B65444@7248741 FFFFF80236B65444@7248751 FFFFF80236B65444@7248761 FFFFF80236B65444@7248771 FFFFF80236B65444@7248781 FFFFF80236B65444@7248791 FFFFF80236B65444@7248801 FFFFF80236B65444@7248811 FFFFF80236B65444@7248821 FFFFF80236B65444@7248831 FFFFF80236B65444@7248841 FFFFF80236B65444@7248851 FFFFF80236B65444@7248861 FFFFF80236B65444@7248871 FFFFF80236B65444@7248881 FFFFF80236B65444@7248891 FFFFF80236B65444@7248901 FFFFF80236B65444@7248911 FFFFF80236B65444@7248921 FFFFF80236B65444@7248931 FFFFF80236B65444@7248941 FFFFF80236B65444@7248951 FFFFF80236B65444@7248961 FFFFF80236B65444@7248971 FFFFF80236B65444@7248981 FFFFF80236B65444@7248991 FFFFF80236B65444@7249001 FFFFF80236B65444@7249011 FFFFF80236B65444@7249021 FFFFF80236B65444@7249031 FFFFF80236B65444@7249041 FFFFF80236B65444@7249051 FFFFF80236B65444@7249061 FFFFF80236B65444@7249071 FFFFF80236B65444@7249081 FFFFF80236B65444@7249091 FFFFF80236B65444@7249101 FFFFF80236B65444@7249111 FFFFF80236B65444@7249121 FFFFF80236B65444@7249131 FFFFF80236B65444@7249141 FFFFF80236B65444@7249151 FFFFF80236B65444@7249161 FFFFF80236B65444@7249171 FFFFF80236B65444@7249181 FFFFF80236B65444@7249191 FFFFF80236B65444@7249201 FFFFF80236B65444@7249211 FFFFF80236B65444@7249221 FFFFF80236B65444@7249231 FFFFF80236B65444@7249241 FFFFF80236B65444@7249251 FFFFF80236B65444@7249261 FFFFF80236B65444@7249271 FFFFF80236B65444@7249281 FFFFF80236B65444@7249291 FFFFF80236B65444@7249301 FFFFF80236B65444@7249311 FFFFF80236B65444@7249321 FFFFF80236B65444@7249331 FFFFF80236B65444@7249341 FFFFF80236B65444@7249351 FFFFF80236B65444@7249361 FFFFF80236B65444@7249371 FFFFF80236B65444@7249381 FFFFF80236B65444@7249391 FFFFF80236B65444@7249401 FFFFF80236B65444@7249411 FFFFF80236B65444@7249421 FFFFF80236B65444@7249431 FFFFF80236B65444@7249441 FFFFF80236B65444@7249451 FFFFF80236B65444@7249461 FFFFF80236B65444@7249471 FFFFF80236B65444@7249481 FFFFF80236B65444@7249491 FFFFF80236B65444@7249501 FFFFF80236B65444@7249511 FFFFF80236B65444@7249521 FFFFF80236B65444@7249531 FFFFF80236B65444@7249541 FFFFF80236B65444@7249551 FFFFF80236B65444@7249561 FFFFF80236B65444@7249571 FFFFF80236B65444@7249581 FFFFF80236B65444@7249591 FFFFF80236B65444@7249601 FFFFF80236B65444@7249611 FFFFF80236B65444@7249621 FFFFF80236B65444@7249631 FFFFF80236B65444@7249641 FFFFF80236B65444@7249651 FFFFF80236B65444@7249661 FFFFF80236B65444@7249671 FFFFF80236B65444@7249681 FFFFF80236B65444@7249691 FFFFF80236B65444@7249701 FFFFF80236B65444@7249711 FFFFF80236B65444@7249721 FFFFF80236B65444@7249731 FFFFF80236B65444@7249741 FFFFF80236B65444@7249751 FFFFF80236B65444@7249761 FFFFF80236B65444@7249771 FFFFF80236B65444@7249781 FFFFF80236B65444@7249791 FFFFF80236B65444@7249801 FFFFF80236B65444@7249811 FFFFF80236B65444@7249821 FFFFF80236B65444@7249831 FFFFF80236B65444@7249841 FFFFF80236B65444@7249851 FFFFF80236B65444@7249861 FFFFF80236B65444@7249871 FFFFF80236B65444@7249881 FFFFF80236B65444@7249891 FFFFF80236B65444@7249901 FFFFF80236B65444@7249911 FFFFF80236B65444@7249921 FFFFF80236B65444@7249931 FFFFF80236B65444@7249941 FFFFF80236B65444@7249951 FFFFF80236B65444@7249961 FFFFF80236B65444@7249971 FFFFF80236B65444@7249981 FFFFF80236B65444@7249991
[heartbeat: exitCount=7255000 elapsedSec=175.5 lastPort=0xB008 write=0 val=0xC]
[heartbeat: exitCount=7260000 elapsedSec=175.6 lastPort=0xB008 write=0 val=0xC]
[heartbeat: exitCount=7265000 elapsedSec=175.6 lastPort=0xB008 write=0 val=0xC]
[heartbeat: exitCount=7270000 elapsedSec=175.7 lastPort=0xB008 write=0 val=0xC]
[heartbeat: exitCount=7275000 elapsedSec=175.8 lastPort=0xB008 write=0 val=0xC]
[heartbeat: exitCount=7280000 elapsedSec=175.8 lastPort=0xB008 write=0 val=0xC]
[heartbeat: exitCount=7285000 elapsedSec=175.9 lastPort=0xB008 write=0 val=0xC]
[heartbeat: exitCount=7290000 elapsedSec=176.0 lastPort=0xB008 write=0 val=0xC]
[heartbeat: exitCount=7295000 elapsedSec=176.0 lastPort=0xB008 write=0 val=0xC]
[heartbeat: exitCount=7300000 elapsedSec=176.1 lastPort=0xB008 write=0 val=0xC]
[heartbeat: exitCount=7305000 elapsedSec=176.2 lastPort=0xB008 write=0 val=0xC]
[heartbeat: exitCount=7310000 elapsedSec=176.3 lastPort=0xB008 write=0 val=0xC]
[heartbeat: exitCount=7315000 elapsedSec=176.3 lastPort=0xB008 write=0 val=0xC]
[heartbeat: exitCount=7320000 elapsedSec=176.4 lastPort=0xB008 write=0 val=0xC]
[heartbeat: exitCount=7325000 elapsedSec=176.5 lastPort=0xB008 write=0 val=0xC]
[heartbeat: exitCount=7330000 elapsedSec=176.5 lastPort=0xB008 write=0 val=0xC]
[heartbeat: exitCount=7335000 elapsedSec=176.6 lastPort=0xB008 write=0 val=0xC]
[heartbeat: exitCount=7340000 elapsedSec=176.7 lastPort=0xB008 write=0 val=0xC]
[heartbeat: exitCount=7345000 elapsedSec=176.7 lastPort=0xB008 write=0 val=0xC]
[heartbeat: exitCount=7350000 elapsedSec=176.8 lastPort=0xB008 write=0 val=0xC]
[heartbeat: exitCount=7355000 elapsedSec=176.9 lastPort=0xB008 write=0 val=0xC]
[heartbeat: exitCount=7360000 elapsedSec=176.9 lastPort=0xB008 write=0 val=0xC]
[heartbeat: exitCount=7365000 elapsedSec=177.0 lastPort=0xB008 write=0 val=0xC]
[heartbeat: exitCount=7370000 elapsedSec=177.1 lastPort=0xB008 write=0 val=0xC]
[heartbeat: exitCount=7375000 elapsedSec=177.1 lastPort=0xB008 write=0 val=0xC]
[heartbeat: exitCount=7380000 elapsedSec=177.2 lastPort=0xB008 write=0 val=0xC]
[heartbeat: exitCount=7385000 elapsedSec=177.3 lastPort=0xB008 write=0 val=0xC]
[heartbeat: exitCount=7390000 elapsedSec=177.4 lastPort=0xB008 write=0 val=0xC]
[heartbeat: exitCount=7395000 elapsedSec=177.4 lastPort=0xB008 write=0 val=0xC]
[heartbeat: exitCount=7400000 elapsedSec=177.5 lastPort=0xB008 write=0 val=0xC]
[heartbeat: exitCount=7405000 elapsedSec=177.6 lastPort=0xB008 write=0 val=0xC]
[heartbeat: exitCount=7410000 elapsedSec=177.6 lastPort=0xB008 write=0 val=0xC]
[heartbeat: exitCount=7415000 elapsedSec=177.7 lastPort=0xB008 write=0 val=0xC]
[heartbeat: exitCount=7420000 elapsedSec=177.8 lastPort=0xB008 write=0 val=0xC]
[heartbeat: exitCount=7425000 elapsedSec=177.8 lastPort=0xB008 write=0 val=0xC]
[heartbeat: exitCount=7430000 elapsedSec=177.9 lastPort=0xB008 write=0 val=0xC]
[heartbeat: exitCount=7435000 elapsedSec=178.0 lastPort=0xB008 write=0 val=0xC]
[heartbeat: exitCount=7440000 elapsedSec=178.1 lastPort=0xB008 write=0 val=0xC]
[heartbeat: exitCount=7445000 elapsedSec=178.1 lastPort=0xB008 write=0 val=0xC]
[heartbeat: exitCount=7450000 elapsedSec=178.2 lastPort=0xB008 write=0 val=0xC]
[heartbeat: exitCount=7455000 elapsedSec=178.3 lastPort=0xB008 write=0 val=0xC]
[heartbeat: exitCount=7460000 elapsedSec=178.4 lastPort=0xB008 write=0 val=0xC]
[heartbeat: exitCount=7465000 elapsedSec=178.4 lastPort=0xB008 write=0 val=0xC]
[heartbeat: exitCount=7470000 elapsedSec=178.5 lastPort=0xB008 write=0 val=0xC]
[heartbeat: exitCount=7475000 elapsedSec=178.6 lastPort=0xB008 write=0 val=0xC]
[heartbeat: exitCount=7480000 elapsedSec=178.7 lastPort=0xB008 write=0 val=0xC]
[heartbeat: exitCount=7485000 elapsedSec=178.7 lastPort=0xB008 write=0 val=0xC]
[heartbeat: exitCount=7490000 elapsedSec=178.8 lastPort=0xB008 write=0 val=0xC]
[heartbeat: exitCount=7495000 elapsedSec=178.9 lastPort=0xB008 write=0 val=0xC]
[heartbeat: exitCount=7500000 elapsedSec=178.9 lastPort=0xB008 write=0 val=0xC]
[u40] === RIP histogram pass 2 (periodic): 666600 samples, base=0xFFFFF80236800000 ===
[u40]    79484  page 0xFFFFF8015DD65000
[u40]    77976  page 0xFFFFF8073F965000
[u40]    72207  page 0xBEA03000
[u40]    71990  page 0xFFFFF8027C965000
[u40]    71139  page 0xFFFFF80209965000
[u40]    68412  page 0xFFFFF80137965000
[u40]    66656  page 0xFFFFF8030D165000
[u40]    59413  page 0xFFFFF8033DB65000
[u40]    41666  page 0xFFFFF80236B65000  = base+0x365000
[u40]    13192  page 0x1DD9000
[u40]     8960  page 0xBF14E000
[u40]     4576  page 0xBFC50000
[u40]     3158  page 0xBFD68000
[u40]     1652  page 0xBE422000
[u40]     1644  page 0xFFFFF8073F9BD000
[u40]     1642  page 0xFFFFF801379BD000
[u40]     1642  page 0xFFFFF8030D1BD000
[u40]     1641  page 0xFFFFF802099BD000
[u40]   most recent 256 samples (newest last):
[u40]     FFFFF80236B65444@7497441 FFFFF80236B65444@7497451 FFFFF80236B65444@7497461 FFFFF80236B65444@7497471 FFFFF80236B65444@7497481 FFFFF80236B65444@7497491 FFFFF80236B65444@7497501 FFFFF80236B65444@7497511 FFFFF80236B65444@7497521 FFFFF80236B65444@7497531 FFFFF80236B65444@7497541 FFFFF80236B65444@7497551 FFFFF80236B65444@7497561 FFFFF80236B65444@7497571 FFFFF80236B65444@7497581 FFFFF80236B65444@7497591 FFFFF80236B65444@7497601 FFFFF80236B65444@7497611 FFFFF80236B65444@7497621 FFFFF80236B65444@7497631 FFFFF80236B65444@7497641 FFFFF80236B65444@7497651 FFFFF80236B65444@7497661 FFFFF80236B65444@7497671 FFFFF80236B65444@7497681 FFFFF80236B65444@7497691 FFFFF80236B65444@7497701 FFFFF80236B65444@7497711 FFFFF80236B65444@7497721 FFFFF80236B65444@7497731 FFFFF80236B65444@7497741 FFFFF80236B65444@7497751 FFFFF80236B65444@7497761 FFFFF80236B65444@7497771 FFFFF80236B65444@7497781 FFFFF80236B65444@7497791 FFFFF80236B65444@7497801 FFFFF80236B65444@7497811 FFFFF80236B65444@7497821 FFFFF80236B65444@7497831 FFFFF80236B65444@7497841 FFFFF80236B65444@7497851 FFFFF80236B65444@7497861 FFFFF80236B65444@7497871 FFFFF80236B65444@7497881 FFFFF80236B65444@7497891 FFFFF80236B65444@7497901 FFFFF80236B65444@7497911 FFFFF80236B65444@7497921 FFFFF80236B65444@7497931 FFFFF80236B65444@7497941 FFFFF80236B65444@7497951 FFFFF80236B65444@7497961 FFFFF80236B65444@7497971 FFFFF80236B65444@7497981 FFFFF80236B65444@7497991 FFFFF80236B65444@7498001 FFFFF80236B65444@7498011 FFFFF80236B65444@7498021 FFFFF80236B65444@7498031 FFFFF80236B65444@7498041 FFFFF80236B65444@7498051 FFFFF80236B65444@7498061 FFFFF80236B65444@7498071 FFFFF80236B65444@7498081 FFFFF80236B65444@7498091 FFFFF80236B65444@7498101 FFFFF80236B65444@7498111 FFFFF80236B65444@7498121 FFFFF80236B65444@7498131 FFFFF80236B65444@7498141 FFFFF80236B65444@7498151 FFFFF80236B65444@7498161 FFFFF80236B65444@7498171 FFFFF80236B65444@7498181 FFFFF80236B65444@7498191 FFFFF80236B65444@7498201 FFFFF80236B65444@7498211 FFFFF80236B65444@7498221 FFFFF80236B65444@7498231 FFFFF80236B65444@7498241 FFFFF80236B65444@7498251 FFFFF80236B65444@7498261 FFFFF80236B65444@7498271 FFFFF80236B65444@7498281 FFFFF80236B65444@7498291 FFFFF80236B65444@7498301 FFFFF80236B65444@7498311 FFFFF80236B65444@7498321 FFFFF80236B65444@7498331 FFFFF80236B65444@7498341 FFFFF80236B65444@7498351 FFFFF80236B65444@7498361 FFFFF80236B65444@7498371 FFFFF80236B65444@7498381 FFFFF80236B65444@7498391 FFFFF80236B65444@7498401 FFFFF80236B65444@7498411 FFFFF80236B65444@7498421 FFFFF80236B65444@7498431 FFFFF80236B65444@7498441 FFFFF80236B65444@7498451 FFFFF80236B65444@7498461 FFFFF80236B65444@7498471 FFFFF80236B65444@7498481 FFFFF80236B65444@7498491 FFFFF80236B65444@7498501 FFFFF80236B65444@7498511 FFFFF80236B65444@7498521 FFFFF80236B65444@7498531 FFFFF80236B65444@7498541 FFFFF80236B65444@7498551 FFFFF80236B65444@7498561 FFFFF80236B65444@7498571 FFFFF80236B65444@7498581 FFFFF80236B65444@7498591 FFFFF80236B65444@7498601 FFFFF80236B65444@7498611 FFFFF80236B65444@7498621 FFFFF80236B65444@7498631 FFFFF80236B65444@7498641 FFFFF80236B65444@7498651 FFFFF80236B65444@7498661 FFFFF80236B65444@7498671 FFFFF80236B65444@7498681 FFFFF80236B65444@7498691 FFFFF80236B65444@7498701 FFFFF80236B65444@7498711 FFFFF80236B65444@7498721 FFFFF80236B65444@7498731 FFFFF80236B65444@7498741 FFFFF80236B65444@7498751 FFFFF80236B65444@7498761 FFFFF80236B65444@7498771 FFFFF80236B65444@7498781 FFFFF80236B65444@7498791 FFFFF80236B65444@7498801 FFFFF80236B65444@7498811 FFFFF80236B65444@7498821 FFFFF80236B65444@7498831 FFFFF80236B65444@7498841 FFFFF80236B65444@7498851 FFFFF80236B65444@7498861 FFFFF80236B65444@7498871 FFFFF80236B65444@7498881 FFFFF80236B65444@7498891 FFFFF80236B65444@7498901 FFFFF80236B65444@7498911 FFFFF80236B65444@7498921 FFFFF80236B65444@7498931 FFFFF80236B65444@7498941 FFFFF80236B65444@7498951 FFFFF80236B65444@7498961 FFFFF80236B65444@7498971 FFFFF80236B65444@7498981 FFFFF80236B65444@7498991 FFFFF80236B65444@7499001 FFFFF80236B65444@7499011 FFFFF80236B65444@7499021 FFFFF80236B65444@7499031 FFFFF80236B65444@7499041 FFFFF80236B65444@7499051 FFFFF80236B65444@7499061 FFFFF80236B65444@7499071 FFFFF80236B65444@7499081 FFFFF80236B65444@7499091 FFFFF80236B65444@7499101 FFFFF80236B65444@7499111 FFFFF80236B65444@7499121 FFFFF80236B65444@7499131 FFFFF80236B65444@7499141 FFFFF80236B65444@7499151 FFFFF80236B65444@7499161 FFFFF80236B65444@7499171 FFFFF80236B65444@7499181 FFFFF80236B65444@7499191 FFFFF80236B65444@7499201 FFFFF80236B65444@7499211 FFFFF80236B65444@7499221 FFFFF80236B65444@7499231 FFFFF80236B65444@7499241 FFFFF80236B65444@7499251 FFFFF80236B65444@7499261 FFFFF80236B65444@7499271 FFFFF80236B65444@7499281 FFFFF80236B65444@7499291 FFFFF80236B65444@7499301 FFFFF80236B65444@7499311 FFFFF80236B65444@7499321 FFFFF80236B65444@7499331 FFFFF80236B65444@7499341 FFFFF80236B65444@7499351 FFFFF80236B65444@7499361 FFFFF80236B65444@7499371 FFFFF80236B65444@7499381 FFFFF80236B65444@7499391 FFFFF80236B65444@7499401 FFFFF80236B65444@7499411 FFFFF80236B65444@7499421 FFFFF80236B65444@7499431 FFFFF80236B65444@7499441 FFFFF80236B65444@7499451 FFFFF80236B65444@7499461 FFFFF80236B65444@7499471 FFFFF80236B65444@7499481 FFFFF80236B65444@7499491 FFFFF80236B65444@7499501 FFFFF80236B65444@7499511 FFFFF80236B65444@7499521 FFFFF80236B65444@7499531 FFFFF80236B65444@7499541 FFFFF80236B65444@7499551 FFFFF80236B65444@7499561 FFFFF80236B65444@7499571 FFFFF80236B65444@7499581 FFFFF80236B65444@7499591 FFFFF80236B65444@7499601 FFFFF80236B65444@7499611 FFFFF80236B65444@7499621 FFFFF80236B65444@7499631 FFFFF80236B65444@7499641 FFFFF80236B65444@7499651 FFFFF80236B65444@7499661 FFFFF80236B65444@7499671 FFFFF80236B65444@7499681 FFFFF80236B65444@7499691 FFFFF80236B65444@7499701 FFFFF80236B65444@7499711 FFFFF80236B65444@7499721 FFFFF80236B65444@7499731 FFFFF80236B65444@7499741 FFFFF80236B65444@7499751 FFFFF80236B65444@7499761 FFFFF80236B65444@7499771 FFFFF80236B65444@7499781 FFFFF80236B65444@7499791 FFFFF80236B65444@7499801 FFFFF80236B65444@7499811 FFFFF80236B65444@7499821 FFFFF80236B65444@7499831 FFFFF80236B65444@7499841 FFFFF80236B65444@7499851 FFFFF80236B65444@7499861 FFFFF80236B65444@7499871 FFFFF80236B65444@7499881 FFFFF80236B65444@7499891 FFFFF80236B65444@7499901 FFFFF80236B65444@7499911 FFFFF80236B65444@7499921 FFFFF80236B65444@7499931 FFFFF80236B65444@7499941 FFFFF80236B65444@7499951 FFFFF80236B65444@7499961 FFFFF80236B65444@7499971 FFFFF80236B65444@7499981 FFFFF80236B65444@7499991
[heartbeat: exitCount=7505000 elapsedSec=179.0 lastPort=0xB008 write=0 val=0xC]
[heartbeat: exitCount=7510000 elapsedSec=179.1 lastPort=0xB008 write=0 val=0xC]
[heartbeat: exitCount=7515000 elapsedSec=179.2 lastPort=0xB008 write=0 val=0xC]
[heartbeat: exitCount=7520000 elapsedSec=179.2 lastPort=0xB008 write=0 val=0xC]
[heartbeat: exitCount=7525000 elapsedSec=179.3 lastPort=0xB008 write=0 val=0xC]
[heartbeat: exitCount=7530000 elapsedSec=179.4 lastPort=0xB008 write=0 val=0xC]
[heartbeat: exitCount=7535000 elapsedSec=179.5 lastPort=0xB008 write=0 val=0xC]
[heartbeat: exitCount=7540000 elapsedSec=179.5 lastPort=0xB008 write=0 val=0xC]
[heartbeat: exitCount=7545000 elapsedSec=179.6 lastPort=0xB008 write=0 val=0xC]
[heartbeat: exitCount=7550000 elapsedSec=179.7 lastPort=0xB008 write=0 val=0xC]
[heartbeat: exitCount=7555000 elapsedSec=179.7 lastPort=0xB008 write=0 val=0xC]
[heartbeat: exitCount=7560000 elapsedSec=179.8 lastPort=0xB008 write=0 val=0xC]
[heartbeat: exitCount=7565000 elapsedSec=179.9 lastPort=0xB008 write=0 val=0xC]
[heartbeat: exitCount=7570000 elapsedSec=179.9 lastPort=0xB008 write=0 val=0xC]
[heartbeat: exitCount=7575000 elapsedSec=180.0 lastPort=0xB008 write=0 val=0xC]
[heartbeat: exitCount=7580000 elapsedSec=180.1 lastPort=0xB008 write=0 val=0xC]
[heartbeat: exitCount=7585000 elapsedSec=180.2 lastPort=0xB008 write=0 val=0xC]
[rtc-diag] tick #6000 SKIPPED (interrupts disabled), skippedTotal=5475 firedTotal=525
[heartbeat: exitCount=7590000 elapsedSec=180.2 lastPort=0xB008 write=0 val=0xC]
[heartbeat: exitCount=7595000 elapsedSec=180.3 lastPort=0xB008 write=0 val=0xC]
[heartbeat: exitCount=7600000 elapsedSec=180.4 lastPort=0xB008 write=0 val=0xC]
[heartbeat: exitCount=7605000 elapsedSec=180.5 lastPort=0xB008 write=0 val=0xC]
[heartbeat: exitCount=7610000 elapsedSec=180.5 lastPort=0xB008 write=0 val=0xC]
[heartbeat: exitCount=7615000 elapsedSec=180.6 lastPort=0xB008 write=0 val=0xC]
[heartbeat: exitCount=7620000 elapsedSec=180.7 lastPort=0xB008 write=0 val=0xC]
[heartbeat: exitCount=7625000 elapsedSec=180.8 lastPort=0xB008 write=0 val=0xC]
[heartbeat: exitCount=7630000 elapsedSec=180.8 lastPort=0xB008 write=0 val=0xC]
[heartbeat: exitCount=7635000 elapsedSec=180.9 lastPort=0xB008 write=0 val=0xC]
[heartbeat: exitCount=7640000 elapsedSec=180.9 lastPort=0xB008 write=0 val=0xC]
[heartbeat: exitCount=7645000 elapsedSec=181.0 lastPort=0xB008 write=0 val=0xC]
[heartbeat: exitCount=7650000 elapsedSec=181.1 lastPort=0xB008 write=0 val=0xC]
[heartbeat: exitCount=7655000 elapsedSec=181.1 lastPort=0xB008 write=0 val=0xC]
[heartbeat: exitCount=7660000 elapsedSec=181.2 lastPort=0xB008 write=0 val=0xC]
[heartbeat: exitCount=7665000 elapsedSec=181.3 lastPort=0xB008 write=0 val=0xC]
[heartbeat: exitCount=7670000 elapsedSec=181.4 lastPort=0xB008 write=0 val=0xC]
[heartbeat: exitCount=7675000 elapsedSec=181.5 lastPort=0xB008 write=0 val=0xC]
[heartbeat: exitCount=7680000 elapsedSec=181.6 lastPort=0xB008 write=0 val=0xC]
[heartbeat: exitCount=7685000 elapsedSec=181.7 lastPort=0xB008 write=0 val=0xC]
[heartbeat: exitCount=7690000 elapsedSec=181.8 lastPort=0xB008 write=0 val=0xC]
[heartbeat: exitCount=7695000 elapsedSec=181.9 lastPort=0xB008 write=0 val=0xC]
[heartbeat: exitCount=7700000 elapsedSec=182.0 lastPort=0xB008 write=0 val=0xC]
[heartbeat: exitCount=7705000 elapsedSec=182.0 lastPort=0xB008 write=0 val=0xC]
[heartbeat: exitCount=7710000 elapsedSec=182.1 lastPort=0xB008 write=0 val=0xC]
[heartbeat: exitCount=7715000 elapsedSec=182.2 lastPort=0xB008 write=0 val=0xC]
[heartbeat: exitCount=7720000 elapsedSec=182.3 lastPort=0xB008 write=0 val=0xC]
[heartbeat: exitCount=7725000 elapsedSec=182.4 lastPort=0xB008 write=0 val=0xC]
[heartbeat: exitCount=7730000 elapsedSec=182.5 lastPort=0xB008 write=0 val=0xC]
[heartbeat: exitCount=7735000 elapsedSec=182.6 lastPort=0xB008 write=0 val=0xC]
[heartbeat: exitCount=7740000 elapsedSec=182.7 lastPort=0xB008 write=0 val=0xC]
[heartbeat: exitCount=7745000 elapsedSec=182.8 lastPort=0xB008 write=0 val=0xC]
[heartbeat: exitCount=7750000 elapsedSec=183.0 lastPort=0xB008 write=0 val=0xC]
[u40] === RIP histogram pass 2 (periodic): 691600 samples, base=0xFFFFF80236800000 ===
[u40]    79484  page 0xFFFFF8015DD65000
[u40]    77976  page 0xFFFFF8073F965000
[u40]    72207  page 0xBEA03000
[u40]    71990  page 0xFFFFF8027C965000
[u40]    71139  page 0xFFFFF80209965000
[u40]    68412  page 0xFFFFF80137965000
[u40]    66666  page 0xFFFFF80236B65000  = base+0x365000
[u40]    66656  page 0xFFFFF8030D165000
[u40]    59413  page 0xFFFFF8033DB65000
[u40]    13192  page 0x1DD9000
[u40]     8960  page 0xBF14E000
[u40]     4576  page 0xBFC50000
[u40]     3158  page 0xBFD68000
[u40]     1652  page 0xBE422000
[u40]     1644  page 0xFFFFF8073F9BD000
[u40]     1642  page 0xFFFFF801379BD000
[u40]     1642  page 0xFFFFF8030D1BD000
[u40]     1641  page 0xFFFFF802099BD000
[u40]   most recent 256 samples (newest last):
[u40]     FFFFF80236B65444@7747441 FFFFF80236B65444@7747451 FFFFF80236B65444@7747461 FFFFF80236B65444@7747471 FFFFF80236B65444@7747481 FFFFF80236B65444@7747491 FFFFF80236B65444@7747501 FFFFF80236B65444@7747511 FFFFF80236B65444@7747521 FFFFF80236B65444@7747531 FFFFF80236B65444@7747541 FFFFF80236B65444@7747551 FFFFF80236B65444@7747561 FFFFF80236B65444@7747571 FFFFF80236B65444@7747581 FFFFF80236B65444@7747591 FFFFF80236B65444@7747601 FFFFF80236B65444@7747611 FFFFF80236B65444@7747621 FFFFF80236B65444@7747631 FFFFF80236B65444@7747641 FFFFF80236B65444@7747651 FFFFF80236B65444@7747661 FFFFF80236B65444@7747671 FFFFF80236B65444@7747681 FFFFF80236B65444@7747691 FFFFF80236B65444@7747701 FFFFF80236B65444@7747711 FFFFF80236B65444@7747721 FFFFF80236B65444@7747731 FFFFF80236B65444@7747741 FFFFF80236B65444@7747751 FFFFF80236B65444@7747761 FFFFF80236B65444@7747771 FFFFF80236B65444@7747781 FFFFF80236B65444@7747791 FFFFF80236B65444@7747801 FFFFF80236B65444@7747811 FFFFF80236B65444@7747821 FFFFF80236B65444@7747831 FFFFF80236B65444@7747841 FFFFF80236B65444@7747851 FFFFF80236B65444@7747861 FFFFF80236B65444@7747871 FFFFF80236B65444@7747881 FFFFF80236B65444@7747891 FFFFF80236B65444@7747901 FFFFF80236B65444@7747911 FFFFF80236B65444@7747921 FFFFF80236B65444@7747931 FFFFF80236B65444@7747941 FFFFF80236B65444@7747951 FFFFF80236B65444@7747961 FFFFF80236B65444@7747971 FFFFF80236B65444@7747981 FFFFF80236B65444@7747991 FFFFF80236B65444@7748001 FFFFF80236B65444@7748011 FFFFF80236B65444@7748021 FFFFF80236B65444@7748031 FFFFF80236B65444@7748041 FFFFF80236B65444@7748051 FFFFF80236B65444@7748061 FFFFF80236B65444@7748071 FFFFF80236B65444@7748081 FFFFF80236B65444@7748091 FFFFF80236B65444@7748101 FFFFF80236B65444@7748111 FFFFF80236B65444@7748121 FFFFF80236B65444@7748131 FFFFF80236B65444@7748141 FFFFF80236B65444@7748151 FFFFF80236B65444@7748161 FFFFF80236B65444@7748171 FFFFF80236B65444@7748181 FFFFF80236B65444@7748191 FFFFF80236B65444@7748201 FFFFF80236B65444@7748211 FFFFF80236B65444@7748221 FFFFF80236B65444@7748231 FFFFF80236B65444@7748241 FFFFF80236B65444@7748251 FFFFF80236B65444@7748261 FFFFF80236B65444@7748271 FFFFF80236B65444@7748281 FFFFF80236B65444@7748291 FFFFF80236B65444@7748301 FFFFF80236B65444@7748311 FFFFF80236B65444@7748321 FFFFF80236B65444@7748331 FFFFF80236B65444@7748341 FFFFF80236B65444@7748351 FFFFF80236B65444@7748361 FFFFF80236B65444@7748371 FFFFF80236B65444@7748381 FFFFF80236B65444@7748391 FFFFF80236B65444@7748401 FFFFF80236B65444@7748411 FFFFF80236B65444@7748421 FFFFF80236B65444@7748431 FFFFF80236B65444@7748441 FFFFF80236B65444@7748451 FFFFF80236B65444@7748461 FFFFF80236B65444@7748471 FFFFF80236B65444@7748481 FFFFF80236B65444@7748491 FFFFF80236B65444@7748501 FFFFF80236B65444@7748511 FFFFF80236B65444@7748521 FFFFF80236B65444@7748531 FFFFF80236B65444@7748541 FFFFF80236B65444@7748551 FFFFF80236B65444@7748561 FFFFF80236B65444@7748571 FFFFF80236B65444@7748581 FFFFF80236B65444@7748591 FFFFF80236B65444@7748601 FFFFF80236B65444@7748611 FFFFF80236B65444@7748621 FFFFF80236B65444@7748631 FFFFF80236B65444@7748641 FFFFF80236B65444@7748651 FFFFF80236B65444@7748661 FFFFF80236B65444@7748671 FFFFF80236B65444@7748681 FFFFF80236B65444@7748691 FFFFF80236B65444@7748701 FFFFF80236B65444@7748711 FFFFF80236B65444@7748721 FFFFF80236B65444@7748731 FFFFF80236B65444@7748741 FFFFF80236B65444@7748751 FFFFF80236B65444@7748761 FFFFF80236B65444@7748771 FFFFF80236B65444@7748781 FFFFF80236B65444@7748791 FFFFF80236B65444@7748801 FFFFF80236B65444@7748811 FFFFF80236B65444@7748821 FFFFF80236B65444@7748831 FFFFF80236B65444@7748841 FFFFF80236B65444@7748851 FFFFF80236B65444@7748861 FFFFF80236B65444@7748871 FFFFF80236B65444@7748881 FFFFF80236B65444@7748891 FFFFF80236B65444@7748901 FFFFF80236B65444@7748911 FFFFF80236B65444@7748921 FFFFF80236B65444@7748931 FFFFF80236B65444@7748941 FFFFF80236B65444@7748951 FFFFF80236B65444@7748961 FFFFF80236B65444@7748971 FFFFF80236B65444@7748981 FFFFF80236B65444@7748991 FFFFF80236B65444@7749001 FFFFF80236B65444@7749011 FFFFF80236B65444@7749021 FFFFF80236B65444@7749031 FFFFF80236B65444@7749041 FFFFF80236B65444@7749051 FFFFF80236B65444@7749061 FFFFF80236B65444@7749071 FFFFF80236B65444@7749081 FFFFF80236B65444@7749091 FFFFF80236B65444@7749101 FFFFF80236B65444@7749111 FFFFF80236B65444@7749121 FFFFF80236B65444@7749131 FFFFF80236B65444@7749141 FFFFF80236B65444@7749151 FFFFF80236B65444@7749161 FFFFF80236B65444@7749171 FFFFF80236B65444@7749181 FFFFF80236B65444@7749191 FFFFF80236B65444@7749201 FFFFF80236B65444@7749211 FFFFF80236B65444@7749221 FFFFF80236B65444@7749231 FFFFF80236B65444@7749241 FFFFF80236B65444@7749251 FFFFF80236B65444@7749261 FFFFF80236B65444@7749271 FFFFF80236B65444@7749281 FFFFF80236B65444@7749291 FFFFF80236B65444@7749301 FFFFF80236B65444@7749311 FFFFF80236B65444@7749321 FFFFF80236B65444@7749331 FFFFF80236B65444@7749341 FFFFF80236B65444@7749351 FFFFF80236B65444@7749361 FFFFF80236B65444@7749371 FFFFF80236B65444@7749381 FFFFF80236B65444@7749391 FFFFF80236B65444@7749401 FFFFF80236B65444@7749411 FFFFF80236B65444@7749421 FFFFF80236B65444@7749431 FFFFF80236B65444@7749441 FFFFF80236B65444@7749451 FFFFF80236B65444@7749461 FFFFF80236B65444@7749471 FFFFF80236B65444@7749481 FFFFF80236B65444@7749491 FFFFF80236B65444@7749501 FFFFF80236B65444@7749511 FFFFF80236B65444@7749521 FFFFF80236B65444@7749531 FFFFF80236B65444@7749541 FFFFF80236B65444@7749551 FFFFF80236B65444@7749561 FFFFF80236B65444@7749571 FFFFF80236B65444@7749581 FFFFF80236B65444@7749591 FFFFF80236B65444@7749601 FFFFF80236B65444@7749611 FFFFF80236B65444@7749621 FFFFF80236B65444@7749631 FFFFF80236B65444@7749641 FFFFF80236B65444@7749651 FFFFF80236B65444@7749661 FFFFF80236B65444@7749671 FFFFF80236B65444@7749681 FFFFF80236B65444@7749691 FFFFF80236B65444@7749701 FFFFF80236B65444@7749711 FFFFF80236B65444@7749721 FFFFF80236B65444@7749731 FFFFF80236B65444@7749741 FFFFF80236B65444@7749751 FFFFF80236B65444@7749761 FFFFF80236B65444@7749771 FFFFF80236B65444@7749781 FFFFF80236B65444@7749791 FFFFF80236B65444@7749801 FFFFF80236B65444@7749811 FFFFF80236B65444@7749821 FFFFF80236B65444@7749831 FFFFF80236B65444@7749841 FFFFF80236B65444@7749851 FFFFF80236B65444@7749861 FFFFF80236B65444@7749871 FFFFF80236B65444@7749881 FFFFF80236B65444@7749891 FFFFF80236B65444@7749901 FFFFF80236B65444@7749911 FFFFF80236B65444@7749921 FFFFF80236B65444@7749931 FFFFF80236B65444@7749941 FFFFF80236B65444@7749951 FFFFF80236B65444@7749961 FFFFF80236B65444@7749971 FFFFF80236B65444@7749981 FFFFF80236B65444@7749991
[heartbeat: exitCount=7755000 elapsedSec=183.2 lastPort=0xB008 write=0 val=0xC]
[heartbeat: exitCount=7760000 elapsedSec=183.4 lastPort=0xB008 write=0 val=0xC]
[cmos-ab] write reg=0x0B value=0x02 (RegA=0x25 RegB=0x02, PIE=0)
[cmos-ab] write reg=0x0B value=0x02 (RegA=0x25 RegB=0x02, PIE=0)
[reset] port 0x64/0xFE keyboard-controller reset pulse honored -- vCPU restarted at reset vector (exitCount=7760095)
[u40] === RIP histogram pass 1 (end of pass 1, at reset): 8340 samples, base=0xFFFFF8003CA00000 ===
[u40]     6865  page 0xFFFFF8003CD65000  = base+0x365000
[u40]      693  page 0xBEA03000
[u40]      165  page 0x1DD9000
[u40]      164  page 0xFFFFF8003CDBD000  = base+0x3BD000
[u40]      106  page 0xBF14E000
[u40]       96  page 0xBE41C000
[u40]       81  page 0xFFFFF8003CDBC000  = base+0x3BC000
[u40]       44  page 0xBFC50000
[u40]       41  page 0xBFD68000
[u40]       20  page 0xBE422000
[u40]       18  page 0xBF14F000
[u40]       16  page 0xFFFFF8003CECC000  = base+0x4CC000
[u40]       12  page 0xBF16B000
[u40]       11  page 0xBF174000
[u40]        2  page 0xFFFFF8003CDA5000  = base+0x3A5000
[u40]        2  page 0x848000
[u40]        1  page 0xFFFFF8003CE02000  = base+0x402000
[u40]        1  page 0xBF1CC000
[u40]   most recent 256 samples (newest last):
[u40]     FFFFF8003CD65444@808401 FFFFF8003CD65444@808501 FFFFF8003CD65444@808601 FFFFF8003CD65444@808701 FFFFF8003CD65444@808801 FFFFF8003CD65444@808901 FFFFF8003CD65444@809001 FFFFF8003CD65444@809101 FFFFF8003CD65444@809201 FFFFF8003CD65444@809301 FFFFF8003CD65444@809401 FFFFF8003CD65444@809501 FFFFF8003CD65444@809601 FFFFF8003CD65444@809701 FFFFF8003CD65444@809801 FFFFF8003CD65444@809901 FFFFF8003CD65444@810001 FFFFF8003CD65444@810101 FFFFF8003CD65444@810201 FFFFF8003CD65444@810301 FFFFF8003CD65444@810401 FFFFF8003CD65444@810501 FFFFF8003CD65444@810601 FFFFF8003CD65444@810701 FFFFF8003CD65444@810801 FFFFF8003CD65444@810901 FFFFF8003CD65444@811001 FFFFF8003CD65444@811101 FFFFF8003CD65444@811201 FFFFF8003CD65444@811301 FFFFF8003CD65444@811401 FFFFF8003CD65444@811501 FFFFF8003CD65444@811601 FFFFF8003CD65444@811701 FFFFF8003CD65444@811801 FFFFF8003CD65444@811901 FFFFF8003CD65444@812001 FFFFF8003CD65444@812101 FFFFF8003CD65444@812201 FFFFF8003CD65444@812301 FFFFF8003CD65444@812401 FFFFF8003CD65444@812501 FFFFF8003CD65444@812601 FFFFF8003CD65444@812701 FFFFF8003CD65444@812801 FFFFF8003CD65444@812901 FFFFF8003CD65444@813001 FFFFF8003CD65444@813101 FFFFF8003CD65444@813201 FFFFF8003CD65444@813301 FFFFF8003CD65444@813401 FFFFF8003CD65444@813501 FFFFF8003CD65444@813601 FFFFF8003CD65444@813701 FFFFF8003CD65444@813801 FFFFF8003CD65444@813901 FFFFF8003CD65444@814001 FFFFF8003CD65444@814101 FFFFF8003CD65444@814201 FFFFF8003CD65444@814301 FFFFF8003CD65444@814401 FFFFF8003CD65444@814501 FFFFF8003CD65444@814601 FFFFF8003CD65444@814701 FFFFF8003CD65444@814801 FFFFF8003CD65444@814901 FFFFF8003CD65444@815001 FFFFF8003CD65444@815101 FFFFF8003CD65444@815201 FFFFF8003CD65444@815301 FFFFF8003CD65444@815401 FFFFF8003CD65444@815501 FFFFF8003CD65444@815601 FFFFF8003CD65444@815701 FFFFF8003CD65444@815801 FFFFF8003CD65444@815901 FFFFF8003CD65444@816001 FFFFF8003CD65444@816101 FFFFF8003CD65444@816201 FFFFF8003CD65444@816301 FFFFF8003CD65444@816401 FFFFF8003CD65444@816501 FFFFF8003CD65444@816601 FFFFF8003CD65444@816701 FFFFF8003CD65444@816801 FFFFF8003CD65444@816901 FFFFF8003CD65444@817001 FFFFF8003CD65444@817101 FFFFF8003CD65444@817201 FFFFF8003CD65444@817301 FFFFF8003CD65444@817401 FFFFF8003CD65444@817501 FFFFF8003CD65444@817601 FFFFF8003CD65444@817701 FFFFF8003CD65444@817801 FFFFF8003CD65444@817901 FFFFF8003CD65444@818001 FFFFF8003CD65444@818101 FFFFF8003CD65444@818201 FFFFF8003CD65444@818301 FFFFF8003CD65444@818401 FFFFF8003CD65444@818501 FFFFF8003CD65444@818601 FFFFF8003CD65444@818701 FFFFF8003CD65444@818801 FFFFF8003CD65444@818901 FFFFF8003CD65444@819001 FFFFF8003CD65444@819101 FFFFF8003CD65444@819201 FFFFF8003CD65444@819301 FFFFF8003CD65444@819401 FFFFF8003CD65444@819501 FFFFF8003CD65444@819601 FFFFF8003CD65444@819701 FFFFF8003CD65444@819801 FFFFF8003CD65444@819901 FFFFF8003CD65444@820001 FFFFF8003CD65444@820101 FFFFF8003CD65444@820201 FFFFF8003CD65444@820301 FFFFF8003CD65444@820401 FFFFF8003CD65444@820501 FFFFF8003CD65444@820601 FFFFF8003CD65444@820701 FFFFF8003CD65444@820801 FFFFF8003CD65444@820901 FFFFF8003CD65444@821001 FFFFF8003CD65444@821101 FFFFF8003CD65444@821201 FFFFF8003CD65444@821301 FFFFF8003CD65444@821401 FFFFF8003CD65444@821501 FFFFF8003CD65444@821601 FFFFF8003CD65444@821701 FFFFF8003CD65444@821801 FFFFF8003CD65444@821901 FFFFF8003CD65444@822001 FFFFF8003CD65444@822101 FFFFF8003CD65444@822201 FFFFF8003CD65444@822301 FFFFF8003CD65444@822401 FFFFF8003CD65444@822501 FFFFF8003CD65444@822601 FFFFF8003CD65444@822701 FFFFF8003CD65444@822801 FFFFF8003CD65444@822901 FFFFF8003CD65444@823001 FFFFF8003CD65444@823101 FFFFF8003CD65444@823201 FFFFF8003CD65444@823301 FFFFF8003CD65444@823401 FFFFF8003CD65444@823501 FFFFF8003CD65444@823601 FFFFF8003CD65444@823701 FFFFF8003CD65444@823801 FFFFF8003CD65444@823901 FFFFF8003CD65444@824001 FFFFF8003CD65444@824101 FFFFF8003CD65444@824201 FFFFF8003CD65444@824301 FFFFF8003CD65444@824401 FFFFF8003CD65444@824501 FFFFF8003CD65444@824601 FFFFF8003CD65444@824701 FFFFF8003CD65444@824801 FFFFF8003CD65444@824901 FFFFF8003CD65444@825001 FFFFF8003CD65444@825101 FFFFF8003CD65444@825201 FFFFF8003CD65444@825301 FFFFF8003CD65444@825401 FFFFF8003CD65444@825501 FFFFF8003CD65444@825601 FFFFF8003CD65444@825701 FFFFF8003CD65444@825801 FFFFF8003CD65444@825901 FFFFF8003CD65444@826001 FFFFF8003CD65444@826101 FFFFF8003CD65444@826201 FFFFF8003CD65444@826301 FFFFF8003CD65444@826401 FFFFF8003CD65444@826501 FFFFF8003CD65444@826601 FFFFF8003CD65444@826701 FFFFF8003CD65444@826801 FFFFF8003CD65444@826901 FFFFF8003CD65444@827001 FFFFF8003CD65444@827101 FFFFF8003CD65444@827201 FFFFF8003CD65444@827301 FFFFF8003CD65444@827401 FFFFF8003CD65444@827501 FFFFF8003CD65444@827601 FFFFF8003CD65444@827701 FFFFF8003CD65444@827801 FFFFF8003CD65444@827901 FFFFF8003CD65444@828001 FFFFF8003CD65444@828101 FFFFF8003CD65444@828201 FFFFF8003CD65444@828301 FFFFF8003CD65444@828401 FFFFF8003CD65444@828501 FFFFF8003CD65444@828601 FFFFF8003CD65444@828701 FFFFF8003CD65444@828801 FFFFF8003CD65444@828901 FFFFF8003CD65444@829001 FFFFF8003CD65444@829101 FFFFF8003CD65444@829201 FFFFF8003CD65444@829301 FFFFF8003CD65444@829401 FFFFF8003CD65444@829501 FFFFF8003CD65444@829601 FFFFF8003CD65444@829701 FFFFF8003CD65444@829801 FFFFF8003CD65444@829901 FFFFF8003CD65444@830001 FFFFF8003CD65444@830101 FFFFF8003CD65444@830201 FFFFF8003CD65444@830301 FFFFF8003CD65444@830401 FFFFF8003CD65444@830501 FFFFF8003CD65444@830601 FFFFF8003CD65444@830701 FFFFF8003CD65444@830801 FFFFF8003CD65444@830901 FFFFF8003CD65444@831001 FFFFF8003CD65444@831101 FFFFF8003CD65444@831201 FFFFF8003CD65444@831301 FFFFF8003CD65444@831401 FFFFF8003CD65444@831501 FFFFF8003CD65444@831601 FFFFF8003CD65444@831701 FFFFF8003CD65444@831801 FFFFF8003CD65444@831901 FFFFF8003CD65444@832001 FFFFF8003CD65444@832101 FFFFF8003CD65444@832201 FFFFF8003CD65444@832301 FFFFF8003CD65444@832401 FFFFF8003CD65444@832501 FFFFF8003CD65444@832601 FFFFF8003CD65444@832701 FFFFF8003CD65444@832801 FFFFF8003CD65444@832901 FFFFF8003CD65444@833001 FFFFF8003CD65444@833101 FFFFF8003CD65444@833201 FFFFF8003CD65444@833301 FFFFF8003CD65444@833401 FFFFF8003CD65444@833501 FFFFF8003CD65444@833601 FFFFF8003CD65444@833701 FFFFF8003CD65444@833801 FFFFF8003CD65444@833901
[u46] LAPIC state (at reset -- state pass 2 will INHERIT, 4096 bytes): TPR=0xF0 PPR=0x0 SVR=0x1DF
[u46]   LVT Timer=0x300FD (vector=0xFD PERIODIC masked=1) InitCnt=0x0 CurCnt=0x0 Div=0xB
[u46]   IRR: no pending vectors
[u47] LAPIC quiesced at reset (LVTs masked, timer stopped, pending/ISR/IRR cleared, TPR=0)
[u46] LAPIC state (after U47 quiesce, 4096 bytes): TPR=0x0 PPR=0x0 SVR=0x1DF
[u46]   LVT Timer=0x10000 (vector=0x00 one-shot masked=1) InitCnt=0x0 CurCnt=0x0 Div=0xB
[u46]   IRR: no pending vectors
[u42] pass1 IOAPIC accesses total=274 (logged 260)
[u42] state INHERITED by pass 2: ioapic1.id=1 selectedReg=0x20 | ioapic2.id=2 selectedReg=0x3F
[u42]   ioapic1.redir[0]=0x00000000000100FF (vec=0xFF masked=1) -- NOT at power-on default
[u42]   ioapic1.redir[1]=0x00000000000100FF (vec=0xFF masked=1) -- NOT at power-on default
[u42]   ioapic1.redir[2]=0x00000000000100FF (vec=0xFF masked=1) -- NOT at power-on default
[u42]   ioapic1.redir[3]=0x00000000000100FF (vec=0xFF masked=1) -- NOT at power-on default
[u42]   ioapic1.redir[4]=0x00000000000100FF (vec=0xFF masked=1) -- NOT at power-on default
[u42]   ioapic1.redir[5]=0x00000000000100FF (vec=0xFF masked=1) -- NOT at power-on default
[u42]   ioapic1.redir[6]=0x00000000000100FF (vec=0xFF masked=1) -- NOT at power-on default
[u42]   ioapic1.redir[7]=0x00000000000100FF (vec=0xFF masked=1) -- NOT at power-on default
[u42]   ioapic1.redir[8]=0x01000000000008D1 (vec=0xD1 masked=0) -- NOT at power-on default
[u42]   ioapic1.redir[9]=0x00000000000100FF (vec=0xFF masked=1) -- NOT at power-on default
[u42]   ioapic1.redir[10]=0x00000000000100FF (vec=0xFF masked=1) -- NOT at power-on default
[u42]   ioapic1.redir[11]=0x00000000000100FF (vec=0xFF masked=1) -- NOT at power-on default
[u42]   ioapic1.redir[12]=0x00000000000100FF (vec=0xFF masked=1) -- NOT at power-on default
[u42]   ioapic1.redir[13]=0x00000000000100FF (vec=0xFF masked=1) -- NOT at power-on default
[u42]   ioapic1.redir[14]=0x00000000000100FF (vec=0xFF masked=1) -- NOT at power-on default
[u42]   ioapic1.redir[15]=0x00000000000100FF (vec=0xFF masked=1) -- NOT at power-on default
[u42]   ioapic1.redir[16]=0x00000000000100FF (vec=0xFF masked=1) -- NOT at power-on default
[u42]   ioapic1.redir[17]=0x00000000000100FF (vec=0xFF masked=1) -- NOT at power-on default
[u42]   ioapic1.redir[18]=0x00000000000100FF (vec=0xFF masked=1) -- NOT at power-on default
[u42]   ioapic1.redir[19]=0x00000000000100FF (vec=0xFF masked=1) -- NOT at power-on default
[u42]   ioapic1.redir[20]=0x00000000000100FF (vec=0xFF masked=1) -- NOT at power-on default
[u42]   ioapic1.redir[21]=0x00000000000100FF (vec=0xFF masked=1) -- NOT at power-on default
[u42]   ioapic1.redir[22]=0x00000000000100FF (vec=0xFF masked=1) -- NOT at power-on default
[u42]   ioapic1.redir[23]=0x00000000000100FF (vec=0xFF masked=1) -- NOT at power-on default
[u42]   ioapic2.redir[0]=0x00000000000100FF (vec=0xFF masked=1) -- NOT at power-on default
[u42]   ioapic2.redir[1]=0x00000000000100FF (vec=0xFF masked=1) -- NOT at power-on default
[u42]   ioapic2.redir[2]=0x00000000000100FF (vec=0xFF masked=1) -- NOT at power-on default
[u42]   ioapic2.redir[3]=0x00000000000100FF (vec=0xFF masked=1) -- NOT at power-on default
[u42]   ioapic2.redir[4]=0x00000000000100FF (vec=0xFF masked=1) -- NOT at power-on default
[u42]   ioapic2.redir[5]=0x00000000000100FF (vec=0xFF masked=1) -- NOT at power-on default
[u42]   ioapic2.redir[6]=0x00000000000100FF (vec=0xFF masked=1) -- NOT at power-on default
[u42]   ioapic2.redir[7]=0x00000000000100FF (vec=0xFF masked=1) -- NOT at power-on default
[u42]   ioapic2.redir[8]=0x00000000000100FF (vec=0xFF masked=1) -- NOT at power-on default
[u42]   ioapic2.redir[9]=0x00000000000100FF (vec=0xFF masked=1) -- NOT at power-on default
[u42]   ioapic2.redir[10]=0x00000000000100FF (vec=0xFF masked=1) -- NOT at power-on default
[u42]   ioapic2.redir[11]=0x00000000000100FF (vec=0xFF masked=1) -- NOT at power-on default
[u42]   ioapic2.redir[12]=0x00000000000100FF (vec=0xFF masked=1) -- NOT at power-on default
[u42]   ioapic2.redir[13]=0x00000000000100FF (vec=0xFF masked=1) -- NOT at power-on default
[u42]   ioapic2.redir[14]=0x00000000000100FF (vec=0xFF masked=1) -- NOT at power-on default
[u42]   ioapic2.redir[15]=0x00000000000100FF (vec=0xFF masked=1) -- NOT at power-on default
[u42]   ioapic2.redir[16]=0x00000000000100FF (vec=0xFF masked=1) -- NOT at power-on default
[u42]   ioapic2.redir[17]=0x00000000000100FF (vec=0xFF masked=1) -- NOT at power-on default
[u42]   ioapic2.redir[18]=0x00000000000100FF (vec=0xFF masked=1) -- NOT at power-on default
[u42]   ioapic2.redir[19]=0x00000000000100FF (vec=0xFF masked=1) -- NOT at power-on default
[u42]   ioapic2.redir[20]=0x00000000000100FF (vec=0xFF masked=1) -- NOT at power-on default
[u42]   ioapic2.redir[21]=0x00000000000100FF (vec=0xFF masked=1) -- NOT at power-on default
[u42]   ioapic2.redir[22]=0x00000000000100FF (vec=0xFF masked=1) -- NOT at power-on default
[u42]   ioapic2.redir[23]=0x00000000000100FF (vec=0xFF masked=1) -- NOT at power-on default
[heartbeat: exitCount=7765000 elapsedSec=184.1 lastPort=0xB008 write=0 val=0x2]
[heartbeat: exitCount=7770000 elapsedSec=184.2 lastPort=0xB008 write=0 val=0x2]
[ramfb] configured: address=0xBE500000 800x600 stride=3200
[cmos-ab] write reg=0x0A value=0x26 (RegA=0x26 RegB=0x02, PIE=0)
[heartbeat: exitCount=7775000 elapsedSec=184.3 lastPort=0xCF8 write=1 val=0x89]
[2J[001;001H[=3h[2J[001;001H[2J[001;001H[8;056;240t[2J[001;001H[2J[001;001H[=3h[2J[001;001H[2J[001;001H[8;031;100t[2J[001;001H[aux] controller: disable AUX port
[heartbeat: exitCount=7780000 elapsedSec=184.4 lastPort=0xCF8 write=1 val=0x0]
[heartbeat: exitCount=7785000 elapsedSec=184.4 lastPort=0xCF8 write=1 val=0x0]
BdsDxe: loading Boot0002 "UEFI LocalHost Virtual Disk LH0001 " from PciRoot(0x0)/Pci(0x2,0x0)/Sata(0x0,0xFFFF,0x0)
BdsDxe: starting Boot0002 "UEFI LocalHost Virtual Disk LH0001 " from PciRoot(0x0)/Pci(0x2,0x0)/Sata(0x0,0xFFFF,0x0)
[heartbeat: exitCount=7790000 elapsedSec=184.6 lastPort=0xB008 write=0 val=0x89]
[2J[001;001H[=3h[2J[001;001H[heartbeat: exitCount=7795000 elapsedSec=184.7 lastPort=0xB008 write=0 val=0x89]
[heartbeat: exitCount=7800000 elapsedSec=184.9 lastPort=0xB008 write=0 val=0x89]
[heartbeat: exitCount=7805000 elapsedSec=185.0 lastPort=0xB008 write=0 val=0x89]
[heartbeat: exitCount=7810000 elapsedSec=185.1 lastPort=0xB008 write=0 val=0x89]
[heartbeat: exitCount=7815000 elapsedSec=185.1 lastPort=0xB008 write=0 val=0x89]
[heartbeat: exitCount=7820000 elapsedSec=185.2 lastPort=0xB008 write=0 val=0x89]
[heartbeat: exitCount=7825000 elapsedSec=185.3 lastPort=0xB008 write=0 val=0x89]
[heartbeat: exitCount=7830000 elapsedSec=185.4 lastPort=0xB008 write=0 val=0x89]
[heartbeat: exitCount=7835000 elapsedSec=185.5 lastPort=0xB008 write=0 val=0x89]
[heartbeat: exitCount=7840000 elapsedSec=185.6 lastPort=0xB008 write=0 val=0x89]
[heartbeat: exitCount=7845000 elapsedSec=185.7 lastPort=0xB008 write=0 val=0x89]
[heartbeat: exitCount=7850000 elapsedSec=185.8 lastPort=0xB008 write=0 val=0x89]
[heartbeat: exitCount=7855000 elapsedSec=185.9 lastPort=0xB008 write=0 val=0x89]
[heartbeat: exitCount=7860000 elapsedSec=185.9 lastPort=0xB008 write=0 val=0x89]
[heartbeat: exitCount=7865000 elapsedSec=186.0 lastPort=0xB008 write=0 val=0x89]
[heartbeat: exitCount=7870000 elapsedSec=186.1 lastPort=0xB008 write=0 val=0x89]
[heartbeat: exitCount=7875000 elapsedSec=186.2 lastPort=0xB008 write=0 val=0x89]
[heartbeat: exitCount=7880000 elapsedSec=186.3 lastPort=0xB008 write=0 val=0x89]
[heartbeat: exitCount=7885000 elapsedSec=186.4 lastPort=0xB008 write=0 val=0x89]
[heartbeat: exitCount=7890000 elapsedSec=187.5 lastPort=0x70 write=1 val=0x82]
[aux] controller: disable AUX port
[heartbeat: exitCount=7895000 elapsedSec=188.1 lastPort=0xCFC write=0 val=0x0]
[heartbeat: exitCount=7900000 elapsedSec=188.2 lastPort=0xCFC write=0 val=0x0]
[heartbeat: exitCount=7905000 elapsedSec=188.3 lastPort=0xCFC write=0 val=0x0]
[kerneldiag] candidate address 0xFFFFF802037A57DD resolves to module base 0xFFFFF80203400000 (+0x3A57DD into it)
[kerneldiag] debug directory: type=2 codeViewRva=0x40970
[kerneldiag] module PDB name: ntkrnlmp.pdb guid=D9424FC4-861E-47C1-0FAD1B35DEC6DCC8 age=1
[wp] DISCOVERY at exitCount=7908386 (pass 2)
[wp] armed breakpoints at module base 0xFFFFF80203400000 (DR2 LFH-check armed=1): DR0=+0x3DC890 (U34 ExInitializePoolHeapManagement entry, VA=0xFFFFF802037DC890), DR1=+0x3FD6F0 (KeBugCheckEx, VA=0xFFFFF802037FD6F0), DR2=+0x343B49 (RtlpHpLfhOwnerMoveSubsegment entry, VA=0xFFFFF80203743B49), DR3=+0x9A188F (HalpIommuInitSystem ret, VA=0xFFFFF80203DA188F)
[u32] ExPoolState pool-descriptor fields (pass 2):
[u32]   pool[0] desc@RVA0xC57EC0: +0x08=0x0 +0x10=0x0  <== +0x10 NULL
[u32]   pool[1] desc@RVA0xC59F80: +0x08=0x0 +0x10=0x0  <== +0x10 NULL
[u32]   pool[2] desc@RVA0xC5C040: +0x08=0x0 +0x10=0x0  <== +0x10 NULL
[u32]   pool[3] desc@RVA0xC5E100: +0x08=0x0 +0x10=0x0  <== +0x10 NULL
[u32]   pool[4] desc@RVA0xC601C0: +0x08=0x0 +0x10=0x0  <== +0x10 NULL
[u32]   pool[5] desc@RVA0xC62280: +0x08=0x0 +0x10=0x0  <== +0x10 NULL
[u32]   pool[6] desc@RVA0xC64340: +0x08=0x0 +0x10=0x0  <== +0x10 NULL
[u32]   pool[7] desc@RVA0xC66400: +0x08=0x0 +0x10=0x0  <== +0x10 NULL
[u33] EDGE pass=2 exitCount=7908386 (reset+148291) pool[0]: +0x08 0xFFFF858D73002000->0x0 +0x10 0xFFFFE609FA200000->0x0 +0x08 CLEARED(set->null) +0x10 CLEARED(set->null)
[heartbeat: exitCount=7910000 elapsedSec=188.3 lastPort=0xB008 write=0 val=0xFF]
[heartbeat: exitCount=7915000 elapsedSec=188.4 lastPort=0xB008 write=0 val=0xFF]
[cmos-ab] write reg=0x0A value=0x25 (RegA=0x25 RegB=0x02, PIE=0)
[ioapic-rte] controller id=1 entry=8 reg=0x20 value=0x000008D1 -> full RTE now 0x01000000000008D1 (vector=0xD1 masked=0)
[cmos-ab] write reg=0x0B value=0x02 (RegA=0x25 RegB=0x02, PIE=0)
[ioapic-rte] controller id=1 entry=8 reg=0x21 value=0x01000000 -> full RTE now 0x01000000000008D1 (vector=0xD1 masked=0)
[ioapic-rte] controller id=1 entry=8 reg=0x20 value=0x000008D1 -> full RTE now 0x01000000000008D1 (vector=0xD1 masked=0)
[cmos-ab] write reg=0x0B value=0x42 (RegA=0x25 RegB=0x42, PIE=1)
[heartbeat: exitCount=7920000 elapsedSec=188.5 lastPort=0xB008 write=0 val=0xC]
[u33] EDGE pass=2 exitCount=7922386 (reset+162291) pool[0]: +0x08 0x0->0xFFFFB98874802000 +0x10 0x0->0xFFFFCC8870200000 +0x08 INIT(null->set) +0x10 INIT(null->set)
[heartbeat: exitCount=7925000 elapsedSec=188.7 lastPort=0xCF8 write=1 val=0xC]
[heartbeat: exitCount=7930000 elapsedSec=188.7 lastPort=0xCF8 write=1 val=0xC]
[heartbeat: exitCount=7935000 elapsedSec=188.8 lastPort=0xCF8 write=1 val=0xC]
[pcicfg #200000] bus=161 dev=1 func=0 off=0x00 size=2 write=0 val=0xFFFFFFFF cfg=absent
[heartbeat: exitCount=7940000 elapsedSec=188.9 lastPort=0xCF8 write=1 val=0xC]
[heartbeat: exitCount=7945000 elapsedSec=188.9 lastPort=0xCF8 write=1 val=0xC]
[cmos-ab] write reg=0x0B value=0x02 (RegA=0x25 RegB=0x02, PIE=0)
[ioapic-rte] controller id=1 entry=8 reg=0x21 value=0x01000000 -> full RTE now 0x01000000000008D1 (vector=0xD1 masked=0)
[ioapic-rte] controller id=1 entry=8 reg=0x20 value=0x000008D1 -> full RTE now 0x01000000000008D1 (vector=0xD1 masked=0)
[cmos-ab] write reg=0x0B value=0x42 (RegA=0x25 RegB=0x42, PIE=1)
[heartbeat: exitCount=7950000 elapsedSec=189.0 lastPort=0xB008 write=0 val=0x9]
[heartbeat: exitCount=7955000 elapsedSec=189.1 lastPort=0xB008 write=0 val=0x9]

[BUGCHECK] hit #1: KeBugCheckEx code=0xA5 p1=0x11 p2=0x3 p3=0x0 exitCount=7956953
[BUGCHECK]   p4=0x0  caller(return)=0xFFFFF802085C0454[kerneldiag] candidate address 0xFFFFF802085C0454 resolves to module base 0xFFFFF80208500000 (+0xC0454 into it)
[kerneldiag] debug directory: type=2 codeViewRva=0x73F3C
[kerneldiag] module PDB name: acpi.pdb guid=662B8231-E47D-1FF9-F7E8C8FD1B44A572 age=1
  (base 0xFFFFF80208500000 RVA 0xC0454)
[BUGCHECK]   stack (canonical kernel qwords):
[BUGCHECK]     [rsp+0x00]=0xFFFFF802085C0454[kerneldiag] candidate address 0xFFFFF802085C0454 resolves to module base 0xFFFFF80208500000 (+0xC0454 into it)
[kerneldiag] debug directory: type=2 codeViewRva=0x73F3C
[kerneldiag] module PDB name: acpi.pdb guid=662B8231-E47D-1FF9-F7E8C8FD1B44A572 age=1
  (RVA 0xC0454)
[BUGCHECK]     [rsp+0x10]=0xFFFFF802085701CA[kerneldiag] candidate address 0xFFFFF802085701CA resolves to module base 0xFFFFF80208500000 (+0x701CA into it)
[kerneldiag] debug directory: type=2 codeViewRva=0x73F3C
[kerneldiag] module PDB name: acpi.pdb guid=662B8231-E47D-1FF9-F7E8C8FD1B44A572 age=1
  (RVA 0x701CA)
[BUGCHECK]     [rsp+0x18]=0xFFFFB98874EA69A0[kerneldiag] no PE header found scanning VA back from 0xFFFFB98874EA69A0

[BUGCHECK]     [rsp+0x20]=0xFFFFB98874E7FA60[kerneldiag] no PE header found scanning VA back from 0xFFFFB98874E7FA60

[BUGCHECK]     [rsp+0x30]=0xFFFFF802C0140019[kerneldiag] no PE header found scanning VA back from 0xFFFFF802C0140019

[heartbeat: exitCount=7960000 elapsedSec=189.5 lastPort=0xB008 write=0 val=0xC]
[heartbeat: exitCount=7965000 elapsedSec=189.6 lastPort=0xB008 write=0 val=0xC]
[heartbeat: exitCount=7970000 elapsedSec=189.6 lastPort=0xB008 write=0 val=0xC]
[heartbeat: exitCount=7975000 elapsedSec=189.7 lastPort=0xB008 write=0 val=0xC]
[heartbeat: exitCount=7980000 elapsedSec=189.8 lastPort=0xB008 write=0 val=0xC]
[heartbeat: exitCount=7985000 elapsedSec=189.8 lastPort=0xB008 write=0 val=0xC]
[heartbeat: exitCount=7990000 elapsedSec=189.9 lastPort=0xB008 write=0 val=0xC]
[heartbeat: exitCount=7995000 elapsedSec=190.0 lastPort=0xB008 write=0 val=0xC]
[heartbeat: exitCount=8000000 elapsedSec=190.1 lastPort=0xB008 write=0 val=0xC]
[u40] === RIP histogram pass 2 (periodic): 716600 samples, base=0xFFFFF80203400000 ===
[u40]    82298  page 0xBEA03000
[u40]    79484  page 0xFFFFF8015DD65000
[u40]    77976  page 0xFFFFF8073F965000
[u40]    71990  page 0xFFFFF8027C965000
[u40]    71139  page 0xFFFFF80209965000
[u40]    68412  page 0xFFFFF80137965000
[u40]    67676  page 0xFFFFF80236B65000
[u40]    66656  page 0xFFFFF8030D165000
[u40]    59413  page 0xFFFFF8033DB65000
[u40]    14841  page 0x1DD9000
[u40]    10181  page 0xBF14E000
[u40]     6513  page 0xFFFFF80203765000  = base+0x365000
[u40]     5348  page 0xBFC50000
[u40]     3552  page 0xBFD68000
[u40]     1852  page 0xBE422000
[u40]     1644  page 0xFFFFF8073F9BD000
[u40]     1642  page 0xFFFFF801379BD000
[u40]     1642  page 0xFFFFF8030D1BD000
[u40]   most recent 256 samples (newest last):
[u40]     FFFFF80203765444@7997441 FFFFF80203765444@7997451 FFFFF80203765444@7997461 FFFFF80203765444@7997471 FFFFF80203765444@7997481 FFFFF80203765444@7997491 FFFFF80203765444@7997501 FFFFF80203765444@7997511 FFFFF80203765444@7997521 FFFFF80203765444@7997531 FFFFF80203765444@7997541 FFFFF80203765444@7997551 FFFFF80203765444@7997561 FFFFF80203765444@7997571 FFFFF80203765444@7997581 FFFFF80203765444@7997591 FFFFF80203765444@7997601 FFFFF80203765444@7997611 FFFFF80203765444@7997621 FFFFF80203765444@7997631 FFFFF80203765444@7997641 FFFFF80203765444@7997651 FFFFF80203765444@7997661 FFFFF80203765444@7997671 FFFFF80203765444@7997681 FFFFF80203765444@7997691 FFFFF80203765444@7997701 FFFFF80203765444@7997711 FFFFF80203765444@7997721 FFFFF80203765444@7997731 FFFFF80203765444@7997741 FFFFF80203765444@7997751 FFFFF80203765444@7997761 FFFFF80203765444@7997771 FFFFF80203765444@7997781 FFFFF80203765444@7997791 FFFFF80203765444@7997801 FFFFF80203765444@7997811 FFFFF80203765444@7997821 FFFFF80203765444@7997831 FFFFF80203765444@7997841 FFFFF80203765444@7997851 FFFFF80203765444@7997861 FFFFF80203765444@7997871 FFFFF80203765444@7997881 FFFFF80203765444@7997891 FFFFF80203765444@7997901 FFFFF80203765444@7997911 FFFFF80203765444@7997921 FFFFF80203765444@7997931 FFFFF80203765444@7997941 FFFFF80203765444@7997951 FFFFF80203765444@7997961 FFFFF80203765444@7997971 FFFFF80203765444@7997981 FFFFF80203765444@7997991 FFFFF80203765444@7998001 FFFFF80203765444@7998011 FFFFF80203765444@7998021 FFFFF80203765444@7998031 FFFFF80203765444@7998041 FFFFF80203765444@7998051 FFFFF80203765444@7998061 FFFFF80203765444@7998071 FFFFF80203765444@7998081 FFFFF80203765444@7998091 FFFFF80203765444@7998101 FFFFF80203765444@7998111 FFFFF80203765444@7998121 FFFFF80203765444@7998131 FFFFF80203765444@7998141 FFFFF80203765444@7998151 FFFFF80203765444@7998161 FFFFF80203765444@7998171 FFFFF80203765444@7998181 FFFFF80203765444@7998191 FFFFF80203765444@7998201 FFFFF80203765444@7998211 FFFFF80203765444@7998221 FFFFF80203765444@7998231 FFFFF80203765444@7998241 FFFFF80203765444@7998251 FFFFF80203765444@7998261 FFFFF80203765444@7998271 FFFFF80203765444@7998281 FFFFF80203765444@7998291 FFFFF80203765444@7998301 FFFFF80203765444@7998311 FFFFF80203765444@7998321 FFFFF80203765444@7998331 FFFFF80203765444@7998341 FFFFF80203765444@7998351 FFFFF80203765444@7998361 FFFFF80203765444@7998371 FFFFF80203765444@7998381 FFFFF80203765444@7998391 FFFFF80203765444@7998401 FFFFF80203765444@7998411 FFFFF80203765444@7998421 FFFFF80203765444@7998431 FFFFF80203765444@7998441 FFFFF80203765444@7998451 FFFFF80203765444@7998461 FFFFF80203765444@7998471 FFFFF80203765444@7998481 FFFFF80203765444@7998491 FFFFF80203765444@7998501 FFFFF80203765444@7998511 FFFFF80203765444@7998521 FFFFF80203765444@7998531 FFFFF80203765444@7998541 FFFFF80203765444@7998551 FFFFF80203765444@7998561 FFFFF80203765444@7998571 FFFFF80203765444@7998581 FFFFF80203765444@7998591 FFFFF80203765444@7998601 FFFFF80203765444@7998611 FFFFF80203765444@7998621 FFFFF80203765444@7998631 FFFFF80203765444@7998641 FFFFF80203765444@7998651 FFFFF80203765444@7998661 FFFFF80203765444@7998671 FFFFF80203765444@7998681 FFFFF80203765444@7998691 FFFFF80203765444@7998701 FFFFF80203765444@7998711 FFFFF80203765444@7998721 FFFFF80203765444@7998731 FFFFF80203765444@7998741 FFFFF80203765444@7998751 FFFFF80203765444@7998761 FFFFF80203765444@7998771 FFFFF80203765444@7998781 FFFFF80203765444@7998791 FFFFF80203765444@7998801 FFFFF80203765444@7998811 FFFFF80203765444@7998821 FFFFF80203765444@7998831 FFFFF80203765444@7998841 FFFFF80203765444@7998851 FFFFF80203765444@7998861 FFFFF80203765444@7998871 FFFFF80203765444@7998881 FFFFF80203765444@7998891 FFFFF80203765444@7998901 FFFFF80203765444@7998911 FFFFF80203765444@7998921 FFFFF80203765444@7998931 FFFFF80203765444@7998941 FFFFF80203765444@7998951 FFFFF80203765444@7998961 FFFFF80203765444@7998971 FFFFF80203765444@7998981 FFFFF80203765444@7998991 FFFFF80203765444@7999001 FFFFF80203765444@7999011 FFFFF80203765444@7999021 FFFFF80203765444@7999031 FFFFF80203765444@7999041 FFFFF80203765444@7999051 FFFFF80203765444@7999061 FFFFF80203765444@7999071 FFFFF80203765444@7999081 FFFFF80203765444@7999091 FFFFF80203765444@7999101 FFFFF80203765444@7999111 FFFFF80203765444@7999121 FFFFF80203765444@7999131 FFFFF80203765444@7999141 FFFFF80203765444@7999151 FFFFF80203765444@7999161 FFFFF80203765444@7999171 FFFFF80203765444@7999181 FFFFF80203765444@7999191 FFFFF80203765444@7999201 FFFFF80203765444@7999211 FFFFF80203765444@7999221 FFFFF80203765444@7999231 FFFFF80203765444@7999241 FFFFF80203765444@7999251 FFFFF80203765444@7999261 FFFFF80203765444@7999271 FFFFF80203765444@7999281 FFFFF80203765444@7999291 FFFFF80203765444@7999301 FFFFF80203765444@7999311 FFFFF80203765444@7999321 FFFFF80203765444@7999331 FFFFF80203765444@7999341 FFFFF80203765444@7999351 FFFFF80203765444@7999361 FFFFF80203765444@7999371 FFFFF80203765444@7999381 FFFFF80203765444@7999391 FFFFF80203765444@7999401 FFFFF80203765444@7999411 FFFFF80203765444@7999421 FFFFF80203765444@7999431 FFFFF80203765444@7999441 FFFFF80203765444@7999451 FFFFF80203765444@7999461 FFFFF80203765444@7999471 FFFFF80203765444@7999481 FFFFF80203765444@7999491 FFFFF80203765444@7999501 FFFFF80203765444@7999511 FFFFF80203765444@7999521 FFFFF80203765444@7999531 FFFFF80203765444@7999541 FFFFF80203765444@7999551 FFFFF80203765444@7999561 FFFFF80203765444@7999571 FFFFF80203765444@7999581 FFFFF80203765444@7999591 FFFFF80203765444@7999601 FFFFF80203765444@7999611 FFFFF80203765444@7999621 FFFFF80203765444@7999631 FFFFF80203765444@7999641 FFFFF80203765444@7999651 FFFFF80203765444@7999661 FFFFF80203765444@7999671 FFFFF80203765444@7999681 FFFFF80203765444@7999691 FFFFF80203765444@7999701 FFFFF80203765444@7999711 FFFFF80203765444@7999721 FFFFF80203765444@7999731 FFFFF80203765444@7999741 FFFFF80203765444@7999751 FFFFF80203765444@7999761 FFFFF80203765444@7999771 FFFFF80203765444@7999781 FFFFF80203765444@7999791 FFFFF80203765444@7999801 FFFFF80203765444@7999811 FFFFF80203765444@7999821 FFFFF80203765444@7999831 FFFFF80203765444@7999841 FFFFF80203765444@7999851 FFFFF80203765444@7999861 FFFFF80203765444@7999871 FFFFF80203765444@7999881 FFFFF80203765444@7999891 FFFFF80203765444@7999901 FFFFF80203765444@7999911 FFFFF80203765444@7999921 FFFFF80203765444@7999931 FFFFF80203765444@7999941 FFFFF80203765444@7999951 FFFFF80203765444@7999961 FFFFF80203765444@7999971 FFFFF80203765444@7999981 FFFFF80203765444@7999991
[heartbeat: exitCount=8005000 elapsedSec=190.1 lastPort=0xB008 write=0 val=0xC]
[heartbeat: exitCount=8010000 elapsedSec=190.2 lastPort=0xB008 write=0 val=0xC]
[heartbeat: exitCount=8015000 elapsedSec=190.3 lastPort=0xB008 write=0 val=0xC]
[heartbeat: exitCount=8020000 elapsedSec=190.3 lastPort=0xB008 write=0 val=0xC]
[heartbeat: exitCount=8025000 elapsedSec=190.4 lastPort=0xB008 write=0 val=0xC]
[heartbeat: exitCount=8030000 elapsedSec=190.5 lastPort=0xB008 write=0 val=0xC]
[heartbeat: exitCount=8035000 elapsedSec=190.6 lastPort=0xB008 write=0 val=0xC]
[heartbeat: exitCount=8040000 elapsedSec=190.6 lastPort=0xB008 write=0 val=0xC]
[heartbeat: exitCount=8045000 elapsedSec=190.7 lastPort=0xB008 write=0 val=0xC]
[heartbeat: exitCount=8050000 elapsedSec=190.8 lastPort=0xB008 write=0 val=0xC]
[heartbeat: exitCount=8055000 elapsedSec=190.8 lastPort=0xB008 write=0 val=0xC]
[heartbeat: exitCount=8060000 elapsedSec=190.9 lastPort=0xB008 write=0 val=0xC]
[heartbeat: exitCount=8065000 elapsedSec=191.0 lastPort=0xB008 write=0 val=0xC]
[heartbeat: exitCount=8070000 elapsedSec=191.0 lastPort=0xB008 write=0 val=0xC]
[heartbeat: exitCount=8075000 elapsedSec=191.1 lastPort=0xB008 write=0 val=0xC]
[heartbeat: exitCount=8080000 elapsedSec=191.2 lastPort=0xB008 write=0 val=0xC]
[heartbeat: exitCount=8085000 elapsedSec=191.2 lastPort=0xB008 write=0 val=0xC]
[heartbeat: exitCount=8090000 elapsedSec=191.3 lastPort=0xB008 write=0 val=0xC]
[heartbeat: exitCount=8095000 elapsedSec=191.4 lastPort=0xB008 write=0 val=0xC]
[heartbeat: exitCount=8100000 elapsedSec=191.5 lastPort=0xB008 write=0 val=0xC]
[heartbeat: exitCount=8105000 elapsedSec=191.6 lastPort=0xB008 write=0 val=0xC]
[heartbeat: exitCount=8110000 elapsedSec=191.6 lastPort=0xB008 write=0 val=0xC]
[heartbeat: exitCount=8115000 elapsedSec=191.7 lastPort=0xB008 write=0 val=0xC]
[heartbeat: exitCount=8120000 elapsedSec=191.8 lastPort=0xB008 write=0 val=0xC]
[heartbeat: exitCount=8125000 elapsedSec=191.9 lastPort=0xB008 write=0 val=0xC]
[heartbeat: exitCount=8130000 elapsedSec=191.9 lastPort=0xB008 write=0 val=0xC]
[heartbeat: exitCount=8135000 elapsedSec=192.0 lastPort=0xB008 write=0 val=0xC]
[heartbeat: exitCount=8140000 elapsedSec=192.1 lastPort=0xB008 write=0 val=0xC]
[heartbeat: exitCount=8145000 elapsedSec=192.1 lastPort=0xB008 write=0 val=0xC]
[heartbeat: exitCount=8150000 elapsedSec=192.2 lastPort=0xB008 write=0 val=0xC]
[heartbeat: exitCount=8155000 elapsedSec=192.3 lastPort=0xB008 write=0 val=0xC]
[heartbeat: exitCount=8160000 elapsedSec=192.4 lastPort=0xB008 write=0 val=0xC]
[heartbeat: exitCount=8165000 elapsedSec=192.4 lastPort=0xB008 write=0 val=0xC]
[heartbeat: exitCount=8170000 elapsedSec=192.5 lastPort=0xB008 write=0 val=0xC]
[heartbeat: exitCount=8175000 elapsedSec=192.6 lastPort=0xB008 write=0 val=0xC]
[heartbeat: exitCount=8180000 elapsedSec=192.7 lastPort=0xB008 write=0 val=0xC]
[heartbeat: exitCount=8185000 elapsedSec=192.8 lastPort=0xB008 write=0 val=0xC]
[heartbeat: exitCount=8190000 elapsedSec=192.8 lastPort=0xB008 write=0 val=0xC]
[heartbeat: exitCount=8195000 elapsedSec=192.9 lastPort=0xB008 write=0 val=0xC]
[heartbeat: exitCount=8200000 elapsedSec=193.0 lastPort=0xB008 write=0 val=0xC]
[heartbeat: exitCount=8205000 elapsedSec=193.0 lastPort=0xB008 write=0 val=0xC]
[heartbeat: exitCount=8210000 elapsedSec=193.1 lastPort=0xB008 write=0 val=0xC]
[heartbeat: exitCount=8215000 elapsedSec=193.2 lastPort=0xB008 write=0 val=0xC]
[heartbeat: exitCount=8220000 elapsedSec=193.2 lastPort=0xB008 write=0 val=0xC]
[heartbeat: exitCount=8225000 elapsedSec=193.3 lastPort=0xB008 write=0 val=0xC]
[heartbeat: exitCount=8230000 elapsedSec=193.4 lastPort=0xB008 write=0 val=0xC]
[heartbeat: exitCount=8235000 elapsedSec=193.5 lastPort=0xB008 write=0 val=0xC]
[heartbeat: exitCount=8240000 elapsedSec=193.5 lastPort=0xB008 write=0 val=0xC]
[heartbeat: exitCount=8245000 elapsedSec=193.6 lastPort=0xB008 write=0 val=0xC]
[heartbeat: exitCount=8250000 elapsedSec=193.7 lastPort=0xB008 write=0 val=0xC]
[u40] === RIP histogram pass 2 (periodic): 741600 samples, base=0xFFFFF80203400000 ===
[u40]    82298  page 0xBEA03000
[u40]    79484  page 0xFFFFF8015DD65000
[u40]    77976  page 0xFFFFF8073F965000
[u40]    71990  page 0xFFFFF8027C965000
[u40]    71139  page 0xFFFFF80209965000
[u40]    68412  page 0xFFFFF80137965000
[u40]    67676  page 0xFFFFF80236B65000
[u40]    66656  page 0xFFFFF8030D165000
[u40]    59413  page 0xFFFFF8033DB65000
[u40]    31513  page 0xFFFFF80203765000  = base+0x365000
[u40]    14841  page 0x1DD9000
[u40]    10181  page 0xBF14E000
[u40]     5348  page 0xBFC50000
[u40]     3552  page 0xBFD68000
[u40]     1852  page 0xBE422000
[u40]     1644  page 0xFFFFF8073F9BD000
[u40]     1642  page 0xFFFFF801379BD000
[u40]     1642  page 0xFFFFF8030D1BD000
[u40]   most recent 256 samples (newest last):
[u40]     FFFFF80203765444@8247441 FFFFF80203765444@8247451 FFFFF80203765444@8247461 FFFFF80203765444@8247471 FFFFF80203765444@8247481 FFFFF80203765444@8247491 FFFFF80203765444@8247501 FFFFF80203765444@8247511 FFFFF80203765444@8247521 FFFFF80203765444@8247531 FFFFF80203765444@8247541 FFFFF80203765444@8247551 FFFFF80203765444@8247561 FFFFF80203765444@8247571 FFFFF80203765444@8247581 FFFFF80203765444@8247591 FFFFF80203765444@8247601 FFFFF80203765444@8247611 FFFFF80203765444@8247621 FFFFF80203765444@8247631 FFFFF80203765444@8247641 FFFFF80203765444@8247651 FFFFF80203765444@8247661 FFFFF80203765444@8247671 FFFFF80203765444@8247681 FFFFF80203765444@8247691 FFFFF80203765444@8247701 FFFFF80203765444@8247711 FFFFF80203765444@8247721 FFFFF80203765444@8247731 FFFFF80203765444@8247741 FFFFF80203765444@8247751 FFFFF80203765444@8247761 FFFFF80203765444@8247771 FFFFF80203765444@8247781 FFFFF80203765444@8247791 FFFFF80203765444@8247801 FFFFF80203765444@8247811 FFFFF80203765444@8247821 FFFFF80203765444@8247831 FFFFF80203765444@8247841 FFFFF80203765444@8247851 FFFFF80203765444@8247861 FFFFF80203765444@8247871 FFFFF80203765444@8247881 FFFFF80203765444@8247891 FFFFF80203765444@8247901 FFFFF80203765444@8247911 FFFFF80203765444@8247921 FFFFF80203765444@8247931 FFFFF80203765444@8247941 FFFFF80203765444@8247951 FFFFF80203765444@8247961 FFFFF80203765444@8247971 FFFFF80203765444@8247981 FFFFF80203765444@8247991 FFFFF80203765444@8248001 FFFFF80203765444@8248011 FFFFF80203765444@8248021 FFFFF80203765444@8248031 FFFFF80203765444@8248041 FFFFF80203765444@8248051 FFFFF80203765444@8248061 FFFFF80203765444@8248071 FFFFF80203765444@8248081 FFFFF80203765444@8248091 FFFFF80203765444@8248101 FFFFF80203765444@8248111 FFFFF80203765444@8248121 FFFFF80203765444@8248131 FFFFF80203765444@8248141 FFFFF80203765444@8248151 FFFFF80203765444@8248161 FFFFF80203765444@8248171 FFFFF80203765444@8248181 FFFFF80203765444@8248191 FFFFF80203765444@8248201 FFFFF80203765444@8248211 FFFFF80203765444@8248221 FFFFF80203765444@8248231 FFFFF80203765444@8248241 FFFFF80203765444@8248251 FFFFF80203765444@8248261 FFFFF80203765444@8248271 FFFFF80203765444@8248281 FFFFF80203765444@8248291 FFFFF80203765444@8248301 FFFFF80203765444@8248311 FFFFF80203765444@8248321 FFFFF80203765444@8248331 FFFFF80203765444@8248341 FFFFF80203765444@8248351 FFFFF80203765444@8248361 FFFFF80203765444@8248371 FFFFF80203765444@8248381 FFFFF80203765444@8248391 FFFFF80203765444@8248401 FFFFF80203765444@8248411 FFFFF80203765444@8248421 FFFFF80203765444@8248431 FFFFF80203765444@8248441 FFFFF80203765444@8248451 FFFFF80203765444@8248461 FFFFF80203765444@8248471 FFFFF80203765444@8248481 FFFFF80203765444@8248491 FFFFF80203765444@8248501 FFFFF80203765444@8248511 FFFFF80203765444@8248521 FFFFF80203765444@8248531 FFFFF80203765444@8248541 FFFFF80203765444@8248551 FFFFF80203765444@8248561 FFFFF80203765444@8248571 FFFFF80203765444@8248581 FFFFF80203765444@8248591 FFFFF80203765444@8248601 FFFFF80203765444@8248611 FFFFF80203765444@8248621 FFFFF80203765444@8248631 FFFFF80203765444@8248641 FFFFF80203765444@8248651 FFFFF80203765444@8248661 FFFFF80203765444@8248671 FFFFF80203765444@8248681 FFFFF80203765444@8248691 FFFFF80203765444@8248701 FFFFF80203765444@8248711 FFFFF80203765444@8248721 FFFFF80203765444@8248731 FFFFF80203765444@8248741 FFFFF80203765444@8248751 FFFFF80203765444@8248761 FFFFF80203765444@8248771 FFFFF80203765444@8248781 FFFFF80203765444@8248791 FFFFF80203765444@8248801 FFFFF80203765444@8248811 FFFFF80203765444@8248821 FFFFF80203765444@8248831 FFFFF80203765444@8248841 FFFFF80203765444@8248851 FFFFF80203765444@8248861 FFFFF80203765444@8248871 FFFFF80203765444@8248881 FFFFF80203765444@8248891 FFFFF80203765444@8248901 FFFFF80203765444@8248911 FFFFF80203765444@8248921 FFFFF80203765444@8248931 FFFFF80203765444@8248941 FFFFF80203765444@8248951 FFFFF80203765444@8248961 FFFFF80203765444@8248971 FFFFF80203765444@8248981 FFFFF80203765444@8248991 FFFFF80203765444@8249001 FFFFF80203765444@8249011 FFFFF80203765444@8249021 FFFFF80203765444@8249031 FFFFF80203765444@8249041 FFFFF80203765444@8249051 FFFFF80203765444@8249061 FFFFF80203765444@8249071 FFFFF80203765444@8249081 FFFFF80203765444@8249091 FFFFF80203765444@8249101 FFFFF80203765444@8249111 FFFFF80203765444@8249121 FFFFF80203765444@8249131 FFFFF80203765444@8249141 FFFFF80203765444@8249151 FFFFF80203765444@8249161 FFFFF80203765444@8249171 FFFFF80203765444@8249181 FFFFF80203765444@8249191 FFFFF80203765444@8249201 FFFFF80203765444@8249211 FFFFF80203765444@8249221 FFFFF80203765444@8249231 FFFFF80203765444@8249241 FFFFF80203765444@8249251 FFFFF80203765444@8249261 FFFFF80203765444@8249271 FFFFF80203765444@8249281 FFFFF80203765444@8249291 FFFFF80203765444@8249301 FFFFF80203765444@8249311 FFFFF80203765444@8249321 FFFFF80203765444@8249331 FFFFF80203765444@8249341 FFFFF80203765444@8249351 FFFFF80203765444@8249361 FFFFF80203765444@8249371 FFFFF80203765444@8249381 FFFFF80203765444@8249391 FFFFF80203765444@8249401 FFFFF80203765444@8249411 FFFFF80203765444@8249421 FFFFF80203765444@8249431 FFFFF80203765444@8249441 FFFFF80203765444@8249451 FFFFF80203765444@8249461 FFFFF80203765444@8249471 FFFFF80203765444@8249481 FFFFF80203765444@8249491 FFFFF80203765444@8249501 FFFFF80203765444@8249511 FFFFF80203765444@8249521 FFFFF80203765444@8249531 FFFFF80203765444@8249541 FFFFF80203765444@8249551 FFFFF80203765444@8249561 FFFFF80203765444@8249571 FFFFF80203765444@8249581 FFFFF80203765444@8249591 FFFFF80203765444@8249601 FFFFF80203765444@8249611 FFFFF80203765444@8249621 FFFFF80203765444@8249631 FFFFF80203765444@8249641 FFFFF80203765444@8249651 FFFFF80203765444@8249661 FFFFF80203765444@8249671 FFFFF80203765444@8249681 FFFFF80203765444@8249691 FFFFF80203765444@8249701 FFFFF80203765444@8249711 FFFFF80203765444@8249721 FFFFF80203765444@8249731 FFFFF80203765444@8249741 FFFFF80203765444@8249751 FFFFF80203765444@8249761 FFFFF80203765444@8249771 FFFFF80203765444@8249781 FFFFF80203765444@8249791 FFFFF80203765444@8249801 FFFFF80203765444@8249811 FFFFF80203765444@8249821 FFFFF80203765444@8249831 FFFFF80203765444@8249841 FFFFF80203765444@8249851 FFFFF80203765444@8249861 FFFFF80203765444@8249871 FFFFF80203765444@8249881 FFFFF80203765444@8249891 FFFFF80203765444@8249901 FFFFF80203765444@8249911 FFFFF80203765444@8249921 FFFFF80203765444@8249931 FFFFF80203765444@8249941 FFFFF80203765444@8249951 FFFFF80203765444@8249961 FFFFF80203765444@8249971 FFFFF80203765444@8249981 FFFFF80203765444@8249991
[heartbeat: exitCount=8255000 elapsedSec=193.7 lastPort=0xB008 write=0 val=0xC]
[heartbeat: exitCount=8260000 elapsedSec=193.8 lastPort=0xB008 write=0 val=0xC]
[heartbeat: exitCount=8265000 elapsedSec=193.9 lastPort=0xB008 write=0 val=0xC]
[heartbeat: exitCount=8270000 elapsedSec=193.9 lastPort=0xB008 write=0 val=0xC]
[heartbeat: exitCount=8275000 elapsedSec=194.0 lastPort=0xB008 write=0 val=0xC]
[rtc-diag] tick #6500 SKIPPED (interrupts disabled), skippedTotal=5924 firedTotal=576
[heartbeat: exitCount=8280000 elapsedSec=194.1 lastPort=0xB008 write=0 val=0xC]
[heartbeat: exitCount=8285000 elapsedSec=194.2 lastPort=0xB008 write=0 val=0xC]
[heartbeat: exitCount=8290000 elapsedSec=194.3 lastPort=0xB008 write=0 val=0xC]
[heartbeat: exitCount=8295000 elapsedSec=194.3 lastPort=0xB008 write=0 val=0xC]
[heartbeat: exitCount=8300000 elapsedSec=194.4 lastPort=0xB008 write=0 val=0xC]
[heartbeat: exitCount=8305000 elapsedSec=194.5 lastPort=0xB008 write=0 val=0xC]
[heartbeat: exitCount=8310000 elapsedSec=194.5 lastPort=0xB008 write=0 val=0xC]
[heartbeat: exitCount=8315000 elapsedSec=194.6 lastPort=0xB008 write=0 val=0xC]
[heartbeat: exitCount=8320000 elapsedSec=194.7 lastPort=0xB008 write=0 val=0xC]
[heartbeat: exitCount=8325000 elapsedSec=194.8 lastPort=0xB008 write=0 val=0xC]
[heartbeat: exitCount=8330000 elapsedSec=194.8 lastPort=0xB008 write=0 val=0xC]
[heartbeat: exitCount=8335000 elapsedSec=194.9 lastPort=0xB008 write=0 val=0xC]
[heartbeat: exitCount=8340000 elapsedSec=195.0 lastPort=0xB008 write=0 val=0xC]
[heartbeat: exitCount=8345000 elapsedSec=195.0 lastPort=0xB008 write=0 val=0xC]
[heartbeat: exitCount=8350000 elapsedSec=195.1 lastPort=0xB008 write=0 val=0xC]
[heartbeat: exitCount=8355000 elapsedSec=195.2 lastPort=0xB008 write=0 val=0xC]
[heartbeat: exitCount=8360000 elapsedSec=195.2 lastPort=0xB008 write=0 val=0xC]
[heartbeat: exitCount=8365000 elapsedSec=195.3 lastPort=0xB008 write=0 val=0xC]
[heartbeat: exitCount=8370000 elapsedSec=195.4 lastPort=0xB008 write=0 val=0xC]
[heartbeat: exitCount=8375000 elapsedSec=195.5 lastPort=0xB008 write=0 val=0xC]
[heartbeat: exitCount=8380000 elapsedSec=195.6 lastPort=0xB008 write=0 val=0xC]
[heartbeat: exitCount=8385000 elapsedSec=195.7 lastPort=0xB008 write=0 val=0xC]
[heartbeat: exitCount=8390000 elapsedSec=195.8 lastPort=0xB008 write=0 val=0xC]
[heartbeat: exitCount=8395000 elapsedSec=195.8 lastPort=0xB008 write=0 val=0xC]
[heartbeat: exitCount=8400000 elapsedSec=195.9 lastPort=0xB008 write=0 val=0xC]
[heartbeat: exitCount=8405000 elapsedSec=196.0 lastPort=0xB008 write=0 val=0xC]
[heartbeat: exitCount=8410000 elapsedSec=196.0 lastPort=0xB008 write=0 val=0xC]
[heartbeat: exitCount=8415000 elapsedSec=196.1 lastPort=0xB008 write=0 val=0xC]
[heartbeat: exitCount=8420000 elapsedSec=196.2 lastPort=0xB008 write=0 val=0xC]
[heartbeat: exitCount=8425000 elapsedSec=196.3 lastPort=0xB008 write=0 val=0xC]
[heartbeat: exitCount=8430000 elapsedSec=196.4 lastPort=0xB008 write=0 val=0xC]
[heartbeat: exitCount=8435000 elapsedSec=196.5 lastPort=0xB008 write=0 val=0xC]
[heartbeat: exitCount=8440000 elapsedSec=196.6 lastPort=0xB008 write=0 val=0xC]
[heartbeat: exitCount=8445000 elapsedSec=196.6 lastPort=0xB008 write=0 val=0xC]
[heartbeat: exitCount=8450000 elapsedSec=196.7 lastPort=0xB008 write=0 val=0xC]
[heartbeat: exitCount=8455000 elapsedSec=196.8 lastPort=0xB008 write=0 val=0xC]
[heartbeat: exitCount=8460000 elapsedSec=196.8 lastPort=0xB008 write=0 val=0xC]
[heartbeat: exitCount=8465000 elapsedSec=196.9 lastPort=0xB008 write=0 val=0xC]
[heartbeat: exitCount=8470000 elapsedSec=197.0 lastPort=0xB008 write=0 val=0xC]
[heartbeat: exitCount=8475000 elapsedSec=197.1 lastPort=0xB008 write=0 val=0xC]
[heartbeat: exitCount=8480000 elapsedSec=197.1 lastPort=0xB008 write=0 val=0xC]
[heartbeat: exitCount=8485000 elapsedSec=197.2 lastPort=0xB008 write=0 val=0xC]
[heartbeat: exitCount=8490000 elapsedSec=197.3 lastPort=0xB008 write=0 val=0xC]
[heartbeat: exitCount=8495000 elapsedSec=197.3 lastPort=0xB008 write=0 val=0xC]
[heartbeat: exitCount=8500000 elapsedSec=197.4 lastPort=0xB008 write=0 val=0xC]
[u40] === RIP histogram pass 2 (periodic): 766600 samples, base=0xFFFFF80203400000 ===
[u40]    82298  page 0xBEA03000
[u40]    79484  page 0xFFFFF8015DD65000
[u40]    77976  page 0xFFFFF8073F965000
[u40]    71990  page 0xFFFFF8027C965000
[u40]    71139  page 0xFFFFF80209965000
[u40]    68412  page 0xFFFFF80137965000
[u40]    67676  page 0xFFFFF80236B65000
[u40]    66656  page 0xFFFFF8030D165000
[u40]    59413  page 0xFFFFF8033DB65000
[u40]    56513  page 0xFFFFF80203765000  = base+0x365000
[u40]    14841  page 0x1DD9000
[u40]    10181  page 0xBF14E000
[u40]     5348  page 0xBFC50000
[u40]     3552  page 0xBFD68000
[u40]     1852  page 0xBE422000
[u40]     1644  page 0xFFFFF8073F9BD000
[u40]     1642  page 0xFFFFF801379BD000
[u40]     1642  page 0xFFFFF8030D1BD000
[u40]   most recent 256 samples (newest last):
[u40]     FFFFF80203765444@8497441 FFFFF80203765444@8497451 FFFFF80203765444@8497461 FFFFF80203765444@8497471 FFFFF80203765444@8497481 FFFFF80203765444@8497491 FFFFF80203765444@8497501 FFFFF80203765444@8497511 FFFFF80203765444@8497521 FFFFF80203765444@8497531 FFFFF80203765444@8497541 FFFFF80203765444@8497551 FFFFF80203765444@8497561 FFFFF80203765444@8497571 FFFFF80203765444@8497581 FFFFF80203765444@8497591 FFFFF80203765444@8497601 FFFFF80203765444@8497611 FFFFF80203765444@8497621 FFFFF80203765444@8497631 FFFFF80203765444@8497641 FFFFF80203765444@8497651 FFFFF80203765444@8497661 FFFFF80203765444@8497671 FFFFF80203765444@8497681 FFFFF80203765444@8497691 FFFFF80203765444@8497701 FFFFF80203765444@8497711 FFFFF80203765444@8497721 FFFFF80203765444@8497731 FFFFF80203765444@8497741 FFFFF80203765444@8497751 FFFFF80203765444@8497761 FFFFF80203765444@8497771 FFFFF80203765444@8497781 FFFFF80203765444@8497791 FFFFF80203765444@8497801 FFFFF80203765444@8497811 FFFFF80203765444@8497821 FFFFF80203765444@8497831 FFFFF80203765444@8497841 FFFFF80203765444@8497851 FFFFF80203765444@8497861 FFFFF80203765444@8497871 FFFFF80203765444@8497881 FFFFF80203765444@8497891 FFFFF80203765444@8497901 FFFFF80203765444@8497911 FFFFF80203765444@8497921 FFFFF80203765444@8497931 FFFFF80203765444@8497941 FFFFF80203765444@8497951 FFFFF80203765444@8497961 FFFFF80203765444@8497971 FFFFF80203765444@8497981 FFFFF80203765444@8497991 FFFFF80203765444@8498001 FFFFF80203765444@8498011 FFFFF80203765444@8498021 FFFFF80203765444@8498031 FFFFF80203765444@8498041 FFFFF80203765444@8498051 FFFFF80203765444@8498061 FFFFF80203765444@8498071 FFFFF80203765444@8498081 FFFFF80203765444@8498091 FFFFF80203765444@8498101 FFFFF80203765444@8498111 FFFFF80203765444@8498121 FFFFF80203765444@8498131 FFFFF80203765444@8498141 FFFFF80203765444@8498151 FFFFF80203765444@8498161 FFFFF80203765444@8498171 FFFFF80203765444@8498181 FFFFF80203765444@8498191 FFFFF80203765444@8498201 FFFFF80203765444@8498211 FFFFF80203765444@8498221 FFFFF80203765444@8498231 FFFFF80203765444@8498241 FFFFF80203765444@8498251 FFFFF80203765444@8498261 FFFFF80203765444@8498271 FFFFF80203765444@8498281 FFFFF80203765444@8498291 FFFFF80203765444@8498301 FFFFF80203765444@8498311 FFFFF80203765444@8498321 FFFFF80203765444@8498331 FFFFF80203765444@8498341 FFFFF80203765444@8498351 FFFFF80203765444@8498361 FFFFF80203765444@8498371 FFFFF80203765444@8498381 FFFFF80203765444@8498391 FFFFF80203765444@8498401 FFFFF80203765444@8498411 FFFFF80203765444@8498421 FFFFF80203765444@8498431 FFFFF80203765444@8498441 FFFFF80203765444@8498451 FFFFF80203765444@8498461 FFFFF80203765444@8498471 FFFFF80203765444@8498481 FFFFF80203765444@8498491 FFFFF80203765444@8498501 FFFFF80203765444@8498511 FFFFF80203765444@8498521 FFFFF80203765444@8498531 FFFFF80203765444@8498541 FFFFF80203765444@8498551 FFFFF80203765444@8498561 FFFFF80203765444@8498571 FFFFF80203765444@8498581 FFFFF80203765444@8498591 FFFFF80203765444@8498601 FFFFF80203765444@8498611 FFFFF80203765444@8498621 FFFFF80203765444@8498631 FFFFF80203765444@8498641 FFFFF80203765444@8498651 FFFFF80203765444@8498661 FFFFF80203765444@8498671 FFFFF80203765444@8498681 FFFFF80203765444@8498691 FFFFF80203765444@8498701 FFFFF80203765444@8498711 FFFFF80203765444@8498721 FFFFF80203765444@8498731 FFFFF80203765444@8498741 FFFFF80203765444@8498751 FFFFF80203765444@8498761 FFFFF80203765444@8498771 FFFFF80203765444@8498781 FFFFF80203765444@8498791 FFFFF80203765444@8498801 FFFFF80203765444@8498811 FFFFF80203765444@8498821 FFFFF80203765444@8498831 FFFFF80203765444@8498841 FFFFF80203765444@8498851 FFFFF80203765444@8498861 FFFFF80203765444@8498871 FFFFF80203765444@8498881 FFFFF80203765444@8498891 FFFFF80203765444@8498901 FFFFF80203765444@8498911 FFFFF80203765444@8498921 FFFFF80203765444@8498931 FFFFF80203765444@8498941 FFFFF80203765444@8498951 FFFFF80203765444@8498961 FFFFF80203765444@8498971 FFFFF80203765444@8498981 FFFFF80203765444@8498991 FFFFF80203765444@8499001 FFFFF80203765444@8499011 FFFFF80203765444@8499021 FFFFF80203765444@8499031 FFFFF80203765444@8499041 FFFFF80203765444@8499051 FFFFF80203765444@8499061 FFFFF80203765444@8499071 FFFFF80203765444@8499081 FFFFF80203765444@8499091 FFFFF80203765444@8499101 FFFFF80203765444@8499111 FFFFF80203765444@8499121 FFFFF80203765444@8499131 FFFFF80203765444@8499141 FFFFF80203765444@8499151 FFFFF80203765444@8499161 FFFFF80203765444@8499171 FFFFF80203765444@8499181 FFFFF80203765444@8499191 FFFFF80203765444@8499201 FFFFF80203765444@8499211 FFFFF80203765444@8499221 FFFFF80203765444@8499231 FFFFF80203765444@8499241 FFFFF80203765444@8499251 FFFFF80203765444@8499261 FFFFF80203765444@8499271 FFFFF80203765444@8499281 FFFFF80203765444@8499291 FFFFF80203765444@8499301 FFFFF80203765444@8499311 FFFFF80203765444@8499321 FFFFF80203765444@8499331 FFFFF80203765444@8499341 FFFFF80203765444@8499351 FFFFF80203765444@8499361 FFFFF80203765444@8499371 FFFFF80203765444@8499381 FFFFF80203765444@8499391 FFFFF80203765444@8499401 FFFFF80203765444@8499411 FFFFF80203765444@8499421 FFFFF80203765444@8499431 FFFFF80203765444@8499441 FFFFF80203765444@8499451 FFFFF80203765444@8499461 FFFFF80203765444@8499471 FFFFF80203765444@8499481 FFFFF80203765444@8499491 FFFFF80203765444@8499501 FFFFF80203765444@8499511 FFFFF80203765444@8499521 FFFFF80203765444@8499531 FFFFF80203765444@8499541 FFFFF80203765444@8499551 FFFFF80203765444@8499561 FFFFF80203765444@8499571 FFFFF80203765444@8499581 FFFFF80203765444@8499591 FFFFF80203765444@8499601 FFFFF80203765444@8499611 FFFFF80203765444@8499621 FFFFF80203765444@8499631 FFFFF80203765444@8499641 FFFFF80203765444@8499651 FFFFF80203765444@8499661 FFFFF80203765444@8499671 FFFFF80203765444@8499681 FFFFF80203765444@8499691 FFFFF80203765444@8499701 FFFFF80203765444@8499711 FFFFF80203765444@8499721 FFFFF80203765444@8499731 FFFFF80203765444@8499741 FFFFF80203765444@8499751 FFFFF80203765444@8499761 FFFFF80203765444@8499771 FFFFF80203765444@8499781 FFFFF80203765444@8499791 FFFFF80203765444@8499801 FFFFF80203765444@8499811 FFFFF80203765444@8499821 FFFFF80203765444@8499831 FFFFF80203765444@8499841 FFFFF80203765444@8499851 FFFFF80203765444@8499861 FFFFF80203765444@8499871 FFFFF80203765444@8499881 FFFFF80203765444@8499891 FFFFF80203765444@8499901 FFFFF80203765444@8499911 FFFFF80203765444@8499921 FFFFF80203765444@8499931 FFFFF80203765444@8499941 FFFFF80203765444@8499951 FFFFF80203765444@8499961 FFFFF80203765444@8499971 FFFFF80203765444@8499981 FFFFF80203765444@8499991
[heartbeat: exitCount=8505000 elapsedSec=197.5 lastPort=0xB008 write=0 val=0xC]
[heartbeat: exitCount=8510000 elapsedSec=197.5 lastPort=0xB008 write=0 val=0xC]
[heartbeat: exitCount=8515000 elapsedSec=197.6 lastPort=0xB008 write=0 val=0xC]
[heartbeat: exitCount=8520000 elapsedSec=197.7 lastPort=0xB008 write=0 val=0xC]
[heartbeat: exitCount=8525000 elapsedSec=197.8 lastPort=0xB008 write=0 val=0xC]
[heartbeat: exitCount=8530000 elapsedSec=197.9 lastPort=0xB008 write=0 val=0xC]
[heartbeat: exitCount=8535000 elapsedSec=198.0 lastPort=0xB008 write=0 val=0xC]
[heartbeat: exitCount=8540000 elapsedSec=198.0 lastPort=0xB008 write=0 val=0xC]
[heartbeat: exitCount=8545000 elapsedSec=198.1 lastPort=0xB008 write=0 val=0xC]
[heartbeat: exitCount=8550000 elapsedSec=198.2 lastPort=0xB008 write=0 val=0xC]
[heartbeat: exitCount=8555000 elapsedSec=198.2 lastPort=0xB008 write=0 val=0xC]
[heartbeat: exitCount=8560000 elapsedSec=198.3 lastPort=0xB008 write=0 val=0xC]
[heartbeat: exitCount=8565000 elapsedSec=198.4 lastPort=0xB008 write=0 val=0xC]
[heartbeat: exitCount=8570000 elapsedSec=198.5 lastPort=0xB008 write=0 val=0xC]
[heartbeat: exitCount=8575000 elapsedSec=198.5 lastPort=0xB008 write=0 val=0xC]
[heartbeat: exitCount=8580000 elapsedSec=198.6 lastPort=0xB008 write=0 val=0xC]
[heartbeat: exitCount=8585000 elapsedSec=198.7 lastPort=0xB008 write=0 val=0xC]
[heartbeat: exitCount=8590000 elapsedSec=198.7 lastPort=0xB008 write=0 val=0xC]
[heartbeat: exitCount=8595000 elapsedSec=198.8 lastPort=0xB008 write=0 val=0xC]
[heartbeat: exitCount=8600000 elapsedSec=198.9 lastPort=0xB008 write=0 val=0xC]
[heartbeat: exitCount=8605000 elapsedSec=198.9 lastPort=0xB008 write=0 val=0xC]
[heartbeat: exitCount=8610000 elapsedSec=199.1 lastPort=0xB008 write=0 val=0xC]
[heartbeat: exitCount=8615000 elapsedSec=199.1 lastPort=0xB008 write=0 val=0xC]
[heartbeat: exitCount=8620000 elapsedSec=199.2 lastPort=0xB008 write=0 val=0xC]
[heartbeat: exitCount=8625000 elapsedSec=199.3 lastPort=0xB008 write=0 val=0xC]
[heartbeat: exitCount=8630000 elapsedSec=199.3 lastPort=0xB008 write=0 val=0xC]
[heartbeat: exitCount=8635000 elapsedSec=199.4 lastPort=0xB008 write=0 val=0xC]
[cmos-ab] write reg=0x0B value=0x02 (RegA=0x25 RegB=0x02, PIE=0)
[cmos-ab] write reg=0x0B value=0x02 (RegA=0x25 RegB=0x02, PIE=0)
[reset] port 0x64/0xFE keyboard-controller reset pulse honored -- vCPU restarted at reset vector (exitCount=8637835)
[u40] === RIP histogram pass 1 (end of pass 1, at reset): 8340 samples, base=0xFFFFF8003CA00000 ===
[u40]     6865  page 0xFFFFF8003CD65000  = base+0x365000
[u40]      693  page 0xBEA03000
[u40]      165  page 0x1DD9000
[u40]      164  page 0xFFFFF8003CDBD000  = base+0x3BD000
[u40]      106  page 0xBF14E000
[u40]       96  page 0xBE41C000
[u40]       81  page 0xFFFFF8003CDBC000  = base+0x3BC000
[u40]       44  page 0xBFC50000
[u40]       41  page 0xBFD68000
[u40]       20  page 0xBE422000
[u40]       18  page 0xBF14F000
[u40]       16  page 0xFFFFF8003CECC000  = base+0x4CC000
[u40]       12  page 0xBF16B000
[u40]       11  page 0xBF174000
[u40]        2  page 0xFFFFF8003CDA5000  = base+0x3A5000
[u40]        2  page 0x848000
[u40]        1  page 0xFFFFF8003CE02000  = base+0x402000
[u40]        1  page 0xBF1CC000
[u40]   most recent 256 samples (newest last):
[u40]     FFFFF8003CD65444@808401 FFFFF8003CD65444@808501 FFFFF8003CD65444@808601 FFFFF8003CD65444@808701 FFFFF8003CD65444@808801 FFFFF8003CD65444@808901 FFFFF8003CD65444@809001 FFFFF8003CD65444@809101 FFFFF8003CD65444@809201 FFFFF8003CD65444@809301 FFFFF8003CD65444@809401 FFFFF8003CD65444@809501 FFFFF8003CD65444@809601 FFFFF8003CD65444@809701 FFFFF8003CD65444@809801 FFFFF8003CD65444@809901 FFFFF8003CD65444@810001 FFFFF8003CD65444@810101 FFFFF8003CD65444@810201 FFFFF8003CD65444@810301 FFFFF8003CD65444@810401 FFFFF8003CD65444@810501 FFFFF8003CD65444@810601 FFFFF8003CD65444@810701 FFFFF8003CD65444@810801 FFFFF8003CD65444@810901 FFFFF8003CD65444@811001 FFFFF8003CD65444@811101 FFFFF8003CD65444@811201 FFFFF8003CD65444@811301 FFFFF8003CD65444@811401 FFFFF8003CD65444@811501 FFFFF8003CD65444@811601 FFFFF8003CD65444@811701 FFFFF8003CD65444@811801 FFFFF8003CD65444@811901 FFFFF8003CD65444@812001 FFFFF8003CD65444@812101 FFFFF8003CD65444@812201 FFFFF8003CD65444@812301 FFFFF8003CD65444@812401 FFFFF8003CD65444@812501 FFFFF8003CD65444@812601 FFFFF8003CD65444@812701 FFFFF8003CD65444@812801 FFFFF8003CD65444@812901 FFFFF8003CD65444@813001 FFFFF8003CD65444@813101 FFFFF8003CD65444@813201 FFFFF8003CD65444@813301 FFFFF8003CD65444@813401 FFFFF8003CD65444@813501 FFFFF8003CD65444@813601 FFFFF8003CD65444@813701 FFFFF8003CD65444@813801 FFFFF8003CD65444@813901 FFFFF8003CD65444@814001 FFFFF8003CD65444@814101 FFFFF8003CD65444@814201 FFFFF8003CD65444@814301 FFFFF8003CD65444@814401 FFFFF8003CD65444@814501 FFFFF8003CD65444@814601 FFFFF8003CD65444@814701 FFFFF8003CD65444@814801 FFFFF8003CD65444@814901 FFFFF8003CD65444@815001 FFFFF8003CD65444@815101 FFFFF8003CD65444@815201 FFFFF8003CD65444@815301 FFFFF8003CD65444@815401 FFFFF8003CD65444@815501 FFFFF8003CD65444@815601 FFFFF8003CD65444@815701 FFFFF8003CD65444@815801 FFFFF8003CD65444@815901 FFFFF8003CD65444@816001 FFFFF8003CD65444@816101 FFFFF8003CD65444@816201 FFFFF8003CD65444@816301 FFFFF8003CD65444@816401 FFFFF8003CD65444@816501 FFFFF8003CD65444@816601 FFFFF8003CD65444@816701 FFFFF8003CD65444@816801 FFFFF8003CD65444@816901 FFFFF8003CD65444@817001 FFFFF8003CD65444@817101 FFFFF8003CD65444@817201 FFFFF8003CD65444@817301 FFFFF8003CD65444@817401 FFFFF8003CD65444@817501 FFFFF8003CD65444@817601 FFFFF8003CD65444@817701 FFFFF8003CD65444@817801 FFFFF8003CD65444@817901 FFFFF8003CD65444@818001 FFFFF8003CD65444@818101 FFFFF8003CD65444@818201 FFFFF8003CD65444@818301 FFFFF8003CD65444@818401 FFFFF8003CD65444@818501 FFFFF8003CD65444@818601 FFFFF8003CD65444@818701 FFFFF8003CD65444@818801 FFFFF8003CD65444@818901 FFFFF8003CD65444@819001 FFFFF8003CD65444@819101 FFFFF8003CD65444@819201 FFFFF8003CD65444@819301 FFFFF8003CD65444@819401 FFFFF8003CD65444@819501 FFFFF8003CD65444@819601 FFFFF8003CD65444@819701 FFFFF8003CD65444@819801 FFFFF8003CD65444@819901 FFFFF8003CD65444@820001 FFFFF8003CD65444@820101 FFFFF8003CD65444@820201 FFFFF8003CD65444@820301 FFFFF8003CD65444@820401 FFFFF8003CD65444@820501 FFFFF8003CD65444@820601 FFFFF8003CD65444@820701 FFFFF8003CD65444@820801 FFFFF8003CD65444@820901 FFFFF8003CD65444@821001 FFFFF8003CD65444@821101 FFFFF8003CD65444@821201 FFFFF8003CD65444@821301 FFFFF8003CD65444@821401 FFFFF8003CD65444@821501 FFFFF8003CD65444@821601 FFFFF8003CD65444@821701 FFFFF8003CD65444@821801 FFFFF8003CD65444@821901 FFFFF8003CD65444@822001 FFFFF8003CD65444@822101 FFFFF8003CD65444@822201 FFFFF8003CD65444@822301 FFFFF8003CD65444@822401 FFFFF8003CD65444@822501 FFFFF8003CD65444@822601 FFFFF8003CD65444@822701 FFFFF8003CD65444@822801 FFFFF8003CD65444@822901 FFFFF8003CD65444@823001 FFFFF8003CD65444@823101 FFFFF8003CD65444@823201 FFFFF8003CD65444@823301 FFFFF8003CD65444@823401 FFFFF8003CD65444@823501 FFFFF8003CD65444@823601 FFFFF8003CD65444@823701 FFFFF8003CD65444@823801 FFFFF8003CD65444@823901 FFFFF8003CD65444@824001 FFFFF8003CD65444@824101 FFFFF8003CD65444@824201 FFFFF8003CD65444@824301 FFFFF8003CD65444@824401 FFFFF8003CD65444@824501 FFFFF8003CD65444@824601 FFFFF8003CD65444@824701 FFFFF8003CD65444@824801 FFFFF8003CD65444@824901 FFFFF8003CD65444@825001 FFFFF8003CD65444@825101 FFFFF8003CD65444@825201 FFFFF8003CD65444@825301 FFFFF8003CD65444@825401 FFFFF8003CD65444@825501 FFFFF8003CD65444@825601 FFFFF8003CD65444@825701 FFFFF8003CD65444@825801 FFFFF8003CD65444@825901 FFFFF8003CD65444@826001 FFFFF8003CD65444@826101 FFFFF8003CD65444@826201 FFFFF8003CD65444@826301 FFFFF8003CD65444@826401 FFFFF8003CD65444@826501 FFFFF8003CD65444@826601 FFFFF8003CD65444@826701 FFFFF8003CD65444@826801 FFFFF8003CD65444@826901 FFFFF8003CD65444@827001 FFFFF8003CD65444@827101 FFFFF8003CD65444@827201 FFFFF8003CD65444@827301 FFFFF8003CD65444@827401 FFFFF8003CD65444@827501 FFFFF8003CD65444@827601 FFFFF8003CD65444@827701 FFFFF8003CD65444@827801 FFFFF8003CD65444@827901 FFFFF8003CD65444@828001 FFFFF8003CD65444@828101 FFFFF8003CD65444@828201 FFFFF8003CD65444@828301 FFFFF8003CD65444@828401 FFFFF8003CD65444@828501 FFFFF8003CD65444@828601 FFFFF8003CD65444@828701 FFFFF8003CD65444@828801 FFFFF8003CD65444@828901 FFFFF8003CD65444@829001 FFFFF8003CD65444@829101 FFFFF8003CD65444@829201 FFFFF8003CD65444@829301 FFFFF8003CD65444@829401 FFFFF8003CD65444@829501 FFFFF8003CD65444@829601 FFFFF8003CD65444@829701 FFFFF8003CD65444@829801 FFFFF8003CD65444@829901 FFFFF8003CD65444@830001 FFFFF8003CD65444@830101 FFFFF8003CD65444@830201 FFFFF8003CD65444@830301 FFFFF8003CD65444@830401 FFFFF8003CD65444@830501 FFFFF8003CD65444@830601 FFFFF8003CD65444@830701 FFFFF8003CD65444@830801 FFFFF8003CD65444@830901 FFFFF8003CD65444@831001 FFFFF8003CD65444@831101 FFFFF8003CD65444@831201 FFFFF8003CD65444@831301 FFFFF8003CD65444@831401 FFFFF8003CD65444@831501 FFFFF8003CD65444@831601 FFFFF8003CD65444@831701 FFFFF8003CD65444@831801 FFFFF8003CD65444@831901 FFFFF8003CD65444@832001 FFFFF8003CD65444@832101 FFFFF8003CD65444@832201 FFFFF8003CD65444@832301 FFFFF8003CD65444@832401 FFFFF8003CD65444@832501 FFFFF8003CD65444@832601 FFFFF8003CD65444@832701 FFFFF8003CD65444@832801 FFFFF8003CD65444@832901 FFFFF8003CD65444@833001 FFFFF8003CD65444@833101 FFFFF8003CD65444@833201 FFFFF8003CD65444@833301 FFFFF8003CD65444@833401 FFFFF8003CD65444@833501 FFFFF8003CD65444@833601 FFFFF8003CD65444@833701 FFFFF8003CD65444@833801 FFFFF8003CD65444@833901
[u46] LAPIC state (at reset -- state pass 2 will INHERIT, 4096 bytes): TPR=0xF0 PPR=0x0 SVR=0x1DF
[u46]   LVT Timer=0x300FD (vector=0xFD PERIODIC masked=1) InitCnt=0x0 CurCnt=0x0 Div=0xB
[u46]   IRR: no pending vectors
[u47] LAPIC quiesced at reset (LVTs masked, timer stopped, pending/ISR/IRR cleared, TPR=0)
[u46] LAPIC state (after U47 quiesce, 4096 bytes): TPR=0x0 PPR=0x0 SVR=0x1DF
[u46]   LVT Timer=0x10000 (vector=0x00 one-shot masked=1) InitCnt=0x0 CurCnt=0x0 Div=0xB
[u46]   IRR: no pending vectors
[u42] pass1 IOAPIC accesses total=274 (logged 260)
[u42] state INHERITED by pass 2: ioapic1.id=1 selectedReg=0x20 | ioapic2.id=2 selectedReg=0x3F
[u42]   ioapic1.redir[0]=0x00000000000100FF (vec=0xFF masked=1) -- NOT at power-on default
[u42]   ioapic1.redir[1]=0x00000000000100FF (vec=0xFF masked=1) -- NOT at power-on default
[u42]   ioapic1.redir[2]=0x00000000000100FF (vec=0xFF masked=1) -- NOT at power-on default
[u42]   ioapic1.redir[3]=0x00000000000100FF (vec=0xFF masked=1) -- NOT at power-on default
[u42]   ioapic1.redir[4]=0x00000000000100FF (vec=0xFF masked=1) -- NOT at power-on default
[u42]   ioapic1.redir[5]=0x00000000000100FF (vec=0xFF masked=1) -- NOT at power-on default
[u42]   ioapic1.redir[6]=0x00000000000100FF (vec=0xFF masked=1) -- NOT at power-on default
[u42]   ioapic1.redir[7]=0x00000000000100FF (vec=0xFF masked=1) -- NOT at power-on default
[u42]   ioapic1.redir[8]=0x01000000000008D1 (vec=0xD1 masked=0) -- NOT at power-on default
[u42]   ioapic1.redir[9]=0x00000000000100FF (vec=0xFF masked=1) -- NOT at power-on default
[u42]   ioapic1.redir[10]=0x00000000000100FF (vec=0xFF masked=1) -- NOT at power-on default
[u42]   ioapic1.redir[11]=0x00000000000100FF (vec=0xFF masked=1) -- NOT at power-on default
[u42]   ioapic1.redir[12]=0x00000000000100FF (vec=0xFF masked=1) -- NOT at power-on default
[u42]   ioapic1.redir[13]=0x00000000000100FF (vec=0xFF masked=1) -- NOT at power-on default
[u42]   ioapic1.redir[14]=0x00000000000100FF (vec=0xFF masked=1) -- NOT at power-on default
[u42]   ioapic1.redir[15]=0x00000000000100FF (vec=0xFF masked=1) -- NOT at power-on default
[u42]   ioapic1.redir[16]=0x00000000000100FF (vec=0xFF masked=1) -- NOT at power-on default
[u42]   ioapic1.redir[17]=0x00000000000100FF (vec=0xFF masked=1) -- NOT at power-on default
[u42]   ioapic1.redir[18]=0x00000000000100FF (vec=0xFF masked=1) -- NOT at power-on default
[u42]   ioapic1.redir[19]=0x00000000000100FF (vec=0xFF masked=1) -- NOT at power-on default
[u42]   ioapic1.redir[20]=0x00000000000100FF (vec=0xFF masked=1) -- NOT at power-on default
[u42]   ioapic1.redir[21]=0x00000000000100FF (vec=0xFF masked=1) -- NOT at power-on default
[u42]   ioapic1.redir[22]=0x00000000000100FF (vec=0xFF masked=1) -- NOT at power-on default
[u42]   ioapic1.redir[23]=0x00000000000100FF (vec=0xFF masked=1) -- NOT at power-on default
[u42]   ioapic2.redir[0]=0x00000000000100FF (vec=0xFF masked=1) -- NOT at power-on default
[u42]   ioapic2.redir[1]=0x00000000000100FF (vec=0xFF masked=1) -- NOT at power-on default
[u42]   ioapic2.redir[2]=0x00000000000100FF (vec=0xFF masked=1) -- NOT at power-on default
[u42]   ioapic2.redir[3]=0x00000000000100FF (vec=0xFF masked=1) -- NOT at power-on default
[u42]   ioapic2.redir[4]=0x00000000000100FF (vec=0xFF masked=1) -- NOT at power-on default
[u42]   ioapic2.redir[5]=0x00000000000100FF (vec=0xFF masked=1) -- NOT at power-on default
[u42]   ioapic2.redir[6]=0x00000000000100FF (vec=0xFF masked=1) -- NOT at power-on default
[u42]   ioapic2.redir[7]=0x00000000000100FF (vec=0xFF masked=1) -- NOT at power-on default
[u42]   ioapic2.redir[8]=0x00000000000100FF (vec=0xFF masked=1) -- NOT at power-on default
[u42]   ioapic2.redir[9]=0x00000000000100FF (vec=0xFF masked=1) -- NOT at power-on default
[u42]   ioapic2.redir[10]=0x00000000000100FF (vec=0xFF masked=1) -- NOT at power-on default
[u42]   ioapic2.redir[11]=0x00000000000100FF (vec=0xFF masked=1) -- NOT at power-on default
[u42]   ioapic2.redir[12]=0x00000000000100FF (vec=0xFF masked=1) -- NOT at power-on default
[u42]   ioapic2.redir[13]=0x00000000000100FF (vec=0xFF masked=1) -- NOT at power-on default
[u42]   ioapic2.redir[14]=0x00000000000100FF (vec=0xFF masked=1) -- NOT at power-on default
[u42]   ioapic2.redir[15]=0x00000000000100FF (vec=0xFF masked=1) -- NOT at power-on default
[u42]   ioapic2.redir[16]=0x00000000000100FF (vec=0xFF masked=1) -- NOT at power-on default
[u42]   ioapic2.redir[17]=0x00000000000100FF (vec=0xFF masked=1) -- NOT at power-on default
[u42]   ioapic2.redir[18]=0x00000000000100FF (vec=0xFF masked=1) -- NOT at power-on default
[u42]   ioapic2.redir[19]=0x00000000000100FF (vec=0xFF masked=1) -- NOT at power-on default
[u42]   ioapic2.redir[20]=0x00000000000100FF (vec=0xFF masked=1) -- NOT at power-on default
[u42]   ioapic2.redir[21]=0x00000000000100FF (vec=0xFF masked=1) -- NOT at power-on default
[u42]   ioapic2.redir[22]=0x00000000000100FF (vec=0xFF masked=1) -- NOT at power-on default
[u42]   ioapic2.redir[23]=0x00000000000100FF (vec=0xFF masked=1) -- NOT at power-on default
[heartbeat: exitCount=8640000 elapsedSec=199.7 lastPort=0xB008 write=0 val=0x2]
[heartbeat: exitCount=8645000 elapsedSec=199.7 lastPort=0xB008 write=0 val=0x2]
[ramfb] configured: address=0xBE500000 800x600 stride=3200
[cmos-ab] write reg=0x0A value=0x26 (RegA=0x26 RegB=0x02, PIE=0)
[heartbeat: exitCount=8650000 elapsedSec=199.8 lastPort=0xCF8 write=1 val=0x89]
[2J[001;001H[=3h[2J[001;001H[2J[001;001H[8;056;240t[2J[001;001H[2J[001;001H[=3h[2J[001;001H[2J[001;001H[8;031;100t[2J[001;001H[heartbeat: exitCount=8655000 elapsedSec=200.0 lastPort=0xB008 write=0 val=0x20]
[heartbeat: exitCount=8660000 elapsedSec=200.0 lastPort=0xB008 write=0 val=0x20]
[aux] controller: disable AUX port
[heartbeat: exitCount=8665000 elapsedSec=200.1 lastPort=0xCF8 write=0 val=0x0]
[heartbeat: exitCount=8670000 elapsedSec=200.2 lastPort=0xCF8 write=1 val=0x0]
BdsDxe: loading Boot0002 "UEFI LocalHost Virtual Disk LH0001 " from PciRoot(0x0)/Pci(0x2,0x0)/Sata(0x0,0xFFFF,0x0)
BdsDxe: starting Boot0002 "UEFI LocalHost Virtual Disk LH0001 " from PciRoot(0x0)/Pci(0x2,0x0)/Sata(0x0,0xFFFF,0x0)
[heartbeat: exitCount=8675000 elapsedSec=200.8 lastPort=0xB008 write=0 val=0x89]
[2J[001;001H[=3h[2J[001;001H[heartbeat: exitCount=8680000 elapsedSec=200.9 lastPort=0xB008 write=0 val=0x89]
[heartbeat: exitCount=8685000 elapsedSec=201.0 lastPort=0xB008 write=0 val=0x89]
[heartbeat: exitCount=8690000 elapsedSec=201.1 lastPort=0xB008 write=0 val=0x89]
[heartbeat: exitCount=8695000 elapsedSec=201.2 lastPort=0xB008 write=0 val=0x89]
[heartbeat: exitCount=8700000 elapsedSec=201.3 lastPort=0xB008 write=0 val=0x89]
[heartbeat: exitCount=8705000 elapsedSec=201.4 lastPort=0xB008 write=0 val=0x89]
[heartbeat: exitCount=8710000 elapsedSec=201.5 lastPort=0xB008 write=0 val=0x89]
[heartbeat: exitCount=8715000 elapsedSec=201.6 lastPort=0xB008 write=0 val=0x89]
[heartbeat: exitCount=8720000 elapsedSec=201.7 lastPort=0xB008 write=0 val=0x89]
[heartbeat: exitCount=8725000 elapsedSec=201.8 lastPort=0xB008 write=0 val=0x89]
[heartbeat: exitCount=8730000 elapsedSec=201.9 lastPort=0xB008 write=0 val=0x89]
[heartbeat: exitCount=8735000 elapsedSec=202.0 lastPort=0xB008 write=0 val=0x89]
[heartbeat: exitCount=8740000 elapsedSec=202.1 lastPort=0xB008 write=0 val=0x89]
[heartbeat: exitCount=8745000 elapsedSec=202.2 lastPort=0xB008 write=0 val=0x89]
[heartbeat: exitCount=8750000 elapsedSec=202.3 lastPort=0xB008 write=0 val=0x89]
[u40] === RIP histogram pass 2 (periodic): 791600 samples, base=0xFFFFF80203400000 ===
[u40]    90143  page 0xBEA03000
[u40]    79484  page 0xFFFFF8015DD65000
[u40]    77976  page 0xFFFFF8073F965000
[u40]    71990  page 0xFFFFF8027C965000
[u40]    71139  page 0xFFFFF80209965000
[u40]    70297  page 0xFFFFF80203765000  = base+0x365000
[u40]    68412  page 0xFFFFF80137965000
[u40]    67676  page 0xFFFFF80236B65000
[u40]    66656  page 0xFFFFF8030D165000
[u40]    59413  page 0xFFFFF8033DB65000
[u40]    14841  page 0x1DD9000
[u40]    11332  page 0xBF14E000
[u40]     5901  page 0xBFC50000
[u40]     3578  page 0xBFD68000
[u40]     2260  page 0xBE41C000
[u40]     2044  page 0xBE422000
[u40]     1644  page 0xFFFFF8073F9BD000
[u40]     1642  page 0xFFFFF801379BD000
[u40]   most recent 256 samples (newest last):
[u40]     BEA03B01@8747441 BEA03B01@8747451 BEA03B01@8747461 BEA03B01@8747471 BEA03B01@8747481 BEA03B01@8747491 BEA03B01@8747501 BEA03B01@8747511 BEA03B01@8747521 BEA03B01@8747531 BEA03B01@8747541 BEA03B01@8747551 BEA03B01@8747561 BEA03B01@8747571 BEA03B01@8747581 BEA03B01@8747591 BEA03B01@8747601 BEA03B01@8747611 BEA03B01@8747621 BEA03B01@8747631 BEA03B01@8747641 BEA03B01@8747651 BEA03B01@8747661 BEA03B01@8747671 BEA03B01@8747681 BEA03B01@8747691 BEA03B01@8747701 BEA03B01@8747711 BEA03B01@8747721 BEA03B01@8747731 BEA03B01@8747741 BEA03B01@8747751 BEA03B01@8747761 BEA03B01@8747771 BEA03B01@8747781 BEA03B01@8747791 BEA03B01@8747801 BEA03B01@8747811 BEA03B01@8747821 BEA03B01@8747831 BEA03B01@8747841 BEA03B01@8747851 BEA03B01@8747861 BEA03B01@8747871 BEA03B01@8747881 BEA03B01@8747891 BEA03B01@8747901 BEA03B01@8747911 BEA03B01@8747921 BEA03B01@8747931 BEA03B01@8747941 BEA03B01@8747951 BEA03B01@8747961 BEA03B01@8747971 BEA03B01@8747981 BEA03B01@8747991 BEA03B01@8748001 BEA03B01@8748011 BEA03B01@8748021 BEA03B01@8748031 BEA03B01@8748041 BEA03B01@8748051 BEA03B01@8748061 BEA03B01@8748071 BEA03B01@8748081 BEA03B01@8748091 BEA03B01@8748101 BEA03B01@8748111 BEA03B01@8748121 BEA03B01@8748131 BEA03B01@8748141 BEA03B01@8748151 BEA03B01@8748161 BEA03B01@8748171 BEA03B01@8748181 BEA03B01@8748191 BEA03B01@8748201 BEA03B01@8748211 BEA03B01@8748221 BEA03B01@8748231 BEA03B01@8748241 BEA03B01@8748251 BEA03B01@8748261 BEA03B01@8748271 BEA03B01@8748281 BEA03B01@8748291 BEA03B01@8748301 BEA03B01@8748311 BEA03B01@8748321 BEA03B01@8748331 BEA03B01@8748341 BEA03B01@8748351 BEA03B01@8748361 BEA03B01@8748371 BEA03B01@8748381 BEA03B01@8748391 BEA03B01@8748401 BEA03B01@8748411 BEA03B01@8748421 BEA03B01@8748431 BEA03B01@8748441 BEA03B01@8748451 BEA03B01@8748461 BEA03B01@8748471 BEA03B01@8748481 BEA03B01@8748491 BEA03B01@8748501 BEA03B01@8748511 BEA03B01@8748521 BEA03B01@8748531 BEA03B01@8748541 BEA03B01@8748551 BEA03B01@8748561 BEA03B01@8748571 BEA03B01@8748581 BEA03B01@8748591 BEA03B01@8748601 BEA03B01@8748611 BEA03B01@8748621 BEA03B01@8748631 BEA03B01@8748641 BEA03B01@8748651 BEA03B01@8748661 BEA03B01@8748671 BEA03B01@8748681 BEA03B01@8748691 BEA03B01@8748701 BEA03B01@8748711 BEA03B01@8748721 BEA03B01@8748731 BEA03B01@8748741 BEA03B01@8748751 BEA03B01@8748761 BEA03B01@8748771 BEA03B01@8748781 BEA03B01@8748791 BEA03B01@8748801 BEA03B01@8748811 BEA03B01@8748821 BEA03B01@8748831 BEA03B01@8748841 BEA03B01@8748851 BEA03B01@8748861 BEA03B01@8748871 BEA03B01@8748881 BEA03B01@8748891 BEA03B01@8748901 BEA03B01@8748911 BEA03B01@8748921 BEA03B01@8748931 BEA03B01@8748941 BEA03B01@8748951 BEA03B01@8748961 BEA03B01@8748971 BEA03B01@8748981 BEA03B01@8748991 BEA03B01@8749001 BEA03B01@8749011 BEA03B01@8749021 BEA03B01@8749031 BEA03B01@8749041 BEA03B01@8749051 BEA03B01@8749061 BEA03B01@8749071 BEA03B01@8749081 BEA03B01@8749091 BEA03B01@8749101 BEA03B01@8749111 BEA03B01@8749121 BEA03B01@8749131 BEA03B01@8749141 BEA03B01@8749151 BEA03B01@8749161 BEA03B01@8749171 BEA03B01@8749181 BEA03B01@8749191 BEA03B01@8749201 BEA03B01@8749211 BEA03B01@8749221 BEA03B01@8749231 BEA03B01@8749241 BEA03B01@8749251 BEA03B01@8749261 BEA03B01@8749271 BEA03B01@8749281 BEA03B01@8749291 BEA03B01@8749301 BEA03B01@8749311 BEA03B01@8749321 BEA03B01@8749331 BEA03B01@8749341 BEA03B01@8749351 BEA03B01@8749361 BEA03B01@8749371 BEA03B01@8749381 BEA03B01@8749391 BEA03B01@8749401 BEA03B01@8749411 BEA03B01@8749421 BEA03B01@8749431 BEA03B01@8749441 BEA03B01@8749451 BEA03B01@8749461 BEA03B01@8749471 BEA03B01@8749481 BEA03B01@8749491 BEA03B01@8749501 BEA03B01@8749511 BEA03B01@8749521 BEA03B01@8749531 BEA03B01@8749541 BEA03B01@8749551 BEA03B01@8749561 BEA03B01@8749571 BEA03B01@8749581 BEA03B01@8749591 BEA03B01@8749601 BEA03B01@8749611 BEA03B01@8749621 BEA03B01@8749631 BEA03B01@8749641 BEA03B01@8749651 BEA03B01@8749661 BEA03B01@8749671 BEA03B01@8749681 BEA03B01@8749691 BEA03B01@8749701 BEA03B01@8749711 BEA03B01@8749721 BEA03B01@8749731 BEA03B01@8749741 BEA03B01@8749751 BEA03B01@8749761 BEA03B01@8749771 BEA03B01@8749781 BEA03B01@8749791 BEA03B01@8749801 BEA03B01@8749811 BEA03B01@8749821 BEA03B01@8749831 BEA03B01@8749841 BEA03B01@8749851 BEA03B01@8749861 BEA03B01@8749871 BEA03B01@8749881 BEA03B01@8749891 BEA03B01@8749901 BEA03B01@8749911 BEA03B01@8749921 BEA03B01@8749931 BEA03B01@8749941 BEA03B01@8749951 BEA03B01@8749961 BEA03B01@8749971 BEA03B01@8749981 BEA03B01@8749991
[heartbeat: exitCount=8755000 elapsedSec=202.4 lastPort=0xB008 write=0 val=0x89]
[heartbeat: exitCount=8760000 elapsedSec=202.5 lastPort=0xB008 write=0 val=0x89]
[heartbeat: exitCount=8765000 elapsedSec=202.8 lastPort=0xB008 write=0 val=0x89]
[aux] controller: disable AUX port
[heartbeat: exitCount=8770000 elapsedSec=204.5 lastPort=0xCFC write=0 val=0x0]
[heartbeat: exitCount=8775000 elapsedSec=204.6 lastPort=0xCFC write=0 val=0x0]
[heartbeat: exitCount=8780000 elapsedSec=204.6 lastPort=0xCFC write=0 val=0x0]
[heartbeat: exitCount=8785000 elapsedSec=204.7 lastPort=0xCFC write=0 val=0x0]
[kerneldiag] candidate address 0xFFFFF80155BA57DD resolves to module base 0xFFFFF80155800000 (+0x3A57DD into it)
[kerneldiag] debug directory: type=2 codeViewRva=0x40970
[kerneldiag] module PDB name: ntkrnlmp.pdb guid=D9424FC4-861E-47C1-0FAD1B35DEC6DCC8 age=1
[wp] DISCOVERY at exitCount=8785408 (pass 2)
[wp] armed breakpoints at module base 0xFFFFF80155800000 (DR2 LFH-check armed=1): DR0=+0x3DC890 (U34 ExInitializePoolHeapManagement entry, VA=0xFFFFF80155BDC890), DR1=+0x3FD6F0 (KeBugCheckEx, VA=0xFFFFF80155BFD6F0), DR2=+0x343B49 (RtlpHpLfhOwnerMoveSubsegment entry, VA=0xFFFFF80155B43B49), DR3=+0x9A188F (HalpIommuInitSystem ret, VA=0xFFFFF801561A188F)
[u32] ExPoolState pool-descriptor fields (pass 2):
[u32]   pool[0] desc@RVA0xC57EC0: +0x08=0x0 +0x10=0x0  <== +0x10 NULL
[u32]   pool[1] desc@RVA0xC59F80: +0x08=0x0 +0x10=0x0  <== +0x10 NULL
[u32]   pool[2] desc@RVA0xC5C040: +0x08=0x0 +0x10=0x0  <== +0x10 NULL
[u32]   pool[3] desc@RVA0xC5E100: +0x08=0x0 +0x10=0x0  <== +0x10 NULL
[u32]   pool[4] desc@RVA0xC601C0: +0x08=0x0 +0x10=0x0  <== +0x10 NULL
[u32]   pool[5] desc@RVA0xC62280: +0x08=0x0 +0x10=0x0  <== +0x10 NULL
[u32]   pool[6] desc@RVA0xC64340: +0x08=0x0 +0x10=0x0  <== +0x10 NULL
[u32]   pool[7] desc@RVA0xC66400: +0x08=0x0 +0x10=0x0  <== +0x10 NULL
[u33] EDGE pass=2 exitCount=8785408 (reset+147573) pool[0]: +0x08 0xFFFFB98874802000->0x0 +0x10 0xFFFFCC8870200000->0x0 +0x08 CLEARED(set->null) +0x10 CLEARED(set->null)
[heartbeat: exitCount=8790000 elapsedSec=204.8 lastPort=0xB008 write=0 val=0xFF]
[cmos-ab] write reg=0x0A value=0x25 (RegA=0x25 RegB=0x02, PIE=0)
[ioapic-rte] controller id=1 entry=8 reg=0x20 value=0x000008D1 -> full RTE now 0x01000000000008D1 (vector=0xD1 masked=0)
[cmos-ab] write reg=0x0B value=0x02 (RegA=0x25 RegB=0x02, PIE=0)
[ioapic-rte] controller id=1 entry=8 reg=0x21 value=0x01000000 -> full RTE now 0x01000000000008D1 (vector=0xD1 masked=0)
[ioapic-rte] controller id=1 entry=8 reg=0x20 value=0x000008D1 -> full RTE now 0x01000000000008D1 (vector=0xD1 masked=0)
[cmos-ab] write reg=0x0B value=0x42 (RegA=0x25 RegB=0x42, PIE=1)
[heartbeat: exitCount=8795000 elapsedSec=205.1 lastPort=0xCFC write=0 val=0xC]
[u33] EDGE pass=2 exitCount=8795408 (reset+157573) pool[0]: +0x08 0x0->0xFFFFDC8ECFC02000 +0x10 0x0->0xFFFF918E95C00000 +0x08 INIT(null->set) +0x10 INIT(null->set)
[heartbeat: exitCount=8800000 elapsedSec=205.1 lastPort=0xCFC write=0 val=0xC]
[heartbeat: exitCount=8805000 elapsedSec=205.2 lastPort=0xCF8 write=1 val=0xC]
[heartbeat: exitCount=8810000 elapsedSec=205.3 lastPort=0xCF8 write=1 val=0xC]
[heartbeat: exitCount=8815000 elapsedSec=205.4 lastPort=0xCF8 write=1 val=0xC]
[ioapic-rte] controller id=1 entry=8 reg=0x21 value=0x01000000 -> full RTE now 0x01000000000008D1 (vector=0xD1 masked=0)
[ioapic-rte] controller id=1 entry=8 reg=0x20 value=0x000008D1 -> full RTE now 0x01000000000008D1 (vector=0xD1 masked=0)
[heartbeat: exitCount=8820000 elapsedSec=205.4 lastPort=0xB008 write=0 val=0x9]
[heartbeat: exitCount=8825000 elapsedSec=205.5 lastPort=0xB008 write=0 val=0x9]

[BUGCHECK] hit #1: KeBugCheckEx code=0xA5 p1=0x11 p2=0x3 p3=0x0 exitCount=8829297
[BUGCHECK]   p4=0x0  caller(return)=0xFFFFF801577C0454[kerneldiag] candidate address 0xFFFFF801577C0454 resolves to module base 0xFFFFF80157700000 (+0xC0454 into it)
[kerneldiag] debug directory: type=2 codeViewRva=0x73F3C
[kerneldiag] module PDB name: acpi.pdb guid=662B8231-E47D-1FF9-F7E8C8FD1B44A572 age=1
  (base 0xFFFFF80157700000 RVA 0xC0454)
[BUGCHECK]   stack (canonical kernel qwords):
[BUGCHECK]     [rsp+0x00]=0xFFFFF801577C0454[kerneldiag] candidate address 0xFFFFF801577C0454 resolves to module base 0xFFFFF80157700000 (+0xC0454 into it)
[kerneldiag] debug directory: type=2 codeViewRva=0x73F3C
[kerneldiag] module PDB name: acpi.pdb guid=662B8231-E47D-1FF9-F7E8C8FD1B44A572 age=1
  (RVA 0xC0454)
[BUGCHECK]     [rsp+0x10]=0xFFFFF801577701CA[kerneldiag] candidate address 0xFFFFF801577701CA resolves to module base 0xFFFFF80157700000 (+0x701CA into it)
[kerneldiag] debug directory: type=2 codeViewRva=0x73F3C
[kerneldiag] module PDB name: acpi.pdb guid=662B8231-E47D-1FF9-F7E8C8FD1B44A572 age=1
  (RVA 0x701CA)
[BUGCHECK]     [rsp+0x18]=0xFFFFDC8ED02C3A60[kerneldiag] no PE header found scanning VA back from 0xFFFFDC8ED02C3A60

[BUGCHECK]     [rsp+0x20]=0xFFFFDC8ED0281860[kerneldiag] no PE header found scanning VA back from 0xFFFFDC8ED0281860

[BUGCHECK]     [rsp+0x30]=0xFFFFF801C0140019[kerneldiag] no PE header found scanning VA back from 0xFFFFF801C0140019

[heartbeat: exitCount=8830000 elapsedSec=206.0 lastPort=0xB008 write=0 val=0xC]
[heartbeat: exitCount=8835000 elapsedSec=206.0 lastPort=0xB008 write=0 val=0xC]
[heartbeat: exitCount=8840000 elapsedSec=206.1 lastPort=0xB008 write=0 val=0xC]
[heartbeat: exitCount=8845000 elapsedSec=206.2 lastPort=0xB008 write=0 val=0xC]
[heartbeat: exitCount=8850000 elapsedSec=206.2 lastPort=0xB008 write=0 val=0xC]
[heartbeat: exitCount=8855000 elapsedSec=206.3 lastPort=0xB008 write=0 val=0xC]
[heartbeat: exitCount=8860000 elapsedSec=206.4 lastPort=0xB008 write=0 val=0xC]
[heartbeat: exitCount=8865000 elapsedSec=206.4 lastPort=0xB008 write=0 val=0xC]
[heartbeat: exitCount=8870000 elapsedSec=206.5 lastPort=0xB008 write=0 val=0xC]
[heartbeat: exitCount=8875000 elapsedSec=206.6 lastPort=0xB008 write=0 val=0xC]
[heartbeat: exitCount=8880000 elapsedSec=206.6 lastPort=0xB008 write=0 val=0xC]
[heartbeat: exitCount=8885000 elapsedSec=206.7 lastPort=0xB008 write=0 val=0xC]
[heartbeat: exitCount=8890000 elapsedSec=206.8 lastPort=0xB008 write=0 val=0xC]
[heartbeat: exitCount=8895000 elapsedSec=206.9 lastPort=0xB008 write=0 val=0xC]
[heartbeat: exitCount=8900000 elapsedSec=207.0 lastPort=0xB008 write=0 val=0xC]
[heartbeat: exitCount=8905000 elapsedSec=207.1 lastPort=0xB008 write=0 val=0xC]
[heartbeat: exitCount=8910000 elapsedSec=207.1 lastPort=0xB008 write=0 val=0xC]
[heartbeat: exitCount=8915000 elapsedSec=207.2 lastPort=0xB008 write=0 val=0xC]
[heartbeat: exitCount=8920000 elapsedSec=207.3 lastPort=0xB008 write=0 val=0xC]
[heartbeat: exitCount=8925000 elapsedSec=207.3 lastPort=0xB008 write=0 val=0xC]
[heartbeat: exitCount=8930000 elapsedSec=207.4 lastPort=0xB008 write=0 val=0xC]
[heartbeat: exitCount=8935000 elapsedSec=207.5 lastPort=0xB008 write=0 val=0xC]
[heartbeat: exitCount=8940000 elapsedSec=207.5 lastPort=0xB008 write=0 val=0xC]
[heartbeat: exitCount=8945000 elapsedSec=207.6 lastPort=0xB008 write=0 val=0xC]
[heartbeat: exitCount=8950000 elapsedSec=207.7 lastPort=0xB008 write=0 val=0xC]
[rtc-diag] tick #7000 SKIPPED (interrupts disabled), skippedTotal=6370 firedTotal=630
[heartbeat: exitCount=8955000 elapsedSec=207.7 lastPort=0xB008 write=0 val=0xC]
[heartbeat: exitCount=8960000 elapsedSec=207.8 lastPort=0xB008 write=0 val=0xC]
[heartbeat: exitCount=8965000 elapsedSec=207.9 lastPort=0xB008 write=0 val=0xC]
[heartbeat: exitCount=8970000 elapsedSec=207.9 lastPort=0xB008 write=0 val=0xC]
[heartbeat: exitCount=8975000 elapsedSec=208.0 lastPort=0xB008 write=0 val=0xC]
[heartbeat: exitCount=8980000 elapsedSec=208.1 lastPort=0xB008 write=0 val=0xC]
[heartbeat: exitCount=8985000 elapsedSec=208.1 lastPort=0xB008 write=0 val=0xC]
[heartbeat: exitCount=8990000 elapsedSec=208.2 lastPort=0xB008 write=0 val=0xC]
[heartbeat: exitCount=8995000 elapsedSec=208.3 lastPort=0xB008 write=0 val=0xC]
[heartbeat: exitCount=9000000 elapsedSec=208.4 lastPort=0xB008 write=0 val=0xC]
[u40] === RIP histogram pass 2 (periodic): 816600 samples, base=0xFFFFF80155800000 ===
[u40]    91564  page 0xBEA03000
[u40]    79484  page 0xFFFFF8015DD65000
[u40]    77976  page 0xFFFFF8073F965000
[u40]    71990  page 0xFFFFF8027C965000
[u40]    71139  page 0xFFFFF80209965000
[u40]    70297  page 0xFFFFF80203765000
[u40]    68412  page 0xFFFFF80137965000
[u40]    67676  page 0xFFFFF80236B65000
[u40]    66656  page 0xFFFFF8030D165000
[u40]    59413  page 0xFFFFF8033DB65000
[u40]    18806  page 0xFFFFF80155B65000  = base+0x365000
[u40]    16490  page 0x1DD9000
[u40]    11332  page 0xBF14E000
[u40]     5901  page 0xBFC50000
[u40]     3947  page 0xBFD68000
[u40]     2265  page 0xBE41C000
[u40]     2060  page 0xBE422000
[u40]     1644  page 0xFFFFF8073F9BD000
[u40]   most recent 256 samples (newest last):
[u40]     FFFFF80155B65444@8997441 FFFFF80155B65444@8997451 FFFFF80155B65444@8997461 FFFFF80155B65444@8997471 FFFFF80155B65444@8997481 FFFFF80155B65444@8997491 FFFFF80155B65444@8997501 FFFFF80155B65444@8997511 FFFFF80155B65444@8997521 FFFFF80155B65444@8997531 FFFFF80155B65444@8997541 FFFFF80155B65444@8997551 FFFFF80155B65444@8997561 FFFFF80155B65444@8997571 FFFFF80155B65444@8997581 FFFFF80155B65444@8997591 FFFFF80155B65444@8997601 FFFFF80155B65444@8997611 FFFFF80155B65444@8997621 FFFFF80155B65444@8997631 FFFFF80155B65444@8997641 FFFFF80155B65444@8997651 FFFFF80155B65444@8997661 FFFFF80155B65444@8997671 FFFFF80155B65444@8997681 FFFFF80155B65444@8997691 FFFFF80155B65444@8997701 FFFFF80155B65444@8997711 FFFFF80155B65444@8997721 FFFFF80155B65444@8997731 FFFFF80155B65444@8997741 FFFFF80155B65444@8997751 FFFFF80155B65444@8997761 FFFFF80155B65444@8997771 FFFFF80155B65444@8997781 FFFFF80155B65444@8997791 FFFFF80155B65444@8997801 FFFFF80155B65444@8997811 FFFFF80155B65444@8997821 FFFFF80155B65444@8997831 FFFFF80155B65444@8997841 FFFFF80155B65444@8997851 FFFFF80155B65444@8997861 FFFFF80155B65444@8997871 FFFFF80155B65444@8997881 FFFFF80155B65444@8997891 FFFFF80155B65444@8997901 FFFFF80155B65444@8997911 FFFFF80155B65444@8997921 FFFFF80155B65444@8997931 FFFFF80155B65444@8997941 FFFFF80155B65444@8997951 FFFFF80155B65444@8997961 FFFFF80155B65444@8997971 FFFFF80155B65444@8997981 FFFFF80155B65444@8997991 FFFFF80155B65444@8998001 FFFFF80155B65444@8998011 FFFFF80155B65444@8998021 FFFFF80155B65444@8998031 FFFFF80155B65444@8998041 FFFFF80155B65444@8998051 FFFFF80155B65444@8998061 FFFFF80155B65444@8998071 FFFFF80155B65444@8998081 FFFFF80155B65444@8998091 FFFFF80155B65444@8998101 FFFFF80155B65444@8998111 FFFFF80155B65444@8998121 FFFFF80155B65444@8998131 FFFFF80155B65444@8998141 FFFFF80155B65444@8998151 FFFFF80155B65444@8998161 FFFFF80155B65444@8998171 FFFFF80155B65444@8998181 FFFFF80155B65444@8998191 FFFFF80155B65444@8998201 FFFFF80155B65444@8998211 FFFFF80155B65444@8998221 FFFFF80155B65444@8998231 FFFFF80155B65444@8998241 FFFFF80155B65444@8998251 FFFFF80155B65444@8998261 FFFFF80155B65444@8998271 FFFFF80155B65444@8998281 FFFFF80155B65444@8998291 FFFFF80155B65444@8998301 FFFFF80155B65444@8998311 FFFFF80155B65444@8998321 FFFFF80155B65444@8998331 FFFFF80155B65444@8998341 FFFFF80155B65444@8998351 FFFFF80155B65444@8998361 FFFFF80155B65444@8998371 FFFFF80155B65444@8998381 FFFFF80155B65444@8998391 FFFFF80155B65444@8998401 FFFFF80155B65444@8998411 FFFFF80155B65444@8998421 FFFFF80155B65444@8998431 FFFFF80155B65444@8998441 FFFFF80155B65444@8998451 FFFFF80155B65444@8998461 FFFFF80155B65444@8998471 FFFFF80155B65444@8998481 FFFFF80155B65444@8998491 FFFFF80155B65444@8998501 FFFFF80155B65444@8998511 FFFFF80155B65444@8998521 FFFFF80155B65444@8998531 FFFFF80155B65444@8998541 FFFFF80155B65444@8998551 FFFFF80155B65444@8998561 FFFFF80155B65444@8998571 FFFFF80155B65444@8998581 FFFFF80155B65444@8998591 FFFFF80155B65444@8998601 FFFFF80155B65444@8998611 FFFFF80155B65444@8998621 FFFFF80155B65444@8998631 FFFFF80155B65444@8998641 FFFFF80155B65444@8998651 FFFFF80155B65444@8998661 FFFFF80155B65444@8998671 FFFFF80155B65444@8998681 FFFFF80155B65444@8998691 FFFFF80155B65444@8998701 FFFFF80155B65444@8998711 FFFFF80155B65444@8998721 FFFFF80155B65444@8998731 FFFFF80155B65444@8998741 FFFFF80155B65444@8998751 FFFFF80155B65444@8998761 FFFFF80155B65444@8998771 FFFFF80155B65444@8998781 FFFFF80155B65444@8998791 FFFFF80155B65444@8998801 FFFFF80155B65444@8998811 FFFFF80155B65444@8998821 FFFFF80155B65444@8998831 FFFFF80155B65444@8998841 FFFFF80155B65444@8998851 FFFFF80155B65444@8998861 FFFFF80155B65444@8998871 FFFFF80155B65444@8998881 FFFFF80155B65444@8998891 FFFFF80155B65444@8998901 FFFFF80155B65444@8998911 FFFFF80155B65444@8998921 FFFFF80155B65444@8998931 FFFFF80155B65444@8998941 FFFFF80155B65444@8998951 FFFFF80155B65444@8998961 FFFFF80155B65444@8998971 FFFFF80155B65444@8998981 FFFFF80155B65444@8998991 FFFFF80155B65444@8999001 FFFFF80155B65444@8999011 FFFFF80155B65444@8999021 FFFFF80155B65444@8999031 FFFFF80155B65444@8999041 FFFFF80155B65444@8999051 FFFFF80155B65444@8999061 FFFFF80155B65444@8999071 FFFFF80155B65444@8999081 FFFFF80155B65444@8999091 FFFFF80155B65444@8999101 FFFFF80155B65444@8999111 FFFFF80155B65444@8999121 FFFFF80155B65444@8999131 FFFFF80155B65444@8999141 FFFFF80155B65444@8999151 FFFFF80155B65444@8999161 FFFFF80155B65444@8999171 FFFFF80155B65444@8999181 FFFFF80155B65444@8999191 FFFFF80155B65444@8999201 FFFFF80155B65444@8999211 FFFFF80155B65444@8999221 FFFFF80155B65444@8999231 FFFFF80155B65444@8999241 FFFFF80155B65444@8999251 FFFFF80155B65444@8999261 FFFFF80155B65444@8999271 FFFFF80155B65444@8999281 FFFFF80155B65444@8999291 FFFFF80155B65444@8999301 FFFFF80155B65444@8999311 FFFFF80155B65444@8999321 FFFFF80155B65444@8999331 FFFFF80155B65444@8999341 FFFFF80155B65444@8999351 FFFFF80155B65444@8999361 FFFFF80155B65444@8999371 FFFFF80155B65444@8999381 FFFFF80155B65444@8999391 FFFFF80155B65444@8999401 FFFFF80155B65444@8999411 FFFFF80155B65444@8999421 FFFFF80155B65444@8999431 FFFFF80155B65444@8999441 FFFFF80155B65444@8999451 FFFFF80155B65444@8999461 FFFFF80155B65444@8999471 FFFFF80155B65444@8999481 FFFFF80155B65444@8999491 FFFFF80155B65444@8999501 FFFFF80155B65444@8999511 FFFFF80155B65444@8999521 FFFFF80155B65444@8999531 FFFFF80155B65444@8999541 FFFFF80155B65444@8999551 FFFFF80155B65444@8999561 FFFFF80155B65444@8999571 FFFFF80155B65444@8999581 FFFFF80155B65444@8999591 FFFFF80155B65444@8999601 FFFFF80155B65444@8999611 FFFFF80155B65444@8999621 FFFFF80155B65444@8999631 FFFFF80155B65444@8999641 FFFFF80155B65444@8999651 FFFFF80155B65444@8999661 FFFFF80155B65444@8999671 FFFFF80155B65444@8999681 FFFFF80155B65444@8999691 FFFFF80155B65444@8999701 FFFFF80155B65444@8999711 FFFFF80155B65444@8999721 FFFFF80155B65444@8999731 FFFFF80155B65444@8999741 FFFFF80155B65444@8999751 FFFFF80155B65444@8999761 FFFFF80155B65444@8999771 FFFFF80155B65444@8999781 FFFFF80155B65444@8999791 FFFFF80155B65444@8999801 FFFFF80155B65444@8999811 FFFFF80155B65444@8999821 FFFFF80155B65444@8999831 FFFFF80155B65444@8999841 FFFFF80155B65444@8999851 FFFFF80155B65444@8999861 FFFFF80155B65444@8999871 FFFFF80155B65444@8999881 FFFFF80155B65444@8999891 FFFFF80155B65444@8999901 FFFFF80155B65444@8999911 FFFFF80155B65444@8999921 FFFFF80155B65444@8999931 FFFFF80155B65444@8999941 FFFFF80155B65444@8999951 FFFFF80155B65444@8999961 FFFFF80155B65444@8999971 FFFFF80155B65444@8999981 FFFFF80155B65444@8999991
[heartbeat: exitCount=9005000 elapsedSec=208.5 lastPort=0xB008 write=0 val=0xC]
[heartbeat: exitCount=9010000 elapsedSec=208.5 lastPort=0xB008 write=0 val=0xC]
[heartbeat: exitCount=9015000 elapsedSec=208.6 lastPort=0xB008 write=0 val=0xC]
[heartbeat: exitCount=9020000 elapsedSec=208.7 lastPort=0xB008 write=0 val=0xC]
[heartbeat: exitCount=9025000 elapsedSec=208.7 lastPort=0xB008 write=0 val=0xC]
[heartbeat: exitCount=9030000 elapsedSec=208.8 lastPort=0xB008 write=0 val=0xC]
[heartbeat: exitCount=9035000 elapsedSec=208.9 lastPort=0xB008 write=0 val=0xC]
[heartbeat: exitCount=9040000 elapsedSec=209.0 lastPort=0xB008 write=0 val=0xC]
[heartbeat: exitCount=9045000 elapsedSec=209.0 lastPort=0xB008 write=0 val=0xC]
[heartbeat: exitCount=9050000 elapsedSec=209.1 lastPort=0xB008 write=0 val=0xC]
[heartbeat: exitCount=9055000 elapsedSec=209.2 lastPort=0xB008 write=0 val=0xC]
[heartbeat: exitCount=9060000 elapsedSec=209.3 lastPort=0xB008 write=0 val=0xC]
[heartbeat: exitCount=9065000 elapsedSec=209.3 lastPort=0xB008 write=0 val=0xC]
[heartbeat: exitCount=9070000 elapsedSec=209.4 lastPort=0xB008 write=0 val=0xC]
[heartbeat: exitCount=9075000 elapsedSec=209.5 lastPort=0xB008 write=0 val=0xC]
[heartbeat: exitCount=9080000 elapsedSec=209.5 lastPort=0xB008 write=0 val=0xC]
[heartbeat: exitCount=9085000 elapsedSec=209.6 lastPort=0xB008 write=0 val=0xC]
[heartbeat: exitCount=9090000 elapsedSec=209.7 lastPort=0xB008 write=0 val=0xC]
[heartbeat: exitCount=9095000 elapsedSec=210.1 lastPort=0xB008 write=0 val=0xC]
[heartbeat: exitCount=9100000 elapsedSec=210.1 lastPort=0xB008 write=0 val=0xC]
[heartbeat: exitCount=9105000 elapsedSec=210.2 lastPort=0xB008 write=0 val=0xC]
[heartbeat: exitCount=9110000 elapsedSec=210.3 lastPort=0xB008 write=0 val=0xC]
[heartbeat: exitCount=9115000 elapsedSec=210.3 lastPort=0xB008 write=0 val=0xC]
[heartbeat: exitCount=9120000 elapsedSec=210.4 lastPort=0xB008 write=0 val=0xC]
[heartbeat: exitCount=9125000 elapsedSec=210.5 lastPort=0xB008 write=0 val=0xC]
[heartbeat: exitCount=9130000 elapsedSec=210.5 lastPort=0xB008 write=0 val=0xC]
[heartbeat: exitCount=9135000 elapsedSec=210.6 lastPort=0xB008 write=0 val=0xC]
[heartbeat: exitCount=9140000 elapsedSec=210.7 lastPort=0xB008 write=0 val=0xC]
[heartbeat: exitCount=9145000 elapsedSec=210.7 lastPort=0xB008 write=0 val=0xC]
[heartbeat: exitCount=9150000 elapsedSec=210.8 lastPort=0xB008 write=0 val=0xC]
[heartbeat: exitCount=9155000 elapsedSec=210.9 lastPort=0xB008 write=0 val=0xC]
[heartbeat: exitCount=9160000 elapsedSec=210.9 lastPort=0xB008 write=0 val=0xC]
[heartbeat: exitCount=9165000 elapsedSec=211.0 lastPort=0xB008 write=0 val=0xC]
[heartbeat: exitCount=9170000 elapsedSec=211.2 lastPort=0xB008 write=0 val=0xC]
[heartbeat: exitCount=9175000 elapsedSec=211.3 lastPort=0xB008 write=0 val=0xC]
[heartbeat: exitCount=9180000 elapsedSec=211.3 lastPort=0xB008 write=0 val=0xC]
[heartbeat: exitCount=9185000 elapsedSec=211.4 lastPort=0xB008 write=0 val=0xC]
[heartbeat: exitCount=9190000 elapsedSec=211.5 lastPort=0xB008 write=0 val=0xC]
[heartbeat: exitCount=9195000 elapsedSec=211.5 lastPort=0xB008 write=0 val=0xC]
[heartbeat: exitCount=9200000 elapsedSec=211.6 lastPort=0xB008 write=0 val=0xC]
[heartbeat: exitCount=9205000 elapsedSec=211.6 lastPort=0xB008 write=0 val=0xC]
[heartbeat: exitCount=9210000 elapsedSec=211.7 lastPort=0xB008 write=0 val=0xC]
[heartbeat: exitCount=9215000 elapsedSec=211.8 lastPort=0xB008 write=0 val=0xC]
[heartbeat: exitCount=9220000 elapsedSec=211.9 lastPort=0xB008 write=0 val=0xC]
[heartbeat: exitCount=9225000 elapsedSec=211.9 lastPort=0xB008 write=0 val=0xC]
[heartbeat: exitCount=9230000 elapsedSec=212.0 lastPort=0xB008 write=0 val=0xC]
[heartbeat: exitCount=9235000 elapsedSec=212.1 lastPort=0xB008 write=0 val=0xC]
[heartbeat: exitCount=9240000 elapsedSec=212.1 lastPort=0xB008 write=0 val=0xC]
[heartbeat: exitCount=9245000 elapsedSec=212.2 lastPort=0xB008 write=0 val=0xC]
[heartbeat: exitCount=9250000 elapsedSec=212.3 lastPort=0xB008 write=0 val=0xC]
[u40] === RIP histogram pass 2 (periodic): 841600 samples, base=0xFFFFF80155800000 ===
[u40]    91564  page 0xBEA03000
[u40]    79484  page 0xFFFFF8015DD65000
[u40]    77976  page 0xFFFFF8073F965000
[u40]    71990  page 0xFFFFF8027C965000
[u40]    71139  page 0xFFFFF80209965000
[u40]    70297  page 0xFFFFF80203765000
[u40]    68412  page 0xFFFFF80137965000
[u40]    67676  page 0xFFFFF80236B65000
[u40]    66656  page 0xFFFFF8030D165000
[u40]    59413  page 0xFFFFF8033DB65000
[u40]    43806  page 0xFFFFF80155B65000  = base+0x365000
[u40]    16490  page 0x1DD9000
[u40]    11332  page 0xBF14E000
[u40]     5901  page 0xBFC50000
[u40]     3947  page 0xBFD68000
[u40]     2265  page 0xBE41C000
[u40]     2060  page 0xBE422000
[u40]     1644  page 0xFFFFF8073F9BD000
[u40]   most recent 256 samples (newest last):
[u40]     FFFFF80155B65444@9247441 FFFFF80155B65444@9247451 FFFFF80155B65444@9247461 FFFFF80155B65444@9247471 FFFFF80155B65444@9247481 FFFFF80155B65444@9247491 FFFFF80155B65444@9247501 FFFFF80155B65444@9247511 FFFFF80155B65444@9247521 FFFFF80155B65444@9247531 FFFFF80155B65444@9247541 FFFFF80155B65444@9247551 FFFFF80155B65444@9247561 FFFFF80155B65444@9247571 FFFFF80155B65444@9247581 FFFFF80155B65444@9247591 FFFFF80155B65444@9247601 FFFFF80155B65444@9247611 FFFFF80155B65444@9247621 FFFFF80155B65444@9247631 FFFFF80155B65444@9247641 FFFFF80155B65444@9247651 FFFFF80155B65444@9247661 FFFFF80155B65444@9247671 FFFFF80155B65444@9247681 FFFFF80155B65444@9247691 FFFFF80155B65444@9247701 FFFFF80155B65444@9247711 FFFFF80155B65444@9247721 FFFFF80155B65444@9247731 FFFFF80155B65444@9247741 FFFFF80155B65444@9247751 FFFFF80155B65444@9247761 FFFFF80155B65444@9247771 FFFFF80155B65444@9247781 FFFFF80155B65444@9247791 FFFFF80155B65444@9247801 FFFFF80155B65444@9247811 FFFFF80155B65444@9247821 FFFFF80155B65444@9247831 FFFFF80155B65444@9247841 FFFFF80155B65444@9247851 FFFFF80155B65444@9247861 FFFFF80155B65444@9247871 FFFFF80155B65444@9247881 FFFFF80155B65444@9247891 FFFFF80155B65444@9247901 FFFFF80155B65444@9247911 FFFFF80155B65444@9247921 FFFFF80155B65444@9247931 FFFFF80155B65444@9247941 FFFFF80155B65444@9247951 FFFFF80155B65444@9247961 FFFFF80155B65444@9247971 FFFFF80155B65444@9247981 FFFFF80155B65444@9247991 FFFFF80155B65444@9248001 FFFFF80155B65444@9248011 FFFFF80155B65444@9248021 FFFFF80155B65444@9248031 FFFFF80155B65444@9248041 FFFFF80155B65444@9248051 FFFFF80155B65444@9248061 FFFFF80155B65444@9248071 FFFFF80155B65444@9248081 FFFFF80155B65444@9248091 FFFFF80155B65444@9248101 FFFFF80155B65444@9248111 FFFFF80155B65444@9248121 FFFFF80155B65444@9248131 FFFFF80155B65444@9248141 FFFFF80155B65444@9248151 FFFFF80155B65444@9248161 FFFFF80155B65444@9248171 FFFFF80155B65444@9248181 FFFFF80155B65444@9248191 FFFFF80155B65444@9248201 FFFFF80155B65444@9248211 FFFFF80155B65444@9248221 FFFFF80155B65444@9248231 FFFFF80155B65444@9248241 FFFFF80155B65444@9248251 FFFFF80155B65444@9248261 FFFFF80155B65444@9248271 FFFFF80155B65444@9248281 FFFFF80155B65444@9248291 FFFFF80155B65444@9248301 FFFFF80155B65444@9248311 FFFFF80155B65444@9248321 FFFFF80155B65444@9248331 FFFFF80155B65444@9248341 FFFFF80155B65444@9248351 FFFFF80155B65444@9248361 FFFFF80155B65444@9248371 FFFFF80155B65444@9248381 FFFFF80155B65444@9248391 FFFFF80155B65444@9248401 FFFFF80155B65444@9248411 FFFFF80155B65444@9248421 FFFFF80155B65444@9248431 FFFFF80155B65444@9248441 FFFFF80155B65444@9248451 FFFFF80155B65444@9248461 FFFFF80155B65444@9248471 FFFFF80155B65444@9248481 FFFFF80155B65444@9248491 FFFFF80155B65444@9248501 FFFFF80155B65444@9248511 FFFFF80155B65444@9248521 FFFFF80155B65444@9248531 FFFFF80155B65444@9248541 FFFFF80155B65444@9248551 FFFFF80155B65444@9248561 FFFFF80155B65444@9248571 FFFFF80155B65444@9248581 FFFFF80155B65444@9248591 FFFFF80155B65444@9248601 FFFFF80155B65444@9248611 FFFFF80155B65444@9248621 FFFFF80155B65444@9248631 FFFFF80155B65444@9248641 FFFFF80155B65444@9248651 FFFFF80155B65444@9248661 FFFFF80155B65444@9248671 FFFFF80155B65444@9248681 FFFFF80155B65444@9248691 FFFFF80155B65444@9248701 FFFFF80155B65444@9248711 FFFFF80155B65444@9248721 FFFFF80155B65444@9248731 FFFFF80155B65444@9248741 FFFFF80155B65444@9248751 FFFFF80155B65444@9248761 FFFFF80155B65444@9248771 FFFFF80155B65444@9248781 FFFFF80155B65444@9248791 FFFFF80155B65444@9248801 FFFFF80155B65444@9248811 FFFFF80155B65444@9248821 FFFFF80155B65444@9248831 FFFFF80155B65444@9248841 FFFFF80155B65444@9248851 FFFFF80155B65444@9248861 FFFFF80155B65444@9248871 FFFFF80155B65444@9248881 FFFFF80155B65444@9248891 FFFFF80155B65444@9248901 FFFFF80155B65444@9248911 FFFFF80155B65444@9248921 FFFFF80155B65444@9248931 FFFFF80155B65444@9248941 FFFFF80155B65444@9248951 FFFFF80155B65444@9248961 FFFFF80155B65444@9248971 FFFFF80155B65444@9248981 FFFFF80155B65444@9248991 FFFFF80155B65444@9249001 FFFFF80155B65444@9249011 FFFFF80155B65444@9249021 FFFFF80155B65444@9249031 FFFFF80155B65444@9249041 FFFFF80155B65444@9249051 FFFFF80155B65444@9249061 FFFFF80155B65444@9249071 FFFFF80155B65444@9249081 FFFFF80155B65444@9249091 FFFFF80155B65444@9249101 FFFFF80155B65444@9249111 FFFFF80155B65444@9249121 FFFFF80155B65444@9249131 FFFFF80155B65444@9249141 FFFFF80155B65444@9249151 FFFFF80155B65444@9249161 FFFFF80155B65444@9249171 FFFFF80155B65444@9249181 FFFFF80155B65444@9249191 FFFFF80155B65444@9249201 FFFFF80155B65444@9249211 FFFFF80155B65444@9249221 FFFFF80155B65444@9249231 FFFFF80155B65444@9249241 FFFFF80155B65444@9249251 FFFFF80155B65444@9249261 FFFFF80155B65444@9249271 FFFFF80155B65444@9249281 FFFFF80155B65444@9249291 FFFFF80155B65444@9249301 FFFFF80155B65444@9249311 FFFFF80155B65444@9249321 FFFFF80155B65444@9249331 FFFFF80155B65444@9249341 FFFFF80155B65444@9249351 FFFFF80155B65444@9249361 FFFFF80155B65444@9249371 FFFFF80155B65444@9249381 FFFFF80155B65444@9249391 FFFFF80155B65444@9249401 FFFFF80155B65444@9249411 FFFFF80155B65444@9249421 FFFFF80155B65444@9249431 FFFFF80155B65444@9249441 FFFFF80155B65444@9249451 FFFFF80155B65444@9249461 FFFFF80155B65444@9249471 FFFFF80155B65444@9249481 FFFFF80155B65444@9249491 FFFFF80155B65444@9249501 FFFFF80155B65444@9249511 FFFFF80155B65444@9249521 FFFFF80155B65444@9249531 FFFFF80155B65444@9249541 FFFFF80155B65444@9249551 FFFFF80155B65444@9249561 FFFFF80155B65444@9249571 FFFFF80155B65444@9249581 FFFFF80155B65444@9249591 FFFFF80155B65444@9249601 FFFFF80155B65444@9249611 FFFFF80155B65444@9249621 FFFFF80155B65444@9249631 FFFFF80155B65444@9249641 FFFFF80155B65444@9249651 FFFFF80155B65444@9249661 FFFFF80155B65444@9249671 FFFFF80155B65444@9249681 FFFFF80155B65444@9249691 FFFFF80155B65444@9249701 FFFFF80155B65444@9249711 FFFFF80155B65444@9249721 FFFFF80155B65444@9249731 FFFFF80155B65444@9249741 FFFFF80155B65444@9249751 FFFFF80155B65444@9249761 FFFFF80155B65444@9249771 FFFFF80155B65444@9249781 FFFFF80155B65444@9249791 FFFFF80155B65444@9249801 FFFFF80155B65444@9249811 FFFFF80155B65444@9249821 FFFFF80155B65444@9249831 FFFFF80155B65444@9249841 FFFFF80155B65444@9249851 FFFFF80155B65444@9249861 FFFFF80155B65444@9249871 FFFFF80155B65444@9249881 FFFFF80155B65444@9249891 FFFFF80155B65444@9249901 FFFFF80155B65444@9249911 FFFFF80155B65444@9249921 FFFFF80155B65444@9249931 FFFFF80155B65444@9249941 FFFFF80155B65444@9249951 FFFFF80155B65444@9249961 FFFFF80155B65444@9249971 FFFFF80155B65444@9249981 FFFFF80155B65444@9249991
[heartbeat: exitCount=9255000 elapsedSec=212.3 lastPort=0xB008 write=0 val=0xC]
[heartbeat: exitCount=9260000 elapsedSec=212.4 lastPort=0xB008 write=0 val=0xC]
[heartbeat: exitCount=9265000 elapsedSec=212.5 lastPort=0xB008 write=0 val=0xC]
[heartbeat: exitCount=9270000 elapsedSec=212.6 lastPort=0xB008 write=0 val=0xC]
[heartbeat: exitCount=9275000 elapsedSec=212.7 lastPort=0xB008 write=0 val=0xC]
[heartbeat: exitCount=9280000 elapsedSec=212.7 lastPort=0xB008 write=0 val=0xC]
[heartbeat: exitCount=9285000 elapsedSec=212.8 lastPort=0xB008 write=0 val=0xC]
[heartbeat: exitCount=9290000 elapsedSec=212.9 lastPort=0xB008 write=0 val=0xC]
[heartbeat: exitCount=9295000 elapsedSec=213.0 lastPort=0xB008 write=0 val=0xC]
[heartbeat: exitCount=9300000 elapsedSec=213.1 lastPort=0xB008 write=0 val=0xC]
[heartbeat: exitCount=9305000 elapsedSec=213.2 lastPort=0xB008 write=0 val=0xC]
[heartbeat: exitCount=9310000 elapsedSec=213.2 lastPort=0xB008 write=0 val=0xC]
[heartbeat: exitCount=9315000 elapsedSec=213.3 lastPort=0xB008 write=0 val=0xC]
[heartbeat: exitCount=9320000 elapsedSec=213.4 lastPort=0xB008 write=0 val=0xC]
[heartbeat: exitCount=9325000 elapsedSec=213.4 lastPort=0xB008 write=0 val=0xC]
[heartbeat: exitCount=9330000 elapsedSec=213.6 lastPort=0xB008 write=0 val=0xC]
[heartbeat: exitCount=9335000 elapsedSec=213.6 lastPort=0xB008 write=0 val=0xC]
[heartbeat: exitCount=9340000 elapsedSec=213.7 lastPort=0xB008 write=0 val=0xC]
[heartbeat: exitCount=9345000 elapsedSec=213.8 lastPort=0xB008 write=0 val=0xC]
[heartbeat: exitCount=9350000 elapsedSec=213.8 lastPort=0xB008 write=0 val=0xC]
[heartbeat: exitCount=9355000 elapsedSec=213.9 lastPort=0xB008 write=0 val=0xC]
[heartbeat: exitCount=9360000 elapsedSec=214.0 lastPort=0xB008 write=0 val=0xC]
[heartbeat: exitCount=9365000 elapsedSec=214.0 lastPort=0xB008 write=0 val=0xC]
[heartbeat: exitCount=9370000 elapsedSec=214.1 lastPort=0xB008 write=0 val=0xC]
[heartbeat: exitCount=9375000 elapsedSec=214.2 lastPort=0xB008 write=0 val=0xC]
[heartbeat: exitCount=9380000 elapsedSec=214.2 lastPort=0xB008 write=0 val=0xC]
[heartbeat: exitCount=9385000 elapsedSec=214.3 lastPort=0xB008 write=0 val=0xC]
[heartbeat: exitCount=9390000 elapsedSec=214.4 lastPort=0xB008 write=0 val=0xC]
[heartbeat: exitCount=9395000 elapsedSec=214.4 lastPort=0xB008 write=0 val=0xC]
[heartbeat: exitCount=9400000 elapsedSec=214.5 lastPort=0xB008 write=0 val=0xC]
[heartbeat: exitCount=9405000 elapsedSec=214.6 lastPort=0xB008 write=0 val=0xC]
[heartbeat: exitCount=9410000 elapsedSec=214.7 lastPort=0xB008 write=0 val=0xC]
[heartbeat: exitCount=9415000 elapsedSec=214.8 lastPort=0xB008 write=0 val=0xC]
[heartbeat: exitCount=9420000 elapsedSec=214.9 lastPort=0xB008 write=0 val=0xC]
[heartbeat: exitCount=9425000 elapsedSec=214.9 lastPort=0xB008 write=0 val=0xC]
[heartbeat: exitCount=9430000 elapsedSec=215.0 lastPort=0xB008 write=0 val=0xC]
[heartbeat: exitCount=9435000 elapsedSec=215.1 lastPort=0xB008 write=0 val=0xC]
[heartbeat: exitCount=9440000 elapsedSec=215.1 lastPort=0xB008 write=0 val=0xC]
[heartbeat: exitCount=9445000 elapsedSec=215.2 lastPort=0xB008 write=0 val=0xC]
[heartbeat: exitCount=9450000 elapsedSec=215.3 lastPort=0xB008 write=0 val=0xC]
[heartbeat: exitCount=9455000 elapsedSec=215.4 lastPort=0xB008 write=0 val=0xC]
[heartbeat: exitCount=9460000 elapsedSec=215.4 lastPort=0xB008 write=0 val=0xC]
[heartbeat: exitCount=9465000 elapsedSec=215.5 lastPort=0xB008 write=0 val=0xC]
[heartbeat: exitCount=9470000 elapsedSec=215.6 lastPort=0xB008 write=0 val=0xC]
[heartbeat: exitCount=9475000 elapsedSec=215.7 lastPort=0xB008 write=0 val=0xC]
[heartbeat: exitCount=9480000 elapsedSec=215.7 lastPort=0xB008 write=0 val=0xC]
[heartbeat: exitCount=9485000 elapsedSec=215.8 lastPort=0xB008 write=0 val=0xC]
[heartbeat: exitCount=9490000 elapsedSec=215.9 lastPort=0xB008 write=0 val=0xC]
[heartbeat: exitCount=9495000 elapsedSec=215.9 lastPort=0xB008 write=0 val=0xC]
[reset] port 0x64/0xFE keyboard-controller reset pulse honored -- vCPU restarted at reset vector (exitCount=9495876)
[u40] === RIP histogram pass 1 (end of pass 1, at reset): 8340 samples, base=0xFFFFF8003CA00000 ===
[u40]     6865  page 0xFFFFF8003CD65000  = base+0x365000
[u40]      693  page 0xBEA03000
[u40]      165  page 0x1DD9000
[u40]      164  page 0xFFFFF8003CDBD000  = base+0x3BD000
[u40]      106  page 0xBF14E000
[u40]       96  page 0xBE41C000
[u40]       81  page 0xFFFFF8003CDBC000  = base+0x3BC000
[u40]       44  page 0xBFC50000
[u40]       41  page 0xBFD68000
[u40]       20  page 0xBE422000
[u40]       18  page 0xBF14F000
[u40]       16  page 0xFFFFF8003CECC000  = base+0x4CC000
[u40]       12  page 0xBF16B000
[u40]       11  page 0xBF174000
[u40]        2  page 0xFFFFF8003CDA5000  = base+0x3A5000
[u40]        2  page 0x848000
[u40]        1  page 0xFFFFF8003CE02000  = base+0x402000
[u40]        1  page 0xBF1CC000
[u40]   most recent 256 samples (newest last):
[u40]     FFFFF8003CD65444@808401 FFFFF8003CD65444@808501 FFFFF8003CD65444@808601 FFFFF8003CD65444@808701 FFFFF8003CD65444@808801 FFFFF8003CD65444@808901 FFFFF8003CD65444@809001 FFFFF8003CD65444@809101 FFFFF8003CD65444@809201 FFFFF8003CD65444@809301 FFFFF8003CD65444@809401 FFFFF8003CD65444@809501 FFFFF8003CD65444@809601 FFFFF8003CD65444@809701 FFFFF8003CD65444@809801 FFFFF8003CD65444@809901 FFFFF8003CD65444@810001 FFFFF8003CD65444@810101 FFFFF8003CD65444@810201 FFFFF8003CD65444@810301 FFFFF8003CD65444@810401 FFFFF8003CD65444@810501 FFFFF8003CD65444@810601 FFFFF8003CD65444@810701 FFFFF8003CD65444@810801 FFFFF8003CD65444@810901 FFFFF8003CD65444@811001 FFFFF8003CD65444@811101 FFFFF8003CD65444@811201 FFFFF8003CD65444@811301 FFFFF8003CD65444@811401 FFFFF8003CD65444@811501 FFFFF8003CD65444@811601 FFFFF8003CD65444@811701 FFFFF8003CD65444@811801 FFFFF8003CD65444@811901 FFFFF8003CD65444@812001 FFFFF8003CD65444@812101 FFFFF8003CD65444@812201 FFFFF8003CD65444@812301 FFFFF8003CD65444@812401 FFFFF8003CD65444@812501 FFFFF8003CD65444@812601 FFFFF8003CD65444@812701 FFFFF8003CD65444@812801 FFFFF8003CD65444@812901 FFFFF8003CD65444@813001 FFFFF8003CD65444@813101 FFFFF8003CD65444@813201 FFFFF8003CD65444@813301 FFFFF8003CD65444@813401 FFFFF8003CD65444@813501 FFFFF8003CD65444@813601 FFFFF8003CD65444@813701 FFFFF8003CD65444@813801 FFFFF8003CD65444@813901 FFFFF8003CD65444@814001 FFFFF8003CD65444@814101 FFFFF8003CD65444@814201 FFFFF8003CD65444@814301 FFFFF8003CD65444@814401 FFFFF8003CD65444@814501 FFFFF8003CD65444@814601 FFFFF8003CD65444@814701 FFFFF8003CD65444@814801 FFFFF8003CD65444@814901 FFFFF8003CD65444@815001 FFFFF8003CD65444@815101 FFFFF8003CD65444@815201 FFFFF8003CD65444@815301 FFFFF8003CD65444@815401 FFFFF8003CD65444@815501 FFFFF8003CD65444@815601 FFFFF8003CD65444@815701 FFFFF8003CD65444@815801 FFFFF8003CD65444@815901 FFFFF8003CD65444@816001 FFFFF8003CD65444@816101 FFFFF8003CD65444@816201 FFFFF8003CD65444@816301 FFFFF8003CD65444@816401 FFFFF8003CD65444@816501 FFFFF8003CD65444@816601 FFFFF8003CD65444@816701 FFFFF8003CD65444@816801 FFFFF8003CD65444@816901 FFFFF8003CD65444@817001 FFFFF8003CD65444@817101 FFFFF8003CD65444@817201 FFFFF8003CD65444@817301 FFFFF8003CD65444@817401 FFFFF8003CD65444@817501 FFFFF8003CD65444@817601 FFFFF8003CD65444@817701 FFFFF8003CD65444@817801 FFFFF8003CD65444@817901 FFFFF8003CD65444@818001 FFFFF8003CD65444@818101 FFFFF8003CD65444@818201 FFFFF8003CD65444@818301 FFFFF8003CD65444@818401 FFFFF8003CD65444@818501 FFFFF8003CD65444@818601 FFFFF8003CD65444@818701 FFFFF8003CD65444@818801 FFFFF8003CD65444@818901 FFFFF8003CD65444@819001 FFFFF8003CD65444@819101 FFFFF8003CD65444@819201 FFFFF8003CD65444@819301 FFFFF8003CD65444@819401 FFFFF8003CD65444@819501 FFFFF8003CD65444@819601 FFFFF8003CD65444@819701 FFFFF8003CD65444@819801 FFFFF8003CD65444@819901 FFFFF8003CD65444@820001 FFFFF8003CD65444@820101 FFFFF8003CD65444@820201 FFFFF8003CD65444@820301 FFFFF8003CD65444@820401 FFFFF8003CD65444@820501 FFFFF8003CD65444@820601 FFFFF8003CD65444@820701 FFFFF8003CD65444@820801 FFFFF8003CD65444@820901 FFFFF8003CD65444@821001 FFFFF8003CD65444@821101 FFFFF8003CD65444@821201 FFFFF8003CD65444@821301 FFFFF8003CD65444@821401 FFFFF8003CD65444@821501 FFFFF8003CD65444@821601 FFFFF8003CD65444@821701 FFFFF8003CD65444@821801 FFFFF8003CD65444@821901 FFFFF8003CD65444@822001 FFFFF8003CD65444@822101 FFFFF8003CD65444@822201 FFFFF8003CD65444@822301 FFFFF8003CD65444@822401 FFFFF8003CD65444@822501 FFFFF8003CD65444@822601 FFFFF8003CD65444@822701 FFFFF8003CD65444@822801 FFFFF8003CD65444@822901 FFFFF8003CD65444@823001 FFFFF8003CD65444@823101 FFFFF8003CD65444@823201 FFFFF8003CD65444@823301 FFFFF8003CD65444@823401 FFFFF8003CD65444@823501 FFFFF8003CD65444@823601 FFFFF8003CD65444@823701 FFFFF8003CD65444@823801 FFFFF8003CD65444@823901 FFFFF8003CD65444@824001 FFFFF8003CD65444@824101 FFFFF8003CD65444@824201 FFFFF8003CD65444@824301 FFFFF8003CD65444@824401 FFFFF8003CD65444@824501 FFFFF8003CD65444@824601 FFFFF8003CD65444@824701 FFFFF8003CD65444@824801 FFFFF8003CD65444@824901 FFFFF8003CD65444@825001 FFFFF8003CD65444@825101 FFFFF8003CD65444@825201 FFFFF8003CD65444@825301 FFFFF8003CD65444@825401 FFFFF8003CD65444@825501 FFFFF8003CD65444@825601 FFFFF8003CD65444@825701 FFFFF8003CD65444@825801 FFFFF8003CD65444@825901 FFFFF8003CD65444@826001 FFFFF8003CD65444@826101 FFFFF8003CD65444@826201 FFFFF8003CD65444@826301 FFFFF8003CD65444@826401 FFFFF8003CD65444@826501 FFFFF8003CD65444@826601 FFFFF8003CD65444@826701 FFFFF8003CD65444@826801 FFFFF8003CD65444@826901 FFFFF8003CD65444@827001 FFFFF8003CD65444@827101 FFFFF8003CD65444@827201 FFFFF8003CD65444@827301 FFFFF8003CD65444@827401 FFFFF8003CD65444@827501 FFFFF8003CD65444@827601 FFFFF8003CD65444@827701 FFFFF8003CD65444@827801 FFFFF8003CD65444@827901 FFFFF8003CD65444@828001 FFFFF8003CD65444@828101 FFFFF8003CD65444@828201 FFFFF8003CD65444@828301 FFFFF8003CD65444@828401 FFFFF8003CD65444@828501 FFFFF8003CD65444@828601 FFFFF8003CD65444@828701 FFFFF8003CD65444@828801 FFFFF8003CD65444@828901 FFFFF8003CD65444@829001 FFFFF8003CD65444@829101 FFFFF8003CD65444@829201 FFFFF8003CD65444@829301 FFFFF8003CD65444@829401 FFFFF8003CD65444@829501 FFFFF8003CD65444@829601 FFFFF8003CD65444@829701 FFFFF8003CD65444@829801 FFFFF8003CD65444@829901 FFFFF8003CD65444@830001 FFFFF8003CD65444@830101 FFFFF8003CD65444@830201 FFFFF8003CD65444@830301 FFFFF8003CD65444@830401 FFFFF8003CD65444@830501 FFFFF8003CD65444@830601 FFFFF8003CD65444@830701 FFFFF8003CD65444@830801 FFFFF8003CD65444@830901 FFFFF8003CD65444@831001 FFFFF8003CD65444@831101 FFFFF8003CD65444@831201 FFFFF8003CD65444@831301 FFFFF8003CD65444@831401 FFFFF8003CD65444@831501 FFFFF8003CD65444@831601 FFFFF8003CD65444@831701 FFFFF8003CD65444@831801 FFFFF8003CD65444@831901 FFFFF8003CD65444@832001 FFFFF8003CD65444@832101 FFFFF8003CD65444@832201 FFFFF8003CD65444@832301 FFFFF8003CD65444@832401 FFFFF8003CD65444@832501 FFFFF8003CD65444@832601 FFFFF8003CD65444@832701 FFFFF8003CD65444@832801 FFFFF8003CD65444@832901 FFFFF8003CD65444@833001 FFFFF8003CD65444@833101 FFFFF8003CD65444@833201 FFFFF8003CD65444@833301 FFFFF8003CD65444@833401 FFFFF8003CD65444@833501 FFFFF8003CD65444@833601 FFFFF8003CD65444@833701 FFFFF8003CD65444@833801 FFFFF8003CD65444@833901
[u46] LAPIC state (at reset -- state pass 2 will INHERIT, 4096 bytes): TPR=0xF0 PPR=0x0 SVR=0x1DF
[u46]   LVT Timer=0x300FD (vector=0xFD PERIODIC masked=1) InitCnt=0x0 CurCnt=0x0 Div=0xB
[u46]   IRR: no pending vectors
[u47] LAPIC quiesced at reset (LVTs masked, timer stopped, pending/ISR/IRR cleared, TPR=0)
[u46] LAPIC state (after U47 quiesce, 4096 bytes): TPR=0x0 PPR=0x0 SVR=0x1DF
[u46]   LVT Timer=0x10000 (vector=0x00 one-shot masked=1) InitCnt=0x0 CurCnt=0x0 Div=0xB
[u46]   IRR: no pending vectors
[u42] pass1 IOAPIC accesses total=274 (logged 260)
[u42] state INHERITED by pass 2: ioapic1.id=1 selectedReg=0x20 | ioapic2.id=2 selectedReg=0x3F
[u42]   ioapic1.redir[0]=0x00000000000100FF (vec=0xFF masked=1) -- NOT at power-on default
[u42]   ioapic1.redir[1]=0x00000000000100FF (vec=0xFF masked=1) -- NOT at power-on default
[u42]   ioapic1.redir[2]=0x00000000000100FF (vec=0xFF masked=1) -- NOT at power-on default
[u42]   ioapic1.redir[3]=0x00000000000100FF (vec=0xFF masked=1) -- NOT at power-on default
[u42]   ioapic1.redir[4]=0x00000000000100FF (vec=0xFF masked=1) -- NOT at power-on default
[u42]   ioapic1.redir[5]=0x00000000000100FF (vec=0xFF masked=1) -- NOT at power-on default
[u42]   ioapic1.redir[6]=0x00000000000100FF (vec=0xFF masked=1) -- NOT at power-on default
[u42]   ioapic1.redir[7]=0x00000000000100FF (vec=0xFF masked=1) -- NOT at power-on default
[u42]   ioapic1.redir[8]=0x01000000000008D1 (vec=0xD1 masked=0) -- NOT at power-on default
[u42]   ioapic1.redir[9]=0x00000000000100FF (vec=0xFF masked=1) -- NOT at power-on default
[u42]   ioapic1.redir[10]=0x00000000000100FF (vec=0xFF masked=1) -- NOT at power-on default
[u42]   ioapic1.redir[11]=0x00000000000100FF (vec=0xFF masked=1) -- NOT at power-on default
[u42]   ioapic1.redir[12]=0x00000000000100FF (vec=0xFF masked=1) -- NOT at power-on default
[u42]   ioapic1.redir[13]=0x00000000000100FF (vec=0xFF masked=1) -- NOT at power-on default
[u42]   ioapic1.redir[14]=0x00000000000100FF (vec=0xFF masked=1) -- NOT at power-on default
[u42]   ioapic1.redir[15]=0x00000000000100FF (vec=0xFF masked=1) -- NOT at power-on default
[u42]   ioapic1.redir[16]=0x00000000000100FF (vec=0xFF masked=1) -- NOT at power-on default
[u42]   ioapic1.redir[17]=0x00000000000100FF (vec=0xFF masked=1) -- NOT at power-on default
[u42]   ioapic1.redir[18]=0x00000000000100FF (vec=0xFF masked=1) -- NOT at power-on default
[u42]   ioapic1.redir[19]=0x00000000000100FF (vec=0xFF masked=1) -- NOT at power-on default
[u42]   ioapic1.redir[20]=0x00000000000100FF (vec=0xFF masked=1) -- NOT at power-on default
[u42]   ioapic1.redir[21]=0x00000000000100FF (vec=0xFF masked=1) -- NOT at power-on default
[u42]   ioapic1.redir[22]=0x00000000000100FF (vec=0xFF masked=1) -- NOT at power-on default
[u42]   ioapic1.redir[23]=0x00000000000100FF (vec=0xFF masked=1) -- NOT at power-on default
[u42]   ioapic2.redir[0]=0x00000000000100FF (vec=0xFF masked=1) -- NOT at power-on default
[u42]   ioapic2.redir[1]=0x00000000000100FF (vec=0xFF masked=1) -- NOT at power-on default
[u42]   ioapic2.redir[2]=0x00000000000100FF (vec=0xFF masked=1) -- NOT at power-on default
[u42]   ioapic2.redir[3]=0x00000000000100FF (vec=0xFF masked=1) -- NOT at power-on default
[u42]   ioapic2.redir[4]=0x00000000000100FF (vec=0xFF masked=1) -- NOT at power-on default
[u42]   ioapic2.redir[5]=0x00000000000100FF (vec=0xFF masked=1) -- NOT at power-on default
[u42]   ioapic2.redir[6]=0x00000000000100FF (vec=0xFF masked=1) -- NOT at power-on default
[u42]   ioapic2.redir[7]=0x00000000000100FF (vec=0xFF masked=1) -- NOT at power-on default
[u42]   ioapic2.redir[8]=0x00000000000100FF (vec=0xFF masked=1) -- NOT at power-on default
[u42]   ioapic2.redir[9]=0x00000000000100FF (vec=0xFF masked=1) -- NOT at power-on default
[u42]   ioapic2.redir[10]=0x00000000000100FF (vec=0xFF masked=1) -- NOT at power-on default
[u42]   ioapic2.redir[11]=0x00000000000100FF (vec=0xFF masked=1) -- NOT at power-on default
[u42]   ioapic2.redir[12]=0x00000000000100FF (vec=0xFF masked=1) -- NOT at power-on default
[u42]   ioapic2.redir[13]=0x00000000000100FF (vec=0xFF masked=1) -- NOT at power-on default
[u42]   ioapic2.redir[14]=0x00000000000100FF (vec=0xFF masked=1) -- NOT at power-on default
[u42]   ioapic2.redir[15]=0x00000000000100FF (vec=0xFF masked=1) -- NOT at power-on default
[u42]   ioapic2.redir[16]=0x00000000000100FF (vec=0xFF masked=1) -- NOT at power-on default
[u42]   ioapic2.redir[17]=0x00000000000100FF (vec=0xFF masked=1) -- NOT at power-on default
[u42]   ioapic2.redir[18]=0x00000000000100FF (vec=0xFF masked=1) -- NOT at power-on default
[u42]   ioapic2.redir[19]=0x00000000000100FF (vec=0xFF masked=1) -- NOT at power-on default
[u42]   ioapic2.redir[20]=0x00000000000100FF (vec=0xFF masked=1) -- NOT at power-on default
[u42]   ioapic2.redir[21]=0x00000000000100FF (vec=0xFF masked=1) -- NOT at power-on default
[u42]   ioapic2.redir[22]=0x00000000000100FF (vec=0xFF masked=1) -- NOT at power-on default
[u42]   ioapic2.redir[23]=0x00000000000100FF (vec=0xFF masked=1) -- NOT at power-on default
[heartbeat: exitCount=9500000 elapsedSec=216.2 lastPort=0xB008 write=0 val=0x2]
[u40] === RIP histogram pass 2 (periodic): 866600 samples, base=0xFFFFF80155800000 ===
[u40]    91564  page 0xBEA03000
[u40]    79484  page 0xFFFFF8015DD65000
[u40]    77976  page 0xFFFFF8073F965000
[u40]    71990  page 0xFFFFF8027C965000
[u40]    71139  page 0xFFFFF80209965000
[u40]    70297  page 0xFFFFF80203765000
[u40]    68412  page 0xFFFFF80137965000
[u40]    68394  page 0xFFFFF80155B65000  = base+0x365000
[u40]    67676  page 0xFFFFF80236B65000
[u40]    66656  page 0xFFFFF8030D165000
[u40]    59413  page 0xFFFFF8033DB65000
[u40]    16490  page 0x1DD9000
[u40]    11332  page 0xBF14E000
[u40]     6284  page 0xBFC50000
[u40]     3947  page 0xBFD68000
[u40]     2265  page 0xBE41C000
[u40]     2060  page 0xBE422000
[u40]     1644  page 0xFFFFF8073F9BD000
[u40]   most recent 256 samples (newest last):
[u40]     BFC504C0@9497441 BFC504C0@9497451 BFC504C0@9497461 BFC504C0@9497471 BFC504C0@9497481 BFC504C0@9497491 BFC504C0@9497501 BFC504C0@9497511 BFC504C0@9497521 BFC504C0@9497531 BFC504C0@9497541 BFC504C0@9497551 BFC504C0@9497561 BFC504C0@9497571 BFC504C0@9497581 BFC504C0@9497591 BFC504C0@9497601 BFC504C0@9497611 BFC504C0@9497621 BFC504C0@9497631 BFC504C0@9497641 BFC504C0@9497651 BFC504C0@9497661 BFC504C0@9497671 BFC504C0@9497681 BFC504C0@9497691 BFC504C0@9497701 BFC504C0@9497711 BFC504C0@9497721 BFC504C0@9497731 BFC504C0@9497741 BFC504C0@9497751 BFC504C0@9497761 BFC504C0@9497771 BFC504C0@9497781 BFC504C0@9497791 BFC504C0@9497801 BFC504C0@9497811 BFC504C0@9497821 BFC504C0@9497831 BFC504C0@9497841 BFC504C0@9497851 BFC504C0@9497861 BFC504C0@9497871 BFC504C0@9497881 BFC504C0@9497891 BFC504C0@9497901 BFC504C0@9497911 BFC504C0@9497921 BFC504C0@9497931 BFC504C0@9497941 BFC504C0@9497951 BFC504C0@9497961 BFC504C0@9497971 BFC504C0@9497981 BFC504C0@9497991 BFC504C0@9498001 BFC504C0@9498011 BFC504C0@9498021 BFC504C0@9498031 BFC504C0@9498041 BFC504C0@9498051 BFC504C0@9498061 BFC504C0@9498071 BFC504C0@9498081 BFC504C0@9498091 BFC504C0@9498101 BFC504C0@9498111 BFC504C0@9498121 BFC504C0@9498131 BFC504C0@9498141 BFC504C0@9498151 BFC504C0@9498161 BFC504C0@9498171 BFC504C0@9498181 BFC504C0@9498191 BFC504C0@9498201 BFC504C0@9498211 BFC504C0@9498221 BFC504C0@9498231 BFC504C0@9498241 BFC504C0@9498251 BFC504C0@9498261 BFC504C0@9498271 BFC504C0@9498281 BFC504C0@9498291 BFC504C0@9498301 BFC504C0@9498311 BFC504C0@9498321 BFC504C0@9498331 BFC504C0@9498341 BFC504C0@9498351 BFC504C0@9498361 BFC504C0@9498371 BFC504C0@9498381 BFC504C0@9498391 BFC504C0@9498401 BFC504C0@9498411 BFC504C0@9498421 BFC504C0@9498431 BFC504C0@9498441 BFC504C0@9498451 BFC504C0@9498461 BFC504C0@9498471 BFC504C0@9498481 BFC504C0@9498491 BFC504C0@9498501 BFC504C0@9498511 BFC504C0@9498521 BFC504C0@9498531 BFC504C0@9498541 BFC504C0@9498551 BFC504C0@9498561 BFC504C0@9498571 BFC504C0@9498581 BFC504C0@9498591 BFC504C0@9498601 BFC504C0@9498611 BFC504C0@9498621 BFC504C0@9498631 BFC504C0@9498641 BFC504C0@9498651 BFC504C0@9498661 BFC504C0@9498671 BFC504C0@9498681 BFC504C0@9498691 BFC504C0@9498701 BFC504C0@9498711 BFC504C0@9498721 BFC504C0@9498731 BFC504C0@9498741 BFC504C0@9498751 BFC504C0@9498761 BFC504C0@9498771 BFC504C0@9498781 BFC504C0@9498791 BFC504C0@9498801 BFC504C0@9498811 BFC504C0@9498821 BFC504C0@9498831 BFC504C0@9498841 BFC504C0@9498851 BFC504C0@9498861 BFC504C0@9498871 BFC504C0@9498881 BFC504C0@9498891 BFC504C0@9498901 BFC504C0@9498911 BFC504C0@9498921 BFC504C0@9498931 BFC504C0@9498941 BFC504C0@9498951 BFC504C0@9498961 BFC504C0@9498971 BFC504C0@9498981 BFC504C0@9498991 BFC504C0@9499001 BFC504C0@9499011 BFC504C0@9499021 BFC504C0@9499031 BFC504C0@9499041 BFC504C0@9499051 BFC504C0@9499061 BFC504C0@9499071 BFC504C0@9499081 BFC504C0@9499091 BFC504C0@9499101 BFC504C0@9499111 BFC504C0@9499121 BFC504C0@9499131 BFC504C0@9499141 BFC504C0@9499151 BFC504C0@9499161 BFC504C0@9499171 BFC504C0@9499181 BFC504C0@9499191 BFC504C0@9499201 BFC504C0@9499211 BFC504C0@9499221 BFC504C0@9499231 BFC504C0@9499241 BFC504C0@9499251 BFC504C0@9499261 BFC504C0@9499271 BFC504C0@9499281 BFC504C0@9499291 BFC504C0@9499301 BFC504C0@9499311 BFC504C0@9499321 BFC504C0@9499331 BFC504C0@9499341 BFC504C0@9499351 BFC504C0@9499361 BFC504C0@9499371 BFC504C0@9499381 BFC504C0@9499391 BFC504C0@9499401 BFC504C0@9499411 BFC504C0@9499421 BFC504C0@9499431 BFC504C0@9499441 BFC504C0@9499451 BFC504C0@9499461 BFC504C0@9499471 BFC504C0@9499481 BFC504C0@9499491 BFC504C0@9499501 BFC504C0@9499511 BFC504C0@9499521 BFC504C0@9499531 BFC504C0@9499541 BFC504C0@9499551 BFC504C0@9499561 BFC504C0@9499571 BFC504C0@9499581 BFC504C0@9499591 BFC504C0@9499601 BFC504C0@9499611 BFC504C0@9499621 BFC504C0@9499631 BFC504C0@9499641 BFC504C0@9499651 BFC504C0@9499661 BFC504C0@9499671 BFC504C0@9499681 BFC504C0@9499691 BFC504C0@9499701 BFC504C0@9499711 BFC504C0@9499721 BFC504C0@9499731 BFC504C0@9499741 BFC504C0@9499751 BFC504C0@9499761 BFC504C0@9499771 BFC504C0@9499781 BFC504C0@9499791 BFC504C0@9499801 BFC504C0@9499811 BFC504C0@9499821 BFC504C0@9499831 BFC504C0@9499841 BFC504C0@9499851 BFC504C0@9499861 BFC504C0@9499871 BFC504C0@9499881 BFC504C0@9499891 BFC504C0@9499901 BFC504C0@9499911 BFC504C0@9499921 BFC504C0@9499931 BFC504C0@9499941 BFC504C0@9499951 BFC504C0@9499961 BFC504C0@9499971 BFC504C0@9499981 BFC504C0@9499991
[ramfb] configured: address=0xBE500000 800x600 stride=3200
[heartbeat: exitCount=9505000 elapsedSec=216.3 lastPort=0xCFC write=0 val=0x89]
[2J[001;001H[=3h[2J[001;001H[2J[001;001H[8;056;240t[2J[001;001H[heartbeat: exitCount=9510000 elapsedSec=216.4 lastPort=0x2FC write=1 val=0x20]
[2J[001;001H[=3h[2J[001;001H[2J[001;001H[8;031;100t[2J[001;001H[heartbeat: exitCount=9515000 elapsedSec=216.5 lastPort=0x64 write=0 val=0x20]
[heartbeat: exitCount=9520000 elapsedSec=216.6 lastPort=0xB008 write=0 val=0x20]
[aux] controller: disable AUX port
[heartbeat: exitCount=9525000 elapsedSec=216.8 lastPort=0xCFF write=0 val=0x0]
[heartbeat: exitCount=9530000 elapsedSec=216.8 lastPort=0xB008 write=0 val=0x0]
BdsDxe: loading Boot0002 "UEFI LocalHost Virtual Disk LH0001 " from PciRoot(0x0)/Pci(0x2,0x0)/Sata(0x0,0xFFFF,0x0)
BdsDxe: starting Boot0002 "UEFI LocalHost Virtual Disk LH0001 " from PciRoot(0x0)/Pci(0x2,0x0)/Sata(0x0,0xFFFF,0x0)
[heartbeat: exitCount=9535000 elapsedSec=217.0 lastPort=0xB008 write=0 val=0x89]
[2J[001;001H[=3h[2J[001;001H[heartbeat: exitCount=9540000 elapsedSec=217.1 lastPort=0xB008 write=0 val=0x89]
[heartbeat: exitCount=9545000 elapsedSec=217.2 lastPort=0xB008 write=0 val=0x89]
[heartbeat: exitCount=9550000 elapsedSec=217.3 lastPort=0xB008 write=0 val=0x89]
[heartbeat: exitCount=9555000 elapsedSec=217.4 lastPort=0xB008 write=0 val=0x89]
[heartbeat: exitCount=9560000 elapsedSec=217.5 lastPort=0xB008 write=0 val=0x89]
[heartbeat: exitCount=9565000 elapsedSec=217.6 lastPort=0xB008 write=0 val=0x89]
[heartbeat: exitCount=9570000 elapsedSec=217.7 lastPort=0xB008 write=0 val=0x89]
[heartbeat: exitCount=9575000 elapsedSec=217.8 lastPort=0xB008 write=0 val=0x89]
[heartbeat: exitCount=9580000 elapsedSec=217.9 lastPort=0xB008 write=0 val=0x89]
[heartbeat: exitCount=9585000 elapsedSec=218.0 lastPort=0xB008 write=0 val=0x89]
[heartbeat: exitCount=9590000 elapsedSec=218.1 lastPort=0xB008 write=0 val=0x89]
[heartbeat: exitCount=9595000 elapsedSec=218.2 lastPort=0xB008 write=0 val=0x89]
[heartbeat: exitCount=9600000 elapsedSec=218.3 lastPort=0xB008 write=0 val=0x89]
[heartbeat: exitCount=9605000 elapsedSec=218.4 lastPort=0xB008 write=0 val=0x89]
[heartbeat: exitCount=9610000 elapsedSec=218.5 lastPort=0xB008 write=0 val=0x89]
[heartbeat: exitCount=9615000 elapsedSec=218.6 lastPort=0xB008 write=0 val=0x89]
[heartbeat: exitCount=9620000 elapsedSec=218.7 lastPort=0xB008 write=0 val=0x89]
[heartbeat: exitCount=9625000 elapsedSec=218.9 lastPort=0xB008 write=0 val=0x2]
[aux] controller: disable AUX port
[heartbeat: exitCount=9630000 elapsedSec=220.4 lastPort=0xCFC write=0 val=0x0]
[heartbeat: exitCount=9635000 elapsedSec=220.5 lastPort=0xCFC write=0 val=0x0]
[heartbeat: exitCount=9640000 elapsedSec=220.6 lastPort=0xCFC write=0 val=0x0]
[heartbeat: exitCount=9645000 elapsedSec=220.6 lastPort=0xCFC write=0 val=0x0]
[kerneldiag] candidate address 0xFFFFF80219BA57DD resolves to module base 0xFFFFF80219800000 (+0x3A57DD into it)
[kerneldiag] debug directory: type=2 codeViewRva=0x40970
[kerneldiag] module PDB name: ntkrnlmp.pdb guid=D9424FC4-861E-47C1-0FAD1B35DEC6DCC8 age=1
[wp] DISCOVERY at exitCount=9645866 (pass 2)
[wp] armed breakpoints at module base 0xFFFFF80219800000 (DR2 LFH-check armed=1): DR0=+0x3DC890 (U34 ExInitializePoolHeapManagement entry, VA=0xFFFFF80219BDC890), DR1=+0x3FD6F0 (KeBugCheckEx, VA=0xFFFFF80219BFD6F0), DR2=+0x343B49 (RtlpHpLfhOwnerMoveSubsegment entry, VA=0xFFFFF80219B43B49), DR3=+0x9A188F (HalpIommuInitSystem ret, VA=0xFFFFF8021A1A188F)
[u32] ExPoolState pool-descriptor fields (pass 2):
[u32]   pool[0] desc@RVA0xC57EC0: +0x08=0x0 +0x10=0x0  <== +0x10 NULL
[u32]   pool[1] desc@RVA0xC59F80: +0x08=0x0 +0x10=0x0  <== +0x10 NULL
[u32]   pool[2] desc@RVA0xC5C040: +0x08=0x0 +0x10=0x0  <== +0x10 NULL
[u32]   pool[3] desc@RVA0xC5E100: +0x08=0x0 +0x10=0x0  <== +0x10 NULL
[u32]   pool[4] desc@RVA0xC601C0: +0x08=0x0 +0x10=0x0  <== +0x10 NULL
[u32]   pool[5] desc@RVA0xC62280: +0x08=0x0 +0x10=0x0  <== +0x10 NULL
[u32]   pool[6] desc@RVA0xC64340: +0x08=0x0 +0x10=0x0  <== +0x10 NULL
[u32]   pool[7] desc@RVA0xC66400: +0x08=0x0 +0x10=0x0  <== +0x10 NULL
[u33] EDGE pass=2 exitCount=9645866 (reset+149990) pool[0]: +0x08 0xFFFFDC8ECFC02000->0x0 +0x10 0xFFFF918E95C00000->0x0 +0x08 CLEARED(set->null) +0x10 CLEARED(set->null)
[heartbeat: exitCount=9650000 elapsedSec=220.7 lastPort=0xB008 write=0 val=0xFF]
[ioapic-rte] controller id=1 entry=8 reg=0x20 value=0x000008D1 -> full RTE now 0x01000000000008D1 (vector=0xD1 masked=0)
[ioapic-rte] controller id=1 entry=8 reg=0x21 value=0x01000000 -> full RTE now 0x01000000000008D1 (vector=0xD1 masked=0)
[ioapic-rte] controller id=1 entry=8 reg=0x20 value=0x000008D1 -> full RTE now 0x01000000000008D1 (vector=0xD1 masked=0)
[heartbeat: exitCount=9655000 elapsedSec=220.8 lastPort=0xB008 write=0 val=0xC]
[u33] EDGE pass=2 exitCount=9657866 (reset+161990) pool[0]: +0x08 0x0->0xFFFFAF0C65202000 +0x10 0x0->0xFFFF870608200000 +0x08 INIT(null->set) +0x10 INIT(null->set)
[heartbeat: exitCount=9660000 elapsedSec=221.0 lastPort=0xCF8 write=1 val=0xC]
[heartbeat: exitCount=9665000 elapsedSec=221.1 lastPort=0xCF8 write=1 val=0xC]
[rtc-diag] tick #7500 FIRED vector=0xD1, skippedTotal=6848 firedTotal=652
[heartbeat: exitCount=9670000 elapsedSec=221.2 lastPort=0xCF8 write=1 val=0xC]
[heartbeat: exitCount=9675000 elapsedSec=221.2 lastPort=0xCFC write=0 val=0xC]
[heartbeat: exitCount=9680000 elapsedSec=221.3 lastPort=0xCF8 write=1 val=0xC]
[ioapic-rte] controller id=1 entry=8 reg=0x21 value=0x01000000 -> full RTE now 0x01000000000008D1 (vector=0xD1 masked=0)
[ioapic-rte] controller id=1 entry=8 reg=0x20 value=0x000008D1 -> full RTE now 0x01000000000008D1 (vector=0xD1 masked=0)
[heartbeat: exitCount=9685000 elapsedSec=221.4 lastPort=0xB008 write=0 val=0x9]
[heartbeat: exitCount=9690000 elapsedSec=221.7 lastPort=0xCF8 write=1 val=0xC]

[BUGCHECK] hit #1: KeBugCheckEx code=0xA5 p1=0x11 p2=0x3 p3=0x0 exitCount=9690180
[BUGCHECK]   p4=0x0  caller(return)=0xFFFFF8021BFC0454[kerneldiag] candidate address 0xFFFFF8021BFC0454 resolves to module base 0xFFFFF8021BF00000 (+0xC0454 into it)
[kerneldiag] debug directory: type=2 codeViewRva=0x73F3C
[kerneldiag] module PDB name: acpi.pdb guid=662B8231-E47D-1FF9-F7E8C8FD1B44A572 age=1
  (base 0xFFFFF8021BF00000 RVA 0xC0454)
[BUGCHECK]   stack (canonical kernel qwords):
[BUGCHECK]     [rsp+0x00]=0xFFFFF8021BFC0454[kerneldiag] candidate address 0xFFFFF8021BFC0454 resolves to module base 0xFFFFF8021BF00000 (+0xC0454 into it)
[kerneldiag] debug directory: type=2 codeViewRva=0x73F3C
[kerneldiag] module PDB name: acpi.pdb guid=662B8231-E47D-1FF9-F7E8C8FD1B44A572 age=1
  (RVA 0xC0454)
[BUGCHECK]     [rsp+0x10]=0xFFFFF8021BF701CA[kerneldiag] candidate address 0xFFFFF8021BF701CA resolves to module base 0xFFFFF8021BF00000 (+0x701CA into it)
[kerneldiag] debug directory: type=2 codeViewRva=0x73F3C
[kerneldiag] module PDB name: acpi.pdb guid=662B8231-E47D-1FF9-F7E8C8FD1B44A572 age=1
  (RVA 0x701CA)
[BUGCHECK]     [rsp+0x18]=0xFFFFAF0C65AC5A60[kerneldiag] no PE header found scanning VA back from 0xFFFFAF0C65AC5A60

[BUGCHECK]     [rsp+0x20]=0xFFFFAF0C6587EFA0[kerneldiag] no PE header found scanning VA back from 0xFFFFAF0C6587EFA0

[BUGCHECK]     [rsp+0x30]=0xFFFFF802C0140019[kerneldiag] no PE header found scanning VA back from 0xFFFFF802C0140019

[heartbeat: exitCount=9695000 elapsedSec=221.8 lastPort=0xB008 write=0 val=0xC]
[heartbeat: exitCount=9700000 elapsedSec=221.9 lastPort=0xB008 write=0 val=0xC]
[heartbeat: exitCount=9705000 elapsedSec=222.0 lastPort=0xB008 write=0 val=0xC]
[heartbeat: exitCount=9710000 elapsedSec=222.0 lastPort=0xB008 write=0 val=0xC]
[heartbeat: exitCount=9715000 elapsedSec=222.1 lastPort=0xB008 write=0 val=0xC]
[heartbeat: exitCount=9720000 elapsedSec=222.2 lastPort=0xB008 write=0 val=0xC]
[heartbeat: exitCount=9725000 elapsedSec=222.2 lastPort=0xB008 write=0 val=0xC]
[heartbeat: exitCount=9730000 elapsedSec=222.3 lastPort=0xB008 write=0 val=0xC]
[heartbeat: exitCount=9735000 elapsedSec=222.3 lastPort=0xB008 write=0 val=0xC]
[heartbeat: exitCount=9740000 elapsedSec=222.4 lastPort=0xB008 write=0 val=0xC]
[heartbeat: exitCount=9745000 elapsedSec=222.5 lastPort=0xB008 write=0 val=0xC]
[heartbeat: exitCount=9750000 elapsedSec=222.5 lastPort=0xB008 write=0 val=0xC]
[u40] === RIP histogram pass 2 (periodic): 891600 samples, base=0xFFFFF80219800000 ===
[u40]   101030  page 0xBEA03000
[u40]    79484  page 0xFFFFF8015DD65000
[u40]    77976  page 0xFFFFF8073F965000
[u40]    71990  page 0xFFFFF8027C965000
[u40]    71139  page 0xFFFFF80209965000
[u40]    70297  page 0xFFFFF80203765000
[u40]    68412  page 0xFFFFF80137965000
[u40]    68394  page 0xFFFFF80155B65000
[u40]    67676  page 0xFFFFF80236B65000
[u40]    66656  page 0xFFFFF8030D165000
[u40]    59413  page 0xFFFFF8033DB65000
[u40]    18139  page 0x1DD9000
[u40]    12533  page 0xBF14E000
[u40]     7759  page 0xFFFFF80219B65000  = base+0x365000
[u40]     6504  page 0xBFC50000
[u40]     4342  page 0xBFD68000
[u40]     3347  page 0xBE41C000
[u40]     2260  page 0xBE422000
[u40]   most recent 256 samples (newest last):
[u40]     FFFFF80219B65444@9747441 FFFFF80219B65444@9747451 FFFFF80219B65444@9747461 FFFFF80219B65444@9747471 FFFFF80219B65444@9747481 FFFFF80219B65444@9747491 FFFFF80219B65444@9747501 FFFFF80219B65444@9747511 FFFFF80219B65444@9747521 FFFFF80219B65444@9747531 FFFFF80219B65444@9747541 FFFFF80219B65444@9747551 FFFFF80219B65444@9747561 FFFFF80219B65444@9747571 FFFFF80219B65444@9747581 FFFFF80219B65444@9747591 FFFFF80219B65444@9747601 FFFFF80219B65444@9747611 FFFFF80219B65444@9747621 FFFFF80219B65444@9747631 FFFFF80219B65444@9747641 FFFFF80219B65444@9747651 FFFFF80219B65444@9747661 FFFFF80219B65444@9747671 FFFFF80219B65444@9747681 FFFFF80219B65444@9747691 FFFFF80219B65444@9747701 FFFFF80219B65444@9747711 FFFFF80219B65444@9747721 FFFFF80219B65444@9747731 FFFFF80219B65444@9747741 FFFFF80219B65444@9747751 FFFFF80219B65444@9747761 FFFFF80219B65444@9747771 FFFFF80219B65444@9747781 FFFFF80219B65444@9747791 FFFFF80219B65444@9747801 FFFFF80219B65444@9747811 FFFFF80219B65444@9747821 FFFFF80219B65444@9747831 FFFFF80219B65444@9747841 FFFFF80219B65444@9747851 FFFFF80219B65444@9747861 FFFFF80219B65444@9747871 FFFFF80219B65444@9747881 FFFFF80219B65444@9747891 FFFFF80219B65444@9747901 FFFFF80219B65444@9747911 FFFFF80219B65444@9747921 FFFFF80219B65444@9747931 FFFFF80219B65444@9747941 FFFFF80219B65444@9747951 FFFFF80219B65444@9747961 FFFFF80219B65444@9747971 FFFFF80219B65444@9747981 FFFFF80219B65444@9747991 FFFFF80219B65444@9748001 FFFFF80219B65444@9748011 FFFFF80219B65444@9748021 FFFFF80219B65444@9748031 FFFFF80219B65444@9748041 FFFFF80219B65444@9748051 FFFFF80219B65444@9748061 FFFFF80219B65444@9748071 FFFFF80219B65444@9748081 FFFFF80219B65444@9748091 FFFFF80219B65444@9748101 FFFFF80219B65444@9748111 FFFFF80219B65444@9748121 FFFFF80219B65444@9748131 FFFFF80219B65444@9748141 FFFFF80219B65444@9748151 FFFFF80219B65444@9748161 FFFFF80219B65444@9748171 FFFFF80219B65444@9748181 FFFFF80219B65444@9748191 FFFFF80219B65444@9748201 FFFFF80219B65444@9748211 FFFFF80219B65444@9748221 FFFFF80219B65444@9748231 FFFFF80219B65444@9748241 FFFFF80219B65444@9748251 FFFFF80219B65444@9748261 FFFFF80219B65444@9748271 FFFFF80219B65444@9748281 FFFFF80219B65444@9748291 FFFFF80219B65444@9748301 FFFFF80219B65444@9748311 FFFFF80219B65444@9748321 FFFFF80219B65444@9748331 FFFFF80219B65444@9748341 FFFFF80219B65444@9748351 FFFFF80219B65444@9748361 FFFFF80219B65444@9748371 FFFFF80219B65444@9748381 FFFFF80219B65444@9748391 FFFFF80219B65444@9748401 FFFFF80219B65444@9748411 FFFFF80219B65444@9748421 FFFFF80219B65444@9748431 FFFFF80219B65444@9748441 FFFFF80219B65444@9748451 FFFFF80219B65444@9748461 FFFFF80219B65444@9748471 FFFFF80219B65444@9748481 FFFFF80219B65444@9748491 FFFFF80219B65444@9748501 FFFFF80219B65444@9748511 FFFFF80219B65444@9748521 FFFFF80219B65444@9748531 FFFFF80219B65444@9748541 FFFFF80219B65445@9748551 FFFFF80219B65444@9748561 FFFFF80219B65444@9748571 FFFFF80219B65444@9748581 FFFFF80219B65444@9748591 FFFFF80219B65444@9748601 FFFFF80219B65444@9748611 FFFFF80219B65444@9748621 FFFFF80219B65444@9748631 FFFFF80219B65444@9748641 FFFFF80219B65444@9748651 FFFFF80219B65444@9748661 FFFFF80219B65444@9748671 FFFFF80219B65444@9748681 FFFFF80219B65444@9748691 FFFFF80219B65444@9748701 FFFFF80219B65444@9748711 FFFFF80219B65444@9748721 FFFFF80219B65444@9748731 FFFFF80219B65444@9748741 FFFFF80219B65444@9748751 FFFFF80219B65444@9748761 FFFFF80219B65444@9748771 FFFFF80219B65444@9748781 FFFFF80219B65444@9748791 FFFFF80219B65444@9748801 FFFFF80219B65444@9748811 FFFFF80219B65444@9748821 FFFFF80219B65444@9748831 FFFFF80219B65444@9748841 FFFFF80219B65444@9748851 FFFFF80219B65444@9748861 FFFFF80219B65444@9748871 FFFFF80219B65444@9748881 FFFFF80219B65444@9748891 FFFFF80219B65444@9748901 FFFFF80219B65444@9748911 FFFFF80219B65444@9748921 FFFFF80219B65444@9748931 FFFFF80219B65444@9748941 FFFFF80219B65444@9748951 FFFFF80219B65444@9748961 FFFFF80219B65444@9748971 FFFFF80219B65444@9748981 FFFFF80219B65444@9748991 FFFFF80219B65444@9749001 FFFFF80219B65444@9749011 FFFFF80219B65444@9749021 FFFFF80219B65444@9749031 FFFFF80219B65444@9749041 FFFFF80219B65444@9749051 FFFFF80219B65444@9749061 FFFFF80219B65444@9749071 FFFFF80219B65444@9749081 FFFFF80219B65444@9749091 FFFFF80219B65444@9749101 FFFFF80219B65444@9749111 FFFFF80219B65444@9749121 FFFFF80219B65444@9749131 FFFFF80219B65444@9749141 FFFFF80219B65444@9749151 FFFFF80219B65444@9749161 FFFFF80219B65444@9749171 FFFFF80219B65444@9749181 FFFFF80219B65444@9749191 FFFFF80219B65444@9749201 FFFFF80219B65444@9749211 FFFFF80219B65444@9749221 FFFFF80219B65444@9749231 FFFFF80219B65444@9749241 FFFFF80219B65444@9749251 FFFFF80219B65444@9749261 FFFFF80219B65444@9749271 FFFFF80219B65444@9749281 FFFFF80219B65444@9749291 FFFFF80219B65444@9749301 FFFFF80219B65444@9749311 FFFFF80219B65444@9749321 FFFFF80219B65444@9749331 FFFFF80219B65444@9749341 FFFFF80219B65444@9749351 FFFFF80219B65444@9749361 FFFFF80219B65444@9749371 FFFFF80219B65444@9749381 FFFFF80219B65444@9749391 FFFFF80219B65444@9749401 FFFFF80219B65444@9749411 FFFFF80219B65444@9749421 FFFFF80219B65444@9749431 FFFFF80219B65444@9749441 FFFFF80219B65444@9749451 FFFFF80219B65444@9749461 FFFFF80219B65444@9749471 FFFFF80219B65444@9749481 FFFFF80219B65444@9749491 FFFFF80219B65444@9749501 FFFFF80219B65444@9749511 FFFFF80219B65444@9749521 FFFFF80219B65444@9749531 FFFFF80219B65444@9749541 FFFFF80219B65444@9749551 FFFFF80219B65444@9749561 FFFFF80219B65444@9749571 FFFFF80219B65444@9749581 FFFFF80219B65444@9749591 FFFFF80219B65444@9749601 FFFFF80219B65444@9749611 FFFFF80219B65444@9749621 FFFFF80219B65444@9749631 FFFFF80219B65444@9749641 FFFFF80219B65444@9749651 FFFFF80219B65444@9749661 FFFFF80219B65444@9749671 FFFFF80219B65444@9749681 FFFFF80219B65444@9749691 FFFFF80219B65444@9749701 FFFFF80219B65444@9749711 FFFFF80219B65444@9749721 FFFFF80219B65444@9749731 FFFFF80219B65444@9749741 FFFFF80219B65444@9749751 FFFFF80219B65444@9749761 FFFFF80219B65444@9749771 FFFFF80219B65444@9749781 FFFFF80219B65444@9749791 FFFFF80219B65444@9749801 FFFFF80219B65444@9749811 FFFFF80219B65444@9749821 FFFFF80219B65444@9749831 FFFFF80219B65444@9749841 FFFFF80219B65444@9749851 FFFFF80219B65444@9749861 FFFFF80219B65444@9749871 FFFFF80219B65444@9749881 FFFFF80219B65444@9749891 FFFFF80219B65444@9749901 FFFFF80219B65444@9749911 FFFFF80219B65444@9749921 FFFFF80219B65444@9749931 FFFFF80219B65444@9749941 FFFFF80219B65444@9749951 FFFFF80219B65444@9749961 FFFFF80219B65444@9749971 FFFFF80219B65444@9749981 FFFFF80219B65444@9749991
[heartbeat: exitCount=9755000 elapsedSec=222.6 lastPort=0xB008 write=0 val=0xC]
[heartbeat: exitCount=9760000 elapsedSec=222.7 lastPort=0xB008 write=0 val=0xC]
[heartbeat: exitCount=9765000 elapsedSec=222.7 lastPort=0xB008 write=0 val=0xC]
[heartbeat: exitCount=9770000 elapsedSec=222.8 lastPort=0xB008 write=0 val=0xC]
[heartbeat: exitCount=9775000 elapsedSec=222.9 lastPort=0xB008 write=0 val=0xC]
[heartbeat: exitCount=9780000 elapsedSec=222.9 lastPort=0xB008 write=0 val=0xC]
[heartbeat: exitCount=9785000 elapsedSec=223.0 lastPort=0xB008 write=0 val=0xC]
[heartbeat: exitCount=9790000 elapsedSec=223.1 lastPort=0xB008 write=0 val=0xC]
[heartbeat: exitCount=9795000 elapsedSec=223.1 lastPort=0xB008 write=0 val=0xC]
[heartbeat: exitCount=9800000 elapsedSec=223.2 lastPort=0xB008 write=0 val=0xC]
[heartbeat: exitCount=9805000 elapsedSec=223.2 lastPort=0xB008 write=0 val=0xC]
[heartbeat: exitCount=9810000 elapsedSec=223.3 lastPort=0xB008 write=0 val=0xC]
[heartbeat: exitCount=9815000 elapsedSec=223.4 lastPort=0xB008 write=0 val=0xC]
[heartbeat: exitCount=9820000 elapsedSec=223.4 lastPort=0xB008 write=0 val=0xC]
[heartbeat: exitCount=9825000 elapsedSec=223.5 lastPort=0xB008 write=0 val=0xC]
[heartbeat: exitCount=9830000 elapsedSec=223.5 lastPort=0xB008 write=0 val=0xC]
[heartbeat: exitCount=9835000 elapsedSec=223.6 lastPort=0xB008 write=0 val=0xC]
[heartbeat: exitCount=9840000 elapsedSec=223.7 lastPort=0xB008 write=0 val=0xC]
[heartbeat: exitCount=9845000 elapsedSec=223.7 lastPort=0xB008 write=0 val=0xC]
[heartbeat: exitCount=9850000 elapsedSec=223.8 lastPort=0xB008 write=0 val=0xC]
[heartbeat: exitCount=9855000 elapsedSec=223.9 lastPort=0xB008 write=0 val=0xC]
[heartbeat: exitCount=9860000 elapsedSec=223.9 lastPort=0xB008 write=0 val=0xC]
[heartbeat: exitCount=9865000 elapsedSec=224.0 lastPort=0xB008 write=0 val=0xC]
[heartbeat: exitCount=9870000 elapsedSec=224.1 lastPort=0xB008 write=0 val=0xC]
[heartbeat: exitCount=9875000 elapsedSec=224.1 lastPort=0xB008 write=0 val=0xC]
[heartbeat: exitCount=9880000 elapsedSec=224.3 lastPort=0xB008 write=0 val=0xC]
[heartbeat: exitCount=9885000 elapsedSec=224.4 lastPort=0xB008 write=0 val=0xC]
[heartbeat: exitCount=9890000 elapsedSec=224.5 lastPort=0xB008 write=0 val=0xC]
[heartbeat: exitCount=9895000 elapsedSec=224.5 lastPort=0xB008 write=0 val=0xC]
[heartbeat: exitCount=9900000 elapsedSec=224.6 lastPort=0xB008 write=0 val=0xC]
[heartbeat: exitCount=9905000 elapsedSec=224.6 lastPort=0xB008 write=0 val=0xC]
[heartbeat: exitCount=9910000 elapsedSec=224.7 lastPort=0xB008 write=0 val=0xC]
[heartbeat: exitCount=9915000 elapsedSec=224.8 lastPort=0xB008 write=0 val=0xC]
[heartbeat: exitCount=9920000 elapsedSec=224.8 lastPort=0xB008 write=0 val=0xC]
[heartbeat: exitCount=9925000 elapsedSec=224.9 lastPort=0xB008 write=0 val=0xC]
[heartbeat: exitCount=9930000 elapsedSec=224.9 lastPort=0xB008 write=0 val=0xC]
[heartbeat: exitCount=9935000 elapsedSec=225.0 lastPort=0xB008 write=0 val=0xC]
[heartbeat: exitCount=9940000 elapsedSec=225.1 lastPort=0xB008 write=0 val=0xC]
[heartbeat: exitCount=9945000 elapsedSec=225.1 lastPort=0xB008 write=0 val=0xC]
[heartbeat: exitCount=9950000 elapsedSec=225.2 lastPort=0xB008 write=0 val=0xC]
[heartbeat: exitCount=9955000 elapsedSec=225.2 lastPort=0xB008 write=0 val=0xC]
[heartbeat: exitCount=9960000 elapsedSec=225.3 lastPort=0xB008 write=0 val=0xC]
[heartbeat: exitCount=9965000 elapsedSec=225.4 lastPort=0xB008 write=0 val=0xC]
[heartbeat: exitCount=9970000 elapsedSec=225.4 lastPort=0xB008 write=0 val=0xC]
[heartbeat: exitCount=9975000 elapsedSec=225.5 lastPort=0xB008 write=0 val=0xC]
[heartbeat: exitCount=9980000 elapsedSec=225.7 lastPort=0xB008 write=0 val=0xC]
[heartbeat: exitCount=9985000 elapsedSec=225.7 lastPort=0xB008 write=0 val=0xC]
[heartbeat: exitCount=9990000 elapsedSec=225.8 lastPort=0xB008 write=0 val=0xC]
[heartbeat: exitCount=9995000 elapsedSec=225.9 lastPort=0xB008 write=0 val=0xC]
[heartbeat: exitCount=10000000 elapsedSec=225.9 lastPort=0xB008 write=0 val=0xC]
[u40] === RIP histogram pass 2 (periodic): 916600 samples, base=0xFFFFF80219800000 ===
[u40]   101030  page 0xBEA03000
[u40]    79484  page 0xFFFFF8015DD65000
[u40]    77976  page 0xFFFFF8073F965000
[u40]    71990  page 0xFFFFF8027C965000
[u40]    71139  page 0xFFFFF80209965000
[u40]    70297  page 0xFFFFF80203765000
[u40]    68412  page 0xFFFFF80137965000
[u40]    68394  page 0xFFFFF80155B65000
[u40]    67676  page 0xFFFFF80236B65000
[u40]    66656  page 0xFFFFF8030D165000
[u40]    59413  page 0xFFFFF8033DB65000
[u40]    32759  page 0xFFFFF80219B65000  = base+0x365000
[u40]    18139  page 0x1DD9000
[u40]    12533  page 0xBF14E000
[u40]     6504  page 0xBFC50000
[u40]     4342  page 0xBFD68000
[u40]     3347  page 0xBE41C000
[u40]     2260  page 0xBE422000
[u40]   most recent 256 samples (newest last):
[u40]     FFFFF80219B65444@9997441 FFFFF80219B65444@9997451 FFFFF80219B65444@9997461 FFFFF80219B65444@9997471 FFFFF80219B65444@9997481 FFFFF80219B65444@9997491 FFFFF80219B65444@9997501 FFFFF80219B65444@9997511 FFFFF80219B65444@9997521 FFFFF80219B65444@9997531 FFFFF80219B65444@9997541 FFFFF80219B65444@9997551 FFFFF80219B65444@9997561 FFFFF80219B65444@9997571 FFFFF80219B65444@9997581 FFFFF80219B65444@9997591 FFFFF80219B65444@9997601 FFFFF80219B65444@9997611 FFFFF80219B65444@9997621 FFFFF80219B65444@9997631 FFFFF80219B65444@9997641 FFFFF80219B65444@9997651 FFFFF80219B65444@9997661 FFFFF80219B65444@9997671 FFFFF80219B65444@9997681 FFFFF80219B65444@9997691 FFFFF80219B65444@9997701 FFFFF80219B65444@9997711 FFFFF80219B65444@9997721 FFFFF80219B65444@9997731 FFFFF80219B65444@9997741 FFFFF80219B65444@9997751 FFFFF80219B65444@9997761 FFFFF80219B65444@9997771 FFFFF80219B65444@9997781 FFFFF80219B65444@9997791 FFFFF80219B65444@9997801 FFFFF80219B65444@9997811 FFFFF80219B65444@9997821 FFFFF80219B65444@9997831 FFFFF80219B65444@9997841 FFFFF80219B65444@9997851 FFFFF80219B65444@9997861 FFFFF80219B65444@9997871 FFFFF80219B65444@9997881 FFFFF80219B65444@9997891 FFFFF80219B65444@9997901 FFFFF80219B65444@9997911 FFFFF80219B65444@9997921 FFFFF80219B65444@9997931 FFFFF80219B65444@9997941 FFFFF80219B65444@9997951 FFFFF80219B65444@9997961 FFFFF80219B65444@9997971 FFFFF80219B65444@9997981 FFFFF80219B65444@9997991 FFFFF80219B65444@9998001 FFFFF80219B65444@9998011 FFFFF80219B65444@9998021 FFFFF80219B65444@9998031 FFFFF80219B65444@9998041 FFFFF80219B65444@9998051 FFFFF80219B65444@9998061 FFFFF80219B65444@9998071 FFFFF80219B65444@9998081 FFFFF80219B65444@9998091 FFFFF80219B65444@9998101 FFFFF80219B65444@9998111 FFFFF80219B65444@9998121 FFFFF80219B65444@9998131 FFFFF80219B65444@9998141 FFFFF80219B65444@9998151 FFFFF80219B65444@9998161 FFFFF80219B65444@9998171 FFFFF80219B65444@9998181 FFFFF80219B65444@9998191 FFFFF80219B65444@9998201 FFFFF80219B65444@9998211 FFFFF80219B65444@9998221 FFFFF80219B65444@9998231 FFFFF80219B65444@9998241 FFFFF80219B65444@9998251 FFFFF80219B65444@9998261 FFFFF80219B65444@9998271 FFFFF80219B65444@9998281 FFFFF80219B65444@9998291 FFFFF80219B65444@9998301 FFFFF80219B65444@9998311 FFFFF80219B65444@9998321 FFFFF80219B65444@9998331 FFFFF80219B65444@9998341 FFFFF80219B65444@9998351 FFFFF80219B65444@9998361 FFFFF80219B65444@9998371 FFFFF80219B65444@9998381 FFFFF80219B65444@9998391 FFFFF80219B65444@9998401 FFFFF80219B65444@9998411 FFFFF80219B65444@9998421 FFFFF80219B65444@9998431 FFFFF80219B65444@9998441 FFFFF80219B65444@9998451 FFFFF80219B65444@9998461 FFFFF80219B65444@9998471 FFFFF80219B65444@9998481 FFFFF80219B65444@9998491 FFFFF80219B65444@9998501 FFFFF80219B65444@9998511 FFFFF80219B65444@9998521 FFFFF80219B65444@9998531 FFFFF80219B65444@9998541 FFFFF80219B65444@9998551 FFFFF80219B65444@9998561 FFFFF80219B65444@9998571 FFFFF80219B65444@9998581 FFFFF80219B65444@9998591 FFFFF80219B65444@9998601 FFFFF80219B65444@9998611 FFFFF80219B65444@9998621 FFFFF80219B65444@9998631 FFFFF80219B65444@9998641 FFFFF80219B65444@9998651 FFFFF80219B65444@9998661 FFFFF80219B65444@9998671 FFFFF80219B65444@9998681 FFFFF80219B65444@9998691 FFFFF80219B65444@9998701 FFFFF80219B65444@9998711 FFFFF80219B65444@9998721 FFFFF80219B65444@9998731 FFFFF80219B65444@9998741 FFFFF80219B65444@9998751 FFFFF80219B65444@9998761 FFFFF80219B65444@9998771 FFFFF80219B65444@9998781 FFFFF80219B65444@9998791 FFFFF80219B65444@9998801 FFFFF80219B65444@9998811 FFFFF80219B65444@9998821 FFFFF80219B65444@9998831 FFFFF80219B65444@9998841 FFFFF80219B65444@9998851 FFFFF80219B65444@9998861 FFFFF80219B65444@9998871 FFFFF80219B65444@9998881 FFFFF80219B65444@9998891 FFFFF80219B65444@9998901 FFFFF80219B65444@9998911 FFFFF80219B65444@9998921 FFFFF80219B65444@9998931 FFFFF80219B65444@9998941 FFFFF80219B65444@9998951 FFFFF80219B65444@9998961 FFFFF80219B65444@9998971 FFFFF80219B65444@9998981 FFFFF80219B65444@9998991 FFFFF80219B65444@9999001 FFFFF80219B65444@9999011 FFFFF80219B65444@9999021 FFFFF80219B65444@9999031 FFFFF80219B65444@9999041 FFFFF80219B65444@9999051 FFFFF80219B65444@9999061 FFFFF80219B65444@9999071 FFFFF80219B65444@9999081 FFFFF80219B65444@9999091 FFFFF80219B65444@9999101 FFFFF80219B65444@9999111 FFFFF80219B65444@9999121 FFFFF80219B65444@9999131 FFFFF80219B65444@9999141 FFFFF80219B65444@9999151 FFFFF80219B65444@9999161 FFFFF80219B65444@9999171 FFFFF80219B65444@9999181 FFFFF80219B65444@9999191 FFFFF80219B65444@9999201 FFFFF80219B65444@9999211 FFFFF80219B65444@9999221 FFFFF80219B65444@9999231 FFFFF80219B65444@9999241 FFFFF80219B65444@9999251 FFFFF80219B65444@9999261 FFFFF80219B65444@9999271 FFFFF80219B65444@9999281 FFFFF80219B65444@9999291 FFFFF80219B65444@9999301 FFFFF80219B65444@9999311 FFFFF80219B65444@9999321 FFFFF80219B65444@9999331 FFFFF80219B65444@9999341 FFFFF80219B65444@9999351 FFFFF80219B65444@9999361 FFFFF80219B65444@9999371 FFFFF80219B65444@9999381 FFFFF80219B65444@9999391 FFFFF80219B65444@9999401 FFFFF80219B65444@9999411 FFFFF80219B65444@9999421 FFFFF80219B65444@9999431 FFFFF80219B65444@9999441 FFFFF80219B65444@9999451 FFFFF80219B65444@9999461 FFFFF80219B65444@9999471 FFFFF80219B65444@9999481 FFFFF80219B65444@9999491 FFFFF80219B65444@9999501 FFFFF80219B65444@9999511 FFFFF80219B65444@9999521 FFFFF80219B65444@9999531 FFFFF80219B65444@9999541 FFFFF80219B65444@9999551 FFFFF80219B65444@9999561 FFFFF80219B65444@9999571 FFFFF80219B65444@9999581 FFFFF80219B65444@9999591 FFFFF80219B65444@9999601 FFFFF80219B65444@9999611 FFFFF80219B65444@9999621 FFFFF80219B65444@9999631 FFFFF80219B65444@9999641 FFFFF80219B65444@9999651 FFFFF80219B65444@9999661 FFFFF80219B65444@9999671 FFFFF80219B65444@9999681 FFFFF80219B65444@9999691 FFFFF80219B65444@9999701 FFFFF80219B65444@9999711 FFFFF80219B65444@9999721 FFFFF80219B65444@9999731 FFFFF80219B65444@9999741 FFFFF80219B65444@9999751 FFFFF80219B65444@9999761 FFFFF80219B65444@9999771 FFFFF80219B65444@9999781 FFFFF80219B65444@9999791 FFFFF80219B65444@9999801 FFFFF80219B65444@9999811 FFFFF80219B65444@9999821 FFFFF80219B65444@9999831 FFFFF80219B65444@9999841 FFFFF80219B65444@9999851 FFFFF80219B65444@9999861 FFFFF80219B65444@9999871 FFFFF80219B65444@9999881 FFFFF80219B65444@9999891 FFFFF80219B65444@9999901 FFFFF80219B65444@9999911 FFFFF80219B65444@9999921 FFFFF80219B65444@9999931 FFFFF80219B65444@9999941 FFFFF80219B65444@9999951 FFFFF80219B65444@9999961 FFFFF80219B65444@9999971 FFFFF80219B65444@9999981 FFFFF80219B65444@9999991
[heartbeat: exitCount=10005000 elapsedSec=226.0 lastPort=0xB008 write=0 val=0xC]
[heartbeat: exitCount=10010000 elapsedSec=226.0 lastPort=0xB008 write=0 val=0xC]
[heartbeat: exitCount=10015000 elapsedSec=226.1 lastPort=0xB008 write=0 val=0xC]
[heartbeat: exitCount=10020000 elapsedSec=226.2 lastPort=0xB008 write=0 val=0xC]
[heartbeat: exitCount=10025000 elapsedSec=226.2 lastPort=0xB008 write=0 val=0xC]
[heartbeat: exitCount=10030000 elapsedSec=226.3 lastPort=0xB008 write=0 val=0xC]
[heartbeat: exitCount=10035000 elapsedSec=226.4 lastPort=0xB008 write=0 val=0xC]
[heartbeat: exitCount=10040000 elapsedSec=226.4 lastPort=0xB008 write=0 val=0xC]
[heartbeat: exitCount=10045000 elapsedSec=226.5 lastPort=0xB008 write=0 val=0xC]
[heartbeat: exitCount=10050000 elapsedSec=226.5 lastPort=0xB008 write=0 val=0xC]
[heartbeat: exitCount=10055000 elapsedSec=226.6 lastPort=0xB008 write=0 val=0xC]
[heartbeat: exitCount=10060000 elapsedSec=226.7 lastPort=0xB008 write=0 val=0xC]
[heartbeat: exitCount=10065000 elapsedSec=226.7 lastPort=0xB008 write=0 val=0xC]
[heartbeat: exitCount=10070000 elapsedSec=226.8 lastPort=0xB008 write=0 val=0xC]
[heartbeat: exitCount=10075000 elapsedSec=226.9 lastPort=0xB008 write=0 val=0xC]
[heartbeat: exitCount=10080000 elapsedSec=227.0 lastPort=0xB008 write=0 val=0xC]
[heartbeat: exitCount=10085000 elapsedSec=227.1 lastPort=0xB008 write=0 val=0xC]
[heartbeat: exitCount=10090000 elapsedSec=227.2 lastPort=0xB008 write=0 val=0xC]
[heartbeat: exitCount=10095000 elapsedSec=227.3 lastPort=0xB008 write=0 val=0xC]
[heartbeat: exitCount=10100000 elapsedSec=227.3 lastPort=0xB008 write=0 val=0xC]
[heartbeat: exitCount=10105000 elapsedSec=227.4 lastPort=0xB008 write=0 val=0xC]
[heartbeat: exitCount=10110000 elapsedSec=227.4 lastPort=0xB008 write=0 val=0xC]
[heartbeat: exitCount=10115000 elapsedSec=227.5 lastPort=0xB008 write=0 val=0xC]
[heartbeat: exitCount=10120000 elapsedSec=227.5 lastPort=0xB008 write=0 val=0xC]
[heartbeat: exitCount=10125000 elapsedSec=227.6 lastPort=0xB008 write=0 val=0xC]
[heartbeat: exitCount=10130000 elapsedSec=227.7 lastPort=0xB008 write=0 val=0xC]
[heartbeat: exitCount=10135000 elapsedSec=227.7 lastPort=0xB008 write=0 val=0xC]
[heartbeat: exitCount=10140000 elapsedSec=227.8 lastPort=0xB008 write=0 val=0xC]
[heartbeat: exitCount=10145000 elapsedSec=227.9 lastPort=0xB008 write=0 val=0xC]
[heartbeat: exitCount=10150000 elapsedSec=228.1 lastPort=0xB008 write=0 val=0xC]
[heartbeat: exitCount=10155000 elapsedSec=228.1 lastPort=0xB008 write=0 val=0xC]
[heartbeat: exitCount=10160000 elapsedSec=228.2 lastPort=0xB008 write=0 val=0xC]
[heartbeat: exitCount=10165000 elapsedSec=228.4 lastPort=0xB008 write=0 val=0xC]
[heartbeat: exitCount=10170000 elapsedSec=228.5 lastPort=0xB008 write=0 val=0xC]
[heartbeat: exitCount=10175000 elapsedSec=228.5 lastPort=0xB008 write=0 val=0xC]
[heartbeat: exitCount=10180000 elapsedSec=228.6 lastPort=0xB008 write=0 val=0xC]
[heartbeat: exitCount=10185000 elapsedSec=228.7 lastPort=0xB008 write=0 val=0xC]
[heartbeat: exitCount=10190000 elapsedSec=228.7 lastPort=0xB008 write=0 val=0xC]
[heartbeat: exitCount=10195000 elapsedSec=228.8 lastPort=0xB008 write=0 val=0xC]
[heartbeat: exitCount=10200000 elapsedSec=228.8 lastPort=0xB008 write=0 val=0xC]
[heartbeat: exitCount=10205000 elapsedSec=228.9 lastPort=0xB008 write=0 val=0xC]
[heartbeat: exitCount=10210000 elapsedSec=228.9 lastPort=0xB008 write=0 val=0xC]
[heartbeat: exitCount=10215000 elapsedSec=229.0 lastPort=0xB008 write=0 val=0xC]
[heartbeat: exitCount=10220000 elapsedSec=229.1 lastPort=0xB008 write=0 val=0xC]
[heartbeat: exitCount=10225000 elapsedSec=229.1 lastPort=0xB008 write=0 val=0xC]
[heartbeat: exitCount=10230000 elapsedSec=229.2 lastPort=0xB008 write=0 val=0xC]
[heartbeat: exitCount=10235000 elapsedSec=229.2 lastPort=0xB008 write=0 val=0xC]
[heartbeat: exitCount=10240000 elapsedSec=229.3 lastPort=0xB008 write=0 val=0xC]
[heartbeat: exitCount=10245000 elapsedSec=229.3 lastPort=0xB008 write=0 val=0xC]
[heartbeat: exitCount=10250000 elapsedSec=229.4 lastPort=0xB008 write=0 val=0xC]
[u40] === RIP histogram pass 2 (periodic): 941600 samples, base=0xFFFFF80219800000 ===
[u40]   101030  page 0xBEA03000
[u40]    79484  page 0xFFFFF8015DD65000
[u40]    77976  page 0xFFFFF8073F965000
[u40]    71990  page 0xFFFFF8027C965000
[u40]    71139  page 0xFFFFF80209965000
[u40]    70297  page 0xFFFFF80203765000
[u40]    68412  page 0xFFFFF80137965000
[u40]    68394  page 0xFFFFF80155B65000
[u40]    67676  page 0xFFFFF80236B65000
[u40]    66656  page 0xFFFFF8030D165000
[u40]    59413  page 0xFFFFF8033DB65000
[u40]    57759  page 0xFFFFF80219B65000  = base+0x365000
[u40]    18139  page 0x1DD9000
[u40]    12533  page 0xBF14E000
[u40]     6504  page 0xBFC50000
[u40]     4342  page 0xBFD68000
[u40]     3347  page 0xBE41C000
[u40]     2260  page 0xBE422000
[u40]   most recent 256 samples (newest last):
[u40]     FFFFF80219B65444@10247441 FFFFF80219B65444@10247451 FFFFF80219B65444@10247461 FFFFF80219B65444@10247471 FFFFF80219B65444@10247481 FFFFF80219B65444@10247491 FFFFF80219B65444@10247501 FFFFF80219B65444@10247511 FFFFF80219B65444@10247521 FFFFF80219B65444@10247531 FFFFF80219B65444@10247541 FFFFF80219B65444@10247551 FFFFF80219B65444@10247561 FFFFF80219B65444@10247571 FFFFF80219B65444@10247581 FFFFF80219B65444@10247591 FFFFF80219B65444@10247601 FFFFF80219B65444@10247611 FFFFF80219B65444@10247621 FFFFF80219B65444@10247631 FFFFF80219B65444@10247641 FFFFF80219B65444@10247651 FFFFF80219B65444@10247661 FFFFF80219B65444@10247671 FFFFF80219B65444@10247681 FFFFF80219B65444@10247691 FFFFF80219B65444@10247701 FFFFF80219B65444@10247711 FFFFF80219B65444@10247721 FFFFF80219B65444@10247731 FFFFF80219B65444@10247741 FFFFF80219B65444@10247751 FFFFF80219B65444@10247761 FFFFF80219B65444@10247771 FFFFF80219B65444@10247781 FFFFF80219B65444@10247791 FFFFF80219B65444@10247801 FFFFF80219B65444@10247811 FFFFF80219B65444@10247821 FFFFF80219B65444@10247831 FFFFF80219B65444@10247841 FFFFF80219B65444@10247851 FFFFF80219B65444@10247861 FFFFF80219B65444@10247871 FFFFF80219B65444@10247881 FFFFF80219B65444@10247891 FFFFF80219B65444@10247901 FFFFF80219B65444@10247911 FFFFF80219B65444@10247921 FFFFF80219B65444@10247931 FFFFF80219B65444@10247941 FFFFF80219B65444@10247951 FFFFF80219B65444@10247961 FFFFF80219B65444@10247971 FFFFF80219B65444@10247981 FFFFF80219B65444@10247991 FFFFF80219B65444@10248001 FFFFF80219B65444@10248011 FFFFF80219B65444@10248021 FFFFF80219B65444@10248031 FFFFF80219B65444@10248041 FFFFF80219B65444@10248051 FFFFF80219B65444@10248061 FFFFF80219B65444@10248071 FFFFF80219B65444@10248081 FFFFF80219B65444@10248091 FFFFF80219B65444@10248101 FFFFF80219B65444@10248111 FFFFF80219B65444@10248121 FFFFF80219B65444@10248131 FFFFF80219B65444@10248141 FFFFF80219B65444@10248151 FFFFF80219B65444@10248161 FFFFF80219B65444@10248171 FFFFF80219B65444@10248181 FFFFF80219B65444@10248191 FFFFF80219B65444@10248201 FFFFF80219B65444@10248211 FFFFF80219B65444@10248221 FFFFF80219B65444@10248231 FFFFF80219B65444@10248241 FFFFF80219B65444@10248251 FFFFF80219B65444@10248261 FFFFF80219B65444@10248271 FFFFF80219B65444@10248281 FFFFF80219B65444@10248291 FFFFF80219B65444@10248301 FFFFF80219B65444@10248311 FFFFF80219B65444@10248321 FFFFF80219B65444@10248331 FFFFF80219B65444@10248341 FFFFF80219B65444@10248351 FFFFF80219B65444@10248361 FFFFF80219B65444@10248371 FFFFF80219B65444@10248381 FFFFF80219B65444@10248391 FFFFF80219B65444@10248401 FFFFF80219B65444@10248411 FFFFF80219B65444@10248421 FFFFF80219B65444@10248431 FFFFF80219B65444@10248441 FFFFF80219B65444@10248451 FFFFF80219B65444@10248461 FFFFF80219B65444@10248471 FFFFF80219B65444@10248481 FFFFF80219B65444@10248491 FFFFF80219B65444@10248501 FFFFF80219B65444@10248511 FFFFF80219B65444@10248521 FFFFF80219B65444@10248531 FFFFF80219B65444@10248541 FFFFF80219B65444@10248551 FFFFF80219B65444@10248561 FFFFF80219B65444@10248571 FFFFF80219B65444@10248581 FFFFF80219B65444@10248591 FFFFF80219B65444@10248601 FFFFF80219B65444@10248611 FFFFF80219B65444@10248621 FFFFF80219B65444@10248631 FFFFF80219B65444@10248641 FFFFF80219B65444@10248651 FFFFF80219B65444@10248661 FFFFF80219B65444@10248671 FFFFF80219B65444@10248681 FFFFF80219B65444@10248691 FFFFF80219B65444@10248701 FFFFF80219B65444@10248711 FFFFF80219B65444@10248721 FFFFF80219B65444@10248731 FFFFF80219B65444@10248741 FFFFF80219B65444@10248751 FFFFF80219B65444@10248761 FFFFF80219B65444@10248771 FFFFF80219B65444@10248781 FFFFF80219B65444@10248791 FFFFF80219B65444@10248801 FFFFF80219B65444@10248811 FFFFF80219B65444@10248821 FFFFF80219B65444@10248831 FFFFF80219B65444@10248841 FFFFF80219B65444@10248851 FFFFF80219B65444@10248861 FFFFF80219B65444@10248871 FFFFF80219B65444@10248881 FFFFF80219B65444@10248891 FFFFF80219B65444@10248901 FFFFF80219B65444@10248911 FFFFF80219B65444@10248921 FFFFF80219B65444@10248931 FFFFF80219B65444@10248941 FFFFF80219B65444@10248951 FFFFF80219B65444@10248961 FFFFF80219B65444@10248971 FFFFF80219B65444@10248981 FFFFF80219B65444@10248991 FFFFF80219B65444@10249001 FFFFF80219B65444@10249011 FFFFF80219B65444@10249021 FFFFF80219B65444@10249031 FFFFF80219B65444@10249041 FFFFF80219B65444@10249051 FFFFF80219B65444@10249061 FFFFF80219B65444@10249071 FFFFF80219B65444@10249081 FFFFF80219B65444@10249091 FFFFF80219B65444@10249101 FFFFF80219B65444@10249111 FFFFF80219B65444@10249121 FFFFF80219B65444@10249131 FFFFF80219B65444@10249141 FFFFF80219B65444@10249151 FFFFF80219B65444@10249161 FFFFF80219B65444@10249171 FFFFF80219B65444@10249181 FFFFF80219B65444@10249191 FFFFF80219B65444@10249201 FFFFF80219B65444@10249211 FFFFF80219B65444@10249221 FFFFF80219B65444@10249231 FFFFF80219B65444@10249241 FFFFF80219B65444@10249251 FFFFF80219B65444@10249261 FFFFF80219B65444@10249271 FFFFF80219B65444@10249281 FFFFF80219B65444@10249291 FFFFF80219B65444@10249301 FFFFF80219B65444@10249311 FFFFF80219B65444@10249321 FFFFF80219B65444@10249331 FFFFF80219B65444@10249341 FFFFF80219B65444@10249351 FFFFF80219B65444@10249361 FFFFF80219B65444@10249371 FFFFF80219B65444@10249381 FFFFF80219B65444@10249391 FFFFF80219B65444@10249401 FFFFF80219B65444@10249411 FFFFF80219B65444@10249421 FFFFF80219B65444@10249431 FFFFF80219B65444@10249441 FFFFF80219B65444@10249451 FFFFF80219B65444@10249461 FFFFF80219B65444@10249471 FFFFF80219B65444@10249481 FFFFF80219B65444@10249491 FFFFF80219B65444@10249501 FFFFF80219B65444@10249511 FFFFF80219B65444@10249521 FFFFF80219B65444@10249531 FFFFF80219B65444@10249541 FFFFF80219B65444@10249551 FFFFF80219B65444@10249561 FFFFF80219B65444@10249571 FFFFF80219B65444@10249581 FFFFF80219B65444@10249591 FFFFF80219B65444@10249601 FFFFF80219B65444@10249611 FFFFF80219B65444@10249621 FFFFF80219B65444@10249631 FFFFF80219B65444@10249641 FFFFF80219B65444@10249651 FFFFF80219B65444@10249661 FFFFF80219B65444@10249671 FFFFF80219B65444@10249681 FFFFF80219B65444@10249691 FFFFF80219B65444@10249701 FFFFF80219B65444@10249711 FFFFF80219B65444@10249721 FFFFF80219B65444@10249731 FFFFF80219B65444@10249741 FFFFF80219B65444@10249751 FFFFF80219B65444@10249761 FFFFF80219B65444@10249771 FFFFF80219B65444@10249781 FFFFF80219B65444@10249791 FFFFF80219B65444@10249801 FFFFF80219B65444@10249811 FFFFF80219B65444@10249821 FFFFF80219B65444@10249831 FFFFF80219B65444@10249841 FFFFF80219B65444@10249851 FFFFF80219B65444@10249861 FFFFF80219B65444@10249871 FFFFF80219B65444@10249881 FFFFF80219B65444@10249891 FFFFF80219B65444@10249901 FFFFF80219B65444@10249911 FFFFF80219B65444@10249921 FFFFF80219B65444@10249931 FFFFF80219B65444@10249941 FFFFF80219B65444@10249951 FFFFF80219B65444@10249961 FFFFF80219B65444@10249971 FFFFF80219B65444@10249981 FFFFF80219B65444@10249991
[heartbeat: exitCount=10255000 elapsedSec=229.5 lastPort=0xB008 write=0 val=0xC]
[heartbeat: exitCount=10260000 elapsedSec=229.5 lastPort=0xB008 write=0 val=0xC]
[heartbeat: exitCount=10265000 elapsedSec=229.6 lastPort=0xB008 write=0 val=0xC]
[heartbeat: exitCount=10270000 elapsedSec=229.7 lastPort=0xB008 write=0 val=0xC]
[rtc-diag] tick #8000 SKIPPED (interrupts disabled), skippedTotal=7320 firedTotal=680
[heartbeat: exitCount=10275000 elapsedSec=229.8 lastPort=0xB008 write=0 val=0xC]
[heartbeat: exitCount=10280000 elapsedSec=229.9 lastPort=0xB008 write=0 val=0xC]
[heartbeat: exitCount=10285000 elapsedSec=229.9 lastPort=0xB008 write=0 val=0xC]
[heartbeat: exitCount=10290000 elapsedSec=230.0 lastPort=0xB008 write=0 val=0xC]
[heartbeat: exitCount=10295000 elapsedSec=230.1 lastPort=0xB008 write=0 val=0xC]
[heartbeat: exitCount=10300000 elapsedSec=230.1 lastPort=0xB008 write=0 val=0xC]
[heartbeat: exitCount=10305000 elapsedSec=230.3 lastPort=0xB008 write=0 val=0xC]
[heartbeat: exitCount=10310000 elapsedSec=230.4 lastPort=0xB008 write=0 val=0xC]
[heartbeat: exitCount=10315000 elapsedSec=230.4 lastPort=0xB008 write=0 val=0xC]
[heartbeat: exitCount=10320000 elapsedSec=230.5 lastPort=0xB008 write=0 val=0xC]
[heartbeat: exitCount=10325000 elapsedSec=230.5 lastPort=0xB008 write=0 val=0xC]
[heartbeat: exitCount=10330000 elapsedSec=230.6 lastPort=0xB008 write=0 val=0xC]
[heartbeat: exitCount=10335000 elapsedSec=230.7 lastPort=0xB008 write=0 val=0xC]
[heartbeat: exitCount=10340000 elapsedSec=230.7 lastPort=0xB008 write=0 val=0xC]
[heartbeat: exitCount=10345000 elapsedSec=230.8 lastPort=0xB008 write=0 val=0xC]
[heartbeat: exitCount=10350000 elapsedSec=230.9 lastPort=0xB008 write=0 val=0xC]
[heartbeat: exitCount=10355000 elapsedSec=230.9 lastPort=0xB008 write=0 val=0xC]
[heartbeat: exitCount=10360000 elapsedSec=231.0 lastPort=0xB008 write=0 val=0xC]
[heartbeat: exitCount=10365000 elapsedSec=231.0 lastPort=0xB008 write=0 val=0xC]
[heartbeat: exitCount=10370000 elapsedSec=231.1 lastPort=0xB008 write=0 val=0xC]
[heartbeat: exitCount=10375000 elapsedSec=231.2 lastPort=0xB008 write=0 val=0xC]
[heartbeat: exitCount=10380000 elapsedSec=231.2 lastPort=0xB008 write=0 val=0xC]
[heartbeat: exitCount=10385000 elapsedSec=231.3 lastPort=0xB008 write=0 val=0xC]
[heartbeat: exitCount=10390000 elapsedSec=231.4 lastPort=0xB008 write=0 val=0xC]
[heartbeat: exitCount=10395000 elapsedSec=231.4 lastPort=0xB008 write=0 val=0xC]
[heartbeat: exitCount=10400000 elapsedSec=231.5 lastPort=0xB008 write=0 val=0xC]
[heartbeat: exitCount=10405000 elapsedSec=231.7 lastPort=0xB008 write=0 val=0xC]
[heartbeat: exitCount=10410000 elapsedSec=231.7 lastPort=0xB008 write=0 val=0xC]
[reset] port 0x64/0xFE keyboard-controller reset pulse honored -- vCPU restarted at reset vector (exitCount=10413258)
[u40] === RIP histogram pass 1 (end of pass 1, at reset): 8340 samples, base=0xFFFFF8003CA00000 ===
[u40]     6865  page 0xFFFFF8003CD65000  = base+0x365000
[u40]      693  page 0xBEA03000
[u40]      165  page 0x1DD9000
[u40]      164  page 0xFFFFF8003CDBD000  = base+0x3BD000
[u40]      106  page 0xBF14E000
[u40]       96  page 0xBE41C000
[u40]       81  page 0xFFFFF8003CDBC000  = base+0x3BC000
[u40]       44  page 0xBFC50000
[u40]       41  page 0xBFD68000
[u40]       20  page 0xBE422000
[u40]       18  page 0xBF14F000
[u40]       16  page 0xFFFFF8003CECC000  = base+0x4CC000
[u40]       12  page 0xBF16B000
[u40]       11  page 0xBF174000
[u40]        2  page 0xFFFFF8003CDA5000  = base+0x3A5000
[u40]        2  page 0x848000
[u40]        1  page 0xFFFFF8003CE02000  = base+0x402000
[u40]        1  page 0xBF1CC000
[u40]   most recent 256 samples (newest last):
[u40]     FFFFF8003CD65444@808401 FFFFF8003CD65444@808501 FFFFF8003CD65444@808601 FFFFF8003CD65444@808701 FFFFF8003CD65444@808801 FFFFF8003CD65444@808901 FFFFF8003CD65444@809001 FFFFF8003CD65444@809101 FFFFF8003CD65444@809201 FFFFF8003CD65444@809301 FFFFF8003CD65444@809401 FFFFF8003CD65444@809501 FFFFF8003CD65444@809601 FFFFF8003CD65444@809701 FFFFF8003CD65444@809801 FFFFF8003CD65444@809901 FFFFF8003CD65444@810001 FFFFF8003CD65444@810101 FFFFF8003CD65444@810201 FFFFF8003CD65444@810301 FFFFF8003CD65444@810401 FFFFF8003CD65444@810501 FFFFF8003CD65444@810601 FFFFF8003CD65444@810701 FFFFF8003CD65444@810801 FFFFF8003CD65444@810901 FFFFF8003CD65444@811001 FFFFF8003CD65444@811101 FFFFF8003CD65444@811201 FFFFF8003CD65444@811301 FFFFF8003CD65444@811401 FFFFF8003CD65444@811501 FFFFF8003CD65444@811601 FFFFF8003CD65444@811701 FFFFF8003CD65444@811801 FFFFF8003CD65444@811901 FFFFF8003CD65444@812001 FFFFF8003CD65444@812101 FFFFF8003CD65444@812201 FFFFF8003CD65444@812301 FFFFF8003CD65444@812401 FFFFF8003CD65444@812501 FFFFF8003CD65444@812601 FFFFF8003CD65444@812701 FFFFF8003CD65444@812801 FFFFF8003CD65444@812901 FFFFF8003CD65444@813001 FFFFF8003CD65444@813101 FFFFF8003CD65444@813201 FFFFF8003CD65444@813301 FFFFF8003CD65444@813401 FFFFF8003CD65444@813501 FFFFF8003CD65444@813601 FFFFF8003CD65444@813701 FFFFF8003CD65444@813801 FFFFF8003CD65444@813901 FFFFF8003CD65444@814001 FFFFF8003CD65444@814101 FFFFF8003CD65444@814201 FFFFF8003CD65444@814301 FFFFF8003CD65444@814401 FFFFF8003CD65444@814501 FFFFF8003CD65444@814601 FFFFF8003CD65444@814701 FFFFF8003CD65444@814801 FFFFF8003CD65444@814901 FFFFF8003CD65444@815001 FFFFF8003CD65444@815101 FFFFF8003CD65444@815201 FFFFF8003CD65444@815301 FFFFF8003CD65444@815401 FFFFF8003CD65444@815501 FFFFF8003CD65444@815601 FFFFF8003CD65444@815701 FFFFF8003CD65444@815801 FFFFF8003CD65444@815901 FFFFF8003CD65444@816001 FFFFF8003CD65444@816101 FFFFF8003CD65444@816201 FFFFF8003CD65444@816301 FFFFF8003CD65444@816401 FFFFF8003CD65444@816501 FFFFF8003CD65444@816601 FFFFF8003CD65444@816701 FFFFF8003CD65444@816801 FFFFF8003CD65444@816901 FFFFF8003CD65444@817001 FFFFF8003CD65444@817101 FFFFF8003CD65444@817201 FFFFF8003CD65444@817301 FFFFF8003CD65444@817401 FFFFF8003CD65444@817501 FFFFF8003CD65444@817601 FFFFF8003CD65444@817701 FFFFF8003CD65444@817801 FFFFF8003CD65444@817901 FFFFF8003CD65444@818001 FFFFF8003CD65444@818101 FFFFF8003CD65444@818201 FFFFF8003CD65444@818301 FFFFF8003CD65444@818401 FFFFF8003CD65444@818501 FFFFF8003CD65444@818601 FFFFF8003CD65444@818701 FFFFF8003CD65444@818801 FFFFF8003CD65444@818901 FFFFF8003CD65444@819001 FFFFF8003CD65444@819101 FFFFF8003CD65444@819201 FFFFF8003CD65444@819301 FFFFF8003CD65444@819401 FFFFF8003CD65444@819501 FFFFF8003CD65444@819601 FFFFF8003CD65444@819701 FFFFF8003CD65444@819801 FFFFF8003CD65444@819901 FFFFF8003CD65444@820001 FFFFF8003CD65444@820101 FFFFF8003CD65444@820201 FFFFF8003CD65444@820301 FFFFF8003CD65444@820401 FFFFF8003CD65444@820501 FFFFF8003CD65444@820601 FFFFF8003CD65444@820701 FFFFF8003CD65444@820801 FFFFF8003CD65444@820901 FFFFF8003CD65444@821001 FFFFF8003CD65444@821101 FFFFF8003CD65444@821201 FFFFF8003CD65444@821301 FFFFF8003CD65444@821401 FFFFF8003CD65444@821501 FFFFF8003CD65444@821601 FFFFF8003CD65444@821701 FFFFF8003CD65444@821801 FFFFF8003CD65444@821901 FFFFF8003CD65444@822001 FFFFF8003CD65444@822101 FFFFF8003CD65444@822201 FFFFF8003CD65444@822301 FFFFF8003CD65444@822401 FFFFF8003CD65444@822501 FFFFF8003CD65444@822601 FFFFF8003CD65444@822701 FFFFF8003CD65444@822801 FFFFF8003CD65444@822901 FFFFF8003CD65444@823001 FFFFF8003CD65444@823101 FFFFF8003CD65444@823201 FFFFF8003CD65444@823301 FFFFF8003CD65444@823401 FFFFF8003CD65444@823501 FFFFF8003CD65444@823601 FFFFF8003CD65444@823701 FFFFF8003CD65444@823801 FFFFF8003CD65444@823901 FFFFF8003CD65444@824001 FFFFF8003CD65444@824101 FFFFF8003CD65444@824201 FFFFF8003CD65444@824301 FFFFF8003CD65444@824401 FFFFF8003CD65444@824501 FFFFF8003CD65444@824601 FFFFF8003CD65444@824701 FFFFF8003CD65444@824801 FFFFF8003CD65444@824901 FFFFF8003CD65444@825001 FFFFF8003CD65444@825101 FFFFF8003CD65444@825201 FFFFF8003CD65444@825301 FFFFF8003CD65444@825401 FFFFF8003CD65444@825501 FFFFF8003CD65444@825601 FFFFF8003CD65444@825701 FFFFF8003CD65444@825801 FFFFF8003CD65444@825901 FFFFF8003CD65444@826001 FFFFF8003CD65444@826101 FFFFF8003CD65444@826201 FFFFF8003CD65444@826301 FFFFF8003CD65444@826401 FFFFF8003CD65444@826501 FFFFF8003CD65444@826601 FFFFF8003CD65444@826701 FFFFF8003CD65444@826801 FFFFF8003CD65444@826901 FFFFF8003CD65444@827001 FFFFF8003CD65444@827101 FFFFF8003CD65444@827201 FFFFF8003CD65444@827301 FFFFF8003CD65444@827401 FFFFF8003CD65444@827501 FFFFF8003CD65444@827601 FFFFF8003CD65444@827701 FFFFF8003CD65444@827801 FFFFF8003CD65444@827901 FFFFF8003CD65444@828001 FFFFF8003CD65444@828101 FFFFF8003CD65444@828201 FFFFF8003CD65444@828301 FFFFF8003CD65444@828401 FFFFF8003CD65444@828501 FFFFF8003CD65444@828601 FFFFF8003CD65444@828701 FFFFF8003CD65444@828801 FFFFF8003CD65444@828901 FFFFF8003CD65444@829001 FFFFF8003CD65444@829101 FFFFF8003CD65444@829201 FFFFF8003CD65444@829301 FFFFF8003CD65444@829401 FFFFF8003CD65444@829501 FFFFF8003CD65444@829601 FFFFF8003CD65444@829701 FFFFF8003CD65444@829801 FFFFF8003CD65444@829901 FFFFF8003CD65444@830001 FFFFF8003CD65444@830101 FFFFF8003CD65444@830201 FFFFF8003CD65444@830301 FFFFF8003CD65444@830401 FFFFF8003CD65444@830501 FFFFF8003CD65444@830601 FFFFF8003CD65444@830701 FFFFF8003CD65444@830801 FFFFF8003CD65444@830901 FFFFF8003CD65444@831001 FFFFF8003CD65444@831101 FFFFF8003CD65444@831201 FFFFF8003CD65444@831301 FFFFF8003CD65444@831401 FFFFF8003CD65444@831501 FFFFF8003CD65444@831601 FFFFF8003CD65444@831701 FFFFF8003CD65444@831801 FFFFF8003CD65444@831901 FFFFF8003CD65444@832001 FFFFF8003CD65444@832101 FFFFF8003CD65444@832201 FFFFF8003CD65444@832301 FFFFF8003CD65444@832401 FFFFF8003CD65444@832501 FFFFF8003CD65444@832601 FFFFF8003CD65444@832701 FFFFF8003CD65444@832801 FFFFF8003CD65444@832901 FFFFF8003CD65444@833001 FFFFF8003CD65444@833101 FFFFF8003CD65444@833201 FFFFF8003CD65444@833301 FFFFF8003CD65444@833401 FFFFF8003CD65444@833501 FFFFF8003CD65444@833601 FFFFF8003CD65444@833701 FFFFF8003CD65444@833801 FFFFF8003CD65444@833901
[u46] LAPIC state (at reset -- state pass 2 will INHERIT, 4096 bytes): TPR=0xF0 PPR=0x0 SVR=0x1DF
[u46]   LVT Timer=0x300FD (vector=0xFD PERIODIC masked=1) InitCnt=0x0 CurCnt=0x0 Div=0xB
[u46]   IRR: no pending vectors
[u47] LAPIC quiesced at reset (LVTs masked, timer stopped, pending/ISR/IRR cleared, TPR=0)
[u46] LAPIC state (after U47 quiesce, 4096 bytes): TPR=0x0 PPR=0x0 SVR=0x1DF
[u46]   LVT Timer=0x10000 (vector=0x00 one-shot masked=1) InitCnt=0x0 CurCnt=0x0 Div=0xB
[u46]   IRR: no pending vectors
[u42] pass1 IOAPIC accesses total=274 (logged 260)
[u42] state INHERITED by pass 2: ioapic1.id=1 selectedReg=0x20 | ioapic2.id=2 selectedReg=0x3F
[u42]   ioapic1.redir[0]=0x00000000000100FF (vec=0xFF masked=1) -- NOT at power-on default
[u42]   ioapic1.redir[1]=0x00000000000100FF (vec=0xFF masked=1) -- NOT at power-on default
[u42]   ioapic1.redir[2]=0x00000000000100FF (vec=0xFF masked=1) -- NOT at power-on default
[u42]   ioapic1.redir[3]=0x00000000000100FF (vec=0xFF masked=1) -- NOT at power-on default
[u42]   ioapic1.redir[4]=0x00000000000100FF (vec=0xFF masked=1) -- NOT at power-on default
[u42]   ioapic1.redir[5]=0x00000000000100FF (vec=0xFF masked=1) -- NOT at power-on default
[u42]   ioapic1.redir[6]=0x00000000000100FF (vec=0xFF masked=1) -- NOT at power-on default
[u42]   ioapic1.redir[7]=0x00000000000100FF (vec=0xFF masked=1) -- NOT at power-on default
[u42]   ioapic1.redir[8]=0x01000000000008D1 (vec=0xD1 masked=0) -- NOT at power-on default
[u42]   ioapic1.redir[9]=0x00000000000100FF (vec=0xFF masked=1) -- NOT at power-on default
[u42]   ioapic1.redir[10]=0x00000000000100FF (vec=0xFF masked=1) -- NOT at power-on default
[u42]   ioapic1.redir[11]=0x00000000000100FF (vec=0xFF masked=1) -- NOT at power-on default
[u42]   ioapic1.redir[12]=0x00000000000100FF (vec=0xFF masked=1) -- NOT at power-on default
[u42]   ioapic1.redir[13]=0x00000000000100FF (vec=0xFF masked=1) -- NOT at power-on default
[u42]   ioapic1.redir[14]=0x00000000000100FF (vec=0xFF masked=1) -- NOT at power-on default
[u42]   ioapic1.redir[15]=0x00000000000100FF (vec=0xFF masked=1) -- NOT at power-on default
[u42]   ioapic1.redir[16]=0x00000000000100FF (vec=0xFF masked=1) -- NOT at power-on default
[u42]   ioapic1.redir[17]=0x00000000000100FF (vec=0xFF masked=1) -- NOT at power-on default
[u42]   ioapic1.redir[18]=0x00000000000100FF (vec=0xFF masked=1) -- NOT at power-on default
[u42]   ioapic1.redir[19]=0x00000000000100FF (vec=0xFF masked=1) -- NOT at power-on default
[u42]   ioapic1.redir[20]=0x00000000000100FF (vec=0xFF masked=1) -- NOT at power-on default
[u42]   ioapic1.redir[21]=0x00000000000100FF (vec=0xFF masked=1) -- NOT at power-on default
[u42]   ioapic1.redir[22]=0x00000000000100FF (vec=0xFF masked=1) -- NOT at power-on default
[u42]   ioapic1.redir[23]=0x00000000000100FF (vec=0xFF masked=1) -- NOT at power-on default
[u42]   ioapic2.redir[0]=0x00000000000100FF (vec=0xFF masked=1) -- NOT at power-on default
[u42]   ioapic2.redir[1]=0x00000000000100FF (vec=0xFF masked=1) -- NOT at power-on default
[u42]   ioapic2.redir[2]=0x00000000000100FF (vec=0xFF masked=1) -- NOT at power-on default
[u42]   ioapic2.redir[3]=0x00000000000100FF (vec=0xFF masked=1) -- NOT at power-on default
[u42]   ioapic2.redir[4]=0x00000000000100FF (vec=0xFF masked=1) -- NOT at power-on default
[u42]   ioapic2.redir[5]=0x00000000000100FF (vec=0xFF masked=1) -- NOT at power-on default
[u42]   ioapic2.redir[6]=0x00000000000100FF (vec=0xFF masked=1) -- NOT at power-on default
[u42]   ioapic2.redir[7]=0x00000000000100FF (vec=0xFF masked=1) -- NOT at power-on default
[u42]   ioapic2.redir[8]=0x00000000000100FF (vec=0xFF masked=1) -- NOT at power-on default
[u42]   ioapic2.redir[9]=0x00000000000100FF (vec=0xFF masked=1) -- NOT at power-on default
[u42]   ioapic2.redir[10]=0x00000000000100FF (vec=0xFF masked=1) -- NOT at power-on default
[u42]   ioapic2.redir[11]=0x00000000000100FF (vec=0xFF masked=1) -- NOT at power-on default
[u42]   ioapic2.redir[12]=0x00000000000100FF (vec=0xFF masked=1) -- NOT at power-on default
[u42]   ioapic2.redir[13]=0x00000000000100FF (vec=0xFF masked=1) -- NOT at power-on default
[u42]   ioapic2.redir[14]=0x00000000000100FF (vec=0xFF masked=1) -- NOT at power-on default
[u42]   ioapic2.redir[15]=0x00000000000100FF (vec=0xFF masked=1) -- NOT at power-on default
[u42]   ioapic2.redir[16]=0x00000000000100FF (vec=0xFF masked=1) -- NOT at power-on default
[u42]   ioapic2.redir[17]=0x00000000000100FF (vec=0xFF masked=1) -- NOT at power-on default
[u42]   ioapic2.redir[18]=0x00000000000100FF (vec=0xFF masked=1) -- NOT at power-on default
[u42]   ioapic2.redir[19]=0x00000000000100FF (vec=0xFF masked=1) -- NOT at power-on default
[u42]   ioapic2.redir[20]=0x00000000000100FF (vec=0xFF masked=1) -- NOT at power-on default
[u42]   ioapic2.redir[21]=0x00000000000100FF (vec=0xFF masked=1) -- NOT at power-on default
[u42]   ioapic2.redir[22]=0x00000000000100FF (vec=0xFF masked=1) -- NOT at power-on default
[u42]   ioapic2.redir[23]=0x00000000000100FF (vec=0xFF masked=1) -- NOT at power-on default
[heartbeat: exitCount=10415000 elapsedSec=232.0 lastPort=0xB008 write=0 val=0x2]
[heartbeat: exitCount=10420000 elapsedSec=232.0 lastPort=0xB008 write=0 val=0x2]
[ramfb] configured: address=0xBE500000 800x600 stride=3200
[heartbeat: exitCount=10425000 elapsedSec=232.1 lastPort=0xCF8 write=0 val=0x89]
[2J[001;001H[=3h[2J[001;001H[2J[001;001H[8;056;240t[2J[001;001H[2J[001;001H[=3h[2J[001;001H[2J[001;001H[8;031;100t[2J[001;001H[aux] controller: disable AUX port
[heartbeat: exitCount=10430000 elapsedSec=232.3 lastPort=0xB008 write=0 val=0x0]
[heartbeat: exitCount=10435000 elapsedSec=232.3 lastPort=0xCF8 write=1 val=0x0]
BdsDxe: loading Boot0002 "UEFI LocalHost Virtual Disk LH0001 " from PciRoot(0x0)/Pci(0x2,0x0)/Sata(0x0,0xFFFF,0x0)
BdsDxe: starting Boot0002 "UEFI LocalHost Virtual Disk LH0001 " from PciRoot(0x0)/Pci(0x2,0x0)/Sata(0x0,0xFFFF,0x0)
[heartbeat: exitCount=10440000 elapsedSec=232.5 lastPort=0x70 write=0 val=0x84]
[2J[001;001H[=3h[2J[001;001H[heartbeat: exitCount=10445000 elapsedSec=232.6 lastPort=0xB008 write=0 val=0x89]
[heartbeat: exitCount=10450000 elapsedSec=232.7 lastPort=0xB008 write=0 val=0x89]
[heartbeat: exitCount=10455000 elapsedSec=232.8 lastPort=0xB008 write=0 val=0x89]
[heartbeat: exitCount=10460000 elapsedSec=232.8 lastPort=0xB008 write=0 val=0x89]
[heartbeat: exitCount=10465000 elapsedSec=233.0 lastPort=0xB008 write=0 val=0x89]
[heartbeat: exitCount=10470000 elapsedSec=233.1 lastPort=0xB008 write=0 val=0x89]
[heartbeat: exitCount=10475000 elapsedSec=233.2 lastPort=0xB008 write=0 val=0x89]
[heartbeat: exitCount=10480000 elapsedSec=233.2 lastPort=0xB008 write=0 val=0x89]
[heartbeat: exitCount=10485000 elapsedSec=233.3 lastPort=0xB008 write=0 val=0x89]
[heartbeat: exitCount=10490000 elapsedSec=233.4 lastPort=0xB008 write=0 val=0x89]
[heartbeat: exitCount=10495000 elapsedSec=233.5 lastPort=0xB008 write=0 val=0x89]
[heartbeat: exitCount=10500000 elapsedSec=233.7 lastPort=0xB008 write=0 val=0x89]
[u40] === RIP histogram pass 2 (periodic): 966600 samples, base=0xFFFFF80219800000 ===
[u40]   107289  page 0xBEA03000
[u40]    79484  page 0xFFFFF8015DD65000
[u40]    77976  page 0xFFFFF8073F965000
[u40]    74085  page 0xFFFFF80219B65000  = base+0x365000
[u40]    71990  page 0xFFFFF8027C965000
[u40]    71139  page 0xFFFFF80209965000
[u40]    70297  page 0xFFFFF80203765000
[u40]    68412  page 0xFFFFF80137965000
[u40]    68394  page 0xFFFFF80155B65000
[u40]    67676  page 0xFFFFF80236B65000
[u40]    66656  page 0xFFFFF8030D165000
[u40]    59413  page 0xFFFFF8033DB65000
[u40]    18139  page 0x1DD9000
[u40]    13606  page 0xBF14E000
[u40]     7153  page 0xBFC50000
[u40]     4368  page 0xBFD68000
[u40]     3356  page 0xBE41C000
[u40]     2443  page 0xBE422000
[u40]   most recent 256 samples (newest last):
[u40]     BEA03B01@10497441 BEA03B01@10497451 BEA03B01@10497461 BEA03B01@10497471 BEA03B01@10497481 BEA03B01@10497491 BEA03B01@10497501 BEA03B01@10497511 BEA03B01@10497521 BEA03B01@10497531 BEA03B01@10497541 BEA03B01@10497551 BEA03B01@10497561 BEA03B01@10497571 BEA03B01@10497581 BEA03B01@10497591 BEA03B01@10497601 BEA03B01@10497611 BEA03B01@10497621 BEA03B01@10497631 BEA03B01@10497641 BEA03B01@10497651 BEA03B01@10497661 BEA03B01@10497671 BEA03B01@10497681 BEA03B01@10497691 BEA03B01@10497701 BEA03B01@10497711 BEA03B01@10497721 BEA03B01@10497731 BEA03B01@10497741 BEA03B01@10497751 BEA03B01@10497761 BEA03B01@10497771 BEA03B01@10497781 BEA03B01@10497791 BEA03B01@10497801 BEA03B01@10497811 BEA03B01@10497821 BEA03B01@10497831 BEA03B01@10497841 BEA03B01@10497851 BEA03B01@10497861 BEA03B01@10497871 BEA03B01@10497881 BEA03B01@10497891 BEA03B01@10497901 BEA03B01@10497911 BEA03B01@10497921 BEA03B01@10497931 BEA03B01@10497941 BEA03B01@10497951 BEA03B01@10497961 BEA03B01@10497971 BEA03B01@10497981 BEA03B01@10497991 BEA03B01@10498001 BEA03B01@10498011 BEA03B01@10498021 BEA03B01@10498031 BEA03B01@10498041 BEA03B01@10498051 BEA03B01@10498061 BEA03B01@10498071 BEA03B01@10498081 BEA03B01@10498091 BEA03B01@10498101 BEA03B01@10498111 BEA03B01@10498121 BEA03B01@10498131 BEA03B01@10498141 BEA03B01@10498151 BEA03B01@10498161 BEA03B01@10498171 BEA03B01@10498181 BEA03B01@10498191 BEA03B01@10498201 BEA03B01@10498211 BEA03B01@10498221 BEA03B01@10498231 BEA03B01@10498241 BEA03B01@10498251 BEA03B01@10498261 BEA03B01@10498271 BEA03B01@10498281 BEA03B01@10498291 BEA03B01@10498301 BEA03B01@10498311 BEA03B01@10498321 BEA03B01@10498331 BEA03B01@10498341 BEA03B01@10498351 BEA03B01@10498361 BEA03B01@10498371 BEA03B01@10498381 BEA03B01@10498391 BEA03B01@10498401 BEA03B01@10498411 BEA03B01@10498421 BEA03B01@10498431 BEA03B01@10498441 BEA03B01@10498451 BEA03B01@10498461 BEA03B01@10498471 BEA03B01@10498481 BEA03B01@10498491 BEA03B01@10498501 BEA03B01@10498511 BEA03B01@10498521 BEA03B01@10498531 BEA03B01@10498541 BEA03B01@10498551 BEA03B01@10498561 BEA03B01@10498571 BEA03B01@10498581 BEA03B01@10498591 BEA03B01@10498601 BEA03B01@10498611 BEA03B01@10498621 BEA03B01@10498631 BEA03B01@10498641 BEA03B01@10498651 BEA03B01@10498661 BEA03B01@10498671 BEA03B01@10498681 BEA03B01@10498691 BEA03B01@10498701 BEA03B01@10498711 BEA03B01@10498721 BEA03B01@10498731 BEA03B01@10498741 BEA03B01@10498751 BEA03B01@10498761 BEA03B01@10498771 BEA03B01@10498781 BEA03B01@10498791 BEA03B01@10498801 BEA03B01@10498811 BEA03B01@10498821 BEA03B01@10498831 BEA03B01@10498841 BEA03B01@10498851 BEA03B01@10498861 BEA03B01@10498871 BEA03B01@10498881 BEA03B01@10498891 BEA03B01@10498901 BEA03B01@10498911 BEA03B01@10498921 BEA03B01@10498931 BEA03B01@10498941 BEA03B01@10498951 BEA03B01@10498961 BEA03B01@10498971 BEA03B01@10498981 BEA03B01@10498991 BEA03B01@10499001 BEA03B01@10499011 BEA03B01@10499021 BEA03B01@10499031 BEA03B01@10499041 BEA03B01@10499051 BEA03B01@10499061 BEA03B01@10499071 BEA03B01@10499081 BEA03B01@10499091 BEA03B01@10499101 BEA03B01@10499111 BEA03B01@10499121 BEA03B01@10499131 BEA03B01@10499141 BEA03B01@10499151 BEA03B01@10499161 BEA03B01@10499171 BEA03B01@10499181 BEA03B01@10499191 BEA03B01@10499201 BEA03B01@10499211 BEA03B01@10499221 BEA03B01@10499231 BEA03B01@10499241 BEA03B01@10499251 BEA03B01@10499261 BEA03B01@10499271 BEA03B01@10499281 BEA03B01@10499291 BEA03B01@10499301 BEA03B01@10499311 BEA03B01@10499321 BEA03B01@10499331 BEA03B01@10499341 BEA03B01@10499351 BEA03B01@10499361 BEA03B01@10499371 BEA03B01@10499381 BEA03B01@10499391 BEA03B01@10499401 BEA03B01@10499411 BEA03B01@10499421 BEA03B01@10499431 BEA03B01@10499441 BEA03B01@10499451 BEA03B01@10499461 BEA03B01@10499471 BEA03B01@10499481 BEA03B01@10499491 BEA03B01@10499501 BEA03B01@10499511 BEA03B01@10499521 BEA03B01@10499531 BEA03B01@10499541 BEA03B01@10499551 BEA03B01@10499561 BEA03B01@10499571 BEA03B01@10499581 BEA03B01@10499591 BEA03B01@10499601 BEA03B01@10499611 BEA03B01@10499621 BEA03B01@10499631 BEA03B01@10499641 BEA03B01@10499651 BEA03B01@10499661 BEA03B01@10499671 BEA03B01@10499681 BEA03B01@10499691 BEA03B01@10499701 BEA03B01@10499711 BEA03B01@10499721 BEA03B01@10499731 BEA03B01@10499741 BEA03B01@10499751 BEA03B01@10499761 BEA03B01@10499771 BEA03B01@10499781 BEA03B01@10499791 BEA03B01@10499801 BEA03B01@10499811 BEA03B01@10499821 BEA03B01@10499831 BEA03B01@10499841 BEA03B01@10499851 BEA03B01@10499861 BEA03B01@10499871 BEA03B01@10499881 BEA03B01@10499891 BEA03B01@10499901 BEA03B01@10499911 BEA03B01@10499921 BEA03B01@10499931 BEA03B01@10499941 BEA03B01@10499951 BEA03B01@10499961 BEA03B01@10499971 BEA03B01@10499981 BEA03B01@10499991
[heartbeat: exitCount=10505000 elapsedSec=233.8 lastPort=0xB008 write=0 val=0x89]
[heartbeat: exitCount=10510000 elapsedSec=233.9 lastPort=0xB008 write=0 val=0x89]
[heartbeat: exitCount=10515000 elapsedSec=234.0 lastPort=0xB008 write=0 val=0x89]
[heartbeat: exitCount=10520000 elapsedSec=234.1 lastPort=0xB008 write=0 val=0x89]
[heartbeat: exitCount=10525000 elapsedSec=234.2 lastPort=0xB008 write=0 val=0x89]
[heartbeat: exitCount=10530000 elapsedSec=234.3 lastPort=0xB008 write=0 val=0x89]
[heartbeat: exitCount=10535000 elapsedSec=234.4 lastPort=0xB008 write=0 val=0x89]
[heartbeat: exitCount=10540000 elapsedSec=235.1 lastPort=0x70 write=1 val=0x8D]
[aux] controller: disable AUX port
[heartbeat: exitCount=10545000 elapsedSec=236.2 lastPort=0xCFC write=0 val=0x0]
[pcicfg #250000] bus=70 dev=1 func=0 off=0x00 size=2 write=0 val=0xFFFFFFFF cfg=absent
[heartbeat: exitCount=10550000 elapsedSec=236.3 lastPort=0xCFC write=0 val=0x0]
[heartbeat: exitCount=10555000 elapsedSec=236.4 lastPort=0xCFC write=0 val=0x0]
[kerneldiag] candidate address 0xFFFFF8072D3A57DD resolves to module base 0xFFFFF8072D000000 (+0x3A57DD into it)
[kerneldiag] debug directory: type=2 codeViewRva=0x40970
[kerneldiag] module PDB name: ntkrnlmp.pdb guid=D9424FC4-861E-47C1-0FAD1B35DEC6DCC8 age=1
[wp] DISCOVERY at exitCount=10559870 (pass 2)
[wp] armed breakpoints at module base 0xFFFFF8072D000000 (DR2 LFH-check armed=1): DR0=+0x3DC890 (U34 ExInitializePoolHeapManagement entry, VA=0xFFFFF8072D3DC890), DR1=+0x3FD6F0 (KeBugCheckEx, VA=0xFFFFF8072D3FD6F0), DR2=+0x343B49 (RtlpHpLfhOwnerMoveSubsegment entry, VA=0xFFFFF8072D343B49), DR3=+0x9A188F (HalpIommuInitSystem ret, VA=0xFFFFF8072D9A188F)
[u32] ExPoolState pool-descriptor fields (pass 2):
[u32]   pool[0] desc@RVA0xC57EC0: +0x08=0x0 +0x10=0x0  <== +0x10 NULL
[u32]   pool[1] desc@RVA0xC59F80: +0x08=0x0 +0x10=0x0  <== +0x10 NULL
[u32]   pool[2] desc@RVA0xC5C040: +0x08=0x0 +0x10=0x0  <== +0x10 NULL
[u32]   pool[3] desc@RVA0xC5E100: +0x08=0x0 +0x10=0x0  <== +0x10 NULL
[u32]   pool[4] desc@RVA0xC601C0: +0x08=0x0 +0x10=0x0  <== +0x10 NULL
[u32]   pool[5] desc@RVA0xC62280: +0x08=0x0 +0x10=0x0  <== +0x10 NULL
[u32]   pool[6] desc@RVA0xC64340: +0x08=0x0 +0x10=0x0  <== +0x10 NULL
[u32]   pool[7] desc@RVA0xC66400: +0x08=0x0 +0x10=0x0  <== +0x10 NULL
[u33] EDGE pass=2 exitCount=10559870 (reset+146612) pool[0]: +0x08 0xFFFFAF0C65202000->0x0 +0x10 0xFFFF870608200000->0x0 +0x08 CLEARED(set->null) +0x10 CLEARED(set->null)
[heartbeat: exitCount=10560000 elapsedSec=236.5 lastPort=0xCFC write=0 val=0x0]
[heartbeat: exitCount=10565000 elapsedSec=236.6 lastPort=0xB008 write=0 val=0xFF]
[ioapic-rte] controller id=1 entry=8 reg=0x20 value=0x000008D1 -> full RTE now 0x01000000000008D1 (vector=0xD1 masked=0)
[ioapic-rte] controller id=1 entry=8 reg=0x21 value=0x01000000 -> full RTE now 0x01000000000008D1 (vector=0xD1 masked=0)
[ioapic-rte] controller id=1 entry=8 reg=0x20 value=0x000008D1 -> full RTE now 0x01000000000008D1 (vector=0xD1 masked=0)
[u33] EDGE pass=2 exitCount=10569870 (reset+156612) pool[0]: +0x08 0x0->0xFFFFCA05C3E02000 +0x10 0x0->0xFFFFB78665200000 +0x08 INIT(null->set) +0x10 INIT(null->set)
[heartbeat: exitCount=10570000 elapsedSec=236.8 lastPort=0xCFC write=0 val=0xC]
[heartbeat: exitCount=10575000 elapsedSec=236.9 lastPort=0xCFC write=0 val=0xC]
[heartbeat: exitCount=10580000 elapsedSec=236.9 lastPort=0xCFC write=0 val=0xC]
[heartbeat: exitCount=10585000 elapsedSec=237.0 lastPort=0xCFC write=0 val=0xC]
[heartbeat: exitCount=10590000 elapsedSec=237.1 lastPort=0xCFC write=0 val=0xC]
[ioapic-rte] controller id=1 entry=8 reg=0x21 value=0x01000000 -> full RTE now 0x01000000000008D1 (vector=0xD1 masked=0)
[ioapic-rte] controller id=1 entry=8 reg=0x20 value=0x000008D1 -> full RTE now 0x01000000000008D1 (vector=0xD1 masked=0)
[heartbeat: exitCount=10595000 elapsedSec=237.2 lastPort=0xB008 write=0 val=0x9]
[heartbeat: exitCount=10600000 elapsedSec=237.2 lastPort=0xB008 write=0 val=0x9]

[BUGCHECK] hit #1: KeBugCheckEx code=0xA5 p1=0x11 p2=0x3 p3=0x0 exitCount=10604962
[BUGCHECK]   p4=0x0  caller(return)=0xFFFFF8072EFC0454[kerneldiag] candidate address 0xFFFFF8072EFC0454 resolves to module base 0xFFFFF8072EF00000 (+0xC0454 into it)
[kerneldiag] debug directory: type=2 codeViewRva=0x73F3C
[kerneldiag] module PDB name: acpi.pdb guid=662B8231-E47D-1FF9-F7E8C8FD1B44A572 age=1
  (base 0xFFFFF8072EF00000 RVA 0xC0454)
[BUGCHECK]   stack (canonical kernel qwords):
[BUGCHECK]     [rsp+0x00]=0xFFFFF8072EFC0454[kerneldiag] candidate address 0xFFFFF8072EFC0454 resolves to module base 0xFFFFF8072EF00000 (+0xC0454 into it)
[kerneldiag] debug directory: type=2 codeViewRva=0x73F3C
[kerneldiag] module PDB name: acpi.pdb guid=662B8231-E47D-1FF9-F7E8C8FD1B44A572 age=1
  (RVA 0xC0454)
[BUGCHECK]     [rsp+0x10]=0xFFFFF8072EF701CA[kerneldiag] candidate address 0xFFFFF8072EF701CA resolves to module base 0xFFFFF8072EF00000 (+0x701CA into it)
[kerneldiag] debug directory: type=2 codeViewRva=0x73F3C
[kerneldiag] module PDB name: acpi.pdb guid=662B8231-E47D-1FF9-F7E8C8FD1B44A572 age=1
  (RVA 0x701CA)
[BUGCHECK]     [rsp+0x18]=0xFFFFCA05C44A5A60[kerneldiag] no PE header found scanning VA back from 0xFFFFCA05C44A5A60

[BUGCHECK]     [rsp+0x20]=0xFFFFCA05C4481A60[kerneldiag] no PE header found scanning VA back from 0xFFFFCA05C4481A60

[BUGCHECK]     [rsp+0x30]=0xFFFFF807C0140019[kerneldiag] no PE header found scanning VA back from 0xFFFFF807C0140019

[heartbeat: exitCount=10605000 elapsedSec=237.8 lastPort=0xB008 write=0 val=0xC]
[heartbeat: exitCount=10610000 elapsedSec=237.8 lastPort=0xB008 write=0 val=0xC]
[heartbeat: exitCount=10615000 elapsedSec=237.9 lastPort=0xB008 write=0 val=0xC]
[heartbeat: exitCount=10620000 elapsedSec=238.0 lastPort=0xB008 write=0 val=0xC]
[heartbeat: exitCount=10625000 elapsedSec=238.0 lastPort=0xB008 write=0 val=0xC]
[heartbeat: exitCount=10630000 elapsedSec=238.1 lastPort=0xB008 write=0 val=0xC]
[heartbeat: exitCount=10635000 elapsedSec=238.1 lastPort=0xB008 write=0 val=0xC]
[heartbeat: exitCount=10640000 elapsedSec=238.2 lastPort=0xB008 write=0 val=0xC]
[heartbeat: exitCount=10645000 elapsedSec=238.4 lastPort=0xB008 write=0 val=0xC]
[heartbeat: exitCount=10650000 elapsedSec=238.4 lastPort=0xB008 write=0 val=0xC]
[heartbeat: exitCount=10655000 elapsedSec=238.5 lastPort=0xB008 write=0 val=0xC]
[heartbeat: exitCount=10660000 elapsedSec=238.5 lastPort=0xB008 write=0 val=0xC]
[heartbeat: exitCount=10665000 elapsedSec=238.6 lastPort=0xB008 write=0 val=0xC]
[heartbeat: exitCount=10670000 elapsedSec=238.7 lastPort=0xB008 write=0 val=0xC]
[heartbeat: exitCount=10675000 elapsedSec=238.7 lastPort=0xB008 write=0 val=0xC]
